trial_id,participant_id,intent_ground_truth,keyword,repeat_idx,audio_path,audio_relpath,predicted_intent,confidence,prob_emergency,prob_movement,prob_unknown,raw_output_int8,correct,board_prediction,board_confidence,recomputed_matches_board,audio_read_ms,frontend_ms,tflite_invoke_ms,host_total_ms
1,Hongjun,emergency,unavailable_in_sd_path,0,/Users/zilongzeng/Research/DroneControl/user_study_v1/Hongjun/Emergency/0.wav,Hongjun/Emergency/0.wav,emergency,0.99609375,0.99609375,0.0,0.0,"[127, -128, -128]",True,,,,0.2030839677900076,839.6580410189927,0.8549169870093465,840.7424590550363
2,Hongjun,emergency,unavailable_in_sd_path,1,/Users/zilongzeng/Research/DroneControl/user_study_v1/Hongjun/Emergency/1.wav,Hongjun/Emergency/1.wav,unknown,0.99609375,0.0,0.0,0.99609375,"[-128, -128, 127]",False,,,,0.2159159630537033,1.4177910052239895,0.693458947353065,2.336542005650699
3,Hongjun,emergency,unavailable_in_sd_path,2,/Users/zilongzeng/Research/DroneControl/user_study_v1/Hongjun/Emergency/2.wav,Hongjun/Emergency/2.wav,emergency,0.99609375,0.99609375,0.0,0.0,"[127, -128, -128]",True,,,,0.22012507542967796,1.371124992147088,0.7288750493898988,2.3325830698013306
4,Hongjun,emergency,unavailable_in_sd_path,3,/Users/zilongzeng/Research/DroneControl/user_study_v1/Hongjun/Emergency/3.wav,Hongjun/Emergency/3.wav,emergency,0.99609375,0.99609375,0.00390625,0.0,"[127, -127, -128]",True,,,,0.32587500754743814,1.3340000296011567,0.698916963301599,2.366708009503782
5,Hongjun,emergency,unavailable_in_sd_path,4,/Users/zilongzeng/Research/DroneControl/user_study_v1/Hongjun/Emergency/4.wav,Hongjun/Emergency/4.wav,emergency,0.99609375,0.99609375,0.0,0.0,"[127, -128, -128]",True,,,,0.21712505258619785,1.5001249266788363,0.6730839377269149,2.4004580918699503
6,Hongjun,emergency,unavailable_in_sd_path,5,/Users/zilongzeng/Research/DroneControl/user_study_v1/Hongjun/Emergency/5.wav,Hongjun/Emergency/5.wav,emergency,0.91796875,0.91796875,0.08203125,0.0,"[107, -107, -128]",True,,,,0.21683296654373407,1.3520000502467155,0.6928339134901762,2.268959069624543
7,Hongjun,emergency,unavailable_in_sd_path,6,/Users/zilongzeng/Research/DroneControl/user_study_v1/Hongjun/Emergency/6.wav,Hongjun/Emergency/6.wav,movement,0.76953125,0.23046875,0.76953125,0.0,"[-69, 69, -128]",False,,,,0.23741705808788538,1.3310830108821392,0.6947909714654088,2.2697080858051777
8,Hongjun,emergency,unavailable_in_sd_path,7,/Users/zilongzeng/Research/DroneControl/user_study_v1/Hongjun/Emergency/7.wav,Hongjun/Emergency/7.wav,movement,0.99609375,0.00390625,0.99609375,0.0,"[-127, 127, -128]",False,,,,0.21075003314763308,1.2637920444831252,0.702124903909862,2.1863749716430902
9,Hongjun,emergency,unavailable_in_sd_path,8,/Users/zilongzeng/Research/DroneControl/user_study_v1/Hongjun/Emergency/8.wav,Hongjun/Emergency/8.wav,emergency,0.99609375,0.99609375,0.0,0.0,"[127, -128, -128]",True,,,,0.20687503274530172,1.4459170633926988,0.7282081060111523,2.3894159821793437
10,Hongjun,emergency,unavailable_in_sd_path,9,/Users/zilongzeng/Research/DroneControl/user_study_v1/Hongjun/Emergency/9.wav,Hongjun/Emergency/9.wav,emergency,0.99609375,0.99609375,0.0,0.0,"[127, -128, -128]",True,,,,0.2695420989766717,1.5370830660685897,0.6229580612853169,2.439041971229017
11,Hongjun,emergency,unavailable_in_sd_path,10,/Users/zilongzeng/Research/DroneControl/user_study_v1/Hongjun/Emergency/10.wav,Hongjun/Emergency/10.wav,emergency,0.5,0.5,0.5,0.0,"[0, 0, -128]",True,,,,0.16866601072251797,1.3817909639328718,0.7032499415799975,2.2622919641435146
12,Hongjun,emergency,unavailable_in_sd_path,11,/Users/zilongzeng/Research/DroneControl/user_study_v1/Hongjun/Emergency/11.wav,Hongjun/Emergency/11.wav,movement,0.99609375,0.0,0.99609375,0.0,"[-128, 127, -128]",False,,,,0.24037493858486414,1.3795000268146396,0.783582916483283,2.420583972707391
13,Hongjun,emergency,unavailable_in_sd_path,12,/Users/zilongzeng/Research/DroneControl/user_study_v1/Hongjun/Emergency/12.wav,Hongjun/Emergency/12.wav,movement,0.796875,0.0703125,0.796875,0.12890625,"[-110, 76, -95]",False,,,,0.2719589974731207,1.480082981288433,0.7282079895958304,2.4872920475900173
14,Hongjun,emergency,unavailable_in_sd_path,13,/Users/zilongzeng/Research/DroneControl/user_study_v1/Hongjun/Emergency/13.wav,Hongjun/Emergency/13.wav,emergency,0.99609375,0.99609375,0.00390625,0.0,"[127, -127, -128]",True,,,,0.22295804228633642,1.4327500248327851,0.7027499377727509,2.3674580734223127
15,Hongjun,emergency,unavailable_in_sd_path,14,/Users/zilongzeng/Research/DroneControl/user_study_v1/Hongjun/Emergency/14.wav,Hongjun/Emergency/14.wav,emergency,0.9921875,0.9921875,0.0078125,0.0,"[126, -126, -128]",True,,,,0.2565000904724002,1.3413330307230353,0.7190830074250698,2.333874930627644
16,Hongjun,emergency,unavailable_in_sd_path,15,/Users/zilongzeng/Research/DroneControl/user_study_v1/Hongjun/Emergency/15.wav,Hongjun/Emergency/15.wav,emergency,0.953125,0.953125,0.046875,0.0,"[116, -116, -128]",True,,,,0.9355419315397739,1.5059590805321932,0.7295830873772502,3.1809579813852906
17,Hongjun,emergency,unavailable_in_sd_path,16,/Users/zilongzeng/Research/DroneControl/user_study_v1/Hongjun/Emergency/16.wav,Hongjun/Emergency/16.wav,emergency,0.55078125,0.55078125,0.44921875,0.0,"[13, -13, -128]",True,,,,0.11966703459620476,1.4668749645352364,0.7094999309629202,2.3032090393826365
18,Hongjun,emergency,unavailable_in_sd_path,17,/Users/zilongzeng/Research/DroneControl/user_study_v1/Hongjun/Emergency/17.wav,Hongjun/Emergency/17.wav,emergency,0.99609375,0.99609375,0.0,0.0,"[127, -128, -128]",True,,,,0.0932919792830944,1.3955000322312117,0.6267089629545808,2.1257499465718865
19,Hongjun,emergency,unavailable_in_sd_path,18,/Users/zilongzeng/Research/DroneControl/user_study_v1/Hongjun/Emergency/18.wav,Hongjun/Emergency/18.wav,emergency,0.99609375,0.99609375,0.0,0.0,"[127, -128, -128]",True,,,,0.2008330775424838,1.3288750778883696,0.6898751016706228,2.23220803309232
20,Hongjun,emergency,unavailable_in_sd_path,19,/Users/zilongzeng/Research/DroneControl/user_study_v1/Hongjun/Emergency/19.wav,Hongjun/Emergency/19.wav,emergency,0.99609375,0.99609375,0.0,0.0,"[127, -128, -128]",True,,,,0.12729200534522533,1.4402089873328805,0.7004169747233391,2.2754999808967113
21,Hongjun,emergency,unavailable_in_sd_path,20,/Users/zilongzeng/Research/DroneControl/user_study_v1/Hongjun/Emergency/20.wav,Hongjun/Emergency/20.wav,emergency,0.91796875,0.91796875,0.08203125,0.0,"[107, -107, -128]",True,,,,0.23858295753598213,1.3361250748857856,0.7245419546961784,2.3060840321704745
22,Hongjun,emergency,unavailable_in_sd_path,21,/Users/zilongzeng/Research/DroneControl/user_study_v1/Hongjun/Emergency/21.wav,Hongjun/Emergency/21.wav,unknown,0.99609375,0.0,0.0,0.99609375,"[-128, -128, 127]",False,,,,0.27604191564023495,1.241208054125309,0.7460420019924641,2.2718339459970593
23,Hongjun,emergency,unavailable_in_sd_path,22,/Users/zilongzeng/Research/DroneControl/user_study_v1/Hongjun/Emergency/22.wav,Hongjun/Emergency/22.wav,unknown,0.99609375,0.0,0.0,0.99609375,"[-128, -128, 127]",False,,,,0.0794590450823307,1.5179580077528954,0.7499170023947954,2.3562080459669232
24,Hongjun,emergency,unavailable_in_sd_path,23,/Users/zilongzeng/Research/DroneControl/user_study_v1/Hongjun/Emergency/23.wav,Hongjun/Emergency/23.wav,unknown,0.9609375,0.0390625,0.0,0.9609375,"[-118, -128, 118]",False,,,,0.22441695909947157,1.25345797277987,0.7211249321699142,2.2069578990340233
25,Hongjun,emergency,unavailable_in_sd_path,24,/Users/zilongzeng/Research/DroneControl/user_study_v1/Hongjun/Emergency/24.wav,Hongjun/Emergency/24.wav,unknown,0.99609375,0.0,0.0,0.99609375,"[-128, -128, 127]",False,,,,0.24470908101648092,1.2662500375881791,0.704374979250133,2.2223329870030284
26,Hongjun,emergency,unavailable_in_sd_path,25,/Users/zilongzeng/Research/DroneControl/user_study_v1/Hongjun/Emergency/25.wav,Hongjun/Emergency/25.wav,unknown,0.99609375,0.0,0.0,0.99609375,"[-128, -128, 127]",False,,,,0.2256670268252492,1.4028750592842698,0.7426249794661999,2.3795419838279486
27,Hongjun,emergency,unavailable_in_sd_path,26,/Users/zilongzeng/Research/DroneControl/user_study_v1/Hongjun/Emergency/26.wav,Hongjun/Emergency/26.wav,emergency,0.765625,0.765625,0.08203125,0.15234375,"[68, -107, -89]",True,,,,0.24020799901336432,1.3559589860960841,0.7262919098138809,2.329208073206246
28,Hongjun,emergency,unavailable_in_sd_path,27,/Users/zilongzeng/Research/DroneControl/user_study_v1/Hongjun/Emergency/27.wav,Hongjun/Emergency/27.wav,emergency,0.8828125,0.8828125,0.1171875,0.0,"[98, -98, -128]",True,,,,0.07200008258223534,1.3786670751869678,0.7224580040201545,2.1801250986754894
29,Hongjun,emergency,unavailable_in_sd_path,28,/Users/zilongzeng/Research/DroneControl/user_study_v1/Hongjun/Emergency/28.wav,Hongjun/Emergency/28.wav,emergency,0.99609375,0.99609375,0.0,0.0,"[127, -128, -128]",True,,,,0.09833299554884434,1.3022080529481173,0.6882499437779188,2.094959025271237
30,Hongjun,emergency,unavailable_in_sd_path,29,/Users/zilongzeng/Research/DroneControl/user_study_v1/Hongjun/Emergency/29.wav,Hongjun/Emergency/29.wav,emergency,0.8046875,0.8046875,0.1953125,0.0,"[78, -78, -128]",True,,,,0.07670803461223841,1.471708994358778,0.7134160259738564,2.274374943226576
31,Hongjun,emergency,unavailable_in_sd_path,30,/Users/zilongzeng/Research/DroneControl/user_study_v1/Hongjun/Emergency/30.wav,Hongjun/Emergency/30.wav,movement,0.96875,0.03125,0.96875,0.0,"[-120, 120, -128]",False,,,,0.2042090054601431,1.4590000500902534,0.707541941665113,2.3778750328347087
32,Hongjun,emergency,unavailable_in_sd_path,31,/Users/zilongzeng/Research/DroneControl/user_study_v1/Hongjun/Emergency/31.wav,Hongjun/Emergency/31.wav,movement,0.99609375,0.0,0.99609375,0.0,"[-128, 127, -128]",False,,,,0.6628329865634441,1.2627089163288474,0.6959170568734407,2.627542009577155
33,Hongjun,emergency,unavailable_in_sd_path,32,/Users/zilongzeng/Research/DroneControl/user_study_v1/Hongjun/Emergency/32.wav,Hongjun/Emergency/32.wav,emergency,0.99609375,0.99609375,0.0,0.0,"[127, -128, -128]",True,,,,0.08562509901821613,1.2150000547990203,0.681874924339354,2.061625011265278
34,Hongjun,emergency,unavailable_in_sd_path,33,/Users/zilongzeng/Research/DroneControl/user_study_v1/Hongjun/Emergency/33.wav,Hongjun/Emergency/33.wav,emergency,0.6484375,0.6484375,0.3515625,0.0,"[38, -38, -128]",True,,,,0.23933302145451307,1.2847500620409846,0.7057910552248359,2.236416912637651
35,Hongjun,emergency,unavailable_in_sd_path,34,/Users/zilongzeng/Research/DroneControl/user_study_v1/Hongjun/Emergency/34.wav,Hongjun/Emergency/34.wav,emergency,0.984375,0.984375,0.015625,0.0,"[124, -124, -128]",True,,,,0.08679099846631289,1.3070829445496202,0.7367079379037023,2.1371670300140977
36,Hongjun,emergency,unavailable_in_sd_path,35,/Users/zilongzeng/Research/DroneControl/user_study_v1/Hongjun/Emergency/35.wav,Hongjun/Emergency/35.wav,movement,0.99609375,0.0,0.99609375,0.0,"[-128, 127, -128]",False,,,,0.2347499830648303,1.2359999818727374,0.6884579779580235,2.165457932278514
37,Hongjun,emergency,unavailable_in_sd_path,36,/Users/zilongzeng/Research/DroneControl/user_study_v1/Hongjun/Emergency/36.wav,Hongjun/Emergency/36.wav,unknown,0.85546875,0.140625,0.00390625,0.85546875,"[-92, -127, 91]",False,,,,0.21770899184048176,1.336707966402173,0.7356249261647463,2.2991669829934835
38,Hongjun,emergency,unavailable_in_sd_path,37,/Users/zilongzeng/Research/DroneControl/user_study_v1/Hongjun/Emergency/37.wav,Hongjun/Emergency/37.wav,emergency,0.99609375,0.99609375,0.0,0.0,"[127, -128, -128]",True,,,,0.2864999696612358,1.3546670088544488,0.7022089557722211,2.349833957850933
39,Hongjun,emergency,unavailable_in_sd_path,38,/Users/zilongzeng/Research/DroneControl/user_study_v1/Hongjun/Emergency/38.wav,Hongjun/Emergency/38.wav,movement,0.99609375,0.0,0.99609375,0.0,"[-128, 127, -128]",False,,,,0.22329099010676146,1.2583329807966948,0.7064999081194401,2.1960000740364194
40,Hongjun,emergency,unavailable_in_sd_path,39,/Users/zilongzeng/Research/DroneControl/user_study_v1/Hongjun/Emergency/39.wav,Hongjun/Emergency/39.wav,emergency,0.97265625,0.97265625,0.02734375,0.0,"[121, -121, -128]",True,,,,0.08716701995581388,1.2521250173449516,0.7053329609334469,2.0509170135483146
41,Hongjun,emergency,unavailable_in_sd_path,40,/Users/zilongzeng/Research/DroneControl/user_study_v1/Hongjun/Emergency/40.wav,Hongjun/Emergency/40.wav,movement,0.5,0.0,0.5,0.5,"[-128, 0, 0]",False,,,,0.19200006499886513,1.5726250130683184,0.7113749161362648,2.4866670137271285
42,Hongjun,emergency,unavailable_in_sd_path,41,/Users/zilongzeng/Research/DroneControl/user_study_v1/Hongjun/Emergency/41.wav,Hongjun/Emergency/41.wav,movement,0.9921875,0.0078125,0.9921875,0.0,"[-126, 126, -128]",False,,,,0.37650007288903,1.3310409849509597,0.7433750433847308,2.460166928358376
43,Hongjun,emergency,unavailable_in_sd_path,42,/Users/zilongzeng/Research/DroneControl/user_study_v1/Hongjun/Emergency/42.wav,Hongjun/Emergency/42.wav,emergency,0.99609375,0.99609375,0.0,0.0,"[127, -128, -128]",True,,,,0.24341698735952377,1.292124972678721,0.6786659359931946,2.220083959400654
44,Hongjun,emergency,unavailable_in_sd_path,43,/Users/zilongzeng/Research/DroneControl/user_study_v1/Hongjun/Emergency/43.wav,Hongjun/Emergency/43.wav,emergency,0.99609375,0.99609375,0.0,0.0,"[127, -128, -128]",True,,,,0.23341597989201546,1.2069159420207143,0.6921249441802502,2.210874925367534
45,Hongjun,emergency,unavailable_in_sd_path,44,/Users/zilongzeng/Research/DroneControl/user_study_v1/Hongjun/Emergency/44.wav,Hongjun/Emergency/44.wav,movement,0.8046875,0.1953125,0.8046875,0.0,"[-78, 78, -128]",False,,,,0.21575007122009993,1.311750034801662,0.7205830188468099,2.2567500127479434
46,Hongjun,emergency,unavailable_in_sd_path,45,/Users/zilongzeng/Research/DroneControl/user_study_v1/Hongjun/Emergency/45.wav,Hongjun/Emergency/45.wav,emergency,0.99609375,0.99609375,0.0,0.0,"[127, -128, -128]",True,,,,0.2467079320922494,1.2809999752789736,0.726875034160912,2.2618749644607306
47,Hongjun,emergency,unavailable_in_sd_path,46,/Users/zilongzeng/Research/DroneControl/user_study_v1/Hongjun/Emergency/46.wav,Hongjun/Emergency/46.wav,emergency,0.99609375,0.99609375,0.0,0.0,"[127, -128, -128]",True,,,,0.18504192121326923,1.3109160354360938,0.6892910460010171,2.1911660442128778
48,Hongjun,emergency,unavailable_in_sd_path,47,/Users/zilongzeng/Research/DroneControl/user_study_v1/Hongjun/Emergency/47.wav,Hongjun/Emergency/47.wav,emergency,0.99609375,0.99609375,0.0,0.0,"[127, -128, -128]",True,,,,0.212125014513731,1.4056250220164657,0.7543329847976565,2.381625003181398
49,Hongjun,emergency,unavailable_in_sd_path,48,/Users/zilongzeng/Research/DroneControl/user_study_v1/Hongjun/Emergency/48.wav,Hongjun/Emergency/48.wav,emergency,0.99609375,0.99609375,0.0,0.0,"[127, -128, -128]",True,,,,0.34562498331069946,1.521417056210339,0.6560420151799917,2.5352080119773746
50,Hongjun,emergency,unavailable_in_sd_path,49,/Users/zilongzeng/Research/DroneControl/user_study_v1/Hongjun/Emergency/49.wav,Hongjun/Emergency/49.wav,movement,0.453125,0.08984375,0.453125,0.453125,"[-105, -12, -12]",False,,,,0.8908340241760015,1.2921669986099005,0.7124580442905426,2.9017500346526504
51,Hongjun,movement,unavailable_in_sd_path,0,/Users/zilongzeng/Research/DroneControl/user_study_v1/Hongjun/Movement/0.wav,Hongjun/Movement/0.wav,movement,0.99609375,0.0,0.99609375,0.0,"[-128, 127, -128]",True,,,,0.226916978135705,1.2637500185519457,0.7901660865172744,2.2936249151825905
52,Hongjun,movement,unavailable_in_sd_path,1,/Users/zilongzeng/Research/DroneControl/user_study_v1/Hongjun/Movement/1.wav,Hongjun/Movement/1.wav,movement,0.99609375,0.0,0.99609375,0.0,"[-128, 127, -128]",True,,,,0.26179105043411255,1.5455411048606038,0.6959580350667238,2.5092079304158688
53,Hongjun,movement,unavailable_in_sd_path,2,/Users/zilongzeng/Research/DroneControl/user_study_v1/Hongjun/Movement/2.wav,Hongjun/Movement/2.wav,movement,0.99609375,0.0,0.99609375,0.0,"[-128, 127, -128]",True,,,,0.31208398286253214,1.3802500907331705,0.7218749960884452,2.4210410192608833
54,Hongjun,movement,unavailable_in_sd_path,3,/Users/zilongzeng/Research/DroneControl/user_study_v1/Hongjun/Movement/3.wav,Hongjun/Movement/3.wav,movement,0.99609375,0.0,0.99609375,0.0,"[-128, 127, -128]",True,,,,0.2072920324280858,1.2542089680209756,0.6952079711481929,2.1635410375893116
55,Hongjun,movement,unavailable_in_sd_path,4,/Users/zilongzeng/Research/DroneControl/user_study_v1/Hongjun/Movement/4.wav,Hongjun/Movement/4.wav,movement,0.99609375,0.0,0.99609375,0.0,"[-128, 127, -128]",True,,,,0.2176249399781227,1.4535830123350024,0.7587079890072346,2.4442500434815884
56,Hongjun,movement,unavailable_in_sd_path,5,/Users/zilongzeng/Research/DroneControl/user_study_v1/Hongjun/Movement/5.wav,Hongjun/Movement/5.wav,movement,0.99609375,0.0,0.99609375,0.0,"[-128, 127, -128]",True,,,,0.15804206486791372,1.3204999268054962,0.7312920643016696,2.2182920947670937
57,Hongjun,movement,unavailable_in_sd_path,6,/Users/zilongzeng/Research/DroneControl/user_study_v1/Hongjun/Movement/6.wav,Hongjun/Movement/6.wav,movement,0.99609375,0.0,0.99609375,0.0,"[-128, 127, -128]",True,,,,0.2601670566946268,1.2402499560266733,0.7047089748084545,2.210834063589573
58,Hongjun,movement,unavailable_in_sd_path,7,/Users/zilongzeng/Research/DroneControl/user_study_v1/Hongjun/Movement/7.wav,Hongjun/Movement/7.wav,movement,0.99609375,0.0,0.99609375,0.0,"[-128, 127, -128]",True,,,,0.23379107005894184,1.491290982812643,0.7048749830573797,2.4419580586254597
59,Hongjun,movement,unavailable_in_sd_path,8,/Users/zilongzeng/Research/DroneControl/user_study_v1/Hongjun/Movement/8.wav,Hongjun/Movement/8.wav,movement,0.99609375,0.0,0.99609375,0.0,"[-128, 127, -128]",True,,,,0.13824994675815105,1.3857500161975622,0.7100419607013464,2.240500063635409
60,Hongjun,movement,unavailable_in_sd_path,9,/Users/zilongzeng/Research/DroneControl/user_study_v1/Hongjun/Movement/9.wav,Hongjun/Movement/9.wav,movement,0.99609375,0.0,0.99609375,0.0,"[-128, 127, -128]",True,,,,0.08058291859924793,1.2950419913977385,0.7442079950124025,2.1269170101732016
61,Hongjun,movement,unavailable_in_sd_path,10,/Users/zilongzeng/Research/DroneControl/user_study_v1/Hongjun/Movement/10.wav,Hongjun/Movement/10.wav,movement,0.99609375,0.0,0.99609375,0.0,"[-128, 127, -128]",True,,,,0.09062502067536116,1.2809999752789736,0.6891250377520919,2.066749962978065
62,Hongjun,movement,unavailable_in_sd_path,11,/Users/zilongzeng/Research/DroneControl/user_study_v1/Hongjun/Movement/11.wav,Hongjun/Movement/11.wav,movement,0.99609375,0.0,0.99609375,0.0,"[-128, 127, -128]",True,,,,0.07083301898092031,1.4124580193310976,0.7311661029234529,2.2217920050024986
63,Hongjun,movement,unavailable_in_sd_path,12,/Users/zilongzeng/Research/DroneControl/user_study_v1/Hongjun/Movement/12.wav,Hongjun/Movement/12.wav,movement,0.99609375,0.0,0.99609375,0.0,"[-128, 127, -128]",True,,,,0.31837495043873787,1.3417090522125363,0.6779170362278819,2.3449580185115337
64,Hongjun,movement,unavailable_in_sd_path,13,/Users/zilongzeng/Research/DroneControl/user_study_v1/Hongjun/Movement/13.wav,Hongjun/Movement/13.wav,movement,0.99609375,0.0,0.99609375,0.0,"[-128, 127, -128]",True,,,,0.24754193145781755,1.417833031155169,0.7087499834597111,2.3800419876351953
65,Hongjun,movement,unavailable_in_sd_path,14,/Users/zilongzeng/Research/DroneControl/user_study_v1/Hongjun/Movement/14.wav,Hongjun/Movement/14.wav,movement,0.99609375,0.0,0.99609375,0.0,"[-128, 127, -128]",True,,,,0.2175000263378024,1.226334017701447,0.7334999972954392,2.1862080320715904
66,Hongjun,movement,unavailable_in_sd_path,15,/Users/zilongzeng/Research/DroneControl/user_study_v1/Hongjun/Movement/15.wav,Hongjun/Movement/15.wav,movement,0.99609375,0.0,0.99609375,0.0,"[-128, 127, -128]",True,,,,0.23208302445709705,1.3883330393582582,0.724207959137857,2.3533330531790853
67,Hongjun,movement,unavailable_in_sd_path,16,/Users/zilongzeng/Research/DroneControl/user_study_v1/Hongjun/Movement/16.wav,Hongjun/Movement/16.wav,movement,0.9921875,0.0,0.9921875,0.0078125,"[-128, 126, -126]",True,,,,0.26700005400925875,1.305708079598844,0.7252499926835299,2.3051250027492642
68,Hongjun,movement,unavailable_in_sd_path,17,/Users/zilongzeng/Research/DroneControl/user_study_v1/Hongjun/Movement/17.wav,Hongjun/Movement/17.wav,movement,0.99609375,0.0,0.99609375,0.0,"[-128, 127, -128]",True,,,,0.23337500169873238,1.2423329753801227,0.7007909007370472,2.18187493737787
69,Hongjun,movement,unavailable_in_sd_path,18,/Users/zilongzeng/Research/DroneControl/user_study_v1/Hongjun/Movement/18.wav,Hongjun/Movement/18.wav,movement,0.99609375,0.0,0.99609375,0.0,"[-128, 127, -128]",True,,,,0.19504199735820293,1.2122500920668244,0.7545000407844782,2.176875015720725
70,Hongjun,movement,unavailable_in_sd_path,19,/Users/zilongzeng/Research/DroneControl/user_study_v1/Hongjun/Movement/19.wav,Hongjun/Movement/19.wav,movement,0.99609375,0.0,0.99609375,0.0,"[-128, 127, -128]",True,,,,0.2798750065267086,1.5121250180527568,0.619000056758523,2.41950002964586
71,Hongjun,movement,unavailable_in_sd_path,20,/Users/zilongzeng/Research/DroneControl/user_study_v1/Hongjun/Movement/20.wav,Hongjun/Movement/20.wav,movement,0.99609375,0.0,0.99609375,0.0,"[-128, 127, -128]",True,,,,0.2936669625341892,1.3784579932689667,0.6921249441802502,2.371291979216039
72,Hongjun,movement,unavailable_in_sd_path,21,/Users/zilongzeng/Research/DroneControl/user_study_v1/Hongjun/Movement/21.wav,Hongjun/Movement/21.wav,movement,0.99609375,0.0,0.99609375,0.0,"[-128, 127, -128]",True,,,,0.22833398543298244,1.3085000682622194,0.6874160608276725,2.2302080178633332
73,Hongjun,movement,unavailable_in_sd_path,22,/Users/zilongzeng/Research/DroneControl/user_study_v1/Hongjun/Movement/22.wav,Hongjun/Movement/22.wav,movement,0.99609375,0.0,0.99609375,0.0,"[-128, 127, -128]",True,,,,0.22541708312928677,1.411916920915246,0.7074590539559722,2.3523749550804496
74,Hongjun,movement,unavailable_in_sd_path,23,/Users/zilongzeng/Research/DroneControl/user_study_v1/Hongjun/Movement/23.wav,Hongjun/Movement/23.wav,movement,0.99609375,0.0,0.99609375,0.0,"[-128, 127, -128]",True,,,,0.10183406993746758,1.4092919882386923,0.7136670174077153,2.2309169871732593
75,Hongjun,movement,unavailable_in_sd_path,24,/Users/zilongzeng/Research/DroneControl/user_study_v1/Hongjun/Movement/24.wav,Hongjun/Movement/24.wav,movement,0.99609375,0.0,0.99609375,0.0,"[-128, 127, -128]",True,,,,0.2152909291908145,1.2992079136893153,0.7309590000659227,2.251500030979514
76,Hongjun,movement,unavailable_in_sd_path,25,/Users/zilongzeng/Research/DroneControl/user_study_v1/Hongjun/Movement/25.wav,Hongjun/Movement/25.wav,movement,0.99609375,0.0,0.99609375,0.0,"[-128, 127, -128]",True,,,,0.17020897939801216,1.2152499984949827,0.7491670548915863,2.1417909301817417
77,Hongjun,movement,unavailable_in_sd_path,26,/Users/zilongzeng/Research/DroneControl/user_study_v1/Hongjun/Movement/26.wav,Hongjun/Movement/26.wav,movement,0.99609375,0.0,0.99609375,0.0,"[-128, 127, -128]",True,,,,0.2200829330831766,1.5155000146478415,0.7374580018222332,2.480583032593131
78,Hongjun,movement,unavailable_in_sd_path,27,/Users/zilongzeng/Research/DroneControl/user_study_v1/Hongjun/Movement/27.wav,Hongjun/Movement/27.wav,movement,0.99609375,0.0,0.99609375,0.0,"[-128, 127, -128]",True,,,,0.21899992134422064,1.2556660221889615,0.7198749808594584,2.2030420368537307
79,Hongjun,movement,unavailable_in_sd_path,28,/Users/zilongzeng/Research/DroneControl/user_study_v1/Hongjun/Movement/28.wav,Hongjun/Movement/28.wav,movement,0.8828125,0.0,0.8828125,0.1171875,"[-128, 98, -98]",True,,,,0.09058299474418163,1.2425000313669443,0.6948329973965883,2.0332499407231808
80,Hongjun,movement,unavailable_in_sd_path,29,/Users/zilongzeng/Research/DroneControl/user_study_v1/Hongjun/Movement/29.wav,Hongjun/Movement/29.wav,movement,0.99609375,0.0,0.99609375,0.0,"[-128, 127, -128]",True,,,,0.06954197306185961,1.1930420296266675,0.7735410472378135,2.0483749685809016
81,Hongjun,movement,unavailable_in_sd_path,30,/Users/zilongzeng/Research/DroneControl/user_study_v1/Hongjun/Movement/30.wav,Hongjun/Movement/30.wav,movement,0.99609375,0.0,0.99609375,0.0,"[-128, 127, -128]",True,,,,0.1467500114813447,1.382916932925582,0.7264160085469484,2.2637080401182175
82,Hongjun,movement,unavailable_in_sd_path,31,/Users/zilongzeng/Research/DroneControl/user_study_v1/Hongjun/Movement/31.wav,Hongjun/Movement/31.wav,movement,0.99609375,0.0,0.99609375,0.0,"[-128, 127, -128]",True,,,,0.09070802479982376,1.3101249933242798,0.7362079340964556,2.143917023204267
83,Hongjun,movement,unavailable_in_sd_path,32,/Users/zilongzeng/Research/DroneControl/user_study_v1/Hongjun/Movement/32.wav,Hongjun/Movement/32.wav,unknown,0.8046875,0.0,0.1953125,0.8046875,"[-128, -78, 78]",False,,,,0.08533301297575235,1.2319160159677267,0.6811668863520026,2.0042499527335167
84,Hongjun,movement,unavailable_in_sd_path,33,/Users/zilongzeng/Research/DroneControl/user_study_v1/Hongjun/Movement/33.wav,Hongjun/Movement/33.wav,unknown,0.99609375,0.0,0.0,0.99609375,"[-128, -128, 127]",False,,,,0.07504201494157314,1.3548749266192317,0.7491250289604068,2.1883329609408975
85,Hongjun,movement,unavailable_in_sd_path,34,/Users/zilongzeng/Research/DroneControl/user_study_v1/Hongjun/Movement/34.wav,Hongjun/Movement/34.wav,movement,0.99609375,0.0,0.99609375,0.0,"[-128, 127, -128]",True,,,,0.14070805627852678,1.3589999871328473,0.7207499584183097,2.2273750510066748
86,Hongjun,movement,unavailable_in_sd_path,35,/Users/zilongzeng/Research/DroneControl/user_study_v1/Hongjun/Movement/35.wav,Hongjun/Movement/35.wav,emergency,0.99609375,0.99609375,0.0,0.0,"[127, -128, -128]",False,,,,0.07908407133072615,1.2865420430898666,0.7425410440191627,2.114958013407886
87,Hongjun,movement,unavailable_in_sd_path,36,/Users/zilongzeng/Research/DroneControl/user_study_v1/Hongjun/Movement/36.wav,Hongjun/Movement/36.wav,unknown,0.8125,0.16015625,0.02734375,0.8125,"[-87, -121, 80]",False,,,,0.22987497504800558,1.2633749283850193,0.6974170682951808,2.196333953179419
88,Hongjun,movement,unavailable_in_sd_path,37,/Users/zilongzeng/Research/DroneControl/user_study_v1/Hongjun/Movement/37.wav,Hongjun/Movement/37.wav,movement,0.99609375,0.0,0.99609375,0.0,"[-128, 127, -128]",True,,,,0.1986658899113536,1.3815410202369094,0.6964580388739705,2.2842499893158674
89,Hongjun,movement,unavailable_in_sd_path,38,/Users/zilongzeng/Research/DroneControl/user_study_v1/Hongjun/Movement/38.wav,Hongjun/Movement/38.wav,movement,0.99609375,0.0,0.99609375,0.0,"[-128, 127, -128]",True,,,,0.31791708897799253,1.357666915282607,0.7211660267785192,2.403833088465035
90,Hongjun,movement,unavailable_in_sd_path,39,/Users/zilongzeng/Research/DroneControl/user_study_v1/Hongjun/Movement/39.wav,Hongjun/Movement/39.wav,movement,0.99609375,0.0,0.99609375,0.0,"[-128, 127, -128]",True,,,,0.07962505333125591,1.3256670208647847,0.7045000093057752,2.1148340310901403
91,Hongjun,movement,unavailable_in_sd_path,40,/Users/zilongzeng/Research/DroneControl/user_study_v1/Hongjun/Movement/40.wav,Hongjun/Movement/40.wav,movement,0.99609375,0.0,0.99609375,0.0,"[-128, 127, -128]",True,,,,0.07758301217108965,1.247667009010911,0.6959158927202225,2.028334070928395
92,Hongjun,movement,unavailable_in_sd_path,41,/Users/zilongzeng/Research/DroneControl/user_study_v1/Hongjun/Movement/41.wav,Hongjun/Movement/41.wav,movement,0.99609375,0.0,0.99609375,0.0,"[-128, 127, -128]",True,,,,0.09537499863654375,1.337875030003488,0.7132090395316482,2.1535420091822743
93,Hongjun,movement,unavailable_in_sd_path,42,/Users/zilongzeng/Research/DroneControl/user_study_v1/Hongjun/Movement/42.wav,Hongjun/Movement/42.wav,emergency,0.99609375,0.99609375,0.0,0.0,"[127, -128, -128]",False,,,,0.08925003930926323,1.2556669535115361,0.718125025741756,2.0700000459328294
94,Hongjun,movement,unavailable_in_sd_path,43,/Users/zilongzeng/Research/DroneControl/user_study_v1/Hongjun/Movement/43.wav,Hongjun/Movement/43.wav,movement,0.99609375,0.0,0.99609375,0.0,"[-128, 127, -128]",True,,,,0.07533305324614048,1.4451250899583101,0.6333329947665334,2.1636669989675283
95,Hongjun,movement,unavailable_in_sd_path,44,/Users/zilongzeng/Research/DroneControl/user_study_v1/Hongjun/Movement/44.wav,Hongjun/Movement/44.wav,movement,0.99609375,0.0,0.99609375,0.0,"[-128, 127, -128]",True,,,,0.17679191660135984,1.3098330236971378,0.6147919921204448,2.112500020302832
96,Hongjun,movement,unavailable_in_sd_path,45,/Users/zilongzeng/Research/DroneControl/user_study_v1/Hongjun/Movement/45.wav,Hongjun/Movement/45.wav,movement,0.99609375,0.0,0.99609375,0.0,"[-128, 127, -128]",True,,,,0.08479203097522259,1.3293339870870113,0.7218329701572657,2.145666046999395
97,Hongjun,movement,unavailable_in_sd_path,46,/Users/zilongzeng/Research/DroneControl/user_study_v1/Hongjun/Movement/46.wav,Hongjun/Movement/46.wav,movement,0.99609375,0.0,0.99609375,0.0,"[-128, 127, -128]",True,,,,0.08470797911286354,1.3171249302104115,0.734084052965045,2.1430839551612735
98,Hongjun,movement,unavailable_in_sd_path,47,/Users/zilongzeng/Research/DroneControl/user_study_v1/Hongjun/Movement/47.wav,Hongjun/Movement/47.wav,movement,0.99609375,0.0,0.99609375,0.0,"[-128, 127, -128]",True,,,,0.10070810094475746,1.3081670040264726,0.7070000283420086,2.1220839116722345
99,Hongjun,movement,unavailable_in_sd_path,48,/Users/zilongzeng/Research/DroneControl/user_study_v1/Hongjun/Movement/48.wav,Hongjun/Movement/48.wav,movement,0.99609375,0.0,0.99609375,0.0,"[-128, 127, -128]",True,,,,0.07604202255606651,1.2520839227363467,0.7345419144257903,2.0846249535679817
100,Hongjun,movement,unavailable_in_sd_path,49,/Users/zilongzeng/Research/DroneControl/user_study_v1/Hongjun/Movement/49.wav,Hongjun/Movement/49.wav,movement,0.99609375,0.0,0.99609375,0.0,"[-128, 127, -128]",True,,,,0.09958306327462196,1.552291912958026,0.7553750183433294,2.415291965007782
101,Hongjun,unknown,unavailable_in_sd_path,0,/Users/zilongzeng/Research/DroneControl/user_study_v1/Hongjun/Unknown/0.wav,Hongjun/Unknown/0.wav,unknown,0.99609375,0.0,0.0,0.99609375,"[-128, -128, 127]",True,,,,0.09220896754413843,1.2325419811531901,0.7304999744519591,2.062459010630846
102,Hongjun,unknown,unavailable_in_sd_path,1,/Users/zilongzeng/Research/DroneControl/user_study_v1/Hongjun/Unknown/1.wav,Hongjun/Unknown/1.wav,unknown,0.99609375,0.0,0.0,0.99609375,"[-128, -128, 127]",True,,,,0.09362492710351944,1.459083054214716,0.6438338896259665,2.206375007517636
103,Hongjun,unknown,unavailable_in_sd_path,2,/Users/zilongzeng/Research/DroneControl/user_study_v1/Hongjun/Unknown/2.wav,Hongjun/Unknown/2.wav,unknown,0.99609375,0.0,0.0,0.99609375,"[-128, -128, 127]",True,,,,0.20291598048061132,1.3422089396044612,0.7224170258268714,2.275083097629249
104,Hongjun,unknown,unavailable_in_sd_path,3,/Users/zilongzeng/Research/DroneControl/user_study_v1/Hongjun/Unknown/3.wav,Hongjun/Unknown/3.wav,unknown,0.99609375,0.0,0.0,0.99609375,"[-128, -128, 127]",True,,,,0.09479199070483446,1.2382499407976866,0.7269170600920916,2.066291985101998
105,Hongjun,unknown,unavailable_in_sd_path,4,/Users/zilongzeng/Research/DroneControl/user_study_v1/Hongjun/Unknown/4.wav,Hongjun/Unknown/4.wav,unknown,0.99609375,0.0,0.0,0.99609375,"[-128, -128, 127]",True,,,,0.23508293088525534,1.2505409540608525,0.7244580192491412,2.217083005234599
106,Hongjun,unknown,unavailable_in_sd_path,5,/Users/zilongzeng/Research/DroneControl/user_study_v1/Hongjun/Unknown/5.wav,Hongjun/Unknown/5.wav,unknown,0.99609375,0.0,0.0,0.99609375,"[-128, -128, 127]",True,,,,0.25275000371038914,1.2481670128181577,0.6786249577999115,2.185333054512739
107,Hongjun,unknown,unavailable_in_sd_path,6,/Users/zilongzeng/Research/DroneControl/user_study_v1/Hongjun/Unknown/6.wav,Hongjun/Unknown/6.wav,unknown,0.99609375,0.0,0.00390625,0.99609375,"[-128, -127, 127]",True,,,,0.22858299780637026,1.5296669444069266,0.6905840709805489,2.4562920443713665
108,Hongjun,unknown,unavailable_in_sd_path,7,/Users/zilongzeng/Research/DroneControl/user_study_v1/Hongjun/Unknown/7.wav,Hongjun/Unknown/7.wav,unknown,0.99609375,0.0,0.0,0.99609375,"[-128, -128, 127]",True,,,,0.641374965198338,1.364541007205844,0.7178750820457935,2.7307909913361073
109,Hongjun,unknown,unavailable_in_sd_path,8,/Users/zilongzeng/Research/DroneControl/user_study_v1/Hongjun/Unknown/8.wav,Hongjun/Unknown/8.wav,unknown,0.99609375,0.0,0.0,0.99609375,"[-128, -128, 127]",True,,,,0.2767089754343033,1.3019999023526907,0.6855829851701856,2.270249999128282
110,Hongjun,unknown,unavailable_in_sd_path,9,/Users/zilongzeng/Research/DroneControl/user_study_v1/Hongjun/Unknown/9.wav,Hongjun/Unknown/9.wav,unknown,0.99609375,0.0,0.0,0.99609375,"[-128, -128, 127]",True,,,,0.23308407980948687,1.3716249959543347,0.649666995741427,2.2657500812783837
111,Hongjun,unknown,unavailable_in_sd_path,10,/Users/zilongzeng/Research/DroneControl/user_study_v1/Hongjun/Unknown/10.wav,Hongjun/Unknown/10.wav,unknown,0.99609375,0.0,0.0,0.99609375,"[-128, -128, 127]",True,,,,0.3813749644905329,1.3244579313322902,0.7318340940400958,2.445667050778866
112,Hongjun,unknown,unavailable_in_sd_path,11,/Users/zilongzeng/Research/DroneControl/user_study_v1/Hongjun/Unknown/11.wav,Hongjun/Unknown/11.wav,unknown,0.99609375,0.0,0.0,0.99609375,"[-128, -128, 127]",True,,,,0.2430418971925974,1.3596670469269156,0.7141659734770656,2.3236669367179275
113,Hongjun,unknown,unavailable_in_sd_path,12,/Users/zilongzeng/Research/DroneControl/user_study_v1/Hongjun/Unknown/12.wav,Hongjun/Unknown/12.wav,unknown,0.99609375,0.0,0.0,0.99609375,"[-128, -128, 127]",True,,,,0.2667499938979745,1.4732918934896588,0.6445409962907434,2.394584007561207
114,Hongjun,unknown,unavailable_in_sd_path,13,/Users/zilongzeng/Research/DroneControl/user_study_v1/Hongjun/Unknown/13.wav,Hongjun/Unknown/13.wav,unknown,0.99609375,0.0,0.0,0.99609375,"[-128, -128, 127]",True,,,,0.3615840105339885,1.3997909845784307,0.7029999978840351,2.473166096024215
115,Hongjun,unknown,unavailable_in_sd_path,14,/Users/zilongzeng/Research/DroneControl/user_study_v1/Hongjun/Unknown/14.wav,Hongjun/Unknown/14.wav,movement,0.984375,0.015625,0.984375,0.0,"[-124, 124, -128]",False,,,,0.26595802046358585,1.3236250961199403,0.7303330348804593,2.326957997865975
116,Hongjun,unknown,unavailable_in_sd_path,15,/Users/zilongzeng/Research/DroneControl/user_study_v1/Hongjun/Unknown/15.wav,Hongjun/Unknown/15.wav,unknown,0.99609375,0.0,0.0,0.99609375,"[-128, -128, 127]",True,,,,0.25345792528241873,1.5295000048354268,0.6289579905569553,2.4207920068874955
117,Hongjun,unknown,unavailable_in_sd_path,16,/Users/zilongzeng/Research/DroneControl/user_study_v1/Hongjun/Unknown/16.wav,Hongjun/Unknown/16.wav,movement,0.99609375,0.0,0.99609375,0.0,"[-128, 127, -128]",False,,,,0.2773749874904752,1.35870894882828,0.7234580116346478,2.367332926951349
118,Hongjun,unknown,unavailable_in_sd_path,17,/Users/zilongzeng/Research/DroneControl/user_study_v1/Hongjun/Unknown/17.wav,Hongjun/Unknown/17.wav,emergency,0.59765625,0.59765625,0.00390625,0.3984375,"[25, -127, -26]",False,,,,1.6267499886453152,1.3469579862430692,0.7245420711115003,3.705749986693263
119,Hongjun,unknown,unavailable_in_sd_path,18,/Users/zilongzeng/Research/DroneControl/user_study_v1/Hongjun/Unknown/18.wav,Hongjun/Unknown/18.wav,unknown,0.99609375,0.0,0.0,0.99609375,"[-128, -128, 127]",True,,,,0.2310420386493206,1.3142909156158566,0.6955420831218362,2.2472910350188613
120,Hongjun,unknown,unavailable_in_sd_path,19,/Users/zilongzeng/Research/DroneControl/user_study_v1/Hongjun/Unknown/19.wav,Hongjun/Unknown/19.wav,unknown,0.99609375,0.0,0.0,0.99609375,"[-128, -128, 127]",True,,,,0.21008308976888657,1.373874954879284,0.7392090046778321,2.330291084945202
121,Hongjun,unknown,unavailable_in_sd_path,20,/Users/zilongzeng/Research/DroneControl/user_study_v1/Hongjun/Unknown/20.wav,Hongjun/Unknown/20.wav,unknown,0.99609375,0.0,0.0,0.99609375,"[-128, -128, 127]",True,,,,0.3172919386997819,1.3966250699013472,0.7082920055836439,2.4279169738292694
122,Hongjun,unknown,unavailable_in_sd_path,21,/Users/zilongzeng/Research/DroneControl/user_study_v1/Hongjun/Unknown/21.wav,Hongjun/Unknown/21.wav,unknown,0.99609375,0.0,0.0,0.99609375,"[-128, -128, 127]",True,,,,0.07599999662488699,1.3402500189840794,0.7108340505510569,2.1340000675991178
123,Hongjun,unknown,unavailable_in_sd_path,22,/Users/zilongzeng/Research/DroneControl/user_study_v1/Hongjun/Unknown/22.wav,Hongjun/Unknown/22.wav,unknown,0.99609375,0.0,0.0,0.99609375,"[-128, -128, 127]",True,,,,0.0813330989331007,1.2101660249754786,0.6967500085011125,1.9934579031541944
124,Hongjun,unknown,unavailable_in_sd_path,23,/Users/zilongzeng/Research/DroneControl/user_study_v1/Hongjun/Unknown/23.wav,Hongjun/Unknown/23.wav,unknown,0.99609375,0.0,0.0,0.99609375,"[-128, -128, 127]",True,,,,0.06862496957182884,1.336792018264532,0.7259590784087777,2.1379170939326286
125,Hongjun,unknown,unavailable_in_sd_path,24,/Users/zilongzeng/Research/DroneControl/user_study_v1/Hongjun/Unknown/24.wav,Hongjun/Unknown/24.wav,unknown,0.99609375,0.0,0.0,0.99609375,"[-128, -128, 127]",True,,,,0.10379205923527479,1.365375006571412,0.7037909235805273,2.1785410353913903
126,Hongjun,unknown,unavailable_in_sd_path,25,/Users/zilongzeng/Research/DroneControl/user_study_v1/Hongjun/Unknown/25.wav,Hongjun/Unknown/25.wav,unknown,0.99609375,0.0,0.0,0.99609375,"[-128, -128, 127]",True,,,,0.06862496957182884,1.264292048290372,0.7070829160511494,2.0467500435188413
127,Hongjun,unknown,unavailable_in_sd_path,26,/Users/zilongzeng/Research/DroneControl/user_study_v1/Hongjun/Unknown/26.wav,Hongjun/Unknown/26.wav,unknown,0.99609375,0.0,0.0,0.99609375,"[-128, -128, 127]",True,,,,0.07983297109603882,1.2203749502077699,0.6862500449642539,1.9916249439120293
128,Hongjun,unknown,unavailable_in_sd_path,27,/Users/zilongzeng/Research/DroneControl/user_study_v1/Hongjun/Unknown/27.wav,Hongjun/Unknown/27.wav,unknown,0.99609375,0.0,0.0,0.99609375,"[-128, -128, 127]",True,,,,0.1699589192867279,1.4225420309230685,0.714167021214962,2.316374913789332
129,Hongjun,unknown,unavailable_in_sd_path,28,/Users/zilongzeng/Research/DroneControl/user_study_v1/Hongjun/Unknown/28.wav,Hongjun/Unknown/28.wav,unknown,0.99609375,0.0,0.0,0.99609375,"[-128, -128, 127]",True,,,,0.09483401663601398,1.3838749146088958,0.7133750477805734,2.1985829807817936
130,Hongjun,unknown,unavailable_in_sd_path,29,/Users/zilongzeng/Research/DroneControl/user_study_v1/Hongjun/Unknown/29.wav,Hongjun/Unknown/29.wav,unknown,0.99609375,0.0,0.0,0.99609375,"[-128, -128, 127]",True,,,,0.21116703283041716,1.4125000452622771,0.6802079733461142,2.309874980710447
131,Hongjun,unknown,unavailable_in_sd_path,30,/Users/zilongzeng/Research/DroneControl/user_study_v1/Hongjun/Unknown/30.wav,Hongjun/Unknown/30.wav,unknown,0.99609375,0.0,0.0,0.99609375,"[-128, -128, 127]",True,,,,0.30933308880776167,1.205375068821013,0.702250050380826,2.2570419823750854
132,Hongjun,unknown,unavailable_in_sd_path,31,/Users/zilongzeng/Research/DroneControl/user_study_v1/Hongjun/Unknown/31.wav,Hongjun/Unknown/31.wav,unknown,0.99609375,0.0,0.0,0.99609375,"[-128, -128, 127]",True,,,,0.2852909965440631,1.4096249360591173,0.7192089688032866,2.4214169243350625
133,Hongjun,unknown,unavailable_in_sd_path,32,/Users/zilongzeng/Research/DroneControl/user_study_v1/Hongjun/Unknown/32.wav,Hongjun/Unknown/32.wav,unknown,0.99609375,0.0,0.0,0.99609375,"[-128, -128, 127]",True,,,,0.22666598670184612,1.2403749860823154,0.721332966350019,2.197665977291763
134,Hongjun,unknown,unavailable_in_sd_path,33,/Users/zilongzeng/Research/DroneControl/user_study_v1/Hongjun/Unknown/33.wav,Hongjun/Unknown/33.wav,movement,0.99609375,0.0,0.99609375,0.0,"[-128, 127, -128]",False,,,,0.232374994084239,1.2657499173656106,0.6850420031696558,2.188666956499219
135,Hongjun,unknown,unavailable_in_sd_path,34,/Users/zilongzeng/Research/DroneControl/user_study_v1/Hongjun/Unknown/34.wav,Hongjun/Unknown/34.wav,unknown,0.99609375,0.0,0.0,0.99609375,"[-128, -128, 127]",True,,,,0.2305411035194993,1.389250042848289,0.7362909382209182,2.362750004976988
136,Hongjun,unknown,unavailable_in_sd_path,35,/Users/zilongzeng/Research/DroneControl/user_study_v1/Hongjun/Unknown/35.wav,Hongjun/Unknown/35.wav,unknown,0.99609375,0.0,0.0,0.99609375,"[-128, -128, 127]",True,,,,0.09445799514651299,1.3076249742880464,0.6995840230956674,2.1074999822303653
137,Hongjun,unknown,unavailable_in_sd_path,36,/Users/zilongzeng/Research/DroneControl/user_study_v1/Hongjun/Unknown/36.wav,Hongjun/Unknown/36.wav,unknown,0.99609375,0.0,0.0,0.99609375,"[-128, -128, 127]",True,,,,0.07737497799098492,1.3330410001799464,0.7085829274728894,2.1251250291243196
138,Hongjun,unknown,unavailable_in_sd_path,37,/Users/zilongzeng/Research/DroneControl/user_study_v1/Hongjun/Unknown/37.wav,Hongjun/Unknown/37.wav,unknown,0.984375,0.0078125,0.0078125,0.984375,"[-126, -126, 124]",True,,,,0.07916695903986692,1.3847500085830688,0.6419999990612268,2.115792012773454
139,Hongjun,unknown,unavailable_in_sd_path,38,/Users/zilongzeng/Research/DroneControl/user_study_v1/Hongjun/Unknown/38.wav,Hongjun/Unknown/38.wav,unknown,0.99609375,0.0,0.0,0.99609375,"[-128, -128, 127]",True,,,,0.1988750882446766,1.3708750484511256,0.6821249844506383,2.2607080172747374
140,Hongjun,unknown,unavailable_in_sd_path,39,/Users/zilongzeng/Research/DroneControl/user_study_v1/Hongjun/Unknown/39.wav,Hongjun/Unknown/39.wav,unknown,0.99609375,0.0,0.0,0.99609375,"[-128, -128, 127]",True,,,,0.15191698912531137,1.342457951977849,0.7118330104276538,2.2126659750938416
141,Hongjun,unknown,unavailable_in_sd_path,40,/Users/zilongzeng/Research/DroneControl/user_study_v1/Hongjun/Unknown/40.wav,Hongjun/Unknown/40.wav,unknown,0.99609375,0.0,0.0,0.99609375,"[-128, -128, 127]",True,,,,0.08525000885128975,1.3130829902365804,0.7113750325515866,2.1159169264137745
142,Hongjun,unknown,unavailable_in_sd_path,41,/Users/zilongzeng/Research/DroneControl/user_study_v1/Hongjun/Unknown/41.wav,Hongjun/Unknown/41.wav,unknown,0.99609375,0.0,0.0,0.99609375,"[-128, -128, 127]",True,,,,0.0702079851180315,1.283082994632423,0.6944159977138042,2.0564579172059894
143,Hongjun,unknown,unavailable_in_sd_path,42,/Users/zilongzeng/Research/DroneControl/user_study_v1/Hongjun/Unknown/42.wav,Hongjun/Unknown/42.wav,unknown,0.99609375,0.0,0.0,0.99609375,"[-128, -128, 127]",True,,,,0.0784160802140832,1.4845420373603702,0.6952920230105519,2.2674999199807644
144,Hongjun,unknown,unavailable_in_sd_path,43,/Users/zilongzeng/Research/DroneControl/user_study_v1/Hongjun/Unknown/43.wav,Hongjun/Unknown/43.wav,unknown,0.99609375,0.0,0.0,0.99609375,"[-128, -128, 127]",True,,,,0.30325003899633884,1.426875009201467,0.7266669999808073,2.4647079408168793
145,Hongjun,unknown,unavailable_in_sd_path,44,/Users/zilongzeng/Research/DroneControl/user_study_v1/Hongjun/Unknown/44.wav,Hongjun/Unknown/44.wav,unknown,0.99609375,0.0,0.0,0.99609375,"[-128, -128, 127]",True,,,,0.28070900589227676,1.3161669485270977,0.6820410490036011,2.284625079482794
146,Hongjun,unknown,unavailable_in_sd_path,45,/Users/zilongzeng/Research/DroneControl/user_study_v1/Hongjun/Unknown/45.wav,Hongjun/Unknown/45.wav,unknown,0.99609375,0.0,0.0,0.99609375,"[-128, -128, 127]",True,,,,0.06770796608179808,1.2716669589281082,0.6911249365657568,2.100000041536987
147,Hongjun,unknown,unavailable_in_sd_path,46,/Users/zilongzeng/Research/DroneControl/user_study_v1/Hongjun/Unknown/46.wav,Hongjun/Unknown/46.wav,movement,0.99609375,0.0,0.99609375,0.0,"[-128, 127, -128]",False,,,,0.3067080397158861,1.3667079620063305,0.6147500826045871,2.2961250506341457
148,Hongjun,unknown,unavailable_in_sd_path,47,/Users/zilongzeng/Research/DroneControl/user_study_v1/Hongjun/Unknown/47.wav,Hongjun/Unknown/47.wav,unknown,0.99609375,0.0,0.0,0.99609375,"[-128, -128, 127]",True,,,,0.2572500379756093,1.3379160081967711,0.7432920392602682,2.3467920254915953
149,Hongjun,unknown,unavailable_in_sd_path,48,/Users/zilongzeng/Research/DroneControl/user_study_v1/Hongjun/Unknown/48.wav,Hongjun/Unknown/48.wav,unknown,0.99609375,0.0,0.0,0.99609375,"[-128, -128, 127]",True,,,,0.11312507558614016,1.307707978412509,0.684416969306767,2.110457979142666
150,Hongjun,unknown,unavailable_in_sd_path,49,/Users/zilongzeng/Research/DroneControl/user_study_v1/Hongjun/Unknown/49.wav,Hongjun/Unknown/49.wav,unknown,0.99609375,0.0,0.0,0.99609375,"[-128, -128, 127]",True,,,,0.07345899939537048,1.3284169835969806,0.743833021260798,2.1527500357478857
151,Junxi,emergency,unavailable_in_sd_path,0,/Users/zilongzeng/Research/DroneControl/user_study_v1/Junxi/Emergency/0.wav,Junxi/Emergency/0.wav,emergency,0.99609375,0.99609375,0.0,0.0,"[127, -128, -128]",True,,,,0.10704202577471733,1.2760000536218286,0.7224999135360122,2.1113749826326966
152,Junxi,emergency,unavailable_in_sd_path,1,/Users/zilongzeng/Research/DroneControl/user_study_v1/Junxi/Emergency/1.wav,Junxi/Emergency/1.wav,movement,0.99609375,0.0,0.99609375,0.0,"[-128, 127, -128]",False,,,,0.07404200732707977,1.2622911017388105,0.7166250143200159,2.059916965663433
153,Junxi,emergency,unavailable_in_sd_path,2,/Users/zilongzeng/Research/DroneControl/user_study_v1/Junxi/Emergency/2.wav,Junxi/Emergency/2.wav,movement,0.99609375,0.0,0.99609375,0.0,"[-128, 127, -128]",False,,,,0.08575001265853643,1.2677079066634178,0.6858330452814698,2.045125002041459
154,Junxi,emergency,unavailable_in_sd_path,3,/Users/zilongzeng/Research/DroneControl/user_study_v1/Junxi/Emergency/3.wav,Junxi/Emergency/3.wav,emergency,0.99609375,0.99609375,0.0,0.0,"[127, -128, -128]",True,,,,0.06570795085281134,1.370792044326663,0.7088339189067483,2.152416971512139
155,Junxi,emergency,unavailable_in_sd_path,4,/Users/zilongzeng/Research/DroneControl/user_study_v1/Junxi/Emergency/4.wav,Junxi/Emergency/4.wav,emergency,0.59765625,0.59765625,0.40234375,0.0,"[25, -25, -128]",True,,,,0.10004197247326374,1.3840000610798597,0.7133339531719685,2.2033749846741557
156,Junxi,emergency,unavailable_in_sd_path,5,/Users/zilongzeng/Research/DroneControl/user_study_v1/Junxi/Emergency/5.wav,Junxi/Emergency/5.wav,movement,0.99609375,0.0,0.99609375,0.0,"[-128, 127, -128]",False,,,,0.09254203177988529,1.3387909857556224,0.6872910307720304,2.12674995418638
157,Junxi,emergency,unavailable_in_sd_path,6,/Users/zilongzeng/Research/DroneControl/user_study_v1/Junxi/Emergency/6.wav,Junxi/Emergency/6.wav,movement,0.8828125,0.1171875,0.8828125,0.0,"[-98, 98, -128]",False,,,,0.2993750385940075,1.248665968887508,0.71154092438519,2.266708994284272
158,Junxi,emergency,unavailable_in_sd_path,7,/Users/zilongzeng/Research/DroneControl/user_study_v1/Junxi/Emergency/7.wav,Junxi/Emergency/7.wav,movement,0.99609375,0.0,0.99609375,0.0,"[-128, 127, -128]",False,,,,0.21854194346815348,1.3250410556793213,0.7419999456033111,2.2924159420654178
159,Junxi,emergency,unavailable_in_sd_path,8,/Users/zilongzeng/Research/DroneControl/user_study_v1/Junxi/Emergency/8.wav,Junxi/Emergency/8.wav,emergency,0.9453125,0.9453125,0.0546875,0.0,"[114, -114, -128]",True,,,,0.09550002869218588,1.323582953773439,0.719625037163496,2.1452090004459023
160,Junxi,emergency,unavailable_in_sd_path,9,/Users/zilongzeng/Research/DroneControl/user_study_v1/Junxi/Emergency/9.wav,Junxi/Emergency/9.wav,emergency,0.97265625,0.97265625,0.02734375,0.0,"[121, -121, -128]",True,,,,0.09700004011392593,1.3475000159814954,0.692916102707386,2.143041929230094
161,Junxi,emergency,unavailable_in_sd_path,10,/Users/zilongzeng/Research/DroneControl/user_study_v1/Junxi/Emergency/10.wav,Junxi/Emergency/10.wav,unknown,0.98828125,0.0078125,0.0,0.98828125,"[-126, -128, 125]",False,,,,0.27254200540483,1.4587079640477896,0.7437920430675149,2.4824170395731926
162,Junxi,emergency,unavailable_in_sd_path,11,/Users/zilongzeng/Research/DroneControl/user_study_v1/Junxi/Emergency/11.wav,Junxi/Emergency/11.wav,movement,0.6796875,0.3046875,0.6796875,0.015625,"[-50, 46, -124]",False,,,,0.2714999718591571,1.2782909907400608,0.7160420063883066,2.271458972245455
163,Junxi,emergency,unavailable_in_sd_path,12,/Users/zilongzeng/Research/DroneControl/user_study_v1/Junxi/Emergency/12.wav,Junxi/Emergency/12.wav,movement,0.90234375,0.09765625,0.90234375,0.0,"[-103, 103, -128]",False,,,,0.1907499972730875,1.2486249906942248,0.7202090928331017,2.16766691301018
164,Junxi,emergency,unavailable_in_sd_path,13,/Users/zilongzeng/Research/DroneControl/user_study_v1/Junxi/Emergency/13.wav,Junxi/Emergency/13.wav,movement,0.984375,0.015625,0.984375,0.0,"[-124, 124, -128]",False,,,,0.19229203462600708,1.2613340513780713,0.6833329098299146,2.1418750984594226
165,Junxi,emergency,unavailable_in_sd_path,14,/Users/zilongzeng/Research/DroneControl/user_study_v1/Junxi/Emergency/14.wav,Junxi/Emergency/14.wav,movement,0.94140625,0.0546875,0.94140625,0.0,"[-114, 113, -128]",False,,,,0.07412501145154238,1.20433303527534,0.7482910295948386,2.0346249220892787
166,Junxi,emergency,unavailable_in_sd_path,15,/Users/zilongzeng/Research/DroneControl/user_study_v1/Junxi/Emergency/15.wav,Junxi/Emergency/15.wav,emergency,0.98046875,0.98046875,0.01953125,0.0,"[123, -123, -128]",True,,,,0.21654204465448856,1.2541249161586165,0.7290000794455409,2.2052909480407834
167,Junxi,emergency,unavailable_in_sd_path,16,/Users/zilongzeng/Research/DroneControl/user_study_v1/Junxi/Emergency/16.wav,Junxi/Emergency/16.wav,emergency,0.99609375,0.99609375,0.0,0.0,"[127, -128, -128]",True,,,,0.21724996622651815,1.2543749762699008,0.7227089954540133,2.2020420292392373
168,Junxi,emergency,unavailable_in_sd_path,17,/Users/zilongzeng/Research/DroneControl/user_study_v1/Junxi/Emergency/17.wav,Junxi/Emergency/17.wav,emergency,0.99609375,0.99609375,0.0,0.0,"[127, -128, -128]",True,,,,0.11091702617704868,1.268333988264203,0.6897920975461602,2.0744999637827277
169,Junxi,emergency,unavailable_in_sd_path,18,/Users/zilongzeng/Research/DroneControl/user_study_v1/Junxi/Emergency/18.wav,Junxi/Emergency/18.wav,emergency,0.99609375,0.99609375,0.0,0.0,"[127, -128, -128]",True,,,,0.06624998059123755,1.3925000093877316,0.7356250425800681,2.2013329435139894
170,Junxi,emergency,unavailable_in_sd_path,19,/Users/zilongzeng/Research/DroneControl/user_study_v1/Junxi/Emergency/19.wav,Junxi/Emergency/19.wav,movement,0.69140625,0.30859375,0.69140625,0.0,"[-49, 49, -128]",False,,,,0.09641703218221664,1.3577500358223915,0.6394580705091357,2.102541970089078
171,Junxi,emergency,unavailable_in_sd_path,20,/Users/zilongzeng/Research/DroneControl/user_study_v1/Junxi/Emergency/20.wav,Junxi/Emergency/20.wav,movement,0.99609375,0.0,0.99609375,0.0,"[-128, 127, -128]",False,,,,0.14554092194885015,1.4406669652089477,0.5941659910604358,2.1887089824303985
172,Junxi,emergency,unavailable_in_sd_path,21,/Users/zilongzeng/Research/DroneControl/user_study_v1/Junxi/Emergency/21.wav,Junxi/Emergency/21.wav,emergency,0.99609375,0.99609375,0.0,0.0,"[127, -128, -128]",True,,,,0.10658404789865017,1.2391669442877173,0.6780419498682022,2.029291004873812
173,Junxi,emergency,unavailable_in_sd_path,22,/Users/zilongzeng/Research/DroneControl/user_study_v1/Junxi/Emergency/22.wav,Junxi/Emergency/22.wav,emergency,0.99609375,0.99609375,0.0,0.0,"[127, -128, -128]",True,,,,0.07675006054341793,1.3557920465245843,0.7137090433388948,2.1535000996664166
174,Junxi,emergency,unavailable_in_sd_path,23,/Users/zilongzeng/Research/DroneControl/user_study_v1/Junxi/Emergency/23.wav,Junxi/Emergency/23.wav,unknown,0.99609375,0.0,0.0,0.99609375,"[-128, -128, 127]",False,,,,0.11566700413823128,1.3984590768814087,0.706458929926157,2.2266670130193233
175,Junxi,emergency,unavailable_in_sd_path,24,/Users/zilongzeng/Research/DroneControl/user_study_v1/Junxi/Emergency/24.wav,Junxi/Emergency/24.wav,emergency,0.99609375,0.99609375,0.0,0.0,"[127, -128, -128]",True,,,,0.08829194121062756,1.3471250422298908,0.7180409738793969,2.159249968826771
176,Junxi,emergency,unavailable_in_sd_path,25,/Users/zilongzeng/Research/DroneControl/user_study_v1/Junxi/Emergency/25.wav,Junxi/Emergency/25.wav,unknown,0.99609375,0.0,0.0,0.99609375,"[-128, -128, 127]",False,,,,0.08429097943007946,1.2109579984098673,0.6982919294387102,1.9988750573247671
177,Junxi,emergency,unavailable_in_sd_path,26,/Users/zilongzeng/Research/DroneControl/user_study_v1/Junxi/Emergency/26.wav,Junxi/Emergency/26.wav,emergency,0.93359375,0.93359375,0.06640625,0.0,"[111, -111, -128]",True,,,,0.13641698751598597,1.4238329604268074,0.6931669777259231,2.265583025291562
178,Junxi,emergency,unavailable_in_sd_path,27,/Users/zilongzeng/Research/DroneControl/user_study_v1/Junxi/Emergency/27.wav,Junxi/Emergency/27.wav,unknown,0.8046875,0.0,0.1953125,0.8046875,"[-128, -78, 78]",False,,,,0.1255410024896264,1.34470802731812,0.7314999820664525,2.2094999440014362
179,Junxi,emergency,unavailable_in_sd_path,28,/Users/zilongzeng/Research/DroneControl/user_study_v1/Junxi/Emergency/28.wav,Junxi/Emergency/28.wav,movement,0.99609375,0.0,0.99609375,0.0,"[-128, 127, -128]",False,,,,0.2139579737558961,1.3630000175908208,0.6749160820618272,2.257958985865116
180,Junxi,emergency,unavailable_in_sd_path,29,/Users/zilongzeng/Research/DroneControl/user_study_v1/Junxi/Emergency/29.wav,Junxi/Emergency/29.wav,unknown,0.99609375,0.0,0.0,0.99609375,"[-128, -128, 127]",False,,,,0.2276250161230564,1.584624988026917,0.8252919651567936,2.6544579304754734
181,Junxi,emergency,unavailable_in_sd_path,30,/Users/zilongzeng/Research/DroneControl/user_study_v1/Junxi/Emergency/30.wav,Junxi/Emergency/30.wav,emergency,0.99609375,0.99609375,0.0,0.0,"[127, -128, -128]",True,,,,0.29454194009304047,1.3933329610154033,0.721791060641408,2.416374976746738
182,Junxi,emergency,unavailable_in_sd_path,31,/Users/zilongzeng/Research/DroneControl/user_study_v1/Junxi/Emergency/31.wav,Junxi/Emergency/31.wav,movement,0.99609375,0.0,0.99609375,0.0,"[-128, 127, -128]",False,,,,0.08379097562283278,1.3728330377489328,0.7196669466793537,2.182167023420334
183,Junxi,emergency,unavailable_in_sd_path,32,/Users/zilongzeng/Research/DroneControl/user_study_v1/Junxi/Emergency/32.wav,Junxi/Emergency/32.wav,emergency,0.99609375,0.99609375,0.0,0.0,"[127, -128, -128]",True,,,,0.22566597908735275,1.2950419913977385,0.688707921653986,2.2149999858811498
184,Junxi,emergency,unavailable_in_sd_path,33,/Users/zilongzeng/Research/DroneControl/user_study_v1/Junxi/Emergency/33.wav,Junxi/Emergency/33.wav,emergency,0.99609375,0.99609375,0.0,0.0,"[127, -128, -128]",True,,,,0.19929197151213884,1.3831669930368662,0.7111669983714819,2.3017500061541796
185,Junxi,emergency,unavailable_in_sd_path,34,/Users/zilongzeng/Research/DroneControl/user_study_v1/Junxi/Emergency/34.wav,Junxi/Emergency/34.wav,emergency,0.99609375,0.99609375,0.0,0.0,"[127, -128, -128]",True,,,,0.16920804046094418,1.3027499662712216,0.7067089900374413,2.1847080206498504
186,Junxi,emergency,unavailable_in_sd_path,35,/Users/zilongzeng/Research/DroneControl/user_study_v1/Junxi/Emergency/35.wav,Junxi/Emergency/35.wav,emergency,0.99609375,0.99609375,0.0,0.0,"[127, -128, -128]",True,,,,0.0840409193187952,1.351541024632752,0.7235000375658274,2.1657500183209777
187,Junxi,emergency,unavailable_in_sd_path,36,/Users/zilongzeng/Research/DroneControl/user_study_v1/Junxi/Emergency/36.wav,Junxi/Emergency/36.wav,unknown,0.99609375,0.0,0.0,0.99609375,"[-128, -128, 127]",False,,,,0.08166604675352573,1.3521671062335372,0.7544580148532987,2.196041983552277
188,Junxi,emergency,unavailable_in_sd_path,37,/Users/zilongzeng/Research/DroneControl/user_study_v1/Junxi/Emergency/37.wav,Junxi/Emergency/37.wav,movement,0.99609375,0.0,0.99609375,0.0,"[-128, 127, -128]",False,,,,0.17224997282028198,1.4178339624777436,0.7643329445272684,2.363292034715414
189,Junxi,emergency,unavailable_in_sd_path,38,/Users/zilongzeng/Research/DroneControl/user_study_v1/Junxi/Emergency/38.wav,Junxi/Emergency/38.wav,emergency,0.953125,0.953125,0.046875,0.0,"[116, -116, -128]",True,,,,0.10783306788653135,1.4114580117166042,0.7427079835906625,2.2686250740662217
190,Junxi,emergency,unavailable_in_sd_path,39,/Users/zilongzeng/Research/DroneControl/user_study_v1/Junxi/Emergency/39.wav,Junxi/Emergency/39.wav,movement,0.99609375,0.00390625,0.99609375,0.0,"[-127, 127, -128]",False,,,,0.09970797691494226,1.5500829322263598,0.6264999974519014,2.2865409264340997
191,Junxi,emergency,unavailable_in_sd_path,40,/Users/zilongzeng/Research/DroneControl/user_study_v1/Junxi/Emergency/40.wav,Junxi/Emergency/40.wav,movement,0.99609375,0.0,0.99609375,0.0,"[-128, 127, -128]",False,,,,0.18129195086658,1.3273749500513077,0.741249998100102,2.260875073261559
192,Junxi,emergency,unavailable_in_sd_path,41,/Users/zilongzeng/Research/DroneControl/user_study_v1/Junxi/Emergency/41.wav,Junxi/Emergency/41.wav,emergency,0.99609375,0.99609375,0.0,0.0,"[127, -128, -128]",True,,,,0.12758304364979267,1.3016249286010861,0.7235410157591105,2.1597080631181598
193,Junxi,emergency,unavailable_in_sd_path,42,/Users/zilongzeng/Research/DroneControl/user_study_v1/Junxi/Emergency/42.wav,Junxi/Emergency/42.wav,emergency,0.99609375,0.99609375,0.0,0.0,"[127, -128, -128]",True,,,,0.090167042799294,1.2557079317048192,0.7369579980149865,2.0899170776829123
194,Junxi,emergency,unavailable_in_sd_path,43,/Users/zilongzeng/Research/DroneControl/user_study_v1/Junxi/Emergency/43.wav,Junxi/Emergency/43.wav,emergency,0.5,0.5,0.5,0.0,"[0, 0, -128]",True,,,,0.08920894470065832,1.2852920917794108,0.6861250149086118,2.066000015474856
195,Junxi,emergency,unavailable_in_sd_path,44,/Users/zilongzeng/Research/DroneControl/user_study_v1/Junxi/Emergency/44.wav,Junxi/Emergency/44.wav,emergency,0.99609375,0.99609375,0.0,0.0,"[127, -128, -128]",True,,,,0.0688750296831131,1.2287079589441419,0.7418330060318112,2.0486670546233654
196,Junxi,emergency,unavailable_in_sd_path,45,/Users/zilongzeng/Research/DroneControl/user_study_v1/Junxi/Emergency/45.wav,Junxi/Emergency/45.wav,movement,0.43359375,0.12890625,0.43359375,0.43359375,"[-95, -17, -17]",False,,,,0.10058307088911533,1.3055000454187393,0.7068749982863665,2.118834061548114
197,Junxi,emergency,unavailable_in_sd_path,46,/Users/zilongzeng/Research/DroneControl/user_study_v1/Junxi/Emergency/46.wav,Junxi/Emergency/46.wav,emergency,0.99609375,0.99609375,0.0,0.0,"[127, -128, -128]",True,,,,0.07554201874881983,1.3584999833256006,0.7254170486703515,2.166292048059404
198,Junxi,emergency,unavailable_in_sd_path,47,/Users/zilongzeng/Research/DroneControl/user_study_v1/Junxi/Emergency/47.wav,Junxi/Emergency/47.wav,movement,0.99609375,0.0,0.99609375,0.0,"[-128, 127, -128]",False,,,,1.4567910693585873,1.3192080659791827,0.6925419438630342,3.5272499080747366
199,Junxi,emergency,unavailable_in_sd_path,48,/Users/zilongzeng/Research/DroneControl/user_study_v1/Junxi/Emergency/48.wav,Junxi/Emergency/48.wav,emergency,0.99609375,0.99609375,0.0,0.0,"[127, -128, -128]",True,,,,0.3416669787839055,1.468874979764223,0.7556249620392919,2.5745410239323974
200,Junxi,emergency,unavailable_in_sd_path,49,/Users/zilongzeng/Research/DroneControl/user_study_v1/Junxi/Emergency/49.wav,Junxi/Emergency/49.wav,movement,0.99609375,0.0,0.99609375,0.0,"[-128, 127, -128]",False,,,,0.34020794555544853,1.277957926504314,0.7287500193342566,2.353791962377727
201,Junxi,movement,unavailable_in_sd_path,0,/Users/zilongzeng/Research/DroneControl/user_study_v1/Junxi/Movement/0.wav,Junxi/Movement/0.wav,movement,0.99609375,0.0,0.99609375,0.0,"[-128, 127, -128]",True,,,,0.0979589531198144,1.3834170531481504,0.6404169835150242,2.1322499960660934
202,Junxi,movement,unavailable_in_sd_path,1,/Users/zilongzeng/Research/DroneControl/user_study_v1/Junxi/Movement/1.wav,Junxi/Movement/1.wav,movement,0.99609375,0.0,0.99609375,0.0,"[-128, 127, -128]",True,,,,0.19037502352148294,1.4167079934850335,0.6878339918330312,2.3024159017950296
203,Junxi,movement,unavailable_in_sd_path,2,/Users/zilongzeng/Research/DroneControl/user_study_v1/Junxi/Movement/2.wav,Junxi/Movement/2.wav,movement,0.99609375,0.0,0.99609375,0.0,"[-128, 127, -128]",True,,,,0.10345794726163149,1.4117080718278885,0.6900409935042262,2.21129204146564
204,Junxi,movement,unavailable_in_sd_path,3,/Users/zilongzeng/Research/DroneControl/user_study_v1/Junxi/Movement/3.wav,Junxi/Movement/3.wav,movement,0.99609375,0.0,0.99609375,0.0,"[-128, 127, -128]",True,,,,0.23412506561726332,1.3962499797344208,0.7041249191388488,2.3400409845635295
205,Junxi,movement,unavailable_in_sd_path,4,/Users/zilongzeng/Research/DroneControl/user_study_v1/Junxi/Movement/4.wav,Junxi/Movement/4.wav,movement,0.99609375,0.0,0.99609375,0.0,"[-128, 127, -128]",True,,,,0.2573330421000719,1.2873330852016807,0.7660420378670096,2.321917098015547
206,Junxi,movement,unavailable_in_sd_path,5,/Users/zilongzeng/Research/DroneControl/user_study_v1/Junxi/Movement/5.wav,Junxi/Movement/5.wav,movement,0.99609375,0.0,0.99609375,0.0,"[-128, 127, -128]",True,,,,0.087916967459023,1.3989999424666166,0.7019169861450791,2.19608296174556
207,Junxi,movement,unavailable_in_sd_path,6,/Users/zilongzeng/Research/DroneControl/user_study_v1/Junxi/Movement/6.wav,Junxi/Movement/6.wav,movement,0.99609375,0.0,0.99609375,0.0,"[-128, 127, -128]",True,,,,0.09570794645696878,1.4217500574886799,0.743082957342267,2.2680830443277955
208,Junxi,movement,unavailable_in_sd_path,7,/Users/zilongzeng/Research/DroneControl/user_study_v1/Junxi/Movement/7.wav,Junxi/Movement/7.wav,movement,0.99609375,0.0,0.99609375,0.0,"[-128, 127, -128]",True,,,,0.10095804464071989,1.3994169421494007,0.6317499792203307,2.142750076018274
209,Junxi,movement,unavailable_in_sd_path,8,/Users/zilongzeng/Research/DroneControl/user_study_v1/Junxi/Movement/8.wav,Junxi/Movement/8.wav,movement,0.99609375,0.0,0.99609375,0.0,"[-128, 127, -128]",True,,,,0.331499963067472,1.380541012622416,0.7141249952837825,2.434500027447939
210,Junxi,movement,unavailable_in_sd_path,9,/Users/zilongzeng/Research/DroneControl/user_study_v1/Junxi/Movement/9.wav,Junxi/Movement/9.wav,movement,0.99609375,0.0,0.99609375,0.0,"[-128, 127, -128]",True,,,,0.23258302826434374,1.4504579594358802,0.7484169909730554,2.4386669974774122
211,Junxi,movement,unavailable_in_sd_path,10,/Users/zilongzeng/Research/DroneControl/user_study_v1/Junxi/Movement/10.wav,Junxi/Movement/10.wav,movement,0.99609375,0.0,0.99609375,0.0,"[-128, 127, -128]",True,,,,0.08983293082565069,1.4875830383971334,0.7511250441893935,2.3356250021606684
212,Junxi,movement,unavailable_in_sd_path,11,/Users/zilongzeng/Research/DroneControl/user_study_v1/Junxi/Movement/11.wav,Junxi/Movement/11.wav,movement,0.99609375,0.0,0.99609375,0.0,"[-128, 127, -128]",True,,,,0.1014170702546835,1.4530000044032931,0.6372500211000443,2.2011250257492065
213,Junxi,movement,unavailable_in_sd_path,12,/Users/zilongzeng/Research/DroneControl/user_study_v1/Junxi/Movement/12.wav,Junxi/Movement/12.wav,movement,0.99609375,0.0,0.99609375,0.0,"[-128, 127, -128]",True,,,,0.1487499102950096,1.3315420364961028,0.7433339487761259,2.231874968856573
214,Junxi,movement,unavailable_in_sd_path,13,/Users/zilongzeng/Research/DroneControl/user_study_v1/Junxi/Movement/13.wav,Junxi/Movement/13.wav,movement,0.99609375,0.0,0.99609375,0.0,"[-128, 127, -128]",True,,,,0.09983300697058439,1.5666659455746412,0.7578750373795629,2.431917004287243
215,Junxi,movement,unavailable_in_sd_path,14,/Users/zilongzeng/Research/DroneControl/user_study_v1/Junxi/Movement/14.wav,Junxi/Movement/14.wav,movement,0.99609375,0.0,0.99609375,0.0,"[-128, 127, -128]",True,,,,0.10329193901270628,1.36824999935925,0.7069580024108291,2.1843749564141035
216,Junxi,movement,unavailable_in_sd_path,15,/Users/zilongzeng/Research/DroneControl/user_study_v1/Junxi/Movement/15.wav,Junxi/Movement/15.wav,movement,0.99609375,0.0,0.99609375,0.0,"[-128, 127, -128]",True,,,,0.07754098623991013,1.3017909368500113,0.7048749830573797,2.1423749858513474
217,Junxi,movement,unavailable_in_sd_path,16,/Users/zilongzeng/Research/DroneControl/user_study_v1/Junxi/Movement/16.wav,Junxi/Movement/16.wav,movement,0.99609375,0.0,0.99609375,0.0,"[-128, 127, -128]",True,,,,0.23250002413988113,1.388082979246974,0.738375005312264,2.3667500354349613
218,Junxi,movement,unavailable_in_sd_path,17,/Users/zilongzeng/Research/DroneControl/user_study_v1/Junxi/Movement/17.wav,Junxi/Movement/17.wav,movement,0.99609375,0.0,0.99609375,0.0,"[-128, 127, -128]",True,,,,0.10658393148332834,1.2947500217705965,0.7448750548064709,2.1537499269470572
219,Junxi,movement,unavailable_in_sd_path,18,/Users/zilongzeng/Research/DroneControl/user_study_v1/Junxi/Movement/18.wav,Junxi/Movement/18.wav,movement,0.76953125,0.0,0.76953125,0.23046875,"[-128, 69, -69]",True,,,,0.09645894169807434,1.2770839966833591,0.6821249844506383,2.0606659818440676
220,Junxi,movement,unavailable_in_sd_path,19,/Users/zilongzeng/Research/DroneControl/user_study_v1/Junxi/Movement/19.wav,Junxi/Movement/19.wav,movement,0.99609375,0.0,0.99609375,0.0,"[-128, 127, -128]",True,,,,0.2732500433921814,1.33816699963063,0.7317499257624149,2.3498330265283585
221,Junxi,movement,unavailable_in_sd_path,20,/Users/zilongzeng/Research/DroneControl/user_study_v1/Junxi/Movement/20.wav,Junxi/Movement/20.wav,movement,0.99609375,0.0,0.99609375,0.0,"[-128, 127, -128]",True,,,,0.3085419302806258,1.4850420411676168,0.7040840573608875,2.504332922399044
222,Junxi,movement,unavailable_in_sd_path,21,/Users/zilongzeng/Research/DroneControl/user_study_v1/Junxi/Movement/21.wav,Junxi/Movement/21.wav,movement,0.79296875,0.01171875,0.79296875,0.1953125,"[-125, 75, -78]",True,,,,0.08649996016174555,1.3074169401079416,0.7024580845609307,2.102375030517578
223,Junxi,movement,unavailable_in_sd_path,22,/Users/zilongzeng/Research/DroneControl/user_study_v1/Junxi/Movement/22.wav,Junxi/Movement/22.wav,movement,0.99609375,0.0,0.99609375,0.0,"[-128, 127, -128]",True,,,,0.07787509821355343,1.2070420198142529,0.6927500944584608,1.9828329095616937
224,Junxi,movement,unavailable_in_sd_path,23,/Users/zilongzeng/Research/DroneControl/user_study_v1/Junxi/Movement/23.wav,Junxi/Movement/23.wav,movement,0.99609375,0.0,0.99609375,0.0,"[-128, 127, -128]",True,,,,0.06329198367893696,1.5095840208232403,0.7560420781373978,2.3389579728245735
225,Junxi,movement,unavailable_in_sd_path,24,/Users/zilongzeng/Research/DroneControl/user_study_v1/Junxi/Movement/24.wav,Junxi/Movement/24.wav,movement,0.99609375,0.0,0.99609375,0.0,"[-128, 127, -128]",True,,,,0.23487501312047243,1.416333019733429,0.7329999934881926,2.3908340372145176
226,Junxi,movement,unavailable_in_sd_path,25,/Users/zilongzeng/Research/DroneControl/user_study_v1/Junxi/Movement/25.wav,Junxi/Movement/25.wav,movement,0.99609375,0.0,0.99609375,0.0,"[-128, 127, -128]",True,,,,0.09054201655089855,1.393082900904119,0.6974590942263603,2.1863749716430902
227,Junxi,movement,unavailable_in_sd_path,26,/Users/zilongzeng/Research/DroneControl/user_study_v1/Junxi/Movement/26.wav,Junxi/Movement/26.wav,movement,0.99609375,0.0,0.99609375,0.0,"[-128, 127, -128]",True,,,,0.07820804603397846,1.2207910185679793,0.8142079459503293,2.1499590948224068
228,Junxi,movement,unavailable_in_sd_path,27,/Users/zilongzeng/Research/DroneControl/user_study_v1/Junxi/Movement/27.wav,Junxi/Movement/27.wav,movement,0.99609375,0.0,0.99609375,0.0,"[-128, 127, -128]",True,,,,0.16929209232330322,1.4061250258237123,0.7347910432145,2.3175000678747892
229,Junxi,movement,unavailable_in_sd_path,28,/Users/zilongzeng/Research/DroneControl/user_study_v1/Junxi/Movement/28.wav,Junxi/Movement/28.wav,movement,0.99609375,0.0,0.99609375,0.0,"[-128, 127, -128]",True,,,,0.09387510363012552,1.2575419386848807,0.7302920566871762,2.0903339609503746
230,Junxi,movement,unavailable_in_sd_path,29,/Users/zilongzeng/Research/DroneControl/user_study_v1/Junxi/Movement/29.wav,Junxi/Movement/29.wav,movement,0.99609375,0.0,0.99609375,0.0,"[-128, 127, -128]",True,,,,0.13591698370873928,1.3113339664414525,0.7020420162007213,2.1549169905483723
231,Junxi,movement,unavailable_in_sd_path,30,/Users/zilongzeng/Research/DroneControl/user_study_v1/Junxi/Movement/30.wav,Junxi/Movement/30.wav,movement,0.99609375,0.0,0.99609375,0.0,"[-128, 127, -128]",True,,,,0.06904196925461292,1.327750040218234,0.6422080332413316,2.049374976195395
232,Junxi,movement,unavailable_in_sd_path,31,/Users/zilongzeng/Research/DroneControl/user_study_v1/Junxi/Movement/31.wav,Junxi/Movement/31.wav,movement,0.99609375,0.0,0.99609375,0.0,"[-128, 127, -128]",True,,,,0.19837496802210808,1.3277080142870545,0.7170829921960831,2.2518339101225138
233,Junxi,movement,unavailable_in_sd_path,32,/Users/zilongzeng/Research/DroneControl/user_study_v1/Junxi/Movement/32.wav,Junxi/Movement/32.wav,movement,0.99609375,0.0,0.99609375,0.0,"[-128, 127, -128]",True,,,,0.09304203558713198,1.3487919932231307,0.7313329260796309,2.180458977818489
234,Junxi,movement,unavailable_in_sd_path,33,/Users/zilongzeng/Research/DroneControl/user_study_v1/Junxi/Movement/33.wav,Junxi/Movement/33.wav,movement,0.99609375,0.0,0.99609375,0.0,"[-128, 127, -128]",True,,,,0.08437503129243851,1.350125065073371,0.6997920572757721,2.1401250269263983
235,Junxi,movement,unavailable_in_sd_path,34,/Users/zilongzeng/Research/DroneControl/user_study_v1/Junxi/Movement/34.wav,Junxi/Movement/34.wav,movement,0.99609375,0.0,0.99609375,0.0,"[-128, 127, -128]",True,,,,0.07466599345207214,1.5160839539021254,0.7230000337585807,2.3211250081658363
236,Junxi,movement,unavailable_in_sd_path,35,/Users/zilongzeng/Research/DroneControl/user_study_v1/Junxi/Movement/35.wav,Junxi/Movement/35.wav,movement,0.99609375,0.0,0.99609375,0.0,"[-128, 127, -128]",True,,,,0.19816705025732517,1.4513329369947314,0.7045830134302378,2.360749989748001
237,Junxi,movement,unavailable_in_sd_path,36,/Users/zilongzeng/Research/DroneControl/user_study_v1/Junxi/Movement/36.wav,Junxi/Movement/36.wav,movement,0.99609375,0.0,0.99609375,0.0,"[-128, 127, -128]",True,,,,0.2315420424565673,1.3212079647928476,0.6997910095378757,2.258499967865646
238,Junxi,movement,unavailable_in_sd_path,37,/Users/zilongzeng/Research/DroneControl/user_study_v1/Junxi/Movement/37.wav,Junxi/Movement/37.wav,movement,0.99609375,0.0,0.99609375,0.0,"[-128, 127, -128]",True,,,,0.07929105777293444,1.2258330825716257,0.6963330088183284,2.0069170277565718
239,Junxi,movement,unavailable_in_sd_path,38,/Users/zilongzeng/Research/DroneControl/user_study_v1/Junxi/Movement/38.wav,Junxi/Movement/38.wav,unknown,0.984375,0.00390625,0.0078125,0.984375,"[-127, -126, 124]",False,,,,0.2698749303817749,1.3770420337095857,0.746792065910995,2.401042031124234
240,Junxi,movement,unavailable_in_sd_path,39,/Users/zilongzeng/Research/DroneControl/user_study_v1/Junxi/Movement/39.wav,Junxi/Movement/39.wav,movement,0.99609375,0.0,0.99609375,0.0,"[-128, 127, -128]",True,,,,0.0975829316303134,1.5305000124499202,0.725042074918747,2.3600830463692546
241,Junxi,movement,unavailable_in_sd_path,40,/Users/zilongzeng/Research/DroneControl/user_study_v1/Junxi/Movement/40.wav,Junxi/Movement/40.wav,movement,0.99609375,0.0,0.99609375,0.0,"[-128, 127, -128]",True,,,,0.10725005995482206,1.4098330866545439,0.6712080212309957,2.194416942074895
242,Junxi,movement,unavailable_in_sd_path,41,/Users/zilongzeng/Research/DroneControl/user_study_v1/Junxi/Movement/41.wav,Junxi/Movement/41.wav,movement,0.99609375,0.0,0.99609375,0.0,"[-128, 127, -128]",True,,,,0.07558299694210291,1.2928330106660724,0.6900829030200839,2.112167072482407
243,Junxi,movement,unavailable_in_sd_path,42,/Users/zilongzeng/Research/DroneControl/user_study_v1/Junxi/Movement/42.wav,Junxi/Movement/42.wav,movement,0.99609375,0.0,0.99609375,0.0,"[-128, 127, -128]",True,,,,0.2020830288529396,1.4073329512029886,0.7072919979691505,2.3245419142767787
244,Junxi,movement,unavailable_in_sd_path,43,/Users/zilongzeng/Research/DroneControl/user_study_v1/Junxi/Movement/43.wav,Junxi/Movement/43.wav,unknown,0.69140625,0.30859375,0.0,0.69140625,"[-49, -128, 49]",False,,,,0.2435420174151659,1.3040000339969993,0.7338750874623656,2.288958989083767
245,Junxi,movement,unavailable_in_sd_path,44,/Users/zilongzeng/Research/DroneControl/user_study_v1/Junxi/Movement/44.wav,Junxi/Movement/44.wav,movement,0.99609375,0.0,0.99609375,0.0,"[-128, 127, -128]",True,,,,0.09437510743737221,1.285957987420261,0.6717090727761388,2.0586670143529773
246,Junxi,movement,unavailable_in_sd_path,45,/Users/zilongzeng/Research/DroneControl/user_study_v1/Junxi/Movement/45.wav,Junxi/Movement/45.wav,movement,0.99609375,0.0,0.99609375,0.0,"[-128, 127, -128]",True,,,,0.08100003469735384,1.5270409639924765,0.7272080983966589,2.3423749953508377
247,Junxi,movement,unavailable_in_sd_path,46,/Users/zilongzeng/Research/DroneControl/user_study_v1/Junxi/Movement/46.wav,Junxi/Movement/46.wav,movement,0.99609375,0.0,0.99609375,0.0,"[-128, 127, -128]",True,,,,0.09583402425050735,1.4473340706899762,0.6930000381544232,2.242333022877574
248,Junxi,movement,unavailable_in_sd_path,47,/Users/zilongzeng/Research/DroneControl/user_study_v1/Junxi/Movement/47.wav,Junxi/Movement/47.wav,movement,0.99609375,0.0,0.99609375,0.0,"[-128, 127, -128]",True,,,,0.08337490726262331,1.525375060737133,0.7011669222265482,2.315875026397407
249,Junxi,movement,unavailable_in_sd_path,48,/Users/zilongzeng/Research/DroneControl/user_study_v1/Junxi/Movement/48.wav,Junxi/Movement/48.wav,movement,0.99609375,0.0,0.99609375,0.0,"[-128, 127, -128]",True,,,,0.08937506936490536,1.244208076968789,0.6979999598115683,2.0367089891806245
250,Junxi,movement,unavailable_in_sd_path,49,/Users/zilongzeng/Research/DroneControl/user_study_v1/Junxi/Movement/49.wav,Junxi/Movement/49.wav,movement,0.99609375,0.0,0.99609375,0.0,"[-128, 127, -128]",True,,,,0.06062502507120371,1.3543750392273068,0.7187080336734653,2.1429589251056314
251,Muyuan,emergency,unavailable_in_sd_path,0,/Users/zilongzeng/Research/DroneControl/user_study_v1/Muyuan/Emergency/0.wav,Muyuan/Emergency/0.wav,emergency,0.99609375,0.99609375,0.0,0.0,"[127, -128, -128]",True,,,,0.13216701336205006,1.3334579998627305,0.7065830286592245,2.1785839926451445
252,Muyuan,emergency,unavailable_in_sd_path,1,/Users/zilongzeng/Research/DroneControl/user_study_v1/Muyuan/Emergency/1.wav,Muyuan/Emergency/1.wav,emergency,0.99609375,0.99609375,0.0,0.0,"[127, -128, -128]",True,,,,0.08612498641014099,1.4477919321507215,0.6892499513924122,2.229000092484057
253,Muyuan,emergency,unavailable_in_sd_path,2,/Users/zilongzeng/Research/DroneControl/user_study_v1/Muyuan/Emergency/2.wav,Muyuan/Emergency/2.wav,emergency,0.9609375,0.9609375,0.0390625,0.0,"[118, -118, -128]",True,,,,0.08958298712968826,1.2444579042494297,0.7157920626923442,2.0568330073729157
254,Muyuan,emergency,unavailable_in_sd_path,3,/Users/zilongzeng/Research/DroneControl/user_study_v1/Muyuan/Emergency/3.wav,Muyuan/Emergency/3.wav,emergency,0.99609375,0.99609375,0.0,0.0,"[127, -128, -128]",True,,,,0.0868749339133501,1.322000054642558,0.7097501074895263,2.1268329583108425
255,Muyuan,emergency,unavailable_in_sd_path,4,/Users/zilongzeng/Research/DroneControl/user_study_v1/Muyuan/Emergency/4.wav,Muyuan/Emergency/4.wav,emergency,0.99609375,0.99609375,0.0,0.0,"[127, -128, -128]",True,,,,0.0903749605640769,1.4467909932136536,0.7278328994289041,2.2726249881088734
256,Muyuan,emergency,unavailable_in_sd_path,5,/Users/zilongzeng/Research/DroneControl/user_study_v1/Muyuan/Emergency/5.wav,Muyuan/Emergency/5.wav,emergency,0.99609375,0.99609375,0.0,0.0,"[127, -128, -128]",True,,,,0.23004203103482723,1.4252910623326898,0.6933750119060278,2.35383294057101
257,Muyuan,emergency,unavailable_in_sd_path,6,/Users/zilongzeng/Research/DroneControl/user_study_v1/Muyuan/Emergency/6.wav,Muyuan/Emergency/6.wav,emergency,0.99609375,0.99609375,0.0,0.0,"[127, -128, -128]",True,,,,0.20820798818022013,1.411958015523851,0.7382079493254423,2.366500091738999
258,Muyuan,emergency,unavailable_in_sd_path,7,/Users/zilongzeng/Research/DroneControl/user_study_v1/Muyuan/Emergency/7.wav,Muyuan/Emergency/7.wav,emergency,0.99609375,0.99609375,0.0,0.0,"[127, -128, -128]",True,,,,0.2490419428795576,1.3021669583395123,0.7162920664995909,2.274167025461793
259,Muyuan,emergency,unavailable_in_sd_path,8,/Users/zilongzeng/Research/DroneControl/user_study_v1/Muyuan/Emergency/8.wav,Muyuan/Emergency/8.wav,emergency,0.99609375,0.99609375,0.0,0.0,"[127, -128, -128]",True,,,,0.241332920268178,1.3867920497432351,0.7047499530017376,2.3391670547425747
260,Muyuan,emergency,unavailable_in_sd_path,9,/Users/zilongzeng/Research/DroneControl/user_study_v1/Muyuan/Emergency/9.wav,Muyuan/Emergency/9.wav,unknown,0.99609375,0.0,0.00390625,0.99609375,"[-128, -127, 127]",False,,,,0.10370893869549036,1.3078750343993306,0.6769999163225293,2.094375086016953
261,Muyuan,emergency,unavailable_in_sd_path,10,/Users/zilongzeng/Research/DroneControl/user_study_v1/Muyuan/Emergency/10.wav,Muyuan/Emergency/10.wav,emergency,0.99609375,0.99609375,0.0,0.0,"[127, -128, -128]",True,,,,0.06637501064687967,1.5042920131236315,0.6976670119911432,2.275666920468211
262,Muyuan,emergency,unavailable_in_sd_path,11,/Users/zilongzeng/Research/DroneControl/user_study_v1/Muyuan/Emergency/11.wav,Muyuan/Emergency/11.wav,emergency,0.99609375,0.99609375,0.0,0.0,"[127, -128, -128]",True,,,,0.08537492249161005,1.4523750869557261,0.7147500291466713,2.258584019728005
263,Muyuan,emergency,unavailable_in_sd_path,12,/Users/zilongzeng/Research/DroneControl/user_study_v1/Muyuan/Emergency/12.wav,Muyuan/Emergency/12.wav,emergency,0.99609375,0.99609375,0.0,0.0,"[127, -128, -128]",True,,,,0.07466610986739397,1.4291669940575957,0.6902080494910479,2.200457965955138
264,Muyuan,emergency,unavailable_in_sd_path,13,/Users/zilongzeng/Research/DroneControl/user_study_v1/Muyuan/Emergency/13.wav,Muyuan/Emergency/13.wav,movement,0.99609375,0.0,0.99609375,0.0,"[-128, 127, -128]",False,,,,0.08295802399516106,1.2576250592246652,0.7017500465735793,2.0482500549405813
265,Muyuan,emergency,unavailable_in_sd_path,14,/Users/zilongzeng/Research/DroneControl/user_study_v1/Muyuan/Emergency/14.wav,Muyuan/Emergency/14.wav,emergency,0.9921875,0.9921875,0.0078125,0.0,"[126, -126, -128]",True,,,,0.08045800495892763,1.4374160673469305,0.7205830188468099,2.2454169811680913
266,Muyuan,emergency,unavailable_in_sd_path,15,/Users/zilongzeng/Research/DroneControl/user_study_v1/Muyuan/Emergency/15.wav,Muyuan/Emergency/15.wav,emergency,0.91796875,0.91796875,0.08203125,0.0,"[107, -107, -128]",True,,,,0.09758304804563522,1.3706249883398414,0.7139579392969608,2.1884170128032565
267,Muyuan,emergency,unavailable_in_sd_path,16,/Users/zilongzeng/Research/DroneControl/user_study_v1/Muyuan/Emergency/16.wav,Muyuan/Emergency/16.wav,movement,0.99609375,0.0,0.99609375,0.0,"[-128, 127, -128]",False,,,,0.091583002358675,1.3920000055804849,0.6831670179963112,2.1730000153183937
268,Muyuan,emergency,unavailable_in_sd_path,17,/Users/zilongzeng/Research/DroneControl/user_study_v1/Muyuan/Emergency/17.wav,Muyuan/Emergency/17.wav,movement,0.984375,0.015625,0.984375,0.0,"[-124, 124, -128]",False,,,,0.08599995635449886,1.2340409448370337,0.7551669841632247,2.083083032630384
269,Muyuan,emergency,unavailable_in_sd_path,18,/Users/zilongzeng/Research/DroneControl/user_study_v1/Muyuan/Emergency/18.wav,Muyuan/Emergency/18.wav,movement,0.734375,0.26953125,0.734375,0.0,"[-59, 60, -128]",False,,,,0.21674996241927147,1.471084076911211,0.7195839425548911,2.4143329355865717
270,Muyuan,emergency,unavailable_in_sd_path,19,/Users/zilongzeng/Research/DroneControl/user_study_v1/Muyuan/Emergency/19.wav,Muyuan/Emergency/19.wav,movement,0.99609375,0.0,0.99609375,0.0,"[-128, 127, -128]",False,,,,0.2542500151321292,1.2786670122295618,0.7350830128416419,2.2749999770894647
271,Muyuan,emergency,unavailable_in_sd_path,20,/Users/zilongzeng/Research/DroneControl/user_study_v1/Muyuan/Emergency/20.wav,Muyuan/Emergency/20.wav,emergency,0.55078125,0.55078125,0.44921875,0.0,"[13, -13, -128]",True,,,,0.09579199831932783,1.3099170755594969,0.6921660387888551,2.1035410463809967
272,Muyuan,emergency,unavailable_in_sd_path,21,/Users/zilongzeng/Research/DroneControl/user_study_v1/Muyuan/Emergency/21.wav,Muyuan/Emergency/21.wav,emergency,0.76953125,0.76953125,0.23046875,0.0,"[69, -69, -128]",True,,,,0.212749931961298,1.300125033594668,0.7499170023947954,2.271832898259163
273,Muyuan,emergency,unavailable_in_sd_path,22,/Users/zilongzeng/Research/DroneControl/user_study_v1/Muyuan/Emergency/22.wav,Muyuan/Emergency/22.wav,movement,0.97265625,0.02734375,0.97265625,0.0,"[-121, 121, -128]",False,,,,0.24908396881073713,1.3221249682828784,0.7225420558825135,2.299874904565513
274,Muyuan,emergency,unavailable_in_sd_path,23,/Users/zilongzeng/Research/DroneControl/user_study_v1/Muyuan/Emergency/23.wav,Muyuan/Emergency/23.wav,emergency,0.8828125,0.8828125,0.1171875,0.0,"[98, -98, -128]",True,,,,0.2168749924749136,1.4870829181745648,0.6315830396488309,2.34466593246907
275,Muyuan,emergency,unavailable_in_sd_path,24,/Users/zilongzeng/Research/DroneControl/user_study_v1/Muyuan/Emergency/24.wav,Muyuan/Emergency/24.wav,emergency,0.9921875,0.9921875,0.0078125,0.0,"[126, -126, -128]",True,,,,0.1473750453442335,1.3819169253110886,0.7442920468747616,2.282415982335806
276,Muyuan,emergency,unavailable_in_sd_path,25,/Users/zilongzeng/Research/DroneControl/user_study_v1/Muyuan/Emergency/25.wav,Muyuan/Emergency/25.wav,movement,0.99609375,0.0,0.99609375,0.0,"[-128, 127, -128]",False,,,,0.079583958722651,1.5506250783801079,0.7509998977184296,2.388749970123172
277,Muyuan,emergency,unavailable_in_sd_path,26,/Users/zilongzeng/Research/DroneControl/user_study_v1/Muyuan/Emergency/26.wav,Muyuan/Emergency/26.wav,movement,0.99609375,0.0,0.99609375,0.0,"[-128, 127, -128]",False,,,,0.11395895853638649,1.384790986776352,0.7323329336941242,2.238582936115563
278,Muyuan,emergency,unavailable_in_sd_path,27,/Users/zilongzeng/Research/DroneControl/user_study_v1/Muyuan/Emergency/27.wav,Muyuan/Emergency/27.wav,movement,0.421875,0.34765625,0.421875,0.23046875,"[-39, -20, -69]",False,,,,0.10470801498740911,1.3025000225752592,0.6983330240473151,2.111208043061197
279,Muyuan,emergency,unavailable_in_sd_path,28,/Users/zilongzeng/Research/DroneControl/user_study_v1/Muyuan/Emergency/28.wav,Muyuan/Emergency/28.wav,movement,0.99609375,0.0,0.99609375,0.0,"[-128, 127, -128]",False,,,,0.07487495895475149,1.2057089479640126,0.8013329934328794,2.090167021378875
280,Muyuan,emergency,unavailable_in_sd_path,29,/Users/zilongzeng/Research/DroneControl/user_study_v1/Muyuan/Emergency/29.wav,Muyuan/Emergency/29.wav,emergency,0.83203125,0.83203125,0.16796875,0.0,"[85, -85, -128]",True,,,,0.07475004531443119,1.4630000805482268,0.7269999478012323,2.271750010550022
281,Muyuan,emergency,unavailable_in_sd_path,30,/Users/zilongzeng/Research/DroneControl/user_study_v1/Muyuan/Emergency/30.wav,Muyuan/Emergency/30.wav,movement,0.99609375,0.0,0.99609375,0.0,"[-128, 127, -128]",False,,,,0.08566596079617739,1.3194580096751451,0.724292011000216,2.1369580645114183
282,Muyuan,emergency,unavailable_in_sd_path,31,/Users/zilongzeng/Research/DroneControl/user_study_v1/Muyuan/Emergency/31.wav,Muyuan/Emergency/31.wav,movement,0.59765625,0.40234375,0.59765625,0.0,"[-25, 25, -128]",False,,,,0.12212502770125866,1.4803330413997173,0.6349579198285937,2.247166004963219
283,Muyuan,emergency,unavailable_in_sd_path,32,/Users/zilongzeng/Research/DroneControl/user_study_v1/Muyuan/Emergency/32.wav,Muyuan/Emergency/32.wav,unknown,0.99609375,0.0,0.0,0.99609375,"[-128, -128, 127]",False,,,,0.19862502813339233,1.4068749733269215,0.730458996258676,2.343707950785756
284,Muyuan,emergency,unavailable_in_sd_path,33,/Users/zilongzeng/Research/DroneControl/user_study_v1/Muyuan/Emergency/33.wav,Muyuan/Emergency/33.wav,emergency,0.9609375,0.9609375,0.0390625,0.0,"[118, -118, -128]",True,,,,0.10245805606245995,1.3017919845879078,0.717374961823225,2.127916901372373
285,Muyuan,emergency,unavailable_in_sd_path,34,/Users/zilongzeng/Research/DroneControl/user_study_v1/Muyuan/Emergency/34.wav,Muyuan/Emergency/34.wav,emergency,0.99609375,0.99609375,0.0,0.0,"[127, -128, -128]",True,,,,0.069082947447896,1.2369999894872308,0.7284170715138316,2.04137503169477
286,Muyuan,emergency,unavailable_in_sd_path,35,/Users/zilongzeng/Research/DroneControl/user_study_v1/Muyuan/Emergency/35.wav,Muyuan/Emergency/35.wav,emergency,0.9921875,0.9921875,0.00390625,0.0,"[126, -127, -128]",True,,,,0.0866670161485672,1.2808339670300484,0.7132090395316482,2.0861669909209013
287,Muyuan,emergency,unavailable_in_sd_path,36,/Users/zilongzeng/Research/DroneControl/user_study_v1/Muyuan/Emergency/36.wav,Muyuan/Emergency/36.wav,movement,0.99609375,0.0,0.99609375,0.0,"[-128, 127, -128]",False,,,,0.07029203698039055,1.493374933488667,0.7107090204954147,2.2820000303909183
288,Muyuan,emergency,unavailable_in_sd_path,37,/Users/zilongzeng/Research/DroneControl/user_study_v1/Muyuan/Emergency/37.wav,Muyuan/Emergency/37.wav,emergency,0.9921875,0.9921875,0.0078125,0.0,"[126, -126, -128]",True,,,,0.2412500325590372,1.4305419754236937,0.6820419803261757,2.3600420681759715
289,Muyuan,emergency,unavailable_in_sd_path,38,/Users/zilongzeng/Research/DroneControl/user_study_v1/Muyuan/Emergency/38.wav,Muyuan/Emergency/38.wav,movement,0.99609375,0.0,0.99609375,0.0,"[-128, 127, -128]",False,,,,0.23283297196030617,1.3359159929677844,0.7122081005945802,2.286124974489212
290,Muyuan,emergency,unavailable_in_sd_path,39,/Users/zilongzeng/Research/DroneControl/user_study_v1/Muyuan/Emergency/39.wav,Muyuan/Emergency/39.wav,movement,0.9921875,0.0078125,0.9921875,0.0,"[-126, 126, -128]",False,,,,0.2226250944659114,1.2480830773711205,0.7033750880509615,2.1797919180244207
291,Muyuan,emergency,unavailable_in_sd_path,40,/Users/zilongzeng/Research/DroneControl/user_study_v1/Muyuan/Emergency/40.wav,Muyuan/Emergency/40.wav,movement,0.99609375,0.0,0.99609375,0.0,"[-128, 127, -128]",False,,,,0.37070794496685266,1.3252079952508211,0.7424589712172747,2.445333986543119
292,Muyuan,emergency,unavailable_in_sd_path,41,/Users/zilongzeng/Research/DroneControl/user_study_v1/Muyuan/Emergency/41.wav,Muyuan/Emergency/41.wav,emergency,0.98828125,0.98828125,0.01171875,0.0,"[125, -125, -128]",True,,,,0.10616704821586609,1.3825419591739774,0.73441700078547,2.2304579615592957
293,Muyuan,emergency,unavailable_in_sd_path,42,/Users/zilongzeng/Research/DroneControl/user_study_v1/Muyuan/Emergency/42.wav,Muyuan/Emergency/42.wav,emergency,0.76953125,0.76953125,0.23046875,0.0,"[69, -69, -128]",True,,,,0.1026670215651393,1.3315409887582064,0.7198750972747803,2.1597089944407344
294,Muyuan,emergency,unavailable_in_sd_path,43,/Users/zilongzeng/Research/DroneControl/user_study_v1/Muyuan/Emergency/43.wav,Muyuan/Emergency/43.wav,movement,0.99609375,0.0,0.99609375,0.0,"[-128, 127, -128]",False,,,,0.06879097782075405,1.275832997635007,0.6732500623911619,2.0877079805359244
295,Muyuan,emergency,unavailable_in_sd_path,44,/Users/zilongzeng/Research/DroneControl/user_study_v1/Muyuan/Emergency/44.wav,Muyuan/Emergency/44.wav,movement,0.99609375,0.0,0.99609375,0.0,"[-128, 127, -128]",False,,,,0.23266696371138096,1.3474170118570328,0.7294999668374658,2.317541977390647
296,Muyuan,emergency,unavailable_in_sd_path,45,/Users/zilongzeng/Research/DroneControl/user_study_v1/Muyuan/Emergency/45.wav,Muyuan/Emergency/45.wav,movement,0.99609375,0.0,0.99609375,0.0,"[-128, 127, -128]",False,,,,0.13212498743087053,1.3013751013204455,0.741042080335319,2.1815409418195486
297,Muyuan,emergency,unavailable_in_sd_path,46,/Users/zilongzeng/Research/DroneControl/user_study_v1/Muyuan/Emergency/46.wav,Muyuan/Emergency/46.wav,movement,0.99609375,0.0,0.99609375,0.0,"[-128, 127, -128]",False,,,,0.10358297731727362,1.4024999691173434,0.6277080392464995,2.1426250459626317
298,Muyuan,emergency,unavailable_in_sd_path,47,/Users/zilongzeng/Research/DroneControl/user_study_v1/Muyuan/Emergency/47.wav,Muyuan/Emergency/47.wav,emergency,0.69140625,0.69140625,0.30859375,0.0,"[49, -49, -128]",True,,,,0.13441697228699923,1.4459999511018395,0.6857500411570072,2.2735840175300837
299,Muyuan,emergency,unavailable_in_sd_path,48,/Users/zilongzeng/Research/DroneControl/user_study_v1/Muyuan/Emergency/48.wav,Muyuan/Emergency/48.wav,emergency,0.99609375,0.99609375,0.00390625,0.0,"[127, -127, -128]",True,,,,0.11487503070384264,1.3944589300081134,0.7034169975668192,2.2186669521033764
300,Muyuan,emergency,unavailable_in_sd_path,49,/Users/zilongzeng/Research/DroneControl/user_study_v1/Muyuan/Emergency/49.wav,Muyuan/Emergency/49.wav,movement,0.99609375,0.0,0.99609375,0.0,"[-128, 127, -128]",False,,,,0.07995800115168095,1.4139589620754123,0.7032919675111771,2.2043329663574696
301,Muyuan,movement,unavailable_in_sd_path,0,/Users/zilongzeng/Research/DroneControl/user_study_v1/Muyuan/Movement/0.wav,Muyuan/Movement/0.wav,movement,0.99609375,0.0,0.99609375,0.0,"[-128, 127, -128]",True,,,,0.08908298332244158,1.2608329998329282,0.6994160357862711,2.055083983577788
302,Muyuan,movement,unavailable_in_sd_path,1,/Users/zilongzeng/Research/DroneControl/user_study_v1/Muyuan/Movement/1.wav,Muyuan/Movement/1.wav,movement,0.99609375,0.0,0.99609375,0.0,"[-128, 127, -128]",True,,,,0.07233291398733854,1.4280830509960651,0.7299999706447124,2.2408749209716916
303,Muyuan,movement,unavailable_in_sd_path,2,/Users/zilongzeng/Research/DroneControl/user_study_v1/Muyuan/Movement/2.wav,Muyuan/Movement/2.wav,movement,0.953125,0.046875,0.953125,0.0,"[-116, 116, -128]",True,,,,0.09420793503522873,1.330292085185647,0.7174590136855841,2.148166997358203
304,Muyuan,movement,unavailable_in_sd_path,3,/Users/zilongzeng/Research/DroneControl/user_study_v1/Muyuan/Movement/3.wav,Muyuan/Movement/3.wav,movement,0.99609375,0.0,0.99609375,0.0,"[-128, 127, -128]",True,,,,0.23770902771502733,1.4649999793618917,0.6948750233277678,2.4037500843405724
305,Muyuan,movement,unavailable_in_sd_path,4,/Users/zilongzeng/Research/DroneControl/user_study_v1/Muyuan/Movement/4.wav,Muyuan/Movement/4.wav,movement,0.99609375,0.0,0.99609375,0.0,"[-128, 127, -128]",True,,,,0.07808394730091095,1.241625053808093,0.7346249185502529,2.093000104650855
306,Muyuan,movement,unavailable_in_sd_path,5,/Users/zilongzeng/Research/DroneControl/user_study_v1/Muyuan/Movement/5.wav,Muyuan/Movement/5.wav,movement,0.99609375,0.0,0.99609375,0.0,"[-128, 127, -128]",True,,,,0.2810830483213067,1.3984160032123327,0.7368749938905239,2.425250015221536
307,Muyuan,movement,unavailable_in_sd_path,6,/Users/zilongzeng/Research/DroneControl/user_study_v1/Muyuan/Movement/6.wav,Muyuan/Movement/6.wav,movement,0.99609375,0.0,0.99609375,0.0,"[-128, 127, -128]",True,,,,0.27604098431766033,1.2659579515457153,0.74562500230968,2.29666696395725
308,Muyuan,movement,unavailable_in_sd_path,7,/Users/zilongzeng/Research/DroneControl/user_study_v1/Muyuan/Movement/7.wav,Muyuan/Movement/7.wav,movement,0.99609375,0.0,0.99609375,0.0,"[-128, 127, -128]",True,,,,0.09887502528727055,1.3604159466922283,0.6857920670881867,2.149958978407085
309,Muyuan,movement,unavailable_in_sd_path,8,/Users/zilongzeng/Research/DroneControl/user_study_v1/Muyuan/Movement/8.wav,Muyuan/Movement/8.wav,movement,0.99609375,0.0,0.99609375,0.0,"[-128, 127, -128]",True,,,,0.07325003389269114,1.393166952766478,0.7396669825538993,2.215209067799151
310,Muyuan,movement,unavailable_in_sd_path,9,/Users/zilongzeng/Research/DroneControl/user_study_v1/Muyuan/Movement/9.wav,Muyuan/Movement/9.wav,movement,0.99609375,0.0,0.99609375,0.0,"[-128, 127, -128]",True,,,,0.12025004252791405,1.334875007160008,0.7196658989414573,2.1808750461786985
311,Muyuan,movement,unavailable_in_sd_path,10,/Users/zilongzeng/Research/DroneControl/user_study_v1/Muyuan/Movement/10.wav,Muyuan/Movement/10.wav,movement,0.99609375,0.0,0.99609375,0.0,"[-128, 127, -128]",True,,,,0.0750409672036767,1.3234579237177968,0.7382499752566218,2.143291989341378
312,Muyuan,movement,unavailable_in_sd_path,11,/Users/zilongzeng/Research/DroneControl/user_study_v1/Muyuan/Movement/11.wav,Muyuan/Movement/11.wav,movement,0.99609375,0.0,0.99609375,0.0,"[-128, 127, -128]",True,,,,0.08349993731826544,1.2768750311806798,0.6935409037396312,2.059374935925007
313,Muyuan,movement,unavailable_in_sd_path,12,/Users/zilongzeng/Research/DroneControl/user_study_v1/Muyuan/Movement/12.wav,Muyuan/Movement/12.wav,unknown,0.93359375,0.0,0.06640625,0.93359375,"[-128, -111, 111]",False,,,,0.06708409637212753,1.462707994505763,0.6967909866943955,2.2329160710796714
314,Muyuan,movement,unavailable_in_sd_path,13,/Users/zilongzeng/Research/DroneControl/user_study_v1/Muyuan/Movement/13.wav,Muyuan/Movement/13.wav,movement,0.99609375,0.0,0.99609375,0.0,"[-128, 127, -128]",True,,,,0.0778749817982316,1.4144580345600843,0.685041886754334,2.182916970923543
315,Muyuan,movement,unavailable_in_sd_path,14,/Users/zilongzeng/Research/DroneControl/user_study_v1/Muyuan/Movement/14.wav,Muyuan/Movement/14.wav,movement,0.99609375,0.0,0.99609375,0.0,"[-128, 127, -128]",True,,,,0.07516599725931883,1.4472920447587967,0.7041249191388488,2.2323750890791416
316,Muyuan,movement,unavailable_in_sd_path,15,/Users/zilongzeng/Research/DroneControl/user_study_v1/Muyuan/Movement/15.wav,Muyuan/Movement/15.wav,movement,0.99609375,0.0,0.99609375,0.0,"[-128, 127, -128]",True,,,,0.07583294063806534,1.223415951244533,0.6828750483691692,1.987542025744915
317,Muyuan,movement,unavailable_in_sd_path,16,/Users/zilongzeng/Research/DroneControl/user_study_v1/Muyuan/Movement/16.wav,Muyuan/Movement/16.wav,movement,0.99609375,0.0,0.99609375,0.0,"[-128, 127, -128]",True,,,,0.0678329961374402,1.4667080249637365,0.6751659093424678,2.216416993178427
318,Muyuan,movement,unavailable_in_sd_path,17,/Users/zilongzeng/Research/DroneControl/user_study_v1/Muyuan/Movement/17.wav,Muyuan/Movement/17.wav,movement,0.99609375,0.0,0.99609375,0.0,"[-128, 127, -128]",True,,,,0.13349996879696846,1.439457992091775,0.7229169132187963,2.303540939465165
319,Muyuan,movement,unavailable_in_sd_path,18,/Users/zilongzeng/Research/DroneControl/user_study_v1/Muyuan/Movement/18.wav,Muyuan/Movement/18.wav,movement,0.99609375,0.0,0.99609375,0.0,"[-128, 127, -128]",True,,,,0.0779579859226942,1.317082904279232,0.7064579986035824,2.1074999822303653
320,Muyuan,movement,unavailable_in_sd_path,19,/Users/zilongzeng/Research/DroneControl/user_study_v1/Muyuan/Movement/19.wav,Muyuan/Movement/19.wav,movement,0.99609375,0.0,0.99609375,0.0,"[-128, 127, -128]",True,,,,0.06545800715684891,1.2717499630525708,0.8047500159591436,2.1826669108122587
321,Muyuan,movement,unavailable_in_sd_path,20,/Users/zilongzeng/Research/DroneControl/user_study_v1/Muyuan/Movement/20.wav,Muyuan/Movement/20.wav,movement,0.99609375,0.0,0.99609375,0.0,"[-128, 127, -128]",True,,,,0.1520420191809535,1.4481249963864684,0.7351250387728214,2.3433330934494734
322,Muyuan,movement,unavailable_in_sd_path,21,/Users/zilongzeng/Research/DroneControl/user_study_v1/Muyuan/Movement/21.wav,Muyuan/Movement/21.wav,movement,0.99609375,0.0,0.99609375,0.0,"[-128, 127, -128]",True,,,,0.13454200234264135,1.3238750398159027,0.7403329946100712,2.207458019256592
323,Muyuan,movement,unavailable_in_sd_path,22,/Users/zilongzeng/Research/DroneControl/user_study_v1/Muyuan/Movement/22.wav,Muyuan/Movement/22.wav,movement,0.99609375,0.0,0.99609375,0.0,"[-128, 127, -128]",True,,,,0.10058400221168995,1.401082961820066,0.724000041373074,2.23220803309232
324,Muyuan,movement,unavailable_in_sd_path,23,/Users/zilongzeng/Research/DroneControl/user_study_v1/Muyuan/Movement/23.wav,Muyuan/Movement/23.wav,movement,0.99609375,0.0,0.99609375,0.0,"[-128, 127, -128]",True,,,,0.18516601994633675,1.4954169746488333,0.7511669537052512,2.439292031340301
325,Muyuan,movement,unavailable_in_sd_path,24,/Users/zilongzeng/Research/DroneControl/user_study_v1/Muyuan/Movement/24.wav,Muyuan/Movement/24.wav,movement,0.99609375,0.0,0.99609375,0.0,"[-128, 127, -128]",True,,,,0.19649998284876347,1.4675420243293047,0.7269580382853746,2.3975420044735074
326,Muyuan,movement,unavailable_in_sd_path,25,/Users/zilongzeng/Research/DroneControl/user_study_v1/Muyuan/Movement/25.wav,Muyuan/Movement/25.wav,movement,0.99609375,0.0,0.99609375,0.0,"[-128, 127, -128]",True,,,,0.15575008001178503,1.5808329917490482,0.7099170470610261,2.4536250857636333
327,Muyuan,movement,unavailable_in_sd_path,26,/Users/zilongzeng/Research/DroneControl/user_study_v1/Muyuan/Movement/26.wav,Muyuan/Movement/26.wav,movement,0.99609375,0.0,0.99609375,0.0,"[-128, 127, -128]",True,,,,0.16291695646941662,1.3226669980213046,0.8080840343609452,2.3332920391112566
328,Muyuan,movement,unavailable_in_sd_path,27,/Users/zilongzeng/Research/DroneControl/user_study_v1/Muyuan/Movement/27.wav,Muyuan/Movement/27.wav,movement,0.99609375,0.0,0.99609375,0.0,"[-128, 127, -128]",True,,,,0.22320798598229885,1.4249590458348393,0.7630420150235295,2.419459051452577
329,Muyuan,movement,unavailable_in_sd_path,28,/Users/zilongzeng/Research/DroneControl/user_study_v1/Muyuan/Movement/28.wav,Muyuan/Movement/28.wav,unknown,0.99609375,0.0,0.0,0.99609375,"[-128, -128, 127]",False,,,,0.21075003314763308,1.3852498959749937,0.7490830030292273,2.35333398450166
330,Muyuan,movement,unavailable_in_sd_path,29,/Users/zilongzeng/Research/DroneControl/user_study_v1/Muyuan/Movement/29.wav,Muyuan/Movement/29.wav,movement,0.99609375,0.00390625,0.99609375,0.0,"[-127, 127, -128]",True,,,,0.2349159913137555,1.3668750179931521,0.7117500063031912,2.319500083103776
331,Muyuan,movement,unavailable_in_sd_path,30,/Users/zilongzeng/Research/DroneControl/user_study_v1/Muyuan/Movement/30.wav,Muyuan/Movement/30.wav,movement,0.9453125,0.0546875,0.9453125,0.0,"[-114, 114, -128]",True,,,,0.13820792082697153,1.4295000582933426,0.6748749874532223,2.251917030662298
332,Muyuan,movement,unavailable_in_sd_path,31,/Users/zilongzeng/Research/DroneControl/user_study_v1/Muyuan/Movement/31.wav,Muyuan/Movement/31.wav,movement,0.83203125,0.16796875,0.83203125,0.0,"[-85, 85, -128]",True,,,,0.2560830907896161,1.4762500068172812,0.7250000489875674,2.465666038915515
333,Muyuan,movement,unavailable_in_sd_path,32,/Users/zilongzeng/Research/DroneControl/user_study_v1/Muyuan/Movement/32.wav,Muyuan/Movement/32.wav,movement,0.99609375,0.0,0.99609375,0.0,"[-128, 127, -128]",True,,,,0.20574999507516623,1.3728750636801124,0.7146670250222087,2.300082938745618
334,Muyuan,movement,unavailable_in_sd_path,33,/Users/zilongzeng/Research/DroneControl/user_study_v1/Muyuan/Movement/33.wav,Muyuan/Movement/33.wav,movement,0.98046875,0.01953125,0.98046875,0.0,"[-123, 123, -128]",True,,,,0.15954207628965378,1.2947500217705965,0.8125420426949859,2.275708015076816
335,Muyuan,movement,unavailable_in_sd_path,34,/Users/zilongzeng/Research/DroneControl/user_study_v1/Muyuan/Movement/34.wav,Muyuan/Movement/34.wav,emergency,0.98828125,0.98828125,0.0,0.0078125,"[125, -128, -126]",False,,,,0.14833291061222553,1.577415969222784,0.7670830236747861,2.5025419890880585
336,Muyuan,movement,unavailable_in_sd_path,35,/Users/zilongzeng/Research/DroneControl/user_study_v1/Muyuan/Movement/35.wav,Muyuan/Movement/35.wav,movement,0.8046875,0.1953125,0.8046875,0.0,"[-78, 78, -128]",True,,,,1.0482920333743095,1.3771670637652278,0.7319999858736992,3.1643749680370092
337,Muyuan,movement,unavailable_in_sd_path,36,/Users/zilongzeng/Research/DroneControl/user_study_v1/Muyuan/Movement/36.wav,Muyuan/Movement/36.wav,movement,0.99609375,0.0,0.99609375,0.0,"[-128, 127, -128]",True,,,,0.08354207966476679,1.2314580380916595,0.6797090172767639,2.0005410769954324
338,Muyuan,movement,unavailable_in_sd_path,37,/Users/zilongzeng/Research/DroneControl/user_study_v1/Muyuan/Movement/37.wav,Muyuan/Movement/37.wav,movement,0.99609375,0.0,0.99609375,0.0,"[-128, 127, -128]",True,,,,0.20595896057784557,1.46566703915596,0.7184590213000774,2.402040991000831
339,Muyuan,movement,unavailable_in_sd_path,38,/Users/zilongzeng/Research/DroneControl/user_study_v1/Muyuan/Movement/38.wav,Muyuan/Movement/38.wav,movement,0.99609375,0.0,0.99609375,0.0,"[-128, 127, -128]",True,,,,0.09804102592170238,1.398958032950759,0.7242499850690365,2.227917080745101
340,Muyuan,movement,unavailable_in_sd_path,39,/Users/zilongzeng/Research/DroneControl/user_study_v1/Muyuan/Movement/39.wav,Muyuan/Movement/39.wav,movement,0.99609375,0.0,0.99609375,0.0,"[-128, 127, -128]",True,,,,0.09225006215274334,1.3853329000994563,0.685916980728507,2.1697089541703463
341,Muyuan,movement,unavailable_in_sd_path,40,/Users/zilongzeng/Research/DroneControl/user_study_v1/Muyuan/Movement/40.wav,Muyuan/Movement/40.wav,movement,0.99609375,0.0,0.99609375,0.0,"[-128, 127, -128]",True,,,,0.07466704118996859,1.1894999770447612,0.7630829932168126,2.034915960393846
342,Muyuan,movement,unavailable_in_sd_path,41,/Users/zilongzeng/Research/DroneControl/user_study_v1/Muyuan/Movement/41.wav,Muyuan/Movement/41.wav,movement,0.99609375,0.0,0.99609375,0.0,"[-128, 127, -128]",True,,,,0.06350001785904169,1.3752499362453818,0.7130830781534314,2.158417017199099
343,Muyuan,movement,unavailable_in_sd_path,42,/Users/zilongzeng/Research/DroneControl/user_study_v1/Muyuan/Movement/42.wav,Muyuan/Movement/42.wav,movement,0.99609375,0.0,0.99609375,0.0,"[-128, 127, -128]",True,,,,0.10774994734674692,1.5307499561458826,0.7263750303536654,2.3741660406813025
344,Muyuan,movement,unavailable_in_sd_path,43,/Users/zilongzeng/Research/DroneControl/user_study_v1/Muyuan/Movement/43.wav,Muyuan/Movement/43.wav,unknown,0.91796875,0.0,0.08203125,0.91796875,"[-128, -107, 107]",False,,,,0.2528328914195299,1.4057910302653909,0.7588749285787344,2.4247500114142895
345,Muyuan,movement,unavailable_in_sd_path,44,/Users/zilongzeng/Research/DroneControl/user_study_v1/Muyuan/Movement/44.wav,Muyuan/Movement/44.wav,movement,0.99609375,0.0,0.99609375,0.0,"[-128, 127, -128]",True,,,,1.1120840208604932,1.4747079694643617,0.7036250317469239,3.296084003522992
346,Muyuan,movement,unavailable_in_sd_path,45,/Users/zilongzeng/Research/DroneControl/user_study_v1/Muyuan/Movement/45.wav,Muyuan/Movement/45.wav,movement,0.99609375,0.0,0.99609375,0.0,"[-128, 127, -128]",True,,,,0.08179200813174248,1.2609580298885703,0.7138749351724982,2.062499988824129
347,Muyuan,movement,unavailable_in_sd_path,46,/Users/zilongzeng/Research/DroneControl/user_study_v1/Muyuan/Movement/46.wav,Muyuan/Movement/46.wav,movement,0.99609375,0.0,0.99609375,0.0,"[-128, 127, -128]",True,,,,0.08187501225620508,1.349083031527698,0.7090420695021749,2.1460000425577164
348,Muyuan,movement,unavailable_in_sd_path,47,/Users/zilongzeng/Research/DroneControl/user_study_v1/Muyuan/Movement/47.wav,Muyuan/Movement/47.wav,movement,0.99609375,0.0,0.99609375,0.0,"[-128, 127, -128]",True,,,,0.07758301217108965,1.2540420284494758,0.7095829350873828,2.046832931227982
349,Muyuan,movement,unavailable_in_sd_path,48,/Users/zilongzeng/Research/DroneControl/user_study_v1/Muyuan/Movement/48.wav,Muyuan/Movement/48.wav,movement,0.99609375,0.0,0.99609375,0.0,"[-128, 127, -128]",True,,,,0.06508396472781897,1.4760830672457814,0.7018749602138996,2.2569160209968686
350,Muyuan,movement,unavailable_in_sd_path,49,/Users/zilongzeng/Research/DroneControl/user_study_v1/Muyuan/Movement/49.wav,Muyuan/Movement/49.wav,movement,0.99609375,0.0,0.99609375,0.0,"[-128, 127, -128]",True,,,,0.13158295769244432,1.3785830233246088,0.7338329451158643,2.25220900028944
351,Muyuan,unknown,unavailable_in_sd_path,0,/Users/zilongzeng/Research/DroneControl/user_study_v1/Muyuan/Unknown/0.wav,Muyuan/Unknown/0.wav,unknown,0.99609375,0.0,0.0,0.99609375,"[-128, -128, 127]",True,,,,0.10866695083677769,1.4013330219313502,0.7046249229460955,2.221084083430469
352,Muyuan,unknown,unavailable_in_sd_path,1,/Users/zilongzeng/Research/DroneControl/user_study_v1/Muyuan/Unknown/1.wav,Muyuan/Unknown/1.wav,unknown,0.99609375,0.0,0.0,0.99609375,"[-128, -128, 127]",True,,,,0.07487495895475149,1.2356670340523124,0.7693750085309148,2.0903330296278
353,Muyuan,unknown,unavailable_in_sd_path,2,/Users/zilongzeng/Research/DroneControl/user_study_v1/Muyuan/Unknown/2.wav,Muyuan/Unknown/2.wav,unknown,0.99609375,0.0,0.0,0.99609375,"[-128, -128, 127]",True,,,,0.12733298353850842,1.4714999124407768,0.7141659734770656,2.3197500267997384
354,Muyuan,unknown,unavailable_in_sd_path,3,/Users/zilongzeng/Research/DroneControl/user_study_v1/Muyuan/Unknown/3.wav,Muyuan/Unknown/3.wav,unknown,0.99609375,0.0,0.0,0.99609375,"[-128, -128, 127]",True,,,,0.2952920040115714,1.4916250947862864,0.6352500058710575,2.4318330688402057
355,Muyuan,unknown,unavailable_in_sd_path,4,/Users/zilongzeng/Research/DroneControl/user_study_v1/Muyuan/Unknown/4.wav,Muyuan/Unknown/4.wav,movement,0.93359375,0.0390625,0.93359375,0.03125,"[-118, 111, -120]",False,,,,0.24583295453339815,1.3427919475361705,0.7040409836918116,2.300208085216582
356,Muyuan,unknown,unavailable_in_sd_path,5,/Users/zilongzeng/Research/DroneControl/user_study_v1/Muyuan/Unknown/5.wav,Muyuan/Unknown/5.wav,unknown,0.99609375,0.0,0.0,0.99609375,"[-128, -128, 127]",True,,,,0.0914999982342124,1.3728749472647905,0.7081250660121441,2.1792500047013164
357,Muyuan,unknown,unavailable_in_sd_path,6,/Users/zilongzeng/Research/DroneControl/user_study_v1/Muyuan/Unknown/6.wav,Muyuan/Unknown/6.wav,unknown,0.99609375,0.0,0.0,0.99609375,"[-128, -128, 127]",True,,,,0.12508302461355925,1.4854579931125045,0.7057919865474105,2.322791959159076
358,Muyuan,unknown,unavailable_in_sd_path,7,/Users/zilongzeng/Research/DroneControl/user_study_v1/Muyuan/Unknown/7.wav,Muyuan/Unknown/7.wav,unknown,0.99609375,0.0,0.0,0.99609375,"[-128, -128, 127]",True,,,,0.08595897816121578,1.410541939549148,0.7051660213619471,2.2074159933254123
359,Muyuan,unknown,unavailable_in_sd_path,8,/Users/zilongzeng/Research/DroneControl/user_study_v1/Muyuan/Unknown/8.wav,Muyuan/Unknown/8.wav,unknown,0.99609375,0.0,0.0,0.99609375,"[-128, -128, 127]",True,,,,0.07404095958918333,1.2169159017503262,0.7047499530017376,2.002499997615814
360,Muyuan,unknown,unavailable_in_sd_path,9,/Users/zilongzeng/Research/DroneControl/user_study_v1/Muyuan/Unknown/9.wav,Muyuan/Unknown/9.wav,unknown,0.99609375,0.0,0.0,0.99609375,"[-128, -128, 127]",True,,,,0.06595905870199203,1.4000419760122895,0.7444999646395445,2.223166055046022
361,Muyuan,unknown,unavailable_in_sd_path,10,/Users/zilongzeng/Research/DroneControl/user_study_v1/Muyuan/Unknown/10.wav,Muyuan/Unknown/10.wav,unknown,0.99609375,0.0,0.0,0.99609375,"[-128, -128, 127]",True,,,,0.1830830005928874,1.345125027000904,0.7279169512912631,2.263166941702366
362,Muyuan,unknown,unavailable_in_sd_path,11,/Users/zilongzeng/Research/DroneControl/user_study_v1/Muyuan/Unknown/11.wav,Muyuan/Unknown/11.wav,unknown,0.99609375,0.0,0.0,0.99609375,"[-128, -128, 127]",True,,,,0.10195805225521326,1.372167025692761,0.7012919522821903,2.1819579415023327
363,Muyuan,unknown,unavailable_in_sd_path,12,/Users/zilongzeng/Research/DroneControl/user_study_v1/Muyuan/Unknown/12.wav,Muyuan/Unknown/12.wav,unknown,0.99609375,0.0,0.0,0.99609375,"[-128, -128, 127]",True,,,,0.08216593414545059,1.3258749386295676,0.7249580230563879,2.1444170270115137
364,Muyuan,unknown,unavailable_in_sd_path,13,/Users/zilongzeng/Research/DroneControl/user_study_v1/Muyuan/Unknown/13.wav,Muyuan/Unknown/13.wav,unknown,0.99609375,0.0,0.0,0.99609375,"[-128, -128, 127]",True,,,,0.21500000730156898,1.6916670138016343,0.7635839283466339,2.67837499268353
365,Muyuan,unknown,unavailable_in_sd_path,14,/Users/zilongzeng/Research/DroneControl/user_study_v1/Muyuan/Unknown/14.wav,Muyuan/Unknown/14.wav,unknown,0.99609375,0.0,0.0,0.99609375,"[-128, -128, 127]",True,,,,0.24274992756545544,1.3619170058518648,0.7222499698400497,2.334499964490533
366,Muyuan,unknown,unavailable_in_sd_path,15,/Users/zilongzeng/Research/DroneControl/user_study_v1/Muyuan/Unknown/15.wav,Muyuan/Unknown/15.wav,unknown,0.99609375,0.0,0.0,0.99609375,"[-128, -128, 127]",True,,,,0.10079098865389824,1.292416942305863,0.687750056385994,2.0870419684797525
367,Muyuan,unknown,unavailable_in_sd_path,16,/Users/zilongzeng/Research/DroneControl/user_study_v1/Muyuan/Unknown/16.wav,Muyuan/Unknown/16.wav,unknown,0.99609375,0.0,0.0,0.99609375,"[-128, -128, 127]",True,,,,0.07979199290275574,1.525250030681491,0.7034579757601023,2.315790974535048
368,Muyuan,unknown,unavailable_in_sd_path,17,/Users/zilongzeng/Research/DroneControl/user_study_v1/Muyuan/Unknown/17.wav,Muyuan/Unknown/17.wav,movement,0.8828125,0.0,0.8828125,0.1171875,"[-128, 98, -98]",False,,,,0.31599996145814657,1.452667056582868,0.7055420428514481,2.48120806645602
369,Muyuan,unknown,unavailable_in_sd_path,18,/Users/zilongzeng/Research/DroneControl/user_study_v1/Muyuan/Unknown/18.wav,Muyuan/Unknown/18.wav,unknown,0.99609375,0.0,0.0,0.99609375,"[-128, -128, 127]",True,,,,0.07929198909550905,1.4249160885810852,0.7018750766292214,2.2122079972177744
370,Muyuan,unknown,unavailable_in_sd_path,19,/Users/zilongzeng/Research/DroneControl/user_study_v1/Muyuan/Unknown/19.wav,Muyuan/Unknown/19.wav,unknown,0.99609375,0.0,0.0,0.99609375,"[-128, -128, 127]",True,,,,0.07041695062071085,1.270415959879756,0.8080829866230488,2.189665916375816
371,Muyuan,unknown,unavailable_in_sd_path,20,/Users/zilongzeng/Research/DroneControl/user_study_v1/Muyuan/Unknown/20.wav,Muyuan/Unknown/20.wav,unknown,0.99609375,0.0,0.0,0.99609375,"[-128, -128, 127]",True,,,,0.17741695046424866,1.3926660176366568,0.7307919440791011,2.3103749845176935
372,Muyuan,unknown,unavailable_in_sd_path,21,/Users/zilongzeng/Research/DroneControl/user_study_v1/Muyuan/Unknown/21.wav,Muyuan/Unknown/21.wav,unknown,0.99609375,0.0,0.0,0.99609375,"[-128, -128, 127]",True,,,,0.3159580519422889,1.5481660375371575,0.638958066701889,2.512749982997775
373,Muyuan,unknown,unavailable_in_sd_path,22,/Users/zilongzeng/Research/DroneControl/user_study_v1/Muyuan/Unknown/22.wav,Muyuan/Unknown/22.wav,unknown,0.99609375,0.0,0.0,0.99609375,"[-128, -128, 127]",True,,,,0.16666704323142767,1.4033340848982334,0.5992500809952617,2.1772499894723296
374,Muyuan,unknown,unavailable_in_sd_path,23,/Users/zilongzeng/Research/DroneControl/user_study_v1/Muyuan/Unknown/23.wav,Muyuan/Unknown/23.wav,unknown,0.99609375,0.0,0.0,0.99609375,"[-128, -128, 127]",True,,,,0.0981249613687396,1.3459579786285758,0.6281660171225667,2.078959019854665
375,Muyuan,unknown,unavailable_in_sd_path,24,/Users/zilongzeng/Research/DroneControl/user_study_v1/Muyuan/Unknown/24.wav,Muyuan/Unknown/24.wav,unknown,0.99609375,0.0,0.0,0.99609375,"[-128, -128, 127]",True,,,,0.08404103573411703,1.3353750109672546,0.7495000027120113,2.177832997404039
376,Muyuan,unknown,unavailable_in_sd_path,25,/Users/zilongzeng/Research/DroneControl/user_study_v1/Muyuan/Unknown/25.wav,Muyuan/Unknown/25.wav,unknown,0.99609375,0.0,0.0,0.99609375,"[-128, -128, 127]",True,,,,0.25820801965892315,1.3852090341970325,0.7129589794203639,2.363833016715944
377,Muyuan,unknown,unavailable_in_sd_path,26,/Users/zilongzeng/Research/DroneControl/user_study_v1/Muyuan/Unknown/26.wav,Muyuan/Unknown/26.wav,unknown,0.83203125,0.0,0.16796875,0.83203125,"[-128, -85, 85]",True,,,,0.266415998339653,1.2984169879928231,0.7029999978840351,2.273958991281688
378,Muyuan,unknown,unavailable_in_sd_path,27,/Users/zilongzeng/Research/DroneControl/user_study_v1/Muyuan/Unknown/27.wav,Muyuan/Unknown/27.wav,unknown,0.99609375,0.0,0.0,0.99609375,"[-128, -128, 127]",True,,,,0.0785409938544035,1.4240830205380917,0.7153330370783806,2.2280000848695636
379,Muyuan,unknown,unavailable_in_sd_path,28,/Users/zilongzeng/Research/DroneControl/user_study_v1/Muyuan/Unknown/28.wav,Muyuan/Unknown/28.wav,unknown,0.99609375,0.0,0.0,0.99609375,"[-128, -128, 127]",True,,,,0.12820807751268148,1.3264159206300974,0.7217499660328031,2.1844999864697456
380,Muyuan,unknown,unavailable_in_sd_path,29,/Users/zilongzeng/Research/DroneControl/user_study_v1/Muyuan/Unknown/29.wav,Muyuan/Unknown/29.wav,unknown,0.99609375,0.0,0.0,0.99609375,"[-128, -128, 127]",True,,,,0.07491698488593102,1.5672079753130674,0.6290420424193144,2.2815000265836716
381,Muyuan,unknown,unavailable_in_sd_path,30,/Users/zilongzeng/Research/DroneControl/user_study_v1/Muyuan/Unknown/30.wav,Muyuan/Unknown/30.wav,unknown,0.99609375,0.0,0.0,0.99609375,"[-128, -128, 127]",True,,,,0.16024999786168337,1.2923330068588257,0.6892089731991291,2.150749904103577
382,Muyuan,unknown,unavailable_in_sd_path,31,/Users/zilongzeng/Research/DroneControl/user_study_v1/Muyuan/Unknown/31.wav,Muyuan/Unknown/31.wav,unknown,0.99609375,0.0,0.0,0.99609375,"[-128, -128, 127]",True,,,,0.07675006054341793,1.390625024214387,0.6057079881429672,2.081042039208114
383,Muyuan,unknown,unavailable_in_sd_path,32,/Users/zilongzeng/Research/DroneControl/user_study_v1/Muyuan/Unknown/32.wav,Muyuan/Unknown/32.wav,unknown,0.99609375,0.0,0.0,0.99609375,"[-128, -128, 127]",True,,,,0.11491705663502216,1.4350839192047715,0.7555830525234342,2.3145420709624887
384,Muyuan,unknown,unavailable_in_sd_path,33,/Users/zilongzeng/Research/DroneControl/user_study_v1/Muyuan/Unknown/33.wav,Muyuan/Unknown/33.wav,unknown,0.99609375,0.0,0.0,0.99609375,"[-128, -128, 127]",True,,,,0.10495807509869337,1.37945800088346,0.679749995470047,2.1707919659093022
385,Muyuan,unknown,unavailable_in_sd_path,34,/Users/zilongzeng/Research/DroneControl/user_study_v1/Muyuan/Unknown/34.wav,Muyuan/Unknown/34.wav,unknown,0.99609375,0.0,0.0,0.99609375,"[-128, -128, 127]",True,,,,0.07537496276199818,1.263958984054625,0.6787079619243741,2.0852090092375875
386,Muyuan,unknown,unavailable_in_sd_path,35,/Users/zilongzeng/Research/DroneControl/user_study_v1/Muyuan/Unknown/35.wav,Muyuan/Unknown/35.wav,unknown,0.99609375,0.0,0.0,0.99609375,"[-128, -128, 127]",True,,,,0.20166696049273014,1.301625045016408,0.7157908985391259,2.2267079912126064
387,Muyuan,unknown,unavailable_in_sd_path,36,/Users/zilongzeng/Research/DroneControl/user_study_v1/Muyuan/Unknown/36.wav,Muyuan/Unknown/36.wav,unknown,0.99609375,0.0,0.0,0.99609375,"[-128, -128, 127]",True,,,,0.08508400060236454,1.3099999632686377,0.7265000604093075,2.1294159814715385
388,Muyuan,unknown,unavailable_in_sd_path,37,/Users/zilongzeng/Research/DroneControl/user_study_v1/Muyuan/Unknown/37.wav,Muyuan/Unknown/37.wav,emergency,0.78515625,0.78515625,0.19140625,0.02734375,"[73, -79, -121]",False,,,,0.06279197987169027,1.3547909911721945,0.6903749890625477,2.1134159760549664
389,Muyuan,unknown,unavailable_in_sd_path,38,/Users/zilongzeng/Research/DroneControl/user_study_v1/Muyuan/Unknown/38.wav,Muyuan/Unknown/38.wav,unknown,0.99609375,0.0,0.0,0.99609375,"[-128, -128, 127]",True,,,,0.2062499988824129,1.4859579969197512,0.7309580687433481,2.431500004604459
390,Muyuan,unknown,unavailable_in_sd_path,39,/Users/zilongzeng/Research/DroneControl/user_study_v1/Muyuan/Unknown/39.wav,Muyuan/Unknown/39.wav,movement,0.99609375,0.0,0.99609375,0.00390625,"[-128, 127, -127]",False,,,,0.10950001887977123,1.4904579147696495,0.6723329424858093,2.2808329667896032
391,Muyuan,unknown,unavailable_in_sd_path,40,/Users/zilongzeng/Research/DroneControl/user_study_v1/Muyuan/Unknown/40.wav,Muyuan/Unknown/40.wav,unknown,0.99609375,0.0,0.0,0.99609375,"[-128, -128, 127]",True,,,,0.07483293302357197,1.4910829486325383,0.7095420733094215,2.282375004142523
392,Muyuan,unknown,unavailable_in_sd_path,41,/Users/zilongzeng/Research/DroneControl/user_study_v1/Muyuan/Unknown/41.wav,Muyuan/Unknown/41.wav,unknown,0.99609375,0.0,0.0,0.99609375,"[-128, -128, 127]",True,,,,0.08800008799880743,1.2594580184668303,0.6950829410925508,2.048208029009402
393,Muyuan,unknown,unavailable_in_sd_path,42,/Users/zilongzeng/Research/DroneControl/user_study_v1/Muyuan/Unknown/42.wav,Muyuan/Unknown/42.wav,unknown,0.99609375,0.0,0.0,0.99609375,"[-128, -128, 127]",True,,,,0.07091695442795753,1.4342080103233457,0.7221250561997294,2.238666987977922
394,Muyuan,unknown,unavailable_in_sd_path,43,/Users/zilongzeng/Research/DroneControl/user_study_v1/Muyuan/Unknown/43.wav,Muyuan/Unknown/43.wav,unknown,0.99609375,0.0,0.0,0.99609375,"[-128, -128, 127]",True,,,,0.27354201301932335,1.3510420685634017,0.7262910949066281,2.3580410052090883
395,Muyuan,unknown,unavailable_in_sd_path,44,/Users/zilongzeng/Research/DroneControl/user_study_v1/Muyuan/Unknown/44.wav,Muyuan/Unknown/44.wav,unknown,0.99609375,0.0,0.0,0.99609375,"[-128, -128, 127]",True,,,,0.2556669060140848,1.3084160163998604,0.7192919729277492,2.289124997332692
396,Muyuan,unknown,unavailable_in_sd_path,45,/Users/zilongzeng/Research/DroneControl/user_study_v1/Muyuan/Unknown/45.wav,Muyuan/Unknown/45.wav,unknown,0.99609375,0.0,0.0,0.99609375,"[-128, -128, 127]",True,,,,0.07912504952400923,1.2651249999180436,0.7213330827653408,2.104207989759743
397,Muyuan,unknown,unavailable_in_sd_path,46,/Users/zilongzeng/Research/DroneControl/user_study_v1/Muyuan/Unknown/46.wav,Muyuan/Unknown/46.wav,unknown,0.99609375,0.0,0.0,0.99609375,"[-128, -128, 127]",True,,,,0.18458301201462746,1.5058749122545123,0.7222919957712293,2.421207958832383
398,Muyuan,unknown,unavailable_in_sd_path,47,/Users/zilongzeng/Research/DroneControl/user_study_v1/Muyuan/Unknown/47.wav,Muyuan/Unknown/47.wav,movement,0.9921875,0.0,0.9921875,0.0078125,"[-128, 126, -126]",False,,,,0.10837509762495756,1.3009170070290565,0.7275000680238008,2.1442079450935125
399,Muyuan,unknown,unavailable_in_sd_path,48,/Users/zilongzeng/Research/DroneControl/user_study_v1/Muyuan/Unknown/48.wav,Muyuan/Unknown/48.wav,movement,0.69140625,0.0,0.69140625,0.30859375,"[-128, 49, -49]",False,,,,0.09537499863654375,1.3137079076841474,0.6899579893797636,2.1050419891253114
400,Muyuan,unknown,unavailable_in_sd_path,49,/Users/zilongzeng/Research/DroneControl/user_study_v1/Muyuan/Unknown/49.wav,Muyuan/Unknown/49.wav,unknown,0.99609375,0.0,0.0,0.99609375,"[-128, -128, 127]",True,,,,0.06824999582022429,1.409791992045939,0.747583108022809,2.2349159698933363
401,Shujun,emergency,unavailable_in_sd_path,0,/Users/zilongzeng/Research/DroneControl/user_study_v1/Shujun/Emergency/0.wav,Shujun/Emergency/0.wav,unknown,0.59765625,0.40234375,0.0,0.59765625,"[-25, -128, 25]",False,,,,0.15054200775921345,1.3371249660849571,0.7336249109357595,2.2273750510066748
402,Shujun,emergency,unavailable_in_sd_path,1,/Users/zilongzeng/Research/DroneControl/user_study_v1/Shujun/Emergency/1.wav,Shujun/Emergency/1.wav,emergency,0.99609375,0.99609375,0.0,0.00390625,"[127, -128, -127]",True,,,,0.07520895451307297,1.3185840798541903,0.7314999820664525,2.13291693944484
403,Shujun,emergency,unavailable_in_sd_path,2,/Users/zilongzeng/Research/DroneControl/user_study_v1/Shujun/Emergency/2.wav,Shujun/Emergency/2.wav,movement,0.859375,0.140625,0.859375,0.0,"[-92, 92, -128]",False,,,,0.09495904669165611,1.285291975364089,0.6886249175295234,2.0742500200867653
404,Shujun,emergency,unavailable_in_sd_path,3,/Users/zilongzeng/Research/DroneControl/user_study_v1/Shujun/Emergency/3.wav,Shujun/Emergency/3.wav,emergency,0.99609375,0.99609375,0.0,0.0,"[127, -128, -128]",True,,,,0.06199989002197981,1.5484170289710164,0.6924590561538935,2.309124916791916
405,Shujun,emergency,unavailable_in_sd_path,4,/Users/zilongzeng/Research/DroneControl/user_study_v1/Shujun/Emergency/4.wav,Shujun/Emergency/4.wav,emergency,0.99609375,0.99609375,0.0,0.0,"[127, -128, -128]",True,,,,0.13399997260421515,1.351917046122253,0.7063749944791198,2.1987080108374357
406,Shujun,emergency,unavailable_in_sd_path,5,/Users/zilongzeng/Research/DroneControl/user_study_v1/Shujun/Emergency/5.wav,Shujun/Emergency/5.wav,emergency,0.96875,0.96875,0.0,0.03125,"[120, -128, -120]",True,,,,0.08079200051724911,1.3701660791411996,0.7065419340506196,2.1628750255331397
407,Shujun,emergency,unavailable_in_sd_path,6,/Users/zilongzeng/Research/DroneControl/user_study_v1/Shujun/Emergency/6.wav,Shujun/Emergency/6.wav,movement,0.99609375,0.0,0.99609375,0.0,"[-128, 127, -128]",False,,,,0.06858294364064932,1.3175830245018005,0.6928750080987811,2.0844590617343783
408,Shujun,emergency,unavailable_in_sd_path,7,/Users/zilongzeng/Research/DroneControl/user_study_v1/Shujun/Emergency/7.wav,Shujun/Emergency/7.wav,emergency,0.99609375,0.99609375,0.0,0.0,"[127, -128, -128]",True,,,,0.06479199510067701,1.4943749411031604,0.7044590311124921,2.270458033308387
409,Shujun,emergency,unavailable_in_sd_path,8,/Users/zilongzeng/Research/DroneControl/user_study_v1/Shujun/Emergency/8.wav,Shujun/Emergency/8.wav,emergency,0.99609375,0.99609375,0.0,0.0,"[127, -128, -128]",True,,,,0.08820800576359034,1.4311670092865825,0.7316670380532742,2.260874956846237
410,Shujun,emergency,unavailable_in_sd_path,9,/Users/zilongzeng/Research/DroneControl/user_study_v1/Shujun/Emergency/9.wav,Shujun/Emergency/9.wav,emergency,0.99609375,0.99609375,0.0,0.0,"[127, -128, -128]",True,,,,0.09849993512034416,1.3528330018743873,0.677499920129776,2.134084003046155
411,Shujun,emergency,unavailable_in_sd_path,10,/Users/zilongzeng/Research/DroneControl/user_study_v1/Shujun/Emergency/10.wav,Shujun/Emergency/10.wav,emergency,0.99609375,0.99609375,0.0,0.0,"[127, -128, -128]",True,,,,0.06104202475398779,1.3626250438392162,0.7317499257624149,2.163083991035819
412,Shujun,emergency,unavailable_in_sd_path,11,/Users/zilongzeng/Research/DroneControl/user_study_v1/Shujun/Emergency/11.wav,Shujun/Emergency/11.wav,movement,0.99609375,0.0,0.99609375,0.0,"[-128, 127, -128]",False,,,,0.06850005593150854,1.2857080437242985,0.6886669434607029,2.0484579727053642
413,Shujun,emergency,unavailable_in_sd_path,12,/Users/zilongzeng/Research/DroneControl/user_study_v1/Shujun/Emergency/12.wav,Shujun/Emergency/12.wav,emergency,0.99609375,0.99609375,0.0,0.0,"[127, -128, -128]",True,,,,0.19829196389764547,1.2799169635400176,0.7192090852186084,2.204165910370648
414,Shujun,emergency,unavailable_in_sd_path,13,/Users/zilongzeng/Research/DroneControl/user_study_v1/Shujun/Emergency/13.wav,Shujun/Emergency/13.wav,emergency,0.99609375,0.99609375,0.0,0.0,"[127, -128, -128]",True,,,,0.24616695009171963,1.327041070908308,0.7193330675363541,2.2982499795034528
415,Shujun,emergency,unavailable_in_sd_path,14,/Users/zilongzeng/Research/DroneControl/user_study_v1/Shujun/Emergency/14.wav,Shujun/Emergency/14.wav,emergency,0.99609375,0.99609375,0.0,0.0,"[127, -128, -128]",True,,,,0.06879190914332867,1.2837500544264913,0.669625005684793,2.0620001014322042
416,Shujun,emergency,unavailable_in_sd_path,15,/Users/zilongzeng/Research/DroneControl/user_study_v1/Shujun/Emergency/15.wav,Shujun/Emergency/15.wav,movement,0.99609375,0.0,0.99609375,0.0,"[-128, 127, -128]",False,,,,0.15241594519466162,1.274875015951693,0.7176250219345093,2.152125001884997
417,Shujun,emergency,unavailable_in_sd_path,16,/Users/zilongzeng/Research/DroneControl/user_study_v1/Shujun/Emergency/16.wav,Shujun/Emergency/16.wav,emergency,0.59765625,0.59765625,0.40234375,0.0,"[25, -25, -128]",True,,,,0.09187497198581696,1.2479170691221952,0.7252079667523503,2.0731250988319516
418,Shujun,emergency,unavailable_in_sd_path,17,/Users/zilongzeng/Research/DroneControl/user_study_v1/Shujun/Emergency/17.wav,Shujun/Emergency/17.wav,emergency,0.99609375,0.99609375,0.0,0.0,"[127, -128, -128]",True,,,,0.0991669949144125,1.2909589568153024,0.6904168985784054,2.086375025101006
419,Shujun,emergency,unavailable_in_sd_path,18,/Users/zilongzeng/Research/DroneControl/user_study_v1/Shujun/Emergency/18.wav,Shujun/Emergency/18.wav,movement,0.99609375,0.00390625,0.99609375,0.0,"[-127, 127, -128]",False,,,,0.06954197306185961,1.3024590443819761,0.728667015209794,2.108708955347538
420,Shujun,emergency,unavailable_in_sd_path,19,/Users/zilongzeng/Research/DroneControl/user_study_v1/Shujun/Emergency/19.wav,Shujun/Emergency/19.wav,emergency,0.99609375,0.99609375,0.0,0.0,"[127, -128, -128]",True,,,,0.09704194962978363,1.315374975092709,0.7117500063031912,2.1293330937623978
421,Shujun,emergency,unavailable_in_sd_path,20,/Users/zilongzeng/Research/DroneControl/user_study_v1/Shujun/Emergency/20.wav,Shujun/Emergency/20.wav,movement,0.99609375,0.0,0.99609375,0.0,"[-128, 127, -128]",False,,,,0.20583404693752527,1.2676669284701347,0.7154589984565973,2.1969580557197332
422,Shujun,emergency,unavailable_in_sd_path,21,/Users/zilongzeng/Research/DroneControl/user_study_v1/Shujun/Emergency/21.wav,Shujun/Emergency/21.wav,emergency,0.59765625,0.59765625,0.40234375,0.0,"[25, -25, -128]",True,,,,0.10737497359514236,1.3012910494580865,0.6822500145062804,2.0973749924451113
423,Shujun,emergency,unavailable_in_sd_path,22,/Users/zilongzeng/Research/DroneControl/user_study_v1/Shujun/Emergency/22.wav,Shujun/Emergency/22.wav,unknown,0.99609375,0.0,0.0,0.99609375,"[-128, -128, 127]",False,,,,0.07708300836384296,1.452874974347651,0.7388329831883311,2.276916988193989
424,Shujun,emergency,unavailable_in_sd_path,23,/Users/zilongzeng/Research/DroneControl/user_study_v1/Shujun/Emergency/23.wav,Shujun/Emergency/23.wav,movement,0.7265625,0.17578125,0.7265625,0.09765625,"[-83, 58, -103]",False,,,,0.09829190094023943,1.3411249965429306,0.7293339585885406,2.174749970436096
425,Shujun,emergency,unavailable_in_sd_path,24,/Users/zilongzeng/Research/DroneControl/user_study_v1/Shujun/Emergency/24.wav,Shujun/Emergency/24.wav,emergency,0.99609375,0.99609375,0.0,0.0,"[127, -128, -128]",True,,,,0.07275003008544445,1.3818750157952309,0.7260419661179185,2.188208047300577
426,Shujun,emergency,unavailable_in_sd_path,25,/Users/zilongzeng/Research/DroneControl/user_study_v1/Shujun/Emergency/25.wav,Shujun/Emergency/25.wav,emergency,0.99609375,0.99609375,0.0,0.0,"[127, -128, -128]",True,,,,0.09070802479982376,1.4209169894456863,0.687791034579277,2.205124939791858
427,Shujun,emergency,unavailable_in_sd_path,26,/Users/zilongzeng/Research/DroneControl/user_study_v1/Shujun/Emergency/26.wav,Shujun/Emergency/26.wav,emergency,0.99609375,0.99609375,0.0,0.0,"[127, -128, -128]",True,,,,0.07716694381088018,1.4020830858498812,0.6995829753577709,2.1874590311199427
428,Shujun,emergency,unavailable_in_sd_path,27,/Users/zilongzeng/Research/DroneControl/user_study_v1/Shujun/Emergency/27.wav,Shujun/Emergency/27.wav,emergency,0.99609375,0.99609375,0.0,0.0,"[127, -128, -128]",True,,,,0.18608395475894213,1.422167057171464,0.7084999233484268,2.3232499370351434
429,Shujun,emergency,unavailable_in_sd_path,28,/Users/zilongzeng/Research/DroneControl/user_study_v1/Shujun/Emergency/28.wav,Shujun/Emergency/28.wav,emergency,0.99609375,0.99609375,0.0,0.0,"[127, -128, -128]",True,,,,0.08324999362230301,1.398166990838945,0.6965840002521873,2.183542004786432
430,Shujun,emergency,unavailable_in_sd_path,29,/Users/zilongzeng/Research/DroneControl/user_study_v1/Shujun/Emergency/29.wav,Shujun/Emergency/29.wav,emergency,0.99609375,0.99609375,0.0,0.0,"[127, -128, -128]",True,,,,0.08712499402463436,1.2447499902918935,0.7118750363588333,2.089416957460344
431,Shujun,emergency,unavailable_in_sd_path,30,/Users/zilongzeng/Research/DroneControl/user_study_v1/Shujun/Emergency/30.wav,Shujun/Emergency/30.wav,emergency,0.984375,0.984375,0.0,0.015625,"[124, -128, -124]",True,,,,0.07037504110485315,1.4523749705404043,0.6994169671088457,2.2313749650493264
432,Shujun,emergency,unavailable_in_sd_path,31,/Users/zilongzeng/Research/DroneControl/user_study_v1/Shujun/Emergency/31.wav,Shujun/Emergency/31.wav,emergency,0.99609375,0.99609375,0.0,0.0,"[127, -128, -128]",True,,,,0.30412490013986826,1.3815000420436263,0.7352500688284636,2.429249929264188
433,Shujun,emergency,unavailable_in_sd_path,32,/Users/zilongzeng/Research/DroneControl/user_study_v1/Shujun/Emergency/32.wav,Shujun/Emergency/32.wav,movement,0.91796875,0.08203125,0.91796875,0.0,"[-107, 107, -128]",False,,,,0.28970802668482065,1.292416942305863,0.6829170743003488,2.2711249766871333
434,Shujun,emergency,unavailable_in_sd_path,33,/Users/zilongzeng/Research/DroneControl/user_study_v1/Shujun/Emergency/33.wav,Shujun/Emergency/33.wav,emergency,0.99609375,0.99609375,0.0,0.0,"[127, -128, -128]",True,,,,0.07595797069370747,1.4347500400617719,0.7217500824481249,2.2391669917851686
435,Shujun,emergency,unavailable_in_sd_path,34,/Users/zilongzeng/Research/DroneControl/user_study_v1/Shujun/Emergency/34.wav,Shujun/Emergency/34.wav,emergency,0.99609375,0.99609375,0.0,0.0,"[127, -128, -128]",True,,,,0.08458306547254324,1.2332909973338246,0.7040830096229911,2.0277498988434672
436,Shujun,emergency,unavailable_in_sd_path,35,/Users/zilongzeng/Research/DroneControl/user_study_v1/Shujun/Emergency/35.wav,Shujun/Emergency/35.wav,emergency,0.99609375,0.99609375,0.0,0.0,"[127, -128, -128]",True,,,,0.0664170365780592,1.304792007431388,0.7144579431042075,2.0921670366078615
437,Shujun,emergency,unavailable_in_sd_path,36,/Users/zilongzeng/Research/DroneControl/user_study_v1/Shujun/Emergency/36.wav,Shujun/Emergency/36.wav,unknown,0.99609375,0.0,0.0,0.99609375,"[-128, -128, 127]",False,,,,0.09533297270536423,1.2841250281780958,0.6933750119060278,2.078582998365164
438,Shujun,emergency,unavailable_in_sd_path,37,/Users/zilongzeng/Research/DroneControl/user_study_v1/Shujun/Emergency/37.wav,Shujun/Emergency/37.wav,emergency,0.99609375,0.99609375,0.0,0.0,"[127, -128, -128]",True,,,,0.06445893086493015,1.3387500075623393,0.6974589778110385,2.1063750609755516
439,Shujun,emergency,unavailable_in_sd_path,38,/Users/zilongzeng/Research/DroneControl/user_study_v1/Shujun/Emergency/38.wav,Shujun/Emergency/38.wav,emergency,0.99609375,0.99609375,0.0,0.0,"[127, -128, -128]",True,,,,0.08029199671000242,1.479750033468008,0.6255840416997671,2.1942919120192528
440,Shujun,emergency,unavailable_in_sd_path,39,/Users/zilongzeng/Research/DroneControl/user_study_v1/Shujun/Emergency/39.wav,Shujun/Emergency/39.wav,emergency,0.99609375,0.99609375,0.0,0.0,"[127, -128, -128]",True,,,,0.13754202518612146,1.3821669854223728,0.6736250361427665,2.2009590175002813
441,Shujun,emergency,unavailable_in_sd_path,40,/Users/zilongzeng/Research/DroneControl/user_study_v1/Shujun/Emergency/40.wav,Shujun/Emergency/40.wav,emergency,0.99609375,0.99609375,0.0,0.0,"[127, -128, -128]",True,,,,0.10854098945856094,1.3079580385237932,0.6780410185456276,2.0999170374125242
442,Shujun,emergency,unavailable_in_sd_path,41,/Users/zilongzeng/Research/DroneControl/user_study_v1/Shujun/Emergency/41.wav,Shujun/Emergency/41.wav,emergency,0.99609375,0.99609375,0.0,0.0,"[127, -128, -128]",True,,,,0.0767499441280961,1.2597079621627927,0.7033749716356397,2.0462919492274523
443,Shujun,emergency,unavailable_in_sd_path,42,/Users/zilongzeng/Research/DroneControl/user_study_v1/Shujun/Emergency/42.wav,Shujun/Emergency/42.wav,emergency,0.99609375,0.99609375,0.0,0.0,"[127, -128, -128]",True,,,,0.08662499021738768,1.2876669643446803,0.7041670614853501,2.0846669794991612
444,Shujun,emergency,unavailable_in_sd_path,43,/Users/zilongzeng/Research/DroneControl/user_study_v1/Shujun/Emergency/43.wav,Shujun/Emergency/43.wav,emergency,0.99609375,0.99609375,0.0,0.0,"[127, -128, -128]",True,,,,0.07875007577240467,1.389291021041572,0.7104580290615559,2.184834098443389
445,Shujun,emergency,unavailable_in_sd_path,44,/Users/zilongzeng/Research/DroneControl/user_study_v1/Shujun/Emergency/44.wav,Shujun/Emergency/44.wav,emergency,0.98828125,0.98828125,0.0,0.01171875,"[125, -128, -125]",True,,,,0.08941697888076305,1.2664999812841415,0.6906669586896896,2.052290947176516
446,Shujun,emergency,unavailable_in_sd_path,45,/Users/zilongzeng/Research/DroneControl/user_study_v1/Shujun/Emergency/45.wav,Shujun/Emergency/45.wav,emergency,0.99609375,0.99609375,0.0,0.0,"[127, -128, -128]",True,,,,0.06712495815008879,1.4258329756557941,0.6871660007163882,2.1857500541955233
447,Shujun,emergency,unavailable_in_sd_path,46,/Users/zilongzeng/Research/DroneControl/user_study_v1/Shujun/Emergency/46.wav,Shujun/Emergency/46.wav,emergency,0.99609375,0.99609375,0.0,0.0,"[127, -128, -128]",True,,,,0.08537503890693188,1.350749982520938,0.6861659931018949,2.127791056409478
448,Shujun,emergency,unavailable_in_sd_path,47,/Users/zilongzeng/Research/DroneControl/user_study_v1/Shujun/Emergency/47.wav,Shujun/Emergency/47.wav,movement,0.99609375,0.0,0.99609375,0.0,"[-128, 127, -128]",False,,,,0.07929210551083088,1.3728749472647905,0.7317089475691319,2.191250096075237
449,Shujun,emergency,unavailable_in_sd_path,48,/Users/zilongzeng/Research/DroneControl/user_study_v1/Shujun/Emergency/48.wav,Shujun/Emergency/48.wav,movement,0.99609375,0.0,0.99609375,0.0,"[-128, 127, -128]",False,,,,0.08641695603728294,1.290790969505906,0.7002910133451223,2.0832919981330633
450,Shujun,emergency,unavailable_in_sd_path,49,/Users/zilongzeng/Research/DroneControl/user_study_v1/Shujun/Emergency/49.wav,Shujun/Emergency/49.wav,emergency,0.99609375,0.99609375,0.0,0.0,"[127, -128, -128]",True,,,,0.26504206471145153,1.387708936817944,0.712667009793222,2.371791983023286
451,Shujun,movement,unavailable_in_sd_path,0,/Users/zilongzeng/Research/DroneControl/user_study_v1/Shujun/Movement/0.wav,Shujun/Movement/0.wav,movement,0.99609375,0.0,0.99609375,0.0,"[-128, 127, -128]",True,,,,0.2584579633548856,1.3442080235108733,0.7106660632416606,2.3198750568553805
452,Shujun,movement,unavailable_in_sd_path,1,/Users/zilongzeng/Research/DroneControl/user_study_v1/Shujun/Movement/1.wav,Shujun/Movement/1.wav,movement,0.99609375,0.0,0.99609375,0.00390625,"[-128, 127, -127]",True,,,,0.08654093835502863,1.255291048437357,0.7053749868646264,2.0529170287773013
453,Shujun,movement,unavailable_in_sd_path,2,/Users/zilongzeng/Research/DroneControl/user_study_v1/Shujun/Movement/2.wav,Shujun/Movement/2.wav,unknown,0.99609375,0.0,0.0,0.99609375,"[-128, -128, 127]",False,,,,0.04241708666086197,1.2087910436093807,0.8074999786913395,2.0955830113962293
454,Shujun,movement,unavailable_in_sd_path,3,/Users/zilongzeng/Research/DroneControl/user_study_v1/Shujun/Movement/3.wav,Shujun/Movement/3.wav,movement,0.99609375,0.0,0.99609375,0.0,"[-128, 127, -128]",True,,,,0.12504204642027617,1.5342499827966094,0.7449579425156116,2.415416995063424
455,Shujun,movement,unavailable_in_sd_path,4,/Users/zilongzeng/Research/DroneControl/user_study_v1/Shujun/Movement/4.wav,Shujun/Movement/4.wav,unknown,0.99609375,0.0,0.0,0.99609375,"[-128, -128, 127]",False,,,,0.15366589650511742,1.2997080339118838,0.7340420270338655,2.1953750401735306
456,Shujun,movement,unavailable_in_sd_path,5,/Users/zilongzeng/Research/DroneControl/user_study_v1/Shujun/Movement/5.wav,Shujun/Movement/5.wav,unknown,0.99609375,0.0,0.0,0.99609375,"[-128, -128, 127]",False,,,,0.10908301919698715,1.3777499552816153,0.705457990989089,2.1981250029057264
457,Shujun,movement,unavailable_in_sd_path,6,/Users/zilongzeng/Research/DroneControl/user_study_v1/Shujun/Movement/6.wav,Shujun/Movement/6.wav,movement,0.99609375,0.0,0.99609375,0.0,"[-128, 127, -128]",True,,,,0.0837499974295497,1.2695830082520843,0.7484579691663384,2.1105000050738454
458,Shujun,movement,unavailable_in_sd_path,7,/Users/zilongzeng/Research/DroneControl/user_study_v1/Shujun/Movement/7.wav,Shujun/Movement/7.wav,movement,0.99609375,0.0,0.99609375,0.0,"[-128, 127, -128]",True,,,,0.11333299335092306,1.3186659198254347,0.7322500459849834,2.17204203363508
459,Shujun,movement,unavailable_in_sd_path,8,/Users/zilongzeng/Research/DroneControl/user_study_v1/Shujun/Movement/8.wav,Shujun/Movement/8.wav,movement,0.99609375,0.0,0.99609375,0.0,"[-128, 127, -128]",True,,,,0.08179200813174248,1.5330839669331908,0.6310830358415842,2.255458035506308
460,Shujun,movement,unavailable_in_sd_path,9,/Users/zilongzeng/Research/DroneControl/user_study_v1/Shujun/Movement/9.wav,Shujun/Movement/9.wav,movement,0.90234375,0.0,0.90234375,0.09765625,"[-128, 103, -103]",True,,,,0.15458301641047,1.3120410731062293,0.6968330126255751,2.1694579627364874
461,Shujun,movement,unavailable_in_sd_path,10,/Users/zilongzeng/Research/DroneControl/user_study_v1/Shujun/Movement/10.wav,Shujun/Movement/10.wav,movement,0.99609375,0.0,0.99609375,0.0,"[-128, 127, -128]",True,,,,0.08158397395163774,1.416624989360571,0.697124982252717,2.2021250333637
462,Shujun,movement,unavailable_in_sd_path,11,/Users/zilongzeng/Research/DroneControl/user_study_v1/Shujun/Movement/11.wav,Shujun/Movement/11.wav,movement,0.99609375,0.0,0.99609375,0.0,"[-128, 127, -128]",True,,,,0.09983300697058439,1.4252500841394067,0.7169999880716205,2.2482079220935702
463,Shujun,movement,unavailable_in_sd_path,12,/Users/zilongzeng/Research/DroneControl/user_study_v1/Shujun/Movement/12.wav,Shujun/Movement/12.wav,movement,0.99609375,0.0,0.99609375,0.0,"[-128, 127, -128]",True,,,,0.07420906331390142,1.2856669491156936,0.7207089802250266,2.08716606721282
464,Shujun,movement,unavailable_in_sd_path,13,/Users/zilongzeng/Research/DroneControl/user_study_v1/Shujun/Movement/13.wav,Shujun/Movement/13.wav,movement,0.99609375,0.0,0.99609375,0.0,"[-128, 127, -128]",True,,,,0.08425000123679638,1.280957949347794,0.7005829829722643,2.071417053230107
465,Shujun,movement,unavailable_in_sd_path,14,/Users/zilongzeng/Research/DroneControl/user_study_v1/Shujun/Movement/14.wav,Shujun/Movement/14.wav,movement,0.99609375,0.0,0.99609375,0.0,"[-128, 127, -128]",True,,,,0.06454205140471458,1.2945419875904918,0.7047919789329171,2.069834037683904
466,Shujun,movement,unavailable_in_sd_path,15,/Users/zilongzeng/Research/DroneControl/user_study_v1/Shujun/Movement/15.wav,Shujun/Movement/15.wav,movement,0.99609375,0.0,0.99609375,0.0,"[-128, 127, -128]",True,,,,0.0694170594215393,1.2472079833969474,0.6956669967621565,2.018708037212491
467,Shujun,movement,unavailable_in_sd_path,16,/Users/zilongzeng/Research/DroneControl/user_study_v1/Shujun/Movement/16.wav,Shujun/Movement/16.wav,movement,0.99609375,0.0,0.99609375,0.0,"[-128, 127, -128]",True,,,,0.08358305785804987,1.3598339864984155,0.7157920626923442,2.164833014830947
468,Shujun,movement,unavailable_in_sd_path,17,/Users/zilongzeng/Research/DroneControl/user_study_v1/Shujun/Movement/17.wav,Shujun/Movement/17.wav,movement,0.99609375,0.0,0.99609375,0.0,"[-128, 127, -128]",True,,,,0.08083309512585402,1.4352500438690186,0.6445830222219229,2.1700419019907713
469,Shujun,movement,unavailable_in_sd_path,18,/Users/zilongzeng/Research/DroneControl/user_study_v1/Shujun/Movement/18.wav,Shujun/Movement/18.wav,movement,0.99609375,0.0,0.99609375,0.0,"[-128, 127, -128]",True,,,,0.2904169959947467,1.354167005047202,0.6679999642074108,2.318957936950028
470,Shujun,movement,unavailable_in_sd_path,19,/Users/zilongzeng/Research/DroneControl/user_study_v1/Shujun/Movement/19.wav,Shujun/Movement/19.wav,unknown,0.98828125,0.0,0.0078125,0.98828125,"[-128, -126, 125]",False,,,,0.2333340235054493,1.2633330188691616,0.7253329968079925,2.2285409504547715
471,Shujun,movement,unavailable_in_sd_path,20,/Users/zilongzeng/Research/DroneControl/user_study_v1/Shujun/Movement/20.wav,Shujun/Movement/20.wav,emergency,0.49609375,0.49609375,0.09765625,0.40625,"[-1, -103, -24]",False,,,,0.09495799895375967,1.3392920373007655,0.6969580426812172,2.1367500303313136
472,Shujun,movement,unavailable_in_sd_path,21,/Users/zilongzeng/Research/DroneControl/user_study_v1/Shujun/Movement/21.wav,Shujun/Movement/21.wav,movement,0.99609375,0.0,0.99609375,0.0,"[-128, 127, -128]",True,,,,0.06495800334960222,1.2295420747250319,0.7353749824687839,2.038000035099685
473,Shujun,movement,unavailable_in_sd_path,22,/Users/zilongzeng/Research/DroneControl/user_study_v1/Shujun/Movement/22.wav,Shujun/Movement/22.wav,movement,0.99609375,0.0,0.99609375,0.0,"[-128, 127, -128]",True,,,,0.0724580604583025,1.2437920086085796,0.6875830003991723,2.0107919117435813
474,Shujun,movement,unavailable_in_sd_path,23,/Users/zilongzeng/Research/DroneControl/user_study_v1/Shujun/Movement/23.wav,Shujun/Movement/23.wav,movement,0.99609375,0.0,0.99609375,0.0,"[-128, 127, -128]",True,,,,0.07708300836384296,1.271874993108213,0.7269160123541951,2.0830000285059214
475,Shujun,movement,unavailable_in_sd_path,24,/Users/zilongzeng/Research/DroneControl/user_study_v1/Shujun/Movement/24.wav,Shujun/Movement/24.wav,movement,0.99609375,0.0,0.99609375,0.0,"[-128, 127, -128]",True,,,,0.08491694461554289,1.3977920170873404,0.6758749950677156,2.164540928788483
476,Shujun,movement,unavailable_in_sd_path,25,/Users/zilongzeng/Research/DroneControl/user_study_v1/Shujun/Movement/25.wav,Shujun/Movement/25.wav,movement,0.99609375,0.0,0.99609375,0.0,"[-128, 127, -128]",True,,,,0.07270800415426493,1.2499579461291432,0.7215000223368406,2.05054203979671
477,Shujun,movement,unavailable_in_sd_path,26,/Users/zilongzeng/Research/DroneControl/user_study_v1/Shujun/Movement/26.wav,Shujun/Movement/26.wav,movement,0.99609375,0.0,0.99609375,0.0,"[-128, 127, -128]",True,,,,0.0750409672036767,1.2757499935105443,0.7018749602138996,2.0581670105457306
478,Shujun,movement,unavailable_in_sd_path,27,/Users/zilongzeng/Research/DroneControl/user_study_v1/Shujun/Movement/27.wav,Shujun/Movement/27.wav,movement,0.99609375,0.0,0.99609375,0.0,"[-128, 127, -128]",True,,,,0.0718339579179883,1.2447080807760358,0.7173339836299419,2.0401659421622753
479,Shujun,movement,unavailable_in_sd_path,28,/Users/zilongzeng/Research/DroneControl/user_study_v1/Shujun/Movement/28.wav,Shujun/Movement/28.wav,movement,0.99609375,0.0,0.99609375,0.0,"[-128, 127, -128]",True,,,,0.08691591210663319,1.4218749711290002,0.7006659870967269,2.2152919555082917
480,Shujun,movement,unavailable_in_sd_path,29,/Users/zilongzeng/Research/DroneControl/user_study_v1/Shujun/Movement/29.wav,Shujun/Movement/29.wav,movement,0.99609375,0.0,0.99609375,0.0,"[-128, 127, -128]",True,,,,0.07433304563164711,1.2449169298633933,0.7262089056894183,2.05437489785254
481,Shujun,movement,unavailable_in_sd_path,30,/Users/zilongzeng/Research/DroneControl/user_study_v1/Shujun/Movement/30.wav,Shujun/Movement/30.wav,movement,0.99609375,0.0,0.99609375,0.0,"[-128, 127, -128]",True,,,,0.07866602391004562,1.300749951042235,0.6926660425961018,2.0777920726686716
482,Shujun,movement,unavailable_in_sd_path,31,/Users/zilongzeng/Research/DroneControl/user_study_v1/Shujun/Movement/31.wav,Shujun/Movement/31.wav,movement,0.99609375,0.0,0.99609375,0.0,"[-128, 127, -128]",True,,,,0.06570806726813316,1.2550830142572522,0.7177080260589719,2.0446249982342124
483,Shujun,movement,unavailable_in_sd_path,32,/Users/zilongzeng/Research/DroneControl/user_study_v1/Shujun/Movement/32.wav,Shujun/Movement/32.wav,movement,0.99609375,0.0,0.99609375,0.0,"[-128, 127, -128]",True,,,,0.09145797230303288,1.464082975871861,0.6466250633820891,2.210916019976139
484,Shujun,movement,unavailable_in_sd_path,33,/Users/zilongzeng/Research/DroneControl/user_study_v1/Shujun/Movement/33.wav,Shujun/Movement/33.wav,movement,0.99609375,0.0,0.99609375,0.0,"[-128, 127, -128]",True,,,,0.1771249808371067,1.3731670333072543,0.7266249740496278,2.2850410314276814
485,Shujun,movement,unavailable_in_sd_path,34,/Users/zilongzeng/Research/DroneControl/user_study_v1/Shujun/Movement/34.wav,Shujun/Movement/34.wav,movement,0.99609375,0.0,0.99609375,0.0,"[-128, 127, -128]",True,,,,0.10037492029368877,1.2881250586360693,0.7266249740496278,2.1206249948590994
486,Shujun,movement,unavailable_in_sd_path,35,/Users/zilongzeng/Research/DroneControl/user_study_v1/Shujun/Movement/35.wav,Shujun/Movement/35.wav,movement,0.99609375,0.0,0.99609375,0.0,"[-128, 127, -128]",True,,,,0.06949994713068008,1.2354579521343112,0.7344579789787531,2.047290909104049
487,Shujun,movement,unavailable_in_sd_path,36,/Users/zilongzeng/Research/DroneControl/user_study_v1/Shujun/Movement/36.wav,Shujun/Movement/36.wav,movement,0.99609375,0.0,0.99609375,0.0,"[-128, 127, -128]",True,,,,0.11237501166760921,1.5185000374913216,0.6478329887613654,2.288249903358519
488,Shujun,movement,unavailable_in_sd_path,37,/Users/zilongzeng/Research/DroneControl/user_study_v1/Shujun/Movement/37.wav,Shujun/Movement/37.wav,movement,0.99609375,0.0,0.99609375,0.0,"[-128, 127, -128]",True,,,,0.3575000446289778,1.3221659464761615,0.6707919528707862,2.357583958655596
489,Shujun,movement,unavailable_in_sd_path,38,/Users/zilongzeng/Research/DroneControl/user_study_v1/Shujun/Movement/38.wav,Shujun/Movement/38.wav,movement,0.99609375,0.0,0.99609375,0.0,"[-128, 127, -128]",True,,,,0.27754204347729683,1.3824579073116183,0.6414169911295176,2.3102910490706563
490,Shujun,movement,unavailable_in_sd_path,39,/Users/zilongzeng/Research/DroneControl/user_study_v1/Shujun/Movement/39.wav,Shujun/Movement/39.wav,movement,0.99609375,0.0,0.99609375,0.0,"[-128, 127, -128]",True,,,,0.0767499441280961,1.3657499803230166,0.7267500041052699,2.1753329783678055
491,Shujun,movement,unavailable_in_sd_path,40,/Users/zilongzeng/Research/DroneControl/user_study_v1/Shujun/Movement/40.wav,Shujun/Movement/40.wav,movement,0.99609375,0.0,0.99609375,0.0,"[-128, 127, -128]",True,,,,0.08095800876617432,1.1796250473707914,0.6867919582873583,1.9527500262483954
492,Shujun,movement,unavailable_in_sd_path,41,/Users/zilongzeng/Research/DroneControl/user_study_v1/Shujun/Movement/41.wav,Shujun/Movement/41.wav,unknown,0.7109375,0.02734375,0.26171875,0.7109375,"[-121, -61, 54]",False,,,,0.06637501064687967,1.3891250127926469,0.6892499513924122,2.151499968022108
493,Shujun,movement,unavailable_in_sd_path,42,/Users/zilongzeng/Research/DroneControl/user_study_v1/Shujun/Movement/42.wav,Shujun/Movement/42.wav,unknown,0.8828125,0.0,0.1171875,0.8828125,"[-128, -98, 98]",False,,,,0.09849993512034416,1.445041038095951,0.6282919785007834,2.180999959819019
494,Shujun,movement,unavailable_in_sd_path,43,/Users/zilongzeng/Research/DroneControl/user_study_v1/Shujun/Movement/43.wav,Shujun/Movement/43.wav,movement,0.99609375,0.0,0.99609375,0.0,"[-128, 127, -128]",True,,,,0.13349996879696846,1.2940829619765282,0.7272090297192335,2.162415999919176
495,Shujun,movement,unavailable_in_sd_path,44,/Users/zilongzeng/Research/DroneControl/user_study_v1/Shujun/Movement/44.wav,Shujun/Movement/44.wav,movement,0.99609375,0.0,0.99609375,0.0,"[-128, 127, -128]",True,,,,0.07704098243266344,1.1821250664070249,0.6917080609127879,1.9572079181671143
496,Shujun,movement,unavailable_in_sd_path,45,/Users/zilongzeng/Research/DroneControl/user_study_v1/Shujun/Movement/45.wav,Shujun/Movement/45.wav,movement,0.99609375,0.0,0.99609375,0.0,"[-128, 127, -128]",True,,,,0.06887491326779127,1.4173750532791018,0.6885000038892031,2.1811670158058405
497,Shujun,movement,unavailable_in_sd_path,46,/Users/zilongzeng/Research/DroneControl/user_study_v1/Shujun/Movement/46.wav,Shujun/Movement/46.wav,movement,0.99609375,0.0,0.99609375,0.0,"[-128, 127, -128]",True,,,,0.08345895912498236,1.274542068131268,0.7183750858530402,2.082333085127175
498,Shujun,movement,unavailable_in_sd_path,47,/Users/zilongzeng/Research/DroneControl/user_study_v1/Shujun/Movement/47.wav,Shujun/Movement/47.wav,movement,0.99609375,0.0,0.99609375,0.0,"[-128, 127, -128]",True,,,,0.07375003769993782,1.3509580167010427,0.7073750020936131,2.137750037945807
499,Shujun,movement,unavailable_in_sd_path,48,/Users/zilongzeng/Research/DroneControl/user_study_v1/Shujun/Movement/48.wav,Shujun/Movement/48.wav,movement,0.99609375,0.0,0.99609375,0.0,"[-128, 127, -128]",True,,,,0.06745790597051382,1.256084069609642,0.6905000191181898,2.0219170255586505
500,Shujun,movement,unavailable_in_sd_path,49,/Users/zilongzeng/Research/DroneControl/user_study_v1/Shujun/Movement/49.wav,Shujun/Movement/49.wav,unknown,0.99609375,0.0,0.0,0.99609375,"[-128, -128, 127]",False,,,,0.06541702896356583,1.4990000054240227,0.6803750293329358,2.2502500796690583
501,Shujun,unknown,unavailable_in_sd_path,0,/Users/zilongzeng/Research/DroneControl/user_study_v1/Shujun/Unknown/0.wav,Shujun/Unknown/0.wav,unknown,0.99609375,0.0,0.0,0.99609375,"[-128, -128, 127]",True,,,,0.06966700311750174,1.3931250432506204,0.6294170161709189,2.1011659409850836
502,Shujun,unknown,unavailable_in_sd_path,1,/Users/zilongzeng/Research/DroneControl/user_study_v1/Shujun/Unknown/1.wav,Shujun/Unknown/1.wav,unknown,0.55078125,0.0,0.44921875,0.55078125,"[-128, -13, 13]",True,,,,0.14483300037682056,1.4025000855326653,0.6970410468056798,2.2518750047311187
503,Shujun,unknown,unavailable_in_sd_path,2,/Users/zilongzeng/Research/DroneControl/user_study_v1/Shujun/Unknown/2.wav,Shujun/Unknown/2.wav,unknown,0.99609375,0.0,0.0,0.99609375,"[-128, -128, 127]",True,,,,0.09012501686811447,1.2402080465108156,0.7304579485207796,2.0678750006482005
504,Shujun,unknown,unavailable_in_sd_path,3,/Users/zilongzeng/Research/DroneControl/user_study_v1/Shujun/Unknown/3.wav,Shujun/Unknown/3.wav,unknown,0.99609375,0.0,0.0,0.99609375,"[-128, -128, 127]",True,,,,0.08116709068417549,1.333083026111126,0.7078340277075768,2.1276670740917325
505,Shujun,unknown,unavailable_in_sd_path,4,/Users/zilongzeng/Research/DroneControl/user_study_v1/Shujun/Unknown/4.wav,Shujun/Unknown/4.wav,unknown,0.99609375,0.0,0.0,0.99609375,"[-128, -128, 127]",True,,,,0.06495905108749866,1.3460409827530384,0.7130000740289688,2.130999928340316
506,Shujun,unknown,unavailable_in_sd_path,5,/Users/zilongzeng/Research/DroneControl/user_study_v1/Shujun/Unknown/5.wav,Shujun/Unknown/5.wav,unknown,0.99609375,0.0,0.0,0.99609375,"[-128, -128, 127]",True,,,,0.3994159633293748,1.3452500570565462,0.6763330893591046,2.427083090879023
507,Shujun,unknown,unavailable_in_sd_path,6,/Users/zilongzeng/Research/DroneControl/user_study_v1/Shujun/Unknown/6.wav,Shujun/Unknown/6.wav,unknown,0.99609375,0.0,0.0,0.99609375,"[-128, -128, 127]",True,,,,0.2400829689577222,1.3578749494627118,0.7174999918788671,2.321791951544583
508,Shujun,unknown,unavailable_in_sd_path,7,/Users/zilongzeng/Research/DroneControl/user_study_v1/Shujun/Unknown/7.wav,Shujun/Unknown/7.wav,unknown,0.99609375,0.0,0.0,0.99609375,"[-128, -128, 127]",True,,,,0.07733399979770184,1.2568329693749547,0.7040000054985285,2.043458051048219
509,Shujun,unknown,unavailable_in_sd_path,8,/Users/zilongzeng/Research/DroneControl/user_study_v1/Shujun/Unknown/8.wav,Shujun/Unknown/8.wav,unknown,0.99609375,0.0,0.0,0.99609375,"[-128, -128, 127]",True,,,,0.07212499622255564,1.2981659965589643,0.7122079841792583,2.0881659584119916
510,Shujun,unknown,unavailable_in_sd_path,9,/Users/zilongzeng/Research/DroneControl/user_study_v1/Shujun/Unknown/9.wav,Shujun/Unknown/9.wav,unknown,0.99609375,0.0,0.0,0.99609375,"[-128, -128, 127]",True,,,,0.08575001265853643,1.2707499554380774,0.7027910323813558,2.0654170075431466
511,Shujun,unknown,unavailable_in_sd_path,10,/Users/zilongzeng/Research/DroneControl/user_study_v1/Shujun/Unknown/10.wav,Shujun/Unknown/10.wav,unknown,0.99609375,0.0,0.0,0.99609375,"[-128, -128, 127]",True,,,,0.20158302504569292,1.4180419966578484,0.6325000431388617,2.2617500508204103
512,Shujun,unknown,unavailable_in_sd_path,11,/Users/zilongzeng/Research/DroneControl/user_study_v1/Shujun/Unknown/11.wav,Shujun/Unknown/11.wav,unknown,0.99609375,0.0,0.0,0.99609375,"[-128, -128, 127]",True,,,,0.20358397159725428,1.3353329850360751,0.7015829905867577,2.247957978397608
513,Shujun,unknown,unavailable_in_sd_path,12,/Users/zilongzeng/Research/DroneControl/user_study_v1/Shujun/Unknown/12.wav,Shujun/Unknown/12.wav,movement,0.93359375,0.0,0.93359375,0.06640625,"[-128, 111, -111]",False,,,,0.09200000204145908,1.4015829656273127,0.6051249802112579,2.1074169781059027
514,Shujun,unknown,unavailable_in_sd_path,13,/Users/zilongzeng/Research/DroneControl/user_study_v1/Shujun/Unknown/13.wav,Shujun/Unknown/13.wav,unknown,0.99609375,0.0,0.0,0.99609375,"[-128, -128, 127]",True,,,,0.10354199912399054,1.2976250145584345,0.7086669793352485,2.1178750321269035
515,Shujun,unknown,unavailable_in_sd_path,14,/Users/zilongzeng/Research/DroneControl/user_study_v1/Shujun/Unknown/14.wav,Shujun/Unknown/14.wav,unknown,0.8203125,0.01953125,0.1640625,0.8203125,"[-123, -86, 82]",True,,,,0.07362489122897387,1.332417014054954,0.6927089998498559,2.1053749369457364
516,Shujun,unknown,unavailable_in_sd_path,15,/Users/zilongzeng/Research/DroneControl/user_study_v1/Shujun/Unknown/15.wav,Shujun/Unknown/15.wav,unknown,0.9921875,0.0,0.00390625,0.9921875,"[-128, -127, 126]",True,,,,0.08254102431237698,1.285000005736947,0.706584076397121,2.0796250319108367
517,Shujun,unknown,unavailable_in_sd_path,16,/Users/zilongzeng/Research/DroneControl/user_study_v1/Shujun/Unknown/16.wav,Shujun/Unknown/16.wav,movement,0.99609375,0.0,0.99609375,0.0,"[-128, 127, -128]",False,,,,0.07200008258223534,1.3400829629972577,0.7048749830573797,2.123291022144258
518,Shujun,unknown,unavailable_in_sd_path,17,/Users/zilongzeng/Research/DroneControl/user_study_v1/Shujun/Unknown/17.wav,Shujun/Unknown/17.wav,unknown,0.9921875,0.0078125,0.0,0.9921875,"[-126, -128, 126]",True,,,,0.0855419784784317,1.2570420512929559,0.6991660920903087,2.0470829913392663
519,Shujun,unknown,unavailable_in_sd_path,18,/Users/zilongzeng/Research/DroneControl/user_study_v1/Shujun/Unknown/18.wav,Shujun/Unknown/18.wav,unknown,0.9921875,0.0,0.0078125,0.9921875,"[-128, -126, 126]",True,,,,0.06700004450976849,1.2695419136434793,0.6990419933572412,2.041917061433196
520,Shujun,unknown,unavailable_in_sd_path,19,/Users/zilongzeng/Research/DroneControl/user_study_v1/Shujun/Unknown/19.wav,Shujun/Unknown/19.wav,unknown,0.55078125,0.0,0.44921875,0.55078125,"[-128, -13, 13]",True,,,,0.07720803841948509,1.4685000060126185,0.6281250389292836,2.1826669108122587
521,Shujun,unknown,unavailable_in_sd_path,20,/Users/zilongzeng/Research/DroneControl/user_study_v1/Shujun/Unknown/20.wav,Shujun/Unknown/20.wav,unknown,0.99609375,0.0,0.0,0.99609375,"[-128, -128, 127]",True,,,,0.14183297753334045,1.3105421094223857,0.7082499796524644,2.1680418867617846
522,Shujun,unknown,unavailable_in_sd_path,21,/Users/zilongzeng/Research/DroneControl/user_study_v1/Shujun/Unknown/21.wav,Shujun/Unknown/21.wav,unknown,0.99609375,0.0,0.0,0.99609375,"[-128, -128, 127]",True,,,,0.10404095519334078,1.2173750437796116,0.6927079521119595,2.019583946093917
523,Shujun,unknown,unavailable_in_sd_path,22,/Users/zilongzeng/Research/DroneControl/user_study_v1/Shujun/Unknown/22.wav,Shujun/Unknown/22.wav,unknown,0.99609375,0.0,0.0,0.99609375,"[-128, -128, 127]",True,,,,0.0647910637781024,1.3502920046448708,0.709415995515883,2.130999928340316
524,Shujun,unknown,unavailable_in_sd_path,23,/Users/zilongzeng/Research/DroneControl/user_study_v1/Shujun/Unknown/23.wav,Shujun/Unknown/23.wav,movement,0.69140625,0.0,0.69140625,0.30859375,"[-128, 49, -49]",False,,,,0.0830420758575201,1.2482499005272985,0.6981249898672104,2.034916076809168
525,Shujun,unknown,unavailable_in_sd_path,24,/Users/zilongzeng/Research/DroneControl/user_study_v1/Shujun/Unknown/24.wav,Shujun/Unknown/24.wav,unknown,0.99609375,0.0,0.0,0.99609375,"[-128, -128, 127]",True,,,,0.07445795927196741,1.3313749805092812,0.7155840285122395,2.1273340098559856
526,Shujun,unknown,unavailable_in_sd_path,25,/Users/zilongzeng/Research/DroneControl/user_study_v1/Shujun/Unknown/25.wav,Shujun/Unknown/25.wav,unknown,0.99609375,0.0,0.0,0.99609375,"[-128, -128, 127]",True,,,,0.23224996402859688,1.2501669116318226,0.7021250203251839,2.189874998293817
527,Shujun,unknown,unavailable_in_sd_path,26,/Users/zilongzeng/Research/DroneControl/user_study_v1/Shujun/Unknown/26.wav,Shujun/Unknown/26.wav,unknown,0.99609375,0.0,0.0,0.99609375,"[-128, -128, 127]",True,,,,0.2943329745903611,1.2845000019297004,0.6997920572757721,2.284916932694614
528,Shujun,unknown,unavailable_in_sd_path,27,/Users/zilongzeng/Research/DroneControl/user_study_v1/Shujun/Unknown/27.wav,Shujun/Unknown/27.wav,unknown,0.99609375,0.0,0.0,0.99609375,"[-128, -128, 127]",True,,,,0.07958302740007639,1.3121250085532665,0.7157920626923442,2.1159170428290963
529,Shujun,unknown,unavailable_in_sd_path,28,/Users/zilongzeng/Research/DroneControl/user_study_v1/Shujun/Unknown/28.wav,Shujun/Unknown/28.wav,emergency,0.765625,0.765625,0.08203125,0.15234375,"[68, -107, -89]",False,,,,0.07354095578193665,1.2834579683840275,0.6885830080136657,2.051000017672777
530,Shujun,unknown,unavailable_in_sd_path,29,/Users/zilongzeng/Research/DroneControl/user_study_v1/Shujun/Unknown/29.wav,Shujun/Unknown/29.wav,unknown,0.99609375,0.0,0.0,0.99609375,"[-128, -128, 127]",True,,,,0.08645805064588785,1.2809170875698328,0.7381669711321592,2.1133749978616834
531,Shujun,unknown,unavailable_in_sd_path,30,/Users/zilongzeng/Research/DroneControl/user_study_v1/Shujun/Unknown/30.wav,Shujun/Unknown/30.wav,unknown,0.99609375,0.0,0.0,0.99609375,"[-128, -128, 127]",True,,,,0.06858294364064932,1.2767500011250377,0.6830419879406691,2.034124918282032
532,Shujun,unknown,unavailable_in_sd_path,31,/Users/zilongzeng/Research/DroneControl/user_study_v1/Shujun/Unknown/31.wav,Shujun/Unknown/31.wav,unknown,0.99609375,0.0,0.0,0.99609375,"[-128, -128, 127]",True,,,,0.08358398918062449,1.2524579651653767,0.715582980774343,2.0576659590005875
533,Shujun,unknown,unavailable_in_sd_path,32,/Users/zilongzeng/Research/DroneControl/user_study_v1/Shujun/Unknown/32.wav,Shujun/Unknown/32.wav,unknown,0.99609375,0.0,0.0,0.99609375,"[-128, -128, 127]",True,,,,0.0749160535633564,1.375042018480599,0.6309159798547626,2.0906670251861215
534,Shujun,unknown,unavailable_in_sd_path,33,/Users/zilongzeng/Research/DroneControl/user_study_v1/Shujun/Unknown/33.wav,Shujun/Unknown/33.wav,unknown,0.99609375,0.0,0.0,0.99609375,"[-128, -128, 127]",True,,,,0.193667015992105,1.3409580569714308,0.7372080581262708,2.281583030708134
535,Shujun,unknown,unavailable_in_sd_path,34,/Users/zilongzeng/Research/DroneControl/user_study_v1/Shujun/Unknown/34.wav,Shujun/Unknown/34.wav,unknown,0.99609375,0.0,0.0,0.99609375,"[-128, -128, 127]",True,,,,0.07454096339643002,1.338917063549161,0.6824999582022429,2.101500052958727
536,Shujun,unknown,unavailable_in_sd_path,35,/Users/zilongzeng/Research/DroneControl/user_study_v1/Shujun/Unknown/35.wav,Shujun/Unknown/35.wav,unknown,0.99609375,0.0,0.0,0.99609375,"[-128, -128, 127]",True,,,,0.06891705561429262,1.297708018682897,0.7172500481829047,2.0917089423164725
537,Shujun,unknown,unavailable_in_sd_path,36,/Users/zilongzeng/Research/DroneControl/user_study_v1/Shujun/Unknown/36.wav,Shujun/Unknown/36.wav,unknown,0.99609375,0.0,0.0,0.99609375,"[-128, -128, 127]",True,,,,0.09645905811339617,1.270791981369257,0.6965840002521873,2.0698329899460077
538,Shujun,unknown,unavailable_in_sd_path,37,/Users/zilongzeng/Research/DroneControl/user_study_v1/Shujun/Unknown/37.wav,Shujun/Unknown/37.wav,unknown,0.99609375,0.0,0.0,0.99609375,"[-128, -128, 127]",True,,,,0.06724998820573092,1.279541989788413,0.7534170290455222,2.108040964230895
539,Shujun,unknown,unavailable_in_sd_path,38,/Users/zilongzeng/Research/DroneControl/user_study_v1/Shujun/Unknown/38.wav,Shujun/Unknown/38.wav,unknown,0.99609375,0.0,0.0,0.99609375,"[-128, -128, 127]",True,,,,0.07883296348154545,1.2115000281482935,0.6820410490036011,1.9777909619733691
540,Shujun,unknown,unavailable_in_sd_path,39,/Users/zilongzeng/Research/DroneControl/user_study_v1/Shujun/Unknown/39.wav,Shujun/Unknown/39.wav,emergency,0.99609375,0.99609375,0.0,0.0,"[127, -128, -128]",False,,,,0.056292046792805195,1.2655829777941108,0.7119579240679741,2.039707964286208
541,Shujun,unknown,unavailable_in_sd_path,40,/Users/zilongzeng/Research/DroneControl/user_study_v1/Shujun/Unknown/40.wav,Shujun/Unknown/40.wav,unknown,0.99609375,0.0,0.0,0.99609375,"[-128, -128, 127]",True,,,,0.06854196544736624,1.3666669838130474,0.6407920736819506,2.0859999349340796
542,Shujun,unknown,unavailable_in_sd_path,41,/Users/zilongzeng/Research/DroneControl/user_study_v1/Shujun/Unknown/41.wav,Shujun/Unknown/41.wav,unknown,0.99609375,0.0,0.0,0.99609375,"[-128, -128, 127]",True,,,,0.16941700596362352,1.3200000394135714,0.6802090210840106,2.184542012400925
543,Shujun,unknown,unavailable_in_sd_path,42,/Users/zilongzeng/Research/DroneControl/user_study_v1/Shujun/Unknown/42.wav,Shujun/Unknown/42.wav,unknown,0.99609375,0.0,0.0,0.99609375,"[-128, -128, 127]",True,,,,0.06874999962747097,1.254917006008327,0.6769159808754921,2.0069589372724295
544,Shujun,unknown,unavailable_in_sd_path,43,/Users/zilongzeng/Research/DroneControl/user_study_v1/Shujun/Unknown/43.wav,Shujun/Unknown/43.wav,unknown,0.99609375,0.0,0.0,0.99609375,"[-128, -128, 127]",True,,,,0.0648329732939601,1.2678749626502395,0.7220830302685499,2.0614590030163527
545,Shujun,unknown,unavailable_in_sd_path,44,/Users/zilongzeng/Research/DroneControl/user_study_v1/Shujun/Unknown/44.wav,Shujun/Unknown/44.wav,unknown,0.99609375,0.0,0.0,0.99609375,"[-128, -128, 127]",True,,,,0.2251670230180025,1.2835829984396696,0.7045000093057752,2.218874986283481
546,Shujun,unknown,unavailable_in_sd_path,45,/Users/zilongzeng/Research/DroneControl/user_study_v1/Shujun/Unknown/45.wav,Shujun/Unknown/45.wav,unknown,0.99609375,0.0,0.0,0.99609375,"[-128, -128, 127]",True,,,,0.21337508223950863,1.1997080873697996,0.6955409189686179,2.11704196408391
547,Shujun,unknown,unavailable_in_sd_path,46,/Users/zilongzeng/Research/DroneControl/user_study_v1/Shujun/Unknown/46.wav,Shujun/Unknown/46.wav,unknown,0.99609375,0.0,0.0,0.99609375,"[-128, -128, 127]",True,,,,0.07149996235966682,1.2537919683381915,0.6923750042915344,2.0233329851180315
548,Shujun,unknown,unavailable_in_sd_path,47,/Users/zilongzeng/Research/DroneControl/user_study_v1/Shujun/Unknown/47.wav,Shujun/Unknown/47.wav,unknown,0.69140625,0.0,0.30859375,0.69140625,"[-128, -49, 49]",True,,,,0.06624998059123755,1.28754205070436,0.7218749960884452,2.0819169003516436
549,Shujun,unknown,unavailable_in_sd_path,48,/Users/zilongzeng/Research/DroneControl/user_study_v1/Shujun/Unknown/48.wav,Shujun/Unknown/48.wav,unknown,0.99609375,0.0,0.0,0.99609375,"[-128, -128, 127]",True,,,,0.0790000194683671,1.3267920585349202,0.7008749525994062,2.112041926011443
550,Shujun,unknown,unavailable_in_sd_path,49,/Users/zilongzeng/Research/DroneControl/user_study_v1/Shujun/Unknown/49.wav,Shujun/Unknown/49.wav,unknown,0.99609375,0.0,0.0,0.99609375,"[-128, -128, 127]",True,,,,0.06879109423607588,1.2220829958096147,0.7007500389590859,2.0006669219583273
551,Weiqian,emergency,unavailable_in_sd_path,0,/Users/zilongzeng/Research/DroneControl/user_study_v1/Weiqian/Emergency/0.wav,Weiqian/Emergency/0.wav,emergency,0.99609375,0.99609375,0.0,0.00390625,"[127, -128, -127]",True,,,,0.07754203397780657,1.2586669763550162,0.7000409532338381,2.0417500054463744
552,Weiqian,emergency,unavailable_in_sd_path,1,/Users/zilongzeng/Research/DroneControl/user_study_v1/Weiqian/Emergency/1.wav,Weiqian/Emergency/1.wav,emergency,0.99609375,0.99609375,0.0,0.0,"[127, -128, -128]",True,,,,0.05979195702821016,1.2824579607695341,0.7252079667523503,2.0734589779749513
553,Weiqian,emergency,unavailable_in_sd_path,2,/Users/zilongzeng/Research/DroneControl/user_study_v1/Weiqian/Emergency/2.wav,Weiqian/Emergency/2.wav,emergency,0.99609375,0.99609375,0.0,0.0,"[127, -128, -128]",True,,,,0.0878750579431653,1.2912499951198697,0.6813330110162497,2.0662499591708183
554,Weiqian,emergency,unavailable_in_sd_path,3,/Users/zilongzeng/Research/DroneControl/user_study_v1/Weiqian/Emergency/3.wav,Weiqian/Emergency/3.wav,emergency,0.99609375,0.99609375,0.0,0.0,"[127, -128, -128]",True,,,,0.07529195863753557,1.430541044101119,0.6357500096783042,2.1505840122699738
555,Weiqian,emergency,unavailable_in_sd_path,4,/Users/zilongzeng/Research/DroneControl/user_study_v1/Weiqian/Emergency/4.wav,Weiqian/Emergency/4.wav,emergency,0.99609375,0.99609375,0.0,0.0,"[127, -128, -128]",True,,,,0.1376670552417636,1.2301249662414193,0.7082079537212849,2.0823749946430326
556,Weiqian,emergency,unavailable_in_sd_path,5,/Users/zilongzeng/Research/DroneControl/user_study_v1/Weiqian/Emergency/5.wav,Weiqian/Emergency/5.wav,emergency,0.99609375,0.99609375,0.0,0.0,"[127, -128, -128]",True,,,,0.07008295506238937,1.2850420316681266,0.7125840056687593,2.0745829679071903
557,Weiqian,emergency,unavailable_in_sd_path,6,/Users/zilongzeng/Research/DroneControl/user_study_v1/Weiqian/Emergency/6.wav,Weiqian/Emergency/6.wav,emergency,0.99609375,0.99609375,0.0,0.0,"[127, -128, -128]",True,,,,0.08349993731826544,1.2859159614890814,0.7147500291466713,2.0899169612675905
558,Weiqian,emergency,unavailable_in_sd_path,7,/Users/zilongzeng/Research/DroneControl/user_study_v1/Weiqian/Emergency/7.wav,Weiqian/Emergency/7.wav,emergency,0.734375,0.734375,0.26953125,0.0,"[60, -59, -128]",True,,,,0.06416591349989176,1.1986249592155218,0.7217080565169454,1.990457996726036
559,Weiqian,emergency,unavailable_in_sd_path,8,/Users/zilongzeng/Research/DroneControl/user_study_v1/Weiqian/Emergency/8.wav,Weiqian/Emergency/8.wav,movement,0.99609375,0.0,0.99609375,0.0,"[-128, 127, -128]",False,,,,0.06466696504503489,1.2045420007780194,0.695624970830977,1.9696659874171019
560,Weiqian,emergency,unavailable_in_sd_path,9,/Users/zilongzeng/Research/DroneControl/user_study_v1/Weiqian/Emergency/9.wav,Weiqian/Emergency/9.wav,unknown,0.99609375,0.0,0.0,0.99609375,"[-128, -128, 127]",False,,,,0.06316602230072021,1.2983750784769654,0.7183749694377184,2.085917047224939
561,Weiqian,emergency,unavailable_in_sd_path,10,/Users/zilongzeng/Research/DroneControl/user_study_v1/Weiqian/Emergency/10.wav,Weiqian/Emergency/10.wav,emergency,0.99609375,0.99609375,0.0,0.0,"[127, -128, -128]",True,,,,0.07770792581140995,1.290791085921228,0.6927080685272813,2.0674170227721334
562,Weiqian,emergency,unavailable_in_sd_path,11,/Users/zilongzeng/Research/DroneControl/user_study_v1/Weiqian/Emergency/11.wav,Weiqian/Emergency/11.wav,emergency,0.99609375,0.99609375,0.0,0.0,"[127, -128, -128]",True,,,,0.07512501906603575,1.3639169046655297,0.636459095403552,2.0842920057475567
563,Weiqian,emergency,unavailable_in_sd_path,12,/Users/zilongzeng/Research/DroneControl/user_study_v1/Weiqian/Emergency/12.wav,Weiqian/Emergency/12.wav,emergency,0.48828125,0.48828125,0.48828125,0.01953125,"[-3, -3, -123]",True,,,,0.3071250393986702,1.283499994315207,0.7097499910742044,2.3066248977556825
564,Weiqian,emergency,unavailable_in_sd_path,13,/Users/zilongzeng/Research/DroneControl/user_study_v1/Weiqian/Emergency/13.wav,Weiqian/Emergency/13.wav,emergency,0.953125,0.953125,0.0,0.046875,"[116, -128, -116]",True,,,,0.22833305411040783,1.3422910124063492,0.7143339607864618,2.29187507648021
565,Weiqian,emergency,unavailable_in_sd_path,14,/Users/zilongzeng/Research/DroneControl/user_study_v1/Weiqian/Emergency/14.wav,Weiqian/Emergency/14.wav,emergency,0.99609375,0.99609375,0.0,0.0,"[127, -128, -128]",True,,,,0.08766702376306057,1.27549993339926,0.7112080929800868,2.0796660101041198
566,Weiqian,emergency,unavailable_in_sd_path,15,/Users/zilongzeng/Research/DroneControl/user_study_v1/Weiqian/Emergency/15.wav,Weiqian/Emergency/15.wav,emergency,0.99609375,0.99609375,0.0,0.0,"[127, -128, -128]",True,,,,0.07225002627819777,1.2839579721912742,0.7040411001071334,2.0656660199165344
567,Weiqian,emergency,unavailable_in_sd_path,16,/Users/zilongzeng/Research/DroneControl/user_study_v1/Weiqian/Emergency/16.wav,Weiqian/Emergency/16.wav,emergency,0.99609375,0.99609375,0.0,0.0,"[127, -128, -128]",True,,,,0.08737493772059679,1.261458033695817,0.7016669260337949,2.0556249655783176
568,Weiqian,emergency,unavailable_in_sd_path,17,/Users/zilongzeng/Research/DroneControl/user_study_v1/Weiqian/Emergency/17.wav,Weiqian/Emergency/17.wav,emergency,0.99609375,0.99609375,0.0,0.0,"[127, -128, -128]",True,,,,0.09616592433303595,1.2896250700578094,0.7113330066204071,2.102582948282361
569,Weiqian,emergency,unavailable_in_sd_path,18,/Users/zilongzeng/Research/DroneControl/user_study_v1/Weiqian/Emergency/18.wav,Weiqian/Emergency/18.wav,emergency,0.99609375,0.99609375,0.0,0.0,"[127, -128, -128]",True,,,,0.07700000423938036,1.2749170418828726,0.7147920550778508,2.0727500086650252
570,Weiqian,emergency,unavailable_in_sd_path,19,/Users/zilongzeng/Research/DroneControl/user_study_v1/Weiqian/Emergency/19.wav,Weiqian/Emergency/19.wav,emergency,0.99609375,0.99609375,0.0,0.0,"[127, -128, -128]",True,,,,0.06958399899303913,1.2963339686393738,0.6886670598760247,2.0606250036507845
571,Weiqian,emergency,unavailable_in_sd_path,20,/Users/zilongzeng/Research/DroneControl/user_study_v1/Weiqian/Emergency/20.wav,Weiqian/Emergency/20.wav,emergency,0.99609375,0.99609375,0.0,0.0,"[127, -128, -128]",True,,,,0.07566600106656551,1.2381670530885458,0.7125840056687593,2.031333977356553
572,Weiqian,emergency,unavailable_in_sd_path,21,/Users/zilongzeng/Research/DroneControl/user_study_v1/Weiqian/Emergency/21.wav,Weiqian/Emergency/21.wav,emergency,0.99609375,0.99609375,0.0,0.0,"[127, -128, -128]",True,,,,0.06929202936589718,1.2280839728191495,0.707249972037971,2.0104999421164393
573,Weiqian,emergency,unavailable_in_sd_path,22,/Users/zilongzeng/Research/DroneControl/user_study_v1/Weiqian/Emergency/22.wav,Weiqian/Emergency/22.wav,emergency,0.99609375,0.99609375,0.0,0.0,"[127, -128, -128]",True,,,,0.07616693619638681,1.2563749914988875,0.7054159650579095,2.043916960246861
574,Weiqian,emergency,unavailable_in_sd_path,23,/Users/zilongzeng/Research/DroneControl/user_study_v1/Weiqian/Emergency/23.wav,Weiqian/Emergency/23.wav,movement,0.859375,0.140625,0.859375,0.0,"[-92, 92, -128]",False,,,,0.0740840332582593,1.385166891850531,0.6202079821377993,2.088374923914671
575,Weiqian,emergency,unavailable_in_sd_path,24,/Users/zilongzeng/Research/DroneControl/user_study_v1/Weiqian/Emergency/24.wav,Weiqian/Emergency/24.wav,emergency,0.99609375,0.99609375,0.0,0.0,"[127, -128, -128]",True,,,,0.15537498984485865,1.2778750387951732,0.7150419987738132,2.1547090727835894
576,Weiqian,emergency,unavailable_in_sd_path,25,/Users/zilongzeng/Research/DroneControl/user_study_v1/Weiqian/Emergency/25.wav,Weiqian/Emergency/25.wav,emergency,0.99609375,0.99609375,0.0,0.0,"[127, -128, -128]",True,,,,0.08229201193898916,1.2347499141469598,0.6938339211046696,2.016332931816578
577,Weiqian,emergency,unavailable_in_sd_path,26,/Users/zilongzeng/Research/DroneControl/user_study_v1/Weiqian/Emergency/26.wav,Weiqian/Emergency/26.wav,emergency,0.9921875,0.9921875,0.0078125,0.0,"[126, -126, -128]",True,,,,0.07166701834648848,1.2789580505341291,0.7047079270705581,2.060749917291105
578,Weiqian,emergency,unavailable_in_sd_path,27,/Users/zilongzeng/Research/DroneControl/user_study_v1/Weiqian/Emergency/27.wav,Weiqian/Emergency/27.wav,emergency,0.99609375,0.99609375,0.0,0.0,"[127, -128, -128]",True,,,,0.07325003389269114,1.1995829408988357,0.6665829569101334,1.980333006940782
579,Weiqian,emergency,unavailable_in_sd_path,28,/Users/zilongzeng/Research/DroneControl/user_study_v1/Weiqian/Emergency/28.wav,Weiqian/Emergency/28.wav,emergency,0.99609375,0.99609375,0.0,0.0,"[127, -128, -128]",True,,,,0.16629102174192667,1.1750829871743917,0.7080830400809646,2.056750003248453
580,Weiqian,emergency,unavailable_in_sd_path,29,/Users/zilongzeng/Research/DroneControl/user_study_v1/Weiqian/Emergency/29.wav,Weiqian/Emergency/29.wav,movement,0.76953125,0.23046875,0.76953125,0.0,"[-69, 69, -128]",False,,,,0.08087500464171171,1.2312079779803753,0.710583059117198,2.0293339621275663
581,Weiqian,emergency,unavailable_in_sd_path,30,/Users/zilongzeng/Research/DroneControl/user_study_v1/Weiqian/Emergency/30.wav,Weiqian/Emergency/30.wav,emergency,0.99609375,0.99609375,0.0,0.0,"[127, -128, -128]",True,,,,0.21974998526275158,1.3512499863281846,0.6953750271350145,2.271916950121522
582,Weiqian,emergency,unavailable_in_sd_path,31,/Users/zilongzeng/Research/DroneControl/user_study_v1/Weiqian/Emergency/31.wav,Weiqian/Emergency/31.wav,emergency,0.99609375,0.99609375,0.0,0.0,"[127, -128, -128]",True,,,,0.8160830475389957,1.3879999751225114,0.6959999445825815,2.906500012613833
583,Weiqian,emergency,unavailable_in_sd_path,32,/Users/zilongzeng/Research/DroneControl/user_study_v1/Weiqian/Emergency/32.wav,Weiqian/Emergency/32.wav,emergency,0.99609375,0.99609375,0.0,0.0,"[127, -128, -128]",True,,,,0.0829590717330575,1.2066670460626483,0.6862500449642539,1.9817500142380595
584,Weiqian,emergency,unavailable_in_sd_path,33,/Users/zilongzeng/Research/DroneControl/user_study_v1/Weiqian/Emergency/33.wav,Weiqian/Emergency/33.wav,emergency,0.99609375,0.99609375,0.0,0.0,"[127, -128, -128]",True,,,,0.07120799273252487,1.2850409839302301,0.7187080336734653,2.0810830174013972
585,Weiqian,emergency,unavailable_in_sd_path,34,/Users/zilongzeng/Research/DroneControl/user_study_v1/Weiqian/Emergency/34.wav,Weiqian/Emergency/34.wav,emergency,0.99609375,0.99609375,0.0,0.0,"[127, -128, -128]",True,,,,0.07783295586705208,1.386375050060451,0.6562500493600965,2.1309590665623546
586,Weiqian,emergency,unavailable_in_sd_path,35,/Users/zilongzeng/Research/DroneControl/user_study_v1/Weiqian/Emergency/35.wav,Weiqian/Emergency/35.wav,movement,0.59765625,0.40234375,0.59765625,0.0,"[-25, 25, -128]",False,,,,0.19312510266900063,1.3271250063553452,0.6708749569952488,2.198208007030189
587,Weiqian,emergency,unavailable_in_sd_path,36,/Users/zilongzeng/Research/DroneControl/user_study_v1/Weiqian/Emergency/36.wav,Weiqian/Emergency/36.wav,movement,0.99609375,0.0,0.99609375,0.0,"[-128, 127, -128]",False,,,,0.07516704499721527,1.2991250259801745,0.7237500976771116,2.10470799356699
588,Weiqian,emergency,unavailable_in_sd_path,37,/Users/zilongzeng/Research/DroneControl/user_study_v1/Weiqian/Emergency/37.wav,Weiqian/Emergency/37.wav,movement,0.8046875,0.1953125,0.8046875,0.0,"[-78, 78, -128]",False,,,,0.07925007957965136,1.3025830266997218,0.694541959092021,2.0818751072511077
589,Weiqian,emergency,unavailable_in_sd_path,38,/Users/zilongzeng/Research/DroneControl/user_study_v1/Weiqian/Emergency/38.wav,Weiqian/Emergency/38.wav,emergency,0.99609375,0.99609375,0.0,0.0,"[127, -128, -128]",True,,,,0.06979098543524742,1.3008750975131989,0.6972089176997542,2.074957941658795
590,Weiqian,emergency,unavailable_in_sd_path,39,/Users/zilongzeng/Research/DroneControl/user_study_v1/Weiqian/Emergency/39.wav,Weiqian/Emergency/39.wav,emergency,0.99609375,0.99609375,0.0,0.0,"[127, -128, -128]",True,,,,0.0706670107319951,1.2862089788541198,0.6831670179963112,2.045291941612959
591,Weiqian,emergency,unavailable_in_sd_path,40,/Users/zilongzeng/Research/DroneControl/user_study_v1/Weiqian/Emergency/40.wav,Weiqian/Emergency/40.wav,emergency,0.99609375,0.99609375,0.0,0.0,"[127, -128, -128]",True,,,,0.07545796688646078,1.4039169764146209,0.6309580057859421,2.119709039106965
592,Weiqian,emergency,unavailable_in_sd_path,41,/Users/zilongzeng/Research/DroneControl/user_study_v1/Weiqian/Emergency/41.wav,Weiqian/Emergency/41.wav,emergency,0.99609375,0.99609375,0.0,0.0,"[127, -128, -128]",True,,,,0.1461249776184559,1.2644591042771935,0.7177500519901514,2.1358750527724624
593,Weiqian,emergency,unavailable_in_sd_path,42,/Users/zilongzeng/Research/DroneControl/user_study_v1/Weiqian/Emergency/42.wav,Weiqian/Emergency/42.wav,emergency,0.99609375,0.99609375,0.0,0.0,"[127, -128, -128]",True,,,,0.10149995796382427,1.3327079359441996,0.7953749736770988,2.269832999445498
594,Weiqian,emergency,unavailable_in_sd_path,43,/Users/zilongzeng/Research/DroneControl/user_study_v1/Weiqian/Emergency/43.wav,Weiqian/Emergency/43.wav,movement,0.94140625,0.0,0.94140625,0.0546875,"[-128, 113, -114]",False,,,,0.1550000160932541,1.227000029757619,0.708957901224494,2.0990000339224935
595,Weiqian,emergency,unavailable_in_sd_path,44,/Users/zilongzeng/Research/DroneControl/user_study_v1/Weiqian/Emergency/44.wav,Weiqian/Emergency/44.wav,emergency,0.9296875,0.9296875,0.06640625,0.0,"[110, -111, -128]",True,,,,0.09116705041378736,1.2074579717591405,0.7281251018866897,2.0337500609457493
596,Weiqian,emergency,unavailable_in_sd_path,45,/Users/zilongzeng/Research/DroneControl/user_study_v1/Weiqian/Emergency/45.wav,Weiqian/Emergency/45.wav,emergency,0.99609375,0.99609375,0.0,0.0,"[127, -128, -128]",True,,,,0.08050003089010715,1.3299999991431832,0.7003750652074814,2.116125077009201
597,Weiqian,emergency,unavailable_in_sd_path,46,/Users/zilongzeng/Research/DroneControl/user_study_v1/Weiqian/Emergency/46.wav,Weiqian/Emergency/46.wav,unknown,0.99609375,0.0,0.0,0.99609375,"[-128, -128, 127]",False,,,,0.0666249543428421,1.229249988682568,0.73441700078547,2.038082922808826
598,Weiqian,emergency,unavailable_in_sd_path,47,/Users/zilongzeng/Research/DroneControl/user_study_v1/Weiqian/Emergency/47.wav,Weiqian/Emergency/47.wav,unknown,0.8828125,0.1171875,0.0,0.8828125,"[-98, -128, 98]",False,,,,0.07583398837596178,1.2656250037252903,0.6825419841334224,2.0288749365136027
599,Weiqian,emergency,unavailable_in_sd_path,48,/Users/zilongzeng/Research/DroneControl/user_study_v1/Weiqian/Emergency/48.wav,Weiqian/Emergency/48.wav,unknown,0.99609375,0.0,0.0,0.99609375,"[-128, -128, 127]",False,,,,0.0552500132471323,1.2776670046150684,0.71620789822191,2.055249991826713
600,Weiqian,emergency,unavailable_in_sd_path,49,/Users/zilongzeng/Research/DroneControl/user_study_v1/Weiqian/Emergency/49.wav,Weiqian/Emergency/49.wav,emergency,0.99609375,0.99609375,0.0,0.0,"[127, -128, -128]",True,,,,0.23025006521493196,1.2414170196279883,0.714958063326776,2.192458021454513
601,Weiqian,movement,unavailable_in_sd_path,0,/Users/zilongzeng/Research/DroneControl/user_study_v1/Weiqian/Movement/0.wav,Weiqian/Movement/0.wav,movement,0.99609375,0.0,0.99609375,0.0,"[-128, 127, -128]",True,,,,0.22354093380272388,1.3550419826060534,0.6969999521970749,2.3161249700933695
602,Weiqian,movement,unavailable_in_sd_path,1,/Users/zilongzeng/Research/DroneControl/user_study_v1/Weiqian/Movement/1.wav,Weiqian/Movement/1.wav,emergency,0.73046875,0.73046875,0.265625,0.0,"[59, -60, -128]",False,,,,0.14649995137006044,1.2534159468486905,0.6983749335631728,2.1053749369457364
603,Weiqian,movement,unavailable_in_sd_path,2,/Users/zilongzeng/Research/DroneControl/user_study_v1/Weiqian/Movement/2.wav,Weiqian/Movement/2.wav,unknown,0.99609375,0.0,0.0,0.99609375,"[-128, -128, 127]",False,,,,0.09341700933873653,1.246207975782454,0.7173339836299419,2.0642089657485485
604,Weiqian,movement,unavailable_in_sd_path,3,/Users/zilongzeng/Research/DroneControl/user_study_v1/Weiqian/Movement/3.wav,Weiqian/Movement/3.wav,movement,0.99609375,0.0,0.99609375,0.0,"[-128, 127, -128]",True,,,,0.08870905730873346,1.2575829168781638,0.7047919789329171,2.056790981441736
605,Weiqian,movement,unavailable_in_sd_path,4,/Users/zilongzeng/Research/DroneControl/user_study_v1/Weiqian/Movement/4.wav,Weiqian/Movement/4.wav,movement,0.99609375,0.0,0.99609375,0.0,"[-128, 127, -128]",True,,,,0.07229193579405546,1.2095420388504863,0.7406249642372131,2.0307089434936643
606,Weiqian,movement,unavailable_in_sd_path,5,/Users/zilongzeng/Research/DroneControl/user_study_v1/Weiqian/Movement/5.wav,Weiqian/Movement/5.wav,movement,0.99609375,0.0,0.99609375,0.0,"[-128, 127, -128]",True,,,,0.07099995855242014,1.2400000123307109,0.7023749640211463,2.0189170027151704
607,Weiqian,movement,unavailable_in_sd_path,6,/Users/zilongzeng/Research/DroneControl/user_study_v1/Weiqian/Movement/6.wav,Weiqian/Movement/6.wav,movement,0.99609375,0.0,0.99609375,0.0,"[-128, 127, -128]",True,,,,0.0654999166727066,1.2437079567462206,0.711207976564765,2.0265000639483333
608,Weiqian,movement,unavailable_in_sd_path,7,/Users/zilongzeng/Research/DroneControl/user_study_v1/Weiqian/Movement/7.wav,Weiqian/Movement/7.wav,movement,0.99609375,0.0,0.99609375,0.0,"[-128, 127, -128]",True,,,,0.07470906712114811,1.420999993570149,0.7472500437870622,2.253207960166037
609,Weiqian,movement,unavailable_in_sd_path,8,/Users/zilongzeng/Research/DroneControl/user_study_v1/Weiqian/Movement/8.wav,Weiqian/Movement/8.wav,movement,0.99609375,0.0,0.99609375,0.0,"[-128, 127, -128]",True,,,,0.07245794404298067,1.2335829669609666,0.739166047424078,2.053332980722189
610,Weiqian,movement,unavailable_in_sd_path,9,/Users/zilongzeng/Research/DroneControl/user_study_v1/Weiqian/Movement/9.wav,Weiqian/Movement/9.wav,movement,0.99609375,0.0,0.99609375,0.0,"[-128, 127, -128]",True,,,,0.0778749817982316,1.2645419919863343,0.7119999499991536,2.0602919394150376
611,Weiqian,movement,unavailable_in_sd_path,10,/Users/zilongzeng/Research/DroneControl/user_study_v1/Weiqian/Movement/10.wav,Weiqian/Movement/10.wav,movement,0.99609375,0.0,0.99609375,0.0,"[-128, 127, -128]",True,,,,0.0642499653622508,1.2439580168575048,0.716041075065732,2.030499977990985
612,Weiqian,movement,unavailable_in_sd_path,11,/Users/zilongzeng/Research/DroneControl/user_study_v1/Weiqian/Movement/11.wav,Weiqian/Movement/11.wav,movement,0.99609375,0.0,0.99609375,0.0,"[-128, 127, -128]",True,,,,0.08129200432449579,1.2512500397861004,0.7040830096229911,2.042250009253621
613,Weiqian,movement,unavailable_in_sd_path,12,/Users/zilongzeng/Research/DroneControl/user_study_v1/Weiqian/Movement/12.wav,Weiqian/Movement/12.wav,movement,0.99609375,0.0,0.99609375,0.0,"[-128, 127, -128]",True,,,,0.06150000263005495,1.2330419849604368,0.7257499964907765,2.027292037382722
614,Weiqian,movement,unavailable_in_sd_path,13,/Users/zilongzeng/Research/DroneControl/user_study_v1/Weiqian/Movement/13.wav,Weiqian/Movement/13.wav,movement,0.99609375,0.0,0.99609375,0.0,"[-128, 127, -128]",True,,,,0.06829202175140381,1.1679589515551925,0.6941669853404164,1.93575001321733
615,Weiqian,movement,unavailable_in_sd_path,14,/Users/zilongzeng/Research/DroneControl/user_study_v1/Weiqian/Movement/14.wav,Weiqian/Movement/14.wav,movement,0.99609375,0.0,0.99609375,0.0,"[-128, 127, -128]",True,,,,0.056875054724514484,1.2250000145286322,0.7154999766498804,2.0033330656588078
616,Weiqian,movement,unavailable_in_sd_path,15,/Users/zilongzeng/Research/DroneControl/user_study_v1/Weiqian/Movement/15.wav,Weiqian/Movement/15.wav,movement,0.99609375,0.0,0.99609375,0.0,"[-128, 127, -128]",True,,,,0.07245899178087711,1.2434999225661159,0.6992920534685254,2.021583030000329
617,Weiqian,movement,unavailable_in_sd_path,16,/Users/zilongzeng/Research/DroneControl/user_study_v1/Weiqian/Movement/16.wav,Weiqian/Movement/16.wav,movement,0.99609375,0.0,0.99609375,0.0,"[-128, 127, -128]",True,,,,0.07666600868105888,1.232583075761795,0.7391669787466526,2.0546249579638243
618,Weiqian,movement,unavailable_in_sd_path,17,/Users/zilongzeng/Research/DroneControl/user_study_v1/Weiqian/Movement/17.wav,Weiqian/Movement/17.wav,movement,0.99609375,0.0,0.99609375,0.0,"[-128, 127, -128]",True,,,,0.26291701942682266,1.2238750932738185,0.6895409896969795,2.1816249936819077
619,Weiqian,movement,unavailable_in_sd_path,18,/Users/zilongzeng/Research/DroneControl/user_study_v1/Weiqian/Movement/18.wav,Weiqian/Movement/18.wav,movement,0.99609375,0.0,0.99609375,0.0,"[-128, 127, -128]",True,,,,0.24029205087572336,1.2937909923493862,0.7104170508682728,2.2505830274894834
620,Weiqian,movement,unavailable_in_sd_path,19,/Users/zilongzeng/Research/DroneControl/user_study_v1/Weiqian/Movement/19.wav,Weiqian/Movement/19.wav,movement,0.99609375,0.0,0.99609375,0.0,"[-128, 127, -128]",True,,,,0.07458298932760954,1.2292079627513885,0.6882920861244202,1.9977089250460267
621,Weiqian,movement,unavailable_in_sd_path,20,/Users/zilongzeng/Research/DroneControl/user_study_v1/Weiqian/Movement/20.wav,Weiqian/Movement/20.wav,movement,0.99609375,0.0,0.99609375,0.0,"[-128, 127, -128]",True,,,,0.062000006437301636,1.2414170196279883,0.7502920925617218,2.0615000976249576
622,Weiqian,movement,unavailable_in_sd_path,21,/Users/zilongzeng/Research/DroneControl/user_study_v1/Weiqian/Movement/21.wav,Weiqian/Movement/21.wav,movement,0.99609375,0.0,0.99609375,0.0,"[-128, 127, -128]",True,,,,0.0700000673532486,1.2281249510124326,0.6785000441595912,1.9818329019472003
623,Weiqian,movement,unavailable_in_sd_path,22,/Users/zilongzeng/Research/DroneControl/user_study_v1/Weiqian/Movement/22.wav,Weiqian/Movement/22.wav,movement,0.99609375,0.0,0.99609375,0.0,"[-128, 127, -128]",True,,,,0.05766598042100668,1.2329169549047947,0.7160420063883066,2.0123330177739263
624,Weiqian,movement,unavailable_in_sd_path,23,/Users/zilongzeng/Research/DroneControl/user_study_v1/Weiqian/Movement/23.wav,Weiqian/Movement/23.wav,movement,0.99609375,0.0,0.99609375,0.0,"[-128, 127, -128]",True,,,,0.06408407352864742,1.2268340215086937,0.6997499149292707,1.99591601267457
625,Weiqian,movement,unavailable_in_sd_path,24,/Users/zilongzeng/Research/DroneControl/user_study_v1/Weiqian/Movement/24.wav,Weiqian/Movement/24.wav,movement,0.99609375,0.0,0.99609375,0.0,"[-128, 127, -128]",True,,,,0.07279193960130215,1.2659999774768949,0.7543750107288361,2.099457895383239
626,Weiqian,movement,unavailable_in_sd_path,25,/Users/zilongzeng/Research/DroneControl/user_study_v1/Weiqian/Movement/25.wav,Weiqian/Movement/25.wav,movement,0.99609375,0.0,0.99609375,0.0,"[-128, 127, -128]",True,,,,0.06995804142206907,1.2900420697405934,0.6735839415341616,2.0385830430313945
627,Weiqian,movement,unavailable_in_sd_path,26,/Users/zilongzeng/Research/DroneControl/user_study_v1/Weiqian/Movement/26.wav,Weiqian/Movement/26.wav,movement,0.99609375,0.0,0.99609375,0.0,"[-128, 127, -128]",True,,,,0.06570899859070778,1.2607499957084656,0.724583980627358,2.056750003248453
628,Weiqian,movement,unavailable_in_sd_path,27,/Users/zilongzeng/Research/DroneControl/user_study_v1/Weiqian/Movement/27.wav,Weiqian/Movement/27.wav,movement,0.99609375,0.0,0.99609375,0.0,"[-128, 127, -128]",True,,,,0.08224998600780964,1.449375064112246,0.6370000774040818,2.1778750233352184
629,Weiqian,movement,unavailable_in_sd_path,28,/Users/zilongzeng/Research/DroneControl/user_study_v1/Weiqian/Movement/28.wav,Weiqian/Movement/28.wav,movement,0.99609375,0.0,0.99609375,0.0,"[-128, 127, -128]",True,,,,0.16658299136906862,1.2451250804588199,0.7433339487761259,2.1627499954774976
630,Weiqian,movement,unavailable_in_sd_path,29,/Users/zilongzeng/Research/DroneControl/user_study_v1/Weiqian/Movement/29.wav,Weiqian/Movement/29.wav,movement,0.99609375,0.0,0.99609375,0.0,"[-128, 127, -128]",True,,,,0.07175002247095108,1.3075419701635838,0.6844999734312296,2.070874907076359
631,Weiqian,movement,unavailable_in_sd_path,30,/Users/zilongzeng/Research/DroneControl/user_study_v1/Weiqian/Movement/30.wav,Weiqian/Movement/30.wav,movement,0.99609375,0.0,0.99609375,0.0,"[-128, 127, -128]",True,,,,0.07145805284380913,1.2840419076383114,0.7092499872669578,2.0717920269817114
632,Weiqian,movement,unavailable_in_sd_path,31,/Users/zilongzeng/Research/DroneControl/user_study_v1/Weiqian/Movement/31.wav,Weiqian/Movement/31.wav,movement,0.99609375,0.0,0.99609375,0.0,"[-128, 127, -128]",True,,,,0.09054201655089855,1.3890420086681843,0.6400829879567027,2.1290420554578304
633,Weiqian,movement,unavailable_in_sd_path,32,/Users/zilongzeng/Research/DroneControl/user_study_v1/Weiqian/Movement/32.wav,Weiqian/Movement/32.wav,movement,0.99609375,0.0,0.99609375,0.0,"[-128, 127, -128]",True,,,,0.16720907296985388,1.2159579200670123,0.7406249642372131,2.132000052370131
634,Weiqian,movement,unavailable_in_sd_path,33,/Users/zilongzeng/Research/DroneControl/user_study_v1/Weiqian/Movement/33.wav,Weiqian/Movement/33.wav,movement,0.99609375,0.0,0.99609375,0.0,"[-128, 127, -128]",True,,,,0.06845803000032902,1.305915997363627,0.7178749656304717,2.098082914017141
635,Weiqian,movement,unavailable_in_sd_path,34,/Users/zilongzeng/Research/DroneControl/user_study_v1/Weiqian/Movement/34.wav,Weiqian/Movement/34.wav,movement,0.99609375,0.0,0.99609375,0.0,"[-128, 127, -128]",True,,,,0.06562506314367056,1.445709029212594,0.6302091060206294,2.150624990463257
636,Weiqian,movement,unavailable_in_sd_path,35,/Users/zilongzeng/Research/DroneControl/user_study_v1/Weiqian/Movement/35.wav,Weiqian/Movement/35.wav,movement,0.99609375,0.0,0.99609375,0.0,"[-128, 127, -128]",True,,,,0.1598329981788993,1.2792499037459493,0.5997500848025084,2.046709065325558
637,Weiqian,movement,unavailable_in_sd_path,36,/Users/zilongzeng/Research/DroneControl/user_study_v1/Weiqian/Movement/36.wav,Weiqian/Movement/36.wav,movement,0.99609375,0.0,0.99609375,0.0,"[-128, 127, -128]",True,,,,0.25166699197143316,1.2392089702188969,0.7302919402718544,2.2296670358628035
638,Weiqian,movement,unavailable_in_sd_path,37,/Users/zilongzeng/Research/DroneControl/user_study_v1/Weiqian/Movement/37.wav,Weiqian/Movement/37.wav,movement,0.99609375,0.0,0.99609375,0.0,"[-128, 127, -128]",True,,,,0.2337079495191574,1.1980830458924174,0.6997500313445926,2.1372500341385603
639,Weiqian,movement,unavailable_in_sd_path,38,/Users/zilongzeng/Research/DroneControl/user_study_v1/Weiqian/Movement/38.wav,Weiqian/Movement/38.wav,movement,0.99609375,0.0,0.99609375,0.0,"[-128, 127, -128]",True,,,,0.06508303340524435,1.2434169184416533,0.6955419667065144,2.0098340464755893
640,Weiqian,movement,unavailable_in_sd_path,39,/Users/zilongzeng/Research/DroneControl/user_study_v1/Weiqian/Movement/39.wav,Weiqian/Movement/39.wav,movement,0.99609375,0.0,0.99609375,0.0,"[-128, 127, -128]",True,,,,0.08541601710021496,1.2655829777941108,0.7055419264361262,2.06191698089242
641,Weiqian,movement,unavailable_in_sd_path,40,/Users/zilongzeng/Research/DroneControl/user_study_v1/Weiqian/Movement/40.wav,Weiqian/Movement/40.wav,movement,0.99609375,0.0,0.99609375,0.0,"[-128, 127, -128]",True,,,,0.06987503729760647,1.2015419779345393,0.6685829721391201,1.94845802616328
642,Weiqian,movement,unavailable_in_sd_path,41,/Users/zilongzeng/Research/DroneControl/user_study_v1/Weiqian/Movement/41.wav,Weiqian/Movement/41.wav,movement,0.99609375,0.0,0.99609375,0.0,"[-128, 127, -128]",True,,,,0.07979199290275574,1.2314999476075172,0.7247499888762832,2.041833009570837
643,Weiqian,movement,unavailable_in_sd_path,42,/Users/zilongzeng/Research/DroneControl/user_study_v1/Weiqian/Movement/42.wav,Weiqian/Movement/42.wav,movement,0.99609375,0.0,0.99609375,0.0,"[-128, 127, -128]",True,,,,0.06720796227455139,1.3145420234650373,0.7275419775396585,2.1154170390218496
644,Weiqian,movement,unavailable_in_sd_path,43,/Users/zilongzeng/Research/DroneControl/user_study_v1/Weiqian/Movement/43.wav,Weiqian/Movement/43.wav,movement,0.99609375,0.0,0.99609375,0.0,"[-128, 127, -128]",True,,,,0.07916602771729231,1.2557079317048192,0.6973750423640013,2.038083039224148
645,Weiqian,movement,unavailable_in_sd_path,44,/Users/zilongzeng/Research/DroneControl/user_study_v1/Weiqian/Movement/44.wav,Weiqian/Movement/44.wav,movement,0.99609375,0.0,0.99609375,0.0,"[-128, 127, -128]",True,,,,0.07841701153665781,1.2675420148298144,0.6717499345541,2.056000055745244
646,Weiqian,movement,unavailable_in_sd_path,45,/Users/zilongzeng/Research/DroneControl/user_study_v1/Weiqian/Movement/45.wav,Weiqian/Movement/45.wav,movement,0.99609375,0.0,0.99609375,0.0,"[-128, 127, -128]",True,,,,0.16362499445676804,1.1885840212926269,0.7147499127313495,2.073042094707489
647,Weiqian,movement,unavailable_in_sd_path,46,/Users/zilongzeng/Research/DroneControl/user_study_v1/Weiqian/Movement/46.wav,Weiqian/Movement/46.wav,movement,0.99609375,0.0,0.99609375,0.0,"[-128, 127, -128]",True,,,,0.06845896132290363,1.2615839950740337,0.7169579621404409,2.053790958598256
648,Weiqian,movement,unavailable_in_sd_path,47,/Users/zilongzeng/Research/DroneControl/user_study_v1/Weiqian/Movement/47.wav,Weiqian/Movement/47.wav,movement,0.99609375,0.0,0.99609375,0.0,"[-128, 127, -128]",True,,,,0.08699996396899223,1.2736250646412373,0.7048340048640966,2.0710829412564635
649,Weiqian,movement,unavailable_in_sd_path,48,/Users/zilongzeng/Research/DroneControl/user_study_v1/Weiqian/Movement/48.wav,Weiqian/Movement/48.wav,movement,0.99609375,0.0,0.99609375,0.0,"[-128, 127, -128]",True,,,,0.07512501906603575,1.3364170445129275,0.6355829536914825,2.055999939329922
650,Weiqian,movement,unavailable_in_sd_path,49,/Users/zilongzeng/Research/DroneControl/user_study_v1/Weiqian/Movement/49.wav,Weiqian/Movement/49.wav,movement,0.99609375,0.0,0.99609375,0.0,"[-128, 127, -128]",True,,,,0.14887505676597357,1.2179580517113209,0.7088750135153532,2.0822499645873904
651,Weiqian,unknown,unavailable_in_sd_path,0,/Users/zilongzeng/Research/DroneControl/user_study_v1/Weiqian/Unknown/0.wav,Weiqian/Unknown/0.wav,unknown,0.99609375,0.0,0.0,0.99609375,"[-128, -128, 127]",True,,,,0.06804207805544138,1.3173329643905163,0.7176249055191875,2.109333057887852
652,Weiqian,unknown,unavailable_in_sd_path,1,/Users/zilongzeng/Research/DroneControl/user_study_v1/Weiqian/Unknown/1.wav,Weiqian/Unknown/1.wav,unknown,0.99609375,0.0,0.0,0.99609375,"[-128, -128, 127]",True,,,,0.08129188790917397,1.2269159778952599,0.71854202542454,2.0324160577729344
653,Weiqian,unknown,unavailable_in_sd_path,2,/Users/zilongzeng/Research/DroneControl/user_study_v1/Weiqian/Unknown/2.wav,Weiqian/Unknown/2.wav,unknown,0.99609375,0.0,0.0,0.99609375,"[-128, -128, 127]",True,,,,0.06458396092057228,1.2193330330774188,0.7204159628599882,2.01458390802145
654,Weiqian,unknown,unavailable_in_sd_path,3,/Users/zilongzeng/Research/DroneControl/user_study_v1/Weiqian/Unknown/3.wav,Weiqian/Unknown/3.wav,movement,0.8828125,0.0,0.8828125,0.1171875,"[-128, 98, -98]",False,,,,0.08295802399516106,1.264333026483655,0.6922499742358923,2.0452080061659217
655,Weiqian,unknown,unavailable_in_sd_path,4,/Users/zilongzeng/Research/DroneControl/user_study_v1/Weiqian/Unknown/4.wav,Weiqian/Unknown/4.wav,unknown,0.99609375,0.0,0.0,0.99609375,"[-128, -128, 127]",True,,,,0.2103749429807067,1.2315839994698763,0.7090000435709953,2.1571250399574637
656,Weiqian,unknown,unavailable_in_sd_path,5,/Users/zilongzeng/Research/DroneControl/user_study_v1/Weiqian/Unknown/5.wav,Weiqian/Unknown/5.wav,movement,0.99609375,0.0,0.99609375,0.0,"[-128, 127, -128]",False,,,,0.2532909857109189,1.4845420373603702,0.637084012851119,2.3842500522732735
657,Weiqian,unknown,unavailable_in_sd_path,6,/Users/zilongzeng/Research/DroneControl/user_study_v1/Weiqian/Unknown/6.wav,Weiqian/Unknown/6.wav,unknown,0.99609375,0.0,0.0,0.99609375,"[-128, -128, 127]",True,,,,0.14329096302390099,1.3692909851670265,0.7236669771373272,2.244750037789345
658,Weiqian,unknown,unavailable_in_sd_path,7,/Users/zilongzeng/Research/DroneControl/user_study_v1/Weiqian/Unknown/7.wav,Weiqian/Unknown/7.wav,unknown,0.99609375,0.0,0.0,0.99609375,"[-128, -128, 127]",True,,,,0.10954192839562893,1.322624972090125,0.7334999972954392,2.172041917219758
659,Weiqian,unknown,unavailable_in_sd_path,8,/Users/zilongzeng/Research/DroneControl/user_study_v1/Weiqian/Unknown/8.wav,Weiqian/Unknown/8.wav,unknown,0.99609375,0.0,0.0,0.99609375,"[-128, -128, 127]",True,,,,0.08645805064588785,1.4006249839439988,0.7142089307308197,2.207666984759271
660,Weiqian,unknown,unavailable_in_sd_path,9,/Users/zilongzeng/Research/DroneControl/user_study_v1/Weiqian/Unknown/9.wav,Weiqian/Unknown/9.wav,unknown,0.99609375,0.0,0.0,0.99609375,"[-128, -128, 127]",True,,,,0.24595798458904028,1.3198750093579292,0.6842090515419841,2.2556670010089874
661,Weiqian,unknown,unavailable_in_sd_path,10,/Users/zilongzeng/Research/DroneControl/user_study_v1/Weiqian/Unknown/10.wav,Weiqian/Unknown/10.wav,movement,0.99609375,0.0,0.99609375,0.0,"[-128, 127, -128]",False,,,,0.20899996161460876,1.4319170732051134,0.6983749335631728,2.3457499919459224
662,Weiqian,unknown,unavailable_in_sd_path,11,/Users/zilongzeng/Research/DroneControl/user_study_v1/Weiqian/Unknown/11.wav,Weiqian/Unknown/11.wav,unknown,0.90234375,0.09765625,0.0,0.90234375,"[-103, -128, 103]",True,,,,0.23016601335257292,1.3747499324381351,0.7142500253394246,2.326957997865975
663,Weiqian,unknown,unavailable_in_sd_path,12,/Users/zilongzeng/Research/DroneControl/user_study_v1/Weiqian/Unknown/12.wav,Weiqian/Unknown/12.wav,unknown,0.99609375,0.0,0.0,0.99609375,"[-128, -128, 127]",True,,,,0.08504197467118502,1.5661659417673945,0.6258339853957295,2.286334056407213
664,Weiqian,unknown,unavailable_in_sd_path,13,/Users/zilongzeng/Research/DroneControl/user_study_v1/Weiqian/Unknown/13.wav,Weiqian/Unknown/13.wav,unknown,0.99609375,0.0,0.0,0.99609375,"[-128, -128, 127]",True,,,,0.15424995217472315,1.261750003322959,0.689583015628159,2.114499919116497
665,Weiqian,unknown,unavailable_in_sd_path,14,/Users/zilongzeng/Research/DroneControl/user_study_v1/Weiqian/Unknown/14.wav,Weiqian/Unknown/14.wav,unknown,0.99609375,0.0,0.0,0.99609375,"[-128, -128, 127]",True,,,,0.07345899939537048,1.3848330127075315,0.734084052965045,2.2016250295564532
666,Weiqian,unknown,unavailable_in_sd_path,15,/Users/zilongzeng/Research/DroneControl/user_study_v1/Weiqian/Unknown/15.wav,Weiqian/Unknown/15.wav,unknown,0.859375,0.0,0.140625,0.859375,"[-128, -92, 92]",True,,,,0.2760840579867363,1.2719579972326756,0.724750105291605,2.2802080493420362
667,Weiqian,unknown,unavailable_in_sd_path,16,/Users/zilongzeng/Research/DroneControl/user_study_v1/Weiqian/Unknown/16.wav,Weiqian/Unknown/16.wav,movement,0.99609375,0.00390625,0.99609375,0.0,"[-127, 127, -128]",False,,,,0.24191697593778372,1.3402909971773624,0.6842080038040876,2.2718330146744847
668,Weiqian,unknown,unavailable_in_sd_path,17,/Users/zilongzeng/Research/DroneControl/user_study_v1/Weiqian/Unknown/17.wav,Weiqian/Unknown/17.wav,unknown,0.99609375,0.0,0.0,0.99609375,"[-128, -128, 127]",True,,,,0.07087492849677801,1.3307499466463923,0.6285840645432472,2.039124956354499
669,Weiqian,unknown,unavailable_in_sd_path,18,/Users/zilongzeng/Research/DroneControl/user_study_v1/Weiqian/Unknown/18.wav,Weiqian/Unknown/18.wav,unknown,0.99609375,0.0,0.0,0.99609375,"[-128, -128, 127]",True,,,,0.1486249966546893,1.213999930769205,0.7244590669870377,2.096917014569044
670,Weiqian,unknown,unavailable_in_sd_path,19,/Users/zilongzeng/Research/DroneControl/user_study_v1/Weiqian/Unknown/19.wav,Weiqian/Unknown/19.wav,unknown,0.99609375,0.0,0.0,0.99609375,"[-128, -128, 127]",True,,,,0.08358294144272804,1.4515829971060157,0.7122090319171548,2.254375023767352
671,Weiqian,unknown,unavailable_in_sd_path,20,/Users/zilongzeng/Research/DroneControl/user_study_v1/Weiqian/Unknown/20.wav,Weiqian/Unknown/20.wav,unknown,0.99609375,0.0,0.0,0.99609375,"[-128, -128, 127]",True,,,,0.09212491568177938,1.3050420675426722,0.6857499247416854,2.0882919197902083
672,Weiqian,unknown,unavailable_in_sd_path,21,/Users/zilongzeng/Research/DroneControl/user_study_v1/Weiqian/Unknown/21.wav,Weiqian/Unknown/21.wav,unknown,0.97265625,0.0,0.02734375,0.97265625,"[-128, -121, 121]",True,,,,0.06562494672834873,1.2188750552013516,0.6941671017557383,1.984667032957077
673,Weiqian,unknown,unavailable_in_sd_path,22,/Users/zilongzeng/Research/DroneControl/user_study_v1/Weiqian/Unknown/22.wav,Weiqian/Unknown/22.wav,movement,0.99609375,0.0,0.99609375,0.0,"[-128, 127, -128]",False,,,,0.08895806968212128,1.174582983367145,0.7078750059008598,1.977125066332519
674,Weiqian,unknown,unavailable_in_sd_path,23,/Users/zilongzeng/Research/DroneControl/user_study_v1/Weiqian/Unknown/23.wav,Weiqian/Unknown/23.wav,movement,0.96875,0.00390625,0.96875,0.02734375,"[-127, 120, -121]",False,,,,0.05962501745671034,1.2186249950900674,0.7244580192491412,2.009624964557588
675,Weiqian,unknown,unavailable_in_sd_path,24,/Users/zilongzeng/Research/DroneControl/user_study_v1/Weiqian/Unknown/24.wav,Weiqian/Unknown/24.wav,unknown,0.99609375,0.0,0.0,0.99609375,"[-128, -128, 127]",True,,,,0.0838330015540123,1.336375018581748,0.6982919294387102,2.1237919572740793
676,Weiqian,unknown,unavailable_in_sd_path,25,/Users/zilongzeng/Research/DroneControl/user_study_v1/Weiqian/Unknown/25.wav,Weiqian/Unknown/25.wav,unknown,0.99609375,0.0,0.0,0.99609375,"[-128, -128, 127]",True,,,,0.07404200732707977,1.4377080369740725,0.6732500623911619,2.1911250660195947
677,Weiqian,unknown,unavailable_in_sd_path,26,/Users/zilongzeng/Research/DroneControl/user_study_v1/Weiqian/Unknown/26.wav,Weiqian/Unknown/26.wav,unknown,0.99609375,0.0,0.0,0.99609375,"[-128, -128, 127]",True,,,,0.08079095277935266,1.312499982304871,0.7162920664995909,2.115666982717812
678,Weiqian,unknown,unavailable_in_sd_path,27,/Users/zilongzeng/Research/DroneControl/user_study_v1/Weiqian/Unknown/27.wav,Weiqian/Unknown/27.wav,movement,0.99609375,0.00390625,0.99609375,0.0,"[-127, 127, -128]",False,,,,0.07704203017055988,1.3481660280376673,0.7138330256566405,2.1452499786391854
679,Weiqian,unknown,unavailable_in_sd_path,28,/Users/zilongzeng/Research/DroneControl/user_study_v1/Weiqian/Unknown/28.wav,Weiqian/Unknown/28.wav,unknown,0.99609375,0.0,0.0,0.99609375,"[-128, -128, 127]",True,,,,0.08270808029919863,1.249500084668398,0.6980419857427478,2.035333076491952
680,Weiqian,unknown,unavailable_in_sd_path,29,/Users/zilongzeng/Research/DroneControl/user_study_v1/Weiqian/Unknown/29.wav,Weiqian/Unknown/29.wav,unknown,0.99609375,0.0,0.0,0.99609375,"[-128, -128, 127]",True,,,,0.06716593634337187,1.2017919216305017,0.7278339471668005,2.0039579831063747
681,Weiqian,unknown,unavailable_in_sd_path,30,/Users/zilongzeng/Research/DroneControl/user_study_v1/Weiqian/Unknown/30.wav,Weiqian/Unknown/30.wav,unknown,0.69140625,0.0,0.30859375,0.69140625,"[-128, -49, 49]",True,,,,0.0962080666795373,1.271541928872466,0.7147080032154918,2.0891668973490596
682,Weiqian,unknown,unavailable_in_sd_path,31,/Users/zilongzeng/Research/DroneControl/user_study_v1/Weiqian/Unknown/31.wav,Weiqian/Unknown/31.wav,unknown,0.99609375,0.0,0.0,0.99609375,"[-128, -128, 127]",True,,,,0.08116697426885366,1.388082979246974,0.715915928594768,2.1917499834671617
683,Weiqian,unknown,unavailable_in_sd_path,32,/Users/zilongzeng/Research/DroneControl/user_study_v1/Weiqian/Unknown/32.wav,Weiqian/Unknown/32.wav,unknown,0.99609375,0.0,0.0,0.99609375,"[-128, -128, 127]",True,,,,0.0873330282047391,1.2295410269871354,0.6875409744679928,2.0097920205444098
684,Weiqian,unknown,unavailable_in_sd_path,33,/Users/zilongzeng/Research/DroneControl/user_study_v1/Weiqian/Unknown/33.wav,Weiqian/Unknown/33.wav,movement,0.97265625,0.0,0.97265625,0.02734375,"[-128, 121, -121]",False,,,,0.21729199215769768,1.2180000776425004,0.7024999940767884,2.1432500798255205
685,Weiqian,unknown,unavailable_in_sd_path,34,/Users/zilongzeng/Research/DroneControl/user_study_v1/Weiqian/Unknown/34.wav,Weiqian/Unknown/34.wav,unknown,0.99609375,0.0,0.0,0.99609375,"[-128, -128, 127]",True,,,,0.23787503596395254,1.2149580288678408,0.706541002728045,2.165707992389798
686,Weiqian,unknown,unavailable_in_sd_path,35,/Users/zilongzeng/Research/DroneControl/user_study_v1/Weiqian/Unknown/35.wav,Weiqian/Unknown/35.wav,unknown,0.99609375,0.0,0.0,0.99609375,"[-128, -128, 127]",True,,,,0.2057079691439867,1.3808748917654157,0.7098750211298466,2.3026670096442103
687,Weiqian,unknown,unavailable_in_sd_path,36,/Users/zilongzeng/Research/DroneControl/user_study_v1/Weiqian/Unknown/36.wav,Weiqian/Unknown/36.wav,movement,0.58984375,0.39453125,0.58984375,0.015625,"[-27, 23, -124]",False,,,,0.07574993651360273,1.1638749856501818,0.6886670598760247,1.933583989739418
688,Weiqian,unknown,unavailable_in_sd_path,37,/Users/zilongzeng/Research/DroneControl/user_study_v1/Weiqian/Unknown/37.wav,Weiqian/Unknown/37.wav,unknown,0.99609375,0.0,0.0,0.99609375,"[-128, -128, 127]",True,,,,0.05254102870821953,1.3455000007525086,0.6805000593885779,2.0840420620515943
689,Weiqian,unknown,unavailable_in_sd_path,38,/Users/zilongzeng/Research/DroneControl/user_study_v1/Weiqian/Unknown/38.wav,Weiqian/Unknown/38.wav,movement,0.9296875,0.06640625,0.9296875,0.0,"[-111, 110, -128]",False,,,,0.06779201794415712,1.1974580120295286,0.6932079559192061,1.9641659455373883
690,Weiqian,unknown,unavailable_in_sd_path,39,/Users/zilongzeng/Research/DroneControl/user_study_v1/Weiqian/Unknown/39.wav,Weiqian/Unknown/39.wav,unknown,0.6484375,0.0,0.3515625,0.6484375,"[-128, -38, 38]",True,,,,0.06479199510067701,1.4041250105947256,0.6686249980702996,2.1454159868881106
691,Weiqian,unknown,unavailable_in_sd_path,40,/Users/zilongzeng/Research/DroneControl/user_study_v1/Weiqian/Unknown/40.wav,Weiqian/Unknown/40.wav,unknown,0.99609375,0.0,0.0,0.99609375,"[-128, -128, 127]",True,,,,0.07404095958918333,1.1869999580085278,0.6917499704286456,1.9580420339480042
692,Weiqian,unknown,unavailable_in_sd_path,41,/Users/zilongzeng/Research/DroneControl/user_study_v1/Weiqian/Unknown/41.wav,Weiqian/Unknown/41.wav,unknown,0.99609375,0.0,0.0,0.99609375,"[-128, -128, 127]",True,,,,0.1763340551406145,1.4947919407859445,0.6948329973965883,2.37108301371336
693,Weiqian,unknown,unavailable_in_sd_path,42,/Users/zilongzeng/Research/DroneControl/user_study_v1/Weiqian/Unknown/42.wav,Weiqian/Unknown/42.wav,unknown,0.99609375,0.0,0.0,0.99609375,"[-128, -128, 127]",True,,,,0.067666987888515,1.2992499396204948,0.6987920496612787,2.0713750272989273
694,Weiqian,unknown,unavailable_in_sd_path,43,/Users/zilongzeng/Research/DroneControl/user_study_v1/Weiqian/Unknown/43.wav,Weiqian/Unknown/43.wav,unknown,0.99609375,0.00390625,0.0,0.99609375,"[-127, -128, 127]",True,,,,0.07424992509186268,1.30995805375278,0.7262500002980232,2.1165829384699464
695,Weiqian,unknown,unavailable_in_sd_path,44,/Users/zilongzeng/Research/DroneControl/user_study_v1/Weiqian/Unknown/44.wav,Weiqian/Unknown/44.wav,unknown,0.99609375,0.0,0.0,0.99609375,"[-128, -128, 127]",True,,,,0.0790830235928297,1.2272499734535813,0.6835840176790953,1.9951669964939356
696,Weiqian,unknown,unavailable_in_sd_path,45,/Users/zilongzeng/Research/DroneControl/user_study_v1/Weiqian/Unknown/45.wav,Weiqian/Unknown/45.wav,unknown,0.99609375,0.0,0.0,0.99609375,"[-128, -128, 127]",True,,,,0.06070896051824093,1.449250034056604,0.6624580128118396,2.182292053475976
697,Weiqian,unknown,unavailable_in_sd_path,46,/Users/zilongzeng/Research/DroneControl/user_study_v1/Weiqian/Unknown/46.wav,Weiqian/Unknown/46.wav,unknown,0.99609375,0.0,0.0,0.99609375,"[-128, -128, 127]",True,,,,0.19329204224050045,1.2906250776723027,0.5977090913802385,2.0895000780001283
698,Weiqian,unknown,unavailable_in_sd_path,47,/Users/zilongzeng/Research/DroneControl/user_study_v1/Weiqian/Unknown/47.wav,Weiqian/Unknown/47.wav,movement,0.6484375,0.0,0.6484375,0.3515625,"[-128, 38, -38]",False,,,,0.08654105477035046,1.3137920759618282,0.7049168925732374,2.112792106345296
699,Weiqian,unknown,unavailable_in_sd_path,48,/Users/zilongzeng/Research/DroneControl/user_study_v1/Weiqian/Unknown/48.wav,Weiqian/Unknown/48.wav,unknown,0.99609375,0.0,0.0,0.99609375,"[-128, -128, 127]",True,,,,0.31091703567653894,1.2554170098155737,0.6934159900993109,2.265667077153921
700,Weiqian,unknown,unavailable_in_sd_path,49,/Users/zilongzeng/Research/DroneControl/user_study_v1/Weiqian/Unknown/49.wav,Weiqian/Unknown/49.wav,movement,0.99609375,0.0,0.99609375,0.00390625,"[-128, 127, -127]",False,,,,0.29795803129673004,1.2673329329118133,0.6942079635336995,2.2647500736638904
701,Weisi,emergency,unavailable_in_sd_path,0,/Users/zilongzeng/Research/DroneControl/user_study_v1/Weisi/Emergency/0.wav,Weisi/Emergency/0.wav,emergency,0.9921875,0.9921875,0.0078125,0.0,"[126, -126, -128]",True,,,,0.0862909946590662,1.2639169581234455,0.7175840437412262,2.0737090380862355
702,Weisi,emergency,unavailable_in_sd_path,1,/Users/zilongzeng/Research/DroneControl/user_study_v1/Weisi/Emergency/1.wav,Weisi/Emergency/1.wav,emergency,0.99609375,0.99609375,0.0,0.0,"[127, -128, -128]",True,,,,0.08624990005046129,1.3320830184966326,0.6906659109517932,2.1141250617802143
703,Weisi,emergency,unavailable_in_sd_path,2,/Users/zilongzeng/Research/DroneControl/user_study_v1/Weisi/Emergency/2.wav,Weisi/Emergency/2.wav,emergency,0.953125,0.953125,0.046875,0.0,"[116, -116, -128]",True,,,,0.13054197188466787,1.1465840507298708,0.7293750531971455,2.0142090506851673
704,Weisi,emergency,unavailable_in_sd_path,3,/Users/zilongzeng/Research/DroneControl/user_study_v1/Weisi/Emergency/3.wav,Weisi/Emergency/3.wav,emergency,0.99609375,0.99609375,0.0,0.0,"[127, -128, -128]",True,,,,0.21604099310934544,1.2965830974280834,0.6590840639546514,2.1776669891551137
705,Weisi,emergency,unavailable_in_sd_path,4,/Users/zilongzeng/Research/DroneControl/user_study_v1/Weisi/Emergency/4.wav,Weisi/Emergency/4.wav,emergency,0.99609375,0.99609375,0.0,0.0,"[127, -128, -128]",True,,,,0.05925004370510578,1.3101249933242798,0.7309580687433481,2.1073330426588655
706,Weisi,emergency,unavailable_in_sd_path,5,/Users/zilongzeng/Research/DroneControl/user_study_v1/Weisi/Emergency/5.wav,Weisi/Emergency/5.wav,emergency,0.99609375,0.99609375,0.0,0.0,"[127, -128, -128]",True,,,,0.09316694922745228,1.392874983139336,0.7469160482287407,2.247833996079862
707,Weisi,emergency,unavailable_in_sd_path,6,/Users/zilongzeng/Research/DroneControl/user_study_v1/Weisi/Emergency/6.wav,Weisi/Emergency/6.wav,emergency,0.99609375,0.99609375,0.0,0.0,"[127, -128, -128]",True,,,,0.15825009904801846,1.304792007431388,0.7715419633314013,2.2432919358834624
708,Weisi,emergency,unavailable_in_sd_path,7,/Users/zilongzeng/Research/DroneControl/user_study_v1/Weisi/Emergency/7.wav,Weisi/Emergency/7.wav,emergency,0.99609375,0.99609375,0.0,0.0,"[127, -128, -128]",True,,,,0.08591602090746164,1.4520410913974047,0.6269169971346855,2.1739170188084245
709,Weisi,emergency,unavailable_in_sd_path,8,/Users/zilongzeng/Research/DroneControl/user_study_v1/Weisi/Emergency/8.wav,Weisi/Emergency/8.wav,emergency,0.99609375,0.99609375,0.0,0.0,"[127, -128, -128]",True,,,,0.19041600171476603,1.2851250357925892,0.7254580268636346,2.209500060416758
710,Weisi,emergency,unavailable_in_sd_path,9,/Users/zilongzeng/Research/DroneControl/user_study_v1/Weisi/Emergency/9.wav,Weisi/Emergency/9.wav,emergency,0.99609375,0.99609375,0.0,0.0,"[127, -128, -128]",True,,,,0.11870800517499447,1.2652500299736857,0.6947499932721257,2.084583044052124
711,Weisi,emergency,unavailable_in_sd_path,10,/Users/zilongzeng/Research/DroneControl/user_study_v1/Weisi/Emergency/10.wav,Weisi/Emergency/10.wav,emergency,0.99609375,0.99609375,0.0,0.0,"[127, -128, -128]",True,,,,0.06400002166628838,1.3680419651791453,0.6906669586896896,2.1286660339683294
712,Weisi,emergency,unavailable_in_sd_path,11,/Users/zilongzeng/Research/DroneControl/user_study_v1/Weisi/Emergency/11.wav,Weisi/Emergency/11.wav,emergency,0.99609375,0.99609375,0.0,0.0,"[127, -128, -128]",True,,,,0.07720792200416327,1.3122910168021917,0.7180410902947187,2.114166971296072
713,Weisi,emergency,unavailable_in_sd_path,12,/Users/zilongzeng/Research/DroneControl/user_study_v1/Weisi/Emergency/12.wav,Weisi/Emergency/12.wav,emergency,0.99609375,0.99609375,0.0,0.0,"[127, -128, -128]",True,,,,0.07595890201628208,1.5009170165285468,0.6438329583033919,2.2302080178633332
714,Weisi,emergency,unavailable_in_sd_path,13,/Users/zilongzeng/Research/DroneControl/user_study_v1/Weisi/Emergency/13.wav,Weisi/Emergency/13.wav,movement,0.99609375,0.0,0.99609375,0.0,"[-128, 127, -128]",False,,,,0.16329099889844656,1.292541972361505,0.6907499628141522,2.1528330398723483
715,Weisi,emergency,unavailable_in_sd_path,14,/Users/zilongzeng/Research/DroneControl/user_study_v1/Weisi/Emergency/14.wav,Weisi/Emergency/14.wav,movement,0.59765625,0.40234375,0.59765625,0.0,"[-25, 25, -128]",False,,,,0.0820419518277049,1.3470409903675318,0.6919170264154673,2.1273749880492687
716,Weisi,emergency,unavailable_in_sd_path,15,/Users/zilongzeng/Research/DroneControl/user_study_v1/Weisi/Emergency/15.wav,Weisi/Emergency/15.wav,emergency,0.99609375,0.99609375,0.0,0.0,"[127, -128, -128]",True,,,,0.0790000194683671,1.3357090065255761,0.6257089553400874,2.0491250324994326
717,Weisi,emergency,unavailable_in_sd_path,16,/Users/zilongzeng/Research/DroneControl/user_study_v1/Weisi/Emergency/16.wav,Weisi/Emergency/16.wav,emergency,0.99609375,0.99609375,0.0,0.0,"[127, -128, -128]",True,,,,0.14483300037682056,1.3712500222027302,0.7337909191846848,2.2573749301955104
718,Weisi,emergency,unavailable_in_sd_path,17,/Users/zilongzeng/Research/DroneControl/user_study_v1/Weisi/Emergency/17.wav,Weisi/Emergency/17.wav,emergency,0.99609375,0.99609375,0.0,0.0,"[127, -128, -128]",True,,,,0.09954196866601706,1.2700420338660479,0.6155839655548334,1.9940410275012255
719,Weisi,emergency,unavailable_in_sd_path,18,/Users/zilongzeng/Research/DroneControl/user_study_v1/Weisi/Emergency/18.wav,Weisi/Emergency/18.wav,emergency,0.99609375,0.99609375,0.0,0.0,"[127, -128, -128]",True,,,,0.09612506255507469,1.323999953456223,0.6974999560043216,2.124458085745573
720,Weisi,emergency,unavailable_in_sd_path,19,/Users/zilongzeng/Research/DroneControl/user_study_v1/Weisi/Emergency/19.wav,Weisi/Emergency/19.wav,emergency,0.99609375,0.99609375,0.0,0.0,"[127, -128, -128]",True,,,,0.07862492930144072,1.2089579831808805,0.7031250279396772,1.9987080013379455
721,Weisi,emergency,unavailable_in_sd_path,20,/Users/zilongzeng/Research/DroneControl/user_study_v1/Weisi/Emergency/20.wav,Weisi/Emergency/20.wav,emergency,0.99609375,0.99609375,0.0,0.0,"[127, -128, -128]",True,,,,0.09041698649525642,1.4078329550102353,0.7074170280247927,2.212124993093312
722,Weisi,emergency,unavailable_in_sd_path,21,/Users/zilongzeng/Research/DroneControl/user_study_v1/Weisi/Emergency/21.wav,Weisi/Emergency/21.wav,movement,0.69140625,0.30859375,0.69140625,0.0,"[-49, 49, -128]",False,,,,0.2394999610260129,1.3794999103993177,0.6251250160858035,2.253499929793179
723,Weisi,emergency,unavailable_in_sd_path,22,/Users/zilongzeng/Research/DroneControl/user_study_v1/Weisi/Emergency/22.wav,Weisi/Emergency/22.wav,emergency,0.99609375,0.99609375,0.0,0.0,"[127, -128, -128]",True,,,,0.2954999217763543,1.3055420713499188,0.6972909905016422,2.3046659771353006
724,Weisi,emergency,unavailable_in_sd_path,23,/Users/zilongzeng/Research/DroneControl/user_study_v1/Weisi/Emergency/23.wav,Weisi/Emergency/23.wav,emergency,0.99609375,0.99609375,0.0,0.0,"[127, -128, -128]",True,,,,0.07833295967429876,1.2066670460626483,0.7301669102162123,2.022917033173144
725,Weisi,emergency,unavailable_in_sd_path,24,/Users/zilongzeng/Research/DroneControl/user_study_v1/Weisi/Emergency/24.wav,Weisi/Emergency/24.wav,emergency,0.99609375,0.99609375,0.0,0.0,"[127, -128, -128]",True,,,,0.08983293082565069,1.366125070489943,0.6859999848529696,2.1480839932337403
726,Weisi,emergency,unavailable_in_sd_path,25,/Users/zilongzeng/Research/DroneControl/user_study_v1/Weisi/Emergency/25.wav,Weisi/Emergency/25.wav,emergency,0.99609375,0.99609375,0.0,0.0,"[127, -128, -128]",True,,,,0.08129200432449579,1.273707952350378,0.7935829926282167,2.188374986872077
727,Weisi,emergency,unavailable_in_sd_path,26,/Users/zilongzeng/Research/DroneControl/user_study_v1/Weisi/Emergency/26.wav,Weisi/Emergency/26.wav,emergency,0.99609375,0.99609375,0.0,0.0,"[127, -128, -128]",True,,,,0.15558302402496338,1.229124958626926,0.6828330224379897,2.073500072583556
728,Weisi,emergency,unavailable_in_sd_path,27,/Users/zilongzeng/Research/DroneControl/user_study_v1/Weisi/Emergency/27.wav,Weisi/Emergency/27.wav,emergency,0.99609375,0.99609375,0.0,0.0,"[127, -128, -128]",True,,,,0.07449998520314693,1.2497500283643603,0.7240410195663571,2.0555000519379973
729,Weisi,emergency,unavailable_in_sd_path,28,/Users/zilongzeng/Research/DroneControl/user_study_v1/Weisi/Emergency/28.wav,Weisi/Emergency/28.wav,emergency,0.99609375,0.99609375,0.0,0.0,"[127, -128, -128]",True,,,,0.24924997705966234,1.3026249362155795,0.6912919925525784,2.248625038191676
730,Weisi,emergency,unavailable_in_sd_path,29,/Users/zilongzeng/Research/DroneControl/user_study_v1/Weisi/Emergency/29.wav,Weisi/Emergency/29.wav,emergency,0.984375,0.984375,0.015625,0.0,"[124, -124, -128]",True,,,,0.23241702001541853,1.2800829717889428,0.6900830194354057,2.2436250001192093
731,Weisi,emergency,unavailable_in_sd_path,30,/Users/zilongzeng/Research/DroneControl/user_study_v1/Weisi/Emergency/30.wav,Weisi/Emergency/30.wav,emergency,0.859375,0.859375,0.0,0.140625,"[92, -128, -92]",True,,,,0.15479093417525291,1.2437499826774001,0.7077079499140382,2.112791989929974
732,Weisi,emergency,unavailable_in_sd_path,31,/Users/zilongzeng/Research/DroneControl/user_study_v1/Weisi/Emergency/31.wav,Weisi/Emergency/31.wav,emergency,0.99609375,0.99609375,0.0,0.0,"[127, -128, -128]",True,,,,0.07487495895475149,1.1950000189244747,0.7204170105978847,1.9981249934062362
733,Weisi,emergency,unavailable_in_sd_path,32,/Users/zilongzeng/Research/DroneControl/user_study_v1/Weisi/Emergency/32.wav,Weisi/Emergency/32.wav,emergency,0.99609375,0.99609375,0.0,0.0,"[127, -128, -128]",True,,,,0.10583398398011923,1.343499985523522,0.7046250393614173,2.1597909508273005
734,Weisi,emergency,unavailable_in_sd_path,33,/Users/zilongzeng/Research/DroneControl/user_study_v1/Weisi/Emergency/33.wav,Weisi/Emergency/33.wav,emergency,0.99609375,0.99609375,0.0,0.0,"[127, -128, -128]",True,,,,0.07233407814055681,1.178166945464909,0.6904170149937272,1.981290988624096
735,Weisi,emergency,unavailable_in_sd_path,34,/Users/zilongzeng/Research/DroneControl/user_study_v1/Weisi/Emergency/34.wav,Weisi/Emergency/34.wav,emergency,0.9609375,0.9609375,0.0390625,0.0,"[118, -118, -128]",True,,,,0.1547079300507903,1.2092089746147394,0.709500047378242,2.0798329496756196
736,Weisi,emergency,unavailable_in_sd_path,35,/Users/zilongzeng/Research/DroneControl/user_study_v1/Weisi/Emergency/35.wav,Weisi/Emergency/35.wav,unknown,0.9921875,0.0078125,0.0,0.9921875,"[-126, -128, 126]",False,,,,0.06691692396998405,1.2923340545967221,0.7190419128164649,2.086500055156648
737,Weisi,emergency,unavailable_in_sd_path,36,/Users/zilongzeng/Research/DroneControl/user_study_v1/Weisi/Emergency/36.wav,Weisi/Emergency/36.wav,emergency,0.99609375,0.99609375,0.0,0.0,"[127, -128, -128]",True,,,,0.11633289977908134,1.30845804233104,0.6950839888304472,2.1255830070003867
738,Weisi,emergency,unavailable_in_sd_path,37,/Users/zilongzeng/Research/DroneControl/user_study_v1/Weisi/Emergency/37.wav,Weisi/Emergency/37.wav,emergency,0.99609375,0.99609375,0.0,0.0,"[127, -128, -128]",True,,,,0.07733399979770184,1.1929998872801661,0.6824170704931021,1.9923750078305602
739,Weisi,emergency,unavailable_in_sd_path,38,/Users/zilongzeng/Research/DroneControl/user_study_v1/Weisi/Emergency/38.wav,Weisi/Emergency/38.wav,unknown,0.91796875,0.08203125,0.0,0.91796875,"[-107, -128, 107]",False,,,,0.14779192861169577,1.1441250098869205,0.6974589778110385,1.9955000607296824
740,Weisi,emergency,unavailable_in_sd_path,39,/Users/zilongzeng/Research/DroneControl/user_study_v1/Weisi/Emergency/39.wav,Weisi/Emergency/39.wav,emergency,0.99609375,0.99609375,0.0,0.0,"[127, -128, -128]",True,,,,0.06733299233019352,1.339250011369586,0.7165001006796956,2.130207954905927
741,Weisi,emergency,unavailable_in_sd_path,40,/Users/zilongzeng/Research/DroneControl/user_study_v1/Weisi/Emergency/40.wav,Weisi/Emergency/40.wav,emergency,0.99609375,0.99609375,0.0,0.0,"[127, -128, -128]",True,,,,0.24670897983014584,1.2540840543806553,0.7004579529166222,2.2072079591453075
742,Weisi,emergency,unavailable_in_sd_path,41,/Users/zilongzeng/Research/DroneControl/user_study_v1/Weisi/Emergency/41.wav,Weisi/Emergency/41.wav,movement,0.76953125,0.0,0.76953125,0.23046875,"[-128, 69, -69]",False,,,,0.25529100093990564,1.387332915328443,0.6942080799490213,2.342791995033622
743,Weisi,movement,unavailable_in_sd_path,0,/Users/zilongzeng/Research/DroneControl/user_study_v1/Weisi/Movement/0.wav,Weisi/Movement/0.wav,movement,0.99609375,0.0,0.99609375,0.0,"[-128, 127, -128]",True,,,,0.15304202679544687,1.1981659336015582,0.6905000191181898,2.047708025202155
744,Weisi,movement,unavailable_in_sd_path,1,/Users/zilongzeng/Research/DroneControl/user_study_v1/Weisi/Movement/1.wav,Weisi/Movement/1.wav,movement,0.99609375,0.0,0.99609375,0.0,"[-128, 127, -128]",True,,,,0.23312505800276995,1.4418329810723662,0.642542028799653,2.3271669633686543
745,Weisi,movement,unavailable_in_sd_path,2,/Users/zilongzeng/Research/DroneControl/user_study_v1/Weisi/Movement/2.wav,Weisi/Movement/2.wav,unknown,0.99609375,0.0,0.0,0.99609375,"[-128, -128, 127]",False,,,,0.1655840314924717,1.3165000127628446,0.6870829965919256,2.176749985665083
746,Weisi,movement,unavailable_in_sd_path,3,/Users/zilongzeng/Research/DroneControl/user_study_v1/Weisi/Movement/3.wav,Weisi/Movement/3.wav,movement,0.9921875,0.0,0.9921875,0.0078125,"[-128, 126, -126]",True,,,,0.09550002869218588,1.2779999524354935,0.6844580639153719,2.064207918010652
747,Weisi,movement,unavailable_in_sd_path,4,/Users/zilongzeng/Research/DroneControl/user_study_v1/Weisi/Movement/4.wav,Weisi/Movement/4.wav,unknown,0.99609375,0.0,0.0,0.99609375,"[-128, -128, 127]",False,,,,0.08537503890693188,1.2340829707682133,0.7008749525994062,2.026541973464191
748,Weisi,movement,unavailable_in_sd_path,5,/Users/zilongzeng/Research/DroneControl/user_study_v1/Weisi/Movement/5.wav,Weisi/Movement/5.wav,unknown,0.99609375,0.0,0.0,0.99609375,"[-128, -128, 127]",False,,,,0.06929098162800074,1.4849160797894,0.708332983776927,2.2692920174449682
749,Weisi,movement,unavailable_in_sd_path,6,/Users/zilongzeng/Research/DroneControl/user_study_v1/Weisi/Movement/6.wav,Weisi/Movement/6.wav,movement,0.99609375,0.0,0.99609375,0.0,"[-128, 127, -128]",True,,,,0.09874999523162842,1.2949579395353794,0.6820419803261757,2.0817919867113233
750,Weisi,movement,unavailable_in_sd_path,7,/Users/zilongzeng/Research/DroneControl/user_study_v1/Weisi/Movement/7.wav,Weisi/Movement/7.wav,movement,0.99609375,0.0,0.99609375,0.0,"[-128, 127, -128]",True,,,,0.07729197386652231,1.4322500210255384,0.6808750331401825,2.195665962062776
751,Weisi,movement,unavailable_in_sd_path,8,/Users/zilongzeng/Research/DroneControl/user_study_v1/Weisi/Movement/8.wav,Weisi/Movement/8.wav,movement,0.99609375,0.0,0.99609375,0.0,"[-128, 127, -128]",True,,,,0.07037504110485315,1.268708030693233,0.6980829639360309,2.042457927018404
752,Weisi,movement,unavailable_in_sd_path,9,/Users/zilongzeng/Research/DroneControl/user_study_v1/Weisi/Movement/9.wav,Weisi/Movement/9.wav,movement,0.99609375,0.0,0.99609375,0.0,"[-128, 127, -128]",True,,,,0.0730419997125864,1.3462499482557178,0.7158339722082019,2.141374978236854
753,Weisi,movement,unavailable_in_sd_path,10,/Users/zilongzeng/Research/DroneControl/user_study_v1/Weisi/Movement/10.wav,Weisi/Movement/10.wav,movement,0.99609375,0.0,0.99609375,0.0,"[-128, 127, -128]",True,,,,0.0867500202730298,1.2424590531736612,0.6888339994475245,2.0234169205650687
754,Weisi,movement,unavailable_in_sd_path,11,/Users/zilongzeng/Research/DroneControl/user_study_v1/Weisi/Movement/11.wav,Weisi/Movement/11.wav,movement,0.99609375,0.0,0.99609375,0.0,"[-128, 127, -128]",True,,,,0.06674998439848423,1.259625074453652,0.6777080707252026,2.0097079686820507
755,Weisi,movement,unavailable_in_sd_path,12,/Users/zilongzeng/Research/DroneControl/user_study_v1/Weisi/Movement/12.wav,Weisi/Movement/12.wav,movement,0.99609375,0.0,0.99609375,0.0,"[-128, 127, -128]",True,,,,0.23495801724493504,1.2163330102339387,0.6905409973114729,2.147875027731061
756,Weisi,movement,unavailable_in_sd_path,13,/Users/zilongzeng/Research/DroneControl/user_study_v1/Weisi/Movement/13.wav,Weisi/Movement/13.wav,movement,0.99609375,0.0,0.99609375,0.0,"[-128, 127, -128]",True,,,,0.2215000567957759,1.402916037477553,0.6716669304296374,2.305625006556511
757,Weisi,movement,unavailable_in_sd_path,14,/Users/zilongzeng/Research/DroneControl/user_study_v1/Weisi/Movement/14.wav,Weisi/Movement/14.wav,movement,0.99609375,0.0,0.99609375,0.0,"[-128, 127, -128]",True,,,,0.16395794227719307,1.292541972361505,0.7427920354530215,2.2067499812692404
758,Weisi,movement,unavailable_in_sd_path,15,/Users/zilongzeng/Research/DroneControl/user_study_v1/Weisi/Movement/15.wav,Weisi/Movement/15.wav,movement,0.99609375,0.0,0.99609375,0.0,"[-128, 127, -128]",True,,,,0.07337506394833326,1.2433750089257956,0.6842499133199453,2.006624941714108
759,Weisi,movement,unavailable_in_sd_path,16,/Users/zilongzeng/Research/DroneControl/user_study_v1/Weisi/Movement/16.wav,Weisi/Movement/16.wav,unknown,0.9921875,0.0,0.0078125,0.9921875,"[-128, -126, 126]",False,,,,0.08549995254725218,1.4529580948874354,0.7571669993922114,2.306708018295467
760,Weisi,movement,unavailable_in_sd_path,17,/Users/zilongzeng/Research/DroneControl/user_study_v1/Weisi/Movement/17.wav,Weisi/Movement/17.wav,movement,0.99609375,0.0,0.99609375,0.00390625,"[-128, 127, -127]",True,,,,0.08899997919797897,1.4277909649536014,0.7891670102253556,2.3455419577658176
761,Weisi,movement,unavailable_in_sd_path,18,/Users/zilongzeng/Research/DroneControl/user_study_v1/Weisi/Movement/18.wav,Weisi/Movement/18.wav,movement,0.99609375,0.0,0.99609375,0.0,"[-128, 127, -128]",True,,,,0.18312502652406693,1.5465420437976718,0.6958330050110817,2.434374997392297
762,Weisi,movement,unavailable_in_sd_path,19,/Users/zilongzeng/Research/DroneControl/user_study_v1/Weisi/Movement/19.wav,Weisi/Movement/19.wav,movement,0.99609375,0.0,0.99609375,0.0,"[-128, 127, -128]",True,,,,0.1231249189004302,1.2801249977201223,0.7148749427869916,2.125541097484529
763,Yueyuan,emergency,unavailable_in_sd_path,0,/Users/zilongzeng/Research/DroneControl/user_study_v1/Yueyuan/Emergency/0.wav,Yueyuan/Emergency/0.wav,unknown,0.99609375,0.0,0.0,0.99609375,"[-128, -128, 127]",False,,,,0.075541902333498,1.2515420094132423,0.709415995515883,2.044083899818361
764,Yueyuan,emergency,unavailable_in_sd_path,1,/Users/zilongzeng/Research/DroneControl/user_study_v1/Yueyuan/Emergency/1.wav,Yueyuan/Emergency/1.wav,unknown,0.9609375,0.0390625,0.0,0.9609375,"[-118, -128, 118]",False,,,,0.09070802479982376,1.3567910064011812,0.6962500046938658,2.1492919186130166
765,Yueyuan,emergency,unavailable_in_sd_path,2,/Users/zilongzeng/Research/DroneControl/user_study_v1/Yueyuan/Emergency/2.wav,Yueyuan/Emergency/2.wav,unknown,0.99609375,0.0,0.0,0.99609375,"[-128, -128, 127]",False,,,,0.07887498941272497,1.4074159553274512,0.6267089629545808,2.1217920584604144
766,Yueyuan,emergency,unavailable_in_sd_path,3,/Users/zilongzeng/Research/DroneControl/user_study_v1/Yueyuan/Emergency/3.wav,Yueyuan/Emergency/3.wav,unknown,0.99609375,0.0,0.0,0.99609375,"[-128, -128, 127]",False,,,,0.13987498823553324,1.2094170087948442,0.7101250812411308,2.0674169063568115
767,Yueyuan,emergency,unavailable_in_sd_path,4,/Users/zilongzeng/Research/DroneControl/user_study_v1/Yueyuan/Emergency/4.wav,Yueyuan/Emergency/4.wav,emergency,0.99609375,0.99609375,0.0,0.0,"[127, -128, -128]",True,,,,0.09708397556096315,1.2938749277964234,0.6965830689296126,2.0942080300301313
768,Yueyuan,emergency,unavailable_in_sd_path,5,/Users/zilongzeng/Research/DroneControl/user_study_v1/Yueyuan/Emergency/5.wav,Yueyuan/Emergency/5.wav,emergency,0.99609375,0.99609375,0.0,0.0,"[127, -128, -128]",True,,,,0.08408294524997473,1.3861670158803463,0.6939580198377371,2.1704999962821603
769,Yueyuan,emergency,unavailable_in_sd_path,6,/Users/zilongzeng/Research/DroneControl/user_study_v1/Yueyuan/Emergency/6.wav,Yueyuan/Emergency/6.wav,emergency,0.99609375,0.99609375,0.0,0.0,"[127, -128, -128]",True,,,,0.06962497718632221,1.439874991774559,0.6944159977138042,2.2107919212430716
770,Yueyuan,emergency,unavailable_in_sd_path,7,/Users/zilongzeng/Research/DroneControl/user_study_v1/Yueyuan/Emergency/7.wav,Yueyuan/Emergency/7.wav,emergency,0.99609375,0.99609375,0.0,0.0,"[127, -128, -128]",True,,,,0.16587506979703903,1.2928328942507505,0.7142500253394246,2.1793750347569585
771,Yueyuan,emergency,unavailable_in_sd_path,8,/Users/zilongzeng/Research/DroneControl/user_study_v1/Yueyuan/Emergency/8.wav,Yueyuan/Emergency/8.wav,emergency,0.99609375,0.99609375,0.0,0.0,"[127, -128, -128]",True,,,,0.18766603898257017,1.3103749370202422,0.6968750385567546,2.201292081736028
772,Yueyuan,emergency,unavailable_in_sd_path,9,/Users/zilongzeng/Research/DroneControl/user_study_v1/Yueyuan/Emergency/9.wav,Yueyuan/Emergency/9.wav,emergency,0.99609375,0.99609375,0.0,0.0,"[127, -128, -128]",True,,,,0.18991692923009396,1.3109580613672733,0.6778339156880975,2.1851250203326344
773,Yueyuan,emergency,unavailable_in_sd_path,10,/Users/zilongzeng/Research/DroneControl/user_study_v1/Yueyuan/Emergency/10.wav,Yueyuan/Emergency/10.wav,emergency,0.99609375,0.99609375,0.0,0.0,"[127, -128, -128]",True,,,,0.17962499987334013,1.3524580281227827,0.6932499818503857,2.231209073215723
774,Yueyuan,emergency,unavailable_in_sd_path,11,/Users/zilongzeng/Research/DroneControl/user_study_v1/Yueyuan/Emergency/11.wav,Yueyuan/Emergency/11.wav,emergency,0.99609375,0.99609375,0.0,0.0,"[127, -128, -128]",True,,,,0.17366698011755943,1.2380830012261868,0.7412920240312815,2.1606669761240482
775,Yueyuan,emergency,unavailable_in_sd_path,12,/Users/zilongzeng/Research/DroneControl/user_study_v1/Yueyuan/Emergency/12.wav,Yueyuan/Emergency/12.wav,emergency,0.99609375,0.99609375,0.0,0.0,"[127, -128, -128]",True,,,,0.17858389765024185,1.23691710177809,0.6971670081838965,2.118583070114255
776,Yueyuan,emergency,unavailable_in_sd_path,13,/Users/zilongzeng/Research/DroneControl/user_study_v1/Yueyuan/Emergency/13.wav,Yueyuan/Emergency/13.wav,emergency,0.99609375,0.99609375,0.0,0.0,"[127, -128, -128]",True,,,,0.2050000475719571,1.2961250031366944,0.7270839996635914,2.2355420514941216
777,Yueyuan,emergency,unavailable_in_sd_path,14,/Users/zilongzeng/Research/DroneControl/user_study_v1/Yueyuan/Emergency/14.wav,Yueyuan/Emergency/14.wav,emergency,0.99609375,0.99609375,0.0,0.0,"[127, -128, -128]",True,,,,0.2411670284345746,1.2463340535759926,0.6866659969091415,2.1792500047013164
778,Yueyuan,emergency,unavailable_in_sd_path,15,/Users/zilongzeng/Research/DroneControl/user_study_v1/Yueyuan/Emergency/15.wav,Yueyuan/Emergency/15.wav,emergency,0.99609375,0.99609375,0.0,0.0,"[127, -128, -128]",True,,,,0.18704100511968136,1.2328749289736152,0.7255000527948141,2.1519999718293548
779,Yueyuan,emergency,unavailable_in_sd_path,16,/Users/zilongzeng/Research/DroneControl/user_study_v1/Yueyuan/Emergency/16.wav,Yueyuan/Emergency/16.wav,movement,0.69140625,0.30859375,0.69140625,0.0,"[-49, 49, -128]",False,,,,0.08212507236748934,1.2585829244926572,0.7031250279396772,2.0494579803198576
780,Yueyuan,emergency,unavailable_in_sd_path,17,/Users/zilongzeng/Research/DroneControl/user_study_v1/Yueyuan/Emergency/17.wav,Yueyuan/Emergency/17.wav,movement,0.73046875,0.265625,0.73046875,0.0,"[-60, 59, -128]",False,,,,0.0641669612377882,1.2029999634250998,0.7382920011878014,2.0124579314142466
781,Yueyuan,emergency,unavailable_in_sd_path,18,/Users/zilongzeng/Research/DroneControl/user_study_v1/Yueyuan/Emergency/18.wav,Yueyuan/Emergency/18.wav,unknown,0.99609375,0.0,0.0,0.99609375,"[-128, -128, 127]",False,,,,0.07333303801715374,1.2262080563232303,0.6867910269647837,1.9920420600101352
782,Yueyuan,emergency,unavailable_in_sd_path,19,/Users/zilongzeng/Research/DroneControl/user_study_v1/Yueyuan/Emergency/19.wav,Yueyuan/Emergency/19.wav,movement,0.8828125,0.1171875,0.8828125,0.0,"[-98, 98, -128]",False,,,,0.06829097401350737,1.3021669583395123,0.7212079362943769,2.0977089880034328
783,Yueyuan,emergency,unavailable_in_sd_path,20,/Users/zilongzeng/Research/DroneControl/user_study_v1/Yueyuan/Emergency/20.wav,Yueyuan/Emergency/20.wav,unknown,0.91015625,0.08203125,0.0078125,0.91015625,"[-107, -126, 105]",False,,,,0.19283301662653685,1.2225829996168613,0.6989999674260616,2.1200409391894937
784,Yueyuan,emergency,unavailable_in_sd_path,21,/Users/zilongzeng/Research/DroneControl/user_study_v1/Yueyuan/Emergency/21.wav,Yueyuan/Emergency/21.wav,emergency,0.99609375,0.99609375,0.0,0.0,"[127, -128, -128]",True,,,,0.06441702134907246,1.235041068866849,0.7346660131588578,2.0409999415278435
785,Yueyuan,emergency,unavailable_in_sd_path,22,/Users/zilongzeng/Research/DroneControl/user_study_v1/Yueyuan/Emergency/22.wav,Yueyuan/Emergency/22.wav,emergency,0.99609375,0.99609375,0.0,0.0,"[127, -128, -128]",True,,,,0.07670803461223841,1.2938750442117453,0.6897500716149807,2.066000015474856
786,Yueyuan,emergency,unavailable_in_sd_path,23,/Users/zilongzeng/Research/DroneControl/user_study_v1/Yueyuan/Emergency/23.wav,Yueyuan/Emergency/23.wav,emergency,0.99609375,0.99609375,0.0,0.0,"[127, -128, -128]",True,,,,0.06450002547353506,1.2567909434437752,0.7253340445458889,2.0539580145850778
787,Yueyuan,emergency,unavailable_in_sd_path,24,/Users/zilongzeng/Research/DroneControl/user_study_v1/Yueyuan/Emergency/24.wav,Yueyuan/Emergency/24.wav,emergency,0.99609375,0.99609375,0.0,0.0,"[127, -128, -128]",True,,,,0.21862494759261608,1.2775410432368517,0.691958935931325,2.1937499986961484
788,Yueyuan,emergency,unavailable_in_sd_path,25,/Users/zilongzeng/Research/DroneControl/user_study_v1/Yueyuan/Emergency/25.wav,Yueyuan/Emergency/25.wav,unknown,0.99609375,0.0,0.0,0.99609375,"[-128, -128, 127]",False,,,,0.16433291602879763,1.315374975092709,0.7139999652281404,2.2330000065267086
789,Yueyuan,emergency,unavailable_in_sd_path,26,/Users/zilongzeng/Research/DroneControl/user_study_v1/Yueyuan/Emergency/26.wav,Yueyuan/Emergency/26.wav,emergency,0.99609375,0.99609375,0.0,0.0,"[127, -128, -128]",True,,,,0.32345892395824194,1.2314580380916595,0.7243750151246786,2.2859579185023904
790,Yueyuan,emergency,unavailable_in_sd_path,27,/Users/zilongzeng/Research/DroneControl/user_study_v1/Yueyuan/Emergency/27.wav,Yueyuan/Emergency/27.wav,emergency,0.99609375,0.99609375,0.0,0.0,"[127, -128, -128]",True,,,,0.09312503971159458,1.2594159925356507,0.738375005312264,2.0977919921278954
791,Yueyuan,emergency,unavailable_in_sd_path,28,/Users/zilongzeng/Research/DroneControl/user_study_v1/Yueyuan/Emergency/28.wav,Yueyuan/Emergency/28.wav,emergency,0.99609375,0.99609375,0.0,0.0,"[127, -128, -128]",True,,,,0.08791708387434483,1.2334169587120414,0.7113330066204071,2.0382499787956476
792,Yueyuan,emergency,unavailable_in_sd_path,29,/Users/zilongzeng/Research/DroneControl/user_study_v1/Yueyuan/Emergency/29.wav,Yueyuan/Emergency/29.wav,emergency,0.99609375,0.99609375,0.0,0.0,"[127, -128, -128]",True,,,,0.06666698027402163,1.203250023536384,0.7405419601127505,2.0178749691694975
793,Yueyuan,emergency,unavailable_in_sd_path,30,/Users/zilongzeng/Research/DroneControl/user_study_v1/Yueyuan/Emergency/30.wav,Yueyuan/Emergency/30.wav,emergency,0.99609375,0.99609375,0.0,0.0,"[127, -128, -128]",True,,,,0.06479199510067701,1.1787080438807607,0.7072500884532928,1.9562090747058392
794,Yueyuan,emergency,unavailable_in_sd_path,31,/Users/zilongzeng/Research/DroneControl/user_study_v1/Yueyuan/Emergency/31.wav,Yueyuan/Emergency/31.wav,emergency,0.99609375,0.99609375,0.0,0.0,"[127, -128, -128]",True,,,,0.05970895290374756,1.2262089876458049,0.7118339417502284,2.0035828929394484
795,Yueyuan,emergency,unavailable_in_sd_path,32,/Users/zilongzeng/Research/DroneControl/user_study_v1/Yueyuan/Emergency/32.wav,Yueyuan/Emergency/32.wav,emergency,0.99609375,0.99609375,0.0,0.0,"[127, -128, -128]",True,,,,0.06624998059123755,1.2126249494031072,0.7092499872669578,1.9932909635826945
796,Yueyuan,emergency,unavailable_in_sd_path,33,/Users/zilongzeng/Research/DroneControl/user_study_v1/Yueyuan/Emergency/33.wav,Yueyuan/Emergency/33.wav,emergency,0.99609375,0.99609375,0.0,0.0,"[127, -128, -128]",True,,,,0.05966599564999342,1.1667499784380198,0.7360419258475304,1.9697920652106404
797,Yueyuan,emergency,unavailable_in_sd_path,34,/Users/zilongzeng/Research/DroneControl/user_study_v1/Yueyuan/Emergency/34.wav,Yueyuan/Emergency/34.wav,emergency,0.99609375,0.99609375,0.0,0.0,"[127, -128, -128]",True,,,,0.06104202475398779,1.2418749975040555,0.6850420031696558,1.9944580271840096
798,Yueyuan,emergency,unavailable_in_sd_path,35,/Users/zilongzeng/Research/DroneControl/user_study_v1/Yueyuan/Emergency/35.wav,Yueyuan/Emergency/35.wav,emergency,0.99609375,0.99609375,0.0,0.0,"[127, -128, -128]",True,,,,0.07320893928408623,1.4408749993890524,0.637791003100574,2.1609999239444733
799,Yueyuan,emergency,unavailable_in_sd_path,36,/Users/zilongzeng/Research/DroneControl/user_study_v1/Yueyuan/Emergency/36.wav,Yueyuan/Emergency/36.wav,emergency,0.99609375,0.99609375,0.0,0.0,"[127, -128, -128]",True,,,,0.1420410117134452,1.3049169210717082,0.7107090204954147,2.165042096748948
800,Yueyuan,emergency,unavailable_in_sd_path,37,/Users/zilongzeng/Research/DroneControl/user_study_v1/Yueyuan/Emergency/37.wav,Yueyuan/Emergency/37.wav,emergency,0.82421875,0.82421875,0.1640625,0.01171875,"[83, -86, -125]",True,,,,0.09820901323109865,1.2224999954923987,0.7515830220654607,2.079749945551157
801,Yueyuan,emergency,unavailable_in_sd_path,38,/Users/zilongzeng/Research/DroneControl/user_study_v1/Yueyuan/Emergency/38.wav,Yueyuan/Emergency/38.wav,emergency,0.984375,0.984375,0.015625,0.0,"[124, -124, -128]",True,,,,0.08154194802045822,1.2710830196738243,0.691374996677041,2.0498749800026417
802,Yueyuan,emergency,unavailable_in_sd_path,39,/Users/zilongzeng/Research/DroneControl/user_study_v1/Yueyuan/Emergency/39.wav,Yueyuan/Emergency/39.wav,emergency,0.99609375,0.99609375,0.0,0.0,"[127, -128, -128]",True,,,,0.06108300294727087,1.2332909973338246,0.7156250067055225,2.016291953623295
803,Yueyuan,emergency,unavailable_in_sd_path,40,/Users/zilongzeng/Research/DroneControl/user_study_v1/Yueyuan/Emergency/40.wav,Yueyuan/Emergency/40.wav,emergency,0.99609375,0.99609375,0.0,0.0,"[127, -128, -128]",True,,,,0.08300004992634058,1.3626249274238944,0.6389169720932841,2.0944999996572733
804,Yueyuan,emergency,unavailable_in_sd_path,41,/Users/zilongzeng/Research/DroneControl/user_study_v1/Yueyuan/Emergency/41.wav,Yueyuan/Emergency/41.wav,movement,0.8828125,0.1171875,0.8828125,0.0,"[-98, 98, -128]",False,,,,0.16254105139523745,1.2367500457912683,0.7417909801006317,2.149042091332376
805,Yueyuan,emergency,unavailable_in_sd_path,42,/Users/zilongzeng/Research/DroneControl/user_study_v1/Yueyuan/Emergency/42.wav,Yueyuan/Emergency/42.wav,emergency,0.99609375,0.99609375,0.0,0.0,"[127, -128, -128]",True,,,,0.07908395491540432,1.2680829968303442,0.6967500085011125,2.050165901891887
806,Yueyuan,emergency,unavailable_in_sd_path,43,/Users/zilongzeng/Research/DroneControl/user_study_v1/Yueyuan/Emergency/43.wav,Yueyuan/Emergency/43.wav,emergency,0.99609375,0.99609375,0.0,0.0,"[127, -128, -128]",True,,,,0.21204107906669378,1.242541940882802,0.7182080298662186,2.179499948397279
807,Yueyuan,emergency,unavailable_in_sd_path,44,/Users/zilongzeng/Research/DroneControl/user_study_v1/Yueyuan/Emergency/44.wav,Yueyuan/Emergency/44.wav,emergency,0.99609375,0.99609375,0.0,0.0,"[127, -128, -128]",True,,,,0.2710419939830899,1.2674579629674554,0.6992920534685254,2.245208015665412
808,Yueyuan,emergency,unavailable_in_sd_path,45,/Users/zilongzeng/Research/DroneControl/user_study_v1/Yueyuan/Emergency/45.wav,Yueyuan/Emergency/45.wav,emergency,0.99609375,0.99609375,0.0,0.0,"[127, -128, -128]",True,,,,0.0790000194683671,1.3929170090705156,0.7085419492796063,2.1865840535610914
809,Yueyuan,emergency,unavailable_in_sd_path,46,/Users/zilongzeng/Research/DroneControl/user_study_v1/Yueyuan/Emergency/46.wav,Yueyuan/Emergency/46.wav,emergency,0.99609375,0.99609375,0.0,0.0,"[127, -128, -128]",True,,,,0.08120795246213675,1.2682919623330235,0.7020420162007213,2.0569589687511325
810,Yueyuan,emergency,unavailable_in_sd_path,47,/Users/zilongzeng/Research/DroneControl/user_study_v1/Yueyuan/Emergency/47.wav,Yueyuan/Emergency/47.wav,emergency,0.99609375,0.99609375,0.0,0.0,"[127, -128, -128]",True,,,,0.21491700317710638,1.2474999530240893,0.7110000587999821,2.179458038881421
811,Yueyuan,emergency,unavailable_in_sd_path,48,/Users/zilongzeng/Research/DroneControl/user_study_v1/Yueyuan/Emergency/48.wav,Yueyuan/Emergency/48.wav,emergency,0.99609375,0.99609375,0.0,0.0,"[127, -128, -128]",True,,,,0.297166989184916,1.510791014879942,0.6426249165087938,2.4581250036135316
812,Yueyuan,emergency,unavailable_in_sd_path,49,/Users/zilongzeng/Research/DroneControl/user_study_v1/Yueyuan/Emergency/49.wav,Yueyuan/Emergency/49.wav,emergency,0.99609375,0.99609375,0.0,0.0,"[127, -128, -128]",True,,,,0.07233303040266037,1.3169159647077322,0.7038330659270287,2.0990000339224935
813,Yueyuan,movement,unavailable_in_sd_path,0,/Users/zilongzeng/Research/DroneControl/user_study_v1/Yueyuan/Movement/0.wav,Yueyuan/Movement/0.wav,movement,0.99609375,0.0,0.99609375,0.0,"[-128, 127, -128]",True,,,,0.2239580499008298,1.239666948094964,0.6908749928697944,2.1598750026896596
814,Yueyuan,movement,unavailable_in_sd_path,1,/Users/zilongzeng/Research/DroneControl/user_study_v1/Yueyuan/Movement/1.wav,Yueyuan/Movement/1.wav,movement,0.99609375,0.0,0.99609375,0.0,"[-128, 127, -128]",True,,,,0.234166975133121,1.3018749887123704,0.712707987986505,2.254999941214919
815,Yueyuan,movement,unavailable_in_sd_path,2,/Users/zilongzeng/Research/DroneControl/user_study_v1/Yueyuan/Movement/2.wav,Yueyuan/Movement/2.wav,movement,0.99609375,0.0,0.99609375,0.0,"[-128, 127, -128]",True,,,,0.07824995554983616,1.2297920184209943,0.6957920268177986,2.008665935136378
816,Yueyuan,movement,unavailable_in_sd_path,3,/Users/zilongzeng/Research/DroneControl/user_study_v1/Yueyuan/Movement/3.wav,Yueyuan/Movement/3.wav,movement,0.99609375,0.0,0.99609375,0.0,"[-128, 127, -128]",True,,,,0.0712500186637044,1.3583330437541008,0.6784580182284117,2.114500035531819
817,Yueyuan,movement,unavailable_in_sd_path,4,/Users/zilongzeng/Research/DroneControl/user_study_v1/Yueyuan/Movement/4.wav,Yueyuan/Movement/4.wav,movement,0.99609375,0.0,0.99609375,0.0,"[-128, 127, -128]",True,,,,0.07608393207192421,1.3123750686645508,0.6248750723898411,2.021915977820754
818,Yueyuan,movement,unavailable_in_sd_path,5,/Users/zilongzeng/Research/DroneControl/user_study_v1/Yueyuan/Movement/5.wav,Yueyuan/Movement/5.wav,movement,0.99609375,0.0,0.99609375,0.0,"[-128, 127, -128]",True,,,,0.21470803767442703,1.3022919883951545,0.7243750151246786,2.248042030259967
819,Yueyuan,movement,unavailable_in_sd_path,6,/Users/zilongzeng/Research/DroneControl/user_study_v1/Yueyuan/Movement/6.wav,Yueyuan/Movement/6.wav,movement,0.99609375,0.0,0.99609375,0.0,"[-128, 127, -128]",True,,,,0.19424990750849247,1.274125068448484,0.6997920572757721,2.1735839545726776
820,Yueyuan,movement,unavailable_in_sd_path,7,/Users/zilongzeng/Research/DroneControl/user_study_v1/Yueyuan/Movement/7.wav,Yueyuan/Movement/7.wav,movement,0.99609375,0.0,0.99609375,0.0,"[-128, 127, -128]",True,,,,0.3154589794576168,1.2655419996008277,0.7007499225437641,2.287958050146699
821,Yueyuan,movement,unavailable_in_sd_path,8,/Users/zilongzeng/Research/DroneControl/user_study_v1/Yueyuan/Movement/8.wav,Yueyuan/Movement/8.wav,movement,0.99609375,0.0,0.99609375,0.0,"[-128, 127, -128]",True,,,,0.08300004992634058,1.3217080850154161,0.7237079553306103,2.136375056579709
822,Yueyuan,movement,unavailable_in_sd_path,9,/Users/zilongzeng/Research/DroneControl/user_study_v1/Yueyuan/Movement/9.wav,Yueyuan/Movement/9.wav,movement,0.99609375,0.0,0.99609375,0.0,"[-128, 127, -128]",True,,,,0.07358402945101261,1.2463750317692757,0.7199159590527415,2.0453340839594603
823,Yueyuan,movement,unavailable_in_sd_path,10,/Users/zilongzeng/Research/DroneControl/user_study_v1/Yueyuan/Movement/10.wav,Yueyuan/Movement/10.wav,movement,0.99609375,0.0,0.99609375,0.0,"[-128, 127, -128]",True,,,,0.07595901843160391,1.2368750758469105,0.733249937184155,2.053583040833473
824,Yueyuan,movement,unavailable_in_sd_path,11,/Users/zilongzeng/Research/DroneControl/user_study_v1/Yueyuan/Movement/11.wav,Yueyuan/Movement/11.wav,movement,0.99609375,0.0,0.99609375,0.0,"[-128, 127, -128]",True,,,,0.07229100447148085,1.3686249731108546,0.7184999994933605,2.166000078432262
825,Yueyuan,movement,unavailable_in_sd_path,12,/Users/zilongzeng/Research/DroneControl/user_study_v1/Yueyuan/Movement/12.wav,Yueyuan/Movement/12.wav,emergency,0.5546875,0.5546875,0.37109375,0.07421875,"[14, -33, -109]",False,,,,0.08766702376306057,1.333541003987193,0.7168749580159783,2.144875004887581
826,Yueyuan,movement,unavailable_in_sd_path,13,/Users/zilongzeng/Research/DroneControl/user_study_v1/Yueyuan/Movement/13.wav,Yueyuan/Movement/13.wav,movement,0.69140625,0.30859375,0.69140625,0.0,"[-49, 49, -128]",True,,,,0.07941690273582935,1.2794589856639504,0.6887080380693078,2.053583040833473
827,Yueyuan,movement,unavailable_in_sd_path,14,/Users/zilongzeng/Research/DroneControl/user_study_v1/Yueyuan/Movement/14.wav,Yueyuan/Movement/14.wav,movement,0.99609375,0.0,0.99609375,0.0,"[-128, 127, -128]",True,,,,0.07908407133072615,1.260249991901219,0.7244580192491412,2.0701250759884715
828,Yueyuan,movement,unavailable_in_sd_path,15,/Users/zilongzeng/Research/DroneControl/user_study_v1/Yueyuan/Movement/15.wav,Yueyuan/Movement/15.wav,movement,0.99609375,0.0,0.99609375,0.0,"[-128, 127, -128]",True,,,,0.07349997758865356,1.2767920270562172,0.6965830689296126,2.0531669724732637
829,Yueyuan,movement,unavailable_in_sd_path,16,/Users/zilongzeng/Research/DroneControl/user_study_v1/Yueyuan/Movement/16.wav,Yueyuan/Movement/16.wav,movement,0.99609375,0.0,0.99609375,0.0,"[-128, 127, -128]",True,,,,0.07958302740007639,1.5177919995039701,0.6405831081792712,2.246792078949511
830,Yueyuan,movement,unavailable_in_sd_path,17,/Users/zilongzeng/Research/DroneControl/user_study_v1/Yueyuan/Movement/17.wav,Yueyuan/Movement/17.wav,movement,0.99609375,0.0,0.99609375,0.0,"[-128, 127, -128]",True,,,,0.2732080174610019,1.2930419761687517,0.7110829465091228,2.284666057676077
831,Yueyuan,movement,unavailable_in_sd_path,18,/Users/zilongzeng/Research/DroneControl/user_study_v1/Yueyuan/Movement/18.wav,Yueyuan/Movement/18.wav,movement,0.99609375,0.0,0.99609375,0.0,"[-128, 127, -128]",True,,,,0.2625419292598963,1.2761669931933284,0.7384580094367266,2.2834170376881957
832,Yueyuan,movement,unavailable_in_sd_path,19,/Users/zilongzeng/Research/DroneControl/user_study_v1/Yueyuan/Movement/19.wav,Yueyuan/Movement/19.wav,movement,0.99609375,0.0,0.99609375,0.0,"[-128, 127, -128]",True,,,,0.08366606198251247,1.2472079833969474,0.7352500688284636,2.0718330051749945
833,Yueyuan,movement,unavailable_in_sd_path,20,/Users/zilongzeng/Research/DroneControl/user_study_v1/Yueyuan/Movement/20.wav,Yueyuan/Movement/20.wav,movement,0.99609375,0.0,0.99609375,0.0,"[-128, 127, -128]",True,,,,0.0706670107319951,1.30108289886266,0.7379580056294799,2.116916934028268
834,Yueyuan,movement,unavailable_in_sd_path,21,/Users/zilongzeng/Research/DroneControl/user_study_v1/Yueyuan/Movement/21.wav,Yueyuan/Movement/21.wav,movement,0.99609375,0.0,0.99609375,0.0,"[-128, 127, -128]",True,,,,0.07945892866700888,1.3538750354200602,0.7362919859588146,2.1752500906586647
835,Yueyuan,movement,unavailable_in_sd_path,22,/Users/zilongzeng/Research/DroneControl/user_study_v1/Yueyuan/Movement/22.wav,Yueyuan/Movement/22.wav,movement,0.99609375,0.0,0.99609375,0.00390625,"[-128, 127, -127]",True,,,,0.06858306005597115,1.3881250051781535,0.7389580132439733,2.2015839349478483
836,Yueyuan,movement,unavailable_in_sd_path,23,/Users/zilongzeng/Research/DroneControl/user_study_v1/Yueyuan/Movement/23.wav,Yueyuan/Movement/23.wav,movement,0.99609375,0.0,0.99609375,0.0,"[-128, 127, -128]",True,,,,0.0844169408082962,1.2737499782815576,0.6989170797169209,2.063542022369802
837,Yueyuan,movement,unavailable_in_sd_path,24,/Users/zilongzeng/Research/DroneControl/user_study_v1/Yueyuan/Movement/24.wav,Yueyuan/Movement/24.wav,movement,0.99609375,0.0,0.99609375,0.0,"[-128, 127, -128]",True,,,,0.2020830288529396,1.4346659881994128,0.6494999397546053,2.2954579908400774
838,Yueyuan,movement,unavailable_in_sd_path,25,/Users/zilongzeng/Research/DroneControl/user_study_v1/Yueyuan/Movement/25.wav,Yueyuan/Movement/25.wav,movement,0.99609375,0.0,0.99609375,0.0,"[-128, 127, -128]",True,,,,0.39116700645536184,1.305249985307455,0.6967079825699329,2.4001250276342034
839,Yueyuan,movement,unavailable_in_sd_path,26,/Users/zilongzeng/Research/DroneControl/user_study_v1/Yueyuan/Movement/26.wav,Yueyuan/Movement/26.wav,movement,0.99609375,0.0,0.99609375,0.0,"[-128, 127, -128]",True,,,,0.10133301839232445,1.2343329144641757,0.6880420260131359,2.029124996624887
840,Yueyuan,movement,unavailable_in_sd_path,27,/Users/zilongzeng/Research/DroneControl/user_study_v1/Yueyuan/Movement/27.wav,Yueyuan/Movement/27.wav,movement,0.99609375,0.0,0.99609375,0.0,"[-128, 127, -128]",True,,,,0.08070806507021189,1.2473330134525895,0.6894170073792338,2.023333916440606
841,Yueyuan,movement,unavailable_in_sd_path,28,/Users/zilongzeng/Research/DroneControl/user_study_v1/Yueyuan/Movement/28.wav,Yueyuan/Movement/28.wav,movement,0.99609375,0.0,0.99609375,0.0,"[-128, 127, -128]",True,,,,0.06970902904868126,1.256291987374425,0.6917919963598251,2.0240830490365624
842,Yueyuan,movement,unavailable_in_sd_path,29,/Users/zilongzeng/Research/DroneControl/user_study_v1/Yueyuan/Movement/29.wav,Yueyuan/Movement/29.wav,movement,0.99609375,0.0,0.99609375,0.0,"[-128, 127, -128]",True,,,,0.08616689592599869,1.2949580559507012,0.6837499095126987,2.070832997560501
843,Yueyuan,movement,unavailable_in_sd_path,30,/Users/zilongzeng/Research/DroneControl/user_study_v1/Yueyuan/Movement/30.wav,Yueyuan/Movement/30.wav,movement,0.99609375,0.0,0.99609375,0.0,"[-128, 127, -128]",True,,,,0.08295802399516106,1.2874159729108214,0.6915410049259663,2.067958004772663
844,Yueyuan,movement,unavailable_in_sd_path,31,/Users/zilongzeng/Research/DroneControl/user_study_v1/Yueyuan/Movement/31.wav,Yueyuan/Movement/31.wav,movement,0.99609375,0.0,0.99609375,0.0,"[-128, 127, -128]",True,,,,0.08045800495892763,1.2174999574199319,0.7070000283420086,2.0105839939787984
845,Yueyuan,movement,unavailable_in_sd_path,32,/Users/zilongzeng/Research/DroneControl/user_study_v1/Yueyuan/Movement/32.wav,Yueyuan/Movement/32.wav,movement,0.99609375,0.0,0.99609375,0.0,"[-128, 127, -128]",True,,,,0.07733399979770184,1.3889579568058252,0.7139999652281404,2.1863330621272326
846,Yueyuan,movement,unavailable_in_sd_path,33,/Users/zilongzeng/Research/DroneControl/user_study_v1/Yueyuan/Movement/33.wav,Yueyuan/Movement/33.wav,movement,0.99609375,0.0,0.99609375,0.0,"[-128, 127, -128]",True,,,,0.0903749605640769,1.4168750494718552,0.6425000028684735,2.1597089944407344
847,Yueyuan,movement,unavailable_in_sd_path,34,/Users/zilongzeng/Research/DroneControl/user_study_v1/Yueyuan/Movement/34.wav,Yueyuan/Movement/34.wav,movement,0.99609375,0.0,0.99609375,0.0,"[-128, 127, -128]",True,,,,0.20708306692540646,1.3222499983385205,0.6741250399500132,2.208749996498227
848,Yueyuan,movement,unavailable_in_sd_path,35,/Users/zilongzeng/Research/DroneControl/user_study_v1/Yueyuan/Movement/35.wav,Yueyuan/Movement/35.wav,movement,0.99609375,0.0,0.99609375,0.0,"[-128, 127, -128]",True,,,,0.0739159295335412,1.2673749588429928,0.7042080396786332,2.0514170173555613
849,Yueyuan,movement,unavailable_in_sd_path,36,/Users/zilongzeng/Research/DroneControl/user_study_v1/Yueyuan/Movement/36.wav,Yueyuan/Movement/36.wav,movement,0.99609375,0.0,0.99609375,0.0,"[-128, 127, -128]",True,,,,0.07991702295839787,1.3623330742120743,0.7196669466793537,2.168874954804778
850,Yueyuan,movement,unavailable_in_sd_path,37,/Users/zilongzeng/Research/DroneControl/user_study_v1/Yueyuan/Movement/37.wav,Yueyuan/Movement/37.wav,movement,0.99609375,0.0,0.99609375,0.0,"[-128, 127, -128]",True,,,,0.09333400521427393,1.2349170865491033,0.6811250932514668,2.0145419985055923
851,Yueyuan,movement,unavailable_in_sd_path,38,/Users/zilongzeng/Research/DroneControl/user_study_v1/Yueyuan/Movement/38.wav,Yueyuan/Movement/38.wav,movement,0.99609375,0.0,0.99609375,0.0,"[-128, 127, -128]",True,,,,0.07737497799098492,1.357708009891212,0.6919580046087503,2.1328330039978027
852,Yueyuan,movement,unavailable_in_sd_path,39,/Users/zilongzeng/Research/DroneControl/user_study_v1/Yueyuan/Movement/39.wav,Yueyuan/Movement/39.wav,movement,0.99609375,0.0,0.99609375,0.0,"[-128, 127, -128]",True,,,,0.08183310274034739,1.1951250489801168,0.71004091296345,1.9929999252781272
853,Yueyuan,movement,unavailable_in_sd_path,40,/Users/zilongzeng/Research/DroneControl/user_study_v1/Yueyuan/Movement/40.wav,Yueyuan/Movement/40.wav,movement,0.99609375,0.0,0.99609375,0.0,"[-128, 127, -128]",True,,,,0.07029203698039055,1.2832499342039227,0.709832995198667,2.06845800857991
854,Yueyuan,movement,unavailable_in_sd_path,41,/Users/zilongzeng/Research/DroneControl/user_study_v1/Yueyuan/Movement/41.wav,Yueyuan/Movement/41.wav,movement,0.99609375,0.0,0.99609375,0.0,"[-128, 127, -128]",True,,,,0.06566697265952826,1.2932500103488564,0.693458947353065,2.0576659590005875
855,Yueyuan,movement,unavailable_in_sd_path,42,/Users/zilongzeng/Research/DroneControl/user_study_v1/Yueyuan/Movement/42.wav,Yueyuan/Movement/42.wav,movement,0.99609375,0.0,0.99609375,0.0,"[-128, 127, -128]",True,,,,0.18666696269065142,1.3198750093579292,0.6936249556019902,2.2052499698475003
856,Yueyuan,movement,unavailable_in_sd_path,43,/Users/zilongzeng/Research/DroneControl/user_study_v1/Yueyuan/Movement/43.wav,Yueyuan/Movement/43.wav,movement,0.99609375,0.0,0.99609375,0.0,"[-128, 127, -128]",True,,,,0.23725000210106373,1.2824999867007136,0.7313329260796309,2.2577920462936163
857,Yueyuan,movement,unavailable_in_sd_path,44,/Users/zilongzeng/Research/DroneControl/user_study_v1/Yueyuan/Movement/44.wav,Yueyuan/Movement/44.wav,movement,0.99609375,0.0,0.99609375,0.0,"[-128, 127, -128]",True,,,,0.22133404854685068,1.3288329355418682,0.705125043168664,2.26229103282094
858,Yueyuan,movement,unavailable_in_sd_path,45,/Users/zilongzeng/Research/DroneControl/user_study_v1/Yueyuan/Movement/45.wav,Yueyuan/Movement/45.wav,movement,0.99609375,0.0,0.99609375,0.0,"[-128, 127, -128]",True,,,,0.07058295886963606,1.2102919863536954,0.7223329739645123,2.0109169417992234
859,Yueyuan,movement,unavailable_in_sd_path,46,/Users/zilongzeng/Research/DroneControl/user_study_v1/Yueyuan/Movement/46.wav,Yueyuan/Movement/46.wav,movement,0.99609375,0.0,0.99609375,0.0,"[-128, 127, -128]",True,,,,0.06333296187222004,1.3832499971613288,0.6380839040502906,2.094959025271237
860,Yueyuan,movement,unavailable_in_sd_path,47,/Users/zilongzeng/Research/DroneControl/user_study_v1/Yueyuan/Movement/47.wav,Yueyuan/Movement/47.wav,movement,0.99609375,0.0,0.99609375,0.0,"[-128, 127, -128]",True,,,,0.155583955347538,1.2478750431910157,0.7112080929800868,2.121333032846451
861,Yueyuan,movement,unavailable_in_sd_path,48,/Users/zilongzeng/Research/DroneControl/user_study_v1/Yueyuan/Movement/48.wav,Yueyuan/Movement/48.wav,movement,0.99609375,0.00390625,0.99609375,0.0,"[-127, 127, -128]",True,,,,0.07175002247095108,1.2115000281482935,0.6973330164328218,1.986167044378817
862,Yueyuan,movement,unavailable_in_sd_path,49,/Users/zilongzeng/Research/DroneControl/user_study_v1/Yueyuan/Movement/49.wav,Yueyuan/Movement/49.wav,movement,0.99609375,0.0,0.99609375,0.0,"[-128, 127, -128]",True,,,,0.07762503810226917,1.2872080551460385,0.7420409237965941,2.1143340272828937
863,Yunfei,emergency,unavailable_in_sd_path,0,/Users/zilongzeng/Research/DroneControl/user_study_v1/Yunfei/Emergency/0.wav,Yunfei/Emergency/0.wav,emergency,0.99609375,0.99609375,0.0,0.0,"[127, -128, -128]",True,,,,0.2181660383939743,1.2896250700578094,0.7082080701366067,2.221458009444177
864,Yunfei,emergency,unavailable_in_sd_path,1,/Users/zilongzeng/Research/DroneControl/user_study_v1/Yunfei/Emergency/1.wav,Yunfei/Emergency/1.wav,emergency,0.99609375,0.99609375,0.0,0.0,"[127, -128, -128]",True,,,,0.060832942835986614,1.2523329351097345,0.7200840627774596,2.0393329905346036
865,Yunfei,emergency,unavailable_in_sd_path,2,/Users/zilongzeng/Research/DroneControl/user_study_v1/Yunfei/Emergency/2.wav,Yunfei/Emergency/2.wav,emergency,0.99609375,0.99609375,0.0,0.0,"[127, -128, -128]",True,,,,0.08333392906934023,1.3360419543460011,0.7045409874990582,2.129083964973688
866,Yunfei,emergency,unavailable_in_sd_path,3,/Users/zilongzeng/Research/DroneControl/user_study_v1/Yunfei/Emergency/3.wav,Yunfei/Emergency/3.wav,emergency,0.99609375,0.99609375,0.0,0.0,"[127, -128, -128]",True,,,,0.0702909892424941,1.2755830539390445,0.6954580312594771,2.080957987345755
867,Yunfei,emergency,unavailable_in_sd_path,4,/Users/zilongzeng/Research/DroneControl/user_study_v1/Yunfei/Emergency/4.wav,Yunfei/Emergency/4.wav,emergency,0.99609375,0.99609375,0.0,0.0,"[127, -128, -128]",True,,,,0.16633409541100264,1.2166249798610806,0.7310409564524889,2.1214160369709134
868,Yunfei,emergency,unavailable_in_sd_path,5,/Users/zilongzeng/Research/DroneControl/user_study_v1/Yunfei/Emergency/5.wav,Yunfei/Emergency/5.wav,emergency,0.99609375,0.99609375,0.0,0.0,"[127, -128, -128]",True,,,,0.08804199751466513,1.3285840395838022,0.7187919691205025,2.1420420380309224
869,Yunfei,emergency,unavailable_in_sd_path,6,/Users/zilongzeng/Research/DroneControl/user_study_v1/Yunfei/Emergency/6.wav,Yunfei/Emergency/6.wav,emergency,0.99609375,0.99609375,0.0,0.0,"[127, -128, -128]",True,,,,0.23329094983637333,1.2822500430047512,0.7120000664144754,2.233249950222671
870,Yunfei,emergency,unavailable_in_sd_path,7,/Users/zilongzeng/Research/DroneControl/user_study_v1/Yunfei/Emergency/7.wav,Yunfei/Emergency/7.wav,unknown,0.99609375,0.0,0.0,0.99609375,"[-128, -128, 127]",False,,,,0.22141705267131329,1.2947909999638796,0.6973330164328218,2.218874986283481
871,Yunfei,emergency,unavailable_in_sd_path,8,/Users/zilongzeng/Research/DroneControl/user_study_v1/Yunfei/Emergency/8.wav,Yunfei/Emergency/8.wav,emergency,0.99609375,0.99609375,0.0,0.0,"[127, -128, -128]",True,,,,0.07504201494157314,1.423542038537562,0.6322080735117197,2.1393749630078673
872,Yunfei,emergency,unavailable_in_sd_path,9,/Users/zilongzeng/Research/DroneControl/user_study_v1/Yunfei/Emergency/9.wav,Yunfei/Emergency/9.wav,emergency,0.97265625,0.97265625,0.02734375,0.0,"[121, -121, -128]",True,,,,0.14970905613154173,1.335292006842792,0.7009169785305858,2.1940830629318953
873,Yunfei,emergency,unavailable_in_sd_path,10,/Users/zilongzeng/Research/DroneControl/user_study_v1/Yunfei/Emergency/10.wav,Yunfei/Emergency/10.wav,emergency,0.99609375,0.99609375,0.0,0.0,"[127, -128, -128]",True,,,,0.1193750649690628,1.3257079990580678,0.6917499704286456,2.1430000197142363
874,Yunfei,emergency,unavailable_in_sd_path,11,/Users/zilongzeng/Research/DroneControl/user_study_v1/Yunfei/Emergency/11.wav,Yunfei/Emergency/11.wav,emergency,0.99609375,0.99609375,0.0,0.0,"[127, -128, -128]",True,,,,0.07566704880446196,1.385916955769062,0.6803330034017563,2.147874911315739
875,Yunfei,emergency,unavailable_in_sd_path,12,/Users/zilongzeng/Research/DroneControl/user_study_v1/Yunfei/Emergency/12.wav,Yunfei/Emergency/12.wav,emergency,0.99609375,0.99609375,0.0,0.0,"[127, -128, -128]",True,,,,0.08404208347201347,1.395041006617248,0.6257499335333705,2.113959053531289
876,Yunfei,emergency,unavailable_in_sd_path,13,/Users/zilongzeng/Research/DroneControl/user_study_v1/Yunfei/Emergency/13.wav,Yunfei/Emergency/13.wav,emergency,0.99609375,0.99609375,0.0,0.0,"[127, -128, -128]",True,,,,0.13637507800012827,1.3527910923585296,0.690583954565227,2.188208047300577
877,Yunfei,emergency,unavailable_in_sd_path,14,/Users/zilongzeng/Research/DroneControl/user_study_v1/Yunfei/Emergency/14.wav,Yunfei/Emergency/14.wav,emergency,0.99609375,0.99609375,0.0,0.0,"[127, -128, -128]",True,,,,0.10599999222904444,1.3657090021297336,0.6857919506728649,2.16299993917346
878,Yunfei,emergency,unavailable_in_sd_path,15,/Users/zilongzeng/Research/DroneControl/user_study_v1/Yunfei/Emergency/15.wav,Yunfei/Emergency/15.wav,emergency,0.99609375,0.99609375,0.0,0.0,"[127, -128, -128]",True,,,,0.14279200695455074,1.384875038638711,0.6811249768361449,2.2153330501168966
879,Yunfei,emergency,unavailable_in_sd_path,16,/Users/zilongzeng/Research/DroneControl/user_study_v1/Yunfei/Emergency/16.wav,Yunfei/Emergency/16.wav,movement,0.99609375,0.0,0.99609375,0.0,"[-128, 127, -128]",False,,,,0.23612496443092823,1.2585000367835164,0.7074170280247927,2.2082909708842635
880,Yunfei,emergency,unavailable_in_sd_path,17,/Users/zilongzeng/Research/DroneControl/user_study_v1/Yunfei/Emergency/17.wav,Yunfei/Emergency/17.wav,movement,0.96875,0.03125,0.96875,0.0,"[-120, 120, -128]",False,,,,0.07162499241530895,1.2615000596269965,0.7272920338436961,2.0667080534622073
881,Yunfei,emergency,unavailable_in_sd_path,18,/Users/zilongzeng/Research/DroneControl/user_study_v1/Yunfei/Emergency/18.wav,Yunfei/Emergency/18.wav,emergency,0.99609375,0.99609375,0.0,0.0,"[127, -128, -128]",True,,,,0.08366594556719065,1.2900829315185547,0.6936669815331697,2.072917064651847
882,Yunfei,emergency,unavailable_in_sd_path,19,/Users/zilongzeng/Research/DroneControl/user_study_v1/Yunfei/Emergency/19.wav,Yunfei/Emergency/19.wav,movement,0.6484375,0.3515625,0.6484375,0.0,"[-38, 38, -128]",False,,,,0.06962497718632221,1.439915969967842,0.7011250127106905,2.2168749710544944
883,Yunfei,emergency,unavailable_in_sd_path,20,/Users/zilongzeng/Research/DroneControl/user_study_v1/Yunfei/Emergency/20.wav,Yunfei/Emergency/20.wav,emergency,0.83203125,0.83203125,0.16796875,0.0,"[85, -85, -128]",True,,,,0.06458396092057228,1.281708013266325,0.7122079841792583,2.0645830081775784
884,Yunfei,emergency,unavailable_in_sd_path,21,/Users/zilongzeng/Research/DroneControl/user_study_v1/Yunfei/Emergency/21.wav,Yunfei/Emergency/21.wav,emergency,0.99609375,0.99609375,0.0,0.0,"[127, -128, -128]",True,,,,0.07104105316102505,1.3828750234097242,0.708041014149785,2.1674170857295394
885,Yunfei,emergency,unavailable_in_sd_path,22,/Users/zilongzeng/Research/DroneControl/user_study_v1/Yunfei/Emergency/22.wav,Yunfei/Emergency/22.wav,emergency,0.99609375,0.99609375,0.0,0.0,"[127, -128, -128]",True,,,,0.07304095197468996,1.2444580206647515,0.6967909866943955,2.020917017944157
886,Yunfei,emergency,unavailable_in_sd_path,23,/Users/zilongzeng/Research/DroneControl/user_study_v1/Yunfei/Emergency/23.wav,Yunfei/Emergency/23.wav,emergency,0.99609375,0.99609375,0.0,0.0,"[127, -128, -128]",True,,,,0.07045897655189037,1.3456250308081508,0.686999992467463,2.108333050273359
887,Yunfei,emergency,unavailable_in_sd_path,24,/Users/zilongzeng/Research/DroneControl/user_study_v1/Yunfei/Emergency/24.wav,Yunfei/Emergency/24.wav,unknown,0.99609375,0.0,0.0,0.99609375,"[-128, -128, 127]",False,,,,0.08625001646578312,1.2704170076176524,0.7253340445458889,2.0885419799014926
888,Yunfei,emergency,unavailable_in_sd_path,25,/Users/zilongzeng/Research/DroneControl/user_study_v1/Yunfei/Emergency/25.wav,Yunfei/Emergency/25.wav,emergency,0.99609375,0.99609375,0.0,0.0,"[127, -128, -128]",True,,,,0.08033402264118195,1.3640420511364937,0.69566594902426,2.14545801281929
889,Yunfei,emergency,unavailable_in_sd_path,26,/Users/zilongzeng/Research/DroneControl/user_study_v1/Yunfei/Emergency/26.wav,Yunfei/Emergency/26.wav,movement,0.4921875,0.015625,0.4921875,0.4921875,"[-124, -2, -2]",False,,,,0.08708308450877666,1.2467909837141633,0.7644579745829105,2.1060839062556624
890,Yunfei,emergency,unavailable_in_sd_path,27,/Users/zilongzeng/Research/DroneControl/user_study_v1/Yunfei/Emergency/27.wav,Yunfei/Emergency/27.wav,emergency,0.99609375,0.99609375,0.0,0.0,"[127, -128, -128]",True,,,,0.07120799273252487,1.352290972135961,0.6781250704079866,2.107374952174723
891,Yunfei,emergency,unavailable_in_sd_path,28,/Users/zilongzeng/Research/DroneControl/user_study_v1/Yunfei/Emergency/28.wav,Yunfei/Emergency/28.wav,emergency,0.99609375,0.99609375,0.0,0.0,"[127, -128, -128]",True,,,,0.0874160323292017,1.3603339903056622,0.7272500079125166,2.1813330240547657
892,Yunfei,emergency,unavailable_in_sd_path,29,/Users/zilongzeng/Research/DroneControl/user_study_v1/Yunfei/Emergency/29.wav,Yunfei/Emergency/29.wav,emergency,0.99609375,0.99609375,0.0,0.0,"[127, -128, -128]",True,,,,0.11154194362461567,1.4048749580979347,0.7198749808594584,2.242750022560358
893,Yunfei,emergency,unavailable_in_sd_path,30,/Users/zilongzeng/Research/DroneControl/user_study_v1/Yunfei/Emergency/30.wav,Yunfei/Emergency/30.wav,emergency,0.99609375,0.99609375,0.0,0.0,"[127, -128, -128]",True,,,,0.07279205601662397,1.1707500088959932,0.7519170176237822,2.0021660020574927
894,Yunfei,emergency,unavailable_in_sd_path,31,/Users/zilongzeng/Research/DroneControl/user_study_v1/Yunfei/Emergency/31.wav,Yunfei/Emergency/31.wav,emergency,0.99609375,0.99609375,0.0,0.0,"[127, -128, -128]",True,,,,0.07066596299409866,1.3642909470945597,0.7103329990059137,2.1516670240089297
895,Yunfei,emergency,unavailable_in_sd_path,32,/Users/zilongzeng/Research/DroneControl/user_study_v1/Yunfei/Emergency/32.wav,Yunfei/Emergency/32.wav,emergency,0.99609375,0.99609375,0.0,0.0,"[127, -128, -128]",True,,,,0.09245797991752625,1.4212089590728283,0.7420000620186329,2.2624999983236194
896,Yunfei,emergency,unavailable_in_sd_path,33,/Users/zilongzeng/Research/DroneControl/user_study_v1/Yunfei/Emergency/33.wav,Yunfei/Emergency/33.wav,emergency,0.99609375,0.99609375,0.0,0.0,"[127, -128, -128]",True,,,,0.10800000745803118,1.3589159352704883,0.6885000038892031,2.161041018553078
897,Yunfei,emergency,unavailable_in_sd_path,34,/Users/zilongzeng/Research/DroneControl/user_study_v1/Yunfei/Emergency/34.wav,Yunfei/Emergency/34.wav,emergency,0.99609375,0.99609375,0.0,0.0,"[127, -128, -128]",True,,,,0.2739999908953905,1.3467500684782863,0.7569169392809272,2.385874977335334
898,Yunfei,emergency,unavailable_in_sd_path,35,/Users/zilongzeng/Research/DroneControl/user_study_v1/Yunfei/Emergency/35.wav,Yunfei/Emergency/35.wav,emergency,0.99609375,0.99609375,0.0,0.0,"[127, -128, -128]",True,,,,0.2469590399414301,1.3410840183496475,0.7245419546961784,2.3189589846879244
899,Yunfei,emergency,unavailable_in_sd_path,36,/Users/zilongzeng/Research/DroneControl/user_study_v1/Yunfei/Emergency/36.wav,Yunfei/Emergency/36.wav,unknown,0.99609375,0.0,0.0,0.99609375,"[-128, -128, 127]",False,,,,0.2173340180888772,1.414458965882659,0.7077920017763972,2.3458750220015645
900,Yunfei,emergency,unavailable_in_sd_path,37,/Users/zilongzeng/Research/DroneControl/user_study_v1/Yunfei/Emergency/37.wav,Yunfei/Emergency/37.wav,emergency,0.99609375,0.99609375,0.0,0.0,"[127, -128, -128]",True,,,,0.25616702623665333,1.2581250630319118,0.6918329745531082,2.2114580497145653
901,Yunfei,emergency,unavailable_in_sd_path,38,/Users/zilongzeng/Research/DroneControl/user_study_v1/Yunfei/Emergency/38.wav,Yunfei/Emergency/38.wav,movement,0.8046875,0.1953125,0.8046875,0.0,"[-78, 78, -128]",False,,,,0.05695794243365526,1.3943329686298966,0.6741249235346913,2.1311669843271375
902,Yunfei,emergency,unavailable_in_sd_path,39,/Users/zilongzeng/Research/DroneControl/user_study_v1/Yunfei/Emergency/39.wav,Yunfei/Emergency/39.wav,emergency,0.99609375,0.99609375,0.0,0.0,"[127, -128, -128]",True,,,,0.08233299013227224,1.2988750822842121,0.6865840405225754,2.07408401183784
903,Yunfei,emergency,unavailable_in_sd_path,40,/Users/zilongzeng/Research/DroneControl/user_study_v1/Yunfei/Emergency/40.wav,Yunfei/Emergency/40.wav,emergency,0.984375,0.984375,0.015625,0.0,"[124, -124, -128]",True,,,,0.08654105477035046,1.348333084024489,0.7127909921109676,2.152874949388206
904,Yunfei,emergency,unavailable_in_sd_path,41,/Users/zilongzeng/Research/DroneControl/user_study_v1/Yunfei/Emergency/41.wav,Yunfei/Emergency/41.wav,emergency,0.99609375,0.99609375,0.0,0.0,"[127, -128, -128]",True,,,,0.07458298932760954,1.2541250325739384,0.6802909774705768,2.014417084865272
905,Yunfei,emergency,unavailable_in_sd_path,42,/Users/zilongzeng/Research/DroneControl/user_study_v1/Yunfei/Emergency/42.wav,Yunfei/Emergency/42.wav,emergency,0.99609375,0.99609375,0.0,0.0,"[127, -128, -128]",True,,,,0.21533295512199402,1.386707997880876,0.6816660752519965,2.289749914780259
906,Yunfei,emergency,unavailable_in_sd_path,43,/Users/zilongzeng/Research/DroneControl/user_study_v1/Yunfei/Emergency/43.wav,Yunfei/Emergency/43.wav,emergency,0.99609375,0.99609375,0.0,0.0,"[127, -128, -128]",True,,,,0.20329200197011232,1.2634159065783024,0.7169999880716205,2.1898329723626375
907,Yunfei,emergency,unavailable_in_sd_path,44,/Users/zilongzeng/Research/DroneControl/user_study_v1/Yunfei/Emergency/44.wav,Yunfei/Emergency/44.wav,emergency,0.99609375,0.99609375,0.0,0.0,"[127, -128, -128]",True,,,,0.08187501225620508,1.3288749614730477,0.6998749449849129,2.1154580172151327
908,Yunfei,emergency,unavailable_in_sd_path,45,/Users/zilongzeng/Research/DroneControl/user_study_v1/Yunfei/Emergency/45.wav,Yunfei/Emergency/45.wav,emergency,0.99609375,0.99609375,0.0,0.0,"[127, -128, -128]",True,,,,0.22462510969489813,1.2388330651447177,0.7299169665202498,2.1997910225763917
909,Yunfei,emergency,unavailable_in_sd_path,46,/Users/zilongzeng/Research/DroneControl/user_study_v1/Yunfei/Emergency/46.wav,Yunfei/Emergency/46.wav,emergency,0.93359375,0.93359375,0.06640625,0.0,"[111, -111, -128]",True,,,,0.23929204326123,1.2993330601602793,0.7029159460216761,2.2470830008387566
910,Yunfei,emergency,unavailable_in_sd_path,47,/Users/zilongzeng/Research/DroneControl/user_study_v1/Yunfei/Emergency/47.wav,Yunfei/Emergency/47.wav,emergency,0.734375,0.734375,0.26953125,0.0,"[60, -59, -128]",True,,,,0.21054199896752834,1.2695000041276217,0.725999940186739,2.2134999744594097
911,Yunfei,emergency,unavailable_in_sd_path,48,/Users/zilongzeng/Research/DroneControl/user_study_v1/Yunfei/Emergency/48.wav,Yunfei/Emergency/48.wav,emergency,0.94140625,0.94140625,0.0,0.0546875,"[113, -128, -114]",True,,,,0.3500829916447401,1.3083330122753978,0.6899579893797636,2.3540420224890113
912,Yunfei,emergency,unavailable_in_sd_path,49,/Users/zilongzeng/Research/DroneControl/user_study_v1/Yunfei/Emergency/49.wav,Yunfei/Emergency/49.wav,emergency,0.99609375,0.99609375,0.0,0.0,"[127, -128, -128]",True,,,,0.07700000423938036,1.2619999470189214,0.6986249936744571,2.043417072854936
913,Yunfei,movement,unavailable_in_sd_path,0,/Users/zilongzeng/Research/DroneControl/user_study_v1/Yunfei/Movement/0.wav,Yunfei/Movement/0.wav,movement,0.99609375,0.0,0.99609375,0.0,"[-128, 127, -128]",True,,,,0.07075001485645771,1.3657499803230166,0.7073750020936131,2.149582956917584
914,Yunfei,movement,unavailable_in_sd_path,1,/Users/zilongzeng/Research/DroneControl/user_study_v1/Yunfei/Movement/1.wav,Yunfei/Movement/1.wav,movement,0.99609375,0.0,0.99609375,0.0,"[-128, 127, -128]",True,,,,0.06770796608179808,1.413749996572733,0.7159999804571271,2.2050830302760005
915,Yunfei,movement,unavailable_in_sd_path,2,/Users/zilongzeng/Research/DroneControl/user_study_v1/Yunfei/Movement/2.wav,Yunfei/Movement/2.wav,movement,0.99609375,0.0,0.99609375,0.0,"[-128, 127, -128]",True,,,,0.19479100592434406,1.4324999647215009,0.626542023383081,2.2638329537585378
916,Yunfei,movement,unavailable_in_sd_path,3,/Users/zilongzeng/Research/DroneControl/user_study_v1/Yunfei/Movement/3.wav,Yunfei/Movement/3.wav,movement,0.99609375,0.0,0.99609375,0.0,"[-128, 127, -128]",True,,,,0.34449994564056396,1.3844589702785015,0.7294579409062862,2.4658329784870148
917,Yunfei,movement,unavailable_in_sd_path,4,/Users/zilongzeng/Research/DroneControl/user_study_v1/Yunfei/Movement/4.wav,Yunfei/Movement/4.wav,movement,0.99609375,0.0,0.99609375,0.0,"[-128, 127, -128]",True,,,,0.0951660331338644,1.234708004631102,0.7044159574434161,2.0405000541359186
918,Yunfei,movement,unavailable_in_sd_path,5,/Users/zilongzeng/Research/DroneControl/user_study_v1/Yunfei/Movement/5.wav,Yunfei/Movement/5.wav,movement,0.99609375,0.0,0.99609375,0.0,"[-128, 127, -128]",True,,,,0.2144169993698597,1.272291992790997,0.7229590555652976,2.215667045675218
919,Yunfei,movement,unavailable_in_sd_path,6,/Users/zilongzeng/Research/DroneControl/user_study_v1/Yunfei/Movement/6.wav,Yunfei/Movement/6.wav,movement,0.99609375,0.0,0.99609375,0.0,"[-128, 127, -128]",True,,,,0.3220420330762863,1.206749933771789,0.7014169823378325,2.2358749993145466
920,Yunfei,movement,unavailable_in_sd_path,7,/Users/zilongzeng/Research/DroneControl/user_study_v1/Yunfei/Movement/7.wav,Yunfei/Movement/7.wav,movement,0.99609375,0.0,0.99609375,0.0,"[-128, 127, -128]",True,,,,0.19174988847225904,1.2441660510376096,0.6980410544201732,2.139125019311905
921,Yunfei,movement,unavailable_in_sd_path,8,/Users/zilongzeng/Research/DroneControl/user_study_v1/Yunfei/Movement/8.wav,Yunfei/Movement/8.wav,movement,0.99609375,0.0,0.99609375,0.0,"[-128, 127, -128]",True,,,,0.2383749233558774,1.2698329519480467,0.7266249740496278,2.241416019387543
922,Yunfei,movement,unavailable_in_sd_path,9,/Users/zilongzeng/Research/DroneControl/user_study_v1/Yunfei/Movement/9.wav,Yunfei/Movement/9.wav,movement,0.99609375,0.0,0.99609375,0.0,"[-128, 127, -128]",True,,,,0.08170900400727987,1.3009170070290565,0.6809580372646451,2.0691670943051577
923,Yunfei,movement,unavailable_in_sd_path,10,/Users/zilongzeng/Research/DroneControl/user_study_v1/Yunfei/Movement/10.wav,Yunfei/Movement/10.wav,movement,0.99609375,0.0,0.99609375,0.0,"[-128, 127, -128]",True,,,,0.06808293983340263,1.2674580793827772,0.7330829976126552,2.0749999675899744
924,Yunfei,movement,unavailable_in_sd_path,11,/Users/zilongzeng/Research/DroneControl/user_study_v1/Yunfei/Movement/11.wav,Yunfei/Movement/11.wav,movement,0.99609375,0.0,0.99609375,0.0,"[-128, 127, -128]",True,,,,0.07404095958918333,1.2919580331072211,0.6785000441595912,2.0495830103754997
925,Yunfei,movement,unavailable_in_sd_path,12,/Users/zilongzeng/Research/DroneControl/user_study_v1/Yunfei/Movement/12.wav,Yunfei/Movement/12.wav,movement,0.99609375,0.0,0.99609375,0.0,"[-128, 127, -128]",True,,,,0.06349990144371986,1.4508330496028066,0.6445000180974603,2.1677500335499644
926,Yunfei,movement,unavailable_in_sd_path,13,/Users/zilongzeng/Research/DroneControl/user_study_v1/Yunfei/Movement/13.wav,Yunfei/Movement/13.wav,movement,0.99609375,0.0,0.99609375,0.0,"[-128, 127, -128]",True,,,,0.17100002150982618,1.3275410747155547,0.7097090128809214,2.215874963440001
927,Yunfei,movement,unavailable_in_sd_path,14,/Users/zilongzeng/Research/DroneControl/user_study_v1/Yunfei/Movement/14.wav,Yunfei/Movement/14.wav,unknown,0.99609375,0.0,0.0,0.99609375,"[-128, -128, 127]",False,,,,0.09624997619539499,1.4610419748350978,0.6013750098645687,2.1668749395757914
928,Yunfei,movement,unavailable_in_sd_path,15,/Users/zilongzeng/Research/DroneControl/user_study_v1/Yunfei/Movement/15.wav,Yunfei/Movement/15.wav,emergency,0.76953125,0.76953125,0.23046875,0.0,"[69, -69, -128]",False,,,,0.09491597302258015,1.2770419707521796,0.7142500253394246,2.0926250144839287
929,Yunfei,movement,unavailable_in_sd_path,16,/Users/zilongzeng/Research/DroneControl/user_study_v1/Yunfei/Movement/16.wav,Yunfei/Movement/16.wav,movement,0.99609375,0.0,0.99609375,0.0,"[-128, 127, -128]",True,,,,0.20679202862083912,1.33816699963063,0.7290840148925781,2.2813749965280294
930,Yunfei,movement,unavailable_in_sd_path,17,/Users/zilongzeng/Research/DroneControl/user_study_v1/Yunfei/Movement/17.wav,Yunfei/Movement/17.wav,movement,0.99609375,0.0,0.99609375,0.0,"[-128, 127, -128]",True,,,,0.225124997086823,1.3245829613879323,0.6709579611197114,2.226833952590823
931,Yunfei,movement,unavailable_in_sd_path,18,/Users/zilongzeng/Research/DroneControl/user_study_v1/Yunfei/Movement/18.wav,Yunfei/Movement/18.wav,movement,0.99609375,0.0,0.99609375,0.0,"[-128, 127, -128]",True,,,,0.19658298697322607,1.2960409512743354,0.7071250583976507,2.2059170296415687
932,Yunfei,movement,unavailable_in_sd_path,19,/Users/zilongzeng/Research/DroneControl/user_study_v1/Yunfei/Movement/19.wav,Yunfei/Movement/19.wav,movement,0.99609375,0.0,0.99609375,0.0,"[-128, 127, -128]",True,,,,0.2003329573199153,1.281708013266325,0.7174999918788671,2.2052499698475003
933,Yunfei,movement,unavailable_in_sd_path,20,/Users/zilongzeng/Research/DroneControl/user_study_v1/Yunfei/Movement/20.wav,Yunfei/Movement/20.wav,movement,0.99609375,0.0,0.99609375,0.0,"[-128, 127, -128]",True,,,,0.07133407052606344,1.2952920515090227,0.717374961823225,2.0911250030621886
934,Yunfei,movement,unavailable_in_sd_path,21,/Users/zilongzeng/Research/DroneControl/user_study_v1/Yunfei/Movement/21.wav,Yunfei/Movement/21.wav,unknown,0.99609375,0.0,0.0,0.99609375,"[-128, -128, 127]",False,,,,0.09854196105152369,1.3057909673079848,0.6833749357610941,2.09333305247128
935,Yunfei,movement,unavailable_in_sd_path,22,/Users/zilongzeng/Research/DroneControl/user_study_v1/Yunfei/Movement/22.wav,Yunfei/Movement/22.wav,movement,0.99609375,0.00390625,0.99609375,0.0,"[-127, 127, -128]",True,,,,0.07116701453924179,1.364207942970097,0.689874985255301,2.1312079625204206
936,Yunfei,movement,unavailable_in_sd_path,23,/Users/zilongzeng/Research/DroneControl/user_study_v1/Yunfei/Movement/23.wav,Yunfei/Movement/23.wav,movement,0.99609375,0.0,0.99609375,0.0,"[-128, 127, -128]",True,,,,0.07841701153665781,1.235084026120603,0.7107079727575183,2.0301250042393804
937,Yunfei,movement,unavailable_in_sd_path,24,/Users/zilongzeng/Research/DroneControl/user_study_v1/Yunfei/Movement/24.wav,Yunfei/Movement/24.wav,movement,0.99609375,0.0,0.99609375,0.0,"[-128, 127, -128]",True,,,,0.07800001185387373,1.5037920093163848,0.6352500058710575,2.225999953225255
938,Yunfei,movement,unavailable_in_sd_path,25,/Users/zilongzeng/Research/DroneControl/user_study_v1/Yunfei/Movement/25.wav,Yunfei/Movement/25.wav,movement,0.99609375,0.0,0.99609375,0.0,"[-128, 127, -128]",True,,,,0.14674989506602287,1.3340830337256193,0.6010419456288218,2.089667017571628
939,Yunfei,movement,unavailable_in_sd_path,26,/Users/zilongzeng/Research/DroneControl/user_study_v1/Yunfei/Movement/26.wav,Yunfei/Movement/26.wav,movement,0.99609375,0.0,0.99609375,0.0,"[-128, 127, -128]",True,,,,0.0827079638838768,1.269000000320375,0.6830419879406691,2.042124979197979
940,Yunfei,movement,unavailable_in_sd_path,27,/Users/zilongzeng/Research/DroneControl/user_study_v1/Yunfei/Movement/27.wav,Yunfei/Movement/27.wav,movement,0.99609375,0.0,0.99609375,0.0,"[-128, 127, -128]",True,,,,0.0979589531198144,1.3258750550448895,0.706541002728045,2.1362080005928874
941,Yunfei,movement,unavailable_in_sd_path,28,/Users/zilongzeng/Research/DroneControl/user_study_v1/Yunfei/Movement/28.wav,Yunfei/Movement/28.wav,unknown,0.99609375,0.0,0.0,0.99609375,"[-128, -128, 127]",False,,,,0.21837488748133183,1.5192499849945307,0.6552080158144236,2.402791054919362
942,Yunfei,movement,unavailable_in_sd_path,29,/Users/zilongzeng/Research/DroneControl/user_study_v1/Yunfei/Movement/29.wav,Yunfei/Movement/29.wav,movement,0.99609375,0.0,0.99609375,0.0,"[-128, 127, -128]",True,,,,0.32970798201859,1.2688339920714498,0.7067079422995448,2.3133750073611736
943,Yunfei,movement,unavailable_in_sd_path,30,/Users/zilongzeng/Research/DroneControl/user_study_v1/Yunfei/Movement/30.wav,Yunfei/Movement/30.wav,movement,0.98046875,0.015625,0.98046875,0.0,"[-124, 123, -128]",True,,,,0.09129208046942949,1.322166994214058,0.6822498980909586,2.102291095070541
944,Yunfei,movement,unavailable_in_sd_path,31,/Users/zilongzeng/Research/DroneControl/user_study_v1/Yunfei/Movement/31.wav,Yunfei/Movement/31.wav,unknown,0.9453125,0.0,0.0546875,0.9453125,"[-128, -114, 114]",False,,,,0.106374965980649,1.2774169445037842,0.7247499888762832,2.115457900799811
945,Yunfei,movement,unavailable_in_sd_path,32,/Users/zilongzeng/Research/DroneControl/user_study_v1/Yunfei/Movement/32.wav,Yunfei/Movement/32.wav,movement,0.99609375,0.0,0.99609375,0.0,"[-128, 127, -128]",True,,,,0.08433300536125898,1.4571250649169087,0.689874985255301,2.237041015177965
946,Yunfei,movement,unavailable_in_sd_path,33,/Users/zilongzeng/Research/DroneControl/user_study_v1/Yunfei/Movement/33.wav,Yunfei/Movement/33.wav,movement,0.99609375,0.0,0.99609375,0.0,"[-128, 127, -128]",True,,,,0.07583305705338717,1.2692079180851579,0.7078329799696803,2.0935829961672425
947,Yunfei,movement,unavailable_in_sd_path,34,/Users/zilongzeng/Research/DroneControl/user_study_v1/Yunfei/Movement/34.wav,Yunfei/Movement/34.wav,movement,0.99609375,0.0,0.99609375,0.0,"[-128, 127, -128]",True,,,,0.14712510164827108,1.293000066652894,0.6997919408604503,2.1476660622283816
948,Yunfei,movement,unavailable_in_sd_path,35,/Users/zilongzeng/Research/DroneControl/user_study_v1/Yunfei/Movement/35.wav,Yunfei/Movement/35.wav,movement,0.99609375,0.0,0.99609375,0.0,"[-128, 127, -128]",True,,,,0.23500004317611456,1.2372919591143727,0.7254170486703515,2.204833901487291
949,Yunfei,movement,unavailable_in_sd_path,36,/Users/zilongzeng/Research/DroneControl/user_study_v1/Yunfei/Movement/36.wav,Yunfei/Movement/36.wav,unknown,0.76953125,0.0,0.23046875,0.76953125,"[-128, -69, 69]",False,,,,0.286333030089736,1.2958329170942307,0.6799580296501517,2.2683339193463326
950,Yunfei,movement,unavailable_in_sd_path,37,/Users/zilongzeng/Research/DroneControl/user_study_v1/Yunfei/Movement/37.wav,Yunfei/Movement/37.wav,movement,0.99609375,0.0,0.99609375,0.0,"[-128, 127, -128]",True,,,,0.20524999126791954,1.3392079854384065,0.698292045854032,2.248415956273675
951,Yunfei,movement,unavailable_in_sd_path,38,/Users/zilongzeng/Research/DroneControl/user_study_v1/Yunfei/Movement/38.wav,Yunfei/Movement/38.wav,movement,0.99609375,0.0,0.99609375,0.0,"[-128, 127, -128]",True,,,,0.25404198095202446,1.2644999660551548,0.7022080244496465,2.226665965281427
952,Yunfei,movement,unavailable_in_sd_path,39,/Users/zilongzeng/Research/DroneControl/user_study_v1/Yunfei/Movement/39.wav,Yunfei/Movement/39.wav,movement,0.99609375,0.0,0.99609375,0.0,"[-128, 127, -128]",True,,,,0.07520802319049835,1.3567910064011812,0.7269999478012323,2.1654999582096934
953,Yunfei,movement,unavailable_in_sd_path,40,/Users/zilongzeng/Research/DroneControl/user_study_v1/Yunfei/Movement/40.wav,Yunfei/Movement/40.wav,movement,0.99609375,0.0,0.99609375,0.0,"[-128, 127, -128]",True,,,,0.0854170648381114,1.2762079713866115,0.6834999658167362,2.050209091976285
954,Yunfei,movement,unavailable_in_sd_path,41,/Users/zilongzeng/Research/DroneControl/user_study_v1/Yunfei/Movement/41.wav,Yunfei/Movement/41.wav,movement,0.99609375,0.0,0.99609375,0.0,"[-128, 127, -128]",True,,,,0.062415958382189274,1.4799999771639705,0.692125060595572,2.240500063635409
955,Yunfei,movement,unavailable_in_sd_path,42,/Users/zilongzeng/Research/DroneControl/user_study_v1/Yunfei/Movement/42.wav,Yunfei/Movement/42.wav,unknown,0.99609375,0.0,0.0,0.99609375,"[-128, -128, 127]",False,,,,0.21795800421386957,1.3011250412091613,0.708000035956502,2.233166014775634
956,Yunfei,movement,unavailable_in_sd_path,43,/Users/zilongzeng/Research/DroneControl/user_study_v1/Yunfei/Movement/43.wav,Yunfei/Movement/43.wav,unknown,0.99609375,0.0,0.0,0.99609375,"[-128, -128, 127]",False,,,,0.21354202181100845,1.3514169258996844,0.7012080168351531,2.2723330184817314
957,Yunfei,movement,unavailable_in_sd_path,44,/Users/zilongzeng/Research/DroneControl/user_study_v1/Yunfei/Movement/44.wav,Yunfei/Movement/44.wav,movement,0.99609375,0.0,0.99609375,0.0,"[-128, 127, -128]",True,,,,0.22849999368190765,1.2952079996466637,0.6888750940561295,2.2182499524205923
958,Yunfei,movement,unavailable_in_sd_path,45,/Users/zilongzeng/Research/DroneControl/user_study_v1/Yunfei/Movement/45.wav,Yunfei/Movement/45.wav,movement,0.99609375,0.0,0.99609375,0.0,"[-128, 127, -128]",True,,,,0.06545800715684891,1.4607920311391354,0.6420410936698318,2.1778750233352184
959,Yunfei,movement,unavailable_in_sd_path,46,/Users/zilongzeng/Research/DroneControl/user_study_v1/Yunfei/Movement/46.wav,Yunfei/Movement/46.wav,movement,0.99609375,0.0,0.99609375,0.0,"[-128, 127, -128]",True,,,,0.34404092002660036,1.338208094239235,0.7062910590320826,2.395916962996125
960,Yunfei,movement,unavailable_in_sd_path,47,/Users/zilongzeng/Research/DroneControl/user_study_v1/Yunfei/Movement/47.wav,Yunfei/Movement/47.wav,movement,0.99609375,0.0,0.99609375,0.0,"[-128, 127, -128]",True,,,,0.26000000070780516,1.3719999697059393,0.6779169198125601,2.314917044714093
961,Yunfei,movement,unavailable_in_sd_path,48,/Users/zilongzeng/Research/DroneControl/user_study_v1/Yunfei/Movement/48.wav,Yunfei/Movement/48.wav,unknown,0.99609375,0.0,0.0,0.99609375,"[-128, -128, 127]",False,,,,0.0689580338075757,1.429000054486096,0.6465419428423047,2.153333043679595
962,Yunfei,movement,unavailable_in_sd_path,49,/Users/zilongzeng/Research/DroneControl/user_study_v1/Yunfei/Movement/49.wav,Yunfei/Movement/49.wav,movement,0.99609375,0.0,0.99609375,0.0,"[-128, 127, -128]",True,,,,0.2733749570325017,1.2574580032378435,0.7260829443112016,2.264832961373031
963,Yunfei,unknown,unavailable_in_sd_path,0,/Users/zilongzeng/Research/DroneControl/user_study_v1/Yunfei/Unknown/0.wav,Yunfei/Unknown/0.wav,unknown,0.99609375,0.0,0.0,0.99609375,"[-128, -128, 127]",True,,,,0.23358408361673355,1.3042499776929617,0.6998749449849129,2.243999973870814
964,Yunfei,unknown,unavailable_in_sd_path,1,/Users/zilongzeng/Research/DroneControl/user_study_v1/Yunfei/Unknown/1.wav,Yunfei/Unknown/1.wav,unknown,0.99609375,0.0,0.0,0.99609375,"[-128, -128, 127]",True,,,,0.09629200212657452,1.307375030592084,0.6737089715898037,2.083167084492743
965,Yunfei,unknown,unavailable_in_sd_path,2,/Users/zilongzeng/Research/DroneControl/user_study_v1/Yunfei/Unknown/2.wav,Yunfei/Unknown/2.wav,unknown,0.99609375,0.0,0.0,0.99609375,"[-128, -128, 127]",True,,,,0.07670908235013485,1.405749935656786,0.6867500487715006,2.174625056795776
966,Yunfei,unknown,unavailable_in_sd_path,3,/Users/zilongzeng/Research/DroneControl/user_study_v1/Yunfei/Unknown/3.wav,Yunfei/Unknown/3.wav,unknown,0.99609375,0.0,0.0,0.99609375,"[-128, -128, 127]",True,,,,0.07066689431667328,1.250250032171607,0.7113340543583035,2.037915983237326
967,Yunfei,unknown,unavailable_in_sd_path,4,/Users/zilongzeng/Research/DroneControl/user_study_v1/Yunfei/Unknown/4.wav,Yunfei/Unknown/4.wav,unknown,0.99609375,0.0,0.0,0.99609375,"[-128, -128, 127]",True,,,,0.06912497337907553,1.4016249915584922,0.6983749335631728,2.176749985665083
968,Yunfei,unknown,unavailable_in_sd_path,5,/Users/zilongzeng/Research/DroneControl/user_study_v1/Yunfei/Unknown/5.wav,Yunfei/Unknown/5.wav,unknown,0.99609375,0.0,0.0,0.99609375,"[-128, -128, 127]",True,,,,0.08954200893640518,1.28166691865772,0.6779159884899855,2.0545409061014652
969,Yunfei,unknown,unavailable_in_sd_path,6,/Users/zilongzeng/Research/DroneControl/user_study_v1/Yunfei/Unknown/6.wav,Yunfei/Unknown/6.wav,unknown,0.99609375,0.0,0.0,0.99609375,"[-128, -128, 127]",True,,,,0.07012509740889072,1.2908329954370856,0.7018750766292214,2.0684589399024844
970,Yunfei,unknown,unavailable_in_sd_path,7,/Users/zilongzeng/Research/DroneControl/user_study_v1/Yunfei/Unknown/7.wav,Yunfei/Unknown/7.wav,unknown,0.99609375,0.0,0.0,0.99609375,"[-128, -128, 127]",True,,,,0.07108401041477919,1.222957973368466,0.7044579833745956,2.0041249226778746
971,Yunfei,unknown,unavailable_in_sd_path,8,/Users/zilongzeng/Research/DroneControl/user_study_v1/Yunfei/Unknown/8.wav,Yunfei/Unknown/8.wav,unknown,0.99609375,0.0,0.0,0.99609375,"[-128, -128, 127]",True,,,,0.06737501826137304,1.3414169661700726,0.7080419454723597,2.123667043633759
972,Yunfei,unknown,unavailable_in_sd_path,9,/Users/zilongzeng/Research/DroneControl/user_study_v1/Yunfei/Unknown/9.wav,Yunfei/Unknown/9.wav,unknown,0.99609375,0.0,0.0,0.99609375,"[-128, -128, 127]",True,,,,0.08262507617473602,1.2370420154184103,0.6829170743003488,2.0078750094398856
973,Yunfei,unknown,unavailable_in_sd_path,10,/Users/zilongzeng/Research/DroneControl/user_study_v1/Yunfei/Unknown/10.wav,Yunfei/Unknown/10.wav,unknown,0.99609375,0.0,0.0,0.99609375,"[-128, -128, 127]",True,,,,0.06641692016273737,1.4961670385673642,0.6745420396327972,2.2442499175667763
974,Yunfei,unknown,unavailable_in_sd_path,11,/Users/zilongzeng/Research/DroneControl/user_study_v1/Yunfei/Unknown/11.wav,Yunfei/Unknown/11.wav,unknown,0.99609375,0.0,0.0,0.99609375,"[-128, -128, 127]",True,,,,0.08429097943007946,1.3047079555690289,0.7131249876692891,2.1086250199005008
975,Yunfei,unknown,unavailable_in_sd_path,12,/Users/zilongzeng/Research/DroneControl/user_study_v1/Yunfei/Unknown/12.wav,Yunfei/Unknown/12.wav,unknown,0.99609375,0.0,0.0,0.99609375,"[-128, -128, 127]",True,,,,0.07262500002980232,1.4099590480327606,0.6456660339608788,2.1751249441877007
976,Yunfei,unknown,unavailable_in_sd_path,13,/Users/zilongzeng/Research/DroneControl/user_study_v1/Yunfei/Unknown/13.wav,Yunfei/Unknown/13.wav,unknown,0.99609375,0.0,0.0,0.99609375,"[-128, -128, 127]",True,,,,0.07491710130125284,1.2622089125216007,0.6879169959574938,2.0307910162955523
977,Yunfei,unknown,unavailable_in_sd_path,14,/Users/zilongzeng/Research/DroneControl/user_study_v1/Yunfei/Unknown/14.wav,Yunfei/Unknown/14.wav,unknown,0.99609375,0.0,0.0,0.99609375,"[-128, -128, 127]",True,,,,0.27191697154194117,1.4158330159261823,0.6740409880876541,2.3676669225096703
978,Yunfei,unknown,unavailable_in_sd_path,15,/Users/zilongzeng/Research/DroneControl/user_study_v1/Yunfei/Unknown/15.wav,Yunfei/Unknown/15.wav,unknown,0.99609375,0.0,0.0,0.99609375,"[-128, -128, 127]",True,,,,0.22433395497500896,1.3373340480029583,0.7142920512706041,2.2821250604465604
979,Yunfei,unknown,unavailable_in_sd_path,16,/Users/zilongzeng/Research/DroneControl/user_study_v1/Yunfei/Unknown/16.wav,Yunfei/Unknown/16.wav,unknown,0.99609375,0.0,0.0,0.99609375,"[-128, -128, 127]",True,,,,0.2099579432979226,1.4147079782560468,0.6935829296708107,2.3258329601958394
980,Yunfei,unknown,unavailable_in_sd_path,17,/Users/zilongzeng/Research/DroneControl/user_study_v1/Yunfei/Unknown/17.wav,Yunfei/Unknown/17.wav,unknown,0.99609375,0.0,0.0,0.99609375,"[-128, -128, 127]",True,,,,0.18616695888340473,1.2563340133056045,0.7522079395130277,2.202000003308058
981,Yunfei,unknown,unavailable_in_sd_path,18,/Users/zilongzeng/Research/DroneControl/user_study_v1/Yunfei/Unknown/18.wav,Yunfei/Unknown/18.wav,unknown,0.99609375,0.0,0.0,0.99609375,"[-128, -128, 127]",True,,,,0.06729201413691044,1.266874955035746,0.6807909812778234,2.0196670666337013
982,Yunfei,unknown,unavailable_in_sd_path,19,/Users/zilongzeng/Research/DroneControl/user_study_v1/Yunfei/Unknown/19.wav,Yunfei/Unknown/19.wav,unknown,0.99609375,0.0,0.0,0.99609375,"[-128, -128, 127]",True,,,,0.0664170365780592,1.3201250694692135,0.71237504016608,2.1053750533610582
983,Yunfei,unknown,unavailable_in_sd_path,20,/Users/zilongzeng/Research/DroneControl/user_study_v1/Yunfei/Unknown/20.wav,Yunfei/Unknown/20.wav,unknown,0.99609375,0.0,0.0,0.99609375,"[-128, -128, 127]",True,,,,0.08320808410644531,1.3012080453336239,0.7038329495117068,2.0934169879183173
984,Yunfei,unknown,unavailable_in_sd_path,21,/Users/zilongzeng/Research/DroneControl/user_study_v1/Yunfei/Unknown/21.wav,Yunfei/Unknown/21.wav,unknown,0.99609375,0.0,0.0,0.99609375,"[-128, -128, 127]",True,,,,0.06049999501556158,1.2842080323025584,0.7466659881174564,2.0982499700039625
985,Yunfei,unknown,unavailable_in_sd_path,22,/Users/zilongzeng/Research/DroneControl/user_study_v1/Yunfei/Unknown/22.wav,Yunfei/Unknown/22.wav,unknown,0.99609375,0.0,0.0,0.99609375,"[-128, -128, 127]",True,,,,0.21295901387929916,1.2674579629674554,0.6885419134050608,2.1739579970017076
986,Yunfei,unknown,unavailable_in_sd_path,23,/Users/zilongzeng/Research/DroneControl/user_study_v1/Yunfei/Unknown/23.wav,Yunfei/Unknown/23.wav,unknown,0.99609375,0.0,0.0,0.99609375,"[-128, -128, 127]",True,,,,0.21533307153731585,1.479000085964799,0.6322920089587569,2.335375058464706
987,Yunfei,unknown,unavailable_in_sd_path,24,/Users/zilongzeng/Research/DroneControl/user_study_v1/Yunfei/Unknown/24.wav,Yunfei/Unknown/24.wav,unknown,0.99609375,0.0,0.0,0.99609375,"[-128, -128, 127]",True,,,,0.14216708950698376,1.3042089994996786,0.7177080260589719,2.171291969716549
988,Yunfei,unknown,unavailable_in_sd_path,25,/Users/zilongzeng/Research/DroneControl/user_study_v1/Yunfei/Unknown/25.wav,Yunfei/Unknown/25.wav,unknown,0.99609375,0.0,0.0,0.99609375,"[-128, -128, 127]",True,,,,0.07808406371623278,1.227458007633686,0.7419169414788485,2.054625074379146
989,Yunfei,unknown,unavailable_in_sd_path,26,/Users/zilongzeng/Research/DroneControl/user_study_v1/Yunfei/Unknown/26.wav,Yunfei/Unknown/26.wav,unknown,0.99609375,0.0,0.0,0.99609375,"[-128, -128, 127]",True,,,,0.08045905269682407,1.2859170092269778,0.7146659772843122,2.086708089336753
990,Yunfei,unknown,unavailable_in_sd_path,27,/Users/zilongzeng/Research/DroneControl/user_study_v1/Yunfei/Unknown/27.wav,Yunfei/Unknown/27.wav,unknown,0.99609375,0.0,0.0,0.99609375,"[-128, -128, 127]",True,,,,0.06620807107537985,1.2905000476166606,0.7197919767349958,2.0825000246986747
991,Yunfei,unknown,unavailable_in_sd_path,28,/Users/zilongzeng/Research/DroneControl/user_study_v1/Yunfei/Unknown/28.wav,Yunfei/Unknown/28.wav,unknown,0.99609375,0.0,0.0,0.99609375,"[-128, -128, 127]",True,,,,0.09720900561660528,1.2854590313509107,0.7170420140028,2.105124993249774
992,Yunfei,unknown,unavailable_in_sd_path,29,/Users/zilongzeng/Research/DroneControl/user_study_v1/Yunfei/Unknown/29.wav,Yunfei/Unknown/29.wav,unknown,0.99609375,0.0,0.0,0.99609375,"[-128, -128, 127]",True,,,,0.07850001566112041,1.4025410637259483,0.711832894012332,2.198833040893078
993,Yunfei,unknown,unavailable_in_sd_path,30,/Users/zilongzeng/Research/DroneControl/user_study_v1/Yunfei/Unknown/30.wav,Yunfei/Unknown/30.wav,unknown,0.99609375,0.0,0.0,0.99609375,"[-128, -128, 127]",True,,,,0.07887498941272497,1.2952920515090227,0.7091659354045987,2.0890410523861647
994,Yunfei,unknown,unavailable_in_sd_path,31,/Users/zilongzeng/Research/DroneControl/user_study_v1/Yunfei/Unknown/31.wav,Yunfei/Unknown/31.wav,unknown,0.99609375,0.0,0.0,0.99609375,"[-128, -128, 127]",True,,,,0.07087492849677801,1.3972920132800937,0.6297080544754863,2.1072920644655824
995,Yunfei,unknown,unavailable_in_sd_path,32,/Users/zilongzeng/Research/DroneControl/user_study_v1/Yunfei/Unknown/32.wav,Yunfei/Unknown/32.wav,movement,0.984375,0.0,0.984375,0.015625,"[-128, 124, -124]",False,,,,0.16191694885492325,1.3980829389765859,0.6890420336276293,2.2562500089406967
996,Yunfei,unknown,unavailable_in_sd_path,33,/Users/zilongzeng/Research/DroneControl/user_study_v1/Yunfei/Unknown/33.wav,Yunfei/Unknown/33.wav,movement,0.99609375,0.0,0.99609375,0.0,"[-128, 127, -128]",False,,,,0.09558303281664848,1.3126250123605132,0.6852499209344387,2.0994580117985606
997,Yunfei,unknown,unavailable_in_sd_path,34,/Users/zilongzeng/Research/DroneControl/user_study_v1/Yunfei/Unknown/34.wav,Yunfei/Unknown/34.wav,unknown,0.99609375,0.0,0.0,0.99609375,"[-128, -128, 127]",True,,,,0.07241696584969759,1.3165000127628446,0.712999957613647,2.1074999822303653
998,Yunfei,unknown,unavailable_in_sd_path,35,/Users/zilongzeng/Research/DroneControl/user_study_v1/Yunfei/Unknown/35.wav,Yunfei/Unknown/35.wav,unknown,0.99609375,0.0,0.0,0.99609375,"[-128, -128, 127]",True,,,,0.0730419997125864,1.2723749969154596,0.7055420428514481,2.057165955193341
999,Yunfei,unknown,unavailable_in_sd_path,36,/Users/zilongzeng/Research/DroneControl/user_study_v1/Yunfei/Unknown/36.wav,Yunfei/Unknown/36.wav,unknown,0.99609375,0.0,0.0,0.99609375,"[-128, -128, 127]",True,,,,0.08808297570794821,1.4222079189494252,0.6373340729624033,2.1577919833362103
1000,Yunfei,unknown,unavailable_in_sd_path,37,/Users/zilongzeng/Research/DroneControl/user_study_v1/Yunfei/Unknown/37.wav,Yunfei/Unknown/37.wav,unknown,0.99609375,0.0,0.0,0.99609375,"[-128, -128, 127]",True,,,,0.2069160109385848,1.396792009472847,0.7030420238152146,2.3133750073611736
1001,Yunfei,unknown,unavailable_in_sd_path,38,/Users/zilongzeng/Research/DroneControl/user_study_v1/Yunfei/Unknown/38.wav,Yunfei/Unknown/38.wav,unknown,0.99609375,0.0,0.0,0.99609375,"[-128, -128, 127]",True,,,,0.08816702757030725,1.2382910354062915,0.7050409913063049,2.038207952864468
1002,Yunfei,unknown,unavailable_in_sd_path,39,/Users/zilongzeng/Research/DroneControl/user_study_v1/Yunfei/Unknown/39.wav,Yunfei/Unknown/39.wav,unknown,0.99609375,0.0,0.0,0.99609375,"[-128, -128, 127]",True,,,,0.08154194802045822,1.3507080730050802,0.7186660077422857,2.156832953915
1003,Yunfei,unknown,unavailable_in_sd_path,40,/Users/zilongzeng/Research/DroneControl/user_study_v1/Yunfei/Unknown/40.wav,Yunfei/Unknown/40.wav,unknown,0.99609375,0.0,0.0,0.99609375,"[-128, -128, 127]",True,,,,0.2098330296576023,1.332624931819737,0.6949170492589474,2.243167022243142
1004,Yunfei,unknown,unavailable_in_sd_path,41,/Users/zilongzeng/Research/DroneControl/user_study_v1/Yunfei/Unknown/41.wav,Yunfei/Unknown/41.wav,unknown,0.64453125,0.0,0.3515625,0.64453125,"[-128, -38, 37]",True,,,,0.18024991732090712,1.4652920654043555,0.687708961777389,2.3389169946312904
1005,Yunfei,unknown,unavailable_in_sd_path,42,/Users/zilongzeng/Research/DroneControl/user_study_v1/Yunfei/Unknown/42.wav,Yunfei/Unknown/42.wav,unknown,0.99609375,0.0,0.0,0.99609375,"[-128, -128, 127]",True,,,,0.21487497724592686,1.2614160077646375,0.7251249626278877,2.2072920110076666
1006,Yunfei,unknown,unavailable_in_sd_path,43,/Users/zilongzeng/Research/DroneControl/user_study_v1/Yunfei/Unknown/43.wav,Yunfei/Unknown/43.wav,unknown,0.99609375,0.0,0.0,0.99609375,"[-128, -128, 127]",True,,,,0.2007919829338789,1.2373749632388353,0.6968330126255751,2.1411669440567493
1007,Yunfei,unknown,unavailable_in_sd_path,44,/Users/zilongzeng/Research/DroneControl/user_study_v1/Yunfei/Unknown/44.wav,Yunfei/Unknown/44.wav,unknown,0.99609375,0.0,0.0,0.99609375,"[-128, -128, 127]",True,,,,0.17920800019055605,1.244415994733572,0.7963749812915921,2.261540968902409
1008,Yunfei,unknown,unavailable_in_sd_path,45,/Users/zilongzeng/Research/DroneControl/user_study_v1/Yunfei/Unknown/45.wav,Yunfei/Unknown/45.wav,unknown,0.99609375,0.0,0.0,0.99609375,"[-128, -128, 127]",True,,,,0.2781660296022892,1.3985420810058713,0.6968749221414328,2.3804580559954047
1009,Yunfei,unknown,unavailable_in_sd_path,46,/Users/zilongzeng/Research/DroneControl/user_study_v1/Yunfei/Unknown/46.wav,Yunfei/Unknown/46.wav,unknown,0.99609375,0.0,0.0,0.99609375,"[-128, -128, 127]",True,,,,0.21879107225686312,1.3065830571576953,0.7109579164534807,2.243249909952283
1010,Yunfei,unknown,unavailable_in_sd_path,47,/Users/zilongzeng/Research/DroneControl/user_study_v1/Yunfei/Unknown/47.wav,Yunfei/Unknown/47.wav,movement,0.96875,0.0,0.96875,0.03125,"[-128, 120, -120]",False,,,,0.1841250341385603,1.2954999692738056,0.7040830096229911,2.1892499644309282
1011,Yunfei,unknown,unavailable_in_sd_path,48,/Users/zilongzeng/Research/DroneControl/user_study_v1/Yunfei/Unknown/48.wav,Yunfei/Unknown/48.wav,unknown,0.99609375,0.0,0.0,0.99609375,"[-128, -128, 127]",True,,,,0.25308295153081417,1.25195796135813,0.6766669685021043,2.187624922953546
1012,Yunfei,unknown,unavailable_in_sd_path,49,/Users/zilongzeng/Research/DroneControl/user_study_v1/Yunfei/Unknown/49.wav,Yunfei/Unknown/49.wav,unknown,0.99609375,0.0,0.0,0.99609375,"[-128, -128, 127]",True,,,,0.0724999699741602,1.2595830485224724,0.7021670462563634,2.0402499940246344
1013,Zhejia,emergency,unavailable_in_sd_path,0,/Users/zilongzeng/Research/DroneControl/user_study_v1/Zhejia/Emergency/0.wav,Zhejia/Emergency/0.wav,movement,0.76953125,0.23046875,0.76953125,0.0,"[-69, 69, -128]",False,,,,0.06979203317314386,1.2755830539390445,0.7055829046294093,2.0572079811245203
1014,Zhejia,emergency,unavailable_in_sd_path,1,/Users/zilongzeng/Research/DroneControl/user_study_v1/Zhejia/Emergency/1.wav,Zhejia/Emergency/1.wav,emergency,0.99609375,0.99609375,0.0,0.0,"[127, -128, -128]",True,,,,0.0827079638838768,1.3535419711843133,0.7033339934423566,2.1451670909300447
1015,Zhejia,emergency,unavailable_in_sd_path,2,/Users/zilongzeng/Research/DroneControl/user_study_v1/Zhejia/Emergency/2.wav,Zhejia/Emergency/2.wav,emergency,0.99609375,0.99609375,0.0,0.0,"[127, -128, -128]",True,,,,0.07208297029137611,1.439542043954134,0.6713750772178173,2.188791986554861
1016,Zhejia,emergency,unavailable_in_sd_path,3,/Users/zilongzeng/Research/DroneControl/user_study_v1/Zhejia/Emergency/3.wav,Zhejia/Emergency/3.wav,emergency,0.99609375,0.99609375,0.0,0.0,"[127, -128, -128]",True,,,,0.07708393968641758,1.2544579803943634,0.7062499644234776,2.0435829646885395
1017,Zhejia,emergency,unavailable_in_sd_path,4,/Users/zilongzeng/Research/DroneControl/user_study_v1/Zhejia/Emergency/4.wav,Zhejia/Emergency/4.wav,emergency,0.99609375,0.99609375,0.0,0.0,"[127, -128, -128]",True,,,,0.06870797369629145,1.454083016142249,0.6405831081792712,2.1725420374423265
1018,Zhejia,emergency,unavailable_in_sd_path,5,/Users/zilongzeng/Research/DroneControl/user_study_v1/Zhejia/Emergency/5.wav,Zhejia/Emergency/5.wav,emergency,0.99609375,0.99609375,0.0,0.0,"[127, -128, -128]",True,,,,0.29624998569488525,1.423583016730845,0.5954579683020711,2.323333057574928
1019,Zhejia,emergency,unavailable_in_sd_path,6,/Users/zilongzeng/Research/DroneControl/user_study_v1/Zhejia/Emergency/6.wav,Zhejia/Emergency/6.wav,emergency,0.99609375,0.99609375,0.0,0.0,"[127, -128, -128]",True,,,,0.12616696767508984,1.341416034847498,0.7078329799696803,2.1810410544276237
1020,Zhejia,emergency,unavailable_in_sd_path,7,/Users/zilongzeng/Research/DroneControl/user_study_v1/Zhejia/Emergency/7.wav,Zhejia/Emergency/7.wav,emergency,0.99609375,0.99609375,0.0,0.0,"[127, -128, -128]",True,,,,0.07829093374311924,1.2322079855948687,0.7153750630095601,2.032125019468367
1021,Zhejia,emergency,unavailable_in_sd_path,8,/Users/zilongzeng/Research/DroneControl/user_study_v1/Zhejia/Emergency/8.wav,Zhejia/Emergency/8.wav,emergency,0.99609375,0.99609375,0.0,0.0,"[127, -128, -128]",True,,,,0.0670839799568057,1.2633750448003411,0.7156669162213802,2.0525420550256968
1022,Zhejia,emergency,unavailable_in_sd_path,9,/Users/zilongzeng/Research/DroneControl/user_study_v1/Zhejia/Emergency/9.wav,Zhejia/Emergency/9.wav,emergency,0.99609375,0.99609375,0.0,0.0,"[127, -128, -128]",True,,,,0.07783400360494852,1.3233330100774765,0.6991670234128833,2.1072080126032233
1023,Zhejia,emergency,unavailable_in_sd_path,10,/Users/zilongzeng/Research/DroneControl/user_study_v1/Zhejia/Emergency/10.wav,Zhejia/Emergency/10.wav,emergency,0.99609375,0.99609375,0.0,0.0,"[127, -128, -128]",True,,,,0.2164168981835246,1.3189170276746154,0.6743329577147961,2.216041903011501
1024,Zhejia,emergency,unavailable_in_sd_path,11,/Users/zilongzeng/Research/DroneControl/user_study_v1/Zhejia/Emergency/11.wav,Zhejia/Emergency/11.wav,emergency,0.9921875,0.9921875,0.0078125,0.0,"[126, -126, -128]",True,,,,0.20458304788917303,1.3253750512376428,0.719625037163496,2.255624975077808
1025,Zhejia,emergency,unavailable_in_sd_path,12,/Users/zilongzeng/Research/DroneControl/user_study_v1/Zhejia/Emergency/12.wav,Zhejia/Emergency/12.wav,emergency,0.99609375,0.99609375,0.0,0.0,"[127, -128, -128]",True,,,,0.17262494657188654,1.3036250602453947,0.6956660654395819,2.177792019210756
1026,Zhejia,emergency,unavailable_in_sd_path,13,/Users/zilongzeng/Research/DroneControl/user_study_v1/Zhejia/Emergency/13.wav,Zhejia/Emergency/13.wav,movement,0.9453125,0.0390625,0.9453125,0.015625,"[-118, 114, -124]",False,,,,0.18904195167124271,1.3485410017892718,0.6310000317171216,2.1777499932795763
1027,Zhejia,emergency,unavailable_in_sd_path,14,/Users/zilongzeng/Research/DroneControl/user_study_v1/Zhejia/Emergency/14.wav,Zhejia/Emergency/14.wav,emergency,0.99609375,0.99609375,0.0,0.0,"[127, -128, -128]",True,,,,0.24587498046457767,1.312167034484446,0.6982911145314574,2.2624999983236194
1028,Zhejia,emergency,unavailable_in_sd_path,15,/Users/zilongzeng/Research/DroneControl/user_study_v1/Zhejia/Emergency/15.wav,Zhejia/Emergency/15.wav,movement,0.99609375,0.0,0.99609375,0.0,"[-128, 127, -128]",False,,,,0.21962507162243128,1.232084003277123,0.7315840339288116,2.189542050473392
1029,Zhejia,emergency,unavailable_in_sd_path,16,/Users/zilongzeng/Research/DroneControl/user_study_v1/Zhejia/Emergency/16.wav,Zhejia/Emergency/16.wav,emergency,0.9609375,0.9609375,0.0390625,0.0,"[118, -118, -128]",True,,,,0.045042019337415695,1.3118339702486992,0.705457990989089,2.0679590525105596
1030,Zhejia,emergency,unavailable_in_sd_path,17,/Users/zilongzeng/Research/DroneControl/user_study_v1/Zhejia/Emergency/17.wav,Zhejia/Emergency/17.wav,movement,0.55078125,0.0,0.55078125,0.44921875,"[-128, 13, -13]",False,,,,0.0724999699741602,1.371916034258902,0.6393749499693513,2.0927920704707503
1031,Zhejia,emergency,unavailable_in_sd_path,18,/Users/zilongzeng/Research/DroneControl/user_study_v1/Zhejia/Emergency/18.wav,Zhejia/Emergency/18.wav,unknown,0.99609375,0.0,0.0,0.99609375,"[-128, -128, 127]",False,,,,0.15645800158381462,1.24879099894315,0.7023329380899668,2.1142499754205346
1032,Zhejia,emergency,unavailable_in_sd_path,19,/Users/zilongzeng/Research/DroneControl/user_study_v1/Zhejia/Emergency/19.wav,Zhejia/Emergency/19.wav,movement,0.99609375,0.0,0.99609375,0.0,"[-128, 127, -128]",False,,,,0.08625001646578312,1.2655419996008277,0.7215420482680202,2.0799579797312617
1033,Zhejia,emergency,unavailable_in_sd_path,20,/Users/zilongzeng/Research/DroneControl/user_study_v1/Zhejia/Emergency/20.wav,Zhejia/Emergency/20.wav,movement,0.99609375,0.0,0.99609375,0.0,"[-128, 127, -128]",False,,,,0.20770903211086988,1.2322500115260482,0.7030830020084977,2.1485829493030906
1034,Zhejia,emergency,unavailable_in_sd_path,21,/Users/zilongzeng/Research/DroneControl/user_study_v1/Zhejia/Emergency/21.wav,Zhejia/Emergency/21.wav,emergency,0.99609375,0.99609375,0.0,0.0,"[127, -128, -128]",True,,,,0.21858303807675838,1.281667035073042,0.709415995515883,2.216167049482465
1035,Zhejia,emergency,unavailable_in_sd_path,22,/Users/zilongzeng/Research/DroneControl/user_study_v1/Zhejia/Emergency/22.wav,Zhejia/Emergency/22.wav,emergency,0.99609375,0.99609375,0.0,0.0,"[127, -128, -128]",True,,,,0.0666249543428421,1.3770420337095857,0.6562910275533795,2.1078339777886868
1036,Zhejia,emergency,unavailable_in_sd_path,23,/Users/zilongzeng/Research/DroneControl/user_study_v1/Zhejia/Emergency/23.wav,Zhejia/Emergency/23.wav,emergency,0.99609375,0.99609375,0.0,0.0,"[127, -128, -128]",True,,,,0.05979195702821016,1.2039169669151306,0.7157500367611647,1.9859169842675328
1037,Zhejia,emergency,unavailable_in_sd_path,24,/Users/zilongzeng/Research/DroneControl/user_study_v1/Zhejia/Emergency/24.wav,Zhejia/Emergency/24.wav,emergency,0.99609375,0.99609375,0.0,0.0,"[127, -128, -128]",True,,,,0.06508291698992252,1.2200420023873448,0.7162500405684114,2.0069590536877513
1038,Zhejia,emergency,unavailable_in_sd_path,25,/Users/zilongzeng/Research/DroneControl/user_study_v1/Zhejia/Emergency/25.wav,Zhejia/Emergency/25.wav,emergency,0.99609375,0.99609375,0.0,0.0,"[127, -128, -128]",True,,,,0.20195799879729748,1.2776670046150684,0.7048329571262002,2.1895000245422125
1039,Zhejia,emergency,unavailable_in_sd_path,26,/Users/zilongzeng/Research/DroneControl/user_study_v1/Zhejia/Emergency/26.wav,Zhejia/Emergency/26.wav,emergency,0.99609375,0.99609375,0.0,0.0,"[127, -128, -128]",True,,,,0.20995899103581905,1.2651669094339013,0.7058749906718731,2.187125035561621
1040,Zhejia,emergency,unavailable_in_sd_path,27,/Users/zilongzeng/Research/DroneControl/user_study_v1/Zhejia/Emergency/27.wav,Zhejia/Emergency/27.wav,emergency,0.99609375,0.99609375,0.0,0.0,"[127, -128, -128]",True,,,,0.19737507682293653,1.304166973568499,0.6910410011187196,2.1982910111546516
1041,Zhejia,emergency,unavailable_in_sd_path,28,/Users/zilongzeng/Research/DroneControl/user_study_v1/Zhejia/Emergency/28.wav,Zhejia/Emergency/28.wav,emergency,0.99609375,0.99609375,0.0,0.0,"[127, -128, -128]",True,,,,0.21612492855638266,1.5102080069482327,0.6490410305559635,2.386041101999581
1042,Zhejia,emergency,unavailable_in_sd_path,29,/Users/zilongzeng/Research/DroneControl/user_study_v1/Zhejia/Emergency/29.wav,Zhejia/Emergency/29.wav,emergency,0.99609375,0.99609375,0.0,0.0,"[127, -128, -128]",True,,,,0.3726250724866986,1.3201659312471747,0.7167919538915157,2.4203748907893896
1043,Zhejia,emergency,unavailable_in_sd_path,30,/Users/zilongzeng/Research/DroneControl/user_study_v1/Zhejia/Emergency/30.wav,Zhejia/Emergency/30.wav,emergency,0.99609375,0.99609375,0.0,0.0,"[127, -128, -128]",True,,,,0.0819170381873846,1.2416249373927712,0.7020420162007213,2.032833988778293
1044,Zhejia,emergency,unavailable_in_sd_path,31,/Users/zilongzeng/Research/DroneControl/user_study_v1/Zhejia/Emergency/31.wav,Zhejia/Emergency/31.wav,emergency,0.99609375,0.99609375,0.0,0.0,"[127, -128, -128]",True,,,,0.07291696965694427,1.238625030964613,0.7261249702423811,2.0444999681785703
1045,Zhejia,emergency,unavailable_in_sd_path,32,/Users/zilongzeng/Research/DroneControl/user_study_v1/Zhejia/Emergency/32.wav,Zhejia/Emergency/32.wav,emergency,0.99609375,0.99609375,0.0,0.0,"[127, -128, -128]",True,,,,0.07095804903656244,1.3091249857097864,0.6817920366302133,2.06708291079849
1046,Zhejia,emergency,unavailable_in_sd_path,33,/Users/zilongzeng/Research/DroneControl/user_study_v1/Zhejia/Emergency/33.wav,Zhejia/Emergency/33.wav,movement,0.99609375,0.0,0.99609375,0.0,"[-128, 127, -128]",False,,,,0.07266609463840723,1.4099580002948642,0.6734579801559448,2.161624957807362
1047,Zhejia,emergency,unavailable_in_sd_path,34,/Users/zilongzeng/Research/DroneControl/user_study_v1/Zhejia/Emergency/34.wav,Zhejia/Emergency/34.wav,emergency,0.99609375,0.99609375,0.0,0.0,"[127, -128, -128]",True,,,,0.24145899806171656,1.3492499710991979,0.7333749672397971,2.330165938474238
1048,Zhejia,emergency,unavailable_in_sd_path,35,/Users/zilongzeng/Research/DroneControl/user_study_v1/Zhejia/Emergency/35.wav,Zhejia/Emergency/35.wav,emergency,0.99609375,0.99609375,0.0,0.0,"[127, -128, -128]",True,,,,0.2602499444037676,1.2287499848753214,0.6953750271350145,2.1901659201830626
1049,Zhejia,emergency,unavailable_in_sd_path,36,/Users/zilongzeng/Research/DroneControl/user_study_v1/Zhejia/Emergency/36.wav,Zhejia/Emergency/36.wav,emergency,0.99609375,0.99609375,0.0,0.0,"[127, -128, -128]",True,,,,0.08645805064588785,1.2479580473154783,0.7384580094367266,2.0816250471398234
1050,Zhejia,emergency,unavailable_in_sd_path,37,/Users/zilongzeng/Research/DroneControl/user_study_v1/Zhejia/Emergency/37.wav,Zhejia/Emergency/37.wav,emergency,0.984375,0.984375,0.015625,0.0,"[124, -124, -128]",True,,,,0.07433397695422173,1.2717080535367131,0.6725830025970936,2.0236249547451735
1051,Zhejia,emergency,unavailable_in_sd_path,38,/Users/zilongzeng/Research/DroneControl/user_study_v1/Zhejia/Emergency/38.wav,Zhejia/Emergency/38.wav,emergency,0.99609375,0.99609375,0.0,0.0,"[127, -128, -128]",True,,,,0.06008404307067394,1.366000040434301,0.7231250638142228,2.1557080326601863
1052,Zhejia,emergency,unavailable_in_sd_path,39,/Users/zilongzeng/Research/DroneControl/user_study_v1/Zhejia/Emergency/39.wav,Zhejia/Emergency/39.wav,emergency,0.99609375,0.99609375,0.0,0.0,"[127, -128, -128]",True,,,,0.07766601629555225,1.2223749654367566,0.6968750385567546,2.0022920798510313
1053,Zhejia,emergency,unavailable_in_sd_path,40,/Users/zilongzeng/Research/DroneControl/user_study_v1/Zhejia/Emergency/40.wav,Zhejia/Emergency/40.wav,emergency,0.99609375,0.99609375,0.0,0.0,"[127, -128, -128]",True,,,,0.07529195863753557,1.265833037905395,0.7444580551236868,2.092125010676682
1054,Zhejia,emergency,unavailable_in_sd_path,41,/Users/zilongzeng/Research/DroneControl/user_study_v1/Zhejia/Emergency/41.wav,Zhejia/Emergency/41.wav,movement,0.99609375,0.0,0.99609375,0.0,"[-128, 127, -128]",False,,,,0.06495800334960222,1.2586249504238367,0.6893749814480543,2.018166007474065
1055,Zhejia,emergency,unavailable_in_sd_path,42,/Users/zilongzeng/Research/DroneControl/user_study_v1/Zhejia/Emergency/42.wav,Zhejia/Emergency/42.wav,unknown,0.9921875,0.0078125,0.0,0.9921875,"[-126, -128, 126]",False,,,,0.07299997378140688,1.2502920581027865,0.7191249169409275,2.048208029009402
1056,Zhejia,emergency,unavailable_in_sd_path,43,/Users/zilongzeng/Research/DroneControl/user_study_v1/Zhejia/Emergency/43.wav,Zhejia/Emergency/43.wav,emergency,0.99609375,0.99609375,0.0,0.0,"[127, -128, -128]",True,,,,0.0737080117687583,1.2528329389169812,0.6999579491093755,2.0320420153439045
1057,Zhejia,emergency,unavailable_in_sd_path,44,/Users/zilongzeng/Research/DroneControl/user_study_v1/Zhejia/Emergency/44.wav,Zhejia/Emergency/44.wav,emergency,0.99609375,0.99609375,0.0,0.0,"[127, -128, -128]",True,,,,0.07758405990898609,1.3129169819876552,0.731833977624774,2.1295000333338976
1058,Zhejia,emergency,unavailable_in_sd_path,45,/Users/zilongzeng/Research/DroneControl/user_study_v1/Zhejia/Emergency/45.wav,Zhejia/Emergency/45.wav,unknown,0.984375,0.0,0.015625,0.984375,"[-128, -124, 124]",False,,,,0.07308309432119131,1.3308339985087514,0.6882079178467393,2.097958931699395
1059,Zhejia,emergency,unavailable_in_sd_path,46,/Users/zilongzeng/Research/DroneControl/user_study_v1/Zhejia/Emergency/46.wav,Zhejia/Emergency/46.wav,emergency,0.99609375,0.99609375,0.00390625,0.0,"[127, -127, -128]",True,,,,0.07358298171311617,1.2604999355971813,0.7237909594550729,2.0637919660657644
1060,Zhejia,emergency,unavailable_in_sd_path,47,/Users/zilongzeng/Research/DroneControl/user_study_v1/Zhejia/Emergency/47.wav,Zhejia/Emergency/47.wav,unknown,0.99609375,0.0,0.0,0.99609375,"[-128, -128, 127]",False,,,,0.06874999962747097,1.25495798420161,0.6921249441802502,2.021291060373187
1061,Zhejia,emergency,unavailable_in_sd_path,48,/Users/zilongzeng/Research/DroneControl/user_study_v1/Zhejia/Emergency/48.wav,Zhejia/Emergency/48.wav,movement,0.99609375,0.0,0.99609375,0.0,"[-128, 127, -128]",False,,,,0.06379198748618364,1.2982080224901438,0.7254160009324551,2.0952499471604824
1062,Zhejia,emergency,unavailable_in_sd_path,49,/Users/zilongzeng/Research/DroneControl/user_study_v1/Zhejia/Emergency/49.wav,Zhejia/Emergency/49.wav,movement,0.99609375,0.0,0.99609375,0.0,"[-128, 127, -128]",False,,,,0.06712495815008879,1.2946249917149544,0.6806669989600778,2.047749934718013
1063,Zhejia,movement,unavailable_in_sd_path,0,/Users/zilongzeng/Research/DroneControl/user_study_v1/Zhejia/Movement/0.wav,Zhejia/Movement/0.wav,movement,0.99609375,0.0,0.99609375,0.0,"[-128, 127, -128]",True,,,,0.06437499541789293,1.2622500071302056,0.7272909861057997,2.0606250036507845
1064,Zhejia,movement,unavailable_in_sd_path,1,/Users/zilongzeng/Research/DroneControl/user_study_v1/Zhejia/Movement/1.wav,Zhejia/Movement/1.wav,movement,0.99609375,0.0,0.99609375,0.0,"[-128, 127, -128]",True,,,,0.07837510202080011,1.2784579303115606,0.689583015628159,2.0514579955488443
1065,Zhejia,movement,unavailable_in_sd_path,2,/Users/zilongzeng/Research/DroneControl/user_study_v1/Zhejia/Movement/2.wav,Zhejia/Movement/2.wav,movement,0.99609375,0.0,0.99609375,0.0,"[-128, 127, -128]",True,,,,0.13583293184638023,1.3708750484511256,0.7364999037235975,2.2500420454889536
1066,Zhejia,movement,unavailable_in_sd_path,3,/Users/zilongzeng/Research/DroneControl/user_study_v1/Zhejia/Movement/3.wav,Zhejia/Movement/3.wav,movement,0.99609375,0.0,0.99609375,0.0,"[-128, 127, -128]",True,,,,0.21816696971654892,1.2839589035138488,0.6929589435458183,2.2000829922035336
1067,Zhejia,movement,unavailable_in_sd_path,4,/Users/zilongzeng/Research/DroneControl/user_study_v1/Zhejia/Movement/4.wav,Zhejia/Movement/4.wav,movement,0.99609375,0.0,0.99609375,0.0,"[-128, 127, -128]",True,,,,0.061959028244018555,1.2681669322773814,0.7175829960033298,2.053665928542614
1068,Zhejia,movement,unavailable_in_sd_path,5,/Users/zilongzeng/Research/DroneControl/user_study_v1/Zhejia/Movement/5.wav,Zhejia/Movement/5.wav,movement,0.59765625,0.0,0.59765625,0.40234375,"[-128, 25, -25]",True,,,,0.06637501064687967,1.2576249428093433,0.6915410049259663,2.02095799613744
1069,Zhejia,movement,unavailable_in_sd_path,6,/Users/zilongzeng/Research/DroneControl/user_study_v1/Zhejia/Movement/6.wav,Zhejia/Movement/6.wav,movement,0.99609375,0.0,0.99609375,0.0,"[-128, 127, -128]",True,,,,0.07637508679181337,1.2870000209659338,0.7311670342460275,2.102375030517578
1070,Zhejia,movement,unavailable_in_sd_path,7,/Users/zilongzeng/Research/DroneControl/user_study_v1/Zhejia/Movement/7.wav,Zhejia/Movement/7.wav,movement,0.99609375,0.0,0.99609375,0.0,"[-128, 127, -128]",True,,,,0.07320893928408623,1.3212920166552067,0.6895409896969795,2.089375047944486
1071,Zhejia,movement,unavailable_in_sd_path,8,/Users/zilongzeng/Research/DroneControl/user_study_v1/Zhejia/Movement/8.wav,Zhejia/Movement/8.wav,movement,0.59765625,0.0,0.59765625,0.40234375,"[-128, 25, -25]",True,,,,0.06220804061740637,1.2481249868869781,0.7070830324664712,2.0231249509379268
1072,Zhejia,movement,unavailable_in_sd_path,9,/Users/zilongzeng/Research/DroneControl/user_study_v1/Zhejia/Movement/9.wav,Zhejia/Movement/9.wav,unknown,0.734375,0.0,0.26953125,0.734375,"[-128, -59, 60]",False,,,,0.07825007196515799,1.2879169080406427,0.6985000800341368,2.0697920117527246
1073,Zhejia,movement,unavailable_in_sd_path,10,/Users/zilongzeng/Research/DroneControl/user_study_v1/Zhejia/Movement/10.wav,Zhejia/Movement/10.wav,movement,0.99609375,0.0,0.99609375,0.0,"[-128, 127, -128]",True,,,,0.06645801477134228,1.183791900984943,0.746249919757247,2.0026250276714563
1074,Zhejia,movement,unavailable_in_sd_path,11,/Users/zilongzeng/Research/DroneControl/user_study_v1/Zhejia/Movement/11.wav,Zhejia/Movement/11.wav,movement,0.99609375,0.0,0.99609375,0.0,"[-128, 127, -128]",True,,,,0.07129192817956209,1.2265410041436553,0.6998749449849129,2.003250061534345
1075,Zhejia,movement,unavailable_in_sd_path,12,/Users/zilongzeng/Research/DroneControl/user_study_v1/Zhejia/Movement/12.wav,Zhejia/Movement/12.wav,movement,0.99609375,0.0,0.99609375,0.0,"[-128, 127, -128]",True,,,,0.06637501064687967,1.301957992836833,0.7222089916467667,2.0967499585822225
1076,Zhejia,movement,unavailable_in_sd_path,13,/Users/zilongzeng/Research/DroneControl/user_study_v1/Zhejia/Movement/13.wav,Zhejia/Movement/13.wav,movement,0.99609375,0.0,0.99609375,0.0,"[-128, 127, -128]",True,,,,0.07720896974205971,1.2832500506192446,0.6785000441595912,2.0447500282898545
1077,Zhejia,movement,unavailable_in_sd_path,14,/Users/zilongzeng/Research/DroneControl/user_study_v1/Zhejia/Movement/14.wav,Zhejia/Movement/14.wav,movement,0.99609375,0.0,0.99609375,0.0,"[-128, 127, -128]",True,,,,0.07449998520314693,1.1972920037806034,0.7390000391751528,2.01783305965364
1078,Zhejia,movement,unavailable_in_sd_path,15,/Users/zilongzeng/Research/DroneControl/user_study_v1/Zhejia/Movement/15.wav,Zhejia/Movement/15.wav,unknown,0.87890625,0.00390625,0.1171875,0.87890625,"[-127, -98, 97]",False,,,,0.06354192737489939,1.2724589323624969,0.6874579703435302,2.0295840222388506
1079,Zhejia,movement,unavailable_in_sd_path,16,/Users/zilongzeng/Research/DroneControl/user_study_v1/Zhejia/Movement/16.wav,Zhejia/Movement/16.wav,unknown,0.5390625,0.01953125,0.44140625,0.5390625,"[-123, -15, 10]",False,,,,0.07341697346419096,1.3224580325186253,0.7201669504866004,2.1225420059636235
1080,Zhejia,movement,unavailable_in_sd_path,17,/Users/zilongzeng/Research/DroneControl/user_study_v1/Zhejia/Movement/17.wav,Zhejia/Movement/17.wav,movement,0.9375,0.015625,0.9375,0.046875,"[-124, 112, -116]",True,,,,0.07995800115168095,1.2924160109832883,0.6914999103173614,2.069624955765903
1081,Zhejia,movement,unavailable_in_sd_path,18,/Users/zilongzeng/Research/DroneControl/user_study_v1/Zhejia/Movement/18.wav,Zhejia/Movement/18.wav,unknown,0.8046875,0.0,0.1953125,0.8046875,"[-128, -78, 78]",False,,,,0.08158397395163774,1.2080420274287462,0.7078750059008598,2.003332949243486
1082,Zhejia,movement,unavailable_in_sd_path,19,/Users/zilongzeng/Research/DroneControl/user_study_v1/Zhejia/Movement/19.wav,Zhejia/Movement/19.wav,movement,0.99609375,0.0,0.99609375,0.0,"[-128, 127, -128]",True,,,,0.06975000724196434,1.3103330275043845,0.6867499323561788,2.0718330051749945
1083,Zhejia,movement,unavailable_in_sd_path,20,/Users/zilongzeng/Research/DroneControl/user_study_v1/Zhejia/Movement/20.wav,Zhejia/Movement/20.wav,movement,0.99609375,0.0,0.99609375,0.0,"[-128, 127, -128]",True,,,,0.0723750563338399,1.2683330569416285,0.7205409929156303,2.067290944978595
1084,Zhejia,movement,unavailable_in_sd_path,21,/Users/zilongzeng/Research/DroneControl/user_study_v1/Zhejia/Movement/21.wav,Zhejia/Movement/21.wav,movement,0.99609375,0.0,0.99609375,0.0,"[-128, 127, -128]",True,,,,0.2079589758068323,1.3037079479545355,0.6998330354690552,2.2167499409988523
1085,Zhejia,movement,unavailable_in_sd_path,22,/Users/zilongzeng/Research/DroneControl/user_study_v1/Zhejia/Movement/22.wav,Zhejia/Movement/22.wav,movement,0.99609375,0.0,0.99609375,0.0,"[-128, 127, -128]",True,,,,0.22612500470131636,1.228208071552217,0.7324579637497663,2.1952090319246054
1086,Zhejia,movement,unavailable_in_sd_path,23,/Users/zilongzeng/Research/DroneControl/user_study_v1/Zhejia/Movement/23.wav,Zhejia/Movement/23.wav,movement,0.99609375,0.0,0.99609375,0.0,"[-128, 127, -128]",True,,,,0.07162499241530895,1.2712499592453241,0.699708005413413,2.0483339903876185
1087,Zhejia,movement,unavailable_in_sd_path,24,/Users/zilongzeng/Research/DroneControl/user_study_v1/Zhejia/Movement/24.wav,Zhejia/Movement/24.wav,unknown,0.69140625,0.0,0.30859375,0.69140625,"[-128, -49, 49]",False,,,,0.06616697646677494,1.392542035318911,0.6343330023810267,2.102792030200362
1088,Zhejia,movement,unavailable_in_sd_path,25,/Users/zilongzeng/Research/DroneControl/user_study_v1/Zhejia/Movement/25.wav,Zhejia/Movement/25.wav,movement,0.99609375,0.0,0.99609375,0.0,"[-128, 127, -128]",True,,,,0.1348330406472087,1.3544999528676271,0.7108750287443399,2.207667101174593
1089,Zhejia,movement,unavailable_in_sd_path,26,/Users/zilongzeng/Research/DroneControl/user_study_v1/Zhejia/Movement/26.wav,Zhejia/Movement/26.wav,movement,0.953125,0.046875,0.953125,0.0,"[-116, 116, -128]",True,,,,0.09437499102205038,1.2224159436300397,0.7526249391958117,2.076999982818961
1090,Zhejia,movement,unavailable_in_sd_path,27,/Users/zilongzeng/Research/DroneControl/user_study_v1/Zhejia/Movement/27.wav,Zhejia/Movement/27.wav,movement,0.99609375,0.0,0.99609375,0.0,"[-128, 127, -128]",True,,,,0.0677919015288353,1.2905830517411232,0.6987919332459569,2.0630420185625553
1091,Zhejia,movement,unavailable_in_sd_path,28,/Users/zilongzeng/Research/DroneControl/user_study_v1/Zhejia/Movement/28.wav,Zhejia/Movement/28.wav,emergency,0.98046875,0.98046875,0.01953125,0.0,"[123, -123, -128]",False,,,,0.07050007116049528,1.2307079741731286,0.7226250600069761,2.030458068475127
1092,Zhejia,movement,unavailable_in_sd_path,29,/Users/zilongzeng/Research/DroneControl/user_study_v1/Zhejia/Movement/29.wav,Zhejia/Movement/29.wav,movement,0.99609375,0.0,0.99609375,0.0,"[-128, 127, -128]",True,,,,0.07595797069370747,1.4366660034283996,0.6515409331768751,2.1742499666288495
1093,Zhejia,movement,unavailable_in_sd_path,30,/Users/zilongzeng/Research/DroneControl/user_study_v1/Zhejia/Movement/30.wav,Zhejia/Movement/30.wav,unknown,0.99609375,0.0,0.0,0.99609375,"[-128, -128, 127]",False,,,,0.15191698912531137,1.2644579401239753,0.7431249832734466,2.1674169693142176
1094,Zhejia,movement,unavailable_in_sd_path,31,/Users/zilongzeng/Research/DroneControl/user_study_v1/Zhejia/Movement/31.wav,Zhejia/Movement/31.wav,unknown,0.99609375,0.0,0.0,0.99609375,"[-128, -128, 127]",False,,,,0.06999995093792677,1.208915957249701,0.7078750059008598,1.9925000378862023
1095,Zhejia,movement,unavailable_in_sd_path,32,/Users/zilongzeng/Research/DroneControl/user_study_v1/Zhejia/Movement/32.wav,Zhejia/Movement/32.wav,unknown,0.99609375,0.0,0.0,0.99609375,"[-128, -128, 127]",False,,,,0.05916703958064318,1.2564589269459248,0.7183330599218607,2.0409999415278435
1096,Zhejia,movement,unavailable_in_sd_path,33,/Users/zilongzeng/Research/DroneControl/user_study_v1/Zhejia/Movement/33.wav,Zhejia/Movement/33.wav,unknown,0.99609375,0.0,0.0,0.99609375,"[-128, -128, 127]",False,,,,0.08866703137755394,1.3009170070290565,0.7205000147223473,2.1158340387046337
1097,Zhejia,movement,unavailable_in_sd_path,34,/Users/zilongzeng/Research/DroneControl/user_study_v1/Zhejia/Movement/34.wav,Zhejia/Movement/34.wav,movement,0.99609375,0.0,0.99609375,0.0,"[-128, 127, -128]",True,,,,0.07341697346419096,1.2492499081417918,0.7479999912902713,2.0773750729858875
1098,Zhejia,movement,unavailable_in_sd_path,35,/Users/zilongzeng/Research/DroneControl/user_study_v1/Zhejia/Movement/35.wav,Zhejia/Movement/35.wav,movement,0.99609375,0.0,0.99609375,0.0,"[-128, 127, -128]",True,,,,0.07108296267688274,1.2235420290380716,0.712667009793222,2.012624987401068
1099,Zhejia,movement,unavailable_in_sd_path,36,/Users/zilongzeng/Research/DroneControl/user_study_v1/Zhejia/Movement/36.wav,Zhejia/Movement/36.wav,movement,0.9921875,0.0078125,0.9921875,0.0,"[-126, 126, -128]",True,,,,0.06074993871152401,1.2615000596269965,0.704666948877275,2.033625030890107
1100,Zhejia,movement,unavailable_in_sd_path,37,/Users/zilongzeng/Research/DroneControl/user_study_v1/Zhejia/Movement/37.wav,Zhejia/Movement/37.wav,movement,0.99609375,0.0,0.99609375,0.0,"[-128, 127, -128]",True,,,,0.0890420051291585,1.2791670160368085,0.7088340353220701,2.0826670806854963
1101,Zhejia,movement,unavailable_in_sd_path,38,/Users/zilongzeng/Research/DroneControl/user_study_v1/Zhejia/Movement/38.wav,Zhejia/Movement/38.wav,movement,0.99609375,0.0,0.99609375,0.0,"[-128, 127, -128]",True,,,,0.07658405229449272,1.2577499728649855,0.7362499600276351,2.0780409686267376
1102,Zhejia,movement,unavailable_in_sd_path,39,/Users/zilongzeng/Research/DroneControl/user_study_v1/Zhejia/Movement/39.wav,Zhejia/Movement/39.wav,movement,0.99609375,0.0,0.99609375,0.0,"[-128, 127, -128]",True,,,,0.07404200732707977,1.4882910763844848,0.6562080234289169,2.2278750548139215
1103,Zhejia,movement,unavailable_in_sd_path,40,/Users/zilongzeng/Research/DroneControl/user_study_v1/Zhejia/Movement/40.wav,Zhejia/Movement/40.wav,movement,0.97265625,0.0,0.97265625,0.02734375,"[-128, 121, -121]",True,,,,0.3020829753950238,1.4112089993432164,0.6017920095473528,2.322999993339181
1104,Zhejia,movement,unavailable_in_sd_path,41,/Users/zilongzeng/Research/DroneControl/user_study_v1/Zhejia/Movement/41.wav,Zhejia/Movement/41.wav,movement,0.99609375,0.0,0.99609375,0.0,"[-128, 127, -128]",True,,,,0.2886250149458647,1.318124937824905,0.6888750940561295,2.302708919160068
1105,Zhejia,movement,unavailable_in_sd_path,42,/Users/zilongzeng/Research/DroneControl/user_study_v1/Zhejia/Movement/42.wav,Zhejia/Movement/42.wav,movement,0.99609375,0.0,0.99609375,0.0,"[-128, 127, -128]",True,,,,0.10620802640914917,1.4053330523893237,0.6891250377520919,2.2070410195738077
1106,Zhejia,movement,unavailable_in_sd_path,43,/Users/zilongzeng/Research/DroneControl/user_study_v1/Zhejia/Movement/43.wav,Zhejia/Movement/43.wav,movement,0.99609375,0.0,0.99609375,0.0,"[-128, 127, -128]",True,,,,0.08970801718533039,1.3183749979361892,0.7025409722700715,2.115875016897917
1107,Zhejia,movement,unavailable_in_sd_path,44,/Users/zilongzeng/Research/DroneControl/user_study_v1/Zhejia/Movement/44.wav,Zhejia/Movement/44.wav,movement,0.99609375,0.0,0.99609375,0.0,"[-128, 127, -128]",True,,,,0.07779104635119438,1.4404170215129852,0.6340419640764594,2.162083052098751
1108,Zhejia,movement,unavailable_in_sd_path,45,/Users/zilongzeng/Research/DroneControl/user_study_v1/Zhejia/Movement/45.wav,Zhejia/Movement/45.wav,unknown,0.99609375,0.0,0.0,0.99609375,"[-128, -128, 127]",False,,,,0.16012496780604124,1.330709084868431,0.6821670103818178,2.1803330164402723
1109,Zhejia,movement,unavailable_in_sd_path,46,/Users/zilongzeng/Research/DroneControl/user_study_v1/Zhejia/Movement/46.wav,Zhejia/Movement/46.wav,movement,0.99609375,0.0,0.99609375,0.0,"[-128, 127, -128]",True,,,,0.09099999442696571,1.2997080339118838,0.6809579208493233,2.0775001030415297
1110,Zhejia,movement,unavailable_in_sd_path,47,/Users/zilongzeng/Research/DroneControl/user_study_v1/Zhejia/Movement/47.wav,Zhejia/Movement/47.wav,movement,0.99609375,0.0,0.99609375,0.0,"[-128, 127, -128]",True,,,,0.06858294364064932,1.3825000496581197,0.6445000180974603,2.1042500156909227
1111,Zhejia,movement,unavailable_in_sd_path,48,/Users/zilongzeng/Research/DroneControl/user_study_v1/Zhejia/Movement/48.wav,Zhejia/Movement/48.wav,movement,0.99609375,0.0,0.99609375,0.0,"[-128, 127, -128]",True,,,,0.13774994295090437,1.3835830613970757,0.7108749123290181,2.239333000034094
1112,Zhejia,movement,unavailable_in_sd_path,49,/Users/zilongzeng/Research/DroneControl/user_study_v1/Zhejia/Movement/49.wav,Zhejia/Movement/49.wav,movement,0.99609375,0.0,0.99609375,0.0,"[-128, 127, -128]",True,,,,0.09662494994699955,1.2373330537229776,0.6885409820824862,2.029250026680529
1113,Zhejia,unknown,unavailable_in_sd_path,0,/Users/zilongzeng/Research/DroneControl/user_study_v1/Zhejia/Unknown/0.wav,Zhejia/Unknown/0.wav,unknown,0.99609375,0.0,0.0,0.99609375,"[-128, -128, 127]",True,,,,0.06874999962747097,1.3232920318841934,0.7035420276224613,2.1009999327361584
1114,Zhejia,unknown,unavailable_in_sd_path,1,/Users/zilongzeng/Research/DroneControl/user_study_v1/Zhejia/Unknown/1.wav,Zhejia/Unknown/1.wav,unknown,0.99609375,0.0,0.0,0.99609375,"[-128, -128, 127]",True,,,,0.08041702676564455,1.3142909156158566,0.7116670021787286,2.112249960191548
1115,Zhejia,unknown,unavailable_in_sd_path,2,/Users/zilongzeng/Research/DroneControl/user_study_v1/Zhejia/Unknown/2.wav,Zhejia/Unknown/2.wav,unknown,0.99609375,0.0,0.0,0.99609375,"[-128, -128, 127]",True,,,,0.07454201113432646,1.3104169629514217,0.7084580138325691,2.0994580117985606
1116,Zhejia,unknown,unavailable_in_sd_path,3,/Users/zilongzeng/Research/DroneControl/user_study_v1/Zhejia/Unknown/3.wav,Zhejia/Unknown/3.wav,unknown,0.99609375,0.0,0.0,0.99609375,"[-128, -128, 127]",True,,,,0.09079207666218281,1.2695840559899807,0.702874967828393,2.0694159902632236
1117,Zhejia,unknown,unavailable_in_sd_path,4,/Users/zilongzeng/Research/DroneControl/user_study_v1/Zhejia/Unknown/4.wav,Zhejia/Unknown/4.wav,unknown,0.99609375,0.0,0.0,0.99609375,"[-128, -128, 127]",True,,,,0.07149996235966682,1.6162920510396361,0.6819999543949962,2.3769999388605356
1118,Zhejia,unknown,unavailable_in_sd_path,5,/Users/zilongzeng/Research/DroneControl/user_study_v1/Zhejia/Unknown/5.wav,Zhejia/Unknown/5.wav,unknown,0.99609375,0.0,0.0,0.99609375,"[-128, -128, 127]",True,,,,0.08191692177206278,1.3886250089854002,0.7238329853862524,2.201916999183595
1119,Zhejia,unknown,unavailable_in_sd_path,6,/Users/zilongzeng/Research/DroneControl/user_study_v1/Zhejia/Unknown/6.wav,Zhejia/Unknown/6.wav,unknown,0.99609375,0.0,0.0,0.99609375,"[-128, -128, 127]",True,,,,0.1093749888241291,1.410166034474969,0.7022910285741091,2.2274580551311374
1120,Zhejia,unknown,unavailable_in_sd_path,7,/Users/zilongzeng/Research/DroneControl/user_study_v1/Zhejia/Unknown/7.wav,Zhejia/Unknown/7.wav,unknown,0.99609375,0.0,0.0,0.99609375,"[-128, -128, 127]",True,,,,0.07658300455659628,1.2376669328659773,0.6950830575078726,2.057167002931237
1121,Zhejia,unknown,unavailable_in_sd_path,8,/Users/zilongzeng/Research/DroneControl/user_study_v1/Zhejia/Unknown/8.wav,Zhejia/Unknown/8.wav,unknown,0.99609375,0.0,0.0,0.99609375,"[-128, -128, 127]",True,,,,0.34074997529387474,1.3391670072451234,0.7360420422628522,2.4232499999925494
1122,Zhejia,unknown,unavailable_in_sd_path,9,/Users/zilongzeng/Research/DroneControl/user_study_v1/Zhejia/Unknown/9.wav,Zhejia/Unknown/9.wav,unknown,0.99609375,0.0,0.0,0.99609375,"[-128, -128, 127]",True,,,,0.27695903554558754,1.3747080229222775,0.7198330713436007,2.379000070504844
1123,Zhejia,unknown,unavailable_in_sd_path,10,/Users/zilongzeng/Research/DroneControl/user_study_v1/Zhejia/Unknown/10.wav,Zhejia/Unknown/10.wav,unknown,0.99609375,0.0,0.0,0.99609375,"[-128, -128, 127]",True,,,,0.0941659091040492,1.272000023163855,0.6824999582022429,2.0544170401990414
1124,Zhejia,unknown,unavailable_in_sd_path,11,/Users/zilongzeng/Research/DroneControl/user_study_v1/Zhejia/Unknown/11.wav,Zhejia/Unknown/11.wav,unknown,0.99609375,0.0,0.0,0.99609375,"[-128, -128, 127]",True,,,,0.07783295586705208,1.477374928072095,0.7258330006152391,2.287584007717669
1125,Zhejia,unknown,unavailable_in_sd_path,12,/Users/zilongzeng/Research/DroneControl/user_study_v1/Zhejia/Unknown/12.wav,Zhejia/Unknown/12.wav,unknown,0.99609375,0.0,0.0,0.99609375,"[-128, -128, 127]",True,,,,0.09275006595999002,1.4260419411584735,0.7097499910742044,2.234333078376949
1126,Zhejia,unknown,unavailable_in_sd_path,13,/Users/zilongzeng/Research/DroneControl/user_study_v1/Zhejia/Unknown/13.wav,Zhejia/Unknown/13.wav,unknown,0.99609375,0.0,0.0,0.99609375,"[-128, -128, 127]",True,,,,0.07866695523262024,1.4038750668987632,0.7040419150143862,2.1927920170128345
1127,Zhejia,unknown,unavailable_in_sd_path,14,/Users/zilongzeng/Research/DroneControl/user_study_v1/Zhejia/Unknown/14.wav,Zhejia/Unknown/14.wav,unknown,0.99609375,0.0,0.0,0.99609375,"[-128, -128, 127]",True,,,,0.0873330282047391,1.268124906346202,0.694874906912446,2.055708086118102
1128,Zhejia,unknown,unavailable_in_sd_path,15,/Users/zilongzeng/Research/DroneControl/user_study_v1/Zhejia/Unknown/15.wav,Zhejia/Unknown/15.wav,unknown,0.99609375,0.0,0.0,0.99609375,"[-128, -128, 127]",True,,,,0.06975000724196434,1.4057919615879655,0.6841659778729081,2.165582962334156
1129,Zhejia,unknown,unavailable_in_sd_path,16,/Users/zilongzeng/Research/DroneControl/user_study_v1/Zhejia/Unknown/16.wav,Zhejia/Unknown/16.wav,movement,0.99609375,0.0,0.99609375,0.00390625,"[-128, 127, -127]",False,,,,0.2756250323727727,1.2840830022469163,0.6951659452170134,2.2630830062553287
1130,Zhejia,unknown,unavailable_in_sd_path,17,/Users/zilongzeng/Research/DroneControl/user_study_v1/Zhejia/Unknown/17.wav,Zhejia/Unknown/17.wav,unknown,0.76953125,0.0,0.23046875,0.76953125,"[-128, -69, 69]",True,,,,0.2489580074325204,1.401584013365209,0.69650006480515,2.3524999851360917
1131,Zhejia,unknown,unavailable_in_sd_path,18,/Users/zilongzeng/Research/DroneControl/user_study_v1/Zhejia/Unknown/18.wav,Zhejia/Unknown/18.wav,unknown,0.8046875,0.0,0.1953125,0.8046875,"[-128, -78, 78]",True,,,,0.0729170860722661,1.3762080343440175,0.6300419336184859,2.088083070702851
1132,Zhejia,unknown,unavailable_in_sd_path,19,/Users/zilongzeng/Research/DroneControl/user_study_v1/Zhejia/Unknown/19.wav,Zhejia/Unknown/19.wav,unknown,0.69140625,0.0,0.30859375,0.69140625,"[-128, -49, 49]",True,,,,0.1444169320166111,1.3405000790953636,0.6024170434102416,2.0958329550921917
1133,Zhejia,unknown,unavailable_in_sd_path,20,/Users/zilongzeng/Research/DroneControl/user_study_v1/Zhejia/Unknown/20.wav,Zhejia/Unknown/20.wav,unknown,0.99609375,0.0,0.0,0.99609375,"[-128, -128, 127]",True,,,,0.09662494994699955,1.3240829575806856,0.7372499676421285,2.168250037357211
1134,Zhejia,unknown,unavailable_in_sd_path,21,/Users/zilongzeng/Research/DroneControl/user_study_v1/Zhejia/Unknown/21.wav,Zhejia/Unknown/21.wav,unknown,0.99609375,0.0,0.0,0.99609375,"[-128, -128, 127]",True,,,,0.2665839856490493,1.3287919573485851,0.686667044647038,2.2880829637870193
1135,Zhejia,unknown,unavailable_in_sd_path,22,/Users/zilongzeng/Research/DroneControl/user_study_v1/Zhejia/Unknown/22.wav,Zhejia/Unknown/22.wav,unknown,0.99609375,0.0,0.0,0.99609375,"[-128, -128, 127]",True,,,,0.23179198615252972,1.4644170878455043,0.6229170830920339,2.3279580054804683
1136,Zhejia,unknown,unavailable_in_sd_path,23,/Users/zilongzeng/Research/DroneControl/user_study_v1/Zhejia/Unknown/23.wav,Zhejia/Unknown/23.wav,unknown,0.99609375,0.0,0.0,0.99609375,"[-128, -128, 127]",True,,,,0.15358300879597664,1.2099170126020908,0.7150419987738132,2.0838750060647726
1137,Zhejia,unknown,unavailable_in_sd_path,24,/Users/zilongzeng/Research/DroneControl/user_study_v1/Zhejia/Unknown/24.wav,Zhejia/Unknown/24.wav,unknown,0.99609375,0.0,0.0,0.99609375,"[-128, -128, 127]",True,,,,0.07800001185387373,1.2536660069599748,0.7212909404188395,2.060124999843538
1138,Zhejia,unknown,unavailable_in_sd_path,25,/Users/zilongzeng/Research/DroneControl/user_study_v1/Zhejia/Unknown/25.wav,Zhejia/Unknown/25.wav,movement,0.99609375,0.0,0.99609375,0.0,"[-128, 127, -128]",False,,,,0.0992499990388751,1.3387909857556224,0.6831249920651317,2.1270420402288437
1139,Zhejia,unknown,unavailable_in_sd_path,26,/Users/zilongzeng/Research/DroneControl/user_study_v1/Zhejia/Unknown/26.wav,Zhejia/Unknown/26.wav,unknown,0.99609375,0.0,0.0,0.99609375,"[-128, -128, 127]",True,,,,0.0754588982090354,1.3079170603305101,0.7159169763326645,2.1055000834167004
1140,Zhejia,unknown,unavailable_in_sd_path,27,/Users/zilongzeng/Research/DroneControl/user_study_v1/Zhejia/Unknown/27.wav,Zhejia/Unknown/27.wav,unknown,0.99609375,0.0,0.0,0.99609375,"[-128, -128, 127]",True,,,,0.07808394730091095,1.3040830381214619,0.708041014149785,2.09633307531476
1141,Zhejia,unknown,unavailable_in_sd_path,28,/Users/zilongzeng/Research/DroneControl/user_study_v1/Zhejia/Unknown/28.wav,Zhejia/Unknown/28.wav,unknown,0.99609375,0.0,0.0,0.99609375,"[-128, -128, 127]",True,,,,0.20591600332409143,1.33816699963063,0.7400419563055038,2.2905420046299696
1142,Zhejia,unknown,unavailable_in_sd_path,29,/Users/zilongzeng/Research/DroneControl/user_study_v1/Zhejia/Unknown/29.wav,Zhejia/Unknown/29.wav,unknown,0.99609375,0.0,0.0,0.99609375,"[-128, -128, 127]",True,,,,0.24666707031428814,1.2540830066427588,0.685499981045723,2.191290957853198
1143,Zhejia,unknown,unavailable_in_sd_path,30,/Users/zilongzeng/Research/DroneControl/user_study_v1/Zhejia/Unknown/30.wav,Zhejia/Unknown/30.wav,unknown,0.99609375,0.0,0.0,0.99609375,"[-128, -128, 127]",True,,,,0.07129192817956209,1.4461249811574817,0.6350419716909528,2.1614161087200046
1144,Zhejia,unknown,unavailable_in_sd_path,31,/Users/zilongzeng/Research/DroneControl/user_study_v1/Zhejia/Unknown/31.wav,Zhejia/Unknown/31.wav,unknown,0.99609375,0.0,0.0,0.99609375,"[-128, -128, 127]",True,,,,0.15300000086426735,1.3523329980671406,0.709832995198667,2.222458948381245
1145,Zhejia,unknown,unavailable_in_sd_path,32,/Users/zilongzeng/Research/DroneControl/user_study_v1/Zhejia/Unknown/32.wav,Zhejia/Unknown/32.wav,unknown,0.99609375,0.0,0.0,0.99609375,"[-128, -128, 127]",True,,,,0.08158304262906313,1.3085000682622194,0.718833995051682,2.1152080735191703
1146,Zhejia,unknown,unavailable_in_sd_path,33,/Users/zilongzeng/Research/DroneControl/user_study_v1/Zhejia/Unknown/33.wav,Zhejia/Unknown/33.wav,unknown,0.99609375,0.0,0.0,0.99609375,"[-128, -128, 127]",True,,,,0.07095793262124062,1.178540987893939,0.7012500427663326,1.9560420187190175
1147,Zhejia,unknown,unavailable_in_sd_path,34,/Users/zilongzeng/Research/DroneControl/user_study_v1/Zhejia/Unknown/34.wav,Zhejia/Unknown/34.wav,unknown,0.99609375,0.0,0.0,0.99609375,"[-128, -128, 127]",True,,,,0.06987503729760647,1.3503329828381538,0.6889160722494125,2.115875016897917
1148,Zhejia,unknown,unavailable_in_sd_path,35,/Users/zilongzeng/Research/DroneControl/user_study_v1/Zhejia/Unknown/35.wav,Zhejia/Unknown/35.wav,unknown,0.99609375,0.0,0.0,0.99609375,"[-128, -128, 127]",True,,,,0.08625001646578312,1.3782079331576824,0.702542020007968,2.1735000191256404
1149,Zhejia,unknown,unavailable_in_sd_path,36,/Users/zilongzeng/Research/DroneControl/user_study_v1/Zhejia/Unknown/36.wav,Zhejia/Unknown/36.wav,unknown,0.99609375,0.0,0.0,0.99609375,"[-128, -128, 127]",True,,,,0.0779168913140893,1.3098330236971378,0.7131249876692891,2.1068339701741934
1150,Zhejia,unknown,unavailable_in_sd_path,37,/Users/zilongzeng/Research/DroneControl/user_study_v1/Zhejia/Unknown/37.wav,Zhejia/Unknown/37.wav,unknown,0.99609375,0.0,0.0,0.99609375,"[-128, -128, 127]",True,,,,0.0728340819478035,1.2292920146137476,0.7030830020084977,2.010500058531761
1151,Zhejia,unknown,unavailable_in_sd_path,38,/Users/zilongzeng/Research/DroneControl/user_study_v1/Zhejia/Unknown/38.wav,Zhejia/Unknown/38.wav,movement,0.99609375,0.0,0.99609375,0.0,"[-128, 127, -128]",False,,,,0.06637501064687967,1.4168330235406756,0.694874906912446,2.183959004469216
1152,Zhejia,unknown,unavailable_in_sd_path,39,/Users/zilongzeng/Research/DroneControl/user_study_v1/Zhejia/Unknown/39.wav,Zhejia/Unknown/39.wav,unknown,0.99609375,0.0,0.0,0.99609375,"[-128, -128, 127]",True,,,,0.07349997758865356,1.3404589844867587,0.7044170051813126,2.124916994944215
1153,Zhejia,unknown,unavailable_in_sd_path,40,/Users/zilongzeng/Research/DroneControl/user_study_v1/Zhejia/Unknown/40.wav,Zhejia/Unknown/40.wav,unknown,0.99609375,0.0,0.0,0.99609375,"[-128, -128, 127]",True,,,,0.0766250304877758,1.3691659551113844,0.7031249115243554,2.1545420167967677
1154,Zhejia,unknown,unavailable_in_sd_path,41,/Users/zilongzeng/Research/DroneControl/user_study_v1/Zhejia/Unknown/41.wav,Zhejia/Unknown/41.wav,unknown,0.99609375,0.0,0.0,0.99609375,"[-128, -128, 127]",True,,,,0.06975000724196434,1.2558329617604613,0.7035830058157444,2.034749952144921
1155,Zhejia,unknown,unavailable_in_sd_path,42,/Users/zilongzeng/Research/DroneControl/user_study_v1/Zhejia/Unknown/42.wav,Zhejia/Unknown/42.wav,unknown,0.99609375,0.0,0.0,0.99609375,"[-128, -128, 127]",True,,,,0.07408298552036285,1.3952079461887479,0.692458008415997,2.16737505979836
1156,Zhejia,unknown,unavailable_in_sd_path,43,/Users/zilongzeng/Research/DroneControl/user_study_v1/Zhejia/Unknown/43.wav,Zhejia/Unknown/43.wav,unknown,0.99609375,0.0,0.0,0.99609375,"[-128, -128, 127]",True,,,,0.07491593714803457,1.418125000782311,0.6512498948723078,2.15329194907099
1157,Zhejia,unknown,unavailable_in_sd_path,44,/Users/zilongzeng/Research/DroneControl/user_study_v1/Zhejia/Unknown/44.wav,Zhejia/Unknown/44.wav,unknown,0.99609375,0.0,0.0,0.99609375,"[-128, -128, 127]",True,,,,0.06804207805544138,1.3446249067783356,0.6723749684169888,2.090708934701979
1158,Zhejia,unknown,unavailable_in_sd_path,45,/Users/zilongzeng/Research/DroneControl/user_study_v1/Zhejia/Unknown/45.wav,Zhejia/Unknown/45.wav,unknown,0.99609375,0.0,0.0,0.99609375,"[-128, -128, 127]",True,,,,0.0783340074121952,1.2497920542955399,0.6981670157983899,2.03216599766165
1159,Zhejia,unknown,unavailable_in_sd_path,46,/Users/zilongzeng/Research/DroneControl/user_study_v1/Zhejia/Unknown/46.wav,Zhejia/Unknown/46.wav,unknown,0.99609375,0.0,0.0,0.99609375,"[-128, -128, 127]",True,,,,0.21737499628216028,1.3234580401331186,0.6987079977989197,2.2453749552369118
1160,Zhejia,unknown,unavailable_in_sd_path,47,/Users/zilongzeng/Research/DroneControl/user_study_v1/Zhejia/Unknown/47.wav,Zhejia/Unknown/47.wav,movement,0.99609375,0.0,0.99609375,0.0,"[-128, 127, -128]",False,,,,0.21366693545132875,1.2760000536218286,0.7224999135360122,2.219707937911153
1161,Zhejia,unknown,unavailable_in_sd_path,48,/Users/zilongzeng/Research/DroneControl/user_study_v1/Zhejia/Unknown/48.wav,Zhejia/Unknown/48.wav,unknown,0.99609375,0.0,0.0,0.99609375,"[-128, -128, 127]",True,,,,0.0967090018093586,1.3185000279918313,0.7006670348346233,2.1210829727351665
1162,Zhejia,unknown,unavailable_in_sd_path,49,/Users/zilongzeng/Research/DroneControl/user_study_v1/Zhejia/Unknown/49.wav,Zhejia/Unknown/49.wav,unknown,0.99609375,0.0,0.0,0.99609375,"[-128, -128, 127]",True,,,,0.06324995774775743,1.2782500125467777,0.7116670021787286,2.093374961987138
1163,Zhuoran,emergency,unavailable_in_sd_path,0,/Users/zilongzeng/Research/DroneControl/user_study_v1/Zhuoran/Emergency/0.wav,Zhuoran/Emergency/0.wav,emergency,0.99609375,0.99609375,0.0,0.0,"[127, -128, -128]",True,,,,0.15316694043576717,1.272708992473781,0.6905830232426524,2.1242499351501465
1164,Zhuoran,emergency,unavailable_in_sd_path,1,/Users/zilongzeng/Research/DroneControl/user_study_v1/Zhuoran/Emergency/1.wav,Zhuoran/Emergency/1.wav,unknown,0.9921875,0.0078125,0.0,0.9921875,"[-126, -128, 126]",False,,,,0.0886659836396575,1.3253330253064632,0.7343339966610074,2.156374976038933
1165,Zhuoran,emergency,unavailable_in_sd_path,2,/Users/zilongzeng/Research/DroneControl/user_study_v1/Zhuoran/Emergency/2.wav,Zhuoran/Emergency/2.wav,movement,0.99609375,0.0,0.99609375,0.0,"[-128, 127, -128]",False,,,,0.10587507858872414,1.3188329758122563,0.6915000267326832,2.1219589980319142
1166,Zhuoran,emergency,unavailable_in_sd_path,3,/Users/zilongzeng/Research/DroneControl/user_study_v1/Zhuoran/Emergency/3.wav,Zhuoran/Emergency/3.wav,emergency,0.99609375,0.99609375,0.0,0.0,"[127, -128, -128]",True,,,,0.06745802238583565,1.3933749869465828,0.645332969725132,2.115334034897387
1167,Zhuoran,emergency,unavailable_in_sd_path,4,/Users/zilongzeng/Research/DroneControl/user_study_v1/Zhuoran/Emergency/4.wav,Zhuoran/Emergency/4.wav,emergency,0.734375,0.734375,0.26953125,0.0,"[60, -59, -128]",True,,,,0.14420796651393175,1.2974999845027924,0.7045420352369547,2.153957961127162
1168,Zhuoran,emergency,unavailable_in_sd_path,5,/Users/zilongzeng/Research/DroneControl/user_study_v1/Zhuoran/Emergency/5.wav,Zhuoran/Emergency/5.wav,emergency,0.99609375,0.99609375,0.0,0.0,"[127, -128, -128]",True,,,,0.0967920059338212,1.2732920004054904,0.7270419737324119,2.103750011883676
1169,Zhuoran,emergency,unavailable_in_sd_path,6,/Users/zilongzeng/Research/DroneControl/user_study_v1/Zhuoran/Emergency/6.wav,Zhuoran/Emergency/6.wav,emergency,0.99609375,0.99609375,0.0,0.0,"[127, -128, -128]",True,,,,0.07924996316432953,1.2250420404598117,0.692417030222714,2.002042019739747
1170,Zhuoran,emergency,unavailable_in_sd_path,7,/Users/zilongzeng/Research/DroneControl/user_study_v1/Zhuoran/Emergency/7.wav,Zhuoran/Emergency/7.wav,emergency,0.99609375,0.99609375,0.0,0.0,"[127, -128, -128]",True,,,,0.06237498018890619,1.1780830100178719,0.6901670712977648,1.9658750388771296
1171,Zhuoran,emergency,unavailable_in_sd_path,8,/Users/zilongzeng/Research/DroneControl/user_study_v1/Zhuoran/Emergency/8.wav,Zhuoran/Emergency/8.wav,movement,0.9609375,0.015625,0.9609375,0.01953125,"[-124, 118, -123]",False,,,,0.13479101471602917,1.2481249868869781,0.7052919827401638,2.095417003147304
1172,Zhuoran,emergency,unavailable_in_sd_path,9,/Users/zilongzeng/Research/DroneControl/user_study_v1/Zhuoran/Emergency/9.wav,Zhuoran/Emergency/9.wav,emergency,0.6484375,0.6484375,0.3515625,0.0,"[38, -38, -128]",True,,,,0.08916703518480062,1.2416670797392726,0.7132500177249312,2.0524999126791954
1173,Zhuoran,emergency,unavailable_in_sd_path,10,/Users/zilongzeng/Research/DroneControl/user_study_v1/Zhuoran/Emergency/10.wav,Zhuoran/Emergency/10.wav,unknown,0.96875,0.03125,0.0,0.96875,"[-120, -128, 120]",False,,,,0.11495896615087986,1.33350002579391,0.7060830248519778,2.1604159846901894
1174,Zhuoran,emergency,unavailable_in_sd_path,11,/Users/zilongzeng/Research/DroneControl/user_study_v1/Zhuoran/Emergency/11.wav,Zhuoran/Emergency/11.wav,emergency,0.99609375,0.99609375,0.0,0.0,"[127, -128, -128]",True,,,,0.07366703357547522,1.2909169308841228,0.7099580252543092,2.080291975289583
1175,Zhuoran,emergency,unavailable_in_sd_path,12,/Users/zilongzeng/Research/DroneControl/user_study_v1/Zhuoran/Emergency/12.wav,Zhuoran/Emergency/12.wav,emergency,0.99609375,0.99609375,0.0,0.0,"[127, -128, -128]",True,,,,0.07299997378140688,1.2244170065969229,0.7012919522821903,2.0041250390931964
1176,Zhuoran,emergency,unavailable_in_sd_path,13,/Users/zilongzeng/Research/DroneControl/user_study_v1/Zhuoran/Emergency/13.wav,Zhuoran/Emergency/13.wav,emergency,0.99609375,0.99609375,0.0,0.0,"[127, -128, -128]",True,,,,0.06262504030019045,1.2658339692279696,0.7261669961735606,2.062584040686488
1177,Zhuoran,emergency,unavailable_in_sd_path,14,/Users/zilongzeng/Research/DroneControl/user_study_v1/Zhuoran/Emergency/14.wav,Zhuoran/Emergency/14.wav,emergency,0.99609375,0.99609375,0.0,0.0,"[127, -128, -128]",True,,,,0.1217500539496541,1.2923328904435039,0.692834029905498,2.112667076289654
1178,Zhuoran,emergency,unavailable_in_sd_path,15,/Users/zilongzeng/Research/DroneControl/user_study_v1/Zhuoran/Emergency/15.wav,Zhuoran/Emergency/15.wav,emergency,0.99609375,0.99609375,0.0,0.0,"[127, -128, -128]",True,,,,0.17862499225884676,1.383375027216971,0.6491659441962838,2.2197910584509373
1179,Zhuoran,emergency,unavailable_in_sd_path,16,/Users/zilongzeng/Research/DroneControl/user_study_v1/Zhuoran/Emergency/16.wav,Zhuoran/Emergency/16.wav,emergency,0.99609375,0.99609375,0.0,0.0,"[127, -128, -128]",True,,,,0.3588749095797539,1.2826659949496388,0.712667009793222,2.361416001804173
1180,Zhuoran,emergency,unavailable_in_sd_path,17,/Users/zilongzeng/Research/DroneControl/user_study_v1/Zhuoran/Emergency/17.wav,Zhuoran/Emergency/17.wav,unknown,0.98828125,0.01171875,0.0,0.98828125,"[-125, -128, 125]",False,,,,0.1027500256896019,1.4497500378638506,0.6099159363657236,2.1709169959649444
1181,Zhuoran,emergency,unavailable_in_sd_path,18,/Users/zilongzeng/Research/DroneControl/user_study_v1/Zhuoran/Emergency/18.wav,Zhuoran/Emergency/18.wav,emergency,0.99609375,0.99609375,0.0,0.0,"[127, -128, -128]",True,,,,0.14283298514783382,1.3401249889284372,0.6989999674260616,2.188708051107824
1182,Zhuoran,emergency,unavailable_in_sd_path,19,/Users/zilongzeng/Research/DroneControl/user_study_v1/Zhuoran/Emergency/19.wav,Zhuoran/Emergency/19.wav,emergency,0.99609375,0.99609375,0.0,0.0,"[127, -128, -128]",True,,,,0.0866670161485672,1.2768330052495003,0.6822079885751009,2.0512089831754565
1183,Zhuoran,emergency,unavailable_in_sd_path,20,/Users/zilongzeng/Research/DroneControl/user_study_v1/Zhuoran/Emergency/20.wav,Zhuoran/Emergency/20.wav,emergency,0.99609375,0.99609375,0.0,0.0,"[127, -128, -128]",True,,,,0.07666705641895533,1.2343749403953552,0.6988750537857413,2.0154579542577267
1184,Zhuoran,emergency,unavailable_in_sd_path,21,/Users/zilongzeng/Research/DroneControl/user_study_v1/Zhuoran/Emergency/21.wav,Zhuoran/Emergency/21.wav,emergency,0.99609375,0.99609375,0.0,0.0,"[127, -128, -128]",True,,,,0.07274991367012262,1.3453750871121883,0.7112910971045494,2.137125004082918
1185,Zhuoran,emergency,unavailable_in_sd_path,22,/Users/zilongzeng/Research/DroneControl/user_study_v1/Zhuoran/Emergency/22.wav,Zhuoran/Emergency/22.wav,emergency,0.99609375,0.99609375,0.0,0.0,"[127, -128, -128]",True,,,,0.08929101750254631,1.273833098821342,0.6817909888923168,2.0503340056166053
1186,Zhuoran,emergency,unavailable_in_sd_path,23,/Users/zilongzeng/Research/DroneControl/user_study_v1/Zhuoran/Emergency/23.wav,Zhuoran/Emergency/23.wav,emergency,0.99609375,0.99609375,0.0,0.0,"[127, -128, -128]",True,,,,0.07791700772941113,1.2866660254076123,0.6829170743003488,2.053624950349331
1187,Zhuoran,emergency,unavailable_in_sd_path,24,/Users/zilongzeng/Research/DroneControl/user_study_v1/Zhuoran/Emergency/24.wav,Zhuoran/Emergency/24.wav,emergency,0.99609375,0.99609375,0.0,0.0,"[127, -128, -128]",True,,,,0.08479098323732615,1.3130829902365804,0.7019999902695417,2.105416962876916
1188,Zhuoran,emergency,unavailable_in_sd_path,25,/Users/zilongzeng/Research/DroneControl/user_study_v1/Zhuoran/Emergency/25.wav,Zhuoran/Emergency/25.wav,emergency,0.99609375,0.99609375,0.0,0.0,"[127, -128, -128]",True,,,,0.07491698488593102,1.4424999244511127,0.6326250731945038,2.159166964702308
1189,Zhuoran,emergency,unavailable_in_sd_path,26,/Users/zilongzeng/Research/DroneControl/user_study_v1/Zhuoran/Emergency/26.wav,Zhuoran/Emergency/26.wav,emergency,0.99609375,0.99609375,0.0,0.0,"[127, -128, -128]",True,,,,0.15295809134840965,1.2949580559507012,0.6883339956402779,2.1422089776024222
1190,Zhuoran,emergency,unavailable_in_sd_path,27,/Users/zilongzeng/Research/DroneControl/user_study_v1/Zhuoran/Emergency/27.wav,Zhuoran/Emergency/27.wav,emergency,0.99609375,0.99609375,0.0,0.0,"[127, -128, -128]",True,,,,0.06679201032966375,1.253875088877976,0.7022089557722211,2.0286659710109234
1191,Zhuoran,emergency,unavailable_in_sd_path,28,/Users/zilongzeng/Research/DroneControl/user_study_v1/Zhuoran/Emergency/28.wav,Zhuoran/Emergency/28.wav,emergency,0.99609375,0.99609375,0.0,0.0,"[127, -128, -128]",True,,,,0.07070798892527819,1.3571669114753604,0.6245410768315196,2.0612090593203902
1192,Zhuoran,emergency,unavailable_in_sd_path,29,/Users/zilongzeng/Research/DroneControl/user_study_v1/Zhuoran/Emergency/29.wav,Zhuoran/Emergency/29.wav,emergency,0.99609375,0.99609375,0.0,0.0,"[127, -128, -128]",True,,,,0.131291919387877,1.312082982622087,0.7197080412879586,2.1697909105569124
1193,Zhuoran,emergency,unavailable_in_sd_path,30,/Users/zilongzeng/Research/DroneControl/user_study_v1/Zhuoran/Emergency/30.wav,Zhuoran/Emergency/30.wav,emergency,0.99609375,0.99609375,0.0,0.0,"[127, -128, -128]",True,,,,0.08779193740338087,1.1502910638228059,0.6954580312594771,1.9390829838812351
1194,Zhuoran,emergency,unavailable_in_sd_path,31,/Users/zilongzeng/Research/DroneControl/user_study_v1/Zhuoran/Emergency/31.wav,Zhuoran/Emergency/31.wav,emergency,0.99609375,0.99609375,0.0,0.0,"[127, -128, -128]",True,,,,0.06033293902873993,1.4602920273318887,0.6648330017924309,2.1954169496893883
1195,Zhuoran,emergency,unavailable_in_sd_path,32,/Users/zilongzeng/Research/DroneControl/user_study_v1/Zhuoran/Emergency/32.wav,Zhuoran/Emergency/32.wav,emergency,0.99609375,0.99609375,0.0,0.0,"[127, -128, -128]",True,,,,0.18379208631813526,1.3544580433517694,0.7385420612990856,2.2848329972475767
1196,Zhuoran,emergency,unavailable_in_sd_path,33,/Users/zilongzeng/Research/DroneControl/user_study_v1/Zhuoran/Emergency/33.wav,Zhuoran/Emergency/33.wav,movement,0.99609375,0.0,0.99609375,0.0,"[-128, 127, -128]",False,,,,0.24920795112848282,1.3346659252420068,0.6938750157132745,2.283209003508091
1197,Zhuoran,emergency,unavailable_in_sd_path,34,/Users/zilongzeng/Research/DroneControl/user_study_v1/Zhuoran/Emergency/34.wav,Zhuoran/Emergency/34.wav,movement,0.99609375,0.0,0.99609375,0.0,"[-128, 127, -128]",False,,,,0.23904198314994574,1.1977080721408129,0.7361250463873148,2.1816249936819077
1198,Zhuoran,emergency,unavailable_in_sd_path,35,/Users/zilongzeng/Research/DroneControl/user_study_v1/Zhuoran/Emergency/35.wav,Zhuoran/Emergency/35.wav,unknown,0.99609375,0.0,0.0,0.99609375,"[-128, -128, 127]",False,,,,0.06737501826137304,1.2350420001894236,0.673124915920198,1.9811659585684538
1199,Zhuoran,emergency,unavailable_in_sd_path,36,/Users/zilongzeng/Research/DroneControl/user_study_v1/Zhuoran/Emergency/36.wav,Zhuoran/Emergency/36.wav,unknown,0.99609375,0.0,0.0,0.99609375,"[-128, -128, 127]",False,,,,0.07187493611127138,1.2481249868869781,0.7232920033857226,2.049832954071462
1200,Zhuoran,emergency,unavailable_in_sd_path,37,/Users/zilongzeng/Research/DroneControl/user_study_v1/Zhuoran/Emergency/37.wav,Zhuoran/Emergency/37.wav,movement,0.99609375,0.0,0.99609375,0.0,"[-128, 127, -128]",False,,,,0.0753339845687151,1.228167093358934,0.6884579779580235,1.9974170718342066
1201,Zhuoran,emergency,unavailable_in_sd_path,38,/Users/zilongzeng/Research/DroneControl/user_study_v1/Zhuoran/Emergency/38.wav,Zhuoran/Emergency/38.wav,emergency,0.98046875,0.98046875,0.01953125,0.0,"[123, -123, -128]",True,,,,0.06541598122566938,1.1844579130411148,0.7067919941619039,1.9624170381575823
1202,Zhuoran,emergency,unavailable_in_sd_path,39,/Users/zilongzeng/Research/DroneControl/user_study_v1/Zhuoran/Emergency/39.wav,Zhuoran/Emergency/39.wav,emergency,0.9921875,0.9921875,0.0078125,0.0,"[126, -126, -128]",True,,,,0.09570899419486523,1.469625043682754,0.6737919757142663,2.250125049613416
1203,Zhuoran,emergency,unavailable_in_sd_path,40,/Users/zilongzeng/Research/DroneControl/user_study_v1/Zhuoran/Emergency/40.wav,Zhuoran/Emergency/40.wav,movement,0.953125,0.046875,0.953125,0.0,"[-116, 116, -128]",False,,,,0.18491607625037432,1.341083087027073,0.7252499926835299,2.2585829719901085
1204,Zhuoran,emergency,unavailable_in_sd_path,41,/Users/zilongzeng/Research/DroneControl/user_study_v1/Zhuoran/Emergency/41.wav,Zhuoran/Emergency/41.wav,unknown,0.99609375,0.0,0.0,0.99609375,"[-128, -128, 127]",False,,,,0.10187504813075066,1.2625829549506307,0.7011248962953687,2.071417053230107
1205,Zhuoran,emergency,unavailable_in_sd_path,42,/Users/zilongzeng/Research/DroneControl/user_study_v1/Zhuoran/Emergency/42.wav,Zhuoran/Emergency/42.wav,movement,0.99609375,0.0,0.99609375,0.00390625,"[-128, 127, -127]",False,,,,0.06616697646677494,1.2088329531252384,0.748540973290801,2.031291020102799
1206,Zhuoran,emergency,unavailable_in_sd_path,43,/Users/zilongzeng/Research/DroneControl/user_study_v1/Zhuoran/Emergency/43.wav,Zhuoran/Emergency/43.wav,movement,0.90234375,0.09765625,0.90234375,0.0,"[-103, 103, -128]",False,,,,0.06262492388486862,1.2926660710945725,0.6861250149086118,2.0479169907048345
1207,Zhuoran,emergency,unavailable_in_sd_path,44,/Users/zilongzeng/Research/DroneControl/user_study_v1/Zhuoran/Emergency/44.wav,Zhuoran/Emergency/44.wav,emergency,0.99609375,0.99609375,0.0,0.0,"[127, -128, -128]",True,,,,0.07079099304974079,1.2855419190600514,0.7217499660328031,2.084249979816377
1208,Zhuoran,emergency,unavailable_in_sd_path,45,/Users/zilongzeng/Research/DroneControl/user_study_v1/Zhuoran/Emergency/45.wav,Zhuoran/Emergency/45.wav,emergency,0.99609375,0.99609375,0.0,0.0,"[127, -128, -128]",True,,,,0.07454201113432646,1.2411250500008464,0.7029169937595725,2.0240420708432794
1209,Zhuoran,emergency,unavailable_in_sd_path,46,/Users/zilongzeng/Research/DroneControl/user_study_v1/Zhuoran/Emergency/46.wav,Zhuoran/Emergency/46.wav,movement,0.98046875,0.01953125,0.98046875,0.0,"[-123, 123, -128]",False,,,,0.07424992509186268,1.201125094667077,0.7363330805674195,2.0182079169899225
1210,Zhuoran,emergency,unavailable_in_sd_path,47,/Users/zilongzeng/Research/DroneControl/user_study_v1/Zhuoran/Emergency/47.wav,Zhuoran/Emergency/47.wav,emergency,0.99609375,0.99609375,0.0,0.0,"[127, -128, -128]",True,,,,0.07054093293845654,1.396208070218563,0.6855000974610448,2.1591660333797336
1211,Zhuoran,emergency,unavailable_in_sd_path,48,/Users/zilongzeng/Research/DroneControl/user_study_v1/Zhuoran/Emergency/48.wav,Zhuoran/Emergency/48.wav,emergency,0.99609375,0.99609375,0.0,0.0,"[127, -128, -128]",True,,,,0.07054104935377836,1.2823749566450715,0.7052499568089843,2.0645419135689735
1212,Zhuoran,emergency,unavailable_in_sd_path,49,/Users/zilongzeng/Research/DroneControl/user_study_v1/Zhuoran/Emergency/49.wav,Zhuoran/Emergency/49.wav,emergency,0.99609375,0.99609375,0.0,0.0,"[127, -128, -128]",True,,,,0.08329201955348253,1.208583009429276,0.7032080320641398,2.0003339741379023
1213,Zhuoran,movement,unavailable_in_sd_path,0,/Users/zilongzeng/Research/DroneControl/user_study_v1/Zhuoran/Movement/0.wav,Zhuoran/Movement/0.wav,movement,0.99609375,0.0,0.99609375,0.0,"[-128, 127, -128]",True,,,,0.08475000504404306,1.2812090571969748,0.7258750265464187,2.0992920035496354
1214,Zhuoran,movement,unavailable_in_sd_path,1,/Users/zilongzeng/Research/DroneControl/user_study_v1/Zhuoran/Movement/1.wav,Zhuoran/Movement/1.wav,movement,0.99609375,0.0,0.99609375,0.0,"[-128, 127, -128]",True,,,,0.2638750011101365,1.2359999818727374,0.7029579719528556,2.2085830569267273
1215,Zhuoran,movement,unavailable_in_sd_path,2,/Users/zilongzeng/Research/DroneControl/user_study_v1/Zhuoran/Movement/2.wav,Zhuoran/Movement/2.wav,movement,0.99609375,0.0,0.99609375,0.0,"[-128, 127, -128]",True,,,,0.21691701840609312,1.3519579079002142,0.7216669619083405,2.297291997820139
1216,Zhuoran,movement,unavailable_in_sd_path,3,/Users/zilongzeng/Research/DroneControl/user_study_v1/Zhuoran/Movement/3.wav,Zhuoran/Movement/3.wav,movement,0.99609375,0.0,0.99609375,0.0,"[-128, 127, -128]",True,,,,0.08845794945955276,1.2391660129651427,0.6970420945435762,2.03029194381088
1217,Zhuoran,movement,unavailable_in_sd_path,4,/Users/zilongzeng/Research/DroneControl/user_study_v1/Zhuoran/Movement/4.wav,Zhuoran/Movement/4.wav,movement,0.99609375,0.0,0.99609375,0.0,"[-128, 127, -128]",True,,,,0.07408298552036285,1.2432500952854753,0.6940830498933792,2.0498749800026417
1218,Zhuoran,movement,unavailable_in_sd_path,5,/Users/zilongzeng/Research/DroneControl/user_study_v1/Zhuoran/Movement/5.wav,Zhuoran/Movement/5.wav,movement,0.99609375,0.0,0.99609375,0.0,"[-128, 127, -128]",True,,,,0.23462495300918818,1.1817499762400985,0.7122090319171548,2.134874928742647
1219,Zhuoran,movement,unavailable_in_sd_path,6,/Users/zilongzeng/Research/DroneControl/user_study_v1/Zhuoran/Movement/6.wav,Zhuoran/Movement/6.wav,movement,0.99609375,0.0,0.99609375,0.0,"[-128, 127, -128]",True,,,,0.0689999433234334,1.2427920009940863,0.7212080527096987,2.0396250765770674
1220,Zhuoran,movement,unavailable_in_sd_path,7,/Users/zilongzeng/Research/DroneControl/user_study_v1/Zhuoran/Movement/7.wav,Zhuoran/Movement/7.wav,movement,0.99609375,0.0,0.99609375,0.0,"[-128, 127, -128]",True,,,,0.0831669894978404,1.2180000776425004,0.6911660311743617,1.9980419892817736
1221,Zhuoran,movement,unavailable_in_sd_path,8,/Users/zilongzeng/Research/DroneControl/user_study_v1/Zhuoran/Movement/8.wav,Zhuoran/Movement/8.wav,movement,0.99609375,0.0,0.99609375,0.0,"[-128, 127, -128]",True,,,,0.06362504791468382,1.2669579591602087,0.7050830172374845,2.075625001452863
1222,Zhuoran,movement,unavailable_in_sd_path,9,/Users/zilongzeng/Research/DroneControl/user_study_v1/Zhuoran/Movement/9.wav,Zhuoran/Movement/9.wav,movement,0.99609375,0.0,0.99609375,0.0,"[-128, 127, -128]",True,,,,0.15208299737423658,1.2185410596430302,0.6911249365657568,2.0677089923992753
1223,Zhuoran,movement,unavailable_in_sd_path,10,/Users/zilongzeng/Research/DroneControl/user_study_v1/Zhuoran/Movement/10.wav,Zhuoran/Movement/10.wav,movement,0.98828125,0.0,0.98828125,0.01171875,"[-128, 125, -125]",True,,,,0.061709084548056126,1.2763749109581113,0.7210420444607735,2.066125045530498
1224,Zhuoran,movement,unavailable_in_sd_path,11,/Users/zilongzeng/Research/DroneControl/user_study_v1/Zhuoran/Movement/11.wav,Zhuoran/Movement/11.wav,movement,0.99609375,0.0,0.99609375,0.0,"[-128, 127, -128]",True,,,,0.08187501225620508,1.2465419713407755,0.7040000054985285,2.038166974671185
1225,Zhuoran,movement,unavailable_in_sd_path,12,/Users/zilongzeng/Research/DroneControl/user_study_v1/Zhuoran/Movement/12.wav,Zhuoran/Movement/12.wav,unknown,0.99609375,0.0,0.0,0.99609375,"[-128, -128, 127]",False,,,,0.07741700392216444,1.1845839908346534,0.7166250143200159,2.019000006839633
1226,Zhuoran,movement,unavailable_in_sd_path,13,/Users/zilongzeng/Research/DroneControl/user_study_v1/Zhuoran/Movement/13.wav,Zhuoran/Movement/13.wav,unknown,0.99609375,0.0,0.0,0.99609375,"[-128, -128, 127]",False,,,,0.15408406034111977,1.2275000335648656,0.6833330262452364,2.0709580276161432
1227,Zhuoran,movement,unavailable_in_sd_path,14,/Users/zilongzeng/Research/DroneControl/user_study_v1/Zhuoran/Movement/14.wav,Zhuoran/Movement/14.wav,movement,0.96875,0.0,0.96875,0.03125,"[-128, 120, -120]",True,,,,0.06341608241200447,1.5026669716462493,0.6683329120278358,2.244457951746881
1228,Zhuoran,movement,unavailable_in_sd_path,15,/Users/zilongzeng/Research/DroneControl/user_study_v1/Zhuoran/Movement/15.wav,Zhuoran/Movement/15.wav,movement,0.99609375,0.0,0.99609375,0.0,"[-128, 127, -128]",True,,,,0.1485410612076521,1.280625001527369,0.7259170524775982,2.1629579132422805
1229,Zhuoran,movement,unavailable_in_sd_path,16,/Users/zilongzeng/Research/DroneControl/user_study_v1/Zhuoran/Movement/16.wav,Zhuoran/Movement/16.wav,unknown,0.99609375,0.0,0.0,0.99609375,"[-128, -128, 127]",False,,,,0.09950005915015936,1.2380420230329037,0.6246250122785568,1.969750039279461
1230,Zhuoran,movement,unavailable_in_sd_path,17,/Users/zilongzeng/Research/DroneControl/user_study_v1/Zhuoran/Movement/17.wav,Zhuoran/Movement/17.wav,unknown,0.69140625,0.0,0.30859375,0.69140625,"[-128, -49, 49]",False,,,,0.08245802018791437,1.1813340242952108,0.7136670174077153,1.9838330335915089
1231,Zhuoran,movement,unavailable_in_sd_path,18,/Users/zilongzeng/Research/DroneControl/user_study_v1/Zhuoran/Movement/18.wav,Zhuoran/Movement/18.wav,unknown,0.99609375,0.0,0.0,0.99609375,"[-128, -128, 127]",False,,,,0.07387506775557995,1.267208019271493,0.7247909670695662,2.072624978609383
1232,Zhuoran,movement,unavailable_in_sd_path,19,/Users/zilongzeng/Research/DroneControl/user_study_v1/Zhuoran/Movement/19.wav,Zhuoran/Movement/19.wav,unknown,0.99609375,0.0,0.0,0.99609375,"[-128, -128, 127]",False,,,,0.07925007957965136,1.3405000790953636,0.6991249974817038,2.1246669348329306
1233,Zhuoran,movement,unavailable_in_sd_path,20,/Users/zilongzeng/Research/DroneControl/user_study_v1/Zhuoran/Movement/20.wav,Zhuoran/Movement/20.wav,unknown,0.99609375,0.0,0.0,0.99609375,"[-128, -128, 127]",False,,,,0.21804205607622862,1.2181659694761038,0.6609580013900995,2.136165974661708
1234,Zhuoran,movement,unavailable_in_sd_path,21,/Users/zilongzeng/Research/DroneControl/user_study_v1/Zhuoran/Movement/21.wav,Zhuoran/Movement/21.wav,unknown,0.9921875,0.0,0.0078125,0.9921875,"[-128, -126, 126]",False,,,,0.3157909959554672,1.207082998007536,0.7063329685479403,2.235083025880158
1235,Zhuoran,movement,unavailable_in_sd_path,22,/Users/zilongzeng/Research/DroneControl/user_study_v1/Zhuoran/Movement/22.wav,Zhuoran/Movement/22.wav,movement,0.99609375,0.0,0.99609375,0.0,"[-128, 127, -128]",True,,,,0.07991609163582325,1.233624992892146,0.7239170372486115,2.0445840200409293
1236,Zhuoran,movement,unavailable_in_sd_path,23,/Users/zilongzeng/Research/DroneControl/user_study_v1/Zhuoran/Movement/23.wav,Zhuoran/Movement/23.wav,movement,0.93359375,0.0,0.93359375,0.06640625,"[-128, 111, -111]",True,,,,0.08008396252989769,1.2436250690370798,0.7107920246198773,2.040207968093455
1237,Zhuoran,movement,unavailable_in_sd_path,24,/Users/zilongzeng/Research/DroneControl/user_study_v1/Zhuoran/Movement/24.wav,Zhuoran/Movement/24.wav,movement,0.99609375,0.0,0.99609375,0.0,"[-128, 127, -128]",True,,,,0.0677499920129776,1.3539999490603805,0.6364999571815133,2.0675829146057367
1238,Zhuoran,movement,unavailable_in_sd_path,25,/Users/zilongzeng/Research/DroneControl/user_study_v1/Zhuoran/Movement/25.wav,Zhuoran/Movement/25.wav,movement,0.99609375,0.0,0.99609375,0.0,"[-128, 127, -128]",True,,,,0.16974995378404856,1.2764160055667162,0.6310829194262624,2.08529201336205
1239,Zhuoran,movement,unavailable_in_sd_path,26,/Users/zilongzeng/Research/DroneControl/user_study_v1/Zhuoran/Movement/26.wav,Zhuoran/Movement/26.wav,movement,0.99609375,0.0,0.99609375,0.0,"[-128, 127, -128]",True,,,,0.07154198829084635,1.3151250313967466,0.7215000223368406,2.114832983352244
1240,Zhuoran,movement,unavailable_in_sd_path,27,/Users/zilongzeng/Research/DroneControl/user_study_v1/Zhuoran/Movement/27.wav,Zhuoran/Movement/27.wav,movement,0.99609375,0.0,0.99609375,0.0,"[-128, 127, -128]",True,,,,0.08450006134808064,1.267292071133852,0.7053749868646264,2.0625829929485917
1241,Zhuoran,movement,unavailable_in_sd_path,28,/Users/zilongzeng/Research/DroneControl/user_study_v1/Zhuoran/Movement/28.wav,Zhuoran/Movement/28.wav,movement,0.99609375,0.0,0.99609375,0.0,"[-128, 127, -128]",True,,,,0.0724580604583025,1.2907079653814435,0.7073750020936131,2.0760000916197896
1242,Zhuoran,movement,unavailable_in_sd_path,29,/Users/zilongzeng/Research/DroneControl/user_study_v1/Zhuoran/Movement/29.wav,Zhuoran/Movement/29.wav,movement,0.99609375,0.0,0.99609375,0.0,"[-128, 127, -128]",True,,,,0.08237501606345177,1.233584014698863,0.7024999940767884,2.024332992732525
1243,Zhuoran,movement,unavailable_in_sd_path,30,/Users/zilongzeng/Research/DroneControl/user_study_v1/Zhuoran/Movement/30.wav,Zhuoran/Movement/30.wav,movement,0.99609375,0.0,0.99609375,0.0,"[-128, 127, -128]",True,,,,0.06262492388486862,1.2634580489248037,0.7004169747233391,2.032125019468367
1244,Zhuoran,movement,unavailable_in_sd_path,31,/Users/zilongzeng/Research/DroneControl/user_study_v1/Zhuoran/Movement/31.wav,Zhuoran/Movement/31.wav,emergency,0.62109375,0.62109375,0.15234375,0.2265625,"[31, -89, -70]",False,,,,0.07700000423938036,1.2876250548288226,0.7053749868646264,2.075625001452863
1245,Zhuoran,movement,unavailable_in_sd_path,32,/Users/zilongzeng/Research/DroneControl/user_study_v1/Zhuoran/Movement/32.wav,Zhuoran/Movement/32.wav,movement,0.99609375,0.0,0.99609375,0.0,"[-128, 127, -128]",True,,,,0.06879190914332867,1.2220409698784351,0.6550829857587814,1.9867089577019215
1246,Zhuoran,movement,unavailable_in_sd_path,33,/Users/zilongzeng/Research/DroneControl/user_study_v1/Zhuoran/Movement/33.wav,Zhuoran/Movement/33.wav,movement,0.99609375,0.0,0.99609375,0.0,"[-128, 127, -128]",True,,,,0.15570898540318012,1.2119159800931811,0.7100419607013464,2.0849169231951237
1247,Zhuoran,movement,unavailable_in_sd_path,34,/Users/zilongzeng/Research/DroneControl/user_study_v1/Zhuoran/Movement/34.wav,Zhuoran/Movement/34.wav,movement,0.99609375,0.0,0.99609375,0.0,"[-128, 127, -128]",True,,,,0.08616596460342407,1.269000000320375,0.7235000375658274,2.0863329991698265
1248,Zhuoran,movement,unavailable_in_sd_path,35,/Users/zilongzeng/Research/DroneControl/user_study_v1/Zhuoran/Movement/35.wav,Zhuoran/Movement/35.wav,unknown,0.99609375,0.0,0.0,0.99609375,"[-128, -128, 127]",False,,,,0.07679197005927563,1.3223749119788408,0.7099170470610261,2.1148750092834234
1249,Zhuoran,movement,unavailable_in_sd_path,36,/Users/zilongzeng/Research/DroneControl/user_study_v1/Zhuoran/Movement/36.wav,Zhuoran/Movement/36.wav,unknown,0.99609375,0.0,0.0,0.99609375,"[-128, -128, 127]",False,,,,0.07349997758865356,1.3748339843004942,0.6295839557424188,2.0876670023426414
1250,Zhuoran,movement,unavailable_in_sd_path,37,/Users/zilongzeng/Research/DroneControl/user_study_v1/Zhuoran/Movement/37.wav,Zhuoran/Movement/37.wav,unknown,0.99609375,0.0,0.0,0.99609375,"[-128, -128, 127]",False,,,,0.1556250499561429,1.2727919965982437,0.7056250469759107,2.1425409941002727
1251,Zhuoran,movement,unavailable_in_sd_path,38,/Users/zilongzeng/Research/DroneControl/user_study_v1/Zhuoran/Movement/38.wav,Zhuoran/Movement/38.wav,unknown,0.99609375,0.0,0.0,0.99609375,"[-128, -128, 127]",False,,,,0.29025005642324686,1.22487498447299,0.6923750042915344,2.2129169665277004
1252,Zhuoran,movement,unavailable_in_sd_path,39,/Users/zilongzeng/Research/DroneControl/user_study_v1/Zhuoran/Movement/39.wav,Zhuoran/Movement/39.wav,unknown,0.99609375,0.0,0.0,0.99609375,"[-128, -128, 127]",False,,,,0.22954202722758055,1.270500011742115,0.6999169709160924,2.205084078013897
1253,Zhuoran,movement,unavailable_in_sd_path,40,/Users/zilongzeng/Research/DroneControl/user_study_v1/Zhuoran/Movement/40.wav,Zhuoran/Movement/40.wav,movement,0.99609375,0.0,0.99609375,0.0,"[-128, 127, -128]",True,,,,0.213916995562613,1.2232089648023248,0.6972079863771796,2.140500000678003
1254,Zhuoran,movement,unavailable_in_sd_path,41,/Users/zilongzeng/Research/DroneControl/user_study_v1/Zhuoran/Movement/41.wav,Zhuoran/Movement/41.wav,movement,0.99609375,0.0,0.99609375,0.0,"[-128, 127, -128]",True,,,,0.21766708232462406,1.2286669807508588,0.7038329495117068,2.1551669342443347
1255,Zhuoran,movement,unavailable_in_sd_path,42,/Users/zilongzeng/Research/DroneControl/user_study_v1/Zhuoran/Movement/42.wav,Zhuoran/Movement/42.wav,movement,0.99609375,0.0,0.99609375,0.0,"[-128, 127, -128]",True,,,,0.21112500689923763,1.312082982622087,0.7070419378578663,2.2362080635502934
1256,Zhuoran,movement,unavailable_in_sd_path,43,/Users/zilongzeng/Research/DroneControl/user_study_v1/Zhuoran/Movement/43.wav,Zhuoran/Movement/43.wav,movement,0.53515625,0.02734375,0.53515625,0.4375,"[-121, 9, -16]",True,,,,0.2079169498756528,1.2865000171586871,0.6871660007163882,2.1866250317543745
1257,Zhuoran,movement,unavailable_in_sd_path,44,/Users/zilongzeng/Research/DroneControl/user_study_v1/Zhuoran/Movement/44.wav,Zhuoran/Movement/44.wav,movement,0.99609375,0.0,0.99609375,0.0,"[-128, 127, -128]",True,,,,0.6902089808136225,1.2637920444831252,0.6995000876486301,2.658874960616231
1258,Zhuoran,movement,unavailable_in_sd_path,45,/Users/zilongzeng/Research/DroneControl/user_study_v1/Zhuoran/Movement/45.wav,Zhuoran/Movement/45.wav,unknown,0.99609375,0.0,0.0,0.99609375,"[-128, -128, 127]",False,,,,0.2096670214086771,1.2597080785781145,0.7103329990059137,2.186749945394695
1259,Zhuoran,movement,unavailable_in_sd_path,46,/Users/zilongzeng/Research/DroneControl/user_study_v1/Zhuoran/Movement/46.wav,Zhuoran/Movement/46.wav,movement,0.99609375,0.0,0.99609375,0.0,"[-128, 127, -128]",True,,,,0.265624956227839,1.2576670851558447,0.6759170209988952,2.206207951530814
1260,Zhuoran,movement,unavailable_in_sd_path,47,/Users/zilongzeng/Research/DroneControl/user_study_v1/Zhuoran/Movement/47.wav,Zhuoran/Movement/47.wav,unknown,0.99609375,0.0,0.0,0.99609375,"[-128, -128, 127]",False,,,,0.07850001566112041,1.2779999524354935,0.7126659620553255,2.076791017316282
1261,Zhuoran,movement,unavailable_in_sd_path,48,/Users/zilongzeng/Research/DroneControl/user_study_v1/Zhuoran/Movement/48.wav,Zhuoran/Movement/48.wav,unknown,0.59765625,0.0,0.40234375,0.59765625,"[-128, -25, 25]",False,,,,0.06983301136642694,1.2994579738005996,0.6847910117357969,2.060124999843538
1262,Zhuoran,movement,unavailable_in_sd_path,49,/Users/zilongzeng/Research/DroneControl/user_study_v1/Zhuoran/Movement/49.wav,Zhuoran/Movement/49.wav,movement,0.99609375,0.0,0.99609375,0.0,"[-128, 127, -128]",True,,,,0.07283303420990705,1.2403749860823154,0.7142090471461415,2.0341669442132115
1263,Zhuoran,unknown,unavailable_in_sd_path,0,/Users/zilongzeng/Research/DroneControl/user_study_v1/Zhuoran/Unknown/0.wav,Zhuoran/Unknown/0.wav,unknown,0.99609375,0.0,0.0,0.99609375,"[-128, -128, 127]",True,,,,0.08824991527944803,1.2060829903930426,0.7067499682307243,2.0065419375896454
1264,Zhuoran,unknown,unavailable_in_sd_path,1,/Users/zilongzeng/Research/DroneControl/user_study_v1/Zhuoran/Unknown/1.wav,Zhuoran/Unknown/1.wav,unknown,0.99609375,0.0,0.0,0.99609375,"[-128, -128, 127]",True,,,,0.06516696885228157,1.21720798779279,0.7273340597748756,2.0167920738458633
1265,Zhuoran,unknown,unavailable_in_sd_path,2,/Users/zilongzeng/Research/DroneControl/user_study_v1/Zhuoran/Unknown/2.wav,Zhuoran/Unknown/2.wav,unknown,0.99609375,0.0,0.0,0.99609375,"[-128, -128, 127]",True,,,,0.06483308970928192,1.2891669757664204,0.6912089884281158,2.0507080480456352
1266,Zhuoran,unknown,unavailable_in_sd_path,3,/Users/zilongzeng/Research/DroneControl/user_study_v1/Zhuoran/Unknown/3.wav,Zhuoran/Unknown/3.wav,unknown,0.76953125,0.23046875,0.0,0.76953125,"[-69, -128, 69]",True,,,,0.06712507456541061,1.2205420061945915,0.7190420292317867,2.01329099945724
1267,Zhuoran,unknown,unavailable_in_sd_path,4,/Users/zilongzeng/Research/DroneControl/user_study_v1/Zhuoran/Unknown/4.wav,Zhuoran/Unknown/4.wav,unknown,0.99609375,0.0,0.0,0.99609375,"[-128, -128, 127]",True,,,,0.08699996396899223,1.2166670057922602,0.6952499970793724,2.004500012844801
1268,Zhuoran,unknown,unavailable_in_sd_path,5,/Users/zilongzeng/Research/DroneControl/user_study_v1/Zhuoran/Unknown/5.wav,Zhuoran/Unknown/5.wav,unknown,0.99609375,0.0,0.0,0.99609375,"[-128, -128, 127]",True,,,,0.06837490946054459,1.4982500579208136,0.6271250313147902,2.2026249207556248
1269,Zhuoran,unknown,unavailable_in_sd_path,6,/Users/zilongzeng/Research/DroneControl/user_study_v1/Zhuoran/Unknown/6.wav,Zhuoran/Unknown/6.wav,unknown,0.99609375,0.0,0.0,0.99609375,"[-128, -128, 127]",True,,,,0.14529097825288773,1.2672919547185302,0.6001669680699706,2.0209169015288353
1270,Zhuoran,unknown,unavailable_in_sd_path,7,/Users/zilongzeng/Research/DroneControl/user_study_v1/Zhuoran/Unknown/7.wav,Zhuoran/Unknown/7.wav,unknown,0.99609375,0.0,0.0,0.99609375,"[-128, -128, 127]",True,,,,0.11512497439980507,1.2913750251755118,0.724207959137857,2.1386250155046582
1271,Zhuoran,unknown,unavailable_in_sd_path,8,/Users/zilongzeng/Research/DroneControl/user_study_v1/Zhuoran/Unknown/8.wav,Zhuoran/Unknown/8.wav,unknown,0.99609375,0.0,0.0,0.99609375,"[-128, -128, 127]",True,,,,0.106374965980649,1.2817500391975045,0.7016670424491167,2.095457981340587
1272,Zhuoran,unknown,unavailable_in_sd_path,9,/Users/zilongzeng/Research/DroneControl/user_study_v1/Zhuoran/Unknown/9.wav,Zhuoran/Unknown/9.wav,unknown,0.99609375,0.0,0.0,0.99609375,"[-128, -128, 127]",True,,,,0.08158304262906313,1.2483330210670829,0.7314169779419899,2.068249974399805
1273,Zhuoran,unknown,unavailable_in_sd_path,10,/Users/zilongzeng/Research/DroneControl/user_study_v1/Zhuoran/Unknown/10.wav,Zhuoran/Unknown/10.wav,unknown,0.99609375,0.0,0.0,0.99609375,"[-128, -128, 127]",True,,,,0.07029203698039055,1.1887919390574098,0.6888750940561295,1.9532910082489252
1274,Zhuoran,unknown,unavailable_in_sd_path,11,/Users/zilongzeng/Research/DroneControl/user_study_v1/Zhuoran/Unknown/11.wav,Zhuoran/Unknown/11.wav,unknown,0.99609375,0.0,0.0,0.99609375,"[-128, -128, 127]",True,,,,0.21716696210205555,1.2392919743433595,0.7185830036178231,2.1817920496687293
1275,Zhuoran,unknown,unavailable_in_sd_path,12,/Users/zilongzeng/Research/DroneControl/user_study_v1/Zhuoran/Unknown/12.wav,Zhuoran/Unknown/12.wav,unknown,0.99609375,0.0,0.0,0.99609375,"[-128, -128, 127]",True,,,,0.23975002113729715,1.2977919541299343,0.7053751032799482,2.2487080423161387
1276,Zhuoran,unknown,unavailable_in_sd_path,13,/Users/zilongzeng/Research/DroneControl/user_study_v1/Zhuoran/Unknown/13.wav,Zhuoran/Unknown/13.wav,unknown,0.8046875,0.0,0.1953125,0.8046875,"[-128, -78, 78]",True,,,,0.06612506695091724,1.171874930150807,0.7471670396625996,1.992833917029202
1277,Zhuoran,unknown,unavailable_in_sd_path,14,/Users/zilongzeng/Research/DroneControl/user_study_v1/Zhuoran/Unknown/14.wav,Zhuoran/Unknown/14.wav,unknown,0.99609375,0.0,0.0,0.99609375,"[-128, -128, 127]",True,,,,0.06695894990116358,1.2240420328453183,0.6902499590069056,1.9863329362124205
1278,Zhuoran,unknown,unavailable_in_sd_path,15,/Users/zilongzeng/Research/DroneControl/user_study_v1/Zhuoran/Unknown/15.wav,Zhuoran/Unknown/15.wav,unknown,0.99609375,0.0,0.0,0.99609375,"[-128, -128, 127]",True,,,,0.06329093594104052,1.2164170620962977,0.7184999994933605,2.0042499527335167
1279,Zhuoran,unknown,unavailable_in_sd_path,16,/Users/zilongzeng/Research/DroneControl/user_study_v1/Zhuoran/Unknown/16.wav,Zhuoran/Unknown/16.wav,emergency,0.76953125,0.76953125,0.23046875,0.0,"[69, -69, -128]",False,,,,0.07929105777293444,1.2445419561117887,0.6896250415593386,2.018457977101207
1280,Zhuoran,unknown,unavailable_in_sd_path,17,/Users/zilongzeng/Research/DroneControl/user_study_v1/Zhuoran/Unknown/17.wav,Zhuoran/Unknown/17.wav,movement,0.99609375,0.0,0.99609375,0.0,"[-128, 127, -128]",False,,,,0.07316702976822853,1.2406660243868828,0.738792004995048,2.0598750561475754
1281,Zhuoran,unknown,unavailable_in_sd_path,18,/Users/zilongzeng/Research/DroneControl/user_study_v1/Zhuoran/Unknown/18.wav,Zhuoran/Unknown/18.wav,emergency,0.99609375,0.99609375,0.0,0.0,"[127, -128, -128]",False,,,,0.06541702896356583,1.2801249977201223,0.6766249425709248,2.028082963079214
1282,Zhuoran,unknown,unavailable_in_sd_path,19,/Users/zilongzeng/Research/DroneControl/user_study_v1/Zhuoran/Unknown/19.wav,Zhuoran/Unknown/19.wav,unknown,0.99609375,0.0,0.0,0.99609375,"[-128, -128, 127]",True,,,,0.06962497718632221,1.2492500245571136,0.7221249397844076,2.0467080175876617
1283,Zhuoran,unknown,unavailable_in_sd_path,20,/Users/zilongzeng/Research/DroneControl/user_study_v1/Zhuoran/Unknown/20.wav,Zhuoran/Unknown/20.wav,unknown,0.99609375,0.0,0.0,0.99609375,"[-128, -128, 127]",True,,,,0.07120799273252487,1.3702920405194163,0.6370409391820431,2.088167006149888
1284,Zhuoran,unknown,unavailable_in_sd_path,21,/Users/zilongzeng/Research/DroneControl/user_study_v1/Zhuoran/Unknown/21.wav,Zhuoran/Unknown/21.wav,movement,0.99609375,0.0,0.99609375,0.0,"[-128, 127, -128]",False,,,,0.15579198952764273,1.2171670095995069,0.7419580360874534,2.123708021827042
1285,Zhuoran,unknown,unavailable_in_sd_path,22,/Users/zilongzeng/Research/DroneControl/user_study_v1/Zhuoran/Unknown/22.wav,Zhuoran/Unknown/22.wav,emergency,0.99609375,0.99609375,0.0,0.0,"[127, -128, -128]",False,,,,0.06845791358500719,1.3524170499294996,0.6726670544594526,2.102707978338003
1286,Zhuoran,unknown,unavailable_in_sd_path,23,/Users/zilongzeng/Research/DroneControl/user_study_v1/Zhuoran/Unknown/23.wav,Zhuoran/Unknown/23.wav,movement,0.99609375,0.0,0.99609375,0.0,"[-128, 127, -128]",False,,,,0.1377919688820839,1.2758750235661864,0.7348749786615372,2.1572919795289636
1287,Zhuoran,unknown,unavailable_in_sd_path,24,/Users/zilongzeng/Research/DroneControl/user_study_v1/Zhuoran/Unknown/24.wav,Zhuoran/Unknown/24.wav,emergency,0.484375,0.484375,0.1171875,0.3984375,"[-4, -98, -26]",False,,,,0.10070798452943563,1.2245000107213855,0.7133750477805734,2.044874941930175
1288,Zhuoran,unknown,unavailable_in_sd_path,25,/Users/zilongzeng/Research/DroneControl/user_study_v1/Zhuoran/Unknown/25.wav,Zhuoran/Unknown/25.wav,unknown,0.99609375,0.0,0.0,0.99609375,"[-128, -128, 127]",True,,,,0.07045804522931576,1.1931669432669878,0.7263330044224858,1.9976251060143113
1289,Zhuoran,unknown,unavailable_in_sd_path,26,/Users/zilongzeng/Research/DroneControl/user_study_v1/Zhuoran/Unknown/26.wav,Zhuoran/Unknown/26.wav,unknown,0.99609375,0.0,0.0,0.99609375,"[-128, -128, 127]",True,,,,0.08554104715585709,1.3518331106752157,0.7002090569585562,2.143208053894341
1290,Zhuoran,unknown,unavailable_in_sd_path,27,/Users/zilongzeng/Research/DroneControl/user_study_v1/Zhuoran/Unknown/27.wav,Zhuoran/Unknown/27.wav,unknown,0.99609375,0.0,0.0,0.99609375,"[-128, -128, 127]",True,,,,0.06779201794415712,1.2514169793576002,0.7085419492796063,2.034583012573421
1291,Zhuoran,unknown,unavailable_in_sd_path,28,/Users/zilongzeng/Research/DroneControl/user_study_v1/Zhuoran/Unknown/28.wav,Zhuoran/Unknown/28.wav,unknown,0.99609375,0.0,0.0,0.99609375,"[-128, -128, 127]",True,,,,0.08087500464171171,1.2308330042287707,0.6998749449849129,2.017167047597468
1292,Zhuoran,unknown,unavailable_in_sd_path,29,/Users/zilongzeng/Research/DroneControl/user_study_v1/Zhuoran/Unknown/29.wav,Zhuoran/Unknown/29.wav,unknown,0.99609375,0.0,0.0,0.99609375,"[-128, -128, 127]",True,,,,0.06799993570894003,1.214417046867311,0.7132919272407889,2.0014579640701413
1293,Zhuoran,unknown,unavailable_in_sd_path,30,/Users/zilongzeng/Research/DroneControl/user_study_v1/Zhuoran/Unknown/30.wav,Zhuoran/Unknown/30.wav,unknown,0.99609375,0.0,0.0,0.99609375,"[-128, -128, 127]",True,,,,0.21374993957579136,1.2948749354109168,0.7014580769464374,2.2163749672472477
1294,Zhuoran,unknown,unavailable_in_sd_path,31,/Users/zilongzeng/Research/DroneControl/user_study_v1/Zhuoran/Unknown/31.wav,Zhuoran/Unknown/31.wav,unknown,0.99609375,0.0,0.0,0.99609375,"[-128, -128, 127]",True,,,,0.35737501457333565,1.2347919400781393,0.7151250028982759,2.313624951057136
1295,Zhuoran,unknown,unavailable_in_sd_path,32,/Users/zilongzeng/Research/DroneControl/user_study_v1/Zhuoran/Unknown/32.wav,Zhuoran/Unknown/32.wav,unknown,0.99609375,0.0,0.0,0.99609375,"[-128, -128, 127]",True,,,,0.07737497799098492,1.2437499826774001,0.7034159498289227,2.0303329220041633
1296,Zhuoran,unknown,unavailable_in_sd_path,33,/Users/zilongzeng/Research/DroneControl/user_study_v1/Zhuoran/Unknown/33.wav,Zhuoran/Unknown/33.wav,emergency,0.99609375,0.99609375,0.0,0.0,"[127, -128, -128]",False,,,,0.08020899258553982,1.3382500037550926,0.7448750548064709,2.173249959014356
1297,Zhuoran,unknown,unavailable_in_sd_path,34,/Users/zilongzeng/Research/DroneControl/user_study_v1/Zhuoran/Unknown/34.wav,Zhuoran/Unknown/34.wav,emergency,0.99609375,0.99609375,0.0,0.0,"[127, -128, -128]",False,,,,0.10562501847743988,1.304500037804246,0.7065829122439027,2.123666927218437
1298,Zhuoran,unknown,unavailable_in_sd_path,35,/Users/zilongzeng/Research/DroneControl/user_study_v1/Zhuoran/Unknown/35.wav,Zhuoran/Unknown/35.wav,unknown,0.99609375,0.0,0.0,0.99609375,"[-128, -128, 127]",True,,,,0.08366699330508709,1.4292080886662006,0.7379590533673763,2.2606250131502748
1299,Zhuoran,unknown,unavailable_in_sd_path,36,/Users/zilongzeng/Research/DroneControl/user_study_v1/Zhuoran/Unknown/36.wav,Zhuoran/Unknown/36.wav,unknown,0.99609375,0.0,0.0,0.99609375,"[-128, -128, 127]",True,,,,0.1528329448774457,1.4538749819621444,0.726834055967629,2.3395000025629997
1300,Zhuoran,unknown,unavailable_in_sd_path,37,/Users/zilongzeng/Research/DroneControl/user_study_v1/Zhuoran/Unknown/37.wav,Zhuoran/Unknown/37.wav,emergency,0.99609375,0.99609375,0.0,0.0,"[127, -128, -128]",False,,,,0.09462505113333464,1.2956249993294477,0.6807079771533608,2.0766250090673566
1301,Zhuoran,unknown,unavailable_in_sd_path,38,/Users/zilongzeng/Research/DroneControl/user_study_v1/Zhuoran/Unknown/38.wav,Zhuoran/Unknown/38.wav,movement,0.8203125,0.1640625,0.8203125,0.015625,"[-86, 82, -124]",False,,,,0.0725410645827651,1.3609160669147968,0.7064170204102993,2.14562495239079
1302,Zhuoran,unknown,unavailable_in_sd_path,39,/Users/zilongzeng/Research/DroneControl/user_study_v1/Zhuoran/Unknown/39.wav,Zhuoran/Unknown/39.wav,unknown,0.99609375,0.0,0.0,0.99609375,"[-128, -128, 127]",True,,,,0.06987503729760647,1.3715419918298721,0.6270830053836107,2.0775829907506704
1303,Zhuoran,unknown,unavailable_in_sd_path,40,/Users/zilongzeng/Research/DroneControl/user_study_v1/Zhuoran/Unknown/40.wav,Zhuoran/Unknown/40.wav,unknown,0.99609375,0.0,0.0,0.99609375,"[-128, -128, 127]",True,,,,0.14187500346451998,1.3210000470280647,0.6954999407753348,2.165416022762656
1304,Zhuoran,unknown,unavailable_in_sd_path,41,/Users/zilongzeng/Research/DroneControl/user_study_v1/Zhuoran/Unknown/41.wav,Zhuoran/Unknown/41.wav,unknown,0.98828125,0.01171875,0.0,0.98828125,"[-125, -128, 125]",True,,,,0.08058396633714437,1.3801249442622066,0.6912499666213989,2.158750081434846
1305,Zhuoran,unknown,unavailable_in_sd_path,42,/Users/zilongzeng/Research/DroneControl/user_study_v1/Zhuoran/Unknown/42.wav,Zhuoran/Unknown/42.wav,unknown,0.99609375,0.0,0.0,0.99609375,"[-128, -128, 127]",True,,,,0.08212495595216751,1.2518749572336674,0.7121659582480788,2.052541938610375
1306,Zhuoran,unknown,unavailable_in_sd_path,43,/Users/zilongzeng/Research/DroneControl/user_study_v1/Zhuoran/Unknown/43.wav,Zhuoran/Unknown/43.wav,movement,0.99609375,0.0,0.99609375,0.0,"[-128, 127, -128]",False,,,,0.07408298552036285,1.394708058796823,0.6311250617727637,2.109167049638927
1307,Zhuoran,unknown,unavailable_in_sd_path,44,/Users/zilongzeng/Research/DroneControl/user_study_v1/Zhuoran/Unknown/44.wav,Zhuoran/Unknown/44.wav,movement,0.98828125,0.00390625,0.98828125,0.0078125,"[-127, 125, -126]",False,,,,0.15870900824666023,1.2854170054197311,0.6791669875383377,2.1298329811543226
1308,Zhuoran,unknown,unavailable_in_sd_path,45,/Users/zilongzeng/Research/DroneControl/user_study_v1/Zhuoran/Unknown/45.wav,Zhuoran/Unknown/45.wav,unknown,0.99609375,0.0,0.0,0.99609375,"[-128, -128, 127]",True,,,,0.08283404167741537,1.2800840195268393,0.6820419803261757,2.05091608222574
1309,Zhuoran,unknown,unavailable_in_sd_path,46,/Users/zilongzeng/Research/DroneControl/user_study_v1/Zhuoran/Unknown/46.wav,Zhuoran/Unknown/46.wav,unknown,0.99609375,0.0,0.0,0.99609375,"[-128, -128, 127]",True,,,,0.07875007577240467,1.4481660909950733,0.6639589555561543,2.2032090928405523
1310,Zhuoran,unknown,unavailable_in_sd_path,47,/Users/zilongzeng/Research/DroneControl/user_study_v1/Zhuoran/Unknown/47.wav,Zhuoran/Unknown/47.wav,unknown,0.99609375,0.0,0.0,0.99609375,"[-128, -128, 127]",True,,,,0.15516695566475391,1.4413339085876942,0.6465830374509096,2.2528329864144325
1311,Zhuoran,unknown,unavailable_in_sd_path,48,/Users/zilongzeng/Research/DroneControl/user_study_v1/Zhuoran/Unknown/48.wav,Zhuoran/Unknown/48.wav,unknown,0.99609375,0.0,0.0,0.99609375,"[-128, -128, 127]",True,,,,0.13145897537469864,1.3139579677954316,0.6814589723944664,2.135207992978394
1312,Zhuoran,unknown,unavailable_in_sd_path,49,/Users/zilongzeng/Research/DroneControl/user_study_v1/Zhuoran/Unknown/49.wav,Zhuoran/Unknown/49.wav,unknown,0.99609375,0.0,0.0,0.99609375,"[-128, -128, 127]",True,,,,0.2645410131663084,1.3437079032883048,0.6370419869199395,2.251666970551014
1313,Zilong,emergency,unavailable_in_sd_path,0,/Users/zilongzeng/Research/DroneControl/user_study_v1/Zilong/Emergency/0.wav,Zilong/Emergency/0.wav,emergency,0.9921875,0.9921875,0.0078125,0.0,"[126, -126, -128]",True,,,,1.6872910782694817,1.3625409919768572,0.6954999407753348,3.7534170551225543
1314,Zilong,emergency,unavailable_in_sd_path,1,/Users/zilongzeng/Research/DroneControl/user_study_v1/Zilong/Emergency/1.wav,Zilong/Emergency/1.wav,unknown,0.99609375,0.0,0.0,0.99609375,"[-128, -128, 127]",False,,,,0.2972909715026617,1.257415977306664,0.6730000022798777,2.235833089798689
1315,Zilong,emergency,unavailable_in_sd_path,2,/Users/zilongzeng/Research/DroneControl/user_study_v1/Zilong/Emergency/2.wav,Zilong/Emergency/2.wav,unknown,0.99609375,0.0,0.0,0.99609375,"[-128, -128, 127]",False,,,,0.0926250359043479,1.2781670084223151,0.6671251030638814,2.044416032731533
1316,Zilong,emergency,unavailable_in_sd_path,3,/Users/zilongzeng/Research/DroneControl/user_study_v1/Zilong/Emergency/3.wav,Zilong/Emergency/3.wav,emergency,0.99609375,0.99609375,0.0,0.0,"[127, -128, -128]",True,,,,0.09125005453824997,1.2478330172598362,0.6727500585839152,2.0182080334052444
1317,Zilong,emergency,unavailable_in_sd_path,4,/Users/zilongzeng/Research/DroneControl/user_study_v1/Zilong/Emergency/4.wav,Zilong/Emergency/4.wav,emergency,0.5,0.5,0.0,0.5,"[0, -128, 0]",True,,,,0.08829194121062756,1.2652080040425062,0.6980409380048513,2.05820903647691
1318,Zilong,emergency,unavailable_in_sd_path,5,/Users/zilongzeng/Research/DroneControl/user_study_v1/Zilong/Emergency/5.wav,Zilong/Emergency/5.wav,emergency,0.99609375,0.99609375,0.0,0.0,"[127, -128, -128]",True,,,,0.08583290036767721,1.2240840587764978,0.6846250034868717,2.000125008635223
1319,Zilong,emergency,unavailable_in_sd_path,6,/Users/zilongzeng/Research/DroneControl/user_study_v1/Zilong/Emergency/6.wav,Zilong/Emergency/6.wav,unknown,0.984375,0.015625,0.0,0.984375,"[-124, -128, 124]",False,,,,0.0696659553796053,1.3252920471131802,0.6491250824183226,2.052374999038875
1320,Zilong,emergency,unavailable_in_sd_path,7,/Users/zilongzeng/Research/DroneControl/user_study_v1/Zilong/Emergency/7.wav,Zilong/Emergency/7.wav,unknown,0.99609375,0.0,0.00390625,0.99609375,"[-128, -127, 127]",False,,,,0.11029094457626343,1.3106249971315265,0.6536669097840786,2.0830000285059214
1321,Zilong,emergency,unavailable_in_sd_path,8,/Users/zilongzeng/Research/DroneControl/user_study_v1/Zilong/Emergency/8.wav,Zilong/Emergency/8.wav,movement,0.99609375,0.00390625,0.99609375,0.0,"[-127, 127, -128]",False,,,,0.08666596841067076,1.2414999073371291,0.676875002682209,2.0110419718548656
1322,Zilong,emergency,unavailable_in_sd_path,9,/Users/zilongzeng/Research/DroneControl/user_study_v1/Zilong/Emergency/9.wav,Zilong/Emergency/9.wav,emergency,0.99609375,0.99609375,0.0,0.0,"[127, -128, -128]",True,,,,0.07845798972994089,1.213375013321638,0.6578329484909773,1.9550001015886664
1323,Zilong,emergency,unavailable_in_sd_path,10,/Users/zilongzeng/Research/DroneControl/user_study_v1/Zilong/Emergency/10.wav,Zilong/Emergency/10.wav,emergency,0.99609375,0.99609375,0.0,0.0,"[127, -128, -128]",True,,,,0.06645894609391689,1.277291914448142,0.6477090064436197,1.9982910016551614
1324,Zilong,emergency,unavailable_in_sd_path,11,/Users/zilongzeng/Research/DroneControl/user_study_v1/Zilong/Emergency/11.wav,Zilong/Emergency/11.wav,emergency,0.99609375,0.99609375,0.0,0.0,"[127, -128, -128]",True,,,,0.08966703899204731,1.184707973152399,0.6847910117357969,1.965416013263166
1325,Zilong,emergency,unavailable_in_sd_path,12,/Users/zilongzeng/Research/DroneControl/user_study_v1/Zilong/Emergency/12.wav,Zilong/Emergency/12.wav,emergency,0.99609375,0.99609375,0.0,0.0,"[127, -128, -128]",True,,,,0.22237503435462713,1.4432920143008232,0.681541976518929,2.354749944061041
1326,Zilong,emergency,unavailable_in_sd_path,13,/Users/zilongzeng/Research/DroneControl/user_study_v1/Zilong/Emergency/13.wav,Zilong/Emergency/13.wav,unknown,0.99609375,0.0,0.0,0.99609375,"[-128, -128, 127]",False,,,,0.24862505961209536,1.1849170550704002,0.6449579959735274,2.0840000361204147
1327,Zilong,emergency,unavailable_in_sd_path,14,/Users/zilongzeng/Research/DroneControl/user_study_v1/Zilong/Emergency/14.wav,Zilong/Emergency/14.wav,movement,0.98828125,0.01171875,0.98828125,0.0,"[-125, 125, -128]",False,,,,0.19608298316597939,1.3723749434575438,0.6636660546064377,2.2396250860765576
1328,Zilong,emergency,unavailable_in_sd_path,15,/Users/zilongzeng/Research/DroneControl/user_study_v1/Zilong/Emergency/15.wav,Zilong/Emergency/15.wav,emergency,0.99609375,0.99609375,0.0,0.0,"[127, -128, -128]",True,,,,0.09595800656825304,1.139416010119021,0.6852919468656182,1.926541910506785
1329,Zilong,emergency,unavailable_in_sd_path,16,/Users/zilongzeng/Research/DroneControl/user_study_v1/Zilong/Emergency/16.wav,Zilong/Emergency/16.wav,emergency,0.99609375,0.99609375,0.0,0.00390625,"[127, -128, -127]",True,,,,0.08649996016174555,1.2474169488996267,0.6831670179963112,2.0232920069247484
1330,Zilong,emergency,unavailable_in_sd_path,17,/Users/zilongzeng/Research/DroneControl/user_study_v1/Zilong/Emergency/17.wav,Zilong/Emergency/17.wav,emergency,0.99609375,0.99609375,0.0,0.0,"[127, -128, -128]",True,,,,0.22799998987466097,1.204957952722907,0.6577499443665147,2.098291995935142
1331,Zilong,emergency,unavailable_in_sd_path,18,/Users/zilongzeng/Research/DroneControl/user_study_v1/Zilong/Emergency/18.wav,Zilong/Emergency/18.wav,movement,0.99609375,0.0,0.99609375,0.0,"[-128, 127, -128]",False,,,,0.20687503274530172,1.3256249949336052,0.6672500167042017,2.2049169056117535
1332,Zilong,emergency,unavailable_in_sd_path,19,/Users/zilongzeng/Research/DroneControl/user_study_v1/Zilong/Emergency/19.wav,Zilong/Emergency/19.wav,emergency,0.99609375,0.99609375,0.0,0.0,"[127, -128, -128]",True,,,,0.2061669947579503,1.1881249956786633,0.6812079809606075,2.0819579949602485
1333,Zilong,emergency,unavailable_in_sd_path,20,/Users/zilongzeng/Research/DroneControl/user_study_v1/Zilong/Emergency/20.wav,Zilong/Emergency/20.wav,emergency,0.99609375,0.99609375,0.00390625,0.0,"[127, -127, -128]",True,,,,0.2520410344004631,1.1952499626204371,0.6699999794363976,2.1243749652057886
1334,Zilong,emergency,unavailable_in_sd_path,21,/Users/zilongzeng/Research/DroneControl/user_study_v1/Zilong/Emergency/21.wav,Zilong/Emergency/21.wav,emergency,0.99609375,0.99609375,0.0,0.0,"[127, -128, -128]",True,,,,0.07754098623991013,1.3044170336797833,0.6751250475645065,2.0643749739974737
1335,Zilong,emergency,unavailable_in_sd_path,22,/Users/zilongzeng/Research/DroneControl/user_study_v1/Zilong/Emergency/22.wav,Zilong/Emergency/22.wav,emergency,0.99609375,0.99609375,0.0,0.0,"[127, -128, -128]",True,,,,0.08425000123679638,1.2509170919656754,0.6764580029994249,2.0193749805912375
1336,Zilong,emergency,unavailable_in_sd_path,23,/Users/zilongzeng/Research/DroneControl/user_study_v1/Zilong/Emergency/23.wav,Zilong/Emergency/23.wav,emergency,0.9453125,0.9453125,0.0546875,0.0,"[114, -114, -128]",True,,,,0.08116604294627905,1.2760410318151116,0.6745829014107585,2.0391250727698207
1337,Zilong,emergency,unavailable_in_sd_path,24,/Users/zilongzeng/Research/DroneControl/user_study_v1/Zilong/Emergency/24.wav,Zilong/Emergency/24.wav,emergency,0.99609375,0.99609375,0.0,0.0,"[127, -128, -128]",True,,,,0.09537499863654375,1.2523330515250564,0.6758749950677156,2.0302499178797007
1338,Zilong,emergency,unavailable_in_sd_path,25,/Users/zilongzeng/Research/DroneControl/user_study_v1/Zilong/Emergency/25.wav,Zilong/Emergency/25.wav,emergency,0.99609375,0.99609375,0.0,0.0,"[127, -128, -128]",True,,,,0.08158304262906313,1.2134589487686753,0.675707939080894,1.9767499761655927
1339,Zilong,emergency,unavailable_in_sd_path,26,/Users/zilongzeng/Research/DroneControl/user_study_v1/Zilong/Emergency/26.wav,Zilong/Emergency/26.wav,emergency,0.55078125,0.55078125,0.44921875,0.0,"[13, -13, -128]",True,,,,0.07558299694210291,1.2337500229477882,0.6560420151799917,1.9719169940799475
1340,Zilong,emergency,unavailable_in_sd_path,27,/Users/zilongzeng/Research/DroneControl/user_study_v1/Zilong/Emergency/27.wav,Zilong/Emergency/27.wav,emergency,0.99609375,0.99609375,0.0,0.0,"[127, -128, -128]",True,,,,0.07583294063806534,1.2081250315532088,0.6589579861611128,1.9499999471008778
1341,Zilong,emergency,unavailable_in_sd_path,28,/Users/zilongzeng/Research/DroneControl/user_study_v1/Zilong/Emergency/28.wav,Zilong/Emergency/28.wav,emergency,0.99609375,0.99609375,0.0,0.0,"[127, -128, -128]",True,,,,0.08987507317215204,1.2700000079348683,0.6760830292478204,2.0437909988686442
1342,Zilong,emergency,unavailable_in_sd_path,29,/Users/zilongzeng/Research/DroneControl/user_study_v1/Zilong/Emergency/29.wav,Zilong/Emergency/29.wav,movement,0.99609375,0.0,0.99609375,0.0,"[-128, 127, -128]",False,,,,0.19474991131573915,1.2285830453038216,0.6662500090897083,2.09566589910537
1343,Zilong,emergency,unavailable_in_sd_path,30,/Users/zilongzeng/Research/DroneControl/user_study_v1/Zilong/Emergency/30.wav,Zilong/Emergency/30.wav,emergency,0.99609375,0.99609375,0.0,0.0,"[127, -128, -128]",True,,,,1.6162500251084566,1.1402919190004468,0.6750409957021475,3.4372920636087656
1344,Zilong,emergency,unavailable_in_sd_path,31,/Users/zilongzeng/Research/DroneControl/user_study_v1/Zilong/Emergency/31.wav,Zilong/Emergency/31.wav,emergency,0.99609375,0.99609375,0.0,0.0,"[127, -128, -128]",True,,,,0.07962505333125591,1.2629169505089521,0.6612500874325633,2.0095419604331255
1345,Zilong,emergency,unavailable_in_sd_path,32,/Users/zilongzeng/Research/DroneControl/user_study_v1/Zilong/Emergency/32.wav,Zilong/Emergency/32.wav,movement,0.99609375,0.0,0.99609375,0.0,"[-128, 127, -128]",False,,,,0.09316601790487766,1.2010420905426145,0.6719580851495266,1.972291967831552
1346,Zilong,emergency,unavailable_in_sd_path,33,/Users/zilongzeng/Research/DroneControl/user_study_v1/Zilong/Emergency/33.wav,Zilong/Emergency/33.wav,emergency,0.99609375,0.99609375,0.0,0.0,"[127, -128, -128]",True,,,,0.07691700011491776,1.1925840517506003,0.7078750059008598,1.9852500408887863
1347,Zilong,emergency,unavailable_in_sd_path,34,/Users/zilongzeng/Research/DroneControl/user_study_v1/Zilong/Emergency/34.wav,Zilong/Emergency/34.wav,movement,0.99609375,0.0,0.99609375,0.0,"[-128, 127, -128]",False,,,,0.07562502287328243,1.1866670101881027,0.6708749569952488,1.9384579500183463
1348,Zilong,emergency,unavailable_in_sd_path,35,/Users/zilongzeng/Research/DroneControl/user_study_v1/Zilong/Emergency/35.wav,Zilong/Emergency/35.wav,emergency,0.99609375,0.99609375,0.0,0.0,"[127, -128, -128]",True,,,,0.06933393888175488,1.2176670134067535,0.6979589816182852,1.9937080796808004
1349,Zilong,emergency,unavailable_in_sd_path,36,/Users/zilongzeng/Research/DroneControl/user_study_v1/Zilong/Emergency/36.wav,Zilong/Emergency/36.wav,movement,0.99609375,0.0,0.99609375,0.00390625,"[-128, 127, -127]",False,,,,0.0879580620676279,1.2007500045001507,0.656292075291276,1.9509169505909085
1350,Zilong,emergency,unavailable_in_sd_path,37,/Users/zilongzeng/Research/DroneControl/user_study_v1/Zilong/Emergency/37.wav,Zilong/Emergency/37.wav,emergency,0.99609375,0.99609375,0.0,0.0,"[127, -128, -128]",True,,,,0.07449998520314693,1.2388749746605754,0.7215000223368406,2.0425410475581884
1351,Zilong,emergency,unavailable_in_sd_path,38,/Users/zilongzeng/Research/DroneControl/user_study_v1/Zilong/Emergency/38.wav,Zilong/Emergency/38.wav,emergency,0.99609375,0.99609375,0.0,0.0,"[127, -128, -128]",True,,,,0.22616598289459944,1.252833055332303,0.6662909872829914,2.1522080060094595
1352,Zilong,emergency,unavailable_in_sd_path,39,/Users/zilongzeng/Research/DroneControl/user_study_v1/Zilong/Emergency/39.wav,Zilong/Emergency/39.wav,emergency,0.99609375,0.99609375,0.0,0.0,"[127, -128, -128]",True,,,,0.08116592653095722,1.23458297457546,0.7156250067055225,2.038500038906932
1353,Zilong,emergency,unavailable_in_sd_path,40,/Users/zilongzeng/Research/DroneControl/user_study_v1/Zilong/Emergency/40.wav,Zilong/Emergency/40.wav,emergency,0.99609375,0.99609375,0.0,0.0,"[127, -128, -128]",True,,,,0.08570903446525335,1.2530829990282655,0.6844591116532683,2.0302090561017394
1354,Zilong,emergency,unavailable_in_sd_path,41,/Users/zilongzeng/Research/DroneControl/user_study_v1/Zilong/Emergency/41.wav,Zilong/Emergency/41.wav,emergency,0.99609375,0.99609375,0.0,0.0,"[127, -128, -128]",True,,,,0.08395803160965443,1.178500009700656,0.7595829665660858,2.030499977990985
1355,Zilong,emergency,unavailable_in_sd_path,42,/Users/zilongzeng/Research/DroneControl/user_study_v1/Zilong/Emergency/42.wav,Zilong/Emergency/42.wav,emergency,0.99609375,0.99609375,0.0,0.0,"[127, -128, -128]",True,,,,0.0729589955881238,1.3249580515548587,0.6869580829516053,2.0926250144839287
1356,Zilong,emergency,unavailable_in_sd_path,43,/Users/zilongzeng/Research/DroneControl/user_study_v1/Zilong/Emergency/43.wav,Zilong/Emergency/43.wav,emergency,0.99609375,0.99609375,0.0,0.0,"[127, -128, -128]",True,,,,0.08474988862872124,1.2771659530699253,0.7103750249370933,2.078999998047948
1357,Zilong,emergency,unavailable_in_sd_path,44,/Users/zilongzeng/Research/DroneControl/user_study_v1/Zilong/Emergency/44.wav,Zilong/Emergency/44.wav,emergency,0.99609375,0.99609375,0.0,0.0,"[127, -128, -128]",True,,,,0.10608392767608166,1.3497499749064445,0.6837910041213036,2.1469159983098507
1358,Zilong,emergency,unavailable_in_sd_path,45,/Users/zilongzeng/Research/DroneControl/user_study_v1/Zilong/Emergency/45.wav,Zilong/Emergency/45.wav,emergency,0.99609375,0.99609375,0.0,0.0,"[127, -128, -128]",True,,,,0.09529106318950653,1.232457929290831,0.7825839566066861,2.1212499123066664
1359,Zilong,emergency,unavailable_in_sd_path,46,/Users/zilongzeng/Research/DroneControl/user_study_v1/Zilong/Emergency/46.wav,Zilong/Emergency/46.wav,emergency,0.99609375,0.99609375,0.0,0.0,"[127, -128, -128]",True,,,,0.0878750579431653,1.3209579046815634,0.7053749868646264,2.1234999876469374
1360,Zilong,emergency,unavailable_in_sd_path,47,/Users/zilongzeng/Research/DroneControl/user_study_v1/Zilong/Emergency/47.wav,Zilong/Emergency/47.wav,emergency,0.9609375,0.9609375,0.0,0.0390625,"[118, -128, -118]",True,,,,0.07929198909550905,1.2842499418184161,0.7037919713184237,2.0789169939234853
1361,Zilong,emergency,unavailable_in_sd_path,48,/Users/zilongzeng/Research/DroneControl/user_study_v1/Zilong/Emergency/48.wav,Zilong/Emergency/48.wav,movement,0.99609375,0.0,0.99609375,0.0,"[-128, 127, -128]",False,,,,0.10004197247326374,1.3252500211820006,0.6808749167248607,2.1126249339431524
1362,Zilong,emergency,unavailable_in_sd_path,49,/Users/zilongzeng/Research/DroneControl/user_study_v1/Zilong/Emergency/49.wav,Zilong/Emergency/49.wav,movement,0.99609375,0.0,0.99609375,0.0,"[-128, 127, -128]",False,,,,0.3004589816555381,1.3303749728947878,0.7312080124393106,2.386332955211401
1363,Zilong,movement,unavailable_in_sd_path,0,/Users/zilongzeng/Research/DroneControl/user_study_v1/Zilong/Movement/0.wav,Zilong/Movement/0.wav,movement,0.99609375,0.0,0.99609375,0.0,"[-128, 127, -128]",True,,,,0.30754192266613245,1.221250044181943,0.7045830134302378,2.240458969026804
1364,Zilong,movement,unavailable_in_sd_path,1,/Users/zilongzeng/Research/DroneControl/user_study_v1/Zilong/Movement/1.wav,Zilong/Movement/1.wav,movement,0.99609375,0.0,0.99609375,0.0,"[-128, 127, -128]",True,,,,0.07804203778505325,1.238957978785038,0.7094579050317407,2.0359589252620935
1365,Zilong,movement,unavailable_in_sd_path,2,/Users/zilongzeng/Research/DroneControl/user_study_v1/Zilong/Movement/2.wav,Zilong/Movement/2.wav,movement,0.99609375,0.0,0.99609375,0.0,"[-128, 127, -128]",True,,,,0.09891705121845007,1.2210420100018382,0.6669160211458802,1.9932499853894114
1366,Zilong,movement,unavailable_in_sd_path,3,/Users/zilongzeng/Research/DroneControl/user_study_v1/Zilong/Movement/3.wav,Zilong/Movement/3.wav,movement,0.99609375,0.0,0.99609375,0.0,"[-128, 127, -128]",True,,,,0.07087504491209984,1.2426249450072646,0.6675419863313437,1.9874169956892729
1367,Zilong,movement,unavailable_in_sd_path,4,/Users/zilongzeng/Research/DroneControl/user_study_v1/Zilong/Movement/4.wav,Zilong/Movement/4.wav,movement,0.99609375,0.0,0.99609375,0.0,"[-128, 127, -128]",True,,,,0.07199996616691351,1.1848330032080412,0.6824999582022429,1.9467910751700401
1368,Zilong,movement,unavailable_in_sd_path,5,/Users/zilongzeng/Research/DroneControl/user_study_v1/Zilong/Movement/5.wav,Zilong/Movement/5.wav,movement,0.99609375,0.0,0.99609375,0.0,"[-128, 127, -128]",True,,,,0.07462501525878906,1.2846249155700207,0.7050000131130219,2.072000061161816
1369,Zilong,movement,unavailable_in_sd_path,6,/Users/zilongzeng/Research/DroneControl/user_study_v1/Zilong/Movement/6.wav,Zilong/Movement/6.wav,movement,0.99609375,0.0,0.99609375,0.0,"[-128, 127, -128]",True,,,,0.10862504132091999,1.279124990105629,0.6741660181432962,2.0673340186476707
1370,Zilong,movement,unavailable_in_sd_path,7,/Users/zilongzeng/Research/DroneControl/user_study_v1/Zilong/Movement/7.wav,Zilong/Movement/7.wav,movement,0.99609375,0.0,0.99609375,0.0,"[-128, 127, -128]",True,,,,0.0725829740986228,1.2451669899746776,0.7252920186147094,2.050457987934351
1371,Zilong,movement,unavailable_in_sd_path,8,/Users/zilongzeng/Research/DroneControl/user_study_v1/Zilong/Movement/8.wav,Zilong/Movement/8.wav,movement,0.99609375,0.0,0.99609375,0.0,"[-128, 127, -128]",True,,,,0.0767499441280961,1.1686249636113644,0.6727090803906322,1.9243339775130153
1372,Zilong,movement,unavailable_in_sd_path,9,/Users/zilongzeng/Research/DroneControl/user_study_v1/Zilong/Movement/9.wav,Zilong/Movement/9.wav,movement,0.99609375,0.0,0.99609375,0.0,"[-128, 127, -128]",True,,,,0.06966700311750174,1.2432080693542957,0.6930839736014605,2.012624987401068
1373,Zilong,movement,unavailable_in_sd_path,10,/Users/zilongzeng/Research/DroneControl/user_study_v1/Zilong/Movement/10.wav,Zilong/Movement/10.wav,movement,0.99609375,0.0,0.99609375,0.0,"[-128, 127, -128]",True,,,,0.09670807048678398,1.260208897292614,0.659832963719964,2.02233309391886
1374,Zilong,movement,unavailable_in_sd_path,11,/Users/zilongzeng/Research/DroneControl/user_study_v1/Zilong/Movement/11.wav,Zilong/Movement/11.wav,movement,0.99609375,0.0,0.99609375,0.0,"[-128, 127, -128]",True,,,,0.08179200813174248,1.1990420753136277,0.7466250099241734,2.0364170195534825
1375,Zilong,movement,unavailable_in_sd_path,12,/Users/zilongzeng/Research/DroneControl/user_study_v1/Zilong/Movement/12.wav,Zilong/Movement/12.wav,movement,0.99609375,0.0,0.99609375,0.0,"[-128, 127, -128]",True,,,,0.08454103954136372,1.24224997125566,0.6632918957620859,1.9962500082328916
1376,Zilong,movement,unavailable_in_sd_path,13,/Users/zilongzeng/Research/DroneControl/user_study_v1/Zilong/Movement/13.wav,Zilong/Movement/13.wav,movement,0.99609375,0.0,0.99609375,0.0,"[-128, 127, -128]",True,,,,0.07079099304974079,1.213249983265996,0.7072500884532928,2.0039170049130917
1377,Zilong,movement,unavailable_in_sd_path,14,/Users/zilongzeng/Research/DroneControl/user_study_v1/Zilong/Movement/14.wav,Zilong/Movement/14.wav,movement,0.99609375,0.0,0.99609375,0.0,"[-128, 127, -128]",True,,,,0.09991694241762161,1.3084999518468976,0.6473340326920152,2.0635410910472274
1378,Zilong,movement,unavailable_in_sd_path,15,/Users/zilongzeng/Research/DroneControl/user_study_v1/Zilong/Movement/15.wav,Zilong/Movement/15.wav,movement,0.99609375,0.0,0.99609375,0.0,"[-128, 127, -128]",True,,,,0.07391604594886303,1.2335000792518258,0.7373749976977706,2.053250093013048
1379,Zilong,movement,unavailable_in_sd_path,16,/Users/zilongzeng/Research/DroneControl/user_study_v1/Zilong/Movement/16.wav,Zilong/Movement/16.wav,movement,0.99609375,0.0,0.99609375,0.0,"[-128, 127, -128]",True,,,,0.08941709529608488,1.1894169729202986,0.6683749379590154,1.955124898813665
1380,Zilong,movement,unavailable_in_sd_path,17,/Users/zilongzeng/Research/DroneControl/user_study_v1/Zilong/Movement/17.wav,Zilong/Movement/17.wav,movement,0.99609375,0.0,0.99609375,0.0,"[-128, 127, -128]",True,,,,0.1829999964684248,1.2251250445842743,0.6911249365657568,2.107250038534403
1381,Zilong,movement,unavailable_in_sd_path,18,/Users/zilongzeng/Research/DroneControl/user_study_v1/Zilong/Movement/18.wav,Zilong/Movement/18.wav,movement,0.99609375,0.0,0.99609375,0.0,"[-128, 127, -128]",True,,,,0.19779207650572062,1.3426669174805284,0.6601250497624278,2.2068750113248825
1382,Zilong,movement,unavailable_in_sd_path,19,/Users/zilongzeng/Research/DroneControl/user_study_v1/Zilong/Movement/19.wav,Zilong/Movement/19.wav,movement,0.99609375,0.0,0.99609375,0.0,"[-128, 127, -128]",True,,,,0.2353749005123973,1.131167053245008,0.7157500367611647,2.090292051434517
1383,Zilong,movement,unavailable_in_sd_path,20,/Users/zilongzeng/Research/DroneControl/user_study_v1/Zilong/Movement/20.wav,Zilong/Movement/20.wav,movement,0.99609375,0.0,0.99609375,0.0,"[-128, 127, -128]",True,,,,0.07170799653977156,1.2178750475868583,0.6716250209137797,1.9676670199260116
1384,Zilong,movement,unavailable_in_sd_path,21,/Users/zilongzeng/Research/DroneControl/user_study_v1/Zilong/Movement/21.wav,Zilong/Movement/21.wav,movement,0.99609375,0.0,0.99609375,0.0,"[-128, 127, -128]",True,,,,0.07625005673617125,1.1988749029114842,0.7112909806892276,1.9942499930039048
1385,Zilong,movement,unavailable_in_sd_path,22,/Users/zilongzeng/Research/DroneControl/user_study_v1/Zilong/Movement/22.wav,Zilong/Movement/22.wav,movement,0.99609375,0.0,0.99609375,0.0,"[-128, 127, -128]",True,,,,0.08283299393951893,1.2173749273642898,0.6814170628786087,1.9874999998137355
1386,Zilong,movement,unavailable_in_sd_path,23,/Users/zilongzeng/Research/DroneControl/user_study_v1/Zilong/Movement/23.wav,Zilong/Movement/23.wav,movement,0.99609375,0.0,0.99609375,0.0,"[-128, 127, -128]",True,,,,0.0712500186637044,1.1896250071004033,0.6929170340299606,1.960249966941774
1387,Zilong,movement,unavailable_in_sd_path,24,/Users/zilongzeng/Research/DroneControl/user_study_v1/Zilong/Movement/24.wav,Zilong/Movement/24.wav,movement,0.99609375,0.0,0.99609375,0.0,"[-128, 127, -128]",True,,,,0.08941697888076305,1.20449997484684,0.6571660051122308,1.956791034899652
1388,Zilong,movement,unavailable_in_sd_path,25,/Users/zilongzeng/Research/DroneControl/user_study_v1/Zilong/Movement/25.wav,Zilong/Movement/25.wav,movement,0.99609375,0.0,0.99609375,0.0,"[-128, 127, -128]",True,,,,0.0689999433234334,1.1822499800473452,0.6853749509900808,1.942249946296215
1389,Zilong,movement,unavailable_in_sd_path,26,/Users/zilongzeng/Research/DroneControl/user_study_v1/Zilong/Movement/26.wav,Zilong/Movement/26.wav,movement,0.99609375,0.0,0.99609375,0.0,"[-128, 127, -128]",True,,,,0.08212507236748934,1.2052080128341913,0.699375057592988,1.9924159860238433
1390,Zilong,movement,unavailable_in_sd_path,27,/Users/zilongzeng/Research/DroneControl/user_study_v1/Zilong/Movement/27.wav,Zilong/Movement/27.wav,movement,0.99609375,0.0,0.99609375,0.0,"[-128, 127, -128]",True,,,,0.08216698188334703,1.1348749976605177,0.6729589076712728,1.8962910398840904
1391,Zilong,movement,unavailable_in_sd_path,28,/Users/zilongzeng/Research/DroneControl/user_study_v1/Zilong/Movement/28.wav,Zilong/Movement/28.wav,movement,0.99609375,0.0,0.99609375,0.0,"[-128, 127, -128]",True,,,,0.06583298090845346,1.3156660133972764,0.6549160461872816,2.0420419750735164
1392,Zilong,movement,unavailable_in_sd_path,29,/Users/zilongzeng/Research/DroneControl/user_study_v1/Zilong/Movement/29.wav,Zilong/Movement/29.wav,movement,0.99609375,0.0,0.99609375,0.0,"[-128, 127, -128]",True,,,,0.0801669666543603,1.2468330096453428,0.6944159977138042,2.027292037382722
1393,Zilong,movement,unavailable_in_sd_path,30,/Users/zilongzeng/Research/DroneControl/user_study_v1/Zilong/Movement/30.wav,Zilong/Movement/30.wav,movement,0.99609375,0.0,0.99609375,0.0,"[-128, 127, -128]",True,,,,0.0814169179648161,1.2520001037046313,0.6692910101264715,2.0100839901715517
1394,Zilong,movement,unavailable_in_sd_path,31,/Users/zilongzeng/Research/DroneControl/user_study_v1/Zilong/Movement/31.wav,Zilong/Movement/31.wav,movement,0.99609375,0.0,0.99609375,0.0,"[-128, 127, -128]",True,,,,0.0866670161485672,1.136832986958325,0.6648750277236104,1.8942499300464988
1395,Zilong,movement,unavailable_in_sd_path,32,/Users/zilongzeng/Research/DroneControl/user_study_v1/Zilong/Movement/32.wav,Zilong/Movement/32.wav,movement,0.99609375,0.0,0.99609375,0.0,"[-128, 127, -128]",True,,,,0.07025001104921103,1.346832956187427,0.6580420304089785,2.0806669490411878
1396,Zilong,movement,unavailable_in_sd_path,33,/Users/zilongzeng/Research/DroneControl/user_study_v1/Zilong/Movement/33.wav,Zilong/Movement/33.wav,movement,0.99609375,0.0,0.99609375,0.0,"[-128, 127, -128]",True,,,,0.07562502287328243,1.1732080020010471,0.6744590355083346,1.929541933350265
1397,Zilong,movement,unavailable_in_sd_path,34,/Users/zilongzeng/Research/DroneControl/user_study_v1/Zilong/Movement/34.wav,Zilong/Movement/34.wav,movement,0.99609375,0.0,0.99609375,0.0,"[-128, 127, -128]",True,,,,0.06533297710120678,1.2285830453038216,0.6980840116739273,1.9986669067293406
1398,Zilong,movement,unavailable_in_sd_path,35,/Users/zilongzeng/Research/DroneControl/user_study_v1/Zilong/Movement/35.wav,Zilong/Movement/35.wav,movement,0.99609375,0.0,0.99609375,0.0,"[-128, 127, -128]",True,,,,0.09454099927097559,1.2314580380916595,0.6672079907730222,1.9991250010207295
1399,Zilong,movement,unavailable_in_sd_path,36,/Users/zilongzeng/Research/DroneControl/user_study_v1/Zilong/Movement/36.wav,Zilong/Movement/36.wav,movement,0.99609375,0.0,0.99609375,0.0,"[-128, 127, -128]",True,,,,0.21941703744232655,1.1998750269412994,0.6702920654788613,2.0961250411346555
1400,Zilong,movement,unavailable_in_sd_path,37,/Users/zilongzeng/Research/DroneControl/user_study_v1/Zilong/Movement/37.wav,Zilong/Movement/37.wav,movement,0.99609375,0.0,0.99609375,0.0,"[-128, 127, -128]",True,,,,0.2504590665921569,1.1355829192325473,0.6861659931018949,2.078415942378342
1401,Zilong,movement,unavailable_in_sd_path,38,/Users/zilongzeng/Research/DroneControl/user_study_v1/Zilong/Movement/38.wav,Zilong/Movement/38.wav,movement,0.99609375,0.0,0.99609375,0.0,"[-128, 127, -128]",True,,,,0.06733299233019352,1.2664999812841415,0.6892079254612327,2.030499977990985
1402,Zilong,movement,unavailable_in_sd_path,39,/Users/zilongzeng/Research/DroneControl/user_study_v1/Zilong/Movement/39.wav,Zilong/Movement/39.wav,movement,0.99609375,0.0,0.99609375,0.0,"[-128, 127, -128]",True,,,,0.08929101750254631,1.2206670362502337,0.6731669418513775,1.9888329552486539
1403,Zilong,movement,unavailable_in_sd_path,40,/Users/zilongzeng/Research/DroneControl/user_study_v1/Zilong/Movement/40.wav,Zilong/Movement/40.wav,movement,0.99609375,0.0,0.99609375,0.0,"[-128, 127, -128]",True,,,,0.0730419997125864,1.2199580669403076,0.6902919849380851,1.9890409894287586
1404,Zilong,movement,unavailable_in_sd_path,41,/Users/zilongzeng/Research/DroneControl/user_study_v1/Zilong/Movement/41.wav,Zilong/Movement/41.wav,movement,0.99609375,0.0,0.99609375,0.0,"[-128, 127, -128]",True,,,,0.06720901001244783,1.1690829414874315,0.6896660197526217,1.9319159910082817
1405,Zilong,movement,unavailable_in_sd_path,42,/Users/zilongzeng/Research/DroneControl/user_study_v1/Zilong/Movement/42.wav,Zilong/Movement/42.wav,movement,0.99609375,0.0,0.99609375,0.0,"[-128, 127, -128]",True,,,,0.06720796227455139,1.2655419996008277,0.6999169709160924,2.040332998149097
1406,Zilong,movement,unavailable_in_sd_path,43,/Users/zilongzeng/Research/DroneControl/user_study_v1/Zilong/Movement/43.wav,Zilong/Movement/43.wav,movement,0.99609375,0.0,0.99609375,0.0,"[-128, 127, -128]",True,,,,0.09362504351884127,1.2807500315830112,0.674750073812902,2.0546249579638243
1407,Zilong,movement,unavailable_in_sd_path,44,/Users/zilongzeng/Research/DroneControl/user_study_v1/Zilong/Movement/44.wav,Zilong/Movement/44.wav,movement,0.99609375,0.0,0.99609375,0.0,"[-128, 127, -128]",True,,,,0.06912497337907553,1.1957919923588634,0.7005409570410848,1.972957979887724
1408,Zilong,movement,unavailable_in_sd_path,45,/Users/zilongzeng/Research/DroneControl/user_study_v1/Zilong/Movement/45.wav,Zilong/Movement/45.wav,movement,0.9921875,0.0,0.9921875,0.0078125,"[-128, 126, -126]",True,,,,0.07350009400397539,1.1950000189244747,0.6815830711275339,1.9555420149117708
1409,Zilong,movement,unavailable_in_sd_path,46,/Users/zilongzeng/Research/DroneControl/user_study_v1/Zilong/Movement/46.wav,Zilong/Movement/46.wav,unknown,0.99609375,0.0,0.0,0.99609375,"[-128, -128, 127]",False,,,,0.06108405068516731,1.1884589912369847,0.705125043168664,1.9612080650404096
1410,Zilong,movement,unavailable_in_sd_path,47,/Users/zilongzeng/Research/DroneControl/user_study_v1/Zilong/Movement/47.wav,Zilong/Movement/47.wav,movement,0.99609375,0.0,0.99609375,0.0,"[-128, 127, -128]",True,,,,0.0854589743539691,1.2347919400781393,0.6831249920651317,2.0107909804210067
1411,Zilong,movement,unavailable_in_sd_path,48,/Users/zilongzeng/Research/DroneControl/user_study_v1/Zilong/Movement/48.wav,Zilong/Movement/48.wav,movement,0.99609375,0.0,0.99609375,0.0,"[-128, 127, -128]",True,,,,0.07391604594886303,1.230000052601099,0.7189169991761446,2.030499977990985
1412,Zilong,movement,unavailable_in_sd_path,49,/Users/zilongzeng/Research/DroneControl/user_study_v1/Zilong/Movement/49.wav,Zilong/Movement/49.wav,movement,0.99609375,0.0,0.99609375,0.0,"[-128, 127, -128]",True,,,,0.08308305405080318,1.1980830458924174,0.6617499748244882,1.948834047652781
1413,Zilong,unknown,unavailable_in_sd_path,0,/Users/zilongzeng/Research/DroneControl/user_study_v1/Zilong/Unknown/0.wav,Zilong/Unknown/0.wav,unknown,0.99609375,0.0,0.0,0.99609375,"[-128, -128, 127]",True,,,,0.07424992509186268,1.2065420160070062,0.707249972037971,1.9947909750044346
1414,Zilong,unknown,unavailable_in_sd_path,1,/Users/zilongzeng/Research/DroneControl/user_study_v1/Zilong/Unknown/1.wav,Zilong/Unknown/1.wav,unknown,0.99609375,0.0,0.0,0.99609375,"[-128, -128, 127]",True,,,,0.07670908235013485,1.2381660053506494,0.6806659512221813,2.0033749751746655
1415,Zilong,unknown,unavailable_in_sd_path,2,/Users/zilongzeng/Research/DroneControl/user_study_v1/Zilong/Unknown/2.wav,Zilong/Unknown/2.wav,unknown,0.99609375,0.0,0.0,0.99609375,"[-128, -128, 127]",True,,,,0.07770804222673178,1.2312080943956971,0.6702080136165023,1.9864999921992421
1416,Zilong,unknown,unavailable_in_sd_path,3,/Users/zilongzeng/Research/DroneControl/user_study_v1/Zilong/Unknown/3.wav,Zilong/Unknown/3.wav,unknown,0.99609375,0.0,0.0,0.99609375,"[-128, -128, 127]",True,,,,0.07512501906603575,1.2151249684393406,0.6521249888464808,1.949374913237989
1417,Zilong,unknown,unavailable_in_sd_path,4,/Users/zilongzeng/Research/DroneControl/user_study_v1/Zilong/Unknown/4.wav,Zilong/Unknown/4.wav,unknown,0.99609375,0.0,0.0,0.99609375,"[-128, -128, 127]",True,,,,0.22783305030316114,1.1503329733386636,0.6679579382762313,2.0534999202936888
1418,Zilong,unknown,unavailable_in_sd_path,5,/Users/zilongzeng/Research/DroneControl/user_study_v1/Zilong/Unknown/5.wav,Zilong/Unknown/5.wav,unknown,0.99609375,0.0,0.0,0.99609375,"[-128, -128, 127]",True,,,,1.0936670005321503,1.1911250185221434,0.6671249866485596,2.9577079694718122
1419,Zilong,unknown,unavailable_in_sd_path,6,/Users/zilongzeng/Research/DroneControl/user_study_v1/Zilong/Unknown/6.wav,Zilong/Unknown/6.wav,unknown,0.99609375,0.0,0.0,0.99609375,"[-128, -128, 127]",True,,,,0.0723750563338399,1.201709033921361,0.7159579545259476,1.997707993723452
1420,Zilong,unknown,unavailable_in_sd_path,7,/Users/zilongzeng/Research/DroneControl/user_study_v1/Zilong/Unknown/7.wav,Zilong/Unknown/7.wav,unknown,0.99609375,0.0,0.0,0.99609375,"[-128, -128, 127]",True,,,,0.07499998901039362,1.181832980364561,0.6655410397797823,1.928292098455131
1421,Zilong,unknown,unavailable_in_sd_path,8,/Users/zilongzeng/Research/DroneControl/user_study_v1/Zilong/Unknown/8.wav,Zilong/Unknown/8.wav,unknown,0.99609375,0.0,0.0,0.99609375,"[-128, -128, 127]",True,,,,0.06470794323831797,1.1835419572889805,0.7237080717459321,1.9840419990941882
1422,Zilong,unknown,unavailable_in_sd_path,9,/Users/zilongzeng/Research/DroneControl/user_study_v1/Zilong/Unknown/9.wav,Zilong/Unknown/9.wav,unknown,0.69140625,0.0,0.30859375,0.69140625,"[-128, -49, 49]",True,,,,0.11454196646809578,1.336375018581748,0.6649999413639307,2.1207500249147415
1423,Zilong,unknown,unavailable_in_sd_path,10,/Users/zilongzeng/Research/DroneControl/user_study_v1/Zilong/Unknown/10.wav,Zilong/Unknown/10.wav,unknown,0.99609375,0.0,0.0,0.99609375,"[-128, -128, 127]",True,,,,0.21824997384101152,1.1379580246284604,0.7201660191640258,2.0831660367548466
1424,Zilong,unknown,unavailable_in_sd_path,11,/Users/zilongzeng/Research/DroneControl/user_study_v1/Zilong/Unknown/11.wav,Zilong/Unknown/11.wav,unknown,0.99609375,0.0,0.0,0.99609375,"[-128, -128, 127]",True,,,,0.07216702215373516,1.155416015535593,0.6719580851495266,1.9049999536946416
1425,Zilong,unknown,unavailable_in_sd_path,12,/Users/zilongzeng/Research/DroneControl/user_study_v1/Zilong/Unknown/12.wav,Zilong/Unknown/12.wav,unknown,0.99609375,0.0,0.0,0.99609375,"[-128, -128, 127]",True,,,,0.07254199590533972,1.1562500149011612,0.7127500139176846,1.9489589612931013
1426,Zilong,unknown,unavailable_in_sd_path,13,/Users/zilongzeng/Research/DroneControl/user_study_v1/Zilong/Unknown/13.wav,Zilong/Unknown/13.wav,unknown,0.99609375,0.0,0.0,0.99609375,"[-128, -128, 127]",True,,,,0.07858290337026119,1.2420830316841602,0.653291936032474,1.9799999427050352
1427,Zilong,unknown,unavailable_in_sd_path,14,/Users/zilongzeng/Research/DroneControl/user_study_v1/Zilong/Unknown/14.wav,Zilong/Unknown/14.wav,unknown,0.99609375,0.0,0.0,0.99609375,"[-128, -128, 127]",True,,,,0.07454201113432646,1.2472920352593064,0.7006669184193015,2.028999966569245
1428,Zilong,unknown,unavailable_in_sd_path,15,/Users/zilongzeng/Research/DroneControl/user_study_v1/Zilong/Unknown/15.wav,Zilong/Unknown/15.wav,unknown,0.99609375,0.0,0.0,0.99609375,"[-128, -128, 127]",True,,,,0.12449990026652813,1.1909579625353217,0.6821249844506383,2.003624918870628
1429,Zilong,unknown,unavailable_in_sd_path,16,/Users/zilongzeng/Research/DroneControl/user_study_v1/Zilong/Unknown/16.wav,Zilong/Unknown/16.wav,unknown,0.99609375,0.0,0.0,0.99609375,"[-128, -128, 127]",True,,,,0.0670839799568057,1.1613330570980906,0.7123330142349005,1.950916019268334
1430,Zilong,unknown,unavailable_in_sd_path,17,/Users/zilongzeng/Research/DroneControl/user_study_v1/Zilong/Unknown/17.wav,Zilong/Unknown/17.wav,unknown,0.99609375,0.0,0.0,0.99609375,"[-128, -128, 127]",True,,,,0.09891600348055363,1.281333970837295,0.6885830080136657,2.07462499383837
1431,Zilong,unknown,unavailable_in_sd_path,18,/Users/zilongzeng/Research/DroneControl/user_study_v1/Zilong/Unknown/18.wav,Zilong/Unknown/18.wav,unknown,0.99609375,0.0,0.0,0.99609375,"[-128, -128, 127]",True,,,,0.08437503129243851,1.1839999351650476,0.697916024364531,1.9718750845640898
1432,Zilong,unknown,unavailable_in_sd_path,19,/Users/zilongzeng/Research/DroneControl/user_study_v1/Zilong/Unknown/19.wav,Zilong/Unknown/19.wav,unknown,0.99609375,0.0,0.0,0.99609375,"[-128, -128, 127]",True,,,,0.07345795165747404,1.273415982723236,0.6517920410260558,2.004625042900443
1433,Zilong,unknown,unavailable_in_sd_path,20,/Users/zilongzeng/Research/DroneControl/user_study_v1/Zilong/Unknown/20.wav,Zilong/Unknown/20.wav,unknown,0.96875,0.03125,0.0,0.96875,"[-120, -128, 120]",True,,,,0.08575001265853643,1.224457984790206,0.6816249806433916,1.997707993723452
1434,Zilong,unknown,unavailable_in_sd_path,21,/Users/zilongzeng/Research/DroneControl/user_study_v1/Zilong/Unknown/21.wav,Zilong/Unknown/21.wav,unknown,0.99609375,0.0,0.0,0.99609375,"[-128, -128, 127]",True,,,,0.07049995474517345,1.247582957148552,0.6857090629637241,2.0092499908059835
1435,Zilong,unknown,unavailable_in_sd_path,22,/Users/zilongzeng/Research/DroneControl/user_study_v1/Zilong/Unknown/22.wav,Zilong/Unknown/22.wav,unknown,0.99609375,0.0,0.0,0.99609375,"[-128, -128, 127]",True,,,,0.07633294444531202,1.214749994687736,0.6577500607818365,1.9540840294212103
1436,Zilong,unknown,unavailable_in_sd_path,23,/Users/zilongzeng/Research/DroneControl/user_study_v1/Zilong/Unknown/23.wav,Zilong/Unknown/23.wav,unknown,0.99609375,0.0,0.0,0.99609375,"[-128, -128, 127]",True,,,,0.06787502206861973,1.2680839281529188,0.6375419907271862,1.9792920211330056
1437,Zilong,unknown,unavailable_in_sd_path,24,/Users/zilongzeng/Research/DroneControl/user_study_v1/Zilong/Unknown/24.wav,Zilong/Unknown/24.wav,unknown,0.99609375,0.0,0.0,0.99609375,"[-128, -128, 127]",True,,,,0.27887499891221523,1.129083102568984,0.6885409820824862,2.102250000461936
1438,Zilong,unknown,unavailable_in_sd_path,25,/Users/zilongzeng/Research/DroneControl/user_study_v1/Zilong/Unknown/25.wav,Zilong/Unknown/25.wav,unknown,0.99609375,0.0,0.0,0.99609375,"[-128, -128, 127]",True,,,,0.21979096345603466,1.278374926187098,0.6816249806433916,2.186542027629912
1439,Zilong,unknown,unavailable_in_sd_path,26,/Users/zilongzeng/Research/DroneControl/user_study_v1/Zilong/Unknown/26.wav,Zilong/Unknown/26.wav,unknown,0.99609375,0.0,0.0,0.99609375,"[-128, -128, 127]",True,,,,0.09224994573742151,1.2613750295713544,0.6752089830115438,2.034166012890637
1440,Zilong,unknown,unavailable_in_sd_path,27,/Users/zilongzeng/Research/DroneControl/user_study_v1/Zilong/Unknown/27.wav,Zilong/Unknown/27.wav,unknown,0.99609375,0.0,0.0,0.99609375,"[-128, -128, 127]",True,,,,0.0679579097777605,1.3089170679450035,0.666125095449388,2.0484590204432607
1441,Zilong,unknown,unavailable_in_sd_path,28,/Users/zilongzeng/Research/DroneControl/user_study_v1/Zilong/Unknown/28.wav,Zilong/Unknown/28.wav,unknown,0.99609375,0.0,0.0,0.99609375,"[-128, -128, 127]",True,,,,0.08420890662819147,1.2453749077394605,0.6906250491738319,2.025832887738943
1442,Zilong,unknown,unavailable_in_sd_path,29,/Users/zilongzeng/Research/DroneControl/user_study_v1/Zilong/Unknown/29.wav,Zilong/Unknown/29.wav,unknown,0.99609375,0.0,0.0,0.99609375,"[-128, -128, 127]",True,,,,0.06733299233019352,1.2861660216003656,0.6780829280614853,2.037125057540834
1443,Zilong,unknown,unavailable_in_sd_path,30,/Users/zilongzeng/Research/DroneControl/user_study_v1/Zilong/Unknown/30.wav,Zilong/Unknown/30.wav,unknown,0.9921875,0.0078125,0.0,0.9921875,"[-126, -128, 126]",True,,,,0.08579099085181952,1.1982080759480596,0.6766250589862466,1.9657500088214874
1444,Zilong,unknown,unavailable_in_sd_path,31,/Users/zilongzeng/Research/DroneControl/user_study_v1/Zilong/Unknown/31.wav,Zilong/Unknown/31.wav,unknown,0.99609375,0.0,0.0,0.99609375,"[-128, -128, 127]",True,,,,0.06808398757129908,1.1924999998882413,0.6735409842804074,1.9407080253586173
1445,Zilong,unknown,unavailable_in_sd_path,32,/Users/zilongzeng/Research/DroneControl/user_study_v1/Zilong/Unknown/32.wav,Zilong/Unknown/32.wav,unknown,0.99609375,0.0,0.0,0.99609375,"[-128, -128, 127]",True,,,,0.08329097181558609,1.2667910195887089,0.6639169296249747,2.0196670666337013
1446,Zilong,unknown,unavailable_in_sd_path,33,/Users/zilongzeng/Research/DroneControl/user_study_v1/Zilong/Unknown/33.wav,Zilong/Unknown/33.wav,unknown,0.99609375,0.0,0.0,0.99609375,"[-128, -128, 127]",True,,,,0.06870797369629145,1.2966250069439411,0.6764170248061419,2.049708040431142
1447,Zilong,unknown,unavailable_in_sd_path,34,/Users/zilongzeng/Research/DroneControl/user_study_v1/Zilong/Unknown/34.wav,Zilong/Unknown/34.wav,unknown,0.99609375,0.0,0.0,0.99609375,"[-128, -128, 127]",True,,,,0.09429198689758778,1.2274169130250812,0.67762506660074,2.0053330808877945
1448,Zilong,unknown,unavailable_in_sd_path,35,/Users/zilongzeng/Research/DroneControl/user_study_v1/Zilong/Unknown/35.wav,Zilong/Unknown/35.wav,unknown,0.99609375,0.0,0.0,0.99609375,"[-128, -128, 127]",True,,,,0.06562506314367056,1.2325840070843697,0.698499963618815,2.0048749865964055
1449,Zilong,unknown,unavailable_in_sd_path,36,/Users/zilongzeng/Research/DroneControl/user_study_v1/Zilong/Unknown/36.wav,Zilong/Unknown/36.wav,unknown,0.99609375,0.0,0.0,0.99609375,"[-128, -128, 127]",True,,,,0.0826660543680191,1.2022920418530703,0.6852090591564775,1.9769580103456974
1450,Zilong,unknown,unavailable_in_sd_path,37,/Users/zilongzeng/Research/DroneControl/user_study_v1/Zilong/Unknown/37.wav,Zilong/Unknown/37.wav,unknown,0.99609375,0.0,0.0,0.99609375,"[-128, -128, 127]",True,,,,0.07208401802927256,1.2022079899907112,0.6829170743003488,1.9649999449029565
1451,Zilong,unknown,unavailable_in_sd_path,38,/Users/zilongzeng/Research/DroneControl/user_study_v1/Zilong/Unknown/38.wav,Zilong/Unknown/38.wav,unknown,0.99609375,0.0,0.0,0.99609375,"[-128, -128, 127]",True,,,,0.10499998461455107,1.261750003322959,0.6721250247210264,2.0447500282898545
1452,Zilong,unknown,unavailable_in_sd_path,39,/Users/zilongzeng/Research/DroneControl/user_study_v1/Zilong/Unknown/39.wav,Zilong/Unknown/39.wav,unknown,0.99609375,0.0,0.0,0.99609375,"[-128, -128, 127]",True,,,,0.07858395110815763,1.27987505402416,0.7053330773487687,2.06958397757262
1453,Zilong,unknown,unavailable_in_sd_path,40,/Users/zilongzeng/Research/DroneControl/user_study_v1/Zilong/Unknown/40.wav,Zilong/Unknown/40.wav,unknown,0.99609375,0.0,0.0,0.99609375,"[-128, -128, 127]",True,,,,0.08391705341637135,1.1994169326499104,0.6837500259280205,1.9723749719560146
1454,Zilong,unknown,unavailable_in_sd_path,41,/Users/zilongzeng/Research/DroneControl/user_study_v1/Zilong/Unknown/41.wav,Zilong/Unknown/41.wav,unknown,0.99609375,0.0,0.0,0.99609375,"[-128, -128, 127]",True,,,,0.06554194260388613,1.2178750475868583,0.6932499818503857,1.982791000045836
1455,Zilong,unknown,unavailable_in_sd_path,42,/Users/zilongzeng/Research/DroneControl/user_study_v1/Zilong/Unknown/42.wav,Zilong/Unknown/42.wav,unknown,0.99609375,0.0,0.0,0.99609375,"[-128, -128, 127]",True,,,,0.2214590786024928,1.1812921147793531,0.6803339347243309,2.088541048578918
1456,Zilong,unknown,unavailable_in_sd_path,43,/Users/zilongzeng/Research/DroneControl/user_study_v1/Zilong/Unknown/43.wav,Zilong/Unknown/43.wav,unknown,0.99609375,0.0,0.0,0.99609375,"[-128, -128, 127]",True,,,,0.19749999046325684,1.1078329989686608,0.7072500884532928,2.018583007156849
1457,Zilong,unknown,unavailable_in_sd_path,44,/Users/zilongzeng/Research/DroneControl/user_study_v1/Zilong/Unknown/44.wav,Zilong/Unknown/44.wav,unknown,0.99609375,0.0,0.0,0.99609375,"[-128, -128, 127]",True,,,,0.07495807949453592,1.1542499996721745,0.6846250034868717,1.9200840033590794
1458,Zilong,unknown,unavailable_in_sd_path,45,/Users/zilongzeng/Research/DroneControl/user_study_v1/Zilong/Unknown/45.wav,Zilong/Unknown/45.wav,unknown,0.99609375,0.0,0.0,0.99609375,"[-128, -128, 127]",True,,,,0.07112498860806227,1.2246670667082071,0.7097090128809214,2.0131670171394944
1459,Zilong,unknown,unavailable_in_sd_path,46,/Users/zilongzeng/Research/DroneControl/user_study_v1/Zilong/Unknown/46.wav,Zilong/Unknown/46.wav,unknown,0.99609375,0.0,0.0,0.99609375,"[-128, -128, 127]",True,,,,0.07629103492945433,1.2719579972326756,0.6662500090897083,2.020042040385306
1460,Zilong,unknown,unavailable_in_sd_path,47,/Users/zilongzeng/Research/DroneControl/user_study_v1/Zilong/Unknown/47.wav,Zilong/Unknown/47.wav,unknown,0.99609375,0.0,0.0,0.99609375,"[-128, -128, 127]",True,,,,0.07558299694210291,1.2274590553715825,0.7552499882876873,2.065667067654431
1461,Zilong,unknown,unavailable_in_sd_path,48,/Users/zilongzeng/Research/DroneControl/user_study_v1/Zilong/Unknown/48.wav,Zilong/Unknown/48.wav,unknown,0.99609375,0.0,0.0,0.99609375,"[-128, -128, 127]",True,,,,0.08470902685075998,1.2570420512929559,0.6777910748496652,2.025792025960982
1462,Zilong,unknown,unavailable_in_sd_path,49,/Users/zilongzeng/Research/DroneControl/user_study_v1/Zilong/Unknown/49.wav,Zilong/Unknown/49.wav,unknown,0.99609375,0.0,0.0,0.99609375,"[-128, -128, 127]",True,,,,0.0737080117687583,1.2634999584406614,0.7178329396992922,2.064333064481616
