trial_id,participant_id,intent_ground_truth,keyword,repeat_idx,audio_path,audio_relpath,predicted_intent,confidence,prob_emergency,prob_movement,prob_unknown,raw_output_int8,correct,board_prediction,board_confidence,recomputed_matches_board,audio_read_ms,frontend_ms,tflite_invoke_ms,host_total_ms
1,Hongjun,emergency,unavailable_in_sd_path,0,/Users/zilongzeng/Research/DroneControl/user_study_v2/Hongjun/Emergency/0.wav,Hongjun/Emergency/0.wav,emergency,0.8828125,0.8828125,0.1171875,0.0,"[98, -98, -128]",True,,,,0.042917090468108654,560.6360420351848,1.041291980072856,561.7387499660254
2,Hongjun,emergency,unavailable_in_sd_path,1,/Users/zilongzeng/Research/DroneControl/user_study_v2/Hongjun/Emergency/1.wav,Hongjun/Emergency/1.wav,unknown,0.99609375,0.0,0.0,0.99609375,"[-128, -128, 127]",False,,,,0.11154101230204105,1.5018749982118607,0.7098750211298466,2.3336668964475393
3,Hongjun,emergency,unavailable_in_sd_path,2,/Users/zilongzeng/Research/DroneControl/user_study_v2/Hongjun/Emergency/2.wav,Hongjun/Emergency/2.wav,emergency,0.99609375,0.99609375,0.0,0.0,"[127, -128, -128]",True,,,,0.3322080010548234,1.390625024214387,0.6369160255417228,2.3725830251351
4,Hongjun,emergency,unavailable_in_sd_path,3,/Users/zilongzeng/Research/DroneControl/user_study_v2/Hongjun/Emergency/3.wav,Hongjun/Emergency/3.wav,emergency,0.99609375,0.99609375,0.0,0.0,"[127, -128, -128]",True,,,,0.31383300665766,1.4256250578910112,0.7349160732701421,2.4868330219760537
5,Hongjun,emergency,unavailable_in_sd_path,4,/Users/zilongzeng/Research/DroneControl/user_study_v2/Hongjun/Emergency/4.wav,Hongjun/Emergency/4.wav,emergency,0.99609375,0.99609375,0.0,0.0,"[127, -128, -128]",True,,,,0.27054199017584324,1.2060829903930426,0.7124579278752208,2.1988749504089355
6,Hongjun,emergency,unavailable_in_sd_path,5,/Users/zilongzeng/Research/DroneControl/user_study_v2/Hongjun/Emergency/5.wav,Hongjun/Emergency/5.wav,emergency,0.93359375,0.93359375,0.06640625,0.0,"[111, -111, -128]",True,,,,0.22429204545915127,1.31312501616776,0.7273750379681587,2.2728750482201576
7,Hongjun,emergency,unavailable_in_sd_path,6,/Users/zilongzeng/Research/DroneControl/user_study_v2/Hongjun/Emergency/6.wav,Hongjun/Emergency/6.wav,movement,0.96875,0.03125,0.96875,0.0,"[-120, 120, -128]",False,,,,0.2312499564141035,1.3063750229775906,0.7160420063883066,2.2653749911114573
8,Hongjun,emergency,unavailable_in_sd_path,7,/Users/zilongzeng/Research/DroneControl/user_study_v2/Hongjun/Emergency/7.wav,Hongjun/Emergency/7.wav,movement,0.99609375,0.00390625,0.99609375,0.0,"[-127, 127, -128]",False,,,,0.2447089646011591,1.4955410733819008,0.742041040211916,2.499624970369041
9,Hongjun,emergency,unavailable_in_sd_path,8,/Users/zilongzeng/Research/DroneControl/user_study_v2/Hongjun/Emergency/8.wav,Hongjun/Emergency/8.wav,emergency,0.99609375,0.99609375,0.0,0.0,"[127, -128, -128]",True,,,,0.22966705728322268,1.4210829976946115,0.6850420031696558,2.3450410226359963
10,Hongjun,emergency,unavailable_in_sd_path,9,/Users/zilongzeng/Research/DroneControl/user_study_v2/Hongjun/Emergency/9.wav,Hongjun/Emergency/9.wav,emergency,0.984375,0.984375,0.015625,0.0,"[124, -124, -128]",True,,,,0.2437080256640911,1.461540930904448,0.6585000082850456,2.37054203171283
11,Hongjun,emergency,unavailable_in_sd_path,10,/Users/zilongzeng/Research/DroneControl/user_study_v2/Hongjun/Emergency/10.wav,Hongjun/Emergency/10.wav,movement,0.76953125,0.0,0.76953125,0.23046875,"[-128, 69, -69]",False,,,,0.16354199033230543,1.385167008265853,0.7276670075953007,2.2877498995512724
12,Hongjun,emergency,unavailable_in_sd_path,11,/Users/zilongzeng/Research/DroneControl/user_study_v2/Hongjun/Emergency/11.wav,Hongjun/Emergency/11.wav,movement,0.99609375,0.0,0.99609375,0.0,"[-128, 127, -128]",False,,,,0.24970807135105133,1.2957920553162694,0.7300409488379955,2.2836249554529786
13,Hongjun,emergency,unavailable_in_sd_path,12,/Users/zilongzeng/Research/DroneControl/user_study_v2/Hongjun/Emergency/12.wav,Hongjun/Emergency/12.wav,movement,0.89453125,0.0078125,0.89453125,0.09765625,"[-126, 101, -103]",False,,,,0.2226250944659114,1.278792042285204,0.7150409510359168,2.225291100330651
14,Hongjun,emergency,unavailable_in_sd_path,13,/Users/zilongzeng/Research/DroneControl/user_study_v2/Hongjun/Emergency/13.wav,Hongjun/Emergency/13.wav,emergency,0.9453125,0.9453125,0.0546875,0.0,"[114, -114, -128]",True,,,,0.2152079250663519,1.3850419782102108,0.72358304169029,2.337707905098796
15,Hongjun,emergency,unavailable_in_sd_path,14,/Users/zilongzeng/Research/DroneControl/user_study_v2/Hongjun/Emergency/14.wav,Hongjun/Emergency/14.wav,movement,0.59765625,0.40234375,0.59765625,0.0,"[-25, 25, -128]",False,,,,0.2375839976593852,1.370375044643879,0.6504169432446361,2.2664580028504133
16,Hongjun,emergency,unavailable_in_sd_path,15,/Users/zilongzeng/Research/DroneControl/user_study_v2/Hongjun/Emergency/15.wav,Hongjun/Emergency/15.wav,emergency,0.90234375,0.90234375,0.09765625,0.0,"[103, -103, -128]",True,,,,0.2721250057220459,1.2497080024331808,0.7303750608116388,2.2610409650951624
17,Hongjun,emergency,unavailable_in_sd_path,16,/Users/zilongzeng/Research/DroneControl/user_study_v2/Hongjun/Emergency/16.wav,Hongjun/Emergency/16.wav,movement,0.69140625,0.30859375,0.69140625,0.0,"[-49, 49, -128]",False,,,,0.22616703063249588,1.2414170196279883,0.7222089916467667,2.1970000816509128
18,Hongjun,emergency,unavailable_in_sd_path,17,/Users/zilongzeng/Research/DroneControl/user_study_v2/Hongjun/Emergency/17.wav,Hongjun/Emergency/17.wav,emergency,0.99609375,0.99609375,0.0,0.0,"[127, -128, -128]",True,,,,0.19466597586870193,1.2026249896734953,0.7220000261440873,2.1262499503791332
19,Hongjun,emergency,unavailable_in_sd_path,18,/Users/zilongzeng/Research/DroneControl/user_study_v2/Hongjun/Emergency/18.wav,Hongjun/Emergency/18.wav,emergency,0.99609375,0.99609375,0.0,0.0,"[127, -128, -128]",True,,,,0.2548749325796962,1.2872080551460385,0.726875034160912,2.278125029988587
20,Hongjun,emergency,unavailable_in_sd_path,19,/Users/zilongzeng/Research/DroneControl/user_study_v2/Hongjun/Emergency/19.wav,Hongjun/Emergency/19.wav,emergency,0.99609375,0.99609375,0.0,0.0,"[127, -128, -128]",True,,,,0.25329203344881535,1.4183749444782734,0.7186670554801822,2.396667026914656
21,Hongjun,emergency,unavailable_in_sd_path,20,/Users/zilongzeng/Research/DroneControl/user_study_v2/Hongjun/Emergency/20.wav,Hongjun/Emergency/20.wav,emergency,0.9921875,0.9921875,0.0078125,0.0,"[126, -126, -128]",True,,,,0.20308292005211115,1.1951250489801168,0.6949580274522305,2.0989589393138885
22,Hongjun,emergency,unavailable_in_sd_path,21,/Users/zilongzeng/Research/DroneControl/user_study_v2/Hongjun/Emergency/21.wav,Hongjun/Emergency/21.wav,unknown,0.99609375,0.0,0.0,0.99609375,"[-128, -128, 127]",False,,,,0.2122499281540513,1.2566250516101718,0.6709169829264283,2.146792015992105
23,Hongjun,emergency,unavailable_in_sd_path,22,/Users/zilongzeng/Research/DroneControl/user_study_v2/Hongjun/Emergency/22.wav,Hongjun/Emergency/22.wav,unknown,0.99609375,0.0,0.0,0.99609375,"[-128, -128, 127]",False,,,,0.24620897602289915,1.3202920090407133,0.6705410778522491,2.2432500263676047
24,Hongjun,emergency,unavailable_in_sd_path,23,/Users/zilongzeng/Research/DroneControl/user_study_v2/Hongjun/Emergency/23.wav,Hongjun/Emergency/23.wav,unknown,0.97265625,0.02734375,0.0,0.97265625,"[-121, -128, 121]",False,,,,0.2032080665230751,1.2652500299736857,0.6599579937756062,2.1350840106606483
25,Hongjun,emergency,unavailable_in_sd_path,24,/Users/zilongzeng/Research/DroneControl/user_study_v2/Hongjun/Emergency/24.wav,Hongjun/Emergency/24.wav,unknown,0.99609375,0.0,0.0,0.99609375,"[-128, -128, 127]",False,,,,0.25283300783485174,1.2715840712189674,0.6854579551145434,2.217208966612816
26,Hongjun,emergency,unavailable_in_sd_path,25,/Users/zilongzeng/Research/DroneControl/user_study_v2/Hongjun/Emergency/25.wav,Hongjun/Emergency/25.wav,unknown,0.99609375,0.0,0.0,0.99609375,"[-128, -128, 127]",False,,,,0.21216599270701408,1.3523329980671406,0.721040996722877,2.292291959747672
27,Hongjun,emergency,unavailable_in_sd_path,26,/Users/zilongzeng/Research/DroneControl/user_study_v2/Hongjun/Emergency/26.wav,Hongjun/Emergency/26.wav,movement,0.51171875,0.41796875,0.51171875,0.0703125,"[-21, 3, -110]",False,,,,0.20420807413756847,1.19816605001688,0.6826670141890645,2.0907499128952622
28,Hongjun,emergency,unavailable_in_sd_path,27,/Users/zilongzeng/Research/DroneControl/user_study_v2/Hongjun/Emergency/27.wav,Hongjun/Emergency/27.wav,emergency,0.76953125,0.76953125,0.23046875,0.0,"[69, -69, -128]",True,,,,0.20633300300687551,1.2887080665677786,0.6761670811101794,2.1775829372927547
29,Hongjun,emergency,unavailable_in_sd_path,28,/Users/zilongzeng/Research/DroneControl/user_study_v2/Hongjun/Emergency/28.wav,Hongjun/Emergency/28.wav,emergency,0.99609375,0.99609375,0.0,0.0,"[127, -128, -128]",True,,,,0.21075003314763308,1.170624978840351,0.6950419628992677,2.0832919981330633
30,Hongjun,emergency,unavailable_in_sd_path,29,/Users/zilongzeng/Research/DroneControl/user_study_v2/Hongjun/Emergency/29.wav,Hongjun/Emergency/29.wav,movement,0.55078125,0.44921875,0.55078125,0.0,"[-13, 13, -128]",False,,,,0.18674996681511402,1.2197090545669198,0.7257910910993814,2.1396250231191516
31,Hongjun,emergency,unavailable_in_sd_path,30,/Users/zilongzeng/Research/DroneControl/user_study_v2/Hongjun/Emergency/30.wav,Hongjun/Emergency/30.wav,movement,0.9609375,0.0390625,0.9609375,0.0,"[-118, 118, -128]",False,,,,0.22987497504800558,1.380167086608708,0.7182910339906812,2.3355421144515276
32,Hongjun,emergency,unavailable_in_sd_path,31,/Users/zilongzeng/Research/DroneControl/user_study_v2/Hongjun/Emergency/31.wav,Hongjun/Emergency/31.wav,movement,0.99609375,0.0,0.99609375,0.0,"[-128, 127, -128]",False,,,,0.23029197473078966,1.4055840438231826,0.695624970830977,2.3394159507006407
33,Hongjun,emergency,unavailable_in_sd_path,32,/Users/zilongzeng/Research/DroneControl/user_study_v2/Hongjun/Emergency/32.wav,Hongjun/Emergency/32.wav,emergency,0.9453125,0.9453125,0.0546875,0.0,"[114, -114, -128]",True,,,,0.23804104421287775,1.2294999323785305,0.7219590479508042,2.19691707752645
34,Hongjun,emergency,unavailable_in_sd_path,33,/Users/zilongzeng/Research/DroneControl/user_study_v2/Hongjun/Emergency/33.wav,Hongjun/Emergency/33.wav,movement,0.73046875,0.265625,0.73046875,0.0,"[-60, 59, -128]",False,,,,0.19795901607722044,1.3576250057667494,0.6824159063398838,2.2464579669758677
35,Hongjun,emergency,unavailable_in_sd_path,34,/Users/zilongzeng/Research/DroneControl/user_study_v2/Hongjun/Emergency/34.wav,Hongjun/Emergency/34.wav,emergency,0.9921875,0.9921875,0.0078125,0.0,"[126, -126, -128]",True,,,,0.25766598992049694,1.3090830761939287,0.7366249337792397,2.311208052560687
36,Hongjun,emergency,unavailable_in_sd_path,35,/Users/zilongzeng/Research/DroneControl/user_study_v2/Hongjun/Emergency/35.wav,Hongjun/Emergency/35.wav,movement,0.99609375,0.0,0.99609375,0.0,"[-128, 127, -128]",False,,,,0.26345800142735243,1.2877919944003224,0.6842499133199453,2.2414589766412973
37,Hongjun,emergency,unavailable_in_sd_path,36,/Users/zilongzeng/Research/DroneControl/user_study_v2/Hongjun/Emergency/36.wav,Hongjun/Emergency/36.wav,unknown,0.90234375,0.09765625,0.0,0.90234375,"[-103, -128, 103]",False,,,,0.20054099150002003,1.3044170336797833,0.6857080152258277,2.197750029154122
38,Hongjun,emergency,unavailable_in_sd_path,37,/Users/zilongzeng/Research/DroneControl/user_study_v2/Hongjun/Emergency/37.wav,Hongjun/Emergency/37.wav,emergency,0.9921875,0.9921875,0.0078125,0.0,"[126, -126, -128]",True,,,,0.21383294370025396,1.1830829316750169,0.6790830520913005,2.0813329610973597
39,Hongjun,emergency,unavailable_in_sd_path,38,/Users/zilongzeng/Research/DroneControl/user_study_v2/Hongjun/Emergency/38.wav,Hongjun/Emergency/38.wav,movement,0.99609375,0.0,0.99609375,0.0,"[-128, 127, -128]",False,,,,0.19458297174423933,1.275832997635007,0.6754170171916485,2.152708009816706
40,Hongjun,emergency,unavailable_in_sd_path,39,/Users/zilongzeng/Research/DroneControl/user_study_v2/Hongjun/Emergency/39.wav,Hongjun/Emergency/39.wav,emergency,0.859375,0.859375,0.140625,0.0,"[92, -92, -128]",True,,,,0.2286670496687293,1.1167919728904963,0.6962920306250453,2.0498749800026417
41,Hongjun,emergency,unavailable_in_sd_path,40,/Users/zilongzeng/Research/DroneControl/user_study_v2/Hongjun/Emergency/40.wav,Hongjun/Emergency/40.wav,unknown,0.6484375,0.0,0.3515625,0.6484375,"[-128, -38, 38]",False,,,,0.06354192737489939,1.1789159616455436,0.6815840024501085,1.9317499827593565
42,Hongjun,emergency,unavailable_in_sd_path,41,/Users/zilongzeng/Research/DroneControl/user_study_v2/Hongjun/Emergency/41.wav,Hongjun/Emergency/41.wav,movement,0.99609375,0.0,0.99609375,0.0,"[-128, 127, -128]",False,,,,0.06962497718632221,1.2699579820036888,0.6685829721391201,2.013916033320129
43,Hongjun,emergency,unavailable_in_sd_path,42,/Users/zilongzeng/Research/DroneControl/user_study_v2/Hongjun/Emergency/42.wav,Hongjun/Emergency/42.wav,emergency,0.984375,0.984375,0.015625,0.0,"[124, -124, -128]",True,,,,0.09033398237079382,1.3281250139698386,0.7047499530017376,2.130832988768816
44,Hongjun,emergency,unavailable_in_sd_path,43,/Users/zilongzeng/Research/DroneControl/user_study_v2/Hongjun/Emergency/43.wav,Hongjun/Emergency/43.wav,emergency,0.99609375,0.99609375,0.0,0.0,"[127, -128, -128]",True,,,,0.2329589333385229,1.152500044554472,0.7012499263510108,2.0920829847455025
45,Hongjun,emergency,unavailable_in_sd_path,44,/Users/zilongzeng/Research/DroneControl/user_study_v2/Hongjun/Emergency/44.wav,Hongjun/Emergency/44.wav,movement,0.97265625,0.02734375,0.97265625,0.0,"[-121, 121, -128]",False,,,,0.24987501092255116,1.1927919695153832,0.7085000397637486,2.157166018150747
46,Hongjun,emergency,unavailable_in_sd_path,45,/Users/zilongzeng/Research/DroneControl/user_study_v2/Hongjun/Emergency/45.wav,Hongjun/Emergency/45.wav,emergency,0.99609375,0.99609375,0.0,0.0,"[127, -128, -128]",True,,,,0.06787502206861973,1.2135839788243175,0.7212919881567359,2.0089580211788416
47,Hongjun,emergency,unavailable_in_sd_path,46,/Users/zilongzeng/Research/DroneControl/user_study_v2/Hongjun/Emergency/46.wav,Hongjun/Emergency/46.wav,emergency,0.99609375,0.99609375,0.0,0.0,"[127, -128, -128]",True,,,,0.20424998365342617,1.27820810303092,0.7136249914765358,2.2036669543012977
48,Hongjun,emergency,unavailable_in_sd_path,47,/Users/zilongzeng/Research/DroneControl/user_study_v2/Hongjun/Emergency/47.wav,Hongjun/Emergency/47.wav,emergency,0.99609375,0.99609375,0.0,0.0,"[127, -128, -128]",True,,,,0.22679194808006287,1.274125068448484,0.6783329881727695,2.1857499377802014
49,Hongjun,emergency,unavailable_in_sd_path,48,/Users/zilongzeng/Research/DroneControl/user_study_v2/Hongjun/Emergency/48.wav,Hongjun/Emergency/48.wav,emergency,0.9921875,0.9921875,0.0078125,0.0,"[126, -126, -128]",True,,,,0.07974996697157621,1.3362079625949264,0.7354579865932465,2.159042051061988
50,Hongjun,emergency,unavailable_in_sd_path,49,/Users/zilongzeng/Research/DroneControl/user_study_v2/Hongjun/Emergency/49.wav,Hongjun/Emergency/49.wav,movement,0.89453125,0.0078125,0.89453125,0.09765625,"[-126, 101, -103]",False,,,,0.08699996396899223,1.2587499804794788,0.7190840551629663,2.0705419592559338
51,Hongjun,movement,unavailable_in_sd_path,0,/Users/zilongzeng/Research/DroneControl/user_study_v2/Hongjun/Movement/0.wav,Hongjun/Movement/0.wav,movement,0.99609375,0.0,0.99609375,0.0,"[-128, 127, -128]",True,,,,0.039375037886202335,1.2769169406965375,0.6739160744473338,1.995166065171361
52,Hongjun,movement,unavailable_in_sd_path,1,/Users/zilongzeng/Research/DroneControl/user_study_v2/Hongjun/Movement/1.wav,Hongjun/Movement/1.wav,movement,0.99609375,0.0,0.99609375,0.0,"[-128, 127, -128]",True,,,,0.03245798870921135,1.267208019271493,0.6732919719070196,1.9781669834628701
53,Hongjun,movement,unavailable_in_sd_path,2,/Users/zilongzeng/Research/DroneControl/user_study_v2/Hongjun/Movement/2.wav,Hongjun/Movement/2.wav,movement,0.99609375,0.0,0.99609375,0.0,"[-128, 127, -128]",True,,,,0.07216609083116055,1.241625053808093,0.6602919893339276,1.9795829430222511
54,Hongjun,movement,unavailable_in_sd_path,3,/Users/zilongzeng/Research/DroneControl/user_study_v2/Hongjun/Movement/3.wav,Hongjun/Movement/3.wav,movement,0.99609375,0.0,0.99609375,0.0,"[-128, 127, -128]",True,,,,0.07354200351983309,1.2549590319395065,0.7070419378578663,2.0431249868124723
55,Hongjun,movement,unavailable_in_sd_path,4,/Users/zilongzeng/Research/DroneControl/user_study_v2/Hongjun/Movement/4.wav,Hongjun/Movement/4.wav,movement,0.99609375,0.0,0.99609375,0.0,"[-128, 127, -128]",True,,,,0.2424169797450304,1.383999944664538,0.7062079384922981,2.340832957997918
56,Hongjun,movement,unavailable_in_sd_path,5,/Users/zilongzeng/Research/DroneControl/user_study_v2/Hongjun/Movement/5.wav,Hongjun/Movement/5.wav,movement,0.99609375,0.0,0.99609375,0.0,"[-128, 127, -128]",True,,,,0.2581248991191387,1.3691249769181013,0.708332983776927,2.342291991226375
57,Hongjun,movement,unavailable_in_sd_path,6,/Users/zilongzeng/Research/DroneControl/user_study_v2/Hongjun/Movement/6.wav,Hongjun/Movement/6.wav,movement,0.99609375,0.0,0.99609375,0.0,"[-128, 127, -128]",True,,,,0.07241696584969759,1.2882089940831065,0.6757499650120735,2.04149994533509
58,Hongjun,movement,unavailable_in_sd_path,7,/Users/zilongzeng/Research/DroneControl/user_study_v2/Hongjun/Movement/7.wav,Hongjun/Movement/7.wav,movement,0.99609375,0.0,0.99609375,0.0,"[-128, 127, -128]",True,,,,0.0651670852676034,1.0951670119538903,0.6688329158350825,1.834082999266684
59,Hongjun,movement,unavailable_in_sd_path,8,/Users/zilongzeng/Research/DroneControl/user_study_v2/Hongjun/Movement/8.wav,Hongjun/Movement/8.wav,movement,0.99609375,0.0,0.99609375,0.0,"[-128, 127, -128]",True,,,,0.06970891263335943,1.6880000475794077,0.742291915230453,2.50925007276237
60,Hongjun,movement,unavailable_in_sd_path,9,/Users/zilongzeng/Research/DroneControl/user_study_v2/Hongjun/Movement/9.wav,Hongjun/Movement/9.wav,movement,0.99609375,0.0,0.99609375,0.0,"[-128, 127, -128]",True,,,,0.12137508019804955,1.3582089450210333,0.7205420406535268,2.2071669809520245
61,Hongjun,movement,unavailable_in_sd_path,10,/Users/zilongzeng/Research/DroneControl/user_study_v2/Hongjun/Movement/10.wav,Hongjun/Movement/10.wav,movement,0.99609375,0.0,0.99609375,0.0,"[-128, 127, -128]",True,,,,0.08487503509968519,1.3461250346153975,0.7163750706240535,2.1543330512940884
62,Hongjun,movement,unavailable_in_sd_path,11,/Users/zilongzeng/Research/DroneControl/user_study_v2/Hongjun/Movement/11.wav,Hongjun/Movement/11.wav,movement,0.99609375,0.0,0.99609375,0.0,"[-128, 127, -128]",True,,,,0.20833394955843687,1.491375034675002,0.7553329924121499,2.467583050020039
63,Hongjun,movement,unavailable_in_sd_path,12,/Users/zilongzeng/Research/DroneControl/user_study_v2/Hongjun/Movement/12.wav,Hongjun/Movement/12.wav,movement,0.97265625,0.02734375,0.97265625,0.0,"[-121, 121, -128]",True,,,,0.25412498507648706,1.412958954460919,0.7111250888556242,2.3857500636950135
64,Hongjun,movement,unavailable_in_sd_path,13,/Users/zilongzeng/Research/DroneControl/user_study_v2/Hongjun/Movement/13.wav,Hongjun/Movement/13.wav,movement,0.99609375,0.0,0.99609375,0.0,"[-128, 127, -128]",True,,,,0.22187491413205862,1.3119169743731618,0.6880420260131359,2.227624994702637
65,Hongjun,movement,unavailable_in_sd_path,14,/Users/zilongzeng/Research/DroneControl/user_study_v2/Hongjun/Movement/14.wav,Hongjun/Movement/14.wav,movement,0.99609375,0.0,0.99609375,0.0,"[-128, 127, -128]",True,,,,0.08983397856354713,1.3003749772906303,0.6807079771533608,2.076791017316282
66,Hongjun,movement,unavailable_in_sd_path,15,/Users/zilongzeng/Research/DroneControl/user_study_v2/Hongjun/Movement/15.wav,Hongjun/Movement/15.wav,movement,0.99609375,0.0,0.99609375,0.0,"[-128, 127, -128]",True,,,,0.08091691415756941,1.2942500179633498,0.7239169208332896,2.1068330388516188
67,Hongjun,movement,unavailable_in_sd_path,16,/Users/zilongzeng/Research/DroneControl/user_study_v2/Hongjun/Movement/16.wav,Hongjun/Movement/16.wav,movement,0.99609375,0.0,0.99609375,0.0,"[-128, 127, -128]",True,,,,0.2210830571129918,1.3266659807413816,0.7104160031303763,2.2645830176770687
68,Hongjun,movement,unavailable_in_sd_path,17,/Users/zilongzeng/Research/DroneControl/user_study_v2/Hongjun/Movement/17.wav,Hongjun/Movement/17.wav,movement,0.99609375,0.0,0.99609375,0.0,"[-128, 127, -128]",True,,,,0.2086249878630042,1.3091659639030695,0.7182499393820763,2.244999981485307
69,Hongjun,movement,unavailable_in_sd_path,18,/Users/zilongzeng/Research/DroneControl/user_study_v2/Hongjun/Movement/18.wav,Hongjun/Movement/18.wav,movement,0.99609375,0.0,0.99609375,0.0,"[-128, 127, -128]",True,,,,0.245374976657331,1.6479999758303165,0.7368749938905239,2.6396659668534994
70,Hongjun,movement,unavailable_in_sd_path,19,/Users/zilongzeng/Research/DroneControl/user_study_v2/Hongjun/Movement/19.wav,Hongjun/Movement/19.wav,movement,0.99609375,0.0,0.99609375,0.0,"[-128, 127, -128]",True,,,,0.23662496823817492,1.3377079740166664,0.7266669999808073,2.309667062945664
71,Hongjun,movement,unavailable_in_sd_path,20,/Users/zilongzeng/Research/DroneControl/user_study_v2/Hongjun/Movement/20.wav,Hongjun/Movement/20.wav,movement,0.99609375,0.0,0.99609375,0.0,"[-128, 127, -128]",True,,,,0.27304200921207666,1.3260419946163893,0.6788329919800162,2.3082500556483865
72,Hongjun,movement,unavailable_in_sd_path,21,/Users/zilongzeng/Research/DroneControl/user_study_v2/Hongjun/Movement/21.wav,Hongjun/Movement/21.wav,movement,0.99609375,0.0,0.99609375,0.0,"[-128, 127, -128]",True,,,,0.12533401604741812,1.2855830136686563,0.7065839599817991,2.126040984876454
73,Hongjun,movement,unavailable_in_sd_path,22,/Users/zilongzeng/Research/DroneControl/user_study_v2/Hongjun/Movement/22.wav,Hongjun/Movement/22.wav,movement,0.99609375,0.0,0.99609375,0.0,"[-128, 127, -128]",True,,,,0.11483300477266312,1.4508329331874847,0.725707970559597,2.2995000472292304
74,Hongjun,movement,unavailable_in_sd_path,23,/Users/zilongzeng/Research/DroneControl/user_study_v2/Hongjun/Movement/23.wav,Hongjun/Movement/23.wav,movement,0.99609375,0.0,0.99609375,0.0,"[-128, 127, -128]",True,,,,0.09345798753201962,1.2675829930230975,0.7177080260589719,2.0857079653069377
75,Hongjun,movement,unavailable_in_sd_path,24,/Users/zilongzeng/Research/DroneControl/user_study_v2/Hongjun/Movement/24.wav,Hongjun/Movement/24.wav,movement,0.99609375,0.0,0.99609375,0.0,"[-128, 127, -128]",True,,,,0.0766250304877758,1.2598750181496143,0.6974589778110385,2.0871669985353947
76,Hongjun,movement,unavailable_in_sd_path,25,/Users/zilongzeng/Research/DroneControl/user_study_v2/Hongjun/Movement/25.wav,Hongjun/Movement/25.wav,movement,0.99609375,0.0,0.99609375,0.0,"[-128, 127, -128]",True,,,,0.17300003673881292,1.550499931909144,0.7751249941065907,2.5129159912467003
77,Hongjun,movement,unavailable_in_sd_path,26,/Users/zilongzeng/Research/DroneControl/user_study_v2/Hongjun/Movement/26.wav,Hongjun/Movement/26.wav,movement,0.99609375,0.0,0.99609375,0.0,"[-128, 127, -128]",True,,,,0.12700003571808338,1.4659169828519225,0.726875034160912,2.3291249526664615
78,Hongjun,movement,unavailable_in_sd_path,27,/Users/zilongzeng/Research/DroneControl/user_study_v2/Hongjun/Movement/27.wav,Hongjun/Movement/27.wav,movement,0.99609375,0.0,0.99609375,0.0,"[-128, 127, -128]",True,,,,0.1194999786093831,1.4517090748995543,0.7307089399546385,2.31104192789644
79,Hongjun,movement,unavailable_in_sd_path,28,/Users/zilongzeng/Research/DroneControl/user_study_v2/Hongjun/Movement/28.wav,Hongjun/Movement/28.wav,movement,0.8046875,0.0,0.8046875,0.1953125,"[-128, 78, -78]",True,,,,0.0914580887183547,1.4590841019526124,0.7251660572364926,2.2835839772596955
80,Hongjun,movement,unavailable_in_sd_path,29,/Users/zilongzeng/Research/DroneControl/user_study_v2/Hongjun/Movement/29.wav,Hongjun/Movement/29.wav,movement,0.99609375,0.0,0.99609375,0.0,"[-128, 127, -128]",True,,,,0.15404191799461842,1.5178750036284328,0.6170000415295362,2.2975830361247063
81,Hongjun,movement,unavailable_in_sd_path,30,/Users/zilongzeng/Research/DroneControl/user_study_v2/Hongjun/Movement/30.wav,Hongjun/Movement/30.wav,movement,0.99609375,0.0,0.99609375,0.0,"[-128, 127, -128]",True,,,,0.13937510084360838,1.3469579862430692,0.7345840567722917,2.2307500476017594
82,Hongjun,movement,unavailable_in_sd_path,31,/Users/zilongzeng/Research/DroneControl/user_study_v2/Hongjun/Movement/31.wav,Hongjun/Movement/31.wav,movement,0.99609375,0.0,0.99609375,0.0,"[-128, 127, -128]",True,,,,0.10575004853308201,1.3680829433724284,0.723915989510715,2.208000048995018
83,Hongjun,movement,unavailable_in_sd_path,32,/Users/zilongzeng/Research/DroneControl/user_study_v2/Hongjun/Movement/32.wav,Hongjun/Movement/32.wav,unknown,0.984375,0.0,0.015625,0.984375,"[-128, -124, 124]",False,,,,0.19079202320426702,1.4255410060286522,0.7343330653384328,2.3602080764248967
84,Hongjun,movement,unavailable_in_sd_path,33,/Users/zilongzeng/Research/DroneControl/user_study_v2/Hongjun/Movement/33.wav,Hongjun/Movement/33.wav,unknown,0.99609375,0.0,0.0,0.99609375,"[-128, -128, 127]",False,,,,0.08466700091958046,1.3716670218855143,0.7338339928537607,2.1976670250296593
85,Hongjun,movement,unavailable_in_sd_path,34,/Users/zilongzeng/Research/DroneControl/user_study_v2/Hongjun/Movement/34.wav,Hongjun/Movement/34.wav,movement,0.99609375,0.0,0.99609375,0.0,"[-128, 127, -128]",True,,,,0.0752920750528574,1.407124917022884,0.6267080316320062,2.117999945767224
86,Hongjun,movement,unavailable_in_sd_path,35,/Users/zilongzeng/Research/DroneControl/user_study_v2/Hongjun/Movement/35.wav,Hongjun/Movement/35.wav,emergency,0.99609375,0.99609375,0.0,0.0,"[127, -128, -128]",False,,,,0.13145804405212402,1.3604579726234078,0.7062500808387995,2.205458004027605
87,Hongjun,movement,unavailable_in_sd_path,36,/Users/zilongzeng/Research/DroneControl/user_study_v2/Hongjun/Movement/36.wav,Hongjun/Movement/36.wav,unknown,0.76171875,0.2265625,0.01171875,0.76171875,"[-70, -125, 67]",False,,,,0.11245789937674999,1.3804170303046703,0.7261659484356642,2.228124998509884
88,Hongjun,movement,unavailable_in_sd_path,37,/Users/zilongzeng/Research/DroneControl/user_study_v2/Hongjun/Movement/37.wav,Hongjun/Movement/37.wav,movement,0.99609375,0.0,0.99609375,0.0,"[-128, 127, -128]",True,,,,0.2202920150011778,1.4374169986695051,0.7321659941226244,2.3970420006662607
89,Hongjun,movement,unavailable_in_sd_path,38,/Users/zilongzeng/Research/DroneControl/user_study_v2/Hongjun/Movement/38.wav,Hongjun/Movement/38.wav,movement,0.99609375,0.0,0.99609375,0.0,"[-128, 127, -128]",True,,,,0.2173340180888772,1.4240830205380917,0.7208329625427723,2.37091607414186
90,Hongjun,movement,unavailable_in_sd_path,39,/Users/zilongzeng/Research/DroneControl/user_study_v2/Hongjun/Movement/39.wav,Hongjun/Movement/39.wav,movement,0.99609375,0.0,0.99609375,0.0,"[-128, 127, -128]",True,,,,0.08587504271417856,1.3424160424619913,0.873749959282577,2.319708000868559
91,Hongjun,movement,unavailable_in_sd_path,40,/Users/zilongzeng/Research/DroneControl/user_study_v2/Hongjun/Movement/40.wav,Hongjun/Movement/40.wav,movement,0.99609375,0.0,0.99609375,0.0,"[-128, 127, -128]",True,,,,0.12012489605695009,1.6001249896362424,0.6938750157132745,2.4229580303654075
92,Hongjun,movement,unavailable_in_sd_path,41,/Users/zilongzeng/Research/DroneControl/user_study_v2/Hongjun/Movement/41.wav,Hongjun/Movement/41.wav,movement,0.859375,0.0,0.859375,0.140625,"[-128, 92, -92]",True,,,,0.1361659960821271,1.4355420134961605,0.724292011000216,2.304541994817555
93,Hongjun,movement,unavailable_in_sd_path,42,/Users/zilongzeng/Research/DroneControl/user_study_v2/Hongjun/Movement/42.wav,Hongjun/Movement/42.wav,emergency,0.99609375,0.99609375,0.0,0.0,"[127, -128, -128]",False,,,,0.1326659694314003,1.339874928817153,0.7302080048248172,2.2100000642240047
94,Hongjun,movement,unavailable_in_sd_path,43,/Users/zilongzeng/Research/DroneControl/user_study_v2/Hongjun/Movement/43.wav,Hongjun/Movement/43.wav,movement,0.99609375,0.0,0.99609375,0.0,"[-128, 127, -128]",True,,,,0.07866707164794207,1.350583042949438,0.7323329336941242,2.1699999924749136
95,Hongjun,movement,unavailable_in_sd_path,44,/Users/zilongzeng/Research/DroneControl/user_study_v2/Hongjun/Movement/44.wav,Hongjun/Movement/44.wav,movement,0.99609375,0.0,0.99609375,0.0,"[-128, 127, -128]",True,,,,0.08695793803781271,1.4850420411676168,0.7281670114025474,2.3081250255927444
96,Hongjun,movement,unavailable_in_sd_path,45,/Users/zilongzeng/Research/DroneControl/user_study_v2/Hongjun/Movement/45.wav,Hongjun/Movement/45.wav,movement,0.99609375,0.0,0.99609375,0.0,"[-128, 127, -128]",True,,,,0.09183294605463743,1.3931249268352985,0.7337919669225812,2.226708922535181
97,Hongjun,movement,unavailable_in_sd_path,46,/Users/zilongzeng/Research/DroneControl/user_study_v2/Hongjun/Movement/46.wav,Hongjun/Movement/46.wav,movement,0.99609375,0.0,0.99609375,0.0,"[-128, 127, -128]",True,,,,0.08200004231184721,1.4106249436736107,0.7270410424098372,2.226833952590823
98,Hongjun,movement,unavailable_in_sd_path,47,/Users/zilongzeng/Research/DroneControl/user_study_v2/Hongjun/Movement/47.wav,Hongjun/Movement/47.wav,movement,0.99609375,0.0,0.99609375,0.0,"[-128, 127, -128]",True,,,,0.0843339366838336,1.3570000883191824,0.666291918605566,2.1167079685255885
99,Hongjun,movement,unavailable_in_sd_path,48,/Users/zilongzeng/Research/DroneControl/user_study_v2/Hongjun/Movement/48.wav,Hongjun/Movement/48.wav,movement,0.99609375,0.0,0.99609375,0.0,"[-128, 127, -128]",True,,,,0.08725002408027649,1.3826660579070449,0.7323750760406256,2.2094999440014362
100,Hongjun,movement,unavailable_in_sd_path,49,/Users/zilongzeng/Research/DroneControl/user_study_v2/Hongjun/Movement/49.wav,Hongjun/Movement/49.wav,movement,0.99609375,0.0,0.99609375,0.0,"[-128, 127, -128]",True,,,,0.07991690654307604,1.2300420785322785,0.7216249359771609,2.038041944615543
101,Hongjun,unknown,unavailable_in_sd_path,0,/Users/zilongzeng/Research/DroneControl/user_study_v2/Hongjun/Unknown/0.wav,Hongjun/Unknown/0.wav,unknown,0.99609375,0.0,0.0,0.99609375,"[-128, -128, 127]",True,,,,0.03862509038299322,1.255583018064499,0.7229170296341181,2.023291075602174
102,Hongjun,unknown,unavailable_in_sd_path,1,/Users/zilongzeng/Research/DroneControl/user_study_v2/Hongjun/Unknown/1.wav,Hongjun/Unknown/1.wav,unknown,0.99609375,0.0,0.0,0.99609375,"[-128, -128, 127]",True,,,,0.042041996493935585,1.203124993480742,0.7017089519649744,1.9532500300556421
103,Hongjun,unknown,unavailable_in_sd_path,2,/Users/zilongzeng/Research/DroneControl/user_study_v2/Hongjun/Unknown/2.wav,Hongjun/Unknown/2.wav,unknown,0.99609375,0.0,0.0,0.99609375,"[-128, -128, 127]",True,,,,0.20804197993129492,1.2929999502375722,0.722791999578476,2.231416990980506
104,Hongjun,unknown,unavailable_in_sd_path,3,/Users/zilongzeng/Research/DroneControl/user_study_v2/Hongjun/Unknown/3.wav,Hongjun/Unknown/3.wav,unknown,0.99609375,0.0,0.0,0.99609375,"[-128, -128, 127]",True,,,,0.24037505500018597,1.2285839766263962,0.7322080200538039,2.2082910872995853
105,Hongjun,unknown,unavailable_in_sd_path,4,/Users/zilongzeng/Research/DroneControl/user_study_v2/Hongjun/Unknown/4.wav,Hongjun/Unknown/4.wav,unknown,0.99609375,0.0,0.0,0.99609375,"[-128, -128, 127]",True,,,,0.07366691716015339,1.311750034801662,0.697416951879859,2.0890000741928816
106,Hongjun,unknown,unavailable_in_sd_path,5,/Users/zilongzeng/Research/DroneControl/user_study_v2/Hongjun/Unknown/5.wav,Hongjun/Unknown/5.wav,unknown,0.99609375,0.0,0.0,0.99609375,"[-128, -128, 127]",True,,,,0.1978749642148614,1.1729169636964798,0.7395000429823995,2.1212920546531677
107,Hongjun,unknown,unavailable_in_sd_path,6,/Users/zilongzeng/Research/DroneControl/user_study_v2/Hongjun/Unknown/6.wav,Hongjun/Unknown/6.wav,movement,0.99609375,0.0,0.99609375,0.00390625,"[-128, 127, -127]",False,,,,0.2248329110443592,1.3419169699773192,0.7247499888762832,2.3007079726085067
108,Hongjun,unknown,unavailable_in_sd_path,7,/Users/zilongzeng/Research/DroneControl/user_study_v2/Hongjun/Unknown/7.wav,Hongjun/Unknown/7.wav,unknown,0.99609375,0.0,0.0,0.99609375,"[-128, -128, 127]",True,,,,0.2543330192565918,1.4237079303711653,0.7252079667523503,2.4098330177366734
109,Hongjun,unknown,unavailable_in_sd_path,8,/Users/zilongzeng/Research/DroneControl/user_study_v2/Hongjun/Unknown/8.wav,Hongjun/Unknown/8.wav,unknown,0.99609375,0.0,0.0,0.99609375,"[-128, -128, 127]",True,,,,0.09370897896587849,1.3414580607786775,0.689250067807734,2.130707958713174
110,Hongjun,unknown,unavailable_in_sd_path,9,/Users/zilongzeng/Research/DroneControl/user_study_v2/Hongjun/Unknown/9.wav,Hongjun/Unknown/9.wav,unknown,0.99609375,0.0,0.0,0.99609375,"[-128, -128, 127]",True,,,,0.106374965980649,1.4139580307528377,0.6504160119220614,2.184749930165708
111,Hongjun,unknown,unavailable_in_sd_path,10,/Users/zilongzeng/Research/DroneControl/user_study_v2/Hongjun/Unknown/10.wav,Hongjun/Unknown/10.wav,unknown,0.99609375,0.0,0.0,0.99609375,"[-128, -128, 127]",True,,,,0.08891697507351637,1.5275840414687991,0.718125025741756,2.342166961170733
112,Hongjun,unknown,unavailable_in_sd_path,11,/Users/zilongzeng/Research/DroneControl/user_study_v2/Hongjun/Unknown/11.wav,Hongjun/Unknown/11.wav,unknown,0.96875,0.0,0.03125,0.96875,"[-128, -120, 120]",True,,,,0.08749996777623892,1.315042027272284,0.7092920131981373,2.1180410403758287
113,Hongjun,unknown,unavailable_in_sd_path,12,/Users/zilongzeng/Research/DroneControl/user_study_v2/Hongjun/Unknown/12.wav,Hongjun/Unknown/12.wav,unknown,0.99609375,0.0,0.0,0.99609375,"[-128, -128, 127]",True,,,,0.07412501145154238,1.375499996356666,0.6200410425662994,2.078582998365164
114,Hongjun,unknown,unavailable_in_sd_path,13,/Users/zilongzeng/Research/DroneControl/user_study_v2/Hongjun/Unknown/13.wav,Hongjun/Unknown/13.wav,unknown,0.99609375,0.0,0.0,0.99609375,"[-128, -128, 127]",True,,,,0.165708945132792,1.5049169305711985,0.7007080130279064,2.379499957896769
115,Hongjun,unknown,unavailable_in_sd_path,14,/Users/zilongzeng/Research/DroneControl/user_study_v2/Hongjun/Unknown/14.wav,Hongjun/Unknown/14.wav,movement,0.984375,0.015625,0.984375,0.0,"[-124, 124, -128]",False,,,,0.2543749287724495,1.4417499769479036,0.6186250830069184,2.323125023394823
116,Hongjun,unknown,unavailable_in_sd_path,15,/Users/zilongzeng/Research/DroneControl/user_study_v2/Hongjun/Unknown/15.wav,Hongjun/Unknown/15.wav,unknown,0.99609375,0.0,0.0,0.99609375,"[-128, -128, 127]",True,,,,0.32899994403123856,1.3670000480487943,0.7197919767349958,2.4241249775514007
117,Hongjun,unknown,unavailable_in_sd_path,16,/Users/zilongzeng/Research/DroneControl/user_study_v2/Hongjun/Unknown/16.wav,Hongjun/Unknown/16.wav,movement,0.99609375,0.0,0.99609375,0.0,"[-128, 127, -128]",False,,,,0.1212910283356905,1.4035829808562994,0.7404579082503915,2.2741659777238965
118,Hongjun,unknown,unavailable_in_sd_path,17,/Users/zilongzeng/Research/DroneControl/user_study_v2/Hongjun/Unknown/17.wav,Hongjun/Unknown/17.wav,emergency,0.99609375,0.99609375,0.00390625,0.0,"[127, -127, -128]",False,,,,0.09766698349267244,1.3819169253110886,0.7280419813469052,2.2148750722408295
119,Hongjun,unknown,unavailable_in_sd_path,18,/Users/zilongzeng/Research/DroneControl/user_study_v2/Hongjun/Unknown/18.wav,Hongjun/Unknown/18.wav,unknown,0.99609375,0.0,0.0,0.99609375,"[-128, -128, 127]",True,,,,0.0904579646885395,1.34170800447464,0.7272500079125166,2.166499965824187
120,Hongjun,unknown,unavailable_in_sd_path,19,/Users/zilongzeng/Research/DroneControl/user_study_v2/Hongjun/Unknown/19.wav,Hongjun/Unknown/19.wav,unknown,0.99609375,0.0,0.0,0.99609375,"[-128, -128, 127]",True,,,,0.08541694842278957,1.4170409413054585,0.711207976564765,2.2196249337866902
121,Hongjun,unknown,unavailable_in_sd_path,20,/Users/zilongzeng/Research/DroneControl/user_study_v2/Hongjun/Unknown/20.wav,Hongjun/Unknown/20.wav,unknown,0.99609375,0.0,0.0,0.99609375,"[-128, -128, 127]",True,,,,0.07866707164794207,1.2870830250903964,0.7193330675363541,2.0909999730065465
122,Hongjun,unknown,unavailable_in_sd_path,21,/Users/zilongzeng/Research/DroneControl/user_study_v2/Hongjun/Unknown/21.wav,Hongjun/Unknown/21.wav,unknown,0.99609375,0.0,0.0,0.99609375,"[-128, -128, 127]",True,,,,0.20949996542185545,1.2489579385146499,0.7100420771166682,2.1740420488640666
123,Hongjun,unknown,unavailable_in_sd_path,22,/Users/zilongzeng/Research/DroneControl/user_study_v2/Hongjun/Unknown/22.wav,Hongjun/Unknown/22.wav,unknown,0.99609375,0.0,0.0,0.99609375,"[-128, -128, 127]",True,,,,0.26300002355128527,1.357375062070787,0.7068749982863665,2.3330829571932554
124,Hongjun,unknown,unavailable_in_sd_path,23,/Users/zilongzeng/Research/DroneControl/user_study_v2/Hongjun/Unknown/23.wav,Hongjun/Unknown/23.wav,unknown,0.9921875,0.0,0.0078125,0.9921875,"[-128, -126, 126]",True,,,,0.19937497563660145,1.3053750153630972,0.698499963618815,2.208958030678332
125,Hongjun,unknown,unavailable_in_sd_path,24,/Users/zilongzeng/Research/DroneControl/user_study_v2/Hongjun/Unknown/24.wav,Hongjun/Unknown/24.wav,unknown,0.99609375,0.0,0.0,0.99609375,"[-128, -128, 127]",True,,,,0.21416600793600082,1.3499159831553698,0.7312499219551682,2.304541994817555
126,Hongjun,unknown,unavailable_in_sd_path,25,/Users/zilongzeng/Research/DroneControl/user_study_v2/Hongjun/Unknown/25.wav,Hongjun/Unknown/25.wav,unknown,0.99609375,0.0,0.0,0.99609375,"[-128, -128, 127]",True,,,,0.0951249385252595,1.2799580581486225,0.7151250028982759,2.096042037010193
127,Hongjun,unknown,unavailable_in_sd_path,26,/Users/zilongzeng/Research/DroneControl/user_study_v2/Hongjun/Unknown/26.wav,Hongjun/Unknown/26.wav,unknown,0.99609375,0.0,0.0,0.99609375,"[-128, -128, 127]",True,,,,0.06058404687792063,1.3040839694440365,0.7134160259738564,2.085082931444049
128,Hongjun,unknown,unavailable_in_sd_path,27,/Users/zilongzeng/Research/DroneControl/user_study_v2/Hongjun/Unknown/27.wav,Hongjun/Unknown/27.wav,unknown,0.99609375,0.0,0.0,0.99609375,"[-128, -128, 127]",True,,,,0.16741699073463678,1.308040926232934,0.6796249654144049,2.161041949875653
129,Hongjun,unknown,unavailable_in_sd_path,28,/Users/zilongzeng/Research/DroneControl/user_study_v2/Hongjun/Unknown/28.wav,Hongjun/Unknown/28.wav,unknown,0.99609375,0.0,0.0,0.99609375,"[-128, -128, 127]",True,,,,0.07245899178087711,1.389457960613072,0.6880409782752395,2.1570828976109624
130,Hongjun,unknown,unavailable_in_sd_path,29,/Users/zilongzeng/Research/DroneControl/user_study_v2/Hongjun/Unknown/29.wav,Hongjun/Unknown/29.wav,unknown,0.99609375,0.0,0.0,0.99609375,"[-128, -128, 127]",True,,,,0.0837499974295497,1.2032919330522418,0.6689580623060465,1.961083966307342
131,Hongjun,unknown,unavailable_in_sd_path,30,/Users/zilongzeng/Research/DroneControl/user_study_v2/Hongjun/Unknown/30.wav,Hongjun/Unknown/30.wav,movement,0.984375,0.0,0.984375,0.015625,"[-128, 124, -124]",False,,,,0.19129097927361727,1.371749909594655,0.6752499612048268,2.244165982119739
132,Hongjun,unknown,unavailable_in_sd_path,31,/Users/zilongzeng/Research/DroneControl/user_study_v2/Hongjun/Unknown/31.wav,Hongjun/Unknown/31.wav,unknown,0.99609375,0.0,0.0,0.99609375,"[-128, -128, 127]",True,,,,0.18641597125679255,1.1355000315234065,0.7124999538064003,2.0414580358192325
133,Hongjun,unknown,unavailable_in_sd_path,32,/Users/zilongzeng/Research/DroneControl/user_study_v2/Hongjun/Unknown/32.wav,Hongjun/Unknown/32.wav,unknown,0.99609375,0.0,0.0,0.99609375,"[-128, -128, 127]",True,,,,0.1734589459374547,1.4666670467704535,0.7428749231621623,2.3922499967738986
134,Hongjun,unknown,unavailable_in_sd_path,33,/Users/zilongzeng/Research/DroneControl/user_study_v2/Hongjun/Unknown/33.wav,Hongjun/Unknown/33.wav,movement,0.99609375,0.0,0.99609375,0.0,"[-128, 127, -128]",False,,,,0.2353329909965396,1.3552920427173376,0.7295840186998248,2.3278750013560057
135,Hongjun,unknown,unavailable_in_sd_path,34,/Users/zilongzeng/Research/DroneControl/user_study_v2/Hongjun/Unknown/34.wav,Hongjun/Unknown/34.wav,unknown,0.99609375,0.0,0.0,0.99609375,"[-128, -128, 127]",True,,,,0.2381670055910945,1.4734580181539059,0.7241249550133944,2.4428340839222074
136,Hongjun,unknown,unavailable_in_sd_path,35,/Users/zilongzeng/Research/DroneControl/user_study_v2/Hongjun/Unknown/35.wav,Hongjun/Unknown/35.wav,unknown,0.99609375,0.0,0.0,0.99609375,"[-128, -128, 127]",True,,,,0.09716604836285114,1.3772910460829735,0.7187080336734653,2.1992920665070415
137,Hongjun,unknown,unavailable_in_sd_path,36,/Users/zilongzeng/Research/DroneControl/user_study_v2/Hongjun/Unknown/36.wav,Hongjun/Unknown/36.wav,unknown,0.99609375,0.0,0.0,0.99609375,"[-128, -128, 127]",True,,,,0.09250000584870577,1.2995830038562417,0.7225420558825135,2.1204999648034573
138,Hongjun,unknown,unavailable_in_sd_path,37,/Users/zilongzeng/Research/DroneControl/user_study_v2/Hongjun/Unknown/37.wav,Hongjun/Unknown/37.wav,unknown,0.984375,0.015625,0.0,0.984375,"[-124, -128, 124]",True,,,,0.08520798292011023,1.3165830168873072,0.7146249990910292,2.122916979715228
139,Hongjun,unknown,unavailable_in_sd_path,38,/Users/zilongzeng/Research/DroneControl/user_study_v2/Hongjun/Unknown/38.wav,Hongjun/Unknown/38.wav,unknown,0.99609375,0.0,0.0,0.99609375,"[-128, -128, 127]",True,,,,0.07762503810226917,1.1717909947037697,0.676875002682209,1.9310839707031846
140,Hongjun,unknown,unavailable_in_sd_path,39,/Users/zilongzeng/Research/DroneControl/user_study_v2/Hongjun/Unknown/39.wav,Hongjun/Unknown/39.wav,unknown,0.99609375,0.0,0.0,0.99609375,"[-128, -128, 127]",True,,,,0.24062511511147022,1.1982499854639173,0.7079159840941429,2.1540410816669464
141,Hongjun,unknown,unavailable_in_sd_path,40,/Users/zilongzeng/Research/DroneControl/user_study_v2/Hongjun/Unknown/40.wav,Hongjun/Unknown/40.wav,unknown,0.99609375,0.0,0.0,0.99609375,"[-128, -128, 127]",True,,,,0.24762505199760199,1.3847079826518893,0.7166669238358736,2.3554579820483923
142,Hongjun,unknown,unavailable_in_sd_path,41,/Users/zilongzeng/Research/DroneControl/user_study_v2/Hongjun/Unknown/41.wav,Hongjun/Unknown/41.wav,unknown,0.99609375,0.0,0.0,0.99609375,"[-128, -128, 127]",True,,,,0.0837499974295497,1.292875036597252,0.7514589233323932,2.1404590224847198
143,Hongjun,unknown,unavailable_in_sd_path,42,/Users/zilongzeng/Research/DroneControl/user_study_v2/Hongjun/Unknown/42.wav,Hongjun/Unknown/42.wav,unknown,0.99609375,0.0,0.0,0.99609375,"[-128, -128, 127]",True,,,,0.09633391164243221,1.3288750778883696,0.6951249670237303,2.1290829172357917
144,Hongjun,unknown,unavailable_in_sd_path,43,/Users/zilongzeng/Research/DroneControl/user_study_v2/Hongjun/Unknown/43.wav,Hongjun/Unknown/43.wav,unknown,0.99609375,0.0,0.0,0.99609375,"[-128, -128, 127]",True,,,,0.08162506856024265,1.446041977033019,0.6235420005396008,2.1603748900815845
145,Hongjun,unknown,unavailable_in_sd_path,44,/Users/zilongzeng/Research/DroneControl/user_study_v2/Hongjun/Unknown/44.wav,Hongjun/Unknown/44.wav,unknown,0.99609375,0.0,0.0,0.99609375,"[-128, -128, 127]",True,,,,0.17445802222937346,1.2208750704303384,0.6990829715505242,2.1011249627918005
146,Hongjun,unknown,unavailable_in_sd_path,45,/Users/zilongzeng/Research/DroneControl/user_study_v2/Hongjun/Unknown/45.wav,Hongjun/Unknown/45.wav,unknown,0.99609375,0.0,0.0,0.99609375,"[-128, -128, 127]",True,,,,0.07637497037649155,1.2594170402735472,0.6809580372646451,2.022917033173144
147,Hongjun,unknown,unavailable_in_sd_path,46,/Users/zilongzeng/Research/DroneControl/user_study_v2/Hongjun/Unknown/46.wav,Hongjun/Unknown/46.wav,movement,0.99609375,0.00390625,0.99609375,0.0,"[-127, 127, -128]",False,,,,0.07604202255606651,1.1990000493824482,0.6664999527856708,1.9470419501885772
148,Hongjun,unknown,unavailable_in_sd_path,47,/Users/zilongzeng/Research/DroneControl/user_study_v2/Hongjun/Unknown/47.wav,Hongjun/Unknown/47.wav,unknown,0.99609375,0.0,0.0,0.99609375,"[-128, -128, 127]",True,,,,0.0731669133529067,1.3574580661952496,0.7308750646188855,2.1706660045310855
149,Hongjun,unknown,unavailable_in_sd_path,48,/Users/zilongzeng/Research/DroneControl/user_study_v2/Hongjun/Unknown/48.wav,Hongjun/Unknown/48.wav,unknown,0.99609375,0.0,0.0,0.99609375,"[-128, -128, 127]",True,,,,0.10770908556878567,1.3821249594911933,0.7180829998105764,2.2152920719236135
150,Hongjun,unknown,unavailable_in_sd_path,49,/Users/zilongzeng/Research/DroneControl/user_study_v2/Hongjun/Unknown/49.wav,Hongjun/Unknown/49.wav,unknown,0.99609375,0.0,0.0,0.99609375,"[-128, -128, 127]",True,,,,0.07762503810226917,1.2390000047162175,0.6714590126648545,1.993665937334299
151,Junxi,emergency,unavailable_in_sd_path,0,/Users/zilongzeng/Research/DroneControl/user_study_v2/Junxi/Emergency/0.wav,Junxi/Emergency/0.wav,emergency,0.99609375,0.99609375,0.0,0.0,"[127, -128, -128]",True,,,,0.07275003008544445,1.180000021122396,0.6842499133199453,1.9434168934822083
152,Junxi,emergency,unavailable_in_sd_path,1,/Users/zilongzeng/Research/DroneControl/user_study_v2/Junxi/Emergency/1.wav,Junxi/Emergency/1.wav,movement,0.99609375,0.0,0.99609375,0.0,"[-128, 127, -128]",False,,,,0.06804207805544138,1.4758330071344972,0.7386250654235482,2.29104096069932
153,Junxi,emergency,unavailable_in_sd_path,2,/Users/zilongzeng/Research/DroneControl/user_study_v2/Junxi/Emergency/2.wav,Junxi/Emergency/2.wav,movement,0.99609375,0.0,0.99609375,0.0,"[-128, 127, -128]",False,,,,0.10508298873901367,1.3770830119028687,0.718166003935039,2.2096249740570784
154,Junxi,emergency,unavailable_in_sd_path,3,/Users/zilongzeng/Research/DroneControl/user_study_v2/Junxi/Emergency/3.wav,Junxi/Emergency/3.wav,emergency,0.99609375,0.99609375,0.0,0.0,"[127, -128, -128]",True,,,,0.21049997303634882,1.3699580449610949,0.7475418969988823,2.357457997277379
155,Junxi,emergency,unavailable_in_sd_path,4,/Users/zilongzeng/Research/DroneControl/user_study_v2/Junxi/Emergency/4.wav,Junxi/Emergency/4.wav,movement,0.953125,0.046875,0.953125,0.0,"[-116, 116, -128]",False,,,,0.3463340690359473,1.676167012192309,0.7411659462377429,2.7767920400947332
156,Junxi,emergency,unavailable_in_sd_path,5,/Users/zilongzeng/Research/DroneControl/user_study_v2/Junxi/Emergency/5.wav,Junxi/Emergency/5.wav,movement,0.99609375,0.0,0.99609375,0.0,"[-128, 127, -128]",False,,,,0.32995897345244884,1.5308749862015247,0.7953750900924206,2.675791969522834
157,Junxi,emergency,unavailable_in_sd_path,6,/Users/zilongzeng/Research/DroneControl/user_study_v2/Junxi/Emergency/6.wav,Junxi/Emergency/6.wav,movement,0.859375,0.140625,0.859375,0.0,"[-92, 92, -128]",False,,,,0.2715419977903366,1.4597919071093202,0.7728750351816416,2.520832931622863
158,Junxi,emergency,unavailable_in_sd_path,7,/Users/zilongzeng/Research/DroneControl/user_study_v2/Junxi/Emergency/7.wav,Junxi/Emergency/7.wav,movement,0.99609375,0.0,0.99609375,0.0,"[-128, 127, -128]",False,,,,0.37295802030712366,1.5175420558080077,0.7576670031994581,2.6643750024959445
159,Junxi,emergency,unavailable_in_sd_path,8,/Users/zilongzeng/Research/DroneControl/user_study_v2/Junxi/Emergency/8.wav,Junxi/Emergency/8.wav,emergency,0.59765625,0.59765625,0.40234375,0.0,"[25, -25, -128]",True,,,,0.29745791107416153,1.5270840376615524,0.7470420096069574,2.582790912128985
160,Junxi,emergency,unavailable_in_sd_path,9,/Users/zilongzeng/Research/DroneControl/user_study_v2/Junxi/Emergency/9.wav,Junxi/Emergency/9.wav,emergency,0.9609375,0.9609375,0.0390625,0.0,"[118, -118, -128]",True,,,,0.26945804711431265,1.476416946388781,0.7248750189319253,2.4785829009488225
161,Junxi,emergency,unavailable_in_sd_path,10,/Users/zilongzeng/Research/DroneControl/user_study_v2/Junxi/Emergency/10.wav,Junxi/Emergency/10.wav,unknown,0.98828125,0.01171875,0.0,0.98828125,"[-125, -128, 125]",False,,,,0.2280420158058405,1.3802499743178487,0.7371249375864863,2.352625015191734
162,Junxi,emergency,unavailable_in_sd_path,11,/Users/zilongzeng/Research/DroneControl/user_study_v2/Junxi/Emergency/11.wav,Junxi/Emergency/11.wav,emergency,0.44140625,0.44140625,0.359375,0.19921875,"[-15, -36, -77]",True,,,,0.20404101815074682,1.3851249823346734,0.71387505158782,2.3115420481190085
163,Junxi,emergency,unavailable_in_sd_path,12,/Users/zilongzeng/Research/DroneControl/user_study_v2/Junxi/Emergency/12.wav,Junxi/Emergency/12.wav,movement,0.8828125,0.1171875,0.8828125,0.0,"[-98, 98, -128]",False,,,,0.1638750545680523,1.3637919910252094,0.750791048631072,2.288792049512267
164,Junxi,emergency,unavailable_in_sd_path,13,/Users/zilongzeng/Research/DroneControl/user_study_v2/Junxi/Emergency/13.wav,Junxi/Emergency/13.wav,movement,0.9921875,0.0078125,0.9921875,0.0,"[-126, 126, -128]",False,,,,0.17162493895739317,1.3763749739155173,0.7461670320481062,2.304457942955196
165,Junxi,emergency,unavailable_in_sd_path,14,/Users/zilongzeng/Research/DroneControl/user_study_v2/Junxi/Emergency/14.wav,Junxi/Emergency/14.wav,emergency,0.9453125,0.9453125,0.0546875,0.0,"[114, -114, -128]",True,,,,0.24583295453339815,1.4265840873122215,0.7279169512912631,2.408792031928897
166,Junxi,emergency,unavailable_in_sd_path,15,/Users/zilongzeng/Research/DroneControl/user_study_v2/Junxi/Emergency/15.wav,Junxi/Emergency/15.wav,emergency,0.9921875,0.9921875,0.0078125,0.0,"[126, -126, -128]",True,,,,0.22783305030316114,1.3467080425471067,0.7172499317675829,2.2995410254225135
167,Junxi,emergency,unavailable_in_sd_path,16,/Users/zilongzeng/Research/DroneControl/user_study_v2/Junxi/Emergency/16.wav,Junxi/Emergency/16.wav,emergency,0.99609375,0.99609375,0.0,0.0,"[127, -128, -128]",True,,,,0.24808302987366915,1.3872499112039804,0.7252499926835299,2.367250039242208
168,Junxi,emergency,unavailable_in_sd_path,17,/Users/zilongzeng/Research/DroneControl/user_study_v2/Junxi/Emergency/17.wav,Junxi/Emergency/17.wav,emergency,0.99609375,0.99609375,0.0,0.0,"[127, -128, -128]",True,,,,0.0855419784784317,1.3824999332427979,0.7401249604299664,2.2158329375088215
169,Junxi,emergency,unavailable_in_sd_path,18,/Users/zilongzeng/Research/DroneControl/user_study_v2/Junxi/Emergency/18.wav,Junxi/Emergency/18.wav,emergency,0.99609375,0.99609375,0.0,0.0,"[127, -128, -128]",True,,,,0.23712508846074343,1.4170000795274973,0.6824169540777802,2.3429999127984047
170,Junxi,emergency,unavailable_in_sd_path,19,/Users/zilongzeng/Research/DroneControl/user_study_v2/Junxi/Emergency/19.wav,Junxi/Emergency/19.wav,emergency,0.9453125,0.9453125,0.0546875,0.0,"[114, -114, -128]",True,,,,0.29399991035461426,1.2713749893009663,0.7142500253394246,2.2863750346004963
171,Junxi,emergency,unavailable_in_sd_path,20,/Users/zilongzeng/Research/DroneControl/user_study_v2/Junxi/Emergency/20.wav,Junxi/Emergency/20.wav,movement,0.99609375,0.0,0.99609375,0.0,"[-128, 127, -128]",False,,,,0.06758398376405239,1.2333330232650042,0.7100829388946295,2.0178749691694975
172,Junxi,emergency,unavailable_in_sd_path,21,/Users/zilongzeng/Research/DroneControl/user_study_v2/Junxi/Emergency/21.wav,Junxi/Emergency/21.wav,emergency,0.99609375,0.99609375,0.0,0.0,"[127, -128, -128]",True,,,,0.21229195408523083,1.293957931920886,0.7150419987738132,2.228124998509884
173,Junxi,emergency,unavailable_in_sd_path,22,/Users/zilongzeng/Research/DroneControl/user_study_v2/Junxi/Emergency/22.wav,Junxi/Emergency/22.wav,emergency,0.99609375,0.99609375,0.0,0.0,"[127, -128, -128]",True,,,,0.2472080523148179,1.2413340155035257,0.7217080565169454,2.217124914750457
174,Junxi,emergency,unavailable_in_sd_path,23,/Users/zilongzeng/Research/DroneControl/user_study_v2/Junxi/Emergency/23.wav,Junxi/Emergency/23.wav,emergency,0.55078125,0.55078125,0.0,0.44921875,"[13, -128, -13]",True,,,,0.08625001646578312,1.1678329901769757,0.7221669657155871,1.9827079959213734
175,Junxi,emergency,unavailable_in_sd_path,24,/Users/zilongzeng/Research/DroneControl/user_study_v2/Junxi/Emergency/24.wav,Junxi/Emergency/24.wav,emergency,0.99609375,0.99609375,0.0,0.0,"[127, -128, -128]",True,,,,0.0641250517219305,1.265333965420723,0.6728339940309525,2.0074170315638185
176,Junxi,emergency,unavailable_in_sd_path,25,/Users/zilongzeng/Research/DroneControl/user_study_v2/Junxi/Emergency/25.wav,Junxi/Emergency/25.wav,unknown,0.99609375,0.0,0.0,0.99609375,"[-128, -128, 127]",False,,,,0.06349990144371986,1.0701250284910202,0.6696670316159725,1.8084170296788216
177,Junxi,emergency,unavailable_in_sd_path,26,/Users/zilongzeng/Research/DroneControl/user_study_v2/Junxi/Emergency/26.wav,Junxi/Emergency/26.wav,emergency,0.97265625,0.97265625,0.02734375,0.0,"[121, -121, -128]",True,,,,0.2624590415507555,1.3082079822197556,0.6727079162374139,2.2485830122604966
178,Junxi,emergency,unavailable_in_sd_path,27,/Users/zilongzeng/Research/DroneControl/user_study_v2/Junxi/Emergency/27.wav,Junxi/Emergency/27.wav,unknown,0.73046875,0.00390625,0.265625,0.73046875,"[-127, -60, 59]",False,,,,0.2097919350489974,1.1332080466672778,0.7416671141982079,2.095708972774446
179,Junxi,emergency,unavailable_in_sd_path,28,/Users/zilongzeng/Research/DroneControl/user_study_v2/Junxi/Emergency/28.wav,Junxi/Emergency/28.wav,movement,0.99609375,0.0,0.99609375,0.0,"[-128, 127, -128]",False,,,,0.2447089646011591,1.2817500391975045,0.6868750788271427,2.219083020463586
180,Junxi,emergency,unavailable_in_sd_path,29,/Users/zilongzeng/Research/DroneControl/user_study_v2/Junxi/Emergency/29.wav,Junxi/Emergency/29.wav,unknown,0.99609375,0.0,0.0,0.99609375,"[-128, -128, 127]",False,,,,0.24025002494454384,1.1877499055117369,0.7180829998105764,2.152667031623423
181,Junxi,emergency,unavailable_in_sd_path,30,/Users/zilongzeng/Research/DroneControl/user_study_v2/Junxi/Emergency/30.wav,Junxi/Emergency/30.wav,emergency,0.99609375,0.99609375,0.0,0.0,"[127, -128, -128]",True,,,,0.26645802427083254,1.3375409180298448,0.6279159570112824,2.2394999396055937
182,Junxi,emergency,unavailable_in_sd_path,31,/Users/zilongzeng/Research/DroneControl/user_study_v2/Junxi/Emergency/31.wav,Junxi/Emergency/31.wav,movement,0.99609375,0.0,0.99609375,0.0,"[-128, 127, -128]",False,,,,0.11187500786036253,1.2642499059438705,0.7367500802502036,2.1221250062808394
183,Junxi,emergency,unavailable_in_sd_path,32,/Users/zilongzeng/Research/DroneControl/user_study_v2/Junxi/Emergency/32.wav,Junxi/Emergency/32.wav,emergency,0.76953125,0.76953125,0.23046875,0.0,"[69, -69, -128]",True,,,,0.2655419521033764,1.3825410278514028,0.6934170378372073,2.3478749208152294
184,Junxi,emergency,unavailable_in_sd_path,33,/Users/zilongzeng/Research/DroneControl/user_study_v2/Junxi/Emergency/33.wav,Junxi/Emergency/33.wav,emergency,0.99609375,0.99609375,0.0,0.0,"[127, -128, -128]",True,,,,0.2466249279677868,1.3085829559713602,0.7243340369313955,2.2868330124765635
185,Junxi,emergency,unavailable_in_sd_path,34,/Users/zilongzeng/Research/DroneControl/user_study_v2/Junxi/Emergency/34.wav,Junxi/Emergency/34.wav,emergency,0.99609375,0.99609375,0.0,0.0,"[127, -128, -128]",True,,,,0.0826660543680191,1.1729580583050847,0.6799169350415468,1.9407500512897968
186,Junxi,emergency,unavailable_in_sd_path,35,/Users/zilongzeng/Research/DroneControl/user_study_v2/Junxi/Emergency/35.wav,Junxi/Emergency/35.wav,emergency,0.99609375,0.99609375,0.0,0.0,"[127, -128, -128]",True,,,,0.06579095497727394,1.2754580238834023,0.6200000643730164,1.9680829718708992
187,Junxi,emergency,unavailable_in_sd_path,36,/Users/zilongzeng/Research/DroneControl/user_study_v2/Junxi/Emergency/36.wav,Junxi/Emergency/36.wav,unknown,0.9921875,0.0078125,0.0,0.9921875,"[-126, -128, 126]",False,,,,0.08525000885128975,1.425167080014944,0.6041250890120864,2.1229999838396907
188,Junxi,emergency,unavailable_in_sd_path,37,/Users/zilongzeng/Research/DroneControl/user_study_v2/Junxi/Emergency/37.wav,Junxi/Emergency/37.wav,movement,0.99609375,0.0,0.99609375,0.0,"[-128, 127, -128]",False,,,,0.10112498421221972,1.231833011843264,0.7373340195044875,2.080374979414046
189,Junxi,emergency,unavailable_in_sd_path,38,/Users/zilongzeng/Research/DroneControl/user_study_v2/Junxi/Emergency/38.wav,Junxi/Emergency/38.wav,emergency,0.9921875,0.9921875,0.0078125,0.0,"[126, -126, -128]",True,,,,0.2692500129342079,1.2212080182507634,0.6836249958723783,2.1797919180244207
190,Junxi,emergency,unavailable_in_sd_path,39,/Users/zilongzeng/Research/DroneControl/user_study_v2/Junxi/Emergency/39.wav,Junxi/Emergency/39.wav,movement,0.99609375,0.0,0.99609375,0.0,"[-128, 127, -128]",False,,,,0.21991704124957323,1.2980829924345016,0.7169579621404409,2.2434169659391046
191,Junxi,emergency,unavailable_in_sd_path,40,/Users/zilongzeng/Research/DroneControl/user_study_v2/Junxi/Emergency/40.wav,Junxi/Emergency/40.wav,movement,0.99609375,0.0,0.99609375,0.0,"[-128, 127, -128]",False,,,,0.0916249118745327,1.3467080425471067,0.6830829661339521,2.127499901689589
192,Junxi,emergency,unavailable_in_sd_path,41,/Users/zilongzeng/Research/DroneControl/user_study_v2/Junxi/Emergency/41.wav,Junxi/Emergency/41.wav,emergency,0.99609375,0.99609375,0.0,0.0,"[127, -128, -128]",True,,,,0.07854111026972532,1.264417078346014,0.6957080913707614,2.0442919339984655
193,Junxi,emergency,unavailable_in_sd_path,42,/Users/zilongzeng/Research/DroneControl/user_study_v2/Junxi/Emergency/42.wav,Junxi/Emergency/42.wav,emergency,0.99609375,0.99609375,0.0,0.0,"[127, -128, -128]",True,,,,0.07141707465052605,1.1261249892413616,0.7105000549927354,1.9137089839205146
194,Junxi,emergency,unavailable_in_sd_path,43,/Users/zilongzeng/Research/DroneControl/user_study_v2/Junxi/Emergency/43.wav,Junxi/Emergency/43.wav,movement,0.6484375,0.3515625,0.6484375,0.0,"[-38, 38, -128]",False,,,,0.06462505552917719,1.216541975736618,0.7029169937595725,1.9892920972779393
195,Junxi,emergency,unavailable_in_sd_path,44,/Users/zilongzeng/Research/DroneControl/user_study_v2/Junxi/Emergency/44.wav,Junxi/Emergency/44.wav,emergency,0.99609375,0.99609375,0.0,0.0,"[127, -128, -128]",True,,,,0.2053340431302786,1.2140419567003846,0.7299589924514294,2.155916066840291
196,Junxi,emergency,unavailable_in_sd_path,45,/Users/zilongzeng/Research/DroneControl/user_study_v2/Junxi/Emergency/45.wav,Junxi/Emergency/45.wav,movement,0.97265625,0.0078125,0.97265625,0.015625,"[-126, 121, -124]",False,,,,0.27270789723843336,1.4023750554770231,0.6975829601287842,2.377999946475029
197,Junxi,emergency,unavailable_in_sd_path,46,/Users/zilongzeng/Research/DroneControl/user_study_v2/Junxi/Emergency/46.wav,Junxi/Emergency/46.wav,emergency,0.99609375,0.99609375,0.0,0.0,"[127, -128, -128]",True,,,,0.08241599425673485,1.110167009755969,0.7044579833745956,1.9041250925511122
198,Junxi,emergency,unavailable_in_sd_path,47,/Users/zilongzeng/Research/DroneControl/user_study_v2/Junxi/Emergency/47.wav,Junxi/Emergency/47.wav,movement,0.99609375,0.0,0.99609375,0.0,"[-128, 127, -128]",False,,,,0.0742500415071845,1.2770419707521796,0.7092499872669578,2.066291985101998
199,Junxi,emergency,unavailable_in_sd_path,48,/Users/zilongzeng/Research/DroneControl/user_study_v2/Junxi/Emergency/48.wav,Junxi/Emergency/48.wav,emergency,0.99609375,0.99609375,0.0,0.0,"[127, -128, -128]",True,,,,0.07633399218320847,1.2467920314520597,0.6918340222910047,2.0215410040691495
200,Junxi,emergency,unavailable_in_sd_path,49,/Users/zilongzeng/Research/DroneControl/user_study_v2/Junxi/Emergency/49.wav,Junxi/Emergency/49.wav,movement,0.99609375,0.0,0.99609375,0.0,"[-128, 127, -128]",False,,,,0.07991702295839787,1.3071249704807997,0.7186249131336808,2.1120409946888685
201,Junxi,movement,unavailable_in_sd_path,0,/Users/zilongzeng/Research/DroneControl/user_study_v2/Junxi/Movement/0.wav,Junxi/Movement/0.wav,movement,0.99609375,0.0,0.99609375,0.0,"[-128, 127, -128]",True,,,,0.077791977673769,1.1993750231340528,0.6677909987047315,1.9507090328261256
202,Junxi,movement,unavailable_in_sd_path,1,/Users/zilongzeng/Research/DroneControl/user_study_v2/Junxi/Movement/1.wav,Junxi/Movement/1.wav,movement,0.99609375,0.0,0.99609375,0.0,"[-128, 127, -128]",True,,,,0.06850005593150854,1.266457955352962,0.7065000245347619,2.047125017270446
203,Junxi,movement,unavailable_in_sd_path,2,/Users/zilongzeng/Research/DroneControl/user_study_v2/Junxi/Movement/2.wav,Junxi/Movement/2.wav,movement,0.99609375,0.0,0.99609375,0.0,"[-128, 127, -128]",True,,,,0.06758305244147778,1.3293750816956162,0.6209589773789048,2.0245839841663837
204,Junxi,movement,unavailable_in_sd_path,3,/Users/zilongzeng/Research/DroneControl/user_study_v2/Junxi/Movement/3.wav,Junxi/Movement/3.wav,movement,0.99609375,0.0,0.99609375,0.0,"[-128, 127, -128]",True,,,,0.23024994879961014,1.3202920090407133,0.7046250393614173,2.2620829986408353
205,Junxi,movement,unavailable_in_sd_path,4,/Users/zilongzeng/Research/DroneControl/user_study_v2/Junxi/Movement/4.wav,Junxi/Movement/4.wav,movement,0.99609375,0.0,0.99609375,0.0,"[-128, 127, -128]",True,,,,0.24524994660168886,1.1744159273803234,0.7238329853862524,2.150166081264615
206,Junxi,movement,unavailable_in_sd_path,5,/Users/zilongzeng/Research/DroneControl/user_study_v2/Junxi/Movement/5.wav,Junxi/Movement/5.wav,movement,0.99609375,0.0,0.99609375,0.0,"[-128, 127, -128]",True,,,,0.059916055761277676,1.2684169923886657,0.7278749253600836,2.0641249138861895
207,Junxi,movement,unavailable_in_sd_path,6,/Users/zilongzeng/Research/DroneControl/user_study_v2/Junxi/Movement/6.wav,Junxi/Movement/6.wav,movement,0.99609375,0.0,0.99609375,0.0,"[-128, 127, -128]",True,,,,0.08612498641014099,1.2805419974029064,0.6708339788019657,2.0427079871296883
208,Junxi,movement,unavailable_in_sd_path,7,/Users/zilongzeng/Research/DroneControl/user_study_v2/Junxi/Movement/7.wav,Junxi/Movement/7.wav,movement,0.99609375,0.0,0.99609375,0.0,"[-128, 127, -128]",True,,,,0.06749993190169334,1.2576660374179482,0.602042069658637,1.934999949298799
209,Junxi,movement,unavailable_in_sd_path,8,/Users/zilongzeng/Research/DroneControl/user_study_v2/Junxi/Movement/8.wav,Junxi/Movement/8.wav,movement,0.99609375,0.0,0.99609375,0.0,"[-128, 127, -128]",True,,,,0.08654198609292507,1.4166670152917504,0.6162500940263271,2.1247909171506763
210,Junxi,movement,unavailable_in_sd_path,9,/Users/zilongzeng/Research/DroneControl/user_study_v2/Junxi/Movement/9.wav,Junxi/Movement/9.wav,movement,0.99609375,0.0,0.99609375,0.0,"[-128, 127, -128]",True,,,,0.22458401508629322,1.3873750576749444,0.7492500590160489,2.3712500697001815
211,Junxi,movement,unavailable_in_sd_path,10,/Users/zilongzeng/Research/DroneControl/user_study_v2/Junxi/Movement/10.wav,Junxi/Movement/10.wav,movement,0.99609375,0.0,0.99609375,0.0,"[-128, 127, -128]",True,,,,0.27650000993162394,1.39999995008111,0.6007499760016799,2.2855420829728246
212,Junxi,movement,unavailable_in_sd_path,11,/Users/zilongzeng/Research/DroneControl/user_study_v2/Junxi/Movement/11.wav,Junxi/Movement/11.wav,movement,0.99609375,0.0,0.99609375,0.0,"[-128, 127, -128]",True,,,,0.1051250146701932,1.3318749843165278,0.6954160053282976,2.140791970305145
213,Junxi,movement,unavailable_in_sd_path,12,/Users/zilongzeng/Research/DroneControl/user_study_v2/Junxi/Movement/12.wav,Junxi/Movement/12.wav,movement,0.99609375,0.0,0.99609375,0.0,"[-128, 127, -128]",True,,,,0.11566688772290945,1.2092090910300612,0.7107090204954147,2.0442079985514283
214,Junxi,movement,unavailable_in_sd_path,13,/Users/zilongzeng/Research/DroneControl/user_study_v2/Junxi/Movement/13.wav,Junxi/Movement/13.wav,movement,0.99609375,0.0,0.99609375,0.0,"[-128, 127, -128]",True,,,,0.09525008499622345,1.338917063549161,0.7407079683616757,2.1848330507054925
215,Junxi,movement,unavailable_in_sd_path,14,/Users/zilongzeng/Research/DroneControl/user_study_v2/Junxi/Movement/14.wav,Junxi/Movement/14.wav,movement,0.99609375,0.0,0.99609375,0.0,"[-128, 127, -128]",True,,,,0.24829106405377388,1.310582971200347,0.7441670168191195,2.3156250827014446
216,Junxi,movement,unavailable_in_sd_path,15,/Users/zilongzeng/Research/DroneControl/user_study_v2/Junxi/Movement/15.wav,Junxi/Movement/15.wav,movement,0.99609375,0.0,0.99609375,0.0,"[-128, 127, -128]",True,,,,0.19566691480576992,1.3524160021916032,0.6824999582022429,2.236958942376077
217,Junxi,movement,unavailable_in_sd_path,16,/Users/zilongzeng/Research/DroneControl/user_study_v2/Junxi/Movement/16.wav,Junxi/Movement/16.wav,movement,0.99609375,0.0,0.99609375,0.0,"[-128, 127, -128]",True,,,,0.20666595082730055,1.2467909837141633,0.7348329527303576,2.1958330180495977
218,Junxi,movement,unavailable_in_sd_path,17,/Users/zilongzeng/Research/DroneControl/user_study_v2/Junxi/Movement/17.wav,Junxi/Movement/17.wav,movement,0.99609375,0.0,0.99609375,0.0,"[-128, 127, -128]",True,,,,0.23504206910729408,1.3142499374225736,0.7063749944791198,2.2619999945163727
219,Junxi,movement,unavailable_in_sd_path,18,/Users/zilongzeng/Research/DroneControl/user_study_v2/Junxi/Movement/18.wav,Junxi/Movement/18.wav,movement,0.9921875,0.0,0.9921875,0.0078125,"[-128, 126, -126]",True,,,,0.09400001727044582,1.1570410570129752,0.7131249876692891,1.9699999829754233
220,Junxi,movement,unavailable_in_sd_path,19,/Users/zilongzeng/Research/DroneControl/user_study_v2/Junxi/Movement/19.wav,Junxi/Movement/19.wav,movement,0.99609375,0.0,0.99609375,0.0,"[-128, 127, -128]",True,,,,0.06670807488262653,1.227458007633686,0.7178749656304717,2.020042040385306
221,Junxi,movement,unavailable_in_sd_path,20,/Users/zilongzeng/Research/DroneControl/user_study_v2/Junxi/Movement/20.wav,Junxi/Movement/20.wav,movement,0.99609375,0.0,0.99609375,0.0,"[-128, 127, -128]",True,,,,0.09104202035814524,1.3642089907079935,0.741666997782886,2.205583034083247
222,Junxi,movement,unavailable_in_sd_path,21,/Users/zilongzeng/Research/DroneControl/user_study_v2/Junxi/Movement/21.wav,Junxi/Movement/21.wav,movement,0.94921875,0.01171875,0.94921875,0.0390625,"[-125, 115, -118]",True,,,,0.09504100307822227,1.318249967880547,0.7112500024959445,2.131542074494064
223,Junxi,movement,unavailable_in_sd_path,22,/Users/zilongzeng/Research/DroneControl/user_study_v2/Junxi/Movement/22.wav,Junxi/Movement/22.wav,movement,0.99609375,0.0,0.99609375,0.0,"[-128, 127, -128]",True,,,,0.08662499021738768,1.2611249694600701,0.7227079477161169,2.078833058476448
224,Junxi,movement,unavailable_in_sd_path,23,/Users/zilongzeng/Research/DroneControl/user_study_v2/Junxi/Movement/23.wav,Junxi/Movement/23.wav,movement,0.99609375,0.0,0.99609375,0.0,"[-128, 127, -128]",True,,,,0.07383397314697504,1.1714999563992023,0.677666044794023,1.9288749899715185
225,Junxi,movement,unavailable_in_sd_path,24,/Users/zilongzeng/Research/DroneControl/user_study_v2/Junxi/Movement/24.wav,Junxi/Movement/24.wav,movement,0.99609375,0.0,0.99609375,0.0,"[-128, 127, -128]",True,,,,0.06983289495110512,1.2228749692440033,0.7259580306708813,2.0372499711811543
226,Junxi,movement,unavailable_in_sd_path,25,/Users/zilongzeng/Research/DroneControl/user_study_v2/Junxi/Movement/25.wav,Junxi/Movement/25.wav,movement,0.99609375,0.0,0.99609375,0.0,"[-128, 127, -128]",True,,,,0.21833297796547413,1.3921249192208052,0.741249998100102,2.3630840005353093
227,Junxi,movement,unavailable_in_sd_path,26,/Users/zilongzeng/Research/DroneControl/user_study_v2/Junxi/Movement/26.wav,Junxi/Movement/26.wav,movement,0.99609375,0.0,0.99609375,0.0,"[-128, 127, -128]",True,,,,0.28187502175569534,1.4545420417562127,0.7232499774545431,2.468332997523248
228,Junxi,movement,unavailable_in_sd_path,27,/Users/zilongzeng/Research/DroneControl/user_study_v2/Junxi/Movement/27.wav,Junxi/Movement/27.wav,movement,0.99609375,0.0,0.99609375,0.0,"[-128, 127, -128]",True,,,,0.1081250375136733,1.3517079642042518,0.719166942872107,2.1881249267607927
229,Junxi,movement,unavailable_in_sd_path,28,/Users/zilongzeng/Research/DroneControl/user_study_v2/Junxi/Movement/28.wav,Junxi/Movement/28.wav,movement,0.99609375,0.0,0.99609375,0.0,"[-128, 127, -128]",True,,,,0.18229102715849876,1.3965410180389881,0.7084578974172473,2.294209087267518
230,Junxi,movement,unavailable_in_sd_path,29,/Users/zilongzeng/Research/DroneControl/user_study_v2/Junxi/Movement/29.wav,Junxi/Movement/29.wav,movement,0.99609375,0.0,0.99609375,0.0,"[-128, 127, -128]",True,,,,0.24233304429799318,1.4253329718485475,0.7206659065559506,2.396416966803372
231,Junxi,movement,unavailable_in_sd_path,30,/Users/zilongzeng/Research/DroneControl/user_study_v2/Junxi/Movement/30.wav,Junxi/Movement/30.wav,movement,0.99609375,0.0,0.99609375,0.0,"[-128, 127, -128]",True,,,,0.09320792742073536,1.4232080429792404,0.7170420140028,2.2410829551517963
232,Junxi,movement,unavailable_in_sd_path,31,/Users/zilongzeng/Research/DroneControl/user_study_v2/Junxi/Movement/31.wav,Junxi/Movement/31.wav,movement,0.99609375,0.0,0.99609375,0.0,"[-128, 127, -128]",True,,,,0.10479195043444633,1.2026249896734953,0.6758749950677156,1.9896250450983644
233,Junxi,movement,unavailable_in_sd_path,32,/Users/zilongzeng/Research/DroneControl/user_study_v2/Junxi/Movement/32.wav,Junxi/Movement/32.wav,movement,0.99609375,0.0,0.99609375,0.0,"[-128, 127, -128]",True,,,,0.06795802619308233,1.345125027000904,0.7194579811766744,2.1385420113801956
234,Junxi,movement,unavailable_in_sd_path,33,/Users/zilongzeng/Research/DroneControl/user_study_v2/Junxi/Movement/33.wav,Junxi/Movement/33.wav,movement,0.99609375,0.0,0.99609375,0.0,"[-128, 127, -128]",True,,,,0.07687497418373823,1.3131670420989394,0.6983329076319933,2.0945409778505564
235,Junxi,movement,unavailable_in_sd_path,34,/Users/zilongzeng/Research/DroneControl/user_study_v2/Junxi/Movement/34.wav,Junxi/Movement/34.wav,movement,0.99609375,0.0,0.99609375,0.0,"[-128, 127, -128]",True,,,,0.06916606798768044,1.2619170593097806,0.7101669907569885,2.047208952717483
236,Junxi,movement,unavailable_in_sd_path,35,/Users/zilongzeng/Research/DroneControl/user_study_v2/Junxi/Movement/35.wav,Junxi/Movement/35.wav,movement,0.99609375,0.0,0.99609375,0.0,"[-128, 127, -128]",True,,,,0.08566596079617739,1.301207928918302,0.7180420216172934,2.113417023792863
237,Junxi,movement,unavailable_in_sd_path,36,/Users/zilongzeng/Research/DroneControl/user_study_v2/Junxi/Movement/36.wav,Junxi/Movement/36.wav,movement,0.99609375,0.0,0.99609375,0.0,"[-128, 127, -128]",True,,,,0.09945803321897984,1.4737090095877647,0.7409170502796769,2.3235419066622853
238,Junxi,movement,unavailable_in_sd_path,37,/Users/zilongzeng/Research/DroneControl/user_study_v2/Junxi/Movement/37.wav,Junxi/Movement/37.wav,movement,0.99609375,0.0,0.99609375,0.0,"[-128, 127, -128]",True,,,,0.1301249722018838,1.3827079674229026,0.7217919919639826,2.2432500263676047
239,Junxi,movement,unavailable_in_sd_path,38,/Users/zilongzeng/Research/DroneControl/user_study_v2/Junxi/Movement/38.wav,Junxi/Movement/38.wav,unknown,0.875,0.0078125,0.1171875,0.875,"[-126, -98, 96]",False,,,,0.1931249862536788,1.2340419925749302,0.6617079488933086,2.096917014569044
240,Junxi,movement,unavailable_in_sd_path,39,/Users/zilongzeng/Research/DroneControl/user_study_v2/Junxi/Movement/39.wav,Junxi/Movement/39.wav,movement,0.99609375,0.0,0.99609375,0.0,"[-128, 127, -128]",True,,,,0.21320802625268698,1.1969589395448565,0.7219159742817283,2.1417500684037805
241,Junxi,movement,unavailable_in_sd_path,40,/Users/zilongzeng/Research/DroneControl/user_study_v2/Junxi/Movement/40.wav,Junxi/Movement/40.wav,movement,0.99609375,0.0,0.99609375,0.0,"[-128, 127, -128]",True,,,,0.2465830184519291,1.3080419739708304,0.6357909878715873,2.1982500329613686
242,Junxi,movement,unavailable_in_sd_path,41,/Users/zilongzeng/Research/DroneControl/user_study_v2/Junxi/Movement/41.wav,Junxi/Movement/41.wav,movement,0.59765625,0.40234375,0.59765625,0.0,"[-25, 25, -128]",True,,,,0.2625830238685012,1.2692080345004797,0.6180410273373127,2.155667054466903
243,Junxi,movement,unavailable_in_sd_path,42,/Users/zilongzeng/Research/DroneControl/user_study_v2/Junxi/Movement/42.wav,Junxi/Movement/42.wav,movement,0.99609375,0.0,0.99609375,0.0,"[-128, 127, -128]",True,,,,0.23833394516259432,1.200541970320046,0.7028329418972135,2.1500830771401525
244,Junxi,movement,unavailable_in_sd_path,43,/Users/zilongzeng/Research/DroneControl/user_study_v2/Junxi/Movement/43.wav,Junxi/Movement/43.wav,unknown,0.69140625,0.30859375,0.0,0.69140625,"[-49, -128, 49]",False,,,,0.23150001652538776,1.1564999585971236,0.7330840453505516,2.128124935552478
245,Junxi,movement,unavailable_in_sd_path,44,/Users/zilongzeng/Research/DroneControl/user_study_v2/Junxi/Movement/44.wav,Junxi/Movement/44.wav,movement,0.99609375,0.0,0.99609375,0.0,"[-128, 127, -128]",True,,,,0.07725006435066462,1.3121248921379447,0.6055420963093638,2.0022920798510313
246,Junxi,movement,unavailable_in_sd_path,45,/Users/zilongzeng/Research/DroneControl/user_study_v2/Junxi/Movement/45.wav,Junxi/Movement/45.wav,movement,0.99609375,0.0,0.99609375,0.0,"[-128, 127, -128]",True,,,,0.10499998461455107,1.267540967091918,0.7420419715344906,2.1240420173853636
247,Junxi,movement,unavailable_in_sd_path,46,/Users/zilongzeng/Research/DroneControl/user_study_v2/Junxi/Movement/46.wav,Junxi/Movement/46.wav,movement,0.953125,0.046875,0.953125,0.0,"[-116, 116, -128]",True,,,,0.1283750170841813,1.2421660358086228,0.709500047378242,2.0862920209765434
248,Junxi,movement,unavailable_in_sd_path,47,/Users/zilongzeng/Research/DroneControl/user_study_v2/Junxi/Movement/47.wav,Junxi/Movement/47.wav,movement,0.99609375,0.0,0.99609375,0.0,"[-128, 127, -128]",True,,,,0.06508396472781897,1.1977090034633875,0.7154159247875214,1.9855410791933537
249,Junxi,movement,unavailable_in_sd_path,48,/Users/zilongzeng/Research/DroneControl/user_study_v2/Junxi/Movement/48.wav,Junxi/Movement/48.wav,movement,0.99609375,0.0,0.99609375,0.0,"[-128, 127, -128]",True,,,,0.08150003850460052,1.2317090295255184,0.6886670598760247,2.007375005632639
250,Junxi,movement,unavailable_in_sd_path,49,/Users/zilongzeng/Research/DroneControl/user_study_v2/Junxi/Movement/49.wav,Junxi/Movement/49.wav,movement,0.99609375,0.0,0.99609375,0.0,"[-128, 127, -128]",True,,,,0.06624998059123755,1.1739999754354358,0.6159580079838634,1.8624999793246388
251,Muyuan,emergency,unavailable_in_sd_path,0,/Users/zilongzeng/Research/DroneControl/user_study_v2/Muyuan/Emergency/0.wav,Muyuan/Emergency/0.wav,emergency,0.99609375,0.99609375,0.0,0.0,"[127, -128, -128]",True,,,,0.07679208647459745,1.2602920178323984,0.6912500830367208,2.035000012256205
252,Muyuan,emergency,unavailable_in_sd_path,1,/Users/zilongzeng/Research/DroneControl/user_study_v2/Muyuan/Emergency/1.wav,Muyuan/Emergency/1.wav,emergency,0.99609375,0.99609375,0.0,0.0,"[127, -128, -128]",True,,,,0.08762499783188105,1.2145839864388108,0.723833916708827,2.032416989095509
253,Muyuan,emergency,unavailable_in_sd_path,2,/Users/zilongzeng/Research/DroneControl/user_study_v2/Muyuan/Emergency/2.wav,Muyuan/Emergency/2.wav,emergency,0.69140625,0.69140625,0.30859375,0.0,"[49, -49, -128]",True,,,,0.06725010462105274,1.3403340708464384,0.6765000289306045,2.0894160261377692
254,Muyuan,emergency,unavailable_in_sd_path,3,/Users/zilongzeng/Research/DroneControl/user_study_v2/Muyuan/Emergency/3.wav,Muyuan/Emergency/3.wav,emergency,0.99609375,0.99609375,0.0,0.0,"[127, -128, -128]",True,,,,0.20245800260454416,1.2356670340523124,0.7217500824481249,2.1666670218110085
255,Muyuan,emergency,unavailable_in_sd_path,4,/Users/zilongzeng/Research/DroneControl/user_study_v2/Muyuan/Emergency/4.wav,Muyuan/Emergency/4.wav,emergency,0.99609375,0.99609375,0.0,0.0,"[127, -128, -128]",True,,,,0.22549997083842754,1.189500093460083,0.6924160989001393,2.1135839633643627
256,Muyuan,emergency,unavailable_in_sd_path,5,/Users/zilongzeng/Research/DroneControl/user_study_v2/Muyuan/Emergency/5.wav,Muyuan/Emergency/5.wav,emergency,0.99609375,0.99609375,0.0,0.0,"[127, -128, -128]",True,,,,0.055833952501416206,1.1748750694096088,0.7065000245347619,1.9435000140219927
257,Muyuan,emergency,unavailable_in_sd_path,6,/Users/zilongzeng/Research/DroneControl/user_study_v2/Muyuan/Emergency/6.wav,Muyuan/Emergency/6.wav,emergency,0.99609375,0.99609375,0.0,0.0,"[127, -128, -128]",True,,,,0.06179092451930046,1.2599170440807939,0.680041965097189,2.0068750018253922
258,Muyuan,emergency,unavailable_in_sd_path,7,/Users/zilongzeng/Research/DroneControl/user_study_v2/Muyuan/Emergency/7.wav,Muyuan/Emergency/7.wav,emergency,0.99609375,0.99609375,0.0,0.0,"[127, -128, -128]",True,,,,0.0688750296831131,1.1146250180900097,0.7195420330390334,1.908790902234614
259,Muyuan,emergency,unavailable_in_sd_path,8,/Users/zilongzeng/Research/DroneControl/user_study_v2/Muyuan/Emergency/8.wav,Muyuan/Emergency/8.wav,emergency,0.99609375,0.99609375,0.0,0.0,"[127, -128, -128]",True,,,,0.05962501745671034,1.2430420611053705,0.6103339837864041,1.9186249701306224
260,Muyuan,emergency,unavailable_in_sd_path,9,/Users/zilongzeng/Research/DroneControl/user_study_v2/Muyuan/Emergency/9.wav,Muyuan/Emergency/9.wav,unknown,0.99609375,0.0,0.0,0.99609375,"[-128, -128, 127]",False,,,,0.0707089202478528,1.3087090337648988,0.7399170426651835,2.127750078216195
261,Muyuan,emergency,unavailable_in_sd_path,10,/Users/zilongzeng/Research/DroneControl/user_study_v2/Muyuan/Emergency/10.wav,Muyuan/Emergency/10.wav,emergency,0.99609375,0.99609375,0.0,0.0,"[127, -128, -128]",True,,,,0.22600009106099606,1.2554170098155737,0.6799580296501517,2.169625018723309
262,Muyuan,emergency,unavailable_in_sd_path,11,/Users/zilongzeng/Research/DroneControl/user_study_v2/Muyuan/Emergency/11.wav,Muyuan/Emergency/11.wav,emergency,0.99609375,0.99609375,0.0,0.0,"[127, -128, -128]",True,,,,0.26591692585498095,1.2989160604774952,0.6212919251993299,2.1921669831499457
263,Muyuan,emergency,unavailable_in_sd_path,12,/Users/zilongzeng/Research/DroneControl/user_study_v2/Muyuan/Emergency/12.wav,Muyuan/Emergency/12.wav,emergency,0.99609375,0.99609375,0.0,0.0,"[127, -128, -128]",True,,,,0.06999995093792677,1.2283329851925373,0.7129169534891844,2.0202500745654106
264,Muyuan,emergency,unavailable_in_sd_path,13,/Users/zilongzeng/Research/DroneControl/user_study_v2/Muyuan/Emergency/13.wav,Muyuan/Emergency/13.wav,movement,0.99609375,0.0,0.99609375,0.0,"[-128, 127, -128]",False,,,,0.08999998681247234,1.2876669643446803,0.7259169360622764,2.110457979142666
265,Muyuan,emergency,unavailable_in_sd_path,14,/Users/zilongzeng/Research/DroneControl/user_study_v2/Muyuan/Emergency/14.wav,Muyuan/Emergency/14.wav,emergency,0.9921875,0.9921875,0.0078125,0.0,"[126, -126, -128]",True,,,,0.07316702976822853,1.2764999410137534,0.6891249213367701,2.044541062787175
266,Muyuan,emergency,unavailable_in_sd_path,15,/Users/zilongzeng/Research/DroneControl/user_study_v2/Muyuan/Emergency/15.wav,Muyuan/Emergency/15.wav,emergency,0.8046875,0.8046875,0.1953125,0.0,"[78, -78, -128]",True,,,,0.07829198148101568,1.2102499604225159,0.7267090259119868,2.022749977186322
267,Muyuan,emergency,unavailable_in_sd_path,16,/Users/zilongzeng/Research/DroneControl/user_study_v2/Muyuan/Emergency/16.wav,Muyuan/Emergency/16.wav,movement,0.99609375,0.0,0.99609375,0.0,"[-128, 127, -128]",False,,,,0.07770897354930639,1.2126669753342867,0.6761669646948576,1.9720830023288727
268,Muyuan,emergency,unavailable_in_sd_path,17,/Users/zilongzeng/Research/DroneControl/user_study_v2/Muyuan/Emergency/17.wav,Muyuan/Emergency/17.wav,movement,0.91796875,0.08203125,0.91796875,0.0,"[-107, 107, -128]",False,,,,0.06591703277081251,1.1850419687107205,0.6161669734865427,1.8725410336628556
269,Muyuan,emergency,unavailable_in_sd_path,18,/Users/zilongzeng/Research/DroneControl/user_study_v2/Muyuan/Emergency/18.wav,Muyuan/Emergency/18.wav,movement,0.76953125,0.23046875,0.76953125,0.0,"[-69, 69, -128]",False,,,,0.07387495134025812,1.2638750486075878,0.6700410740450025,2.014499972574413
270,Muyuan,emergency,unavailable_in_sd_path,19,/Users/zilongzeng/Research/DroneControl/user_study_v2/Muyuan/Emergency/19.wav,Muyuan/Emergency/19.wav,movement,0.99609375,0.0,0.99609375,0.0,"[-128, 127, -128]",False,,,,0.20954106003046036,1.1442910181358457,0.7211249321699142,2.0811250433325768
271,Muyuan,emergency,unavailable_in_sd_path,20,/Users/zilongzeng/Research/DroneControl/user_study_v2/Muyuan/Emergency/20.wav,Muyuan/Emergency/20.wav,emergency,0.859375,0.859375,0.140625,0.0,"[92, -92, -128]",True,,,,0.3833749797195196,1.2246249243617058,0.6757080554962158,2.289209049195051
272,Muyuan,emergency,unavailable_in_sd_path,21,/Users/zilongzeng/Research/DroneControl/user_study_v2/Muyuan/Emergency/21.wav,Muyuan/Emergency/21.wav,movement,0.55078125,0.44921875,0.55078125,0.0,"[-13, 13, -128]",False,,,,0.21766696590930223,1.1054170317947865,0.7275410462170839,2.0568750333040953
273,Muyuan,emergency,unavailable_in_sd_path,22,/Users/zilongzeng/Research/DroneControl/user_study_v2/Muyuan/Emergency/22.wav,Muyuan/Emergency/22.wav,movement,0.99609375,0.0,0.99609375,0.0,"[-128, 127, -128]",False,,,,0.06250001024454832,1.1591250076889992,0.6664579268544912,1.8935829866677523
274,Muyuan,emergency,unavailable_in_sd_path,23,/Users/zilongzeng/Research/DroneControl/user_study_v2/Muyuan/Emergency/23.wav,Muyuan/Emergency/23.wav,emergency,0.91796875,0.91796875,0.08203125,0.0,"[107, -107, -128]",True,,,,0.06724998820573092,1.173833035863936,0.6986669031903148,1.945875003002584
275,Muyuan,emergency,unavailable_in_sd_path,24,/Users/zilongzeng/Research/DroneControl/user_study_v2/Muyuan/Emergency/24.wav,Muyuan/Emergency/24.wav,emergency,0.984375,0.984375,0.015625,0.0,"[124, -124, -128]",True,,,,0.06187497638165951,1.3087079860270023,0.7156250067055225,2.093082992359996
276,Muyuan,emergency,unavailable_in_sd_path,25,/Users/zilongzeng/Research/DroneControl/user_study_v2/Muyuan/Emergency/25.wav,Muyuan/Emergency/25.wav,movement,0.99609375,0.0,0.99609375,0.0,"[-128, 127, -128]",False,,,,0.09600003249943256,1.3365839840844274,0.7286249892786145,2.1704589016735554
277,Muyuan,emergency,unavailable_in_sd_path,26,/Users/zilongzeng/Research/DroneControl/user_study_v2/Muyuan/Emergency/26.wav,Muyuan/Emergency/26.wav,movement,0.99609375,0.0,0.99609375,0.0,"[-128, 127, -128]",False,,,,0.10833400301635265,1.2826670426875353,0.7263340521603823,2.1242500515654683
278,Muyuan,emergency,unavailable_in_sd_path,27,/Users/zilongzeng/Research/DroneControl/user_study_v2/Muyuan/Emergency/27.wav,Muyuan/Emergency/27.wav,movement,0.44140625,0.359375,0.44140625,0.19921875,"[-36, -15, -77]",False,,,,0.08691707625985146,1.3112080050632358,0.7254170486703515,2.1297080675140023
279,Muyuan,emergency,unavailable_in_sd_path,28,/Users/zilongzeng/Research/DroneControl/user_study_v2/Muyuan/Emergency/28.wav,Muyuan/Emergency/28.wav,movement,0.99609375,0.0,0.99609375,0.0,"[-128, 127, -128]",False,,,,0.06570899859070778,1.2489170767366886,0.6598751060664654,1.9800829468294978
280,Muyuan,emergency,unavailable_in_sd_path,29,/Users/zilongzeng/Research/DroneControl/user_study_v2/Muyuan/Emergency/29.wav,Muyuan/Emergency/29.wav,emergency,0.5,0.5,0.5,0.0,"[0, 0, -128]",True,,,,0.0688750296831131,1.2397499522194266,0.7195830112323165,2.034583012573421
281,Muyuan,emergency,unavailable_in_sd_path,30,/Users/zilongzeng/Research/DroneControl/user_study_v2/Muyuan/Emergency/30.wav,Muyuan/Emergency/30.wav,movement,0.99609375,0.0,0.99609375,0.0,"[-128, 127, -128]",False,,,,0.06554194260388613,1.2432080693542957,0.6734170019626617,1.987583003938198
282,Muyuan,emergency,unavailable_in_sd_path,31,/Users/zilongzeng/Research/DroneControl/user_study_v2/Muyuan/Emergency/31.wav,Muyuan/Emergency/31.wav,movement,0.59765625,0.40234375,0.59765625,0.0,"[-25, 25, -128]",False,,,,0.06866699550300837,1.150374999269843,0.6761249387636781,1.902041956782341
283,Muyuan,emergency,unavailable_in_sd_path,32,/Users/zilongzeng/Research/DroneControl/user_study_v2/Muyuan/Emergency/32.wav,Muyuan/Emergency/32.wav,unknown,0.99609375,0.0,0.0,0.99609375,"[-128, -128, 127]",False,,,,0.0653330935165286,1.2352910125628114,0.6773750064894557,1.9829169614240527
284,Muyuan,emergency,unavailable_in_sd_path,33,/Users/zilongzeng/Research/DroneControl/user_study_v2/Muyuan/Emergency/33.wav,Muyuan/Emergency/33.wav,emergency,0.953125,0.953125,0.046875,0.0,"[116, -116, -128]",True,,,,0.069458968937397,1.1665420606732368,0.6697920616716146,1.9104579696431756
285,Muyuan,emergency,unavailable_in_sd_path,34,/Users/zilongzeng/Research/DroneControl/user_study_v2/Muyuan/Emergency/34.wav,Muyuan/Emergency/34.wav,emergency,0.99609375,0.99609375,0.00390625,0.0,"[127, -127, -128]",True,,,,0.05570799112319946,1.3088749255985022,0.619333004578948,1.9908749964088202
286,Muyuan,emergency,unavailable_in_sd_path,35,/Users/zilongzeng/Research/DroneControl/user_study_v2/Muyuan/Emergency/35.wav,Muyuan/Emergency/35.wav,emergency,0.98046875,0.98046875,0.015625,0.00390625,"[123, -124, -127]",True,,,,0.25591696612536907,1.1988749029114842,0.6848330376669765,2.1465839818120003
287,Muyuan,emergency,unavailable_in_sd_path,36,/Users/zilongzeng/Research/DroneControl/user_study_v2/Muyuan/Emergency/36.wav,Muyuan/Emergency/36.wav,movement,0.99609375,0.0,0.99609375,0.0,"[-128, 127, -128]",False,,,,0.2517090179026127,1.2844590237364173,0.6819589762017131,2.2239580284804106
288,Muyuan,emergency,unavailable_in_sd_path,37,/Users/zilongzeng/Research/DroneControl/user_study_v2/Muyuan/Emergency/37.wav,Muyuan/Emergency/37.wav,emergency,0.98046875,0.98046875,0.01953125,0.0,"[123, -123, -128]",True,,,,0.08416594937443733,1.198875019326806,0.6704590050503612,1.959000015631318
289,Muyuan,emergency,unavailable_in_sd_path,38,/Users/zilongzeng/Research/DroneControl/user_study_v2/Muyuan/Emergency/38.wav,Muyuan/Emergency/38.wav,movement,0.99609375,0.0,0.99609375,0.0,"[-128, 127, -128]",False,,,,0.060292077250778675,1.2004589661955833,0.6670420989394188,1.9329589558765292
290,Muyuan,emergency,unavailable_in_sd_path,39,/Users/zilongzeng/Research/DroneControl/user_study_v2/Muyuan/Emergency/39.wav,Muyuan/Emergency/39.wav,movement,0.99609375,0.00390625,0.99609375,0.0,"[-127, 127, -128]",False,,,,0.06666698027402163,1.0719590354710817,0.7267919136211276,1.8719159997999668
291,Muyuan,emergency,unavailable_in_sd_path,40,/Users/zilongzeng/Research/DroneControl/user_study_v2/Muyuan/Emergency/40.wav,Muyuan/Emergency/40.wav,movement,0.99609375,0.0,0.99609375,0.0,"[-128, 127, -128]",False,,,,0.07566704880446196,1.2866249307990074,0.7390830432996154,2.1083750762045383
292,Muyuan,emergency,unavailable_in_sd_path,41,/Users/zilongzeng/Research/DroneControl/user_study_v2/Muyuan/Emergency/41.wav,Muyuan/Emergency/41.wav,emergency,0.9921875,0.9921875,0.0078125,0.0,"[126, -126, -128]",True,,,,0.09829108603298664,1.1253750417381525,0.6128749810159206,1.8429170595481992
293,Muyuan,emergency,unavailable_in_sd_path,42,/Users/zilongzeng/Research/DroneControl/user_study_v2/Muyuan/Emergency/42.wav,Muyuan/Emergency/42.wav,movement,0.93359375,0.06640625,0.93359375,0.0,"[-111, 111, -128]",False,,,,0.10070798452943563,1.332791056483984,0.7241660496219993,2.1657500183209777
294,Muyuan,emergency,unavailable_in_sd_path,43,/Users/zilongzeng/Research/DroneControl/user_study_v2/Muyuan/Emergency/43.wav,Muyuan/Emergency/43.wav,movement,0.99609375,0.0,0.99609375,0.0,"[-128, 127, -128]",False,,,,0.10599999222904444,1.2278750073164701,0.7300409488379955,2.0702920155599713
295,Muyuan,emergency,unavailable_in_sd_path,44,/Users/zilongzeng/Research/DroneControl/user_study_v2/Muyuan/Emergency/44.wav,Muyuan/Emergency/44.wav,movement,0.8828125,0.0,0.8828125,0.1171875,"[-128, 98, -98]",False,,,,0.07079204078763723,1.2648329138755798,0.6907499628141522,2.032542019151151
296,Muyuan,emergency,unavailable_in_sd_path,45,/Users/zilongzeng/Research/DroneControl/user_study_v2/Muyuan/Emergency/45.wav,Muyuan/Emergency/45.wav,movement,0.99609375,0.0,0.99609375,0.0,"[-128, 127, -128]",False,,,,0.0737910158932209,1.1712919222190976,0.7017500465735793,1.9520000787451863
297,Muyuan,emergency,unavailable_in_sd_path,46,/Users/zilongzeng/Research/DroneControl/user_study_v2/Muyuan/Emergency/46.wav,Muyuan/Emergency/46.wav,movement,0.9921875,0.0078125,0.9921875,0.0,"[-126, 126, -128]",False,,,,0.06408302579075098,1.196958008222282,0.7045839447528124,1.9713749643415213
298,Muyuan,emergency,unavailable_in_sd_path,47,/Users/zilongzeng/Research/DroneControl/user_study_v2/Muyuan/Emergency/47.wav,Muyuan/Emergency/47.wav,emergency,0.734375,0.734375,0.26953125,0.0,"[60, -59, -128]",True,,,,0.07504189852625132,1.1646250495687127,0.6607499672099948,1.9060410559177399
299,Muyuan,emergency,unavailable_in_sd_path,48,/Users/zilongzeng/Research/DroneControl/user_study_v2/Muyuan/Emergency/48.wav,Muyuan/Emergency/48.wav,emergency,0.984375,0.984375,0.015625,0.0,"[124, -124, -128]",True,,,,0.0665000407025218,1.1523750144988298,0.702250050380826,1.9268750911578536
300,Muyuan,emergency,unavailable_in_sd_path,49,/Users/zilongzeng/Research/DroneControl/user_study_v2/Muyuan/Emergency/49.wav,Muyuan/Emergency/49.wav,movement,0.99609375,0.0,0.99609375,0.0,"[-128, 127, -128]",False,,,,0.060916063375771046,1.1155420215800405,0.6811249768361449,1.8626670353114605
301,Muyuan,movement,unavailable_in_sd_path,0,/Users/zilongzeng/Research/DroneControl/user_study_v2/Muyuan/Movement/0.wav,Muyuan/Movement/0.wav,movement,0.99609375,0.0,0.99609375,0.0,"[-128, 127, -128]",True,,,,0.06237498018890619,1.1576249962672591,0.7270000642165542,1.9544170936569571
302,Muyuan,movement,unavailable_in_sd_path,1,/Users/zilongzeng/Research/DroneControl/user_study_v2/Muyuan/Movement/1.wav,Muyuan/Movement/1.wav,movement,0.99609375,0.0,0.99609375,0.0,"[-128, 127, -128]",True,,,,0.062125036492943764,1.2633330188691616,0.6901249289512634,2.0210000220686197
303,Muyuan,movement,unavailable_in_sd_path,2,/Users/zilongzeng/Research/DroneControl/user_study_v2/Muyuan/Movement/2.wav,Muyuan/Movement/2.wav,emergency,0.93359375,0.93359375,0.06640625,0.0,"[111, -111, -128]",False,,,,0.21799991372972727,1.2515829876065254,0.6112910341471434,2.086375025101006
304,Muyuan,movement,unavailable_in_sd_path,3,/Users/zilongzeng/Research/DroneControl/user_study_v2/Muyuan/Movement/3.wav,Muyuan/Movement/3.wav,movement,0.99609375,0.0,0.99609375,0.0,"[-128, 127, -128]",True,,,,0.17158407717943192,1.2552919797599316,0.67829096224159,2.1123330807313323
305,Muyuan,movement,unavailable_in_sd_path,4,/Users/zilongzeng/Research/DroneControl/user_study_v2/Muyuan/Movement/4.wav,Muyuan/Movement/4.wav,movement,0.99609375,0.0,0.99609375,0.0,"[-128, 127, -128]",True,,,,0.2341249492019415,1.1998750269412994,0.7342499447986484,2.17504205647856
306,Muyuan,movement,unavailable_in_sd_path,5,/Users/zilongzeng/Research/DroneControl/user_study_v2/Muyuan/Movement/5.wav,Muyuan/Movement/5.wav,movement,0.99609375,0.0,0.99609375,0.0,"[-128, 127, -128]",True,,,,0.24108297657221556,1.1851249728351831,0.610959017649293,2.044958993792534
307,Muyuan,movement,unavailable_in_sd_path,6,/Users/zilongzeng/Research/DroneControl/user_study_v2/Muyuan/Movement/6.wav,Muyuan/Movement/6.wav,movement,0.99609375,0.0,0.99609375,0.0,"[-128, 127, -128]",True,,,,0.12112502008676529,1.2282500974833965,0.7262080907821655,2.0827919943258166
308,Muyuan,movement,unavailable_in_sd_path,7,/Users/zilongzeng/Research/DroneControl/user_study_v2/Muyuan/Movement/7.wav,Muyuan/Movement/7.wav,movement,0.99609375,0.0,0.99609375,0.0,"[-128, 127, -128]",True,,,,0.07725006435066462,1.1893329210579395,0.6807079771533608,1.9522920483723283
309,Muyuan,movement,unavailable_in_sd_path,8,/Users/zilongzeng/Research/DroneControl/user_study_v2/Muyuan/Movement/8.wav,Muyuan/Movement/8.wav,movement,0.55078125,0.44921875,0.55078125,0.0,"[-13, 13, -128]",True,,,,0.06550003308802843,1.0839580791071057,0.7201670669019222,1.8752909963950515
310,Muyuan,movement,unavailable_in_sd_path,9,/Users/zilongzeng/Research/DroneControl/user_study_v2/Muyuan/Movement/9.wav,Muyuan/Movement/9.wav,movement,0.99609375,0.0,0.99609375,0.0,"[-128, 127, -128]",True,,,,0.0576250022277236,1.1407500132918358,0.6730830064043403,1.8761670216917992
311,Muyuan,movement,unavailable_in_sd_path,10,/Users/zilongzeng/Research/DroneControl/user_study_v2/Muyuan/Movement/10.wav,Muyuan/Movement/10.wav,movement,0.99609375,0.0,0.99609375,0.0,"[-128, 127, -128]",True,,,,0.058999983593821526,1.1306250235065818,0.6727089639753103,1.8675000173971057
312,Muyuan,movement,unavailable_in_sd_path,11,/Users/zilongzeng/Research/DroneControl/user_study_v2/Muyuan/Movement/11.wav,Muyuan/Movement/11.wav,movement,0.99609375,0.0,0.99609375,0.0,"[-128, 127, -128]",True,,,,0.07995904888957739,1.330041908659041,0.7244580192491412,2.141042030416429
313,Muyuan,movement,unavailable_in_sd_path,12,/Users/zilongzeng/Research/DroneControl/user_study_v2/Muyuan/Movement/12.wav,Muyuan/Movement/12.wav,unknown,0.99609375,0.0,0.0,0.99609375,"[-128, -128, 127]",False,,,,0.08654198609292507,1.1601250153034925,0.6765419384464622,1.9282079301774502
314,Muyuan,movement,unavailable_in_sd_path,13,/Users/zilongzeng/Research/DroneControl/user_study_v2/Muyuan/Movement/13.wav,Muyuan/Movement/13.wav,movement,0.99609375,0.0,0.99609375,0.0,"[-128, 127, -128]",True,,,,0.06049999501556158,1.2157500023022294,0.6692919414490461,1.9504580413922668
315,Muyuan,movement,unavailable_in_sd_path,14,/Users/zilongzeng/Research/DroneControl/user_study_v2/Muyuan/Movement/14.wav,Muyuan/Movement/14.wav,movement,0.99609375,0.0,0.99609375,0.0,"[-128, 127, -128]",True,,,,0.20016694907099009,1.1103330180048943,0.6769589381292462,1.99291598983109
316,Muyuan,movement,unavailable_in_sd_path,15,/Users/zilongzeng/Research/DroneControl/user_study_v2/Muyuan/Movement/15.wav,Muyuan/Movement/15.wav,movement,0.99609375,0.0,0.99609375,0.0,"[-128, 127, -128]",True,,,,0.20679202862083912,1.3403340708464384,0.6728330627083778,2.22566700540483
317,Muyuan,movement,unavailable_in_sd_path,16,/Users/zilongzeng/Research/DroneControl/user_study_v2/Muyuan/Movement/16.wav,Muyuan/Movement/16.wav,movement,0.99609375,0.0,0.99609375,0.0,"[-128, 127, -128]",True,,,,0.07566704880446196,1.1965419398620725,0.6662080995738506,1.9437921000644565
318,Muyuan,movement,unavailable_in_sd_path,17,/Users/zilongzeng/Research/DroneControl/user_study_v2/Muyuan/Movement/17.wav,Muyuan/Movement/17.wav,movement,0.99609375,0.0,0.99609375,0.0,"[-128, 127, -128]",True,,,,0.0641250517219305,1.2880830327048898,0.7113330066204071,2.0692090038210154
319,Muyuan,movement,unavailable_in_sd_path,18,/Users/zilongzeng/Research/DroneControl/user_study_v2/Muyuan/Movement/18.wav,Muyuan/Movement/18.wav,movement,0.99609375,0.0,0.99609375,0.0,"[-128, 127, -128]",True,,,,0.08179096039384604,1.3139169896021485,0.7137079956009984,2.116332994773984
320,Muyuan,movement,unavailable_in_sd_path,19,/Users/zilongzeng/Research/DroneControl/user_study_v2/Muyuan/Movement/19.wav,Muyuan/Movement/19.wav,movement,0.99609375,0.0,0.99609375,0.0,"[-128, 127, -128]",True,,,,0.07349997758865356,1.3500410132110119,0.699291005730629,2.12908408138901
321,Muyuan,movement,unavailable_in_sd_path,20,/Users/zilongzeng/Research/DroneControl/user_study_v2/Muyuan/Movement/20.wav,Muyuan/Movement/20.wav,movement,0.99609375,0.0,0.99609375,0.0,"[-128, 127, -128]",True,,,,0.1982920803129673,1.2910000514239073,0.6102919578552246,2.1057080011814833
322,Muyuan,movement,unavailable_in_sd_path,21,/Users/zilongzeng/Research/DroneControl/user_study_v2/Muyuan/Movement/21.wav,Muyuan/Movement/21.wav,movement,0.99609375,0.0,0.99609375,0.0,"[-128, 127, -128]",True,,,,0.22570800501853228,1.3208750169724226,0.7265839958563447,2.2813749965280294
323,Muyuan,movement,unavailable_in_sd_path,22,/Users/zilongzeng/Research/DroneControl/user_study_v2/Muyuan/Movement/22.wav,Muyuan/Movement/22.wav,movement,0.99609375,0.0,0.99609375,0.0,"[-128, 127, -128]",True,,,,0.09762507397681475,1.2833749642595649,0.7214590441435575,2.109832945279777
324,Muyuan,movement,unavailable_in_sd_path,23,/Users/zilongzeng/Research/DroneControl/user_study_v2/Muyuan/Movement/23.wav,Muyuan/Movement/23.wav,movement,0.99609375,0.0,0.99609375,0.0,"[-128, 127, -128]",True,,,,0.21745904814451933,1.3292920775711536,0.6130000110715628,2.1658330224454403
325,Muyuan,movement,unavailable_in_sd_path,24,/Users/zilongzeng/Research/DroneControl/user_study_v2/Muyuan/Movement/24.wav,Muyuan/Movement/24.wav,movement,0.99609375,0.0,0.99609375,0.0,"[-128, 127, -128]",True,,,,0.25824992917478085,1.28754205070436,0.7345000049099326,2.2884169593453407
326,Muyuan,movement,unavailable_in_sd_path,25,/Users/zilongzeng/Research/DroneControl/user_study_v2/Muyuan/Movement/25.wav,Muyuan/Movement/25.wav,movement,0.99609375,0.0,0.99609375,0.0,"[-128, 127, -128]",True,,,,0.09504193440079689,1.2489580549299717,0.6852078950032592,2.034457982517779
327,Muyuan,movement,unavailable_in_sd_path,26,/Users/zilongzeng/Research/DroneControl/user_study_v2/Muyuan/Movement/26.wav,Muyuan/Movement/26.wav,movement,0.99609375,0.0,0.99609375,0.0,"[-128, 127, -128]",True,,,,0.06700004450976849,1.2154579162597656,0.6190410349518061,1.9071249989792705
328,Muyuan,movement,unavailable_in_sd_path,27,/Users/zilongzeng/Research/DroneControl/user_study_v2/Muyuan/Movement/27.wav,Muyuan/Movement/27.wav,movement,0.99609375,0.0,0.99609375,0.0,"[-128, 127, -128]",True,,,,0.06679201032966375,1.2675829930230975,0.6854170933365822,2.026875037699938
329,Muyuan,movement,unavailable_in_sd_path,28,/Users/zilongzeng/Research/DroneControl/user_study_v2/Muyuan/Movement/28.wav,Muyuan/Movement/28.wav,unknown,0.99609375,0.0,0.0,0.99609375,"[-128, -128, 127]",False,,,,0.21941703744232655,1.1362920049577951,0.7478749612346292,2.109625027514994
330,Muyuan,movement,unavailable_in_sd_path,29,/Users/zilongzeng/Research/DroneControl/user_study_v2/Muyuan/Movement/29.wav,Muyuan/Movement/29.wav,movement,0.99609375,0.00390625,0.99609375,0.0,"[-127, 127, -128]",True,,,,0.06620795466005802,1.2592080747708678,0.6847500335425138,2.015999983996153
331,Muyuan,movement,unavailable_in_sd_path,30,/Users/zilongzeng/Research/DroneControl/user_study_v2/Muyuan/Movement/30.wav,Muyuan/Movement/30.wav,emergency,0.83203125,0.83203125,0.16796875,0.0,"[85, -85, -128]",False,,,,0.06716710049659014,1.1909999884665012,0.7052910514175892,1.969749922864139
332,Muyuan,movement,unavailable_in_sd_path,31,/Users/zilongzeng/Research/DroneControl/user_study_v2/Muyuan/Movement/31.wav,Muyuan/Movement/31.wav,emergency,0.99609375,0.99609375,0.00390625,0.0,"[127, -127, -128]",False,,,,0.06466696504503489,1.2555420398712158,0.7125829579308629,2.0393329905346036
333,Muyuan,movement,unavailable_in_sd_path,32,/Users/zilongzeng/Research/DroneControl/user_study_v2/Muyuan/Movement/32.wav,Muyuan/Movement/32.wav,movement,0.99609375,0.0,0.99609375,0.0,"[-128, 127, -128]",True,,,,0.07083301898092031,1.235332922078669,0.7177500519901514,2.029874944128096
334,Muyuan,movement,unavailable_in_sd_path,33,/Users/zilongzeng/Research/DroneControl/user_study_v2/Muyuan/Movement/33.wav,Muyuan/Movement/33.wav,movement,0.90234375,0.09765625,0.90234375,0.0,"[-103, 103, -128]",True,,,,0.07583305705338717,1.345125027000904,0.7047500694170594,2.1309579024091363
335,Muyuan,movement,unavailable_in_sd_path,34,/Users/zilongzeng/Research/DroneControl/user_study_v2/Muyuan/Movement/34.wav,Muyuan/Movement/34.wav,emergency,0.99609375,0.99609375,0.0,0.00390625,"[127, -128, -127]",False,,,,0.06733299233019352,1.1804999085143209,0.6703330436721444,1.9234579522162676
336,Muyuan,movement,unavailable_in_sd_path,35,/Users/zilongzeng/Research/DroneControl/user_study_v2/Muyuan/Movement/35.wav,Muyuan/Movement/35.wav,emergency,0.69140625,0.69140625,0.30859375,0.0,"[49, -49, -128]",False,,,,0.06474996916949749,1.3404999626800418,0.6751250475645065,2.086249995045364
337,Muyuan,movement,unavailable_in_sd_path,36,/Users/zilongzeng/Research/DroneControl/user_study_v2/Muyuan/Movement/36.wav,Muyuan/Movement/36.wav,movement,0.99609375,0.0,0.99609375,0.0,"[-128, 127, -128]",True,,,,0.0725410645827651,1.18079106323421,0.6712079048156738,1.92958302795887
338,Muyuan,movement,unavailable_in_sd_path,37,/Users/zilongzeng/Research/DroneControl/user_study_v2/Muyuan/Movement/37.wav,Muyuan/Movement/37.wav,movement,0.99609375,0.0,0.99609375,0.0,"[-128, 127, -128]",True,,,,0.18149998504668474,1.2820829870179296,0.6689589936286211,2.1379999816417694
339,Muyuan,movement,unavailable_in_sd_path,38,/Users/zilongzeng/Research/DroneControl/user_study_v2/Muyuan/Movement/38.wav,Muyuan/Movement/38.wav,movement,0.99609375,0.0,0.99609375,0.0,"[-128, 127, -128]",True,,,,0.07120799273252487,1.1471660109236836,0.7102499948814511,1.9343330059200525
340,Muyuan,movement,unavailable_in_sd_path,39,/Users/zilongzeng/Research/DroneControl/user_study_v2/Muyuan/Movement/39.wav,Muyuan/Movement/39.wav,movement,0.99609375,0.0,0.99609375,0.0,"[-128, 127, -128]",True,,,,0.20095903892070055,1.3404999626800418,0.7272909861057997,2.274916972965002
341,Muyuan,movement,unavailable_in_sd_path,40,/Users/zilongzeng/Research/DroneControl/user_study_v2/Muyuan/Movement/40.wav,Muyuan/Movement/40.wav,movement,0.99609375,0.0,0.99609375,0.0,"[-128, 127, -128]",True,,,,0.24500000290572643,1.2669579591602087,0.7273750379681587,2.2454160498455167
342,Muyuan,movement,unavailable_in_sd_path,41,/Users/zilongzeng/Research/DroneControl/user_study_v2/Muyuan/Movement/41.wav,Muyuan/Movement/41.wav,movement,0.99609375,0.0,0.99609375,0.0,"[-128, 127, -128]",True,,,,0.06820796988904476,1.2801659759134054,0.6181249627843499,1.9722080323845148
343,Muyuan,movement,unavailable_in_sd_path,42,/Users/zilongzeng/Research/DroneControl/user_study_v2/Muyuan/Movement/42.wav,Muyuan/Movement/42.wav,movement,0.99609375,0.0,0.99609375,0.0,"[-128, 127, -128]",True,,,,0.10249996557831764,1.3060420751571655,0.7347500650212169,2.1515419939532876
344,Muyuan,movement,unavailable_in_sd_path,43,/Users/zilongzeng/Research/DroneControl/user_study_v2/Muyuan/Movement/43.wav,Muyuan/Movement/43.wav,unknown,0.9453125,0.0,0.0546875,0.9453125,"[-128, -114, 114]",False,,,,0.09937502909451723,1.353000057861209,0.6985410582274199,2.1567089715972543
345,Muyuan,movement,unavailable_in_sd_path,44,/Users/zilongzeng/Research/DroneControl/user_study_v2/Muyuan/Movement/44.wav,Muyuan/Movement/44.wav,movement,0.99609375,0.0,0.99609375,0.0,"[-128, 127, -128]",True,,,,0.07466599345207214,1.238291966728866,0.7404589559882879,2.059333026409149
346,Muyuan,movement,unavailable_in_sd_path,45,/Users/zilongzeng/Research/DroneControl/user_study_v2/Muyuan/Movement/45.wav,Muyuan/Movement/45.wav,movement,0.99609375,0.0,0.99609375,0.0,"[-128, 127, -128]",True,,,,0.065250089392066,1.3079169439151883,0.7193749770522118,2.098832977935672
347,Muyuan,movement,unavailable_in_sd_path,46,/Users/zilongzeng/Research/DroneControl/user_study_v2/Muyuan/Movement/46.wav,Muyuan/Movement/46.wav,movement,0.99609375,0.0,0.99609375,0.0,"[-128, 127, -128]",True,,,,0.21700002253055573,1.1416670167818666,0.6992080016061664,2.0640830043703318
348,Muyuan,movement,unavailable_in_sd_path,47,/Users/zilongzeng/Research/DroneControl/user_study_v2/Muyuan/Movement/47.wav,Muyuan/Movement/47.wav,movement,0.99609375,0.0,0.99609375,0.0,"[-128, 127, -128]",True,,,,0.21541595924645662,1.212958013638854,0.668833963572979,2.1025000605732203
349,Muyuan,movement,unavailable_in_sd_path,48,/Users/zilongzeng/Research/DroneControl/user_study_v2/Muyuan/Movement/48.wav,Muyuan/Movement/48.wav,movement,0.99609375,0.0,0.99609375,0.0,"[-128, 127, -128]",True,,,,0.07599999662488699,1.1877500219270587,0.6938339211046696,1.963290967978537
350,Muyuan,movement,unavailable_in_sd_path,49,/Users/zilongzeng/Research/DroneControl/user_study_v2/Muyuan/Movement/49.wav,Muyuan/Movement/49.wav,movement,0.99609375,0.0,0.99609375,0.0,"[-128, 127, -128]",True,,,,0.056916032917797565,1.3052918948233128,0.7135419873520732,2.0819579949602485
351,Muyuan,unknown,unavailable_in_sd_path,0,/Users/zilongzeng/Research/DroneControl/user_study_v2/Muyuan/Unknown/0.wav,Muyuan/Unknown/0.wav,unknown,0.99609375,0.0,0.0,0.99609375,"[-128, -128, 127]",True,,,,0.07275003008544445,1.2887080665677786,0.7318749558180571,2.100875019095838
352,Muyuan,unknown,unavailable_in_sd_path,1,/Users/zilongzeng/Research/DroneControl/user_study_v2/Muyuan/Unknown/1.wav,Muyuan/Unknown/1.wav,unknown,0.99609375,0.0,0.0,0.99609375,"[-128, -128, 127]",True,,,,0.08354196324944496,1.3391660759225488,0.7182080298662186,2.14695802424103
353,Muyuan,unknown,unavailable_in_sd_path,2,/Users/zilongzeng/Research/DroneControl/user_study_v2/Muyuan/Unknown/2.wav,Muyuan/Unknown/2.wav,unknown,0.99609375,0.0,0.0,0.99609375,"[-128, -128, 127]",True,,,,0.07862504571676254,1.2015830725431442,0.6991660920903087,1.9850829849019647
354,Muyuan,unknown,unavailable_in_sd_path,3,/Users/zilongzeng/Research/DroneControl/user_study_v2/Muyuan/Unknown/3.wav,Muyuan/Unknown/3.wav,unknown,0.99609375,0.0,0.0,0.99609375,"[-128, -128, 127]",True,,,,1.8063329625874758,1.4685000060126185,0.6262920796871185,3.9109999779611826
355,Muyuan,unknown,unavailable_in_sd_path,4,/Users/zilongzeng/Research/DroneControl/user_study_v2/Muyuan/Unknown/4.wav,Muyuan/Unknown/4.wav,movement,0.8203125,0.08984375,0.8203125,0.08984375,"[-105, 82, -105]",False,,,,0.17412507440894842,1.3900420162826777,0.6040830630809069,2.1760830422863364
356,Muyuan,unknown,unavailable_in_sd_path,5,/Users/zilongzeng/Research/DroneControl/user_study_v2/Muyuan/Unknown/5.wav,Muyuan/Unknown/5.wav,unknown,0.99609375,0.0,0.0,0.99609375,"[-128, -128, 127]",True,,,,0.23029197473078966,1.2625829549506307,0.725375022739172,2.226040931418538
357,Muyuan,unknown,unavailable_in_sd_path,6,/Users/zilongzeng/Research/DroneControl/user_study_v2/Muyuan/Unknown/6.wav,Muyuan/Unknown/6.wav,unknown,0.99609375,0.0,0.0,0.99609375,"[-128, -128, 127]",True,,,,0.17187499906867743,1.6511250287294388,0.7470829878002405,2.579041989520192
358,Muyuan,unknown,unavailable_in_sd_path,7,/Users/zilongzeng/Research/DroneControl/user_study_v2/Muyuan/Unknown/7.wav,Muyuan/Unknown/7.wav,unknown,0.99609375,0.0,0.0,0.99609375,"[-128, -128, 127]",True,,,,0.16287504695355892,1.3817499857395887,0.7291249930858612,2.282833098433912
359,Muyuan,unknown,unavailable_in_sd_path,8,/Users/zilongzeng/Research/DroneControl/user_study_v2/Muyuan/Unknown/8.wav,Muyuan/Unknown/8.wav,unknown,0.99609375,0.0,0.0,0.99609375,"[-128, -128, 127]",True,,,,0.7483330555260181,1.3301249127835035,0.6787080783396959,2.762832911685109
360,Muyuan,unknown,unavailable_in_sd_path,9,/Users/zilongzeng/Research/DroneControl/user_study_v2/Muyuan/Unknown/9.wav,Muyuan/Unknown/9.wav,unknown,0.99609375,0.0,0.0,0.99609375,"[-128, -128, 127]",True,,,,0.20358292385935783,1.3213750207796693,0.6706670392304659,2.2008329397067428
361,Muyuan,unknown,unavailable_in_sd_path,10,/Users/zilongzeng/Research/DroneControl/user_study_v2/Muyuan/Unknown/10.wav,Muyuan/Unknown/10.wav,unknown,0.99609375,0.0,0.0,0.99609375,"[-128, -128, 127]",True,,,,0.2055000513792038,1.4266670914366841,0.6255829939618707,2.266624942421913
362,Muyuan,unknown,unavailable_in_sd_path,11,/Users/zilongzeng/Research/DroneControl/user_study_v2/Muyuan/Unknown/11.wav,Muyuan/Unknown/11.wav,unknown,0.99609375,0.0,0.0,0.99609375,"[-128, -128, 127]",True,,,,0.1796659780666232,1.3018749887123704,0.6866250187158585,2.174917026422918
363,Muyuan,unknown,unavailable_in_sd_path,12,/Users/zilongzeng/Research/DroneControl/user_study_v2/Muyuan/Unknown/12.wav,Muyuan/Unknown/12.wav,unknown,0.99609375,0.0,0.0,0.99609375,"[-128, -128, 127]",True,,,,0.08329201955348253,1.0791249806061387,0.6942920153960586,1.8618750618770719
364,Muyuan,unknown,unavailable_in_sd_path,13,/Users/zilongzeng/Research/DroneControl/user_study_v2/Muyuan/Unknown/13.wav,Muyuan/Unknown/13.wav,unknown,0.99609375,0.0,0.0,0.99609375,"[-128, -128, 127]",True,,,,0.056958990171551704,1.2175829615443945,0.7094170432537794,1.9912079442292452
365,Muyuan,unknown,unavailable_in_sd_path,14,/Users/zilongzeng/Research/DroneControl/user_study_v2/Muyuan/Unknown/14.wav,Muyuan/Unknown/14.wav,unknown,0.99609375,0.0,0.0,0.99609375,"[-128, -128, 127]",True,,,,0.08895900100469589,1.2034580577164888,0.6925829220563173,1.990916091017425
366,Muyuan,unknown,unavailable_in_sd_path,15,/Users/zilongzeng/Research/DroneControl/user_study_v2/Muyuan/Unknown/15.wav,Muyuan/Unknown/15.wav,unknown,0.83203125,0.0,0.16796875,0.83203125,"[-128, -85, 85]",True,,,,0.0778330722823739,1.232416951097548,0.7092909654602408,2.026083995588124
367,Muyuan,unknown,unavailable_in_sd_path,16,/Users/zilongzeng/Research/DroneControl/user_study_v2/Muyuan/Unknown/16.wav,Muyuan/Unknown/16.wav,unknown,0.99609375,0.0,0.0,0.99609375,"[-128, -128, 127]",True,,,,0.06941694300621748,1.1980829294770956,0.709500047378242,1.982875051908195
368,Muyuan,unknown,unavailable_in_sd_path,17,/Users/zilongzeng/Research/DroneControl/user_study_v2/Muyuan/Unknown/17.wav,Muyuan/Unknown/17.wav,movement,0.9921875,0.0,0.9921875,0.0078125,"[-128, 126, -126]",False,,,,0.17550005577504635,1.4743750216439366,0.6297089857980609,2.2892500273883343
369,Muyuan,unknown,unavailable_in_sd_path,18,/Users/zilongzeng/Research/DroneControl/user_study_v2/Muyuan/Unknown/18.wav,Muyuan/Unknown/18.wav,unknown,0.9921875,0.0,0.0078125,0.9921875,"[-128, -126, 126]",True,,,,0.18020800780504942,1.2602920178323984,0.6757909432053566,2.1228339755907655
370,Muyuan,unknown,unavailable_in_sd_path,19,/Users/zilongzeng/Research/DroneControl/user_study_v2/Muyuan/Unknown/19.wav,Muyuan/Unknown/19.wav,unknown,0.99609375,0.0,0.0,0.99609375,"[-128, -128, 127]",True,,,,0.08608389180153608,1.2456250842660666,0.7055839523673058,2.0428330171853304
371,Muyuan,unknown,unavailable_in_sd_path,20,/Users/zilongzeng/Research/DroneControl/user_study_v2/Muyuan/Unknown/20.wav,Muyuan/Unknown/20.wav,unknown,0.99609375,0.0,0.0,0.99609375,"[-128, -128, 127]",True,,,,0.07524993270635605,1.2463330058380961,0.701082986779511,2.0279999589547515
372,Muyuan,unknown,unavailable_in_sd_path,21,/Users/zilongzeng/Research/DroneControl/user_study_v2/Muyuan/Unknown/21.wav,Muyuan/Unknown/21.wav,unknown,0.99609375,0.0,0.0,0.99609375,"[-128, -128, 127]",True,,,,0.06437499541789293,1.3155000051483512,0.6660000653937459,2.0511249313130975
373,Muyuan,unknown,unavailable_in_sd_path,22,/Users/zilongzeng/Research/DroneControl/user_study_v2/Muyuan/Unknown/22.wav,Muyuan/Unknown/22.wav,unknown,0.99609375,0.0,0.0,0.99609375,"[-128, -128, 127]",True,,,,0.17125008162111044,1.1454999912530184,0.6667919224128127,1.9885830115526915
374,Muyuan,unknown,unavailable_in_sd_path,23,/Users/zilongzeng/Research/DroneControl/user_study_v2/Muyuan/Unknown/23.wav,Muyuan/Unknown/23.wav,unknown,0.99609375,0.0,0.0,0.99609375,"[-128, -128, 127]",True,,,,0.3034590044990182,1.287874998524785,0.7107499986886978,2.3087909212335944
375,Muyuan,unknown,unavailable_in_sd_path,24,/Users/zilongzeng/Research/DroneControl/user_study_v2/Muyuan/Unknown/24.wav,Muyuan/Unknown/24.wav,unknown,0.99609375,0.0,0.0,0.99609375,"[-128, -128, 127]",True,,,,0.07825007196515799,1.3765000039711595,0.7116250926628709,2.1725419210270047
376,Muyuan,unknown,unavailable_in_sd_path,25,/Users/zilongzeng/Research/DroneControl/user_study_v2/Muyuan/Unknown/25.wav,Muyuan/Unknown/25.wav,unknown,0.99609375,0.0,0.0,0.99609375,"[-128, -128, 127]",True,,,,0.07287506014108658,1.3229589676484466,0.7166250143200159,2.1184590877965093
377,Muyuan,unknown,unavailable_in_sd_path,26,/Users/zilongzeng/Research/DroneControl/user_study_v2/Muyuan/Unknown/26.wav,Muyuan/Unknown/26.wav,unknown,0.8046875,0.0,0.1953125,0.8046875,"[-128, -78, 78]",True,,,,0.07395900320261717,1.3028329703956842,0.7343749748542905,2.1182079799473286
378,Muyuan,unknown,unavailable_in_sd_path,27,/Users/zilongzeng/Research/DroneControl/user_study_v2/Muyuan/Unknown/27.wav,Muyuan/Unknown/27.wav,unknown,0.99609375,0.0,0.0,0.99609375,"[-128, -128, 127]",True,,,,0.09258300997316837,1.3061669887974858,0.6760419346392155,2.080917009152472
379,Muyuan,unknown,unavailable_in_sd_path,28,/Users/zilongzeng/Research/DroneControl/user_study_v2/Muyuan/Unknown/28.wav,Muyuan/Unknown/28.wav,unknown,0.99609375,0.0,0.0,0.99609375,"[-128, -128, 127]",True,,,,0.19441696349531412,1.1764999944716692,0.7162499241530895,2.0932089537382126
380,Muyuan,unknown,unavailable_in_sd_path,29,/Users/zilongzeng/Research/DroneControl/user_study_v2/Muyuan/Unknown/29.wav,Muyuan/Unknown/29.wav,unknown,0.99609375,0.0,0.0,0.99609375,"[-128, -128, 127]",True,,,,0.20224996842443943,1.2472079833969474,0.6617079488933086,2.1165419602766633
381,Muyuan,unknown,unavailable_in_sd_path,30,/Users/zilongzeng/Research/DroneControl/user_study_v2/Muyuan/Unknown/30.wav,Muyuan/Unknown/30.wav,unknown,0.99609375,0.0,0.0,0.99609375,"[-128, -128, 127]",True,,,,0.07350009400397539,1.1264169588685036,0.6743749836459756,1.8811249174177647
382,Muyuan,unknown,unavailable_in_sd_path,31,/Users/zilongzeng/Research/DroneControl/user_study_v2/Muyuan/Unknown/31.wav,Muyuan/Unknown/31.wav,unknown,0.99609375,0.0,0.0,0.99609375,"[-128, -128, 127]",True,,,,0.08087500464171171,1.4381249202415347,0.7192080374807119,2.2447919473052025
383,Muyuan,unknown,unavailable_in_sd_path,32,/Users/zilongzeng/Research/DroneControl/user_study_v2/Muyuan/Unknown/32.wav,Muyuan/Unknown/32.wav,unknown,0.99609375,0.0,0.0,0.99609375,"[-128, -128, 127]",True,,,,0.07837498560547829,1.2756249634549022,0.71770790964365,2.0784580847248435
384,Muyuan,unknown,unavailable_in_sd_path,33,/Users/zilongzeng/Research/DroneControl/user_study_v2/Muyuan/Unknown/33.wav,Muyuan/Unknown/33.wav,unknown,0.99609375,0.0,0.0,0.99609375,"[-128, -128, 127]",True,,,,0.07108401041477919,1.317500020377338,0.7095829350873828,2.1041659638285637
385,Muyuan,unknown,unavailable_in_sd_path,34,/Users/zilongzeng/Research/DroneControl/user_study_v2/Muyuan/Unknown/34.wav,Muyuan/Unknown/34.wav,unknown,0.99609375,0.0,0.0,0.99609375,"[-128, -128, 127]",True,,,,0.07149996235966682,1.310250023379922,0.7212910568341613,2.1097500575706363
386,Muyuan,unknown,unavailable_in_sd_path,35,/Users/zilongzeng/Research/DroneControl/user_study_v2/Muyuan/Unknown/35.wav,Muyuan/Unknown/35.wav,unknown,0.99609375,0.0,0.0,0.99609375,"[-128, -128, 127]",True,,,,0.08129200432449579,1.2659580679610372,0.6820830749347806,2.034375094808638
387,Muyuan,unknown,unavailable_in_sd_path,36,/Users/zilongzeng/Research/DroneControl/user_study_v2/Muyuan/Unknown/36.wav,Muyuan/Unknown/36.wav,unknown,0.99609375,0.0,0.0,0.99609375,"[-128, -128, 127]",True,,,,0.060582999140024185,1.1288749519735575,0.66708296071738,1.8619169713929296
388,Muyuan,unknown,unavailable_in_sd_path,37,/Users/zilongzeng/Research/DroneControl/user_study_v2/Muyuan/Unknown/37.wav,Muyuan/Unknown/37.wav,emergency,0.86328125,0.86328125,0.11328125,0.0234375,"[93, -99, -122]",False,,,,0.04224991425871849,1.2830839259549975,0.6691670278087258,1.9995829788967967
389,Muyuan,unknown,unavailable_in_sd_path,38,/Users/zilongzeng/Research/DroneControl/user_study_v2/Muyuan/Unknown/38.wav,Muyuan/Unknown/38.wav,unknown,0.99609375,0.0,0.0,0.99609375,"[-128, -128, 127]",True,,,,0.19712501671165228,1.0835420107468963,0.6668750429525971,1.9522500224411488
390,Muyuan,unknown,unavailable_in_sd_path,39,/Users/zilongzeng/Research/DroneControl/user_study_v2/Muyuan/Unknown/39.wav,Muyuan/Unknown/39.wav,movement,0.97265625,0.0,0.97265625,0.02734375,"[-128, 121, -121]",False,,,,0.053958967328071594,1.3375839916989207,0.6683330284431577,2.0651660161092877
391,Muyuan,unknown,unavailable_in_sd_path,40,/Users/zilongzeng/Research/DroneControl/user_study_v2/Muyuan/Unknown/40.wav,Muyuan/Unknown/40.wav,unknown,0.99609375,0.0,0.0,0.99609375,"[-128, -128, 127]",True,,,,0.06987503729760647,1.1941249249503016,0.6762499688193202,1.9451670814305544
392,Muyuan,unknown,unavailable_in_sd_path,41,/Users/zilongzeng/Research/DroneControl/user_study_v2/Muyuan/Unknown/41.wav,Muyuan/Unknown/41.wav,unknown,0.99609375,0.0,0.0,0.99609375,"[-128, -128, 127]",True,,,,0.05300005432218313,1.204584026709199,0.6727499421685934,1.9351249793544412
393,Muyuan,unknown,unavailable_in_sd_path,42,/Users/zilongzeng/Research/DroneControl/user_study_v2/Muyuan/Unknown/42.wav,Muyuan/Unknown/42.wav,unknown,0.99609375,0.0,0.0,0.99609375,"[-128, -128, 127]",True,,,,0.05829194560647011,1.0929160052910447,0.677207950502634,1.8334999913349748
394,Muyuan,unknown,unavailable_in_sd_path,43,/Users/zilongzeng/Research/DroneControl/user_study_v2/Muyuan/Unknown/43.wav,Muyuan/Unknown/43.wav,unknown,0.99609375,0.0,0.0,0.99609375,"[-128, -128, 127]",True,,,,0.05666702054440975,1.3057079631835222,0.7099580252543092,2.07762501668185
395,Muyuan,unknown,unavailable_in_sd_path,44,/Users/zilongzeng/Research/DroneControl/user_study_v2/Muyuan/Unknown/44.wav,Muyuan/Unknown/44.wav,unknown,0.99609375,0.0,0.0,0.99609375,"[-128, -128, 127]",True,,,,0.07391697727143764,1.1497500818222761,0.6614580051973462,1.8897090340033174
396,Muyuan,unknown,unavailable_in_sd_path,45,/Users/zilongzeng/Research/DroneControl/user_study_v2/Muyuan/Unknown/45.wav,Muyuan/Unknown/45.wav,unknown,0.99609375,0.0,0.0,0.99609375,"[-128, -128, 127]",True,,,,0.05666702054440975,1.1130840284749866,0.7088340353220701,1.884249970316887
397,Muyuan,unknown,unavailable_in_sd_path,46,/Users/zilongzeng/Research/DroneControl/user_study_v2/Muyuan/Unknown/46.wav,Muyuan/Unknown/46.wav,unknown,0.99609375,0.0,0.0,0.99609375,"[-128, -128, 127]",True,,,,0.06570795085281134,1.1635840637609363,0.6747919833287597,1.9096250180155039
398,Muyuan,unknown,unavailable_in_sd_path,47,/Users/zilongzeng/Research/DroneControl/user_study_v2/Muyuan/Unknown/47.wav,Muyuan/Unknown/47.wav,movement,0.99609375,0.0,0.99609375,0.0,"[-128, 127, -128]",False,,,,0.22000004537403584,1.3067919062450528,0.7180829998105764,2.250291989184916
399,Muyuan,unknown,unavailable_in_sd_path,48,/Users/zilongzeng/Research/DroneControl/user_study_v2/Muyuan/Unknown/48.wav,Muyuan/Unknown/48.wav,movement,0.90234375,0.0,0.90234375,0.09765625,"[-128, 103, -103]",False,,,,0.19400008022785187,1.1467079166322947,0.6679589860141277,2.0134580554440618
400,Muyuan,unknown,unavailable_in_sd_path,49,/Users/zilongzeng/Research/DroneControl/user_study_v2/Muyuan/Unknown/49.wav,Muyuan/Unknown/49.wav,unknown,0.99609375,0.0,0.0,0.99609375,"[-128, -128, 127]",True,,,,0.22625003475695848,1.1635000118985772,0.7077079499140382,2.102250000461936
401,Shujun,emergency,unavailable_in_sd_path,0,/Users/zilongzeng/Research/DroneControl/user_study_v2/Shujun/Emergency/0.wav,Shujun/Emergency/0.wav,emergency,0.91796875,0.91796875,0.0,0.08203125,"[107, -128, -107]",True,,,,0.18520804587751627,1.1504580033943057,0.664958031848073,2.0056250505149364
402,Shujun,emergency,unavailable_in_sd_path,1,/Users/zilongzeng/Research/DroneControl/user_study_v2/Shujun/Emergency/1.wav,Shujun/Emergency/1.wav,emergency,0.98828125,0.98828125,0.0,0.01171875,"[125, -128, -125]",True,,,,0.05679193418473005,1.1613330570980906,0.7243329891934991,1.951709040440619
403,Shujun,emergency,unavailable_in_sd_path,2,/Users/zilongzeng/Research/DroneControl/user_study_v2/Shujun/Emergency/2.wav,Shujun/Emergency/2.wav,movement,0.9921875,0.0078125,0.9921875,0.0,"[-126, 126, -128]",False,,,,0.0701249809935689,1.2374580837786198,0.7145830895751715,2.0281249890103936
404,Shujun,emergency,unavailable_in_sd_path,3,/Users/zilongzeng/Research/DroneControl/user_study_v2/Shujun/Emergency/3.wav,Shujun/Emergency/3.wav,emergency,0.99609375,0.99609375,0.0,0.0,"[127, -128, -128]",True,,,,0.07399998139590025,1.1580829741433263,0.7178749656304717,1.9561670487746596
405,Shujun,emergency,unavailable_in_sd_path,4,/Users/zilongzeng/Research/DroneControl/user_study_v2/Shujun/Emergency/4.wav,Shujun/Emergency/4.wav,emergency,0.99609375,0.99609375,0.0,0.0,"[127, -128, -128]",True,,,,0.07087492849677801,1.4646669151261449,0.6417080294340849,2.185833058319986
406,Shujun,emergency,unavailable_in_sd_path,5,/Users/zilongzeng/Research/DroneControl/user_study_v2/Shujun/Emergency/5.wav,Shujun/Emergency/5.wav,emergency,0.9921875,0.9921875,0.0,0.0078125,"[126, -128, -126]",True,,,,0.18829107284545898,1.2976250145584345,0.7462089415639639,2.242417074739933
407,Shujun,emergency,unavailable_in_sd_path,6,/Users/zilongzeng/Research/DroneControl/user_study_v2/Shujun/Emergency/6.wav,Shujun/Emergency/6.wav,movement,0.99609375,0.0,0.99609375,0.0,"[-128, 127, -128]",False,,,,0.09437499102205038,1.538375043310225,0.724624958820641,2.364208921790123
408,Shujun,emergency,unavailable_in_sd_path,7,/Users/zilongzeng/Research/DroneControl/user_study_v2/Shujun/Emergency/7.wav,Shujun/Emergency/7.wav,emergency,0.99609375,0.99609375,0.0,0.0,"[127, -128, -128]",True,,,,0.07383304182440042,1.4135000528767705,0.6239579524844885,2.1202920470386744
409,Shujun,emergency,unavailable_in_sd_path,8,/Users/zilongzeng/Research/DroneControl/user_study_v2/Shujun/Emergency/8.wav,Shujun/Emergency/8.wav,emergency,0.99609375,0.99609375,0.0,0.0,"[127, -128, -128]",True,,,,0.12858305126428604,1.3169168960303068,0.7243331056088209,2.178249997086823
410,Shujun,emergency,unavailable_in_sd_path,9,/Users/zilongzeng/Research/DroneControl/user_study_v2/Shujun/Emergency/9.wav,Shujun/Emergency/9.wav,emergency,0.99609375,0.99609375,0.0,0.0,"[127, -128, -128]",True,,,,0.10766705963760614,1.3741250149905682,0.7363340118899941,2.2245420841500163
411,Shujun,emergency,unavailable_in_sd_path,10,/Users/zilongzeng/Research/DroneControl/user_study_v2/Shujun/Emergency/10.wav,Shujun/Emergency/10.wav,emergency,0.99609375,0.99609375,0.0,0.0,"[127, -128, -128]",True,,,,0.07166701834648848,1.2295410269871354,0.7151250028982759,2.0214999094605446
412,Shujun,emergency,unavailable_in_sd_path,11,/Users/zilongzeng/Research/DroneControl/user_study_v2/Shujun/Emergency/11.wav,Shujun/Emergency/11.wav,movement,0.99609375,0.0,0.99609375,0.0,"[-128, 127, -128]",False,,,,0.06295798812061548,1.2910410296171904,0.6927920039743185,2.053000032901764
413,Shujun,emergency,unavailable_in_sd_path,12,/Users/zilongzeng/Research/DroneControl/user_study_v2/Shujun/Emergency/12.wav,Shujun/Emergency/12.wav,emergency,0.99609375,0.99609375,0.0,0.0,"[127, -128, -128]",True,,,,0.08020910900086164,1.3018749887123704,0.710583059117198,2.100915997289121
414,Shujun,emergency,unavailable_in_sd_path,13,/Users/zilongzeng/Research/DroneControl/user_study_v2/Shujun/Emergency/13.wav,Shujun/Emergency/13.wav,emergency,0.99609375,0.99609375,0.0,0.0,"[127, -128, -128]",True,,,,0.10149995796382427,1.48004200309515,0.6799580296501517,2.2678329842165112
415,Shujun,emergency,unavailable_in_sd_path,14,/Users/zilongzeng/Research/DroneControl/user_study_v2/Shujun/Emergency/14.wav,Shujun/Emergency/14.wav,emergency,0.99609375,0.99609375,0.0,0.0,"[127, -128, -128]",True,,,,0.07879198528826237,1.2574589345604181,0.6597499595955014,2.001333050429821
416,Shujun,emergency,unavailable_in_sd_path,15,/Users/zilongzeng/Research/DroneControl/user_study_v2/Shujun/Emergency/15.wav,Shujun/Emergency/15.wav,movement,0.99609375,0.0,0.99609375,0.0,"[-128, 127, -128]",False,,,,0.07020891644060612,1.298084040172398,0.666665961034596,2.040458028204739
417,Shujun,emergency,unavailable_in_sd_path,16,/Users/zilongzeng/Research/DroneControl/user_study_v2/Shujun/Emergency/16.wav,Shujun/Emergency/16.wav,movement,0.99609375,0.0,0.99609375,0.0,"[-128, 127, -128]",False,,,,0.0790000194683671,1.1200829176232219,0.6920830346643925,1.8968340009450912
418,Shujun,emergency,unavailable_in_sd_path,17,/Users/zilongzeng/Research/DroneControl/user_study_v2/Shujun/Emergency/17.wav,Shujun/Emergency/17.wav,emergency,0.99609375,0.99609375,0.0,0.0,"[127, -128, -128]",True,,,,0.19516702741384506,1.3007079251110554,0.6954999407753348,2.1972079994156957
419,Shujun,emergency,unavailable_in_sd_path,18,/Users/zilongzeng/Research/DroneControl/user_study_v2/Shujun/Emergency/18.wav,Shujun/Emergency/18.wav,movement,0.99609375,0.0,0.99609375,0.0,"[-128, 127, -128]",False,,,,0.20737492013722658,1.270917011424899,0.7169590098783374,2.2018749732524157
420,Shujun,emergency,unavailable_in_sd_path,19,/Users/zilongzeng/Research/DroneControl/user_study_v2/Shujun/Emergency/19.wav,Shujun/Emergency/19.wav,emergency,0.99609375,0.99609375,0.0,0.0,"[127, -128, -128]",True,,,,0.23887492716312408,1.2783330166712403,0.7157080108299851,2.23987502977252
421,Shujun,emergency,unavailable_in_sd_path,20,/Users/zilongzeng/Research/DroneControl/user_study_v2/Shujun/Emergency/20.wav,Shujun/Emergency/20.wav,movement,0.99609375,0.0,0.99609375,0.0,"[-128, 127, -128]",False,,,,0.19629194866865873,1.1976249516010284,0.6727500585839152,2.0721249748021364
422,Shujun,emergency,unavailable_in_sd_path,21,/Users/zilongzeng/Research/DroneControl/user_study_v2/Shujun/Emergency/21.wav,Shujun/Emergency/21.wav,emergency,0.83203125,0.83203125,0.16796875,0.0,"[85, -85, -128]",True,,,,0.06866699550300837,1.2751660542562604,0.7165831048041582,2.066749962978065
423,Shujun,emergency,unavailable_in_sd_path,22,/Users/zilongzeng/Research/DroneControl/user_study_v2/Shujun/Emergency/22.wav,Shujun/Emergency/22.wav,unknown,0.99609375,0.0,0.0,0.99609375,"[-128, -128, 127]",False,,,,0.07762503810226917,1.1458750814199448,0.7100000511854887,1.9392919493839145
424,Shujun,emergency,unavailable_in_sd_path,23,/Users/zilongzeng/Research/DroneControl/user_study_v2/Shujun/Emergency/23.wav,Shujun/Emergency/23.wav,movement,0.75,0.1484375,0.75,0.1015625,"[-90, 64, -102]",False,,,,0.06762496195733547,1.3004159554839134,0.7102499948814511,2.0866249687969685
425,Shujun,emergency,unavailable_in_sd_path,24,/Users/zilongzeng/Research/DroneControl/user_study_v2/Shujun/Emergency/24.wav,Shujun/Emergency/24.wav,emergency,0.99609375,0.99609375,0.0,0.0,"[127, -128, -128]",True,,,,0.09637500625103712,1.3525839895009995,0.7232920033857226,2.1795829525217414
426,Shujun,emergency,unavailable_in_sd_path,25,/Users/zilongzeng/Research/DroneControl/user_study_v2/Shujun/Emergency/25.wav,Shujun/Emergency/25.wav,emergency,0.99609375,0.99609375,0.0,0.0,"[127, -128, -128]",True,,,,0.08987495675683022,1.3550840085372329,0.6716250209137797,2.121750032529235
427,Shujun,emergency,unavailable_in_sd_path,26,/Users/zilongzeng/Research/DroneControl/user_study_v2/Shujun/Emergency/26.wav,Shujun/Emergency/26.wav,emergency,0.99609375,0.99609375,0.0,0.0,"[127, -128, -128]",True,,,,0.0766669400036335,1.1885419953614473,0.6642079679295421,1.9347500056028366
428,Shujun,emergency,unavailable_in_sd_path,27,/Users/zilongzeng/Research/DroneControl/user_study_v2/Shujun/Emergency/27.wav,Shujun/Emergency/27.wav,emergency,0.99609375,0.99609375,0.0,0.0,"[127, -128, -128]",True,,,,0.06450002547353506,1.3027909444645047,0.6779999239370227,2.0517499651759863
429,Shujun,emergency,unavailable_in_sd_path,28,/Users/zilongzeng/Research/DroneControl/user_study_v2/Shujun/Emergency/28.wav,Shujun/Emergency/28.wav,emergency,0.99609375,0.99609375,0.0,0.0,"[127, -128, -128]",True,,,,0.08162506856024265,1.345750060863793,0.6822498980909586,2.116000046953559
430,Shujun,emergency,unavailable_in_sd_path,29,/Users/zilongzeng/Research/DroneControl/user_study_v2/Shujun/Emergency/29.wav,Shujun/Emergency/29.wav,emergency,0.99609375,0.99609375,0.0,0.0,"[127, -128, -128]",True,,,,0.07487495895475149,1.3842079788446426,0.7139999652281404,2.1803340641781688
431,Shujun,emergency,unavailable_in_sd_path,30,/Users/zilongzeng/Research/DroneControl/user_study_v2/Shujun/Emergency/30.wav,Shujun/Emergency/30.wav,emergency,0.99609375,0.99609375,0.0,0.00390625,"[127, -128, -127]",True,,,,0.08749996777623892,1.419499982148409,0.6162080680951476,2.1321249660104513
432,Shujun,emergency,unavailable_in_sd_path,31,/Users/zilongzeng/Research/DroneControl/user_study_v2/Shujun/Emergency/31.wav,Shujun/Emergency/31.wav,emergency,0.59765625,0.59765625,0.40234375,0.0,"[25, -25, -128]",True,,,,0.13399997260421515,1.3136250199750066,0.6996250012889504,2.1533749531954527
433,Shujun,emergency,unavailable_in_sd_path,32,/Users/zilongzeng/Research/DroneControl/user_study_v2/Shujun/Emergency/32.wav,Shujun/Emergency/32.wav,movement,0.99609375,0.0,0.99609375,0.0,"[-128, 127, -128]",False,,,,0.07925007957965136,1.1571659706532955,0.6865420145913959,1.929708058014512
434,Shujun,emergency,unavailable_in_sd_path,33,/Users/zilongzeng/Research/DroneControl/user_study_v2/Shujun/Emergency/33.wav,Shujun/Emergency/33.wav,emergency,0.99609375,0.99609375,0.0,0.0,"[127, -128, -128]",True,,,,0.07341604214161634,1.3206669827923179,0.7164999842643738,2.1177500020712614
435,Shujun,emergency,unavailable_in_sd_path,34,/Users/zilongzeng/Research/DroneControl/user_study_v2/Shujun/Emergency/34.wav,Shujun/Emergency/34.wav,emergency,0.99609375,0.99609375,0.0,0.0,"[127, -128, -128]",True,,,,0.09358394891023636,1.2591250706464052,0.71154092438519,2.0705419592559338
436,Shujun,emergency,unavailable_in_sd_path,35,/Users/zilongzeng/Research/DroneControl/user_study_v2/Shujun/Emergency/35.wav,Shujun/Emergency/35.wav,emergency,0.99609375,0.99609375,0.0,0.0,"[127, -128, -128]",True,,,,0.07995800115168095,1.3733329251408577,0.687332940287888,2.146500046364963
437,Shujun,emergency,unavailable_in_sd_path,36,/Users/zilongzeng/Research/DroneControl/user_study_v2/Shujun/Emergency/36.wav,Shujun/Emergency/36.wav,unknown,0.99609375,0.0,0.0,0.99609375,"[-128, -128, 127]",False,,,,0.14929205644875765,1.1139590060338378,0.6791249616071582,1.947375014424324
438,Shujun,emergency,unavailable_in_sd_path,37,/Users/zilongzeng/Research/DroneControl/user_study_v2/Shujun/Emergency/37.wav,Shujun/Emergency/37.wav,emergency,0.99609375,0.99609375,0.0,0.0,"[127, -128, -128]",True,,,,0.22087490651756525,1.2152090203016996,0.6836249958723783,2.125541912391782
439,Shujun,emergency,unavailable_in_sd_path,38,/Users/zilongzeng/Research/DroneControl/user_study_v2/Shujun/Emergency/38.wav,Shujun/Emergency/38.wav,emergency,0.99609375,0.99609375,0.0,0.0,"[127, -128, -128]",True,,,,0.08129200432449579,1.1490409960970283,0.6705829873681068,1.906875055283308
440,Shujun,emergency,unavailable_in_sd_path,39,/Users/zilongzeng/Research/DroneControl/user_study_v2/Shujun/Emergency/39.wav,Shujun/Emergency/39.wav,emergency,0.99609375,0.99609375,0.0,0.0,"[127, -128, -128]",True,,,,0.2175419358536601,1.288958010263741,0.6816249806433916,2.193666994571686
441,Shujun,emergency,unavailable_in_sd_path,40,/Users/zilongzeng/Research/DroneControl/user_study_v2/Shujun/Emergency/40.wav,Shujun/Emergency/40.wav,emergency,0.99609375,0.99609375,0.0,0.0,"[127, -128, -128]",True,,,,0.19845797214657068,1.2207090621814132,0.6817920366302133,2.1074580727145076
442,Shujun,emergency,unavailable_in_sd_path,41,/Users/zilongzeng/Research/DroneControl/user_study_v2/Shujun/Emergency/41.wav,Shujun/Emergency/41.wav,emergency,0.99609375,0.99609375,0.0,0.0,"[127, -128, -128]",True,,,,0.0677499920129776,1.298957969993353,0.6704590050503612,2.042541978880763
443,Shujun,emergency,unavailable_in_sd_path,42,/Users/zilongzeng/Research/DroneControl/user_study_v2/Shujun/Emergency/42.wav,Shujun/Emergency/42.wav,emergency,0.99609375,0.99609375,0.0,0.0,"[127, -128, -128]",True,,,,0.06791693158447742,1.0830829851329327,0.6718330550938845,1.8281670054420829
444,Shujun,emergency,unavailable_in_sd_path,43,/Users/zilongzeng/Research/DroneControl/user_study_v2/Shujun/Emergency/43.wav,Shujun/Emergency/43.wav,emergency,0.99609375,0.99609375,0.0,0.0,"[127, -128, -128]",True,,,,0.06712507456541061,1.2579580070450902,0.6737910443916917,2.004083013162017
445,Shujun,emergency,unavailable_in_sd_path,44,/Users/zilongzeng/Research/DroneControl/user_study_v2/Shujun/Emergency/44.wav,Shujun/Emergency/44.wav,unknown,0.859375,0.140625,0.0,0.859375,"[-92, -128, 92]",False,,,,0.061542028561234474,1.114416983909905,0.6762909470126033,1.857292023487389
446,Shujun,emergency,unavailable_in_sd_path,45,/Users/zilongzeng/Research/DroneControl/user_study_v2/Shujun/Emergency/45.wav,Shujun/Emergency/45.wav,emergency,0.99609375,0.99609375,0.0,0.0,"[127, -128, -128]",True,,,,0.19137503113597631,1.204166910611093,0.6769580068066716,2.0779999904334545
447,Shujun,emergency,unavailable_in_sd_path,46,/Users/zilongzeng/Research/DroneControl/user_study_v2/Shujun/Emergency/46.wav,Shujun/Emergency/46.wav,emergency,0.99609375,0.99609375,0.0,0.0,"[127, -128, -128]",True,,,,0.2324579982087016,1.165166962891817,0.7195420330390334,2.122832927852869
448,Shujun,emergency,unavailable_in_sd_path,47,/Users/zilongzeng/Research/DroneControl/user_study_v2/Shujun/Emergency/47.wav,Shujun/Emergency/47.wav,movement,0.99609375,0.0,0.99609375,0.0,"[-128, 127, -128]",False,,,,0.06029102951288223,1.2930419761687517,0.7357909344136715,2.0959170069545507
449,Shujun,emergency,unavailable_in_sd_path,48,/Users/zilongzeng/Research/DroneControl/user_study_v2/Shujun/Emergency/48.wav,Shujun/Emergency/48.wav,movement,0.99609375,0.0,0.99609375,0.0,"[-128, 127, -128]",False,,,,0.09445799514651299,1.2870830250903964,0.7131659658625722,2.100416924804449
450,Shujun,emergency,unavailable_in_sd_path,49,/Users/zilongzeng/Research/DroneControl/user_study_v2/Shujun/Emergency/49.wav,Shujun/Emergency/49.wav,emergency,0.99609375,0.99609375,0.0,0.0,"[127, -128, -128]",True,,,,0.06512494292110205,1.2772920308634639,0.6744159618392587,2.021708060055971
451,Shujun,movement,unavailable_in_sd_path,0,/Users/zilongzeng/Research/DroneControl/user_study_v2/Shujun/Movement/0.wav,Shujun/Movement/0.wav,movement,0.99609375,0.0,0.99609375,0.0,"[-128, 127, -128]",True,,,,0.060582999140024185,1.1011670576408505,0.6675419863313437,1.834042021073401
452,Shujun,movement,unavailable_in_sd_path,1,/Users/zilongzeng/Research/DroneControl/user_study_v2/Shujun/Movement/1.wav,Shujun/Movement/1.wav,movement,0.90234375,0.0,0.90234375,0.09765625,"[-128, 103, -103]",True,,,,0.059125013649463654,1.2849579798057675,0.6776659283787012,2.027499955147505
453,Shujun,movement,unavailable_in_sd_path,2,/Users/zilongzeng/Research/DroneControl/user_study_v2/Shujun/Movement/2.wav,Shujun/Movement/2.wav,unknown,0.99609375,0.0,0.00390625,0.99609375,"[-128, -127, 127]",False,,,,0.036334036849439144,1.4002089155837893,0.6847920594736934,2.1281669614836574
454,Shujun,movement,unavailable_in_sd_path,3,/Users/zilongzeng/Research/DroneControl/user_study_v2/Shujun/Movement/3.wav,Shujun/Movement/3.wav,movement,0.99609375,0.0,0.99609375,0.0,"[-128, 127, -128]",True,,,,0.10345806367695332,1.311166095547378,0.7202090928331017,2.1426669554784894
455,Shujun,movement,unavailable_in_sd_path,4,/Users/zilongzeng/Research/DroneControl/user_study_v2/Shujun/Movement/4.wav,Shujun/Movement/4.wav,unknown,0.99609375,0.0,0.0,0.99609375,"[-128, -128, 127]",False,,,,0.09275006595999002,1.3299580896273255,0.7190420292317867,2.148417057469487
456,Shujun,movement,unavailable_in_sd_path,5,/Users/zilongzeng/Research/DroneControl/user_study_v2/Shujun/Movement/5.wav,Shujun/Movement/5.wav,unknown,0.99609375,0.0,0.0,0.99609375,"[-128, -128, 127]",False,,,,0.07391697727143764,1.296499976888299,0.716041075065732,2.092250040732324
457,Shujun,movement,unavailable_in_sd_path,6,/Users/zilongzeng/Research/DroneControl/user_study_v2/Shujun/Movement/6.wav,Shujun/Movement/6.wav,unknown,0.8046875,0.0,0.1953125,0.8046875,"[-128, -78, 78]",False,,,,0.0687920255586505,1.2169580440968275,0.7191249169409275,2.011000062339008
458,Shujun,movement,unavailable_in_sd_path,7,/Users/zilongzeng/Research/DroneControl/user_study_v2/Shujun/Movement/7.wav,Shujun/Movement/7.wav,movement,0.99609375,0.0,0.99609375,0.0,"[-128, 127, -128]",True,,,,0.07095804903656244,1.2558329617604613,0.6775830406695604,2.0097499946132302
459,Shujun,movement,unavailable_in_sd_path,8,/Users/zilongzeng/Research/DroneControl/user_study_v2/Shujun/Movement/8.wav,Shujun/Movement/8.wav,movement,0.99609375,0.0,0.99609375,0.0,"[-128, 127, -128]",True,,,,0.07283396553248167,1.2212080182507634,0.6702910177409649,1.9702079007402062
460,Shujun,movement,unavailable_in_sd_path,9,/Users/zilongzeng/Research/DroneControl/user_study_v2/Shujun/Movement/9.wav,Shujun/Movement/9.wav,movement,0.9609375,0.0,0.9609375,0.0390625,"[-128, 118, -118]",True,,,,0.06804091390222311,1.254917006008327,0.6949160015210509,2.023541950620711
461,Shujun,movement,unavailable_in_sd_path,10,/Users/zilongzeng/Research/DroneControl/user_study_v2/Shujun/Movement/10.wav,Shujun/Movement/10.wav,movement,0.99609375,0.0,0.99609375,0.0,"[-128, 127, -128]",True,,,,0.19795808475464582,1.1444580741226673,0.6673330208286643,2.023500041104853
462,Shujun,movement,unavailable_in_sd_path,11,/Users/zilongzeng/Research/DroneControl/user_study_v2/Shujun/Movement/11.wav,Shujun/Movement/11.wav,movement,0.99609375,0.0,0.99609375,0.0,"[-128, 127, -128]",True,,,,0.21883391309529543,1.1952919885516167,0.7127500139176846,2.133833011612296
463,Shujun,movement,unavailable_in_sd_path,12,/Users/zilongzeng/Research/DroneControl/user_study_v2/Shujun/Movement/12.wav,Shujun/Movement/12.wav,movement,0.99609375,0.0,0.99609375,0.0,"[-128, 127, -128]",True,,,,0.0712911132723093,1.298666000366211,0.670708017423749,2.0456669153645635
464,Shujun,movement,unavailable_in_sd_path,13,/Users/zilongzeng/Research/DroneControl/user_study_v2/Shujun/Movement/13.wav,Shujun/Movement/13.wav,movement,0.99609375,0.0,0.99609375,0.0,"[-128, 127, -128]",True,,,,0.06087496876716614,1.341082970611751,0.6211670115590096,2.032125019468367
465,Shujun,movement,unavailable_in_sd_path,14,/Users/zilongzeng/Research/DroneControl/user_study_v2/Shujun/Movement/14.wav,Shujun/Movement/14.wav,movement,0.99609375,0.0,0.99609375,0.0,"[-128, 127, -128]",True,,,,0.18112501129508018,1.2520409654825926,0.6733749760314822,2.1129169035702944
466,Shujun,movement,unavailable_in_sd_path,15,/Users/zilongzeng/Research/DroneControl/user_study_v2/Shujun/Movement/15.wav,Shujun/Movement/15.wav,movement,0.99609375,0.0,0.99609375,0.0,"[-128, 127, -128]",True,,,,0.07924996316432953,1.2368749594315886,0.6890000076964498,2.0107500022277236
467,Shujun,movement,unavailable_in_sd_path,16,/Users/zilongzeng/Research/DroneControl/user_study_v2/Shujun/Movement/16.wav,Shujun/Movement/16.wav,movement,0.99609375,0.0,0.99609375,0.0,"[-128, 127, -128]",True,,,,0.07908407133072615,1.1303339852020144,0.6712080212309957,1.8855410162359476
468,Shujun,movement,unavailable_in_sd_path,17,/Users/zilongzeng/Research/DroneControl/user_study_v2/Shujun/Movement/17.wav,Shujun/Movement/17.wav,movement,0.99609375,0.0,0.99609375,0.0,"[-128, 127, -128]",True,,,,0.05679100286215544,1.223707920871675,0.7451670244336128,2.0322500495240092
469,Shujun,movement,unavailable_in_sd_path,18,/Users/zilongzeng/Research/DroneControl/user_study_v2/Shujun/Movement/18.wav,Shujun/Movement/18.wav,movement,0.99609375,0.0,0.99609375,0.0,"[-128, 127, -128]",True,,,,0.0849580392241478,1.4143340522423387,0.6305829156190157,2.139999996870756
470,Shujun,movement,unavailable_in_sd_path,19,/Users/zilongzeng/Research/DroneControl/user_study_v2/Shujun/Movement/19.wav,Shujun/Movement/19.wav,unknown,0.99609375,0.0,0.0,0.99609375,"[-128, -128, 127]",False,,,,0.31575001776218414,1.5459160786122084,0.7218330865725875,2.5915000587701797
471,Shujun,movement,unavailable_in_sd_path,20,/Users/zilongzeng/Research/DroneControl/user_study_v2/Shujun/Movement/20.wav,Shujun/Movement/20.wav,unknown,0.73046875,0.265625,0.00390625,0.73046875,"[-60, -127, 59]",False,,,,0.30095805414021015,1.3755830004811287,0.7119170622900128,2.395500079728663
472,Shujun,movement,unavailable_in_sd_path,21,/Users/zilongzeng/Research/DroneControl/user_study_v2/Shujun/Movement/21.wav,Shujun/Movement/21.wav,movement,0.99609375,0.0,0.99609375,0.0,"[-128, 127, -128]",True,,,,0.21958397701382637,1.366790966130793,0.7322919555008411,2.3296669824048877
473,Shujun,movement,unavailable_in_sd_path,22,/Users/zilongzeng/Research/DroneControl/user_study_v2/Shujun/Movement/22.wav,Shujun/Movement/22.wav,movement,0.99609375,0.0,0.99609375,0.0,"[-128, 127, -128]",True,,,,0.23512495681643486,1.286290935240686,0.6082500331103802,2.1378749515861273
474,Shujun,movement,unavailable_in_sd_path,23,/Users/zilongzeng/Research/DroneControl/user_study_v2/Shujun/Movement/23.wav,Shujun/Movement/23.wav,movement,0.99609375,0.0,0.99609375,0.0,"[-128, 127, -128]",True,,,,0.09533297270536423,1.3659580145031214,0.6868329364806414,2.1547500509768724
475,Shujun,movement,unavailable_in_sd_path,24,/Users/zilongzeng/Research/DroneControl/user_study_v2/Shujun/Movement/24.wav,Shujun/Movement/24.wav,movement,0.99609375,0.0,0.99609375,0.0,"[-128, 127, -128]",True,,,,0.10499998461455107,1.1812919983640313,0.7173750782385468,2.0103330025449395
476,Shujun,movement,unavailable_in_sd_path,25,/Users/zilongzeng/Research/DroneControl/user_study_v2/Shujun/Movement/25.wav,Shujun/Movement/25.wav,movement,0.99609375,0.0,0.99609375,0.0,"[-128, 127, -128]",True,,,,0.07345899939537048,1.2514999834820628,0.7185830036178231,2.0498749800026417
477,Shujun,movement,unavailable_in_sd_path,26,/Users/zilongzeng/Research/DroneControl/user_study_v2/Shujun/Movement/26.wav,Shujun/Movement/26.wav,movement,0.99609375,0.0,0.99609375,0.0,"[-128, 127, -128]",True,,,,0.06595894228667021,1.13800005055964,0.7328749634325504,1.9453749991953373
478,Shujun,movement,unavailable_in_sd_path,27,/Users/zilongzeng/Research/DroneControl/user_study_v2/Shujun/Movement/27.wav,Shujun/Movement/27.wav,movement,0.99609375,0.0,0.99609375,0.0,"[-128, 127, -128]",True,,,,0.07020891644060612,1.3357920106500387,0.7289160275831819,2.1419579861685634
479,Shujun,movement,unavailable_in_sd_path,28,/Users/zilongzeng/Research/DroneControl/user_study_v2/Shujun/Movement/28.wav,Shujun/Movement/28.wav,movement,0.99609375,0.0,0.99609375,0.0,"[-128, 127, -128]",True,,,,0.08341704960912466,1.2045829789713025,0.7196249207481742,2.0136659732088447
480,Shujun,movement,unavailable_in_sd_path,29,/Users/zilongzeng/Research/DroneControl/user_study_v2/Shujun/Movement/29.wav,Shujun/Movement/29.wav,movement,0.99609375,0.0,0.99609375,0.0,"[-128, 127, -128]",True,,,,0.06150000263005495,1.2755829375237226,0.7360839517787099,2.08079197909683
481,Shujun,movement,unavailable_in_sd_path,30,/Users/zilongzeng/Research/DroneControl/user_study_v2/Shujun/Movement/30.wav,Shujun/Movement/30.wav,movement,0.99609375,0.0,0.99609375,0.0,"[-128, 127, -128]",True,,,,0.09691703598946333,1.3375829439610243,0.7769159274175763,2.225083066150546
482,Shujun,movement,unavailable_in_sd_path,31,/Users/zilongzeng/Research/DroneControl/user_study_v2/Shujun/Movement/31.wav,Shujun/Movement/31.wav,movement,0.99609375,0.0,0.99609375,0.0,"[-128, 127, -128]",True,,,,0.09254098404198885,1.3238330138847232,0.7388329831883311,2.163417055271566
483,Shujun,movement,unavailable_in_sd_path,32,/Users/zilongzeng/Research/DroneControl/user_study_v2/Shujun/Movement/32.wav,Shujun/Movement/32.wav,movement,0.99609375,0.0,0.99609375,0.0,"[-128, 127, -128]",True,,,,0.24320802185684443,1.4362919609993696,0.7123330142349005,2.4020420387387276
484,Shujun,movement,unavailable_in_sd_path,33,/Users/zilongzeng/Research/DroneControl/user_study_v2/Shujun/Movement/33.wav,Shujun/Movement/33.wav,movement,0.99609375,0.0,0.99609375,0.0,"[-128, 127, -128]",True,,,,0.274290912784636,1.3952909503132105,0.7305840263143182,2.4099169531837106
485,Shujun,movement,unavailable_in_sd_path,34,/Users/zilongzeng/Research/DroneControl/user_study_v2/Shujun/Movement/34.wav,Shujun/Movement/34.wav,movement,0.99609375,0.0,0.99609375,0.0,"[-128, 127, -128]",True,,,,0.11854106560349464,1.5809579053893685,0.7676660316064954,2.482124953530729
486,Shujun,movement,unavailable_in_sd_path,35,/Users/zilongzeng/Research/DroneControl/user_study_v2/Shujun/Movement/35.wav,Shujun/Movement/35.wav,movement,0.99609375,0.0,0.99609375,0.0,"[-128, 127, -128]",True,,,,0.11612498201429844,1.4059159439057112,0.7460420019924641,2.276750048622489
487,Shujun,movement,unavailable_in_sd_path,36,/Users/zilongzeng/Research/DroneControl/user_study_v2/Shujun/Movement/36.wav,Shujun/Movement/36.wav,movement,0.99609375,0.0,0.99609375,0.0,"[-128, 127, -128]",True,,,,0.11766701936721802,1.320500043220818,0.7280410500243306,2.174332970753312
488,Shujun,movement,unavailable_in_sd_path,37,/Users/zilongzeng/Research/DroneControl/user_study_v2/Shujun/Movement/37.wav,Shujun/Movement/37.wav,movement,0.99609375,0.0,0.99609375,0.0,"[-128, 127, -128]",True,,,,0.10962493252009153,1.3389169471338391,0.7565839914605021,2.2141661029309034
489,Shujun,movement,unavailable_in_sd_path,38,/Users/zilongzeng/Research/DroneControl/user_study_v2/Shujun/Movement/38.wav,Shujun/Movement/38.wav,movement,0.99609375,0.0,0.99609375,0.0,"[-128, 127, -128]",True,,,,0.10504201054573059,1.3206660514697433,0.7402919000014663,2.174082910642028
490,Shujun,movement,unavailable_in_sd_path,39,/Users/zilongzeng/Research/DroneControl/user_study_v2/Shujun/Movement/39.wav,Shujun/Movement/39.wav,movement,0.99609375,0.0,0.99609375,0.0,"[-128, 127, -128]",True,,,,0.20733301062136889,1.3872499112039804,0.7413330022245646,2.346666995435953
491,Shujun,movement,unavailable_in_sd_path,40,/Users/zilongzeng/Research/DroneControl/user_study_v2/Shujun/Movement/40.wav,Shujun/Movement/40.wav,movement,0.99609375,0.0,0.99609375,0.0,"[-128, 127, -128]",True,,,,0.24529197253286839,1.2815420050173998,0.6467500934377313,2.1858750842511654
492,Shujun,movement,unavailable_in_sd_path,41,/Users/zilongzeng/Research/DroneControl/user_study_v2/Shujun/Movement/41.wav,Shujun/Movement/41.wav,unknown,0.7734375,0.1875,0.0390625,0.7734375,"[-80, -118, 70]",False,,,,0.27670804411172867,1.4443750260397792,0.729041057638824,2.4607080267742276
493,Shujun,movement,unavailable_in_sd_path,42,/Users/zilongzeng/Research/DroneControl/user_study_v2/Shujun/Movement/42.wav,Shujun/Movement/42.wav,unknown,0.83203125,0.0,0.16796875,0.83203125,"[-128, -85, 85]",False,,,,0.12362492270767689,1.2669590068981051,0.7267920300364494,2.1254169987514615
494,Shujun,movement,unavailable_in_sd_path,43,/Users/zilongzeng/Research/DroneControl/user_study_v2/Shujun/Movement/43.wav,Shujun/Movement/43.wav,movement,0.99609375,0.0,0.99609375,0.0,"[-128, 127, -128]",True,,,,0.08254102431237698,1.3247079914435744,0.732000102289021,2.1459999261423945
495,Shujun,movement,unavailable_in_sd_path,44,/Users/zilongzeng/Research/DroneControl/user_study_v2/Shujun/Movement/44.wav,Shujun/Movement/44.wav,movement,0.99609375,0.0,0.99609375,0.0,"[-128, 127, -128]",True,,,,0.08649996016174555,1.3137920759618282,0.6818328984081745,2.088082954287529
496,Shujun,movement,unavailable_in_sd_path,45,/Users/zilongzeng/Research/DroneControl/user_study_v2/Shujun/Movement/45.wav,Shujun/Movement/45.wav,movement,0.99609375,0.0,0.99609375,0.0,"[-128, 127, -128]",True,,,,0.07970898877829313,1.3344170292839408,0.7613749476149678,2.185541088692844
497,Shujun,movement,unavailable_in_sd_path,46,/Users/zilongzeng/Research/DroneControl/user_study_v2/Shujun/Movement/46.wav,Shujun/Movement/46.wav,movement,0.99609375,0.0,0.99609375,0.0,"[-128, 127, -128]",True,,,,0.07120799273252487,1.313582994043827,0.7256669923663139,2.116416930221021
498,Shujun,movement,unavailable_in_sd_path,47,/Users/zilongzeng/Research/DroneControl/user_study_v2/Shujun/Movement/47.wav,Shujun/Movement/47.wav,movement,0.99609375,0.0,0.99609375,0.0,"[-128, 127, -128]",True,,,,0.06949994713068008,1.2602079659700394,0.7105419645085931,2.046167035587132
499,Shujun,movement,unavailable_in_sd_path,48,/Users/zilongzeng/Research/DroneControl/user_study_v2/Shujun/Movement/48.wav,Shujun/Movement/48.wav,movement,0.99609375,0.0,0.99609375,0.0,"[-128, 127, -128]",True,,,,0.07991690654307604,1.35087501257658,0.7568750297650695,2.1945409243926406
500,Shujun,movement,unavailable_in_sd_path,49,/Users/zilongzeng/Research/DroneControl/user_study_v2/Shujun/Movement/49.wav,Shujun/Movement/49.wav,unknown,0.99609375,0.0,0.0,0.99609375,"[-128, -128, 127]",False,,,,0.0968750100582838,1.4281669864431024,0.6253330502659082,2.157541923224926
501,Shujun,unknown,unavailable_in_sd_path,0,/Users/zilongzeng/Research/DroneControl/user_study_v2/Shujun/Unknown/0.wav,Shujun/Unknown/0.wav,unknown,0.99609375,0.0,0.0,0.99609375,"[-128, -128, 127]",True,,,,0.13337493874132633,1.2747501023113728,0.6926660425961018,2.107833046466112
502,Shujun,unknown,unavailable_in_sd_path,1,/Users/zilongzeng/Research/DroneControl/user_study_v2/Shujun/Unknown/1.wav,Shujun/Unknown/1.wav,unknown,0.99609375,0.0,0.0,0.99609375,"[-128, -128, 127]",True,,,,0.08491694461554289,1.2457499979063869,0.6877919659018517,2.023915993049741
503,Shujun,unknown,unavailable_in_sd_path,2,/Users/zilongzeng/Research/DroneControl/user_study_v2/Shujun/Unknown/2.wav,Shujun/Unknown/2.wav,unknown,0.99609375,0.0,0.0,0.99609375,"[-128, -128, 127]",True,,,,0.06345799192786217,1.2370829936116934,0.6477080751210451,1.9559169886633754
504,Shujun,unknown,unavailable_in_sd_path,3,/Users/zilongzeng/Research/DroneControl/user_study_v2/Shujun/Unknown/3.wav,Shujun/Unknown/3.wav,unknown,0.99609375,0.0,0.0,0.99609375,"[-128, -128, 127]",True,,,,0.12654101010411978,1.2923330068588257,0.6951250834390521,2.121124998666346
505,Shujun,unknown,unavailable_in_sd_path,4,/Users/zilongzeng/Research/DroneControl/user_study_v2/Shujun/Unknown/4.wav,Shujun/Unknown/4.wav,unknown,0.99609375,0.0,0.0,0.99609375,"[-128, -128, 127]",True,,,,0.09841599967330694,1.2540830066427588,0.6827500183135271,2.0412500016391277
506,Shujun,unknown,unavailable_in_sd_path,5,/Users/zilongzeng/Research/DroneControl/user_study_v2/Shujun/Unknown/5.wav,Shujun/Unknown/5.wav,unknown,0.99609375,0.0,0.0,0.99609375,"[-128, -128, 127]",True,,,,0.2120831049978733,1.3094580499455333,0.7062919903546572,2.233249950222671
507,Shujun,unknown,unavailable_in_sd_path,6,/Users/zilongzeng/Research/DroneControl/user_study_v2/Shujun/Unknown/6.wav,Shujun/Unknown/6.wav,unknown,0.99609375,0.0,0.0,0.99609375,"[-128, -128, 127]",True,,,,0.22695900406688452,1.3102920493111014,0.689416890963912,2.2323329467326403
508,Shujun,unknown,unavailable_in_sd_path,7,/Users/zilongzeng/Research/DroneControl/user_study_v2/Shujun/Unknown/7.wav,Shujun/Unknown/7.wav,unknown,0.99609375,0.0,0.0,0.99609375,"[-128, -128, 127]",True,,,,0.06783404387533665,1.2903340393677354,0.6713749608024955,2.035000012256205
509,Shujun,unknown,unavailable_in_sd_path,8,/Users/zilongzeng/Research/DroneControl/user_study_v2/Shujun/Unknown/8.wav,Shujun/Unknown/8.wav,unknown,0.99609375,0.0,0.0,0.99609375,"[-128, -128, 127]",True,,,,0.19412499386817217,1.105375005863607,0.6730830064043403,1.9776669796556234
510,Shujun,unknown,unavailable_in_sd_path,9,/Users/zilongzeng/Research/DroneControl/user_study_v2/Shujun/Unknown/9.wav,Shujun/Unknown/9.wav,unknown,0.99609375,0.0,0.0,0.99609375,"[-128, -128, 127]",True,,,,0.05587493069469929,1.2966250069439411,0.6824579322710633,2.042667008936405
511,Shujun,unknown,unavailable_in_sd_path,10,/Users/zilongzeng/Research/DroneControl/user_study_v2/Shujun/Unknown/10.wav,Shujun/Unknown/10.wav,unknown,0.99609375,0.0,0.0,0.99609375,"[-128, -128, 127]",True,,,,0.19345805048942566,1.3302079169079661,0.7367919897660613,2.267666975967586
512,Shujun,unknown,unavailable_in_sd_path,11,/Users/zilongzeng/Research/DroneControl/user_study_v2/Shujun/Unknown/11.wav,Shujun/Unknown/11.wav,unknown,0.99609375,0.0,0.0,0.99609375,"[-128, -128, 127]",True,,,,0.07870804984122515,1.2534159468486905,0.6682079983875155,2.0056249340996146
513,Shujun,unknown,unavailable_in_sd_path,12,/Users/zilongzeng/Research/DroneControl/user_study_v2/Shujun/Unknown/12.wav,Shujun/Unknown/12.wav,movement,0.9609375,0.0,0.9609375,0.0390625,"[-128, 118, -118]",False,,,,0.06712507456541061,1.200541970320046,0.7092909654602408,1.9829589873552322
514,Shujun,unknown,unavailable_in_sd_path,13,/Users/zilongzeng/Research/DroneControl/user_study_v2/Shujun/Unknown/13.wav,Shujun/Unknown/13.wav,unknown,0.99609375,0.0,0.0,0.99609375,"[-128, -128, 127]",True,,,,0.19537494517862797,1.3029580004513264,0.6823749281466007,2.1867079194635153
515,Shujun,unknown,unavailable_in_sd_path,14,/Users/zilongzeng/Research/DroneControl/user_study_v2/Shujun/Unknown/14.wav,Shujun/Unknown/14.wav,movement,0.953125,0.0,0.953125,0.046875,"[-128, 116, -116]",False,,,,0.19399996381253004,1.3258339604362845,0.7057500770315528,2.2325830068439245
516,Shujun,unknown,unavailable_in_sd_path,15,/Users/zilongzeng/Research/DroneControl/user_study_v2/Shujun/Unknown/15.wav,Shujun/Unknown/15.wav,unknown,0.99609375,0.00390625,0.0,0.99609375,"[-127, -128, 127]",True,,,,0.19733398221433163,1.3235830701887608,0.6890000076964498,2.215791027992964
517,Shujun,unknown,unavailable_in_sd_path,16,/Users/zilongzeng/Research/DroneControl/user_study_v2/Shujun/Unknown/16.wav,Shujun/Unknown/16.wav,movement,0.99609375,0.0,0.99609375,0.0,"[-128, 127, -128]",False,,,,0.18375006038695574,1.1769159464165568,0.7196249207481742,2.0864169346168637
518,Shujun,unknown,unavailable_in_sd_path,17,/Users/zilongzeng/Research/DroneControl/user_study_v2/Shujun/Unknown/17.wav,Shujun/Unknown/17.wav,unknown,0.99609375,0.00390625,0.0,0.99609375,"[-127, -128, 127]",True,,,,0.21666591055691242,1.3165409909561276,0.7317919516935945,2.271167002618313
519,Shujun,unknown,unavailable_in_sd_path,18,/Users/zilongzeng/Research/DroneControl/user_study_v2/Shujun/Unknown/18.wav,Shujun/Unknown/18.wav,unknown,0.99609375,0.0,0.0,0.99609375,"[-128, -128, 127]",True,,,,0.1949999714270234,1.2374580837786198,0.6004170281812549,2.041459083557129
520,Shujun,unknown,unavailable_in_sd_path,19,/Users/zilongzeng/Research/DroneControl/user_study_v2/Shujun/Unknown/19.wav,Shujun/Unknown/19.wav,unknown,0.55078125,0.0,0.44921875,0.55078125,"[-128, -13, 13]",True,,,,0.24404097348451614,1.346832956187427,0.7247499888762832,2.3227500496432185
521,Shujun,unknown,unavailable_in_sd_path,20,/Users/zilongzeng/Research/DroneControl/user_study_v2/Shujun/Unknown/20.wav,Shujun/Unknown/20.wav,unknown,0.99609375,0.0,0.0,0.99609375,"[-128, -128, 127]",True,,,,0.08420809172093868,1.2108749942854047,0.6154169095680118,1.9177499925717711
522,Shujun,unknown,unavailable_in_sd_path,21,/Users/zilongzeng/Research/DroneControl/user_study_v2/Shujun/Unknown/21.wav,Shujun/Unknown/21.wav,unknown,0.99609375,0.0,0.0,0.99609375,"[-128, -128, 127]",True,,,,0.07320893928408623,1.294792047701776,0.679665943607688,2.054082928225398
523,Shujun,unknown,unavailable_in_sd_path,22,/Users/zilongzeng/Research/DroneControl/user_study_v2/Shujun/Unknown/22.wav,Shujun/Unknown/22.wav,unknown,0.99609375,0.0,0.0,0.99609375,"[-128, -128, 127]",True,,,,0.08275010623037815,1.1117920512333512,0.6753340130671859,1.8746249843388796
524,Shujun,unknown,unavailable_in_sd_path,23,/Users/zilongzeng/Research/DroneControl/user_study_v2/Shujun/Unknown/23.wav,Shujun/Unknown/23.wav,movement,0.76953125,0.0,0.76953125,0.23046875,"[-128, 69, -69]",False,,,,0.05758402403444052,1.2521249009296298,0.6765000289306045,1.9920410122722387
525,Shujun,unknown,unavailable_in_sd_path,24,/Users/zilongzeng/Research/DroneControl/user_study_v2/Shujun/Unknown/24.wav,Shujun/Unknown/24.wav,unknown,0.99609375,0.0,0.0,0.99609375,"[-128, -128, 127]",True,,,,0.06462505552917719,1.1480000102892518,0.669916975311935,1.8875839887186885
526,Shujun,unknown,unavailable_in_sd_path,25,/Users/zilongzeng/Research/DroneControl/user_study_v2/Shujun/Unknown/25.wav,Shujun/Unknown/25.wav,unknown,0.99609375,0.0,0.0,0.99609375,"[-128, -128, 127]",True,,,,0.05783303640782833,1.1579999700188637,0.6746670696884394,1.895667053759098
527,Shujun,unknown,unavailable_in_sd_path,26,/Users/zilongzeng/Research/DroneControl/user_study_v2/Shujun/Unknown/26.wav,Shujun/Unknown/26.wav,unknown,0.99609375,0.0,0.00390625,0.99609375,"[-128, -127, 127]",True,,,,0.060125021263957024,1.0902920039370656,0.6696669152006507,1.8247079569846392
528,Shujun,unknown,unavailable_in_sd_path,27,/Users/zilongzeng/Research/DroneControl/user_study_v2/Shujun/Unknown/27.wav,Shujun/Unknown/27.wav,unknown,0.99609375,0.0,0.0,0.99609375,"[-128, -128, 127]",True,,,,0.0564999645575881,1.1568330228328705,0.6994579453021288,1.9188330043107271
529,Shujun,unknown,unavailable_in_sd_path,28,/Users/zilongzeng/Research/DroneControl/user_study_v2/Shujun/Unknown/28.wav,Shujun/Unknown/28.wav,emergency,0.77734375,0.77734375,0.0703125,0.15625,"[71, -110, -88]",False,,,,0.13687496539205313,1.2706669513136148,0.6087090587243438,2.0235420670360327
530,Shujun,unknown,unavailable_in_sd_path,29,/Users/zilongzeng/Research/DroneControl/user_study_v2/Shujun/Unknown/29.wav,Shujun/Unknown/29.wav,unknown,0.99609375,0.0,0.0,0.99609375,"[-128, -128, 127]",True,,,,0.09012501686811447,1.550000044517219,0.7424999494105577,2.3914589546620846
531,Shujun,unknown,unavailable_in_sd_path,30,/Users/zilongzeng/Research/DroneControl/user_study_v2/Shujun/Unknown/30.wav,Shujun/Unknown/30.wav,unknown,0.99609375,0.0,0.0,0.99609375,"[-128, -128, 127]",True,,,,0.12766593135893345,1.528457971289754,0.650083995424211,2.3139590630307794
532,Shujun,unknown,unavailable_in_sd_path,31,/Users/zilongzeng/Research/DroneControl/user_study_v2/Shujun/Unknown/31.wav,Shujun/Unknown/31.wav,unknown,0.99609375,0.0,0.0,0.99609375,"[-128, -128, 127]",True,,,,0.10966707486659288,1.37758394703269,0.6634159944951534,2.1572919795289636
533,Shujun,unknown,unavailable_in_sd_path,32,/Users/zilongzeng/Research/DroneControl/user_study_v2/Shujun/Unknown/32.wav,Shujun/Unknown/32.wav,unknown,0.99609375,0.0,0.0,0.99609375,"[-128, -128, 127]",True,,,,0.12104201596230268,1.1830410221591592,0.6221659714356065,1.9345000619068742
534,Shujun,unknown,unavailable_in_sd_path,33,/Users/zilongzeng/Research/DroneControl/user_study_v2/Shujun/Unknown/33.wav,Shujun/Unknown/33.wav,unknown,0.99609375,0.0,0.0,0.99609375,"[-128, -128, 127]",True,,,,0.23658399004489183,1.2126670917496085,0.6241670344024897,2.078833058476448
535,Shujun,unknown,unavailable_in_sd_path,34,/Users/zilongzeng/Research/DroneControl/user_study_v2/Shujun/Unknown/34.wav,Shujun/Unknown/34.wav,unknown,0.99609375,0.0,0.0,0.99609375,"[-128, -128, 127]",True,,,,0.24283293168991804,1.1845830595120788,0.6289170123636723,2.063125022687018
536,Shujun,unknown,unavailable_in_sd_path,35,/Users/zilongzeng/Research/DroneControl/user_study_v2/Shujun/Unknown/35.wav,Shujun/Unknown/35.wav,unknown,0.99609375,0.0,0.0,0.99609375,"[-128, -128, 127]",True,,,,0.0803329749032855,1.4732499839738011,0.632665934972465,2.193792024627328
537,Shujun,unknown,unavailable_in_sd_path,36,/Users/zilongzeng/Research/DroneControl/user_study_v2/Shujun/Unknown/36.wav,Shujun/Unknown/36.wav,unknown,0.99609375,0.0,0.0,0.99609375,"[-128, -128, 127]",True,,,,0.08466700091958046,1.2206659885123372,0.622916966676712,1.934375031851232
538,Shujun,unknown,unavailable_in_sd_path,37,/Users/zilongzeng/Research/DroneControl/user_study_v2/Shujun/Unknown/37.wav,Shujun/Unknown/37.wav,unknown,0.99609375,0.0,0.0,0.99609375,"[-128, -128, 127]",True,,,,0.0665830448269844,1.2413330841809511,0.612083007581532,1.9266670569777489
539,Shujun,unknown,unavailable_in_sd_path,38,/Users/zilongzeng/Research/DroneControl/user_study_v2/Shujun/Unknown/38.wav,Shujun/Unknown/38.wav,unknown,0.99609375,0.0,0.0,0.99609375,"[-128, -128, 127]",True,,,,0.0701249809935689,1.2718330835923553,0.6700000958517194,2.0184580935165286
540,Shujun,unknown,unavailable_in_sd_path,39,/Users/zilongzeng/Research/DroneControl/user_study_v2/Shujun/Unknown/39.wav,Shujun/Unknown/39.wav,emergency,0.99609375,0.99609375,0.0,0.0,"[127, -128, -128]",False,,,,0.24612504057586193,1.3038750039413571,0.6408339831978083,2.199999988079071
541,Shujun,unknown,unavailable_in_sd_path,40,/Users/zilongzeng/Research/DroneControl/user_study_v2/Shujun/Unknown/40.wav,Shujun/Unknown/40.wav,unknown,0.99609375,0.0,0.0,0.99609375,"[-128, -128, 127]",True,,,,0.26104203425347805,1.0837079025804996,0.6252500461414456,1.9758749986067414
542,Shujun,unknown,unavailable_in_sd_path,41,/Users/zilongzeng/Research/DroneControl/user_study_v2/Shujun/Unknown/41.wav,Shujun/Unknown/41.wav,unknown,0.99609375,0.0,0.0,0.99609375,"[-128, -128, 127]",True,,,,0.06254203617572784,1.2144590727984905,0.622666091658175,1.9053749274462461
543,Shujun,unknown,unavailable_in_sd_path,42,/Users/zilongzeng/Research/DroneControl/user_study_v2/Shujun/Unknown/42.wav,Shujun/Unknown/42.wav,unknown,0.99609375,0.0,0.0,0.99609375,"[-128, -128, 127]",True,,,,0.06270804442465305,1.0847910307347775,0.6434579845517874,1.7967920284718275
544,Shujun,unknown,unavailable_in_sd_path,43,/Users/zilongzeng/Research/DroneControl/user_study_v2/Shujun/Unknown/43.wav,Shujun/Unknown/43.wav,unknown,0.99609375,0.0,0.0,0.99609375,"[-128, -128, 127]",True,,,,0.05712499842047691,1.1747089447453618,0.7312500383704901,1.9735419191420078
545,Shujun,unknown,unavailable_in_sd_path,44,/Users/zilongzeng/Research/DroneControl/user_study_v2/Shujun/Unknown/44.wav,Shujun/Unknown/44.wav,unknown,0.99609375,0.0,0.0,0.99609375,"[-128, -128, 127]",True,,,,0.09062502067536116,1.2254159664735198,0.661540892906487,1.9849580712616444
546,Shujun,unknown,unavailable_in_sd_path,45,/Users/zilongzeng/Research/DroneControl/user_study_v2/Shujun/Unknown/45.wav,Shujun/Unknown/45.wav,unknown,0.99609375,0.0,0.0,0.99609375,"[-128, -128, 127]",True,,,,0.08741696365177631,1.4867499703541398,0.7429999532178044,2.325208974070847
547,Shujun,unknown,unavailable_in_sd_path,46,/Users/zilongzeng/Research/DroneControl/user_study_v2/Shujun/Unknown/46.wav,Shujun/Unknown/46.wav,unknown,0.99609375,0.0,0.0,0.99609375,"[-128, -128, 127]",True,,,,0.09587500244379044,1.232416951097548,0.66708296071738,2.000999986194074
548,Shujun,unknown,unavailable_in_sd_path,47,/Users/zilongzeng/Research/DroneControl/user_study_v2/Shujun/Unknown/47.wav,Shujun/Unknown/47.wav,unknown,0.99609375,0.0,0.0,0.99609375,"[-128, -128, 127]",True,,,,0.10695797391235828,1.5165830263867974,0.7255830569192767,2.3578329710289836
549,Shujun,unknown,unavailable_in_sd_path,48,/Users/zilongzeng/Research/DroneControl/user_study_v2/Shujun/Unknown/48.wav,Shujun/Unknown/48.wav,unknown,0.99609375,0.0,0.0,0.99609375,"[-128, -128, 127]",True,,,,0.08212507236748934,1.3028329703956842,0.6777499802410603,2.072000061161816
550,Shujun,unknown,unavailable_in_sd_path,49,/Users/zilongzeng/Research/DroneControl/user_study_v2/Shujun/Unknown/49.wav,Shujun/Unknown/49.wav,unknown,0.96875,0.0,0.03125,0.96875,"[-128, -120, 120]",True,,,,0.118291936814785,1.2970829848200083,0.6297500804066658,2.051832969300449
551,Weiqian,emergency,unavailable_in_sd_path,0,/Users/zilongzeng/Research/DroneControl/user_study_v2/Weiqian/Emergency/0.wav,Weiqian/Emergency/0.wav,unknown,0.953125,0.046875,0.0,0.953125,"[-116, -128, 116]",False,,,,0.07824995554983616,1.1852090246975422,0.665042083710432,1.9348750356584787
552,Weiqian,emergency,unavailable_in_sd_path,1,/Users/zilongzeng/Research/DroneControl/user_study_v2/Weiqian/Emergency/1.wav,Weiqian/Emergency/1.wav,emergency,0.99609375,0.99609375,0.0,0.0,"[127, -128, -128]",True,,,,0.11283298954367638,1.2377919629216194,0.6662500090897083,2.0253330003470182
553,Weiqian,emergency,unavailable_in_sd_path,2,/Users/zilongzeng/Research/DroneControl/user_study_v2/Weiqian/Emergency/2.wav,Weiqian/Emergency/2.wav,emergency,0.99609375,0.99609375,0.0,0.0,"[127, -128, -128]",True,,,,0.1003750367090106,1.1865419801324606,0.6064589833840728,1.898874994367361
554,Weiqian,emergency,unavailable_in_sd_path,3,/Users/zilongzeng/Research/DroneControl/user_study_v2/Weiqian/Emergency/3.wav,Weiqian/Emergency/3.wav,emergency,0.99609375,0.99609375,0.0,0.0,"[127, -128, -128]",True,,,,0.0654999166727066,1.180916908197105,0.6814580410718918,1.933917053975165
555,Weiqian,emergency,unavailable_in_sd_path,4,/Users/zilongzeng/Research/DroneControl/user_study_v2/Weiqian/Emergency/4.wav,Weiqian/Emergency/4.wav,emergency,0.99609375,0.99609375,0.0,0.0,"[127, -128, -128]",True,,,,0.08333299774676561,1.1154169915243983,0.6098749581724405,1.814124989323318
556,Weiqian,emergency,unavailable_in_sd_path,5,/Users/zilongzeng/Research/DroneControl/user_study_v2/Weiqian/Emergency/5.wav,Weiqian/Emergency/5.wav,emergency,0.99609375,0.99609375,0.0,0.0,"[127, -128, -128]",True,,,,0.061583006754517555,1.1660000309348106,0.6922500906512141,1.9257080275565386
557,Weiqian,emergency,unavailable_in_sd_path,6,/Users/zilongzeng/Research/DroneControl/user_study_v2/Weiqian/Emergency/6.wav,Weiqian/Emergency/6.wav,emergency,0.99609375,0.99609375,0.0,0.0,"[127, -128, -128]",True,,,,0.2099579432979226,1.2911249650642276,0.6621249485760927,2.1719170035794377
558,Weiqian,emergency,unavailable_in_sd_path,7,/Users/zilongzeng/Research/DroneControl/user_study_v2/Weiqian/Emergency/7.wav,Weiqian/Emergency/7.wav,emergency,0.59765625,0.59765625,0.40234375,0.0,"[25, -25, -128]",True,,,,0.28866599313914776,1.1684580240398645,0.748499995097518,2.212041988968849
559,Weiqian,emergency,unavailable_in_sd_path,8,/Users/zilongzeng/Research/DroneControl/user_study_v2/Weiqian/Emergency/8.wav,Weiqian/Emergency/8.wav,movement,0.59765625,0.0,0.59765625,0.40234375,"[-128, 25, -25]",False,,,,0.07062498480081558,1.1167079210281372,0.6593329599127173,1.8524170154705644
560,Weiqian,emergency,unavailable_in_sd_path,9,/Users/zilongzeng/Research/DroneControl/user_study_v2/Weiqian/Emergency/9.wav,Weiqian/Emergency/9.wav,unknown,0.99609375,0.0,0.0,0.99609375,"[-128, -128, 127]",False,,,,0.19445898942649364,1.1864170664921403,0.6779578980058432,2.0639579743146896
561,Weiqian,emergency,unavailable_in_sd_path,10,/Users/zilongzeng/Research/DroneControl/user_study_v2/Weiqian/Emergency/10.wav,Weiqian/Emergency/10.wav,emergency,0.99609375,0.99609375,0.0,0.0,"[127, -128, -128]",True,,,,0.25470799300819635,1.1995420791208744,0.6527500227093697,2.116624964401126
562,Weiqian,emergency,unavailable_in_sd_path,11,/Users/zilongzeng/Research/DroneControl/user_study_v2/Weiqian/Emergency/11.wav,Weiqian/Emergency/11.wav,emergency,0.9921875,0.9921875,0.0,0.0078125,"[126, -128, -126]",True,,,,0.09120802860707045,1.3370829401537776,0.7603339618071914,2.195458044297993
563,Weiqian,emergency,unavailable_in_sd_path,12,/Users/zilongzeng/Research/DroneControl/user_study_v2/Weiqian/Emergency/12.wav,Weiqian/Emergency/12.wav,movement,0.54296875,0.44140625,0.54296875,0.015625,"[-15, 11, -124]",False,,,,0.08654198609292507,1.1695000575855374,0.684583093971014,1.9482499919831753
564,Weiqian,emergency,unavailable_in_sd_path,13,/Users/zilongzeng/Research/DroneControl/user_study_v2/Weiqian/Emergency/13.wav,Weiqian/Emergency/13.wav,unknown,0.546875,0.4453125,0.0078125,0.546875,"[-14, -126, 12]",False,,,,0.07358298171311617,1.3083330122753978,0.7634999928995967,2.15479196049273
565,Weiqian,emergency,unavailable_in_sd_path,14,/Users/zilongzeng/Research/DroneControl/user_study_v2/Weiqian/Emergency/14.wav,Weiqian/Emergency/14.wav,emergency,0.99609375,0.99609375,0.0,0.0,"[127, -128, -128]",True,,,,0.10558299254626036,1.1860410450026393,0.6207500118762255,1.9177920185029507
566,Weiqian,emergency,unavailable_in_sd_path,15,/Users/zilongzeng/Research/DroneControl/user_study_v2/Weiqian/Emergency/15.wav,Weiqian/Emergency/15.wav,emergency,0.99609375,0.99609375,0.0,0.0,"[127, -128, -128]",True,,,,0.05641602911055088,1.1654580011963844,0.6986249936744571,1.9260830013081431
567,Weiqian,emergency,unavailable_in_sd_path,16,/Users/zilongzeng/Research/DroneControl/user_study_v2/Weiqian/Emergency/16.wav,Weiqian/Emergency/16.wav,emergency,0.99609375,0.99609375,0.0,0.0,"[127, -128, -128]",True,,,,0.07045792881399393,1.1747080134227872,0.6351249758154154,1.8867499893531203
568,Weiqian,emergency,unavailable_in_sd_path,17,/Users/zilongzeng/Research/DroneControl/user_study_v2/Weiqian/Emergency/17.wav,Weiqian/Emergency/17.wav,emergency,0.99609375,0.99609375,0.0,0.0,"[127, -128, -128]",True,,,,0.0688750296831131,1.1917089577764273,0.6401250138878822,1.9065419910475612
569,Weiqian,emergency,unavailable_in_sd_path,18,/Users/zilongzeng/Research/DroneControl/user_study_v2/Weiqian/Emergency/18.wav,Weiqian/Emergency/18.wav,emergency,0.99609375,0.99609375,0.0,0.0,"[127, -128, -128]",True,,,,0.0652919989079237,1.180000021122396,0.6246250122785568,1.8766249995678663
570,Weiqian,emergency,unavailable_in_sd_path,19,/Users/zilongzeng/Research/DroneControl/user_study_v2/Weiqian/Emergency/19.wav,Weiqian/Emergency/19.wav,emergency,0.99609375,0.99609375,0.0,0.0,"[127, -128, -128]",True,,,,0.06704195402562618,1.132166013121605,0.6177499890327454,1.8222499638795853
571,Weiqian,emergency,unavailable_in_sd_path,20,/Users/zilongzeng/Research/DroneControl/user_study_v2/Weiqian/Emergency/20.wav,Weiqian/Emergency/20.wav,emergency,0.99609375,0.99609375,0.0,0.0,"[127, -128, -128]",True,,,,0.06491702515631914,1.3536660699173808,0.6665840046480298,2.0948339952155948
572,Weiqian,emergency,unavailable_in_sd_path,21,/Users/zilongzeng/Research/DroneControl/user_study_v2/Weiqian/Emergency/21.wav,Weiqian/Emergency/21.wav,emergency,0.99609375,0.99609375,0.0,0.0,"[127, -128, -128]",True,,,,0.19570894073694944,1.2042500311508775,0.6109169917181134,2.0187919726595283
573,Weiqian,emergency,unavailable_in_sd_path,22,/Users/zilongzeng/Research/DroneControl/user_study_v2/Weiqian/Emergency/22.wav,Weiqian/Emergency/22.wav,emergency,0.99609375,0.99609375,0.0,0.0,"[127, -128, -128]",True,,,,0.07808301597833633,1.3357499847188592,0.6254999898374081,2.045250032097101
574,Weiqian,emergency,unavailable_in_sd_path,23,/Users/zilongzeng/Research/DroneControl/user_study_v2/Weiqian/Emergency/23.wav,Weiqian/Emergency/23.wav,movement,0.99609375,0.00390625,0.99609375,0.0,"[-127, 127, -128]",False,,,,0.07112498860806227,1.1279169702902436,0.6140420446172357,1.818208023905754
575,Weiqian,emergency,unavailable_in_sd_path,24,/Users/zilongzeng/Research/DroneControl/user_study_v2/Weiqian/Emergency/24.wav,Weiqian/Emergency/24.wav,emergency,0.99609375,0.99609375,0.0,0.0,"[127, -128, -128]",True,,,,0.06150000263005495,1.2406249297782779,0.6133329588919878,1.9209579331800342
576,Weiqian,emergency,unavailable_in_sd_path,25,/Users/zilongzeng/Research/DroneControl/user_study_v2/Weiqian/Emergency/25.wav,Weiqian/Emergency/25.wav,emergency,0.99609375,0.99609375,0.0,0.0,"[127, -128, -128]",True,,,,0.062417006120085716,1.1303749633952975,0.6096250144764781,1.8089170334860682
577,Weiqian,emergency,unavailable_in_sd_path,26,/Users/zilongzeng/Research/DroneControl/user_study_v2/Weiqian/Emergency/26.wav,Weiqian/Emergency/26.wav,emergency,0.9921875,0.9921875,0.0078125,0.0,"[126, -126, -128]",True,,,,0.07762503810226917,1.394291059114039,0.6773748900741339,2.156625036150217
578,Weiqian,emergency,unavailable_in_sd_path,27,/Users/zilongzeng/Research/DroneControl/user_study_v2/Weiqian/Emergency/27.wav,Weiqian/Emergency/27.wav,emergency,0.99609375,0.99609375,0.0,0.0,"[127, -128, -128]",True,,,,0.08237501606345177,1.216875039972365,0.6401250138878822,1.9450419349595904
579,Weiqian,emergency,unavailable_in_sd_path,28,/Users/zilongzeng/Research/DroneControl/user_study_v2/Weiqian/Emergency/28.wav,Weiqian/Emergency/28.wav,emergency,0.99609375,0.99609375,0.0,0.0,"[127, -128, -128]",True,,,,0.2085830783471465,1.1524999281391501,0.6683330284431577,2.0347079262137413
580,Weiqian,emergency,unavailable_in_sd_path,29,/Users/zilongzeng/Research/DroneControl/user_study_v2/Weiqian/Emergency/29.wav,Weiqian/Emergency/29.wav,movement,0.953125,0.046875,0.953125,0.0,"[-116, 116, -128]",False,,,,0.19641697872430086,1.0922499932348728,0.6126670632511377,1.9063330255448818
581,Weiqian,emergency,unavailable_in_sd_path,30,/Users/zilongzeng/Research/DroneControl/user_study_v2/Weiqian/Emergency/30.wav,Weiqian/Emergency/30.wav,emergency,0.99609375,0.99609375,0.0,0.0,"[127, -128, -128]",True,,,,0.20470796152949333,1.1215410195291042,0.742291915230453,2.07395909819752
582,Weiqian,emergency,unavailable_in_sd_path,31,/Users/zilongzeng/Research/DroneControl/user_study_v2/Weiqian/Emergency/31.wav,Weiqian/Emergency/31.wav,emergency,0.99609375,0.99609375,0.0,0.0,"[127, -128, -128]",True,,,,0.055999960750341415,1.1833750177174807,0.6677089259028435,1.9130409928038716
583,Weiqian,emergency,unavailable_in_sd_path,32,/Users/zilongzeng/Research/DroneControl/user_study_v2/Weiqian/Emergency/32.wav,Weiqian/Emergency/32.wav,emergency,0.99609375,0.99609375,0.0,0.0,"[127, -128, -128]",True,,,,0.07449998520314693,1.220791949890554,0.7578330114483833,2.0613749511539936
584,Weiqian,emergency,unavailable_in_sd_path,33,/Users/zilongzeng/Research/DroneControl/user_study_v2/Weiqian/Emergency/33.wav,Weiqian/Emergency/33.wav,emergency,0.99609375,0.99609375,0.0,0.0,"[127, -128, -128]",True,,,,0.07720803841948509,1.301291980780661,0.822041998617351,2.215833985246718
585,Weiqian,emergency,unavailable_in_sd_path,34,/Users/zilongzeng/Research/DroneControl/user_study_v2/Weiqian/Emergency/34.wav,Weiqian/Emergency/34.wav,emergency,0.99609375,0.99609375,0.0,0.0,"[127, -128, -128]",True,,,,0.08449994493275881,1.3152080355212092,0.7307499181479216,2.1360840182751417
586,Weiqian,emergency,unavailable_in_sd_path,35,/Users/zilongzeng/Research/DroneControl/user_study_v2/Weiqian/Emergency/35.wav,Weiqian/Emergency/35.wav,emergency,0.984375,0.984375,0.015625,0.0,"[124, -124, -128]",True,,,,0.06691599264740944,1.0917499894276261,0.6118749734014273,1.7760420450940728
587,Weiqian,emergency,unavailable_in_sd_path,36,/Users/zilongzeng/Research/DroneControl/user_study_v2/Weiqian/Emergency/36.wav,Weiqian/Emergency/36.wav,movement,0.9921875,0.0078125,0.9921875,0.0,"[-126, 126, -128]",False,,,,0.06191700231283903,1.123374910093844,0.6857910193502903,1.877457951195538
588,Weiqian,emergency,unavailable_in_sd_path,37,/Users/zilongzeng/Research/DroneControl/user_study_v2/Weiqian/Emergency/37.wav,Weiqian/Emergency/37.wav,movement,0.99609375,0.0,0.99609375,0.0,"[-128, 127, -128]",False,,,,0.212125014513731,1.1937919771298766,0.6134579889476299,2.0250410307198763
589,Weiqian,emergency,unavailable_in_sd_path,38,/Users/zilongzeng/Research/DroneControl/user_study_v2/Weiqian/Emergency/38.wav,Weiqian/Emergency/38.wav,emergency,0.99609375,0.99609375,0.0,0.0,"[127, -128, -128]",True,,,,0.1888750120997429,1.1866249842569232,0.6782499840483069,2.0615829853340983
590,Weiqian,emergency,unavailable_in_sd_path,39,/Users/zilongzeng/Research/DroneControl/user_study_v2/Weiqian/Emergency/39.wav,Weiqian/Emergency/39.wav,emergency,0.99609375,0.99609375,0.0,0.0,"[127, -128, -128]",True,,,,0.0813330989331007,1.1974589433521032,0.6399169797077775,1.9249169854447246
591,Weiqian,emergency,unavailable_in_sd_path,40,/Users/zilongzeng/Research/DroneControl/user_study_v2/Weiqian/Emergency/40.wav,Weiqian/Emergency/40.wav,emergency,0.99609375,0.99609375,0.0,0.0,"[127, -128, -128]",True,,,,0.08816597983241081,1.284874975681305,0.6384999724105,2.01758393086493
592,Weiqian,emergency,unavailable_in_sd_path,41,/Users/zilongzeng/Research/DroneControl/user_study_v2/Weiqian/Emergency/41.wav,Weiqian/Emergency/41.wav,emergency,0.99609375,0.99609375,0.0,0.0,"[127, -128, -128]",True,,,,0.07983297109603882,1.2598750181496143,0.6250840378925204,1.9708340987563133
593,Weiqian,emergency,unavailable_in_sd_path,42,/Users/zilongzeng/Research/DroneControl/user_study_v2/Weiqian/Emergency/42.wav,Weiqian/Emergency/42.wav,emergency,0.99609375,0.99609375,0.0,0.0,"[127, -128, -128]",True,,,,0.07095898035913706,1.1272500269114971,0.6042079767212272,1.807624939829111
594,Weiqian,emergency,unavailable_in_sd_path,43,/Users/zilongzeng/Research/DroneControl/user_study_v2/Weiqian/Emergency/43.wav,Weiqian/Emergency/43.wav,movement,0.9296875,0.0,0.9296875,0.06640625,"[-128, 110, -111]",False,,,,0.059999991208314896,1.4801670331507921,0.6628748960793018,2.2130829747766256
595,Weiqian,emergency,unavailable_in_sd_path,44,/Users/zilongzeng/Research/DroneControl/user_study_v2/Weiqian/Emergency/44.wav,Weiqian/Emergency/44.wav,emergency,0.9765625,0.9765625,0.015625,0.00390625,"[122, -124, -127]",True,,,,0.20112493075430393,1.1854579206556082,0.6736250361427665,2.0675829146057367
596,Weiqian,emergency,unavailable_in_sd_path,45,/Users/zilongzeng/Research/DroneControl/user_study_v2/Weiqian/Emergency/45.wav,Weiqian/Emergency/45.wav,emergency,0.97265625,0.97265625,0.02734375,0.0,"[121, -121, -128]",True,,,,0.2146660117432475,1.2948329094797373,0.649666995741427,2.1654170705005527
597,Weiqian,emergency,unavailable_in_sd_path,46,/Users/zilongzeng/Research/DroneControl/user_study_v2/Weiqian/Emergency/46.wav,Weiqian/Emergency/46.wav,unknown,0.99609375,0.0,0.0,0.99609375,"[-128, -128, 127]",False,,,,0.18312502652406693,1.3964589452371001,0.6574169965460896,2.2462090710178018
598,Weiqian,emergency,unavailable_in_sd_path,47,/Users/zilongzeng/Research/DroneControl/user_study_v2/Weiqian/Emergency/47.wav,Weiqian/Emergency/47.wav,unknown,0.99609375,0.0,0.0,0.99609375,"[-128, -128, 127]",False,,,,0.2847079886123538,1.3308750931173563,0.6549999816343188,2.278959029354155
599,Weiqian,emergency,unavailable_in_sd_path,48,/Users/zilongzeng/Research/DroneControl/user_study_v2/Weiqian/Emergency/48.wav,Weiqian/Emergency/48.wav,unknown,0.99609375,0.0,0.0,0.99609375,"[-128, -128, 127]",False,,,,0.38895802572369576,1.210083020851016,0.7483341032639146,2.355625038035214
600,Weiqian,emergency,unavailable_in_sd_path,49,/Users/zilongzeng/Research/DroneControl/user_study_v2/Weiqian/Emergency/49.wav,Weiqian/Emergency/49.wav,emergency,0.99609375,0.99609375,0.0,0.0,"[127, -128, -128]",True,,,,0.07570895832031965,1.1979580158367753,0.6297089857980609,1.90904107876122
601,Weiqian,movement,unavailable_in_sd_path,0,/Users/zilongzeng/Research/DroneControl/user_study_v2/Weiqian/Movement/0.wav,Weiqian/Movement/0.wav,movement,0.99609375,0.0,0.99609375,0.0,"[-128, 127, -128]",True,,,,0.06612495053559542,1.1452080216258764,0.7042919751256704,1.923290896229446
602,Weiqian,movement,unavailable_in_sd_path,1,/Users/zilongzeng/Research/DroneControl/user_study_v2/Weiqian/Movement/1.wav,Weiqian/Movement/1.wav,emergency,0.99609375,0.99609375,0.0,0.0,"[127, -128, -128]",False,,,,0.07170799653977156,1.2545420322567225,0.6256250198930502,1.9574170000851154
603,Weiqian,movement,unavailable_in_sd_path,2,/Users/zilongzeng/Research/DroneControl/user_study_v2/Weiqian/Movement/2.wav,Weiqian/Movement/2.wav,unknown,0.99609375,0.0,0.0,0.99609375,"[-128, -128, 127]",False,,,,0.06641692016273737,1.330292085185647,0.8196670096367598,2.225374919362366
604,Weiqian,movement,unavailable_in_sd_path,3,/Users/zilongzeng/Research/DroneControl/user_study_v2/Weiqian/Movement/3.wav,Weiqian/Movement/3.wav,movement,0.99609375,0.0,0.99609375,0.0,"[-128, 127, -128]",True,,,,0.07383304182440042,1.1588339693844318,0.6128340028226376,1.8519170116633177
605,Weiqian,movement,unavailable_in_sd_path,4,/Users/zilongzeng/Research/DroneControl/user_study_v2/Weiqian/Movement/4.wav,Weiqian/Movement/4.wav,movement,0.99609375,0.0,0.99609375,0.0,"[-128, 127, -128]",True,,,,0.1949579454958439,1.1523329885676503,0.6448749918490648,1.99908297508955
606,Weiqian,movement,unavailable_in_sd_path,5,/Users/zilongzeng/Research/DroneControl/user_study_v2/Weiqian/Movement/5.wav,Weiqian/Movement/5.wav,movement,0.99609375,0.0,0.99609375,0.0,"[-128, 127, -128]",True,,,,0.22554199676960707,1.323290984146297,0.6646249676123261,2.2198340157046914
607,Weiqian,movement,unavailable_in_sd_path,6,/Users/zilongzeng/Research/DroneControl/user_study_v2/Weiqian/Movement/6.wav,Weiqian/Movement/6.wav,movement,0.99609375,0.0,0.99609375,0.0,"[-128, 127, -128]",True,,,,0.09462505113333464,1.2609170516952872,0.6650419672951102,2.0278749288991094
608,Weiqian,movement,unavailable_in_sd_path,7,/Users/zilongzeng/Research/DroneControl/user_study_v2/Weiqian/Movement/7.wav,Weiqian/Movement/7.wav,movement,0.99609375,0.0,0.99609375,0.0,"[-128, 127, -128]",True,,,,0.07420801557600498,1.2017919216305017,0.6152080604806542,1.89633306581527
609,Weiqian,movement,unavailable_in_sd_path,8,/Users/zilongzeng/Research/DroneControl/user_study_v2/Weiqian/Movement/8.wav,Weiqian/Movement/8.wav,movement,0.99609375,0.0,0.99609375,0.0,"[-128, 127, -128]",True,,,,0.19529194105416536,1.1582920560613275,0.6322090048342943,1.9920839695259929
610,Weiqian,movement,unavailable_in_sd_path,9,/Users/zilongzeng/Research/DroneControl/user_study_v2/Weiqian/Movement/9.wav,Weiqian/Movement/9.wav,movement,0.99609375,0.0,0.99609375,0.0,"[-128, 127, -128]",True,,,,0.067666987888515,1.2735000345855951,0.6417089607566595,1.9909169059246778
611,Weiqian,movement,unavailable_in_sd_path,10,/Users/zilongzeng/Research/DroneControl/user_study_v2/Weiqian/Movement/10.wav,Weiqian/Movement/10.wav,movement,0.99609375,0.0,0.99609375,0.0,"[-128, 127, -128]",True,,,,0.08166697807610035,1.215625088661909,0.6220000796020031,1.9244999857619405
612,Weiqian,movement,unavailable_in_sd_path,11,/Users/zilongzeng/Research/DroneControl/user_study_v2/Weiqian/Movement/11.wav,Weiqian/Movement/11.wav,movement,0.99609375,0.0,0.99609375,0.0,"[-128, 127, -128]",True,,,,0.07154198829084635,1.362500013783574,0.7292920490726829,2.1711670560762286
613,Weiqian,movement,unavailable_in_sd_path,12,/Users/zilongzeng/Research/DroneControl/user_study_v2/Weiqian/Movement/12.wav,Weiqian/Movement/12.wav,movement,0.99609375,0.0,0.99609375,0.0,"[-128, 127, -128]",True,,,,0.27533399406820536,1.4946250012144446,0.7746249902993441,2.5598331121727824
614,Weiqian,movement,unavailable_in_sd_path,13,/Users/zilongzeng/Research/DroneControl/user_study_v2/Weiqian/Movement/13.wav,Weiqian/Movement/13.wav,movement,0.99609375,0.0,0.99609375,0.0,"[-128, 127, -128]",True,,,,0.2531249774619937,1.2050420045852661,0.683416030369699,2.1476249676197767
615,Weiqian,movement,unavailable_in_sd_path,14,/Users/zilongzeng/Research/DroneControl/user_study_v2/Weiqian/Movement/14.wav,Weiqian/Movement/14.wav,movement,0.99609375,0.0,0.99609375,0.0,"[-128, 127, -128]",True,,,,0.22658403031527996,1.2015840038657188,0.7290419889613986,2.164624980650842
616,Weiqian,movement,unavailable_in_sd_path,15,/Users/zilongzeng/Research/DroneControl/user_study_v2/Weiqian/Movement/15.wav,Weiqian/Movement/15.wav,movement,0.99609375,0.0,0.99609375,0.0,"[-128, 127, -128]",True,,,,0.07387495134025812,1.3795840786769986,0.6603340152651072,2.1233329316601157
617,Weiqian,movement,unavailable_in_sd_path,16,/Users/zilongzeng/Research/DroneControl/user_study_v2/Weiqian/Movement/16.wav,Weiqian/Movement/16.wav,movement,0.99609375,0.0,0.99609375,0.0,"[-128, 127, -128]",True,,,,0.18116598948836327,1.1368750128895044,0.7179590174928308,2.0449169678613544
618,Weiqian,movement,unavailable_in_sd_path,17,/Users/zilongzeng/Research/DroneControl/user_study_v2/Weiqian/Movement/17.wav,Weiqian/Movement/17.wav,movement,0.99609375,0.0,0.99609375,0.0,"[-128, 127, -128]",True,,,,0.08845899719744921,1.2395420344546437,0.6249169819056988,1.9584590336307883
619,Weiqian,movement,unavailable_in_sd_path,18,/Users/zilongzeng/Research/DroneControl/user_study_v2/Weiqian/Movement/18.wav,Weiqian/Movement/18.wav,movement,0.99609375,0.0,0.99609375,0.0,"[-128, 127, -128]",True,,,,0.06420793943107128,1.106542069464922,0.6929589435458183,1.869875006377697
620,Weiqian,movement,unavailable_in_sd_path,19,/Users/zilongzeng/Research/DroneControl/user_study_v2/Weiqian/Movement/19.wav,Weiqian/Movement/19.wav,movement,0.99609375,0.0,0.99609375,0.0,"[-128, 127, -128]",True,,,,0.07287494372576475,1.278833020478487,0.6262499373406172,1.983082969672978
621,Weiqian,movement,unavailable_in_sd_path,20,/Users/zilongzeng/Research/DroneControl/user_study_v2/Weiqian/Movement/20.wav,Weiqian/Movement/20.wav,movement,0.99609375,0.0,0.99609375,0.0,"[-128, 127, -128]",True,,,,0.06887491326779127,1.184083055704832,0.6639169296249747,1.9225419964641333
622,Weiqian,movement,unavailable_in_sd_path,21,/Users/zilongzeng/Research/DroneControl/user_study_v2/Weiqian/Movement/21.wav,Weiqian/Movement/21.wav,movement,0.99609375,0.0,0.99609375,0.0,"[-128, 127, -128]",True,,,,0.08041702676564455,1.2812500353902578,0.6619170308113098,2.030499977990985
623,Weiqian,movement,unavailable_in_sd_path,22,/Users/zilongzeng/Research/DroneControl/user_study_v2/Weiqian/Movement/22.wav,Weiqian/Movement/22.wav,movement,0.99609375,0.0,0.99609375,0.0,"[-128, 127, -128]",True,,,,0.0754999928176403,1.126458984799683,0.6230829749256372,1.8304589902982116
624,Weiqian,movement,unavailable_in_sd_path,23,/Users/zilongzeng/Research/DroneControl/user_study_v2/Weiqian/Movement/23.wav,Weiqian/Movement/23.wav,movement,0.99609375,0.0,0.99609375,0.0,"[-128, 127, -128]",True,,,,0.057416968047618866,1.4516250230371952,0.6631249561905861,2.1823749411851168
625,Weiqian,movement,unavailable_in_sd_path,24,/Users/zilongzeng/Research/DroneControl/user_study_v2/Weiqian/Movement/24.wav,Weiqian/Movement/24.wav,movement,0.99609375,0.0,0.99609375,0.0,"[-128, 127, -128]",True,,,,0.20174996461719275,1.283082994632423,0.6623329827561975,2.155416994355619
626,Weiqian,movement,unavailable_in_sd_path,25,/Users/zilongzeng/Research/DroneControl/user_study_v2/Weiqian/Movement/25.wav,Weiqian/Movement/25.wav,movement,0.99609375,0.0,0.99609375,0.0,"[-128, 127, -128]",True,,,,0.0899159349501133,1.2559170136228204,0.6314170313999057,1.982458052225411
627,Weiqian,movement,unavailable_in_sd_path,26,/Users/zilongzeng/Research/DroneControl/user_study_v2/Weiqian/Movement/26.wav,Weiqian/Movement/26.wav,movement,0.99609375,0.0,0.99609375,0.0,"[-128, 127, -128]",True,,,,0.2081659622490406,1.0853749699890614,0.6235840264707804,1.9222080009058118
628,Weiqian,movement,unavailable_in_sd_path,27,/Users/zilongzeng/Research/DroneControl/user_study_v2/Weiqian/Movement/27.wav,Weiqian/Movement/27.wav,movement,0.99609375,0.0,0.99609375,0.0,"[-128, 127, -128]",True,,,,0.054709031246602535,1.4019999653100967,0.6629169220104814,2.1287909476086497
629,Weiqian,movement,unavailable_in_sd_path,28,/Users/zilongzeng/Research/DroneControl/user_study_v2/Weiqian/Movement/28.wav,Weiqian/Movement/28.wav,movement,0.99609375,0.0,0.99609375,0.0,"[-128, 127, -128]",True,,,,0.1448750263080001,1.1214580154046416,0.6429580971598625,1.915792003273964
630,Weiqian,movement,unavailable_in_sd_path,29,/Users/zilongzeng/Research/DroneControl/user_study_v2/Weiqian/Movement/29.wav,Weiqian/Movement/29.wav,movement,0.99609375,0.0,0.99609375,0.0,"[-128, 127, -128]",True,,,,0.09137496817857027,1.3283750740811229,0.6308750016614795,2.057541045360267
631,Weiqian,movement,unavailable_in_sd_path,30,/Users/zilongzeng/Research/DroneControl/user_study_v2/Weiqian/Movement/30.wav,Weiqian/Movement/30.wav,movement,0.99609375,0.0,0.99609375,0.0,"[-128, 127, -128]",True,,,,0.21249998826533556,1.334583037532866,0.6243750685825944,2.177292015403509
632,Weiqian,movement,unavailable_in_sd_path,31,/Users/zilongzeng/Research/DroneControl/user_study_v2/Weiqian/Movement/31.wav,Weiqian/Movement/31.wav,movement,0.99609375,0.0,0.99609375,0.0,"[-128, 127, -128]",True,,,,0.34445791970938444,1.2337920488789678,0.6231670267879963,2.2066669771447778
633,Weiqian,movement,unavailable_in_sd_path,32,/Users/zilongzeng/Research/DroneControl/user_study_v2/Weiqian/Movement/32.wav,Weiqian/Movement/32.wav,movement,0.99609375,0.0,0.99609375,0.0,"[-128, 127, -128]",True,,,,0.0647080596536398,1.110499957576394,0.6180410273373127,1.7983339494094253
634,Weiqian,movement,unavailable_in_sd_path,33,/Users/zilongzeng/Research/DroneControl/user_study_v2/Weiqian/Movement/33.wav,Weiqian/Movement/33.wav,movement,0.99609375,0.0,0.99609375,0.0,"[-128, 127, -128]",True,,,,0.05295802839100361,1.1958329705521464,0.6386659806594253,1.8930829828605056
635,Weiqian,movement,unavailable_in_sd_path,34,/Users/zilongzeng/Research/DroneControl/user_study_v2/Weiqian/Movement/34.wav,Weiqian/Movement/34.wav,movement,0.99609375,0.0,0.99609375,0.0,"[-128, 127, -128]",True,,,,0.07462501525878906,1.1989159975200891,0.6192090222612023,1.8993329722434282
636,Weiqian,movement,unavailable_in_sd_path,35,/Users/zilongzeng/Research/DroneControl/user_study_v2/Weiqian/Movement/35.wav,Weiqian/Movement/35.wav,movement,0.99609375,0.0,0.99609375,0.0,"[-128, 127, -128]",True,,,,0.0719169620424509,1.3305420288816094,0.6479999283328652,2.0565829472616315
637,Weiqian,movement,unavailable_in_sd_path,36,/Users/zilongzeng/Research/DroneControl/user_study_v2/Weiqian/Movement/36.wav,Weiqian/Movement/36.wav,movement,0.99609375,0.0,0.99609375,0.0,"[-128, 127, -128]",True,,,,0.15370803885161877,1.1495419312268496,0.6111250258982182,1.9192500039935112
638,Weiqian,movement,unavailable_in_sd_path,37,/Users/zilongzeng/Research/DroneControl/user_study_v2/Weiqian/Movement/37.wav,Weiqian/Movement/37.wav,movement,0.99609375,0.0,0.99609375,0.0,"[-128, 127, -128]",True,,,,0.2147909253835678,1.216165954247117,0.6337909726426005,2.0712920231744647
639,Weiqian,movement,unavailable_in_sd_path,38,/Users/zilongzeng/Research/DroneControl/user_study_v2/Weiqian/Movement/38.wav,Weiqian/Movement/38.wav,movement,0.99609375,0.0,0.99609375,0.0,"[-128, 127, -128]",True,,,,0.08245802018791437,1.4164169551804662,0.6724579725414515,2.1810419857501984
640,Weiqian,movement,unavailable_in_sd_path,39,/Users/zilongzeng/Research/DroneControl/user_study_v2/Weiqian/Movement/39.wav,Weiqian/Movement/39.wav,movement,0.99609375,0.0,0.99609375,0.0,"[-128, 127, -128]",True,,,,0.19991700537502766,1.264709047973156,0.6284159608185291,2.1008329931646585
641,Weiqian,movement,unavailable_in_sd_path,40,/Users/zilongzeng/Research/DroneControl/user_study_v2/Weiqian/Movement/40.wav,Weiqian/Movement/40.wav,movement,0.99609375,0.0,0.99609375,0.0,"[-128, 127, -128]",True,,,,0.0850829528644681,1.1034170165657997,0.6094579584896564,1.8029999919235706
642,Weiqian,movement,unavailable_in_sd_path,41,/Users/zilongzeng/Research/DroneControl/user_study_v2/Weiqian/Movement/41.wav,Weiqian/Movement/41.wav,movement,0.99609375,0.0,0.99609375,0.0,"[-128, 127, -128]",True,,,,0.05966704338788986,1.3595001073554158,0.6606669630855322,2.0852499874308705
643,Weiqian,movement,unavailable_in_sd_path,42,/Users/zilongzeng/Research/DroneControl/user_study_v2/Weiqian/Movement/42.wav,Weiqian/Movement/42.wav,movement,0.99609375,0.0,0.99609375,0.0,"[-128, 127, -128]",True,,,,0.061583006754517555,1.1493749916553497,0.6157919997349381,1.8317920621484518
644,Weiqian,movement,unavailable_in_sd_path,43,/Users/zilongzeng/Research/DroneControl/user_study_v2/Weiqian/Movement/43.wav,Weiqian/Movement/43.wav,movement,0.99609375,0.0,0.99609375,0.0,"[-128, 127, -128]",True,,,,0.061125028878450394,1.1650000233203173,0.7252079667523503,1.9564159447327256
645,Weiqian,movement,unavailable_in_sd_path,44,/Users/zilongzeng/Research/DroneControl/user_study_v2/Weiqian/Movement/44.wav,Weiqian/Movement/44.wav,movement,0.99609375,0.0,0.99609375,0.0,"[-128, 127, -128]",True,,,,0.05991698708385229,1.1090829502791166,0.6198330083861947,1.7939578974619508
646,Weiqian,movement,unavailable_in_sd_path,45,/Users/zilongzeng/Research/DroneControl/user_study_v2/Weiqian/Movement/45.wav,Weiqian/Movement/45.wav,movement,0.99609375,0.0,0.99609375,0.0,"[-128, 127, -128]",True,,,,0.06829097401350737,1.2119999155402184,0.7089580176398158,2.000457956455648
647,Weiqian,movement,unavailable_in_sd_path,46,/Users/zilongzeng/Research/DroneControl/user_study_v2/Weiqian/Movement/46.wav,Weiqian/Movement/46.wav,movement,0.99609375,0.0,0.99609375,0.0,"[-128, 127, -128]",True,,,,0.07916695903986692,1.4516670489683747,0.7237909594550729,2.264791983179748
648,Weiqian,movement,unavailable_in_sd_path,47,/Users/zilongzeng/Research/DroneControl/user_study_v2/Weiqian/Movement/47.wav,Weiqian/Movement/47.wav,movement,0.99609375,0.0,0.99609375,0.0,"[-128, 127, -128]",True,,,,0.09445799514651299,1.3043750077486038,0.7375839632004499,2.14695802424103
649,Weiqian,movement,unavailable_in_sd_path,48,/Users/zilongzeng/Research/DroneControl/user_study_v2/Weiqian/Movement/48.wav,Weiqian/Movement/48.wav,movement,0.99609375,0.0,0.99609375,0.0,"[-128, 127, -128]",True,,,,0.08633302059024572,1.2144589563831687,0.6175000453367829,1.9237499218434095
650,Weiqian,movement,unavailable_in_sd_path,49,/Users/zilongzeng/Research/DroneControl/user_study_v2/Weiqian/Movement/49.wav,Weiqian/Movement/49.wav,movement,0.99609375,0.0,0.99609375,0.0,"[-128, 127, -128]",True,,,,0.06654206663370132,1.1756249004974961,0.6966249784454703,1.9445830257609487
651,Weiqian,unknown,unavailable_in_sd_path,0,/Users/zilongzeng/Research/DroneControl/user_study_v2/Weiqian/Unknown/0.wav,Weiqian/Unknown/0.wav,unknown,0.99609375,0.0,0.0,0.99609375,"[-128, -128, 127]",True,,,,0.07091707084327936,1.201750012114644,0.6092090625315905,1.8870000494644046
652,Weiqian,unknown,unavailable_in_sd_path,1,/Users/zilongzeng/Research/DroneControl/user_study_v2/Weiqian/Unknown/1.wav,Weiqian/Unknown/1.wav,unknown,0.99609375,0.0,0.0,0.99609375,"[-128, -128, 127]",True,,,,0.06508291698992252,1.127541996538639,0.63783407676965,1.837582909502089
653,Weiqian,unknown,unavailable_in_sd_path,2,/Users/zilongzeng/Research/DroneControl/user_study_v2/Weiqian/Unknown/2.wav,Weiqian/Unknown/2.wav,unknown,0.99609375,0.0,0.0,0.99609375,"[-128, -128, 127]",True,,,,0.07320800796151161,1.3013749849051237,0.6154580041766167,1.9960420904681087
654,Weiqian,unknown,unavailable_in_sd_path,3,/Users/zilongzeng/Research/DroneControl/user_study_v2/Weiqian/Unknown/3.wav,Weiqian/Unknown/3.wav,movement,0.8046875,0.0,0.8046875,0.1953125,"[-128, 78, -78]",False,,,,0.21395902149379253,1.1395830661058426,0.6167080719023943,1.9755000248551369
655,Weiqian,unknown,unavailable_in_sd_path,4,/Users/zilongzeng/Research/DroneControl/user_study_v2/Weiqian/Unknown/4.wav,Weiqian/Unknown/4.wav,unknown,0.98046875,0.0,0.01953125,0.98046875,"[-128, -123, 123]",True,,,,0.29220792930573225,1.2800840195268393,0.6507090292870998,2.2289169719442725
656,Weiqian,unknown,unavailable_in_sd_path,5,/Users/zilongzeng/Research/DroneControl/user_study_v2/Weiqian/Unknown/5.wav,Weiqian/Unknown/5.wav,movement,0.99609375,0.0,0.99609375,0.0,"[-128, 127, -128]",False,,,,0.09212503209710121,1.1911249021068215,0.6282090907916427,1.9170830491930246
657,Weiqian,unknown,unavailable_in_sd_path,6,/Users/zilongzeng/Research/DroneControl/user_study_v2/Weiqian/Unknown/6.wav,Weiqian/Unknown/6.wav,unknown,0.99609375,0.0,0.0,0.99609375,"[-128, -128, 127]",True,,,,0.06562494672834873,1.301957992836833,0.6698749493807554,2.0435829646885395
658,Weiqian,unknown,unavailable_in_sd_path,7,/Users/zilongzeng/Research/DroneControl/user_study_v2/Weiqian/Unknown/7.wav,Weiqian/Unknown/7.wav,unknown,0.99609375,0.0,0.0,0.99609375,"[-128, -128, 127]",True,,,,0.21349999587982893,1.1675419518724084,0.619000056758523,2.0050000166520476
659,Weiqian,unknown,unavailable_in_sd_path,8,/Users/zilongzeng/Research/DroneControl/user_study_v2/Weiqian/Unknown/8.wav,Weiqian/Unknown/8.wav,unknown,0.99609375,0.0,0.0,0.99609375,"[-128, -128, 127]",True,,,,0.27920794673264027,1.2956249993294477,0.6174169247969985,2.1976670250296593
660,Weiqian,unknown,unavailable_in_sd_path,9,/Users/zilongzeng/Research/DroneControl/user_study_v2/Weiqian/Unknown/9.wav,Weiqian/Unknown/9.wav,unknown,0.99609375,0.0,0.0,0.99609375,"[-128, -128, 127]",True,,,,0.0729589955881238,1.14266702439636,0.614625052548945,1.835125032812357
661,Weiqian,unknown,unavailable_in_sd_path,10,/Users/zilongzeng/Research/DroneControl/user_study_v2/Weiqian/Unknown/10.wav,Weiqian/Unknown/10.wav,movement,0.99609375,0.0,0.99609375,0.0,"[-128, 127, -128]",False,,,,0.06274995394051075,1.2526659993454814,0.7206250447779894,2.043207990936935
662,Weiqian,unknown,unavailable_in_sd_path,11,/Users/zilongzeng/Research/DroneControl/user_study_v2/Weiqian/Unknown/11.wav,Weiqian/Unknown/11.wav,unknown,0.9921875,0.0078125,0.0,0.9921875,"[-126, -128, 126]",True,,,,0.08995796088129282,1.2434159871190786,0.6712500471621752,2.0102079724892974
663,Weiqian,unknown,unavailable_in_sd_path,12,/Users/zilongzeng/Research/DroneControl/user_study_v2/Weiqian/Unknown/12.wav,Weiqian/Unknown/12.wav,unknown,0.99609375,0.0,0.0,0.99609375,"[-128, -128, 127]",True,,,,0.07695902604609728,1.431457931175828,0.6675829645246267,2.1817919332534075
664,Weiqian,unknown,unavailable_in_sd_path,13,/Users/zilongzeng/Research/DroneControl/user_study_v2/Weiqian/Unknown/13.wav,Weiqian/Unknown/13.wav,unknown,0.99609375,0.0,0.0,0.99609375,"[-128, -128, 127]",True,,,,0.09608292020857334,1.2990409741178155,0.6415829993784428,2.0426249830052257
665,Weiqian,unknown,unavailable_in_sd_path,14,/Users/zilongzeng/Research/DroneControl/user_study_v2/Weiqian/Unknown/14.wav,Weiqian/Unknown/14.wav,unknown,0.99609375,0.0,0.0,0.99609375,"[-128, -128, 127]",True,,,,0.0688750296831131,1.2642500223591924,0.7060419302433729,2.046625013463199
666,Weiqian,unknown,unavailable_in_sd_path,15,/Users/zilongzeng/Research/DroneControl/user_study_v2/Weiqian/Unknown/15.wav,Weiqian/Unknown/15.wav,unknown,0.99609375,0.0,0.0,0.99609375,"[-128, -128, 127]",True,,,,0.08616701234132051,1.3359999284148216,0.6288340082392097,2.0564160076901317
667,Weiqian,unknown,unavailable_in_sd_path,16,/Users/zilongzeng/Research/DroneControl/user_study_v2/Weiqian/Unknown/16.wav,Weiqian/Unknown/16.wav,emergency,0.83203125,0.83203125,0.16796875,0.0,"[85, -85, -128]",False,,,,0.07933401502668858,1.2817500391975045,0.6763749988749623,2.043082960881293
668,Weiqian,unknown,unavailable_in_sd_path,17,/Users/zilongzeng/Research/DroneControl/user_study_v2/Weiqian/Unknown/17.wav,Weiqian/Unknown/17.wav,unknown,0.99609375,0.0,0.0,0.99609375,"[-128, -128, 127]",True,,,,0.07516599725931883,1.1720829643309116,0.6102919578552246,1.862333039753139
669,Weiqian,unknown,unavailable_in_sd_path,18,/Users/zilongzeng/Research/DroneControl/user_study_v2/Weiqian/Unknown/18.wav,Weiqian/Unknown/18.wav,unknown,0.98046875,0.0,0.01953125,0.98046875,"[-128, -123, 123]",True,,,,0.05966704338788986,1.3100000796839595,0.6218339549377561,1.9970829598605633
670,Weiqian,unknown,unavailable_in_sd_path,19,/Users/zilongzeng/Research/DroneControl/user_study_v2/Weiqian/Unknown/19.wav,Weiqian/Unknown/19.wav,unknown,0.99609375,0.0,0.0,0.99609375,"[-128, -128, 127]",True,,,,0.06941601168364286,1.1805000249296427,0.6115409778431058,1.866249949671328
671,Weiqian,unknown,unavailable_in_sd_path,20,/Users/zilongzeng/Research/DroneControl/user_study_v2/Weiqian/Unknown/20.wav,Weiqian/Unknown/20.wav,unknown,0.99609375,0.0,0.0,0.99609375,"[-128, -128, 127]",True,,,,0.061458093114197254,1.2489580549299717,0.6571250269189477,1.972624915651977
672,Weiqian,unknown,unavailable_in_sd_path,21,/Users/zilongzeng/Research/DroneControl/user_study_v2/Weiqian/Unknown/21.wav,Weiqian/Unknown/21.wav,unknown,0.9921875,0.0,0.0078125,0.9921875,"[-128, -126, 126]",True,,,,0.057416968047618866,1.2334169587120414,0.6090409588068724,1.9052500138059258
673,Weiqian,unknown,unavailable_in_sd_path,22,/Users/zilongzeng/Research/DroneControl/user_study_v2/Weiqian/Unknown/22.wav,Weiqian/Unknown/22.wav,movement,0.99609375,0.0,0.99609375,0.0,"[-128, 127, -128]",False,,,,0.05662499461323023,1.130084041506052,0.7120000664144754,1.9044170621782541
674,Weiqian,unknown,unavailable_in_sd_path,23,/Users/zilongzeng/Research/DroneControl/user_study_v2/Weiqian/Unknown/23.wav,Weiqian/Unknown/23.wav,movement,0.99609375,0.0,0.99609375,0.0,"[-128, 127, -128]",False,,,,0.06662507075816393,1.185416942462325,0.6093339761719108,1.8664581002667546
675,Weiqian,unknown,unavailable_in_sd_path,24,/Users/zilongzeng/Research/DroneControl/user_study_v2/Weiqian/Unknown/24.wav,Weiqian/Unknown/24.wav,unknown,0.99609375,0.0,0.0,0.99609375,"[-128, -128, 127]",True,,,,0.058458070270717144,1.0961670195683837,0.6992920534685254,1.859084004536271
676,Weiqian,unknown,unavailable_in_sd_path,25,/Users/zilongzeng/Research/DroneControl/user_study_v2/Weiqian/Unknown/25.wav,Weiqian/Unknown/25.wav,unknown,0.99609375,0.0,0.0,0.99609375,"[-128, -128, 127]",True,,,,0.18329208251088858,1.1590829817578197,0.6134581053629518,1.9607500871643424
677,Weiqian,unknown,unavailable_in_sd_path,26,/Users/zilongzeng/Research/DroneControl/user_study_v2/Weiqian/Unknown/26.wav,Weiqian/Unknown/26.wav,unknown,0.984375,0.0,0.015625,0.984375,"[-128, -124, 124]",True,,,,0.21120801102370024,1.0542089585214853,0.7170829921960831,1.9887500675395131
678,Weiqian,unknown,unavailable_in_sd_path,27,/Users/zilongzeng/Research/DroneControl/user_study_v2/Weiqian/Unknown/27.wav,Weiqian/Unknown/27.wav,movement,0.99609375,0.00390625,0.99609375,0.0,"[-127, 127, -128]",False,,,,0.21199998445808887,1.2497080024331808,0.7179579697549343,2.224292024038732
679,Weiqian,unknown,unavailable_in_sd_path,28,/Users/zilongzeng/Research/DroneControl/user_study_v2/Weiqian/Unknown/28.wav,Weiqian/Unknown/28.wav,unknown,0.99609375,0.0,0.0,0.99609375,"[-128, -128, 127]",True,,,,0.34970894921571016,1.3278330443426967,0.7738749263808131,2.4592080153524876
680,Weiqian,unknown,unavailable_in_sd_path,29,/Users/zilongzeng/Research/DroneControl/user_study_v2/Weiqian/Unknown/29.wav,Weiqian/Unknown/29.wav,unknown,0.859375,0.0,0.140625,0.859375,"[-128, -92, 92]",True,,,,0.08945795707404613,1.2519170995801687,0.6836249958723783,2.0305000944063067
681,Weiqian,unknown,unavailable_in_sd_path,30,/Users/zilongzeng/Research/DroneControl/user_study_v2/Weiqian/Unknown/30.wav,Weiqian/Unknown/30.wav,movement,0.953125,0.0,0.953125,0.046875,"[-128, 116, -116]",False,,,,0.07049995474517345,1.2290420709177852,0.7302499143406749,2.0358749898150563
682,Weiqian,unknown,unavailable_in_sd_path,31,/Users/zilongzeng/Research/DroneControl/user_study_v2/Weiqian/Unknown/31.wav,Weiqian/Unknown/31.wav,unknown,0.984375,0.0,0.015625,0.984375,"[-128, -124, 124]",True,,,,0.07670908235013485,1.1660839663818479,0.6950830575078726,1.9445830257609487
683,Weiqian,unknown,unavailable_in_sd_path,32,/Users/zilongzeng/Research/DroneControl/user_study_v2/Weiqian/Unknown/32.wav,Weiqian/Unknown/32.wav,unknown,0.99609375,0.0,0.0,0.99609375,"[-128, -128, 127]",True,,,,0.07812504190951586,1.343540963716805,0.766666023992002,2.1976670250296593
684,Weiqian,unknown,unavailable_in_sd_path,33,/Users/zilongzeng/Research/DroneControl/user_study_v2/Weiqian/Unknown/33.wav,Weiqian/Unknown/33.wav,movement,0.984375,0.0,0.984375,0.015625,"[-128, 124, -124]",False,,,,0.0748330494388938,1.2619580375030637,0.6694999756291509,2.01279204338789
685,Weiqian,unknown,unavailable_in_sd_path,34,/Users/zilongzeng/Research/DroneControl/user_study_v2/Weiqian/Unknown/34.wav,Weiqian/Unknown/34.wav,unknown,0.99609375,0.0,0.0,0.99609375,"[-128, -128, 127]",True,,,,0.20020909141749144,1.123791909776628,0.7376660360023379,2.0692909602075815
686,Weiqian,unknown,unavailable_in_sd_path,35,/Users/zilongzeng/Research/DroneControl/user_study_v2/Weiqian/Unknown/35.wav,Weiqian/Unknown/35.wav,unknown,0.99609375,0.0,0.00390625,0.99609375,"[-128, -127, 127]",True,,,,0.2026669681072235,1.1438330402597785,0.6107910303398967,1.9623329862952232
687,Weiqian,unknown,unavailable_in_sd_path,36,/Users/zilongzeng/Research/DroneControl/user_study_v2/Weiqian/Unknown/36.wav,Weiqian/Unknown/36.wav,emergency,0.59765625,0.59765625,0.3984375,0.00390625,"[25, -26, -127]",False,,,,0.061416998505592346,1.16454204544425,0.690957996994257,1.9224159186705947
688,Weiqian,unknown,unavailable_in_sd_path,37,/Users/zilongzeng/Research/DroneControl/user_study_v2/Weiqian/Unknown/37.wav,Weiqian/Unknown/37.wav,unknown,0.99609375,0.0,0.0,0.99609375,"[-128, -128, 127]",True,,,,0.0677919015288353,1.2250830186530948,0.6921659223735332,1.9909170223399997
689,Weiqian,unknown,unavailable_in_sd_path,38,/Users/zilongzeng/Research/DroneControl/user_study_v2/Weiqian/Unknown/38.wav,Weiqian/Unknown/38.wav,emergency,0.9921875,0.9921875,0.0078125,0.0,"[126, -126, -128]",False,,,,0.06570899859070778,1.3198340311646461,0.7004169747233391,2.092291018925607
690,Weiqian,unknown,unavailable_in_sd_path,39,/Users/zilongzeng/Research/DroneControl/user_study_v2/Weiqian/Unknown/39.wav,Weiqian/Unknown/39.wav,unknown,0.8046875,0.0,0.1953125,0.8046875,"[-128, -78, 78]",True,,,,0.0717920484021306,1.2340829707682133,0.6969169480726123,2.009832998737693
691,Weiqian,unknown,unavailable_in_sd_path,40,/Users/zilongzeng/Research/DroneControl/user_study_v2/Weiqian/Unknown/40.wav,Weiqian/Unknown/40.wav,unknown,0.99609375,0.0,0.0,0.99609375,"[-128, -128, 127]",True,,,,0.07804203778505325,1.2771670008078218,0.6681660888716578,2.0303750643506646
692,Weiqian,unknown,unavailable_in_sd_path,41,/Users/zilongzeng/Research/DroneControl/user_study_v2/Weiqian/Unknown/41.wav,Weiqian/Unknown/41.wav,unknown,0.99609375,0.0,0.0,0.99609375,"[-128, -128, 127]",True,,,,0.2097500255331397,1.4344999799504876,0.6388339679688215,2.29337508790195
693,Weiqian,unknown,unavailable_in_sd_path,42,/Users/zilongzeng/Research/DroneControl/user_study_v2/Weiqian/Unknown/42.wav,Weiqian/Unknown/42.wav,unknown,0.99609375,0.0,0.0,0.99609375,"[-128, -128, 127]",True,,,,0.191875034943223,1.1944589205086231,0.7568339351564646,2.152749919332564
694,Weiqian,unknown,unavailable_in_sd_path,43,/Users/zilongzeng/Research/DroneControl/user_study_v2/Weiqian/Unknown/43.wav,Weiqian/Unknown/43.wav,movement,0.51953125,0.42578125,0.51953125,0.05859375,"[-19, 5, -113]",False,,,,0.10416703298687935,1.1724160285666585,0.6995000876486301,1.9822909962385893
695,Weiqian,unknown,unavailable_in_sd_path,44,/Users/zilongzeng/Research/DroneControl/user_study_v2/Weiqian/Unknown/44.wav,Weiqian/Unknown/44.wav,unknown,0.83203125,0.0,0.16796875,0.83203125,"[-128, -85, 85]",True,,,,0.07933401502668858,1.3278749538585544,0.7237499812617898,2.137625007890165
696,Weiqian,unknown,unavailable_in_sd_path,45,/Users/zilongzeng/Research/DroneControl/user_study_v2/Weiqian/Unknown/45.wav,Weiqian/Unknown/45.wav,unknown,0.99609375,0.0,0.0,0.99609375,"[-128, -128, 127]",True,,,,0.09095796849578619,1.2251249281689525,0.6705839186906815,1.9937909673899412
697,Weiqian,unknown,unavailable_in_sd_path,46,/Users/zilongzeng/Research/DroneControl/user_study_v2/Weiqian/Unknown/46.wav,Weiqian/Unknown/46.wav,unknown,0.99609375,0.0,0.0,0.99609375,"[-128, -128, 127]",True,,,,0.08299993351101875,1.2984590139240026,0.7365000201389194,2.1243749652057886
698,Weiqian,unknown,unavailable_in_sd_path,47,/Users/zilongzeng/Research/DroneControl/user_study_v2/Weiqian/Unknown/47.wav,Weiqian/Unknown/47.wav,unknown,0.93359375,0.0,0.06640625,0.93359375,"[-128, -111, 111]",True,,,,0.22545806132256985,1.287959050387144,0.6851250072941184,2.2066669771447778
699,Weiqian,unknown,unavailable_in_sd_path,48,/Users/zilongzeng/Research/DroneControl/user_study_v2/Weiqian/Unknown/48.wav,Weiqian/Unknown/48.wav,unknown,0.99609375,0.0,0.0,0.99609375,"[-128, -128, 127]",True,,,,0.2520409179851413,1.263541984371841,0.7200830150395632,2.241999958641827
700,Weiqian,unknown,unavailable_in_sd_path,49,/Users/zilongzeng/Research/DroneControl/user_study_v2/Weiqian/Unknown/49.wav,Weiqian/Unknown/49.wav,movement,0.99609375,0.0,0.99609375,0.0,"[-128, 127, -128]",False,,,,0.0826249597594142,1.2275000335648656,0.6739170057699084,1.989042037166655
701,Weisi,emergency,unavailable_in_sd_path,0,/Users/zilongzeng/Research/DroneControl/user_study_v2/Weisi/Emergency/0.wav,Weisi/Emergency/0.wav,emergency,0.99609375,0.99609375,0.0,0.0,"[127, -128, -128]",True,,,,0.0741670373827219,1.186458976007998,0.7355830166488886,2.003166009671986
702,Weisi,emergency,unavailable_in_sd_path,1,/Users/zilongzeng/Research/DroneControl/user_study_v2/Weisi/Emergency/1.wav,Weisi/Emergency/1.wav,emergency,0.99609375,0.99609375,0.0,0.0,"[127, -128, -128]",True,,,,0.07491710130125284,1.0849999962374568,0.6193749140948057,1.784833031706512
703,Weisi,emergency,unavailable_in_sd_path,2,/Users/zilongzeng/Research/DroneControl/user_study_v2/Weisi/Emergency/2.wav,Weisi/Emergency/2.wav,emergency,0.91796875,0.91796875,0.08203125,0.0,"[107, -107, -128]",True,,,,0.0617919722571969,1.202333951368928,0.6900830194354057,1.960666966624558
704,Weisi,emergency,unavailable_in_sd_path,3,/Users/zilongzeng/Research/DroneControl/user_study_v2/Weisi/Emergency/3.wav,Weisi/Emergency/3.wav,emergency,0.99609375,0.99609375,0.0,0.0,"[127, -128, -128]",True,,,,0.06870797369629145,1.2172909919172525,0.6285409908741713,1.919834059663117
705,Weisi,emergency,unavailable_in_sd_path,4,/Users/zilongzeng/Research/DroneControl/user_study_v2/Weisi/Emergency/4.wav,Weisi/Emergency/4.wav,emergency,0.99609375,0.99609375,0.0,0.0,"[127, -128, -128]",True,,,,0.2073750365525484,1.1000001104548573,0.6336659425869584,1.9467499805614352
706,Weisi,emergency,unavailable_in_sd_path,5,/Users/zilongzeng/Research/DroneControl/user_study_v2/Weisi/Emergency/5.wav,Weisi/Emergency/5.wav,emergency,0.99609375,0.99609375,0.0,0.0,"[127, -128, -128]",True,,,,0.23187499027699232,1.2039169669151306,0.6299999076873064,2.0705830538645387
707,Weisi,emergency,unavailable_in_sd_path,6,/Users/zilongzeng/Research/DroneControl/user_study_v2/Weisi/Emergency/6.wav,Weisi/Emergency/6.wav,emergency,0.99609375,0.99609375,0.0,0.0,"[127, -128, -128]",True,,,,0.05891709588468075,1.3171249302104115,0.6429579807445407,2.028416027314961
708,Weisi,emergency,unavailable_in_sd_path,7,/Users/zilongzeng/Research/DroneControl/user_study_v2/Weisi/Emergency/7.wav,Weisi/Emergency/7.wav,emergency,0.99609375,0.99609375,0.0,0.0,"[127, -128, -128]",True,,,,0.14645804185420275,1.3821669854223728,0.668874941766262,2.2048340179026127
709,Weisi,emergency,unavailable_in_sd_path,8,/Users/zilongzeng/Research/DroneControl/user_study_v2/Weisi/Emergency/8.wav,Weisi/Emergency/8.wav,emergency,0.99609375,0.99609375,0.0,0.0,"[127, -128, -128]",True,,,,0.08112506475299597,1.2350000906735659,0.6530830869451165,1.97554100304842
710,Weisi,emergency,unavailable_in_sd_path,9,/Users/zilongzeng/Research/DroneControl/user_study_v2/Weisi/Emergency/9.wav,Weisi/Emergency/9.wav,emergency,0.99609375,0.99609375,0.0,0.0,"[127, -128, -128]",True,,,,0.07991690654307604,1.2722089886665344,0.6679169600829482,2.025833004154265
711,Weisi,emergency,unavailable_in_sd_path,10,/Users/zilongzeng/Research/DroneControl/user_study_v2/Weisi/Emergency/10.wav,Weisi/Emergency/10.wav,emergency,0.99609375,0.99609375,0.0,0.0,"[127, -128, -128]",True,,,,0.20233308896422386,1.2717080535367131,0.6315829232335091,2.114792005158961
712,Weisi,emergency,unavailable_in_sd_path,11,/Users/zilongzeng/Research/DroneControl/user_study_v2/Weisi/Emergency/11.wav,Weisi/Emergency/11.wav,emergency,0.99609375,0.99609375,0.0,0.0,"[127, -128, -128]",True,,,,0.3494580741971731,1.3225830625742674,0.7009590044617653,2.3812499130144715
713,Weisi,emergency,unavailable_in_sd_path,12,/Users/zilongzeng/Research/DroneControl/user_study_v2/Weisi/Emergency/12.wav,Weisi/Emergency/12.wav,emergency,0.99609375,0.99609375,0.0,0.0,"[127, -128, -128]",True,,,,0.12458302080631256,1.2249579885974526,0.6927089998498559,2.050417009741068
714,Weisi,emergency,unavailable_in_sd_path,13,/Users/zilongzeng/Research/DroneControl/user_study_v2/Weisi/Emergency/13.wav,Weisi/Emergency/13.wav,movement,0.9921875,0.0078125,0.9921875,0.0,"[-126, 126, -128]",False,,,,0.07025001104921103,1.3653330970555544,0.7178750820457935,2.1602079505100846
715,Weisi,emergency,unavailable_in_sd_path,14,/Users/zilongzeng/Research/DroneControl/user_study_v2/Weisi/Emergency/14.wav,Weisi/Emergency/14.wav,movement,0.99609375,0.00390625,0.99609375,0.0,"[-127, 127, -128]",False,,,,0.06545800715684891,1.2532089604064822,0.7099169306457043,2.0370419370010495
716,Weisi,emergency,unavailable_in_sd_path,15,/Users/zilongzeng/Research/DroneControl/user_study_v2/Weisi/Emergency/15.wav,Weisi/Emergency/15.wav,emergency,0.99609375,0.99609375,0.0,0.0,"[127, -128, -128]",True,,,,0.08150003850460052,1.2099581072106957,0.6798329995945096,1.9767920020967722
717,Weisi,emergency,unavailable_in_sd_path,16,/Users/zilongzeng/Research/DroneControl/user_study_v2/Weisi/Emergency/16.wav,Weisi/Emergency/16.wav,emergency,0.99609375,0.99609375,0.0,0.0,"[127, -128, -128]",True,,,,0.06975000724196434,1.3240000698715448,0.6707919528707862,2.0702090114355087
718,Weisi,emergency,unavailable_in_sd_path,17,/Users/zilongzeng/Research/DroneControl/user_study_v2/Weisi/Emergency/17.wav,Weisi/Emergency/17.wav,emergency,0.99609375,0.99609375,0.0,0.0,"[127, -128, -128]",True,,,,0.08183298632502556,1.3542909873649478,0.634916010312736,2.0814590388908982
719,Weisi,emergency,unavailable_in_sd_path,18,/Users/zilongzeng/Research/DroneControl/user_study_v2/Weisi/Emergency/18.wav,Weisi/Emergency/18.wav,emergency,0.99609375,0.99609375,0.0,0.0,"[127, -128, -128]",True,,,,0.22570788860321045,1.1410829611122608,0.7016250165179372,2.075916971080005
720,Weisi,emergency,unavailable_in_sd_path,19,/Users/zilongzeng/Research/DroneControl/user_study_v2/Weisi/Emergency/19.wav,Weisi/Emergency/19.wav,emergency,0.99609375,0.99609375,0.0,0.0,"[127, -128, -128]",True,,,,0.0837499974295497,1.2072909157723188,0.6409169873222709,1.9373339600861073
721,Weisi,emergency,unavailable_in_sd_path,20,/Users/zilongzeng/Research/DroneControl/user_study_v2/Weisi/Emergency/20.wav,Weisi/Emergency/20.wav,emergency,0.99609375,0.99609375,0.0,0.0,"[127, -128, -128]",True,,,,0.06312504410743713,1.0982499225065112,0.652582966722548,1.819166005589068
722,Weisi,emergency,unavailable_in_sd_path,21,/Users/zilongzeng/Research/DroneControl/user_study_v2/Weisi/Emergency/21.wav,Weisi/Emergency/21.wav,movement,0.99609375,0.0,0.99609375,0.0,"[-128, 127, -128]",False,,,,0.06208405829966068,1.2820420088246465,0.625707907602191,1.9753749947994947
723,Weisi,emergency,unavailable_in_sd_path,22,/Users/zilongzeng/Research/DroneControl/user_study_v2/Weisi/Emergency/22.wav,Weisi/Emergency/22.wav,emergency,0.99609375,0.99609375,0.0,0.0,"[127, -128, -128]",True,,,,0.2037500962615013,1.3254170771688223,0.6361250998452306,2.1748750004917383
724,Weisi,emergency,unavailable_in_sd_path,23,/Users/zilongzeng/Research/DroneControl/user_study_v2/Weisi/Emergency/23.wav,Weisi/Emergency/23.wav,emergency,0.99609375,0.99609375,0.0,0.0,"[127, -128, -128]",True,,,,0.29612507205456495,1.2255000183358788,0.6317499792203307,2.1594170248135924
725,Weisi,emergency,unavailable_in_sd_path,24,/Users/zilongzeng/Research/DroneControl/user_study_v2/Weisi/Emergency/24.wav,Weisi/Emergency/24.wav,emergency,0.99609375,0.99609375,0.0,0.0,"[127, -128, -128]",True,,,,0.0724580604583025,1.0895420564338565,0.6191669963300228,1.7860829830169678
726,Weisi,emergency,unavailable_in_sd_path,25,/Users/zilongzeng/Research/DroneControl/user_study_v2/Weisi/Emergency/25.wav,Weisi/Emergency/25.wav,emergency,0.99609375,0.99609375,0.0,0.0,"[127, -128, -128]",True,,,,0.06095797289162874,1.4429580187425017,0.6343750283122063,2.148082945495844
727,Weisi,emergency,unavailable_in_sd_path,26,/Users/zilongzeng/Research/DroneControl/user_study_v2/Weisi/Emergency/26.wav,Weisi/Emergency/26.wav,emergency,0.99609375,0.99609375,0.0,0.0,"[127, -128, -128]",True,,,,0.17658399883657694,1.2141669867560267,0.6992499111220241,2.098041004501283
728,Weisi,emergency,unavailable_in_sd_path,27,/Users/zilongzeng/Research/DroneControl/user_study_v2/Weisi/Emergency/27.wav,Weisi/Emergency/27.wav,emergency,0.99609375,0.99609375,0.0,0.0,"[127, -128, -128]",True,,,,0.1242499565705657,1.4108329778537154,0.6770000327378511,2.217667060904205
729,Weisi,emergency,unavailable_in_sd_path,28,/Users/zilongzeng/Research/DroneControl/user_study_v2/Weisi/Emergency/28.wav,Weisi/Emergency/28.wav,emergency,0.99609375,0.99609375,0.0,0.0,"[127, -128, -128]",True,,,,0.08208409417420626,1.355124986730516,0.7041669450700283,2.151416032575071
730,Weisi,emergency,unavailable_in_sd_path,29,/Users/zilongzeng/Research/DroneControl/user_study_v2/Weisi/Emergency/29.wav,Weisi/Emergency/29.wav,movement,0.83203125,0.16796875,0.83203125,0.0,"[-85, 85, -128]",False,,,,0.09379198309034109,1.3507090043276548,0.7247499888762832,2.1751669701188803
731,Weisi,emergency,unavailable_in_sd_path,30,/Users/zilongzeng/Research/DroneControl/user_study_v2/Weisi/Emergency/30.wav,Weisi/Emergency/30.wav,unknown,0.99609375,0.00390625,0.0,0.99609375,"[-127, -128, 127]",False,,,,0.21362502593547106,1.3545419787988067,0.7020409684628248,2.2794590331614017
732,Weisi,emergency,unavailable_in_sd_path,31,/Users/zilongzeng/Research/DroneControl/user_study_v2/Weisi/Emergency/31.wav,Weisi/Emergency/31.wav,emergency,0.99609375,0.99609375,0.0,0.0,"[127, -128, -128]",True,,,,0.23570796474814415,1.3069170527160168,0.6147079402580857,2.1635000593960285
733,Weisi,emergency,unavailable_in_sd_path,32,/Users/zilongzeng/Research/DroneControl/user_study_v2/Weisi/Emergency/32.wav,Weisi/Emergency/32.wav,emergency,0.99609375,0.99609375,0.0,0.0,"[127, -128, -128]",True,,,,0.06533402483910322,1.1194170219823718,0.7017909083515406,1.892708009108901
734,Weisi,emergency,unavailable_in_sd_path,33,/Users/zilongzeng/Research/DroneControl/user_study_v2/Weisi/Emergency/33.wav,Weisi/Emergency/33.wav,emergency,0.99609375,0.99609375,0.0,0.0,"[127, -128, -128]",True,,,,0.14058302622288465,1.1375830508768559,0.6198750343173742,1.9037079764530063
735,Weisi,emergency,unavailable_in_sd_path,34,/Users/zilongzeng/Research/DroneControl/user_study_v2/Weisi/Emergency/34.wav,Weisi/Emergency/34.wav,movement,0.859375,0.140625,0.859375,0.0,"[-92, 92, -128]",False,,,,0.2239999594166875,1.1250420939177275,0.6617080653086305,2.017750055529177
736,Weisi,emergency,unavailable_in_sd_path,35,/Users/zilongzeng/Research/DroneControl/user_study_v2/Weisi/Emergency/35.wav,Weisi/Emergency/35.wav,unknown,0.99609375,0.0,0.0,0.99609375,"[-128, -128, 127]",False,,,,0.06654101889580488,1.4114169171079993,0.6305420538410544,2.1136250579729676
737,Weisi,emergency,unavailable_in_sd_path,36,/Users/zilongzeng/Research/DroneControl/user_study_v2/Weisi/Emergency/36.wav,Weisi/Emergency/36.wav,emergency,0.99609375,0.99609375,0.0,0.0,"[127, -128, -128]",True,,,,0.05529192276299,1.2897909618914127,0.6487079663202167,2.002708031795919
738,Weisi,emergency,unavailable_in_sd_path,37,/Users/zilongzeng/Research/DroneControl/user_study_v2/Weisi/Emergency/37.wav,Weisi/Emergency/37.wav,emergency,0.99609375,0.99609375,0.0,0.0,"[127, -128, -128]",True,,,,0.13633305206894875,1.2649580603465438,0.6197500042617321,2.0269580418244004
739,Weisi,emergency,unavailable_in_sd_path,38,/Users/zilongzeng/Research/DroneControl/user_study_v2/Weisi/Emergency/38.wav,Weisi/Emergency/38.wav,unknown,0.99609375,0.0,0.0,0.99609375,"[-128, -128, 127]",False,,,,0.08470797911286354,1.130416989326477,0.6351249758154154,1.8551669782027602
740,Weisi,emergency,unavailable_in_sd_path,39,/Users/zilongzeng/Research/DroneControl/user_study_v2/Weisi/Emergency/39.wav,Weisi/Emergency/39.wav,emergency,0.99609375,0.99609375,0.0,0.0,"[127, -128, -128]",True,,,,0.061125028878450394,1.3266250025480986,0.6664999527856708,2.0622500451281667
741,Weisi,emergency,unavailable_in_sd_path,40,/Users/zilongzeng/Research/DroneControl/user_study_v2/Weisi/Emergency/40.wav,Weisi/Emergency/40.wav,emergency,0.91796875,0.91796875,0.0,0.08203125,"[107, -128, -107]",True,,,,0.08274998981505632,1.2448750203475356,0.6159170297905803,1.9490839913487434
742,Weisi,emergency,unavailable_in_sd_path,41,/Users/zilongzeng/Research/DroneControl/user_study_v2/Weisi/Emergency/41.wav,Weisi/Emergency/41.wav,movement,0.99609375,0.0,0.99609375,0.0,"[-128, 127, -128]",False,,,,0.06712495815008879,1.4728750102221966,0.7496660109609365,2.303917077369988
743,Weisi,movement,unavailable_in_sd_path,0,/Users/zilongzeng/Research/DroneControl/user_study_v2/Weisi/Movement/0.wav,Weisi/Movement/0.wav,movement,0.99609375,0.0,0.99609375,0.0,"[-128, 127, -128]",True,,,,0.12920796871185303,1.343499985523522,0.828542048111558,2.3294590646401048
744,Weisi,movement,unavailable_in_sd_path,1,/Users/zilongzeng/Research/DroneControl/user_study_v2/Weisi/Movement/1.wav,Weisi/Movement/1.wav,movement,0.99609375,0.0,0.99609375,0.0,"[-128, 127, -128]",True,,,,0.15133293345570564,1.3515000464394689,0.6907080532982945,2.202457981184125
745,Weisi,movement,unavailable_in_sd_path,2,/Users/zilongzeng/Research/DroneControl/user_study_v2/Weisi/Movement/2.wav,Weisi/Movement/2.wav,unknown,0.99609375,0.0,0.0,0.99609375,"[-128, -128, 127]",False,,,,0.11370901484042406,1.1997090186923742,0.7265419699251652,2.046499983407557
746,Weisi,movement,unavailable_in_sd_path,3,/Users/zilongzeng/Research/DroneControl/user_study_v2/Weisi/Movement/3.wav,Weisi/Movement/3.wav,movement,0.69140625,0.0,0.69140625,0.30859375,"[-128, 49, -49]",True,,,,0.06904208566993475,1.4972079079598188,0.7004169747233391,2.2751669166609645
747,Weisi,movement,unavailable_in_sd_path,4,/Users/zilongzeng/Research/DroneControl/user_study_v2/Weisi/Movement/4.wav,Weisi/Movement/4.wav,unknown,0.9921875,0.0,0.00390625,0.9921875,"[-128, -127, 126]",False,,,,0.1259580021724105,1.3941669603809714,0.6302089896053076,2.15945893432945
748,Weisi,movement,unavailable_in_sd_path,5,/Users/zilongzeng/Research/DroneControl/user_study_v2/Weisi/Movement/5.wav,Weisi/Movement/5.wav,unknown,0.99609375,0.0,0.0,0.99609375,"[-128, -128, 127]",False,,,,0.09874999523162842,1.250667031854391,0.6205409299582243,1.9762079464271665
749,Weisi,movement,unavailable_in_sd_path,6,/Users/zilongzeng/Research/DroneControl/user_study_v2/Weisi/Movement/6.wav,Weisi/Movement/6.wav,movement,0.99609375,0.0,0.99609375,0.0,"[-128, 127, -128]",True,,,,0.10337505955249071,1.2089170049875975,0.7461250061169267,2.064458094537258
750,Weisi,movement,unavailable_in_sd_path,7,/Users/zilongzeng/Research/DroneControl/user_study_v2/Weisi/Movement/7.wav,Weisi/Movement/7.wav,movement,0.99609375,0.0,0.99609375,0.0,"[-128, 127, -128]",True,,,,0.06495800334960222,1.1915829963982105,0.6452079396694899,1.9080000929534435
751,Weisi,movement,unavailable_in_sd_path,8,/Users/zilongzeng/Research/DroneControl/user_study_v2/Weisi/Movement/8.wav,Weisi/Movement/8.wav,movement,0.99609375,0.0,0.99609375,0.0,"[-128, 127, -128]",True,,,,0.0765420263633132,1.1216250713914633,0.7053751032799482,1.9118329510092735
752,Weisi,movement,unavailable_in_sd_path,9,/Users/zilongzeng/Research/DroneControl/user_study_v2/Weisi/Movement/9.wav,Weisi/Movement/9.wav,movement,0.99609375,0.0,0.99609375,0.0,"[-128, 127, -128]",True,,,,0.09404192678630352,1.2864170130342245,0.6270000012591481,2.015999983996153
753,Weisi,movement,unavailable_in_sd_path,10,/Users/zilongzeng/Research/DroneControl/user_study_v2/Weisi/Movement/10.wav,Weisi/Movement/10.wav,movement,0.99609375,0.0,0.99609375,0.0,"[-128, 127, -128]",True,,,,0.19933399744331837,1.2657910119742155,0.7106660632416606,2.185333054512739
754,Weisi,movement,unavailable_in_sd_path,11,/Users/zilongzeng/Research/DroneControl/user_study_v2/Weisi/Movement/11.wav,Weisi/Movement/11.wav,movement,0.99609375,0.0,0.99609375,0.0,"[-128, 127, -128]",True,,,,1.5445830067619681,1.2145000509917736,0.643625040538609,3.4091250272467732
755,Weisi,movement,unavailable_in_sd_path,12,/Users/zilongzeng/Research/DroneControl/user_study_v2/Weisi/Movement/12.wav,Weisi/Movement/12.wav,movement,0.99609375,0.0,0.99609375,0.0,"[-128, 127, -128]",True,,,,0.0892080133780837,1.232875045388937,0.6270000012591481,1.9553749589249492
756,Weisi,movement,unavailable_in_sd_path,13,/Users/zilongzeng/Research/DroneControl/user_study_v2/Weisi/Movement/13.wav,Weisi/Movement/13.wav,movement,0.99609375,0.0,0.99609375,0.0,"[-128, 127, -128]",True,,,,0.8505829609930515,1.2442920124158263,0.7020420162007213,2.8032499831169844
757,Weisi,movement,unavailable_in_sd_path,14,/Users/zilongzeng/Research/DroneControl/user_study_v2/Weisi/Movement/14.wav,Weisi/Movement/14.wav,movement,0.99609375,0.0,0.99609375,0.0,"[-128, 127, -128]",True,,,,0.2550410572439432,1.1881249956786633,0.601958017796278,2.0538329845294356
758,Weisi,movement,unavailable_in_sd_path,15,/Users/zilongzeng/Research/DroneControl/user_study_v2/Weisi/Movement/15.wav,Weisi/Movement/15.wav,movement,0.99609375,0.0,0.99609375,0.0,"[-128, 127, -128]",True,,,,0.09879202116280794,1.1381669901311398,0.6772080669179559,1.9215838983654976
759,Weisi,movement,unavailable_in_sd_path,16,/Users/zilongzeng/Research/DroneControl/user_study_v2/Weisi/Movement/16.wav,Weisi/Movement/16.wav,unknown,0.98828125,0.0,0.01171875,0.98828125,"[-128, -125, 125]",False,,,,0.2312499564141035,1.285666017793119,0.6623329827561975,2.185042016208172
760,Weisi,movement,unavailable_in_sd_path,17,/Users/zilongzeng/Research/DroneControl/user_study_v2/Weisi/Movement/17.wav,Weisi/Movement/17.wav,unknown,0.90234375,0.0,0.09765625,0.90234375,"[-128, -103, 103]",False,,,,0.3429580247029662,1.191499992273748,0.7121249800547957,2.2547090193256736
761,Weisi,movement,unavailable_in_sd_path,18,/Users/zilongzeng/Research/DroneControl/user_study_v2/Weisi/Movement/18.wav,Weisi/Movement/18.wav,movement,0.99609375,0.0,0.99609375,0.0,"[-128, 127, -128]",True,,,,0.09412504732608795,1.1602500453591347,0.7017499301582575,1.9654580391943455
762,Weisi,movement,unavailable_in_sd_path,19,/Users/zilongzeng/Research/DroneControl/user_study_v2/Weisi/Movement/19.wav,Weisi/Movement/19.wav,movement,0.99609375,0.0,0.99609375,0.0,"[-128, 127, -128]",True,,,,0.08783303201198578,1.2945840135216713,0.6917079444974661,2.080500009469688
763,Yueyuan,emergency,unavailable_in_sd_path,0,/Users/zilongzeng/Research/DroneControl/user_study_v2/Yueyuan/Emergency/0.wav,Yueyuan/Emergency/0.wav,unknown,0.99609375,0.0,0.0,0.99609375,"[-128, -128, 127]",False,,,,0.09545800276100636,1.2101250467821956,0.6598340114578605,1.9714999943971634
764,Yueyuan,emergency,unavailable_in_sd_path,1,/Users/zilongzeng/Research/DroneControl/user_study_v2/Yueyuan/Emergency/1.wav,Yueyuan/Emergency/1.wav,unknown,0.99609375,0.0,0.0,0.99609375,"[-128, -128, 127]",False,,,,0.0705840066075325,1.2312079779803753,0.6852919468656182,1.9946249667555094
765,Yueyuan,emergency,unavailable_in_sd_path,2,/Users/zilongzeng/Research/DroneControl/user_study_v2/Yueyuan/Emergency/2.wav,Yueyuan/Emergency/2.wav,unknown,0.99609375,0.0,0.0,0.99609375,"[-128, -128, 127]",False,,,,0.07691595237702131,1.2604580260813236,0.6757080554962158,2.018874976783991
766,Yueyuan,emergency,unavailable_in_sd_path,3,/Users/zilongzeng/Research/DroneControl/user_study_v2/Yueyuan/Emergency/3.wav,Yueyuan/Emergency/3.wav,unknown,0.99609375,0.0,0.0,0.99609375,"[-128, -128, 127]",False,,,,0.07770804222673178,1.3396249851211905,0.6871250225231051,2.111750072799623
767,Yueyuan,emergency,unavailable_in_sd_path,4,/Users/zilongzeng/Research/DroneControl/user_study_v2/Yueyuan/Emergency/4.wav,Yueyuan/Emergency/4.wav,emergency,0.99609375,0.99609375,0.0,0.0,"[127, -128, -128]",True,,,,0.08337502367794514,1.238750061020255,0.6438749842345715,1.9717090763151646
768,Yueyuan,emergency,unavailable_in_sd_path,5,/Users/zilongzeng/Research/DroneControl/user_study_v2/Yueyuan/Emergency/5.wav,Yueyuan/Emergency/5.wav,emergency,0.99609375,0.99609375,0.0,0.0,"[127, -128, -128]",True,,,,0.07833295967429876,1.1156670516356826,0.6314999191090465,1.8307919381186366
769,Yueyuan,emergency,unavailable_in_sd_path,6,/Users/zilongzeng/Research/DroneControl/user_study_v2/Yueyuan/Emergency/6.wav,Yueyuan/Emergency/6.wav,emergency,0.99609375,0.99609375,0.0,0.0,"[127, -128, -128]",True,,,,0.06854208186268806,1.342084025964141,0.6054170662537217,2.022584085352719
770,Yueyuan,emergency,unavailable_in_sd_path,7,/Users/zilongzeng/Research/DroneControl/user_study_v2/Yueyuan/Emergency/7.wav,Yueyuan/Emergency/7.wav,emergency,0.99609375,0.99609375,0.0,0.0,"[127, -128, -128]",True,,,,0.07858290337026119,1.115499995648861,0.6329580210149288,1.8324579577893019
771,Yueyuan,emergency,unavailable_in_sd_path,8,/Users/zilongzeng/Research/DroneControl/user_study_v2/Yueyuan/Emergency/8.wav,Yueyuan/Emergency/8.wav,emergency,0.99609375,0.99609375,0.0,0.0,"[127, -128, -128]",True,,,,0.06750004831701517,1.2984160566702485,0.6285000126808882,2.0012500463053584
772,Yueyuan,emergency,unavailable_in_sd_path,9,/Users/zilongzeng/Research/DroneControl/user_study_v2/Yueyuan/Emergency/9.wav,Yueyuan/Emergency/9.wav,emergency,0.99609375,0.99609375,0.0,0.0,"[127, -128, -128]",True,,,,0.067666987888515,1.3269999762997031,0.6310420576483011,2.032916061580181
773,Yueyuan,emergency,unavailable_in_sd_path,10,/Users/zilongzeng/Research/DroneControl/user_study_v2/Yueyuan/Emergency/10.wav,Yueyuan/Emergency/10.wav,emergency,0.99609375,0.99609375,0.0,0.0,"[127, -128, -128]",True,,,,0.10283407755196095,1.3242500135675073,0.6699580699205399,2.1058330312371254
774,Yueyuan,emergency,unavailable_in_sd_path,11,/Users/zilongzeng/Research/DroneControl/user_study_v2/Yueyuan/Emergency/11.wav,Yueyuan/Emergency/11.wav,emergency,0.99609375,0.99609375,0.0,0.0,"[127, -128, -128]",True,,,,0.08908298332244158,1.2532080290839076,0.6907080532982945,2.038750099018216
775,Yueyuan,emergency,unavailable_in_sd_path,12,/Users/zilongzeng/Research/DroneControl/user_study_v2/Yueyuan/Emergency/12.wav,Yueyuan/Emergency/12.wav,emergency,0.99609375,0.99609375,0.0,0.0,"[127, -128, -128]",True,,,,0.06649992428719997,1.2470409274101257,0.6631250726059079,1.9818330183625221
776,Yueyuan,emergency,unavailable_in_sd_path,13,/Users/zilongzeng/Research/DroneControl/user_study_v2/Yueyuan/Emergency/13.wav,Yueyuan/Emergency/13.wav,emergency,0.99609375,0.99609375,0.0,0.0,"[127, -128, -128]",True,,,,0.06195798050612211,1.1571249924600124,0.6456660339608788,1.8700419459491968
777,Yueyuan,emergency,unavailable_in_sd_path,14,/Users/zilongzeng/Research/DroneControl/user_study_v2/Yueyuan/Emergency/14.wav,Yueyuan/Emergency/14.wav,emergency,0.99609375,0.99609375,0.0,0.0,"[127, -128, -128]",True,,,,0.20758307073265314,1.2081250315532088,0.6205840036273003,2.0418339408934116
778,Yueyuan,emergency,unavailable_in_sd_path,15,/Users/zilongzeng/Research/DroneControl/user_study_v2/Yueyuan/Emergency/15.wav,Yueyuan/Emergency/15.wav,emergency,0.99609375,0.99609375,0.0,0.0,"[127, -128, -128]",True,,,,0.18045795150101185,1.1921670520678163,0.6183749064803123,1.997958985157311
779,Yueyuan,emergency,unavailable_in_sd_path,16,/Users/zilongzeng/Research/DroneControl/user_study_v2/Yueyuan/Emergency/16.wav,Yueyuan/Emergency/16.wav,movement,0.8046875,0.1953125,0.8046875,0.0,"[-78, 78, -128]",False,,,,0.2484999131411314,1.3141670497134328,0.6309999153017998,2.2087920224294066
780,Yueyuan,emergency,unavailable_in_sd_path,17,/Users/zilongzeng/Research/DroneControl/user_study_v2/Yueyuan/Emergency/17.wav,Yueyuan/Emergency/17.wav,movement,0.8828125,0.1171875,0.8828125,0.0,"[-98, 98, -128]",False,,,,0.1865839585661888,1.2243330711498857,0.6711659952998161,2.0881249802187085
781,Yueyuan,emergency,unavailable_in_sd_path,18,/Users/zilongzeng/Research/DroneControl/user_study_v2/Yueyuan/Emergency/18.wav,Yueyuan/Emergency/18.wav,unknown,0.99609375,0.0,0.0,0.99609375,"[-128, -128, 127]",False,,,,0.20424998365342617,1.211790950037539,0.6222500232979655,2.0435829646885395
782,Yueyuan,emergency,unavailable_in_sd_path,19,/Users/zilongzeng/Research/DroneControl/user_study_v2/Yueyuan/Emergency/19.wav,Yueyuan/Emergency/19.wav,movement,0.69140625,0.30859375,0.69140625,0.0,"[-49, 49, -128]",False,,,,0.20183390006422997,1.119874999858439,0.6394580705091357,1.9669580506160855
783,Yueyuan,emergency,unavailable_in_sd_path,20,/Users/zilongzeng/Research/DroneControl/user_study_v2/Yueyuan/Emergency/20.wav,Yueyuan/Emergency/20.wav,unknown,0.89453125,0.09765625,0.0078125,0.89453125,"[-103, -126, 101]",False,,,,0.1753749093040824,1.231999951414764,0.7445000810548663,2.1588749950751662
784,Yueyuan,emergency,unavailable_in_sd_path,21,/Users/zilongzeng/Research/DroneControl/user_study_v2/Yueyuan/Emergency/21.wav,Yueyuan/Emergency/21.wav,emergency,0.99609375,0.99609375,0.0,0.0,"[127, -128, -128]",True,,,,0.21245796233415604,1.4218329451978207,0.7390419486910105,2.380667021498084
785,Yueyuan,emergency,unavailable_in_sd_path,22,/Users/zilongzeng/Research/DroneControl/user_study_v2/Yueyuan/Emergency/22.wav,Yueyuan/Emergency/22.wav,emergency,0.99609375,0.99609375,0.0,0.0,"[127, -128, -128]",True,,,,0.25154196191579103,1.4450829476118088,0.6543339695781469,2.3628328926861286
786,Yueyuan,emergency,unavailable_in_sd_path,23,/Users/zilongzeng/Research/DroneControl/user_study_v2/Yueyuan/Emergency/23.wav,Yueyuan/Emergency/23.wav,emergency,0.99609375,0.99609375,0.0,0.0,"[127, -128, -128]",True,,,,0.128875020891428,1.3611249160021544,0.71387505158782,2.213041065260768
787,Yueyuan,emergency,unavailable_in_sd_path,24,/Users/zilongzeng/Research/DroneControl/user_study_v2/Yueyuan/Emergency/24.wav,Yueyuan/Emergency/24.wav,emergency,0.99609375,0.99609375,0.0,0.0,"[127, -128, -128]",True,,,,0.1075830077752471,1.357999979518354,0.6443749880418181,2.117707976140082
788,Yueyuan,emergency,unavailable_in_sd_path,25,/Users/zilongzeng/Research/DroneControl/user_study_v2/Yueyuan/Emergency/25.wav,Yueyuan/Emergency/25.wav,unknown,0.99609375,0.0,0.0,0.99609375,"[-128, -128, 127]",False,,,,0.08841697126626968,1.2356250081211329,0.6419169949367642,1.9750420469790697
789,Yueyuan,emergency,unavailable_in_sd_path,26,/Users/zilongzeng/Research/DroneControl/user_study_v2/Yueyuan/Emergency/26.wav,Yueyuan/Emergency/26.wav,emergency,0.99609375,0.99609375,0.0,0.0,"[127, -128, -128]",True,,,,0.07862504571676254,1.2747920118272305,0.6405420135706663,2.001583925448358
790,Yueyuan,emergency,unavailable_in_sd_path,27,/Users/zilongzeng/Research/DroneControl/user_study_v2/Yueyuan/Emergency/27.wav,Yueyuan/Emergency/27.wav,emergency,0.99609375,0.99609375,0.0,0.0,"[127, -128, -128]",True,,,,0.09429198689758778,1.4206250198185444,0.6346659502014518,2.1564160706475377
791,Yueyuan,emergency,unavailable_in_sd_path,28,/Users/zilongzeng/Research/DroneControl/user_study_v2/Yueyuan/Emergency/28.wav,Yueyuan/Emergency/28.wav,emergency,0.99609375,0.99609375,0.0,0.0,"[127, -128, -128]",True,,,,0.08408399298787117,1.3534169411286712,0.6894170073792338,2.1351659670472145
792,Yueyuan,emergency,unavailable_in_sd_path,29,/Users/zilongzeng/Research/DroneControl/user_study_v2/Yueyuan/Emergency/29.wav,Yueyuan/Emergency/29.wav,emergency,0.99609375,0.99609375,0.0,0.0,"[127, -128, -128]",True,,,,0.12479093857109547,1.1996659450232983,0.6564169889315963,1.9877919694408774
793,Yueyuan,emergency,unavailable_in_sd_path,30,/Users/zilongzeng/Research/DroneControl/user_study_v2/Yueyuan/Emergency/30.wav,Yueyuan/Emergency/30.wav,emergency,0.99609375,0.99609375,0.0,0.0,"[127, -128, -128]",True,,,,0.07004104554653168,1.2086669448763132,0.6168750114738941,1.9016250735148787
794,Yueyuan,emergency,unavailable_in_sd_path,31,/Users/zilongzeng/Research/DroneControl/user_study_v2/Yueyuan/Emergency/31.wav,Yueyuan/Emergency/31.wav,emergency,0.99609375,0.99609375,0.0,0.0,"[127, -128, -128]",True,,,,0.06720901001244783,1.1339999036863446,0.6346249720081687,1.8414580263197422
795,Yueyuan,emergency,unavailable_in_sd_path,32,/Users/zilongzeng/Research/DroneControl/user_study_v2/Yueyuan/Emergency/32.wav,Yueyuan/Emergency/32.wav,emergency,0.99609375,0.99609375,0.0,0.0,"[127, -128, -128]",True,,,,0.063458108343184,1.260375021956861,0.7078340277075768,2.039541956037283
796,Yueyuan,emergency,unavailable_in_sd_path,33,/Users/zilongzeng/Research/DroneControl/user_study_v2/Yueyuan/Emergency/33.wav,Yueyuan/Emergency/33.wav,emergency,0.99609375,0.99609375,0.0,0.0,"[127, -128, -128]",True,,,,0.09233399759978056,1.4368329429998994,0.6827500183135271,2.2176250349730253
797,Yueyuan,emergency,unavailable_in_sd_path,34,/Users/zilongzeng/Research/DroneControl/user_study_v2/Yueyuan/Emergency/34.wav,Yueyuan/Emergency/34.wav,emergency,0.99609375,0.99609375,0.0,0.0,"[127, -128, -128]",True,,,,0.0675420742481947,1.3944170204922557,0.6200410425662994,2.08883301820606
798,Yueyuan,emergency,unavailable_in_sd_path,35,/Users/zilongzeng/Research/DroneControl/user_study_v2/Yueyuan/Emergency/35.wav,Yueyuan/Emergency/35.wav,emergency,0.99609375,0.99609375,0.0,0.0,"[127, -128, -128]",True,,,,0.2126250183209777,1.223083003424108,0.6101659964770079,2.051332965493202
799,Yueyuan,emergency,unavailable_in_sd_path,36,/Users/zilongzeng/Research/DroneControl/user_study_v2/Yueyuan/Emergency/36.wav,Yueyuan/Emergency/36.wav,emergency,0.99609375,0.99609375,0.0,0.0,"[127, -128, -128]",True,,,,0.23424997925758362,1.3018749887123704,0.6215000757947564,2.1631669951602817
800,Yueyuan,emergency,unavailable_in_sd_path,37,/Users/zilongzeng/Research/DroneControl/user_study_v2/Yueyuan/Emergency/37.wav,Yueyuan/Emergency/37.wav,emergency,0.91796875,0.91796875,0.06640625,0.015625,"[107, -111, -124]",True,,,,0.06666698027402163,1.1151660000905395,0.6156670860946178,1.8024160526692867
801,Yueyuan,emergency,unavailable_in_sd_path,38,/Users/zilongzeng/Research/DroneControl/user_study_v2/Yueyuan/Emergency/38.wav,Yueyuan/Emergency/38.wav,emergency,0.69140625,0.69140625,0.30859375,0.0,"[49, -49, -128]",True,,,,0.06029102951288223,1.2031669029965997,0.6128330715000629,1.8812500638887286
802,Yueyuan,emergency,unavailable_in_sd_path,39,/Users/zilongzeng/Research/DroneControl/user_study_v2/Yueyuan/Emergency/39.wav,Yueyuan/Emergency/39.wav,emergency,0.99609375,0.99609375,0.0,0.0,"[127, -128, -128]",True,,,,0.06691704038530588,1.1412090389057994,0.6167920073494315,1.8303330289199948
803,Yueyuan,emergency,unavailable_in_sd_path,40,/Users/zilongzeng/Research/DroneControl/user_study_v2/Yueyuan/Emergency/40.wav,Yueyuan/Emergency/40.wav,emergency,0.99609375,0.99609375,0.00390625,0.0,"[127, -127, -128]",True,,,,0.06670807488262653,1.2210410786792636,0.6613330915570259,1.9558750791475177
804,Yueyuan,emergency,unavailable_in_sd_path,41,/Users/zilongzeng/Research/DroneControl/user_study_v2/Yueyuan/Emergency/41.wav,Yueyuan/Emergency/41.wav,movement,0.99609375,0.0,0.99609375,0.0,"[-128, 127, -128]",False,,,,0.0702079851180315,1.2595000443980098,0.6695420015603304,2.005582908168435
805,Yueyuan,emergency,unavailable_in_sd_path,42,/Users/zilongzeng/Research/DroneControl/user_study_v2/Yueyuan/Emergency/42.wav,Yueyuan/Emergency/42.wav,emergency,0.99609375,0.99609375,0.0,0.0,"[127, -128, -128]",True,,,,0.06570795085281134,1.1848330032080412,0.6806249730288982,1.9365409389138222
806,Yueyuan,emergency,unavailable_in_sd_path,43,/Users/zilongzeng/Research/DroneControl/user_study_v2/Yueyuan/Emergency/43.wav,Yueyuan/Emergency/43.wav,emergency,0.99609375,0.99609375,0.0,0.0,"[127, -128, -128]",True,,,,0.07716601248830557,1.1199169093742967,0.6182920187711716,1.8200830090790987
807,Yueyuan,emergency,unavailable_in_sd_path,44,/Users/zilongzeng/Research/DroneControl/user_study_v2/Yueyuan/Emergency/44.wav,Yueyuan/Emergency/44.wav,emergency,0.99609375,0.99609375,0.0,0.0,"[127, -128, -128]",True,,,,0.061416998505592346,1.1727919336408377,0.7204590365290642,1.9612920004874468
808,Yueyuan,emergency,unavailable_in_sd_path,45,/Users/zilongzeng/Research/DroneControl/user_study_v2/Yueyuan/Emergency/45.wav,Yueyuan/Emergency/45.wav,emergency,0.99609375,0.99609375,0.0,0.0,"[127, -128, -128]",True,,,,0.06579200271517038,1.3026250526309013,0.6563330534845591,2.0304169738665223
809,Yueyuan,emergency,unavailable_in_sd_path,46,/Users/zilongzeng/Research/DroneControl/user_study_v2/Yueyuan/Emergency/46.wav,Yueyuan/Emergency/46.wav,emergency,0.99609375,0.99609375,0.0,0.0,"[127, -128, -128]",True,,,,0.06979191675782204,1.229209010489285,0.7255419623106718,2.031250041909516
810,Yueyuan,emergency,unavailable_in_sd_path,47,/Users/zilongzeng/Research/DroneControl/user_study_v2/Yueyuan/Emergency/47.wav,Yueyuan/Emergency/47.wav,emergency,0.99609375,0.99609375,0.0,0.0,"[127, -128, -128]",True,,,,0.22987497504800558,1.2605419615283608,0.7036250317469239,2.199874958023429
811,Yueyuan,emergency,unavailable_in_sd_path,48,/Users/zilongzeng/Research/DroneControl/user_study_v2/Yueyuan/Emergency/48.wav,Yueyuan/Emergency/48.wav,emergency,0.99609375,0.99609375,0.0,0.0,"[127, -128, -128]",True,,,,0.22316700778901577,1.350749982520938,0.6839579436928034,2.264374983496964
812,Yueyuan,emergency,unavailable_in_sd_path,49,/Users/zilongzeng/Research/DroneControl/user_study_v2/Yueyuan/Emergency/49.wav,Yueyuan/Emergency/49.wav,emergency,0.99609375,0.99609375,0.0,0.0,"[127, -128, -128]",True,,,,0.06904196925461292,1.4219579752534628,0.6242080125957727,2.1250839345157146
813,Yueyuan,movement,unavailable_in_sd_path,0,/Users/zilongzeng/Research/DroneControl/user_study_v2/Yueyuan/Movement/0.wav,Yueyuan/Movement/0.wav,movement,0.99609375,0.0,0.99609375,0.0,"[-128, 127, -128]",True,,,,0.33008295577019453,1.300457981415093,0.6610420532524586,2.2982090013101697
814,Yueyuan,movement,unavailable_in_sd_path,1,/Users/zilongzeng/Research/DroneControl/user_study_v2/Yueyuan/Movement/1.wav,Yueyuan/Movement/1.wav,movement,0.99609375,0.0,0.99609375,0.0,"[-128, 127, -128]",True,,,,0.34191692247986794,1.1227079667150974,0.6154170259833336,2.08545895293355
815,Yueyuan,movement,unavailable_in_sd_path,2,/Users/zilongzeng/Research/DroneControl/user_study_v2/Yueyuan/Movement/2.wav,Yueyuan/Movement/2.wav,movement,0.99609375,0.0,0.99609375,0.0,"[-128, 127, -128]",True,,,,0.06912508979439735,1.274875015951693,0.700291944667697,2.0512499613687396
816,Yueyuan,movement,unavailable_in_sd_path,3,/Users/zilongzeng/Research/DroneControl/user_study_v2/Yueyuan/Movement/3.wav,Yueyuan/Movement/3.wav,movement,0.99609375,0.0,0.99609375,0.0,"[-128, 127, -128]",True,,,,0.07687497418373823,1.453666016459465,0.6573749706149101,2.1990409586578608
817,Yueyuan,movement,unavailable_in_sd_path,4,/Users/zilongzeng/Research/DroneControl/user_study_v2/Yueyuan/Movement/4.wav,Yueyuan/Movement/4.wav,movement,0.99609375,0.0,0.99609375,0.0,"[-128, 127, -128]",True,,,,0.2092909999191761,1.2904579052701592,0.6245000986382365,2.1319169318303466
818,Yueyuan,movement,unavailable_in_sd_path,5,/Users/zilongzeng/Research/DroneControl/user_study_v2/Yueyuan/Movement/5.wav,Yueyuan/Movement/5.wav,movement,0.99609375,0.0,0.99609375,0.0,"[-128, 127, -128]",True,,,,0.09624997619539499,1.1630830122157931,0.6316249491646886,1.896291971206665
819,Yueyuan,movement,unavailable_in_sd_path,6,/Users/zilongzeng/Research/DroneControl/user_study_v2/Yueyuan/Movement/6.wav,Yueyuan/Movement/6.wav,movement,0.99609375,0.0,0.99609375,0.0,"[-128, 127, -128]",True,,,,0.06500002928078175,1.2274159817025065,0.6458749994635582,1.9435420399531722
820,Yueyuan,movement,unavailable_in_sd_path,7,/Users/zilongzeng/Research/DroneControl/user_study_v2/Yueyuan/Movement/7.wav,Yueyuan/Movement/7.wav,movement,0.99609375,0.0,0.99609375,0.0,"[-128, 127, -128]",True,,,,0.07195794023573399,1.2887080665677786,0.6329580210149288,2.014875062741339
821,Yueyuan,movement,unavailable_in_sd_path,8,/Users/zilongzeng/Research/DroneControl/user_study_v2/Yueyuan/Movement/8.wav,Yueyuan/Movement/8.wav,movement,0.99609375,0.0,0.99609375,0.0,"[-128, 127, -128]",True,,,,0.18391699995845556,1.3040000339969993,0.6369589827954769,2.130499924533069
822,Yueyuan,movement,unavailable_in_sd_path,9,/Users/zilongzeng/Research/DroneControl/user_study_v2/Yueyuan/Movement/9.wav,Yueyuan/Movement/9.wav,movement,0.99609375,0.0,0.99609375,0.0,"[-128, 127, -128]",True,,,,0.06816699169576168,1.097541069611907,0.6130409892648458,1.7835830803960562
823,Yueyuan,movement,unavailable_in_sd_path,10,/Users/zilongzeng/Research/DroneControl/user_study_v2/Yueyuan/Movement/10.wav,Yueyuan/Movement/10.wav,movement,0.99609375,0.0,0.99609375,0.0,"[-128, 127, -128]",True,,,,0.051915994845330715,1.3341250596567988,0.6310829194262624,2.026416943408549
824,Yueyuan,movement,unavailable_in_sd_path,11,/Users/zilongzeng/Research/DroneControl/user_study_v2/Yueyuan/Movement/11.wav,Yueyuan/Movement/11.wav,movement,0.99609375,0.0,0.99609375,0.0,"[-128, 127, -128]",True,,,,0.15954207628965378,1.196916913613677,0.6352498894557357,1.997667015530169
825,Yueyuan,movement,unavailable_in_sd_path,12,/Users/zilongzeng/Research/DroneControl/user_study_v2/Yueyuan/Movement/12.wav,Yueyuan/Movement/12.wav,movement,0.66796875,0.296875,0.66796875,0.03125,"[-52, 43, -120]",True,,,,0.07512501906603575,1.2059579603374004,0.7509579882025719,2.038083039224148
826,Yueyuan,movement,unavailable_in_sd_path,13,/Users/zilongzeng/Research/DroneControl/user_study_v2/Yueyuan/Movement/13.wav,Yueyuan/Movement/13.wav,emergency,0.87890625,0.87890625,0.1171875,0.00390625,"[97, -98, -127]",False,,,,0.07179100066423416,1.1812909506261349,0.614207936450839,1.8725000554695725
827,Yueyuan,movement,unavailable_in_sd_path,14,/Users/zilongzeng/Research/DroneControl/user_study_v2/Yueyuan/Movement/14.wav,Yueyuan/Movement/14.wav,movement,0.99609375,0.0,0.99609375,0.0,"[-128, 127, -128]",True,,,,0.062290928326547146,1.3210000470280647,0.6231250008568168,2.0154579542577267
828,Yueyuan,movement,unavailable_in_sd_path,15,/Users/zilongzeng/Research/DroneControl/user_study_v2/Yueyuan/Movement/15.wav,Yueyuan/Movement/15.wav,movement,0.99609375,0.0,0.99609375,0.0,"[-128, 127, -128]",True,,,,0.15312503091990948,1.2570839608088136,0.6867500487715006,2.1050000796094537
829,Yueyuan,movement,unavailable_in_sd_path,16,/Users/zilongzeng/Research/DroneControl/user_study_v2/Yueyuan/Movement/16.wav,Yueyuan/Movement/16.wav,movement,0.99609375,0.0,0.99609375,0.0,"[-128, 127, -128]",True,,,,0.10341696906834841,1.2420839630067348,0.7322080200538039,2.0835830364376307
830,Yueyuan,movement,unavailable_in_sd_path,17,/Users/zilongzeng/Research/DroneControl/user_study_v2/Yueyuan/Movement/17.wav,Yueyuan/Movement/17.wav,movement,0.99609375,0.0,0.99609375,0.0,"[-128, 127, -128]",True,,,,0.07212499622255564,1.1343329679220915,0.6207500118762255,1.832250040024519
831,Yueyuan,movement,unavailable_in_sd_path,18,/Users/zilongzeng/Research/DroneControl/user_study_v2/Yueyuan/Movement/18.wav,Yueyuan/Movement/18.wav,movement,0.99609375,0.0,0.99609375,0.0,"[-128, 127, -128]",True,,,,0.20029209554195404,1.148749957792461,0.6763329729437828,2.0309999817982316
832,Yueyuan,movement,unavailable_in_sd_path,19,/Users/zilongzeng/Research/DroneControl/user_study_v2/Yueyuan/Movement/19.wav,Yueyuan/Movement/19.wav,movement,0.99609375,0.0,0.99609375,0.0,"[-128, 127, -128]",True,,,,0.2211249666288495,1.1731249978765845,0.6397500401362777,2.039582934230566
833,Yueyuan,movement,unavailable_in_sd_path,20,/Users/zilongzeng/Research/DroneControl/user_study_v2/Yueyuan/Movement/20.wav,Yueyuan/Movement/20.wav,movement,0.99609375,0.0,0.99609375,0.0,"[-128, 127, -128]",True,,,,0.05704199429601431,1.1610420187935233,0.6165000377222896,1.8405000446364284
834,Yueyuan,movement,unavailable_in_sd_path,21,/Users/zilongzeng/Research/DroneControl/user_study_v2/Yueyuan/Movement/21.wav,Yueyuan/Movement/21.wav,movement,0.99609375,0.0,0.99609375,0.0,"[-128, 127, -128]",True,,,,0.06220804061740637,1.2164999498054385,0.620041973888874,1.9045420922338963
835,Yueyuan,movement,unavailable_in_sd_path,22,/Users/zilongzeng/Research/DroneControl/user_study_v2/Yueyuan/Movement/22.wav,Yueyuan/Movement/22.wav,movement,0.9921875,0.0,0.9921875,0.0078125,"[-128, 126, -126]",True,,,,0.07308402564376593,1.3115420006215572,0.6347079761326313,2.0249580265954137
836,Yueyuan,movement,unavailable_in_sd_path,23,/Users/zilongzeng/Research/DroneControl/user_study_v2/Yueyuan/Movement/23.wav,Yueyuan/Movement/23.wav,movement,0.99609375,0.0,0.99609375,0.0,"[-128, 127, -128]",True,,,,0.07333292160183191,1.4871669700369239,0.7283330196514726,2.2960409987717867
837,Yueyuan,movement,unavailable_in_sd_path,24,/Users/zilongzeng/Research/DroneControl/user_study_v2/Yueyuan/Movement/24.wav,Yueyuan/Movement/24.wav,movement,0.99609375,0.0,0.99609375,0.0,"[-128, 127, -128]",True,,,,0.23987493477761745,1.365042058750987,0.7460829801857471,2.358041936531663
838,Yueyuan,movement,unavailable_in_sd_path,25,/Users/zilongzeng/Research/DroneControl/user_study_v2/Yueyuan/Movement/25.wav,Yueyuan/Movement/25.wav,movement,0.99609375,0.0,0.99609375,0.0,"[-128, 127, -128]",True,,,,1.376124913804233,1.380166970193386,0.7676670793443918,3.534874995239079
839,Yueyuan,movement,unavailable_in_sd_path,26,/Users/zilongzeng/Research/DroneControl/user_study_v2/Yueyuan/Movement/26.wav,Yueyuan/Movement/26.wav,emergency,0.9921875,0.9921875,0.0078125,0.0,"[126, -126, -128]",False,,,,0.10024989023804665,1.5177919995039701,0.721000018529594,2.3454579059034586
840,Yueyuan,movement,unavailable_in_sd_path,27,/Users/zilongzeng/Research/DroneControl/user_study_v2/Yueyuan/Movement/27.wav,Yueyuan/Movement/27.wav,movement,0.99609375,0.0,0.99609375,0.0,"[-128, 127, -128]",True,,,,0.08408306166529655,1.3780411100015044,0.6712920730933547,2.1416249219328165
841,Yueyuan,movement,unavailable_in_sd_path,28,/Users/zilongzeng/Research/DroneControl/user_study_v2/Yueyuan/Movement/28.wav,Yueyuan/Movement/28.wav,movement,0.99609375,0.0,0.99609375,0.0,"[-128, 127, -128]",True,,,,0.09583309292793274,1.4834580942988396,0.6313750054687262,2.2191249299794436
842,Yueyuan,movement,unavailable_in_sd_path,29,/Users/zilongzeng/Research/DroneControl/user_study_v2/Yueyuan/Movement/29.wav,Yueyuan/Movement/29.wav,movement,0.99609375,0.0,0.99609375,0.0,"[-128, 127, -128]",True,,,,0.1764589687809348,1.2704579858109355,0.7473339792340994,2.202749950811267
843,Yueyuan,movement,unavailable_in_sd_path,30,/Users/zilongzeng/Research/DroneControl/user_study_v2/Yueyuan/Movement/30.wav,Yueyuan/Movement/30.wav,movement,0.99609375,0.0,0.99609375,0.0,"[-128, 127, -128]",True,,,,0.11866691056638956,1.235665986314416,0.6159580079838634,1.9753749947994947
844,Yueyuan,movement,unavailable_in_sd_path,31,/Users/zilongzeng/Research/DroneControl/user_study_v2/Yueyuan/Movement/31.wav,Yueyuan/Movement/31.wav,movement,0.99609375,0.0,0.99609375,0.0,"[-128, 127, -128]",True,,,,0.07216609083116055,1.1128330370411277,0.6652079755440354,1.859332900494337
845,Yueyuan,movement,unavailable_in_sd_path,32,/Users/zilongzeng/Research/DroneControl/user_study_v2/Yueyuan/Movement/32.wav,Yueyuan/Movement/32.wav,movement,0.99609375,0.0,0.99609375,0.0,"[-128, 127, -128]",True,,,,0.07104105316102505,1.331582898274064,0.6211660802364349,2.0288749365136027
846,Yueyuan,movement,unavailable_in_sd_path,33,/Users/zilongzeng/Research/DroneControl/user_study_v2/Yueyuan/Movement/33.wav,Yueyuan/Movement/33.wav,movement,0.99609375,0.0,0.99609375,0.0,"[-128, 127, -128]",True,,,,0.07745902985334396,1.1117089306935668,0.628334004431963,1.8225410021841526
847,Yueyuan,movement,unavailable_in_sd_path,34,/Users/zilongzeng/Research/DroneControl/user_study_v2/Yueyuan/Movement/34.wav,Yueyuan/Movement/34.wav,movement,0.99609375,0.0,0.99609375,0.0,"[-128, 127, -128]",True,,,,0.05450006574392319,1.380541012622416,0.6411250215023756,2.0865830592811108
848,Yueyuan,movement,unavailable_in_sd_path,35,/Users/zilongzeng/Research/DroneControl/user_study_v2/Yueyuan/Movement/35.wav,Yueyuan/Movement/35.wav,movement,0.99609375,0.0,0.99609375,0.0,"[-128, 127, -128]",True,,,,0.1997909275814891,1.1586669133976102,0.6137080490589142,1.9776669796556234
849,Yueyuan,movement,unavailable_in_sd_path,36,/Users/zilongzeng/Research/DroneControl/user_study_v2/Yueyuan/Movement/36.wav,Yueyuan/Movement/36.wav,movement,0.99609375,0.0,0.99609375,0.0,"[-128, 127, -128]",True,,,,0.06412493530660868,1.2880830327048898,0.6997910095378757,2.058040932752192
850,Yueyuan,movement,unavailable_in_sd_path,37,/Users/zilongzeng/Research/DroneControl/user_study_v2/Yueyuan/Movement/37.wav,Yueyuan/Movement/37.wav,movement,0.99609375,0.0,0.99609375,0.0,"[-128, 127, -128]",True,,,,0.08554104715585709,1.1775419116020203,0.6312500918284059,1.8991250544786453
851,Yueyuan,movement,unavailable_in_sd_path,38,/Users/zilongzeng/Research/DroneControl/user_study_v2/Yueyuan/Movement/38.wav,Yueyuan/Movement/38.wav,movement,0.99609375,0.0,0.99609375,0.0,"[-128, 127, -128]",True,,,,0.07045792881399393,1.208583009429276,0.6286249263212085,1.9130000146105886
852,Yueyuan,movement,unavailable_in_sd_path,39,/Users/zilongzeng/Research/DroneControl/user_study_v2/Yueyuan/Movement/39.wav,Yueyuan/Movement/39.wav,movement,0.99609375,0.0,0.99609375,0.0,"[-128, 127, -128]",True,,,,0.07683294825255871,1.356207998469472,0.7030830020084977,2.14262492954731
853,Yueyuan,movement,unavailable_in_sd_path,40,/Users/zilongzeng/Research/DroneControl/user_study_v2/Yueyuan/Movement/40.wav,Yueyuan/Movement/40.wav,movement,0.99609375,0.0,0.99609375,0.0,"[-128, 127, -128]",True,,,,0.09254203177988529,1.5152079286053777,0.7012500427663326,2.349084010347724
854,Yueyuan,movement,unavailable_in_sd_path,41,/Users/zilongzeng/Research/DroneControl/user_study_v2/Yueyuan/Movement/41.wav,Yueyuan/Movement/41.wav,movement,0.99609375,0.0,0.99609375,0.0,"[-128, 127, -128]",True,,,,0.34616701304912567,1.3055000454187393,0.7622919511049986,2.423624973744154
855,Yueyuan,movement,unavailable_in_sd_path,42,/Users/zilongzeng/Research/DroneControl/user_study_v2/Yueyuan/Movement/42.wav,Yueyuan/Movement/42.wav,movement,0.99609375,0.0,0.99609375,0.0,"[-128, 127, -128]",True,,,,0.3855000250041485,1.2074169935658574,0.6691250018775463,2.2682499838992953
856,Yueyuan,movement,unavailable_in_sd_path,43,/Users/zilongzeng/Research/DroneControl/user_study_v2/Yueyuan/Movement/43.wav,Yueyuan/Movement/43.wav,movement,0.99609375,0.0,0.99609375,0.0,"[-128, 127, -128]",True,,,,0.06533402483910322,1.4130829367786646,0.6183750228956342,2.1054999670013785
857,Yueyuan,movement,unavailable_in_sd_path,44,/Users/zilongzeng/Research/DroneControl/user_study_v2/Yueyuan/Movement/44.wav,Yueyuan/Movement/44.wav,movement,0.99609375,0.0,0.99609375,0.0,"[-128, 127, -128]",True,,,,0.25179097428917885,1.3749999925494194,0.600542058236897,2.235415973700583
858,Yueyuan,movement,unavailable_in_sd_path,45,/Users/zilongzeng/Research/DroneControl/user_study_v2/Yueyuan/Movement/45.wav,Yueyuan/Movement/45.wav,movement,0.99609375,0.0,0.99609375,0.0,"[-128, 127, -128]",True,,,,0.10879198089241982,1.3122910168021917,0.7380420574918389,2.1678340854123235
859,Yueyuan,movement,unavailable_in_sd_path,46,/Users/zilongzeng/Research/DroneControl/user_study_v2/Yueyuan/Movement/46.wav,Yueyuan/Movement/46.wav,movement,0.99609375,0.0,0.99609375,0.0,"[-128, 127, -128]",True,,,,0.1241250429302454,1.225584070198238,0.6733330665156245,2.0306669175624847
860,Yueyuan,movement,unavailable_in_sd_path,47,/Users/zilongzeng/Research/DroneControl/user_study_v2/Yueyuan/Movement/47.wav,Yueyuan/Movement/47.wav,movement,0.99609375,0.0,0.99609375,0.0,"[-128, 127, -128]",True,,,,0.095625058747828,1.3534589670598507,0.6154580041766167,2.0734589779749513
861,Yueyuan,movement,unavailable_in_sd_path,48,/Users/zilongzeng/Research/DroneControl/user_study_v2/Yueyuan/Movement/48.wav,Yueyuan/Movement/48.wav,movement,0.93359375,0.06640625,0.93359375,0.0,"[-111, 111, -128]",True,,,,0.13562501408159733,1.2746250722557306,0.6065419875085354,2.02495907433331
862,Yueyuan,movement,unavailable_in_sd_path,49,/Users/zilongzeng/Research/DroneControl/user_study_v2/Yueyuan/Movement/49.wav,Yueyuan/Movement/49.wav,movement,0.99609375,0.0,0.99609375,0.0,"[-128, 127, -128]",True,,,,0.12008391786366701,1.30091595929116,0.696041970513761,2.1251669386401772
863,Yunfei,emergency,unavailable_in_sd_path,0,/Users/zilongzeng/Research/DroneControl/user_study_v2/Yunfei/Emergency/0.wav,Yunfei/Emergency/0.wav,emergency,0.99609375,0.99609375,0.0,0.0,"[127, -128, -128]",True,,,,0.23395800963044167,1.2300839880481362,0.6576669402420521,2.1273749880492687
864,Yunfei,emergency,unavailable_in_sd_path,1,/Users/zilongzeng/Research/DroneControl/user_study_v2/Yunfei/Emergency/1.wav,Yunfei/Emergency/1.wav,emergency,0.99609375,0.99609375,0.0,0.0,"[127, -128, -128]",True,,,,0.07670791819691658,1.1942500714212656,0.7151669124141335,1.9935419550165534
865,Yunfei,emergency,unavailable_in_sd_path,2,/Users/zilongzeng/Research/DroneControl/user_study_v2/Yunfei/Emergency/2.wav,Yunfei/Emergency/2.wav,emergency,0.99609375,0.99609375,0.0,0.0,"[127, -128, -128]",True,,,,0.08458294905722141,1.2772920308634639,0.6744590355083346,2.042667008936405
866,Yunfei,emergency,unavailable_in_sd_path,3,/Users/zilongzeng/Research/DroneControl/user_study_v2/Yunfei/Emergency/3.wav,Yunfei/Emergency/3.wav,emergency,0.99609375,0.99609375,0.0,0.0,"[127, -128, -128]",True,,,,0.08725002408027649,1.2006250908598304,0.7372080581262708,2.030916977673769
867,Yunfei,emergency,unavailable_in_sd_path,4,/Users/zilongzeng/Research/DroneControl/user_study_v2/Yunfei/Emergency/4.wav,Yunfei/Emergency/4.wav,emergency,0.99609375,0.99609375,0.0,0.0,"[127, -128, -128]",True,,,,0.2025000285357237,1.150249969214201,0.6117090815678239,1.970374956727028
868,Yunfei,emergency,unavailable_in_sd_path,5,/Users/zilongzeng/Research/DroneControl/user_study_v2/Yunfei/Emergency/5.wav,Yunfei/Emergency/5.wav,emergency,0.99609375,0.99609375,0.0,0.0,"[127, -128, -128]",True,,,,0.21091604139655828,1.05629104655236,0.7667089812457561,2.0804170053452253
869,Yunfei,emergency,unavailable_in_sd_path,6,/Users/zilongzeng/Research/DroneControl/user_study_v2/Yunfei/Emergency/6.wav,Yunfei/Emergency/6.wav,emergency,0.859375,0.859375,0.0,0.140625,"[92, -128, -92]",True,,,,0.15116599388420582,1.5844580484554172,0.7167910225689411,2.462749951519072
870,Yunfei,emergency,unavailable_in_sd_path,7,/Users/zilongzeng/Research/DroneControl/user_study_v2/Yunfei/Emergency/7.wav,Yunfei/Emergency/7.wav,unknown,0.99609375,0.0,0.0,0.99609375,"[-128, -128, 127]",False,,,,0.12354203499853611,1.5119159361347556,0.64820796251297,2.289583091624081
871,Yunfei,emergency,unavailable_in_sd_path,8,/Users/zilongzeng/Research/DroneControl/user_study_v2/Yunfei/Emergency/8.wav,Yunfei/Emergency/8.wav,emergency,0.99609375,0.99609375,0.0,0.0,"[127, -128, -128]",True,,,,0.07929198909550905,1.2721250532194972,0.6559999892488122,2.0129999611526728
872,Yunfei,emergency,unavailable_in_sd_path,9,/Users/zilongzeng/Research/DroneControl/user_study_v2/Yunfei/Emergency/9.wav,Yunfei/Emergency/9.wav,emergency,0.9921875,0.9921875,0.0078125,0.0,"[126, -126, -128]",True,,,,0.08824991527944803,1.3758750865235925,0.6452919915318489,2.1167920203879476
873,Yunfei,emergency,unavailable_in_sd_path,10,/Users/zilongzeng/Research/DroneControl/user_study_v2/Yunfei/Emergency/10.wav,Yunfei/Emergency/10.wav,emergency,0.99609375,0.99609375,0.0,0.0,"[127, -128, -128]",True,,,,0.1016249880194664,1.369333011098206,0.6513749249279499,2.1289580035954714
874,Yunfei,emergency,unavailable_in_sd_path,11,/Users/zilongzeng/Research/DroneControl/user_study_v2/Yunfei/Emergency/11.wav,Yunfei/Emergency/11.wav,emergency,0.99609375,0.99609375,0.0,0.0,"[127, -128, -128]",True,,,,0.08208304643630981,1.4235000126063824,0.6595420418307185,2.1735000191256404
875,Yunfei,emergency,unavailable_in_sd_path,12,/Users/zilongzeng/Research/DroneControl/user_study_v2/Yunfei/Emergency/12.wav,Yunfei/Emergency/12.wav,emergency,0.99609375,0.99609375,0.0,0.0,"[127, -128, -128]",True,,,,0.10241707786917686,1.4186250045895576,0.6311669712886214,2.1612080745399
876,Yunfei,emergency,unavailable_in_sd_path,13,/Users/zilongzeng/Research/DroneControl/user_study_v2/Yunfei/Emergency/13.wav,Yunfei/Emergency/13.wav,emergency,0.99609375,0.99609375,0.0,0.0,"[127, -128, -128]",True,,,,0.3310419851914048,1.3446250231936574,0.7465831004083157,2.429499989375472
877,Yunfei,emergency,unavailable_in_sd_path,14,/Users/zilongzeng/Research/DroneControl/user_study_v2/Yunfei/Emergency/14.wav,Yunfei/Emergency/14.wav,emergency,0.99609375,0.99609375,0.0,0.0,"[127, -128, -128]",True,,,,0.2995419781655073,1.3067909749224782,0.6952079711481929,2.3119590478017926
878,Yunfei,emergency,unavailable_in_sd_path,15,/Users/zilongzeng/Research/DroneControl/user_study_v2/Yunfei/Emergency/15.wav,Yunfei/Emergency/15.wav,emergency,0.99609375,0.99609375,0.0,0.0,"[127, -128, -128]",True,,,,0.11708296369761229,1.4546250458806753,0.6455419352278113,2.227584016509354
879,Yunfei,emergency,unavailable_in_sd_path,16,/Users/zilongzeng/Research/DroneControl/user_study_v2/Yunfei/Emergency/16.wav,Yunfei/Emergency/16.wav,movement,0.99609375,0.0,0.99609375,0.0,"[-128, 127, -128]",False,,,,0.19512500148266554,1.167292008176446,0.7005840307101607,2.0713750272989273
880,Yunfei,emergency,unavailable_in_sd_path,17,/Users/zilongzeng/Research/DroneControl/user_study_v2/Yunfei/Emergency/17.wav,Yunfei/Emergency/17.wav,movement,0.93359375,0.06640625,0.93359375,0.0,"[-111, 111, -128]",False,,,,0.0842920271679759,1.1788749834522605,0.6255829939618707,1.8937080167233944
881,Yunfei,emergency,unavailable_in_sd_path,18,/Users/zilongzeng/Research/DroneControl/user_study_v2/Yunfei/Emergency/18.wav,Yunfei/Emergency/18.wav,emergency,0.99609375,0.99609375,0.0,0.0,"[127, -128, -128]",True,,,,0.07037492468953133,1.1807079426944256,0.6667920388281345,1.9364580512046814
882,Yunfei,emergency,unavailable_in_sd_path,19,/Users/zilongzeng/Research/DroneControl/user_study_v2/Yunfei/Emergency/19.wav,Yunfei/Emergency/19.wav,emergency,0.99609375,0.99609375,0.0,0.0,"[127, -128, -128]",True,,,,0.07825007196515799,1.2978329323232174,0.7048749830573797,2.089083078317344
883,Yunfei,emergency,unavailable_in_sd_path,20,/Users/zilongzeng/Research/DroneControl/user_study_v2/Yunfei/Emergency/20.wav,Yunfei/Emergency/20.wav,emergency,0.9453125,0.9453125,0.0546875,0.0,"[114, -114, -128]",True,,,,0.10737497359514236,1.3797919964417815,0.6742500700056553,2.169499988667667
884,Yunfei,emergency,unavailable_in_sd_path,21,/Users/zilongzeng/Research/DroneControl/user_study_v2/Yunfei/Emergency/21.wav,Yunfei/Emergency/21.wav,emergency,0.984375,0.984375,0.0,0.015625,"[124, -128, -124]",True,,,,0.07395807188004255,1.3923749793320894,0.7008330430835485,2.1770840976387262
885,Yunfei,emergency,unavailable_in_sd_path,22,/Users/zilongzeng/Research/DroneControl/user_study_v2/Yunfei/Emergency/22.wav,Yunfei/Emergency/22.wav,emergency,0.99609375,0.99609375,0.0,0.0,"[127, -128, -128]",True,,,,0.0761660048738122,1.2194159207865596,0.668833963572979,1.971250050701201
886,Yunfei,emergency,unavailable_in_sd_path,23,/Users/zilongzeng/Research/DroneControl/user_study_v2/Yunfei/Emergency/23.wav,Yunfei/Emergency/23.wav,emergency,0.99609375,0.99609375,0.0,0.0,"[127, -128, -128]",True,,,,0.06658292841166258,1.3097500195726752,0.6463750032708049,2.028582966886461
887,Yunfei,emergency,unavailable_in_sd_path,24,/Users/zilongzeng/Research/DroneControl/user_study_v2/Yunfei/Emergency/24.wav,Yunfei/Emergency/24.wav,unknown,0.99609375,0.0,0.0,0.99609375,"[-128, -128, 127]",False,,,,0.08108303882181644,1.2515829876065254,0.6512920372188091,1.9902500789612532
888,Yunfei,emergency,unavailable_in_sd_path,25,/Users/zilongzeng/Research/DroneControl/user_study_v2/Yunfei/Emergency/25.wav,Yunfei/Emergency/25.wav,emergency,0.99609375,0.99609375,0.0,0.0,"[127, -128, -128]",True,,,,0.06850005593150854,1.249791937880218,0.6810000631958246,2.0060830283910036
889,Yunfei,emergency,unavailable_in_sd_path,26,/Users/zilongzeng/Research/DroneControl/user_study_v2/Yunfei/Emergency/26.wav,Yunfei/Emergency/26.wav,unknown,0.546875,0.0078125,0.4453125,0.546875,"[-126, -14, 12]",False,,,,0.10616600047796965,1.2343339622020721,0.6735420320183039,2.020374988205731
890,Yunfei,emergency,unavailable_in_sd_path,27,/Users/zilongzeng/Research/DroneControl/user_study_v2/Yunfei/Emergency/27.wav,Yunfei/Emergency/27.wav,emergency,0.99609375,0.99609375,0.0,0.0,"[127, -128, -128]",True,,,,0.06862508598715067,1.3397498987615108,0.6653750315308571,2.079749945551157
891,Yunfei,emergency,unavailable_in_sd_path,28,/Users/zilongzeng/Research/DroneControl/user_study_v2/Yunfei/Emergency/28.wav,Yunfei/Emergency/28.wav,emergency,0.99609375,0.99609375,0.0,0.0,"[127, -128, -128]",True,,,,0.07154198829084635,1.2656670296564698,0.6359999533742666,1.9790829392150044
892,Yunfei,emergency,unavailable_in_sd_path,29,/Users/zilongzeng/Research/DroneControl/user_study_v2/Yunfei/Emergency/29.wav,Yunfei/Emergency/29.wav,emergency,0.99609375,0.99609375,0.0,0.0,"[127, -128, -128]",True,,,,0.07895904127508402,1.3225419679656625,0.6279170047491789,2.034915960393846
893,Yunfei,emergency,unavailable_in_sd_path,30,/Users/zilongzeng/Research/DroneControl/user_study_v2/Yunfei/Emergency/30.wav,Yunfei/Emergency/30.wav,emergency,0.99609375,0.99609375,0.0,0.0,"[127, -128, -128]",True,,,,0.06958306767046452,1.3227079762145877,0.6253329338505864,2.0227920031175017
894,Yunfei,emergency,unavailable_in_sd_path,31,/Users/zilongzeng/Research/DroneControl/user_study_v2/Yunfei/Emergency/31.wav,Yunfei/Emergency/31.wav,emergency,0.99609375,0.99609375,0.0,0.0,"[127, -128, -128]",True,,,,0.13958301860839128,1.3082920340821147,0.6268329452723265,2.080207923427224
895,Yunfei,emergency,unavailable_in_sd_path,32,/Users/zilongzeng/Research/DroneControl/user_study_v2/Yunfei/Emergency/32.wav,Yunfei/Emergency/32.wav,emergency,0.99609375,0.99609375,0.0,0.0,"[127, -128, -128]",True,,,,0.21666695829480886,1.1002080282196403,0.6388329202309251,1.9607909489423037
896,Yunfei,emergency,unavailable_in_sd_path,33,/Users/zilongzeng/Research/DroneControl/user_study_v2/Yunfei/Emergency/33.wav,Yunfei/Emergency/33.wav,emergency,0.99609375,0.99609375,0.0,0.0,"[127, -128, -128]",True,,,,0.24512503296136856,1.2917080894112587,0.6217500194907188,2.1638330072164536
897,Yunfei,emergency,unavailable_in_sd_path,34,/Users/zilongzeng/Research/DroneControl/user_study_v2/Yunfei/Emergency/34.wav,Yunfei/Emergency/34.wav,emergency,0.99609375,0.99609375,0.0,0.0,"[127, -128, -128]",True,,,,0.06033293902873993,1.1574160307645798,0.6537920562550426,1.8767090514302254
898,Yunfei,emergency,unavailable_in_sd_path,35,/Users/zilongzeng/Research/DroneControl/user_study_v2/Yunfei/Emergency/35.wav,Yunfei/Emergency/35.wav,emergency,0.99609375,0.99609375,0.0,0.0,"[127, -128, -128]",True,,,,0.1830830005928874,1.2511250097304583,0.6378339603543282,2.077041077427566
899,Yunfei,emergency,unavailable_in_sd_path,36,/Users/zilongzeng/Research/DroneControl/user_study_v2/Yunfei/Emergency/36.wav,Yunfei/Emergency/36.wav,unknown,0.99609375,0.0,0.0,0.99609375,"[-128, -128, 127]",False,,,,0.06620807107537985,1.1430000886321068,0.6375840166583657,1.8516670679673553
900,Yunfei,emergency,unavailable_in_sd_path,37,/Users/zilongzeng/Research/DroneControl/user_study_v2/Yunfei/Emergency/37.wav,Yunfei/Emergency/37.wav,emergency,0.99609375,0.99609375,0.0,0.0,"[127, -128, -128]",True,,,,0.053042080253362656,1.3697081012651324,0.6240410730242729,2.052708063274622
901,Yunfei,emergency,unavailable_in_sd_path,38,/Users/zilongzeng/Research/DroneControl/user_study_v2/Yunfei/Emergency/38.wav,Yunfei/Emergency/38.wav,emergency,0.55078125,0.55078125,0.44921875,0.0,"[13, -13, -128]",True,,,,0.06829202175140381,1.3668329920619726,0.6373340729624033,2.0820830250158906
902,Yunfei,emergency,unavailable_in_sd_path,39,/Users/zilongzeng/Research/DroneControl/user_study_v2/Yunfei/Emergency/39.wav,Yunfei/Emergency/39.wav,emergency,0.99609375,0.99609375,0.0,0.0,"[127, -128, -128]",True,,,,0.15004200395196676,1.2765830615535378,0.6254999898374081,2.0585410529747605
903,Yunfei,emergency,unavailable_in_sd_path,40,/Users/zilongzeng/Research/DroneControl/user_study_v2/Yunfei/Emergency/40.wav,Yunfei/Emergency/40.wav,emergency,0.9609375,0.9609375,0.0390625,0.0,"[118, -118, -128]",True,,,,0.08216698188334703,1.1928749736398458,0.6342920241877437,1.9145410042256117
904,Yunfei,emergency,unavailable_in_sd_path,41,/Users/zilongzeng/Research/DroneControl/user_study_v2/Yunfei/Emergency/41.wav,Yunfei/Emergency/41.wav,emergency,0.99609375,0.99609375,0.0,0.0,"[127, -128, -128]",True,,,,0.06237498018890619,1.307999948039651,0.662083039060235,2.037749974988401
905,Yunfei,emergency,unavailable_in_sd_path,42,/Users/zilongzeng/Research/DroneControl/user_study_v2/Yunfei/Emergency/42.wav,Yunfei/Emergency/42.wav,emergency,0.984375,0.984375,0.0,0.015625,"[124, -128, -124]",True,,,,0.06154191214591265,1.3843750348314643,0.6344589637592435,2.090291935019195
906,Yunfei,emergency,unavailable_in_sd_path,43,/Users/zilongzeng/Research/DroneControl/user_study_v2/Yunfei/Emergency/43.wav,Yunfei/Emergency/43.wav,emergency,0.99609375,0.99609375,0.0,0.0,"[127, -128, -128]",True,,,,0.19620894454419613,1.3841670006513596,0.6758329691365361,2.2637909278273582
907,Yunfei,emergency,unavailable_in_sd_path,44,/Users/zilongzeng/Research/DroneControl/user_study_v2/Yunfei/Emergency/44.wav,Yunfei/Emergency/44.wav,emergency,0.99609375,0.99609375,0.0,0.0,"[127, -128, -128]",True,,,,0.11700007598847151,1.268915948458016,0.6487909704446793,2.0428330171853304
908,Yunfei,emergency,unavailable_in_sd_path,45,/Users/zilongzeng/Research/DroneControl/user_study_v2/Yunfei/Emergency/45.wav,Yunfei/Emergency/45.wav,emergency,0.99609375,0.99609375,0.0,0.0,"[127, -128, -128]",True,,,,0.0693340552970767,1.2229590211063623,0.6537499139085412,1.9517920445650816
909,Yunfei,emergency,unavailable_in_sd_path,46,/Users/zilongzeng/Research/DroneControl/user_study_v2/Yunfei/Emergency/46.wav,Yunfei/Emergency/46.wav,emergency,0.96875,0.96875,0.03125,0.0,"[120, -120, -128]",True,,,,0.07049995474517345,1.1682909680530429,0.6176669849082828,1.861541997641325
910,Yunfei,emergency,unavailable_in_sd_path,47,/Users/zilongzeng/Research/DroneControl/user_study_v2/Yunfei/Emergency/47.wav,Yunfei/Emergency/47.wav,emergency,0.99609375,0.99609375,0.00390625,0.0,"[127, -127, -128]",True,,,,0.06183399818837643,1.1608339846134186,0.675374991260469,1.9037500023841858
911,Yunfei,emergency,unavailable_in_sd_path,48,/Users/zilongzeng/Research/DroneControl/user_study_v2/Yunfei/Emergency/48.wav,Yunfei/Emergency/48.wav,emergency,0.98046875,0.98046875,0.0,0.01953125,"[123, -128, -123]",True,,,,0.0730419997125864,1.2991669354960322,0.7417500019073486,2.127000014297664
912,Yunfei,emergency,unavailable_in_sd_path,49,/Users/zilongzeng/Research/DroneControl/user_study_v2/Yunfei/Emergency/49.wav,Yunfei/Emergency/49.wav,emergency,0.99609375,0.99609375,0.0,0.0,"[127, -128, -128]",True,,,,0.08491706103086472,1.2959169689565897,0.6741669494658709,2.06025002989918
913,Yunfei,movement,unavailable_in_sd_path,0,/Users/zilongzeng/Research/DroneControl/user_study_v2/Yunfei/Movement/0.wav,Yunfei/Movement/0.wav,movement,0.99609375,0.0,0.99609375,0.0,"[-128, 127, -128]",True,,,,0.21491700317710638,1.1360420612618327,0.6171250715851784,1.9742089789360762
914,Yunfei,movement,unavailable_in_sd_path,1,/Users/zilongzeng/Research/DroneControl/user_study_v2/Yunfei/Movement/1.wav,Yunfei/Movement/1.wav,movement,0.99609375,0.0,0.99609375,0.0,"[-128, 127, -128]",True,,,,0.3091249382123351,1.1849170550704002,0.6809999467805028,2.180917072109878
915,Yunfei,movement,unavailable_in_sd_path,2,/Users/zilongzeng/Research/DroneControl/user_study_v2/Yunfei/Movement/2.wav,Yunfei/Movement/2.wav,movement,0.99609375,0.0,0.99609375,0.0,"[-128, 127, -128]",True,,,,0.06937503349035978,1.19162502232939,0.6171250715851784,1.883291988633573
916,Yunfei,movement,unavailable_in_sd_path,3,/Users/zilongzeng/Research/DroneControl/user_study_v2/Yunfei/Movement/3.wav,Yunfei/Movement/3.wav,movement,0.99609375,0.0,0.99609375,0.0,"[-128, 127, -128]",True,,,,0.06566697265952826,1.1935420334339142,0.7111669983714819,1.976667088456452
917,Yunfei,movement,unavailable_in_sd_path,4,/Users/zilongzeng/Research/DroneControl/user_study_v2/Yunfei/Movement/4.wav,Yunfei/Movement/4.wav,movement,0.99609375,0.0,0.99609375,0.0,"[-128, 127, -128]",True,,,,0.07308309432119131,1.176666934043169,0.7342910394072533,1.9914999138563871
918,Yunfei,movement,unavailable_in_sd_path,5,/Users/zilongzeng/Research/DroneControl/user_study_v2/Yunfei/Movement/5.wav,Yunfei/Movement/5.wav,movement,0.99609375,0.0,0.99609375,0.0,"[-128, 127, -128]",True,,,,0.08549995254725218,1.1997499968856573,0.7252079667523503,2.01595900580287
919,Yunfei,movement,unavailable_in_sd_path,6,/Users/zilongzeng/Research/DroneControl/user_study_v2/Yunfei/Movement/6.wav,Yunfei/Movement/6.wav,movement,0.99609375,0.0,0.99609375,0.0,"[-128, 127, -128]",True,,,,0.08433300536125898,1.330540981143713,0.6426249165087938,2.067166962660849
920,Yunfei,movement,unavailable_in_sd_path,7,/Users/zilongzeng/Research/DroneControl/user_study_v2/Yunfei/Movement/7.wav,Yunfei/Movement/7.wav,movement,0.99609375,0.0,0.99609375,0.0,"[-128, 127, -128]",True,,,,0.20174996461719275,1.2024579336866736,0.7235419470816851,2.1354169584810734
921,Yunfei,movement,unavailable_in_sd_path,8,/Users/zilongzeng/Research/DroneControl/user_study_v2/Yunfei/Movement/8.wav,Yunfei/Movement/8.wav,movement,0.99609375,0.0,0.99609375,0.0,"[-128, 127, -128]",True,,,,0.0778749817982316,1.1382080847397447,0.6231659790500998,1.8444580491632223
922,Yunfei,movement,unavailable_in_sd_path,9,/Users/zilongzeng/Research/DroneControl/user_study_v2/Yunfei/Movement/9.wav,Yunfei/Movement/9.wav,movement,0.99609375,0.0,0.99609375,0.0,"[-128, 127, -128]",True,,,,0.19162497483193874,1.1581250000745058,0.719166942872107,2.074292046017945
923,Yunfei,movement,unavailable_in_sd_path,10,/Users/zilongzeng/Research/DroneControl/user_study_v2/Yunfei/Movement/10.wav,Yunfei/Movement/10.wav,movement,0.99609375,0.0,0.99609375,0.0,"[-128, 127, -128]",True,,,,0.2068749163299799,1.1435829801484942,0.6633329903706908,2.0189160713925958
924,Yunfei,movement,unavailable_in_sd_path,11,/Users/zilongzeng/Research/DroneControl/user_study_v2/Yunfei/Movement/11.wav,Yunfei/Movement/11.wav,movement,0.99609375,0.0,0.99609375,0.0,"[-128, 127, -128]",True,,,,0.05879101809114218,1.1432500323280692,0.7059170166030526,1.9137919880449772
925,Yunfei,movement,unavailable_in_sd_path,12,/Users/zilongzeng/Research/DroneControl/user_study_v2/Yunfei/Movement/12.wav,Yunfei/Movement/12.wav,movement,0.99609375,0.0,0.99609375,0.0,"[-128, 127, -128]",True,,,,0.17025007400661707,1.0996670462191105,0.6557090673595667,1.9307909533381462
926,Yunfei,movement,unavailable_in_sd_path,13,/Users/zilongzeng/Research/DroneControl/user_study_v2/Yunfei/Movement/13.wav,Yunfei/Movement/13.wav,movement,0.99609375,0.0,0.99609375,0.0,"[-128, 127, -128]",True,,,,0.19762502051889896,1.245875027962029,0.6591660203412175,2.109292079694569
927,Yunfei,movement,unavailable_in_sd_path,14,/Users/zilongzeng/Research/DroneControl/user_study_v2/Yunfei/Movement/14.wav,Yunfei/Movement/14.wav,unknown,0.99609375,0.0,0.0,0.99609375,"[-128, -128, 127]",False,,,,0.07645809091627598,1.2200839119032025,0.6096669239923358,1.911583007313311
928,Yunfei,movement,unavailable_in_sd_path,15,/Users/zilongzeng/Research/DroneControl/user_study_v2/Yunfei/Movement/15.wav,Yunfei/Movement/15.wav,emergency,0.9609375,0.9609375,0.0390625,0.0,"[118, -118, -128]",False,,,,0.06566697265952826,1.1020830133929849,0.6072079995647073,1.7798329936340451
929,Yunfei,movement,unavailable_in_sd_path,16,/Users/zilongzeng/Research/DroneControl/user_study_v2/Yunfei/Movement/16.wav,Yunfei/Movement/16.wav,movement,0.99609375,0.0,0.99609375,0.0,"[-128, 127, -128]",True,,,,0.05366699770092964,1.263042096979916,0.6256659980863333,1.9475419539958239
930,Yunfei,movement,unavailable_in_sd_path,17,/Users/zilongzeng/Research/DroneControl/user_study_v2/Yunfei/Movement/17.wav,Yunfei/Movement/17.wav,movement,0.99609375,0.00390625,0.99609375,0.0,"[-127, 127, -128]",True,,,,0.0712500186637044,1.2406669557094574,0.6148329703137279,1.9314580131322145
931,Yunfei,movement,unavailable_in_sd_path,18,/Users/zilongzeng/Research/DroneControl/user_study_v2/Yunfei/Movement/18.wav,Yunfei/Movement/18.wav,movement,0.99609375,0.0,0.99609375,0.0,"[-128, 127, -128]",True,,,,0.05716690793633461,1.4235000126063824,0.6336669903248549,2.123583108186722
932,Yunfei,movement,unavailable_in_sd_path,19,/Users/zilongzeng/Research/DroneControl/user_study_v2/Yunfei/Movement/19.wav,Yunfei/Movement/19.wav,movement,0.99609375,0.0,0.99609375,0.0,"[-128, 127, -128]",True,,,,0.18474995158612728,1.3690419727936387,0.6692500319331884,2.231874968856573
933,Yunfei,movement,unavailable_in_sd_path,20,/Users/zilongzeng/Research/DroneControl/user_study_v2/Yunfei/Movement/20.wav,Yunfei/Movement/20.wav,movement,0.99609375,0.0,0.99609375,0.0,"[-128, 127, -128]",True,,,,0.10083301458507776,1.4021249953657389,0.7395830471068621,2.2497919853776693
934,Yunfei,movement,unavailable_in_sd_path,21,/Users/zilongzeng/Research/DroneControl/user_study_v2/Yunfei/Movement/21.wav,Yunfei/Movement/21.wav,unknown,0.99609375,0.0,0.0,0.99609375,"[-128, -128, 127]",False,,,,0.09591598063707352,1.4875000342726707,0.6952499970793724,2.2866249782964587
935,Yunfei,movement,unavailable_in_sd_path,22,/Users/zilongzeng/Research/DroneControl/user_study_v2/Yunfei/Movement/22.wav,Yunfei/Movement/22.wav,movement,0.9921875,0.0078125,0.9921875,0.0,"[-126, 126, -128]",True,,,,0.0914580887183547,1.3898750767111778,0.6182080833241343,2.1083339815959334
936,Yunfei,movement,unavailable_in_sd_path,23,/Users/zilongzeng/Research/DroneControl/user_study_v2/Yunfei/Movement/23.wav,Yunfei/Movement/23.wav,movement,0.99609375,0.0,0.99609375,0.0,"[-128, 127, -128]",True,,,,0.16904098447412252,1.295124995522201,0.6746660219505429,2.148041967302561
937,Yunfei,movement,unavailable_in_sd_path,24,/Users/zilongzeng/Research/DroneControl/user_study_v2/Yunfei/Movement/24.wav,Yunfei/Movement/24.wav,movement,0.99609375,0.0,0.99609375,0.00390625,"[-128, 127, -127]",True,,,,0.08283299393951893,1.3046669773757458,0.7082499796524644,2.10266700014472
938,Yunfei,movement,unavailable_in_sd_path,25,/Users/zilongzeng/Research/DroneControl/user_study_v2/Yunfei/Movement/25.wav,Yunfei/Movement/25.wav,movement,0.99609375,0.0,0.99609375,0.0,"[-128, 127, -128]",True,,,,0.07820804603397846,1.400458044372499,0.6408749613910913,2.1288329735398293
939,Yunfei,movement,unavailable_in_sd_path,26,/Users/zilongzeng/Research/DroneControl/user_study_v2/Yunfei/Movement/26.wav,Yunfei/Movement/26.wav,movement,0.99609375,0.0,0.99609375,0.0,"[-128, 127, -128]",True,,,,0.16779196448624134,1.349582918919623,0.6027499912306666,2.1284170215949416
940,Yunfei,movement,unavailable_in_sd_path,27,/Users/zilongzeng/Research/DroneControl/user_study_v2/Yunfei/Movement/27.wav,Yunfei/Movement/27.wav,movement,0.99609375,0.0,0.99609375,0.0,"[-128, 127, -128]",True,,,,0.10858301538974047,1.2202919460833073,0.7050000131130219,2.0411249715834856
941,Yunfei,movement,unavailable_in_sd_path,28,/Users/zilongzeng/Research/DroneControl/user_study_v2/Yunfei/Movement/28.wav,Yunfei/Movement/28.wav,unknown,0.99609375,0.0,0.0,0.99609375,"[-128, -128, 127]",False,,,,0.09212503209710121,1.1785830138251185,0.6241250084713101,1.899958006106317
942,Yunfei,movement,unavailable_in_sd_path,29,/Users/zilongzeng/Research/DroneControl/user_study_v2/Yunfei/Movement/29.wav,Yunfei/Movement/29.wav,movement,0.99609375,0.0,0.99609375,0.0,"[-128, 127, -128]",True,,,,0.07816602010279894,1.2026670156046748,0.6387499161064625,1.9246250158175826
943,Yunfei,movement,unavailable_in_sd_path,30,/Users/zilongzeng/Research/DroneControl/user_study_v2/Yunfei/Movement/30.wav,Yunfei/Movement/30.wav,movement,0.9921875,0.0078125,0.9921875,0.0,"[-126, 126, -128]",True,,,,0.06745802238583565,1.272333087399602,0.653750030323863,1.9992500310763717
944,Yunfei,movement,unavailable_in_sd_path,31,/Users/zilongzeng/Research/DroneControl/user_study_v2/Yunfei/Movement/31.wav,Yunfei/Movement/31.wav,unknown,0.99609375,0.0,0.0,0.99609375,"[-128, -128, 127]",False,,,,0.21024991292506456,1.2551250401884317,0.6458329735323787,2.1172090200707316
945,Yunfei,movement,unavailable_in_sd_path,32,/Users/zilongzeng/Research/DroneControl/user_study_v2/Yunfei/Movement/32.wav,Yunfei/Movement/32.wav,movement,0.99609375,0.0,0.99609375,0.0,"[-128, 127, -128]",True,,,,0.315292039886117,1.3028749963268638,0.6471660453826189,2.2713340586051345
946,Yunfei,movement,unavailable_in_sd_path,33,/Users/zilongzeng/Research/DroneControl/user_study_v2/Yunfei/Movement/33.wav,Yunfei/Movement/33.wav,movement,0.9921875,0.0078125,0.9921875,0.0,"[-126, 126, -128]",True,,,,0.07800001185387373,1.2626670068129897,0.6919169100001454,2.0390410209074616
947,Yunfei,movement,unavailable_in_sd_path,34,/Users/zilongzeng/Research/DroneControl/user_study_v2/Yunfei/Movement/34.wav,Yunfei/Movement/34.wav,movement,0.99609375,0.0,0.99609375,0.0,"[-128, 127, -128]",True,,,,0.08212507236748934,1.2239579809829593,0.615999917499721,1.9270839402452111
948,Yunfei,movement,unavailable_in_sd_path,35,/Users/zilongzeng/Research/DroneControl/user_study_v2/Yunfei/Movement/35.wav,Yunfei/Movement/35.wav,movement,0.99609375,0.0,0.99609375,0.0,"[-128, 127, -128]",True,,,,0.05808298010379076,1.105374889448285,0.6329580210149288,1.801457954570651
949,Yunfei,movement,unavailable_in_sd_path,36,/Users/zilongzeng/Research/DroneControl/user_study_v2/Yunfei/Movement/36.wav,Yunfei/Movement/36.wav,unknown,0.99609375,0.0,0.0,0.99609375,"[-128, -128, 127]",False,,,,0.05608296487480402,1.265833037905395,0.6400001002475619,1.9669579342007637
950,Yunfei,movement,unavailable_in_sd_path,37,/Users/zilongzeng/Research/DroneControl/user_study_v2/Yunfei/Movement/37.wav,Yunfei/Movement/37.wav,movement,0.99609375,0.0,0.99609375,0.0,"[-128, 127, -128]",True,,,,0.07012509740889072,1.2011660728603601,0.6720839301124215,1.9505000673234463
951,Yunfei,movement,unavailable_in_sd_path,38,/Users/zilongzeng/Research/DroneControl/user_study_v2/Yunfei/Movement/38.wav,Yunfei/Movement/38.wav,movement,0.99609375,0.0,0.99609375,0.0,"[-128, 127, -128]",True,,,,0.09041698649525642,1.3743750751018524,0.6202919175848365,2.0902910036966205
952,Yunfei,movement,unavailable_in_sd_path,39,/Users/zilongzeng/Research/DroneControl/user_study_v2/Yunfei/Movement/39.wav,Yunfei/Movement/39.wav,movement,0.99609375,0.0,0.99609375,0.0,"[-128, 127, -128]",True,,,,0.06670807488262653,1.1702500050887465,0.6603329675272107,1.9036669982597232
953,Yunfei,movement,unavailable_in_sd_path,40,/Users/zilongzeng/Research/DroneControl/user_study_v2/Yunfei/Movement/40.wav,Yunfei/Movement/40.wav,movement,0.99609375,0.0,0.99609375,0.0,"[-128, 127, -128]",True,,,,0.07333303801715374,1.235333038493991,0.6187920225784183,1.9327499903738499
954,Yunfei,movement,unavailable_in_sd_path,41,/Users/zilongzeng/Research/DroneControl/user_study_v2/Yunfei/Movement/41.wav,Yunfei/Movement/41.wav,movement,0.99609375,0.0,0.99609375,0.0,"[-128, 127, -128]",True,,,,0.06620807107537985,1.1862500105053186,0.6080829771235585,1.8653749721124768
955,Yunfei,movement,unavailable_in_sd_path,42,/Users/zilongzeng/Research/DroneControl/user_study_v2/Yunfei/Movement/42.wav,Yunfei/Movement/42.wav,unknown,0.99609375,0.0,0.0,0.99609375,"[-128, -128, 127]",False,,,,0.06970891263335943,1.1933339992538095,0.6774580106139183,1.947375014424324
956,Yunfei,movement,unavailable_in_sd_path,43,/Users/zilongzeng/Research/DroneControl/user_study_v2/Yunfei/Movement/43.wav,Yunfei/Movement/43.wav,unknown,0.99609375,0.0,0.0,0.99609375,"[-128, -128, 127]",False,,,,0.07037492468953133,1.1748330434784293,0.6107089575380087,1.8613749416545033
957,Yunfei,movement,unavailable_in_sd_path,44,/Users/zilongzeng/Research/DroneControl/user_study_v2/Yunfei/Movement/44.wav,Yunfei/Movement/44.wav,movement,0.9921875,0.0,0.9921875,0.0078125,"[-128, 126, -126]",True,,,,0.05737505853176117,1.190165989100933,0.7286251056939363,1.9814169500023127
958,Yunfei,movement,unavailable_in_sd_path,45,/Users/zilongzeng/Research/DroneControl/user_study_v2/Yunfei/Movement/45.wav,Yunfei/Movement/45.wav,movement,0.99609375,0.0,0.99609375,0.0,"[-128, 127, -128]",True,,,,0.07154198829084635,1.2645409442484379,0.6357920356094837,1.9815829582512379
959,Yunfei,movement,unavailable_in_sd_path,46,/Users/zilongzeng/Research/DroneControl/user_study_v2/Yunfei/Movement/46.wav,Yunfei/Movement/46.wav,movement,0.99609375,0.0,0.99609375,0.0,"[-128, 127, -128]",True,,,,0.20283297635614872,1.24729098752141,0.6816249806433916,2.1402090787887573
960,Yunfei,movement,unavailable_in_sd_path,47,/Users/zilongzeng/Research/DroneControl/user_study_v2/Yunfei/Movement/47.wav,Yunfei/Movement/47.wav,movement,0.99609375,0.0,0.99609375,0.0,"[-128, 127, -128]",True,,,,0.06270804442465305,1.2952910037711263,0.672208028845489,2.0365830278024077
961,Yunfei,movement,unavailable_in_sd_path,48,/Users/zilongzeng/Research/DroneControl/user_study_v2/Yunfei/Movement/48.wav,Yunfei/Movement/48.wav,unknown,0.99609375,0.0,0.0,0.99609375,"[-128, -128, 127]",False,,,,0.20937493536621332,1.2397499522194266,0.6941250758245587,2.1487920312210917
962,Yunfei,movement,unavailable_in_sd_path,49,/Users/zilongzeng/Research/DroneControl/user_study_v2/Yunfei/Movement/49.wav,Yunfei/Movement/49.wav,movement,0.99609375,0.0,0.99609375,0.0,"[-128, 127, -128]",True,,,,0.23324997164309025,1.1282910127192736,0.6142500787973404,1.9807909848168492
963,Yunfei,unknown,unavailable_in_sd_path,0,/Users/zilongzeng/Research/DroneControl/user_study_v2/Yunfei/Unknown/0.wav,Yunfei/Unknown/0.wav,unknown,0.99609375,0.0,0.0,0.99609375,"[-128, -128, 127]",True,,,,0.06204098463058472,1.2106249341741204,0.7262079743668437,2.0052919862791896
964,Yunfei,unknown,unavailable_in_sd_path,1,/Users/zilongzeng/Research/DroneControl/user_study_v2/Yunfei/Unknown/1.wav,Yunfei/Unknown/1.wav,unknown,0.99609375,0.0,0.0,0.99609375,"[-128, -128, 127]",True,,,,0.060582999140024185,1.197582925669849,0.6546670338138938,1.9177499925717711
965,Yunfei,unknown,unavailable_in_sd_path,2,/Users/zilongzeng/Research/DroneControl/user_study_v2/Yunfei/Unknown/2.wav,Yunfei/Unknown/2.wav,unknown,0.99609375,0.0,0.0,0.99609375,"[-128, -128, 127]",True,,,,0.06458302959799767,1.39495893381536,0.648666056804359,2.117958036251366
966,Yunfei,unknown,unavailable_in_sd_path,3,/Users/zilongzeng/Research/DroneControl/user_study_v2/Yunfei/Unknown/3.wav,Yunfei/Unknown/3.wav,unknown,0.99609375,0.0,0.0,0.99609375,"[-128, -128, 127]",True,,,,0.153167056851089,1.2367499293759465,0.7367919897660613,2.1376669174060225
967,Yunfei,unknown,unavailable_in_sd_path,4,/Users/zilongzeng/Research/DroneControl/user_study_v2/Yunfei/Unknown/4.wav,Yunfei/Unknown/4.wav,unknown,0.99609375,0.0,0.0,0.99609375,"[-128, -128, 127]",True,,,,0.13541604857891798,1.3264160370454192,0.7535830372944474,2.22279189620167
968,Yunfei,unknown,unavailable_in_sd_path,5,/Users/zilongzeng/Research/DroneControl/user_study_v2/Yunfei/Unknown/5.wav,Yunfei/Unknown/5.wav,unknown,0.99609375,0.0,0.0,0.99609375,"[-128, -128, 127]",True,,,,0.07658300455659628,1.217333017848432,0.6165420636534691,1.9150000298395753
969,Yunfei,unknown,unavailable_in_sd_path,6,/Users/zilongzeng/Research/DroneControl/user_study_v2/Yunfei/Unknown/6.wav,Yunfei/Unknown/6.wav,unknown,0.99609375,0.0,0.0,0.99609375,"[-128, -128, 127]",True,,,,0.062415958382189274,1.1505000293254852,0.6886249175295234,1.9079999765381217
970,Yunfei,unknown,unavailable_in_sd_path,7,/Users/zilongzeng/Research/DroneControl/user_study_v2/Yunfei/Unknown/7.wav,Yunfei/Unknown/7.wav,unknown,0.99609375,0.0,0.0,0.99609375,"[-128, -128, 127]",True,,,,0.06708304863423109,1.261750003322959,0.629457994364202,1.969416975043714
971,Yunfei,unknown,unavailable_in_sd_path,8,/Users/zilongzeng/Research/DroneControl/user_study_v2/Yunfei/Unknown/8.wav,Yunfei/Unknown/8.wav,unknown,0.99609375,0.0,0.0,0.99609375,"[-128, -128, 127]",True,,,,0.20174996461719275,1.1640419252216816,0.6997499149292707,2.0723750349134207
972,Yunfei,unknown,unavailable_in_sd_path,9,/Users/zilongzeng/Research/DroneControl/user_study_v2/Yunfei/Unknown/9.wav,Yunfei/Unknown/9.wav,unknown,0.99609375,0.0,0.0,0.99609375,"[-128, -128, 127]",True,,,,0.07304106839001179,1.1554169468581676,0.6230419967323542,1.8565409118309617
973,Yunfei,unknown,unavailable_in_sd_path,10,/Users/zilongzeng/Research/DroneControl/user_study_v2/Yunfei/Unknown/10.wav,Yunfei/Unknown/10.wav,unknown,0.99609375,0.0,0.0,0.99609375,"[-128, -128, 127]",True,,,,0.06029196083545685,1.1300420155748725,0.618249992839992,1.8145829671993852
974,Yunfei,unknown,unavailable_in_sd_path,11,/Users/zilongzeng/Research/DroneControl/user_study_v2/Yunfei/Unknown/11.wav,Yunfei/Unknown/11.wav,unknown,0.99609375,0.0,0.0,0.99609375,"[-128, -128, 127]",True,,,,0.06258394569158554,1.333374995738268,0.6163750076666474,2.0179999992251396
975,Yunfei,unknown,unavailable_in_sd_path,12,/Users/zilongzeng/Research/DroneControl/user_study_v2/Yunfei/Unknown/12.wav,Yunfei/Unknown/12.wav,unknown,0.99609375,0.0,0.0,0.99609375,"[-128, -128, 127]",True,,,,0.16366690397262573,1.099916989915073,0.6208339473232627,1.889374922029674
976,Yunfei,unknown,unavailable_in_sd_path,13,/Users/zilongzeng/Research/DroneControl/user_study_v2/Yunfei/Unknown/13.wav,Yunfei/Unknown/13.wav,unknown,0.99609375,0.0,0.0,0.99609375,"[-128, -128, 127]",True,,,,0.2603749744594097,1.3183749979361892,0.6407080218195915,2.2350409999489784
977,Yunfei,unknown,unavailable_in_sd_path,14,/Users/zilongzeng/Research/DroneControl/user_study_v2/Yunfei/Unknown/14.wav,Yunfei/Unknown/14.wav,unknown,0.99609375,0.0,0.0,0.99609375,"[-128, -128, 127]",True,,,,0.21729199215769768,1.1255419813096523,0.6221670191735029,1.9712079083546996
978,Yunfei,unknown,unavailable_in_sd_path,15,/Users/zilongzeng/Research/DroneControl/user_study_v2/Yunfei/Unknown/15.wav,Yunfei/Unknown/15.wav,unknown,0.99609375,0.0,0.0,0.99609375,"[-128, -128, 127]",True,,,,0.17141702119261026,1.3518750201910734,0.677499920129776,2.2080830531194806
979,Yunfei,unknown,unavailable_in_sd_path,16,/Users/zilongzeng/Research/DroneControl/user_study_v2/Yunfei/Unknown/16.wav,Yunfei/Unknown/16.wav,unknown,0.99609375,0.0,0.0,0.99609375,"[-128, -128, 127]",True,,,,0.21270907018333673,1.2204579543322325,0.6949999369680882,2.1333330078050494
980,Yunfei,unknown,unavailable_in_sd_path,17,/Users/zilongzeng/Research/DroneControl/user_study_v2/Yunfei/Unknown/17.wav,Yunfei/Unknown/17.wav,unknown,0.99609375,0.0,0.0,0.99609375,"[-128, -128, 127]",True,,,,0.1674580853432417,1.3365000486373901,0.6169170374050736,2.1262919763103127
981,Yunfei,unknown,unavailable_in_sd_path,18,/Users/zilongzeng/Research/DroneControl/user_study_v2/Yunfei/Unknown/18.wav,Yunfei/Unknown/18.wav,unknown,0.99609375,0.0,0.0,0.99609375,"[-128, -128, 127]",True,,,,0.07108307909220457,1.157832914032042,0.6210000719875097,1.8547920044511557
982,Yunfei,unknown,unavailable_in_sd_path,19,/Users/zilongzeng/Research/DroneControl/user_study_v2/Yunfei/Unknown/19.wav,Yunfei/Unknown/19.wav,unknown,0.99609375,0.0,0.0,0.99609375,"[-128, -128, 127]",True,,,,0.06204203236848116,1.2630840064957738,0.7176250219345093,2.048666006885469
983,Yunfei,unknown,unavailable_in_sd_path,20,/Users/zilongzeng/Research/DroneControl/user_study_v2/Yunfei/Unknown/20.wav,Yunfei/Unknown/20.wav,unknown,0.99609375,0.0,0.0,0.99609375,"[-128, -128, 127]",True,,,,0.08099991828203201,1.414958038367331,0.7044170051813126,2.206917037256062
984,Yunfei,unknown,unavailable_in_sd_path,21,/Users/zilongzeng/Research/DroneControl/user_study_v2/Yunfei/Unknown/21.wav,Yunfei/Unknown/21.wav,unknown,0.99609375,0.0,0.0,0.99609375,"[-128, -128, 127]",True,,,,0.10079191997647285,1.376667059957981,0.6665419787168503,2.151584019884467
985,Yunfei,unknown,unavailable_in_sd_path,22,/Users/zilongzeng/Research/DroneControl/user_study_v2/Yunfei/Unknown/22.wav,Yunfei/Unknown/22.wav,unknown,0.99609375,0.0,0.0,0.99609375,"[-128, -128, 127]",True,,,,0.1116250641644001,1.2667080154642463,0.6175419548526406,2.001208020374179
986,Yunfei,unknown,unavailable_in_sd_path,23,/Users/zilongzeng/Research/DroneControl/user_study_v2/Yunfei/Unknown/23.wav,Yunfei/Unknown/23.wav,unknown,0.99609375,0.0,0.0,0.99609375,"[-128, -128, 127]",True,,,,0.06137497257441282,1.27233297098428,0.6774170324206352,2.016916056163609
987,Yunfei,unknown,unavailable_in_sd_path,24,/Users/zilongzeng/Research/DroneControl/user_study_v2/Yunfei/Unknown/24.wav,Yunfei/Unknown/24.wav,unknown,0.99609375,0.0,0.0,0.99609375,"[-128, -128, 127]",True,,,,0.0802499707788229,1.2064999900758266,0.615290948189795,1.9071249989792705
988,Yunfei,unknown,unavailable_in_sd_path,25,/Users/zilongzeng/Research/DroneControl/user_study_v2/Yunfei/Unknown/25.wav,Yunfei/Unknown/25.wav,unknown,0.99609375,0.0,0.0,0.99609375,"[-128, -128, 127]",True,,,,0.07074989844113588,1.3009170070290565,0.6209170678630471,1.997707993723452
989,Yunfei,unknown,unavailable_in_sd_path,26,/Users/zilongzeng/Research/DroneControl/user_study_v2/Yunfei/Unknown/26.wav,Yunfei/Unknown/26.wav,unknown,0.99609375,0.0,0.0,0.99609375,"[-128, -128, 127]",True,,,,0.06562494672834873,1.1177080450579524,0.634916010312736,1.8234159797430038
990,Yunfei,unknown,unavailable_in_sd_path,27,/Users/zilongzeng/Research/DroneControl/user_study_v2/Yunfei/Unknown/27.wav,Yunfei/Unknown/27.wav,unknown,0.99609375,0.0,0.0,0.99609375,"[-128, -128, 127]",True,,,,0.06270804442465305,1.2235409813001752,0.6506250938400626,1.9432500703260303
991,Yunfei,unknown,unavailable_in_sd_path,28,/Users/zilongzeng/Research/DroneControl/user_study_v2/Yunfei/Unknown/28.wav,Yunfei/Unknown/28.wav,unknown,0.99609375,0.0,0.0,0.99609375,"[-128, -128, 127]",True,,,,0.2139579737558961,1.2102499604225159,0.620500068180263,2.0500420359894633
992,Yunfei,unknown,unavailable_in_sd_path,29,/Users/zilongzeng/Research/DroneControl/user_study_v2/Yunfei/Unknown/29.wav,Yunfei/Unknown/29.wav,unknown,0.99609375,0.0,0.0,0.99609375,"[-128, -128, 127]",True,,,,0.23550004698336124,1.2507080100476742,0.6272090831771493,2.118583070114255
993,Yunfei,unknown,unavailable_in_sd_path,30,/Users/zilongzeng/Research/DroneControl/user_study_v2/Yunfei/Unknown/30.wav,Yunfei/Unknown/30.wav,unknown,0.99609375,0.0,0.0,0.99609375,"[-128, -128, 127]",True,,,,0.07887498941272497,1.1630830122157931,0.6195000605657697,1.866249949671328
994,Yunfei,unknown,unavailable_in_sd_path,31,/Users/zilongzeng/Research/DroneControl/user_study_v2/Yunfei/Unknown/31.wav,Yunfei/Unknown/31.wav,unknown,0.99609375,0.0,0.0,0.99609375,"[-128, -128, 127]",True,,,,0.06874999962747097,1.3540000654757023,0.659832963719964,2.088499953970313
995,Yunfei,unknown,unavailable_in_sd_path,32,/Users/zilongzeng/Research/DroneControl/user_study_v2/Yunfei/Unknown/32.wav,Yunfei/Unknown/32.wav,movement,0.859375,0.0,0.859375,0.140625,"[-128, 92, -92]",False,,,,0.06874999962747097,1.3207080774009228,0.6175839807838202,2.012624987401068
996,Yunfei,unknown,unavailable_in_sd_path,33,/Users/zilongzeng/Research/DroneControl/user_study_v2/Yunfei/Unknown/33.wav,Yunfei/Unknown/33.wav,movement,0.99609375,0.0,0.99609375,0.0,"[-128, 127, -128]",False,,,,0.20112504716962576,1.4950840268284082,0.7014170987531543,2.4073749082162976
997,Yunfei,unknown,unavailable_in_sd_path,34,/Users/zilongzeng/Research/DroneControl/user_study_v2/Yunfei/Unknown/34.wav,Yunfei/Unknown/34.wav,unknown,0.99609375,0.0,0.0,0.99609375,"[-128, -128, 127]",True,,,,0.17616699915379286,1.6570000443607569,0.7094999309629202,2.5538329500705004
998,Yunfei,unknown,unavailable_in_sd_path,35,/Users/zilongzeng/Research/DroneControl/user_study_v2/Yunfei/Unknown/35.wav,Yunfei/Unknown/35.wav,unknown,0.99609375,0.0,0.0,0.99609375,"[-128, -128, 127]",True,,,,0.16366702038794756,1.5016670804470778,0.7052919827401638,2.3811249993741512
999,Yunfei,unknown,unavailable_in_sd_path,36,/Users/zilongzeng/Research/DroneControl/user_study_v2/Yunfei/Unknown/36.wav,Yunfei/Unknown/36.wav,unknown,0.99609375,0.0,0.0,0.99609375,"[-128, -128, 127]",True,,,,0.17316709272563457,1.6469999682158232,0.7744999602437019,2.6070839958265424
1000,Yunfei,unknown,unavailable_in_sd_path,37,/Users/zilongzeng/Research/DroneControl/user_study_v2/Yunfei/Unknown/37.wav,Yunfei/Unknown/37.wav,unknown,0.99609375,0.0,0.0,0.99609375,"[-128, -128, 127]",True,,,,0.12799992691725492,1.2552079278975725,0.6393750663846731,2.0290410611778498
1001,Yunfei,unknown,unavailable_in_sd_path,38,/Users/zilongzeng/Research/DroneControl/user_study_v2/Yunfei/Unknown/38.wav,Yunfei/Unknown/38.wav,emergency,0.83203125,0.83203125,0.00390625,0.1640625,"[85, -127, -86]",False,,,,0.08366606198251247,1.2732920004054904,0.6310000317171216,1.995124970562756
1002,Yunfei,unknown,unavailable_in_sd_path,39,/Users/zilongzeng/Research/DroneControl/user_study_v2/Yunfei/Unknown/39.wav,Yunfei/Unknown/39.wav,unknown,0.99609375,0.0,0.0,0.99609375,"[-128, -128, 127]",True,,,,0.08349993731826544,1.2705839471891522,0.6267500575631857,1.9877919694408774
1003,Yunfei,unknown,unavailable_in_sd_path,40,/Users/zilongzeng/Research/DroneControl/user_study_v2/Yunfei/Unknown/40.wav,Yunfei/Unknown/40.wav,unknown,0.99609375,0.0,0.0,0.99609375,"[-128, -128, 127]",True,,,,0.10008306708186865,1.1672499822452664,0.7312909001484513,2.0083339186385274
1004,Yunfei,unknown,unavailable_in_sd_path,41,/Users/zilongzeng/Research/DroneControl/user_study_v2/Yunfei/Unknown/41.wav,Yunfei/Unknown/41.wav,movement,0.98046875,0.0,0.98046875,0.015625,"[-128, 123, -124]",False,,,,0.09004201274365187,1.297959010116756,0.6024999311193824,1.999499974772334
1005,Yunfei,unknown,unavailable_in_sd_path,42,/Users/zilongzeng/Research/DroneControl/user_study_v2/Yunfei/Unknown/42.wav,Yunfei/Unknown/42.wav,unknown,0.99609375,0.0,0.0,0.99609375,"[-128, -128, 127]",True,,,,0.13458298053592443,1.2831250205636024,0.734749948605895,2.1624999353662133
1006,Yunfei,unknown,unavailable_in_sd_path,43,/Users/zilongzeng/Research/DroneControl/user_study_v2/Yunfei/Unknown/43.wav,Yunfei/Unknown/43.wav,unknown,0.99609375,0.0,0.0,0.99609375,"[-128, -128, 127]",True,,,,0.09666604455560446,1.2865000171586871,0.6585000082850456,2.0483339903876185
1007,Yunfei,unknown,unavailable_in_sd_path,44,/Users/zilongzeng/Research/DroneControl/user_study_v2/Yunfei/Unknown/44.wav,Yunfei/Unknown/44.wav,unknown,0.99609375,0.0,0.0,0.99609375,"[-128, -128, 127]",True,,,,0.08220796007663012,1.1563750449568033,0.7250419585034251,1.9696670351549983
1008,Yunfei,unknown,unavailable_in_sd_path,45,/Users/zilongzeng/Research/DroneControl/user_study_v2/Yunfei/Unknown/45.wav,Yunfei/Unknown/45.wav,unknown,0.99609375,0.0,0.0,0.99609375,"[-128, -128, 127]",True,,,,0.07529195863753557,1.2253340100869536,0.6325000431388617,1.9382080063223839
1009,Yunfei,unknown,unavailable_in_sd_path,46,/Users/zilongzeng/Research/DroneControl/user_study_v2/Yunfei/Unknown/46.wav,Yunfei/Unknown/46.wav,unknown,0.99609375,0.0,0.0,0.99609375,"[-128, -128, 127]",True,,,,0.18124992493540049,1.1578330304473639,0.687291962094605,2.0355830201879144
1010,Yunfei,unknown,unavailable_in_sd_path,47,/Users/zilongzeng/Research/DroneControl/user_study_v2/Yunfei/Unknown/47.wav,Yunfei/Unknown/47.wav,movement,0.55078125,0.0,0.55078125,0.44921875,"[-128, 13, -13]",False,,,,0.28908299282193184,1.329457969404757,0.6202500080689788,2.2454169811680913
1011,Yunfei,unknown,unavailable_in_sd_path,48,/Users/zilongzeng/Research/DroneControl/user_study_v2/Yunfei/Unknown/48.wav,Yunfei/Unknown/48.wav,unknown,0.99609375,0.0,0.0,0.99609375,"[-128, -128, 127]",True,,,,0.07962505333125591,1.160791958682239,0.6977090379223228,1.9463750068098307
1012,Yunfei,unknown,unavailable_in_sd_path,49,/Users/zilongzeng/Research/DroneControl/user_study_v2/Yunfei/Unknown/49.wav,Yunfei/Unknown/49.wav,unknown,0.99609375,0.0,0.0,0.99609375,"[-128, -128, 127]",True,,,,0.05879194941371679,1.1800830252468586,0.6408749613910913,1.8859159899875522
1013,Zhejia,emergency,unavailable_in_sd_path,0,/Users/zilongzeng/Research/DroneControl/user_study_v2/Zhejia/Emergency/0.wav,Zhejia/Emergency/0.wav,movement,0.58984375,0.39453125,0.58984375,0.015625,"[-27, 23, -124]",False,,,,0.07220904808491468,1.199041958898306,0.6297919899225235,1.9073330331593752
1014,Zhejia,emergency,unavailable_in_sd_path,1,/Users/zilongzeng/Research/DroneControl/user_study_v2/Zhejia/Emergency/1.wav,Zhejia/Emergency/1.wav,emergency,0.99609375,0.99609375,0.0,0.0,"[127, -128, -128]",True,,,,0.0631249276921153,1.2617920292541385,0.6668330170214176,1.997707993723452
1015,Zhejia,emergency,unavailable_in_sd_path,2,/Users/zilongzeng/Research/DroneControl/user_study_v2/Zhejia/Emergency/2.wav,Zhejia/Emergency/2.wav,emergency,0.99609375,0.99609375,0.0,0.0,"[127, -128, -128]",True,,,,0.12841611169278622,1.2876250548288226,0.6285000126808882,2.052666968666017
1016,Zhejia,emergency,unavailable_in_sd_path,3,/Users/zilongzeng/Research/DroneControl/user_study_v2/Zhejia/Emergency/3.wav,Zhejia/Emergency/3.wav,emergency,0.99609375,0.99609375,0.0,0.0,"[127, -128, -128]",True,,,,0.10866706725209951,1.3160830130800605,0.6381660932675004,2.069916110485792
1017,Zhejia,emergency,unavailable_in_sd_path,4,/Users/zilongzeng/Research/DroneControl/user_study_v2/Zhejia/Emergency/4.wav,Zhejia/Emergency/4.wav,emergency,0.99609375,0.99609375,0.0,0.0,"[127, -128, -128]",True,,,,0.07345899939537048,1.1648749932646751,0.6492079701274633,1.892582979053259
1018,Zhejia,emergency,unavailable_in_sd_path,5,/Users/zilongzeng/Research/DroneControl/user_study_v2/Zhejia/Emergency/5.wav,Zhejia/Emergency/5.wav,emergency,0.99609375,0.99609375,0.0,0.0,"[127, -128, -128]",True,,,,0.20041700918227434,1.2474999530240893,0.6897089770063758,2.1430000197142363
1019,Zhejia,emergency,unavailable_in_sd_path,6,/Users/zilongzeng/Research/DroneControl/user_study_v2/Zhejia/Emergency/6.wav,Zhejia/Emergency/6.wav,emergency,0.99609375,0.99609375,0.0,0.0,"[127, -128, -128]",True,,,,0.21266599651426077,1.2100000167265534,0.6509580416604877,2.078499994240701
1020,Zhejia,emergency,unavailable_in_sd_path,7,/Users/zilongzeng/Research/DroneControl/user_study_v2/Zhejia/Emergency/7.wav,Zhejia/Emergency/7.wav,emergency,0.99609375,0.99609375,0.0,0.0,"[127, -128, -128]",True,,,,0.17404102254658937,1.2952500255778432,0.6285000126808882,2.103417064063251
1021,Zhejia,emergency,unavailable_in_sd_path,8,/Users/zilongzeng/Research/DroneControl/user_study_v2/Zhejia/Emergency/8.wav,Zhejia/Emergency/8.wav,emergency,0.99609375,0.99609375,0.0,0.0,"[127, -128, -128]",True,,,,0.06274995394051075,1.1750420089811087,0.6253339815884829,1.8693340243771672
1022,Zhejia,emergency,unavailable_in_sd_path,9,/Users/zilongzeng/Research/DroneControl/user_study_v2/Zhejia/Emergency/9.wav,Zhejia/Emergency/9.wav,emergency,0.99609375,0.99609375,0.0,0.0,"[127, -128, -128]",True,,,,0.06562506314367056,1.3118339702486992,0.6222500232979655,2.0051250467076898
1023,Zhejia,emergency,unavailable_in_sd_path,10,/Users/zilongzeng/Research/DroneControl/user_study_v2/Zhejia/Emergency/10.wav,Zhejia/Emergency/10.wav,emergency,0.99609375,0.99609375,0.0,0.0,"[127, -128, -128]",True,,,,0.06754091009497643,1.1340000201016665,0.6265409756451845,1.832999987527728
1024,Zhejia,emergency,unavailable_in_sd_path,11,/Users/zilongzeng/Research/DroneControl/user_study_v2/Zhejia/Emergency/11.wav,Zhejia/Emergency/11.wav,emergency,0.9609375,0.9609375,0.0390625,0.0,"[118, -118, -128]",True,,,,0.05704106297343969,1.2090830132365227,0.642542028799653,1.9139169016852975
1025,Zhejia,emergency,unavailable_in_sd_path,12,/Users/zilongzeng/Research/DroneControl/user_study_v2/Zhejia/Emergency/12.wav,Zhejia/Emergency/12.wav,emergency,0.98828125,0.98828125,0.0078125,0.0,"[125, -126, -128]",True,,,,0.06729201413691044,1.1977499816566706,0.6088339723646641,1.8794169882312417
1026,Zhejia,emergency,unavailable_in_sd_path,13,/Users/zilongzeng/Research/DroneControl/user_study_v2/Zhejia/Emergency/13.wav,Zhejia/Emergency/13.wav,movement,0.9765625,0.015625,0.9765625,0.00390625,"[-124, 122, -127]",False,,,,0.061125028878450394,1.2152909766882658,0.6866250187158585,1.968208933249116
1027,Zhejia,emergency,unavailable_in_sd_path,14,/Users/zilongzeng/Research/DroneControl/user_study_v2/Zhejia/Emergency/14.wav,Zhejia/Emergency/14.wav,emergency,0.99609375,0.99609375,0.0,0.0,"[127, -128, -128]",True,,,,0.06570899859070778,1.1060830438509583,0.6091250106692314,1.7858330393210053
1028,Zhejia,emergency,unavailable_in_sd_path,15,/Users/zilongzeng/Research/DroneControl/user_study_v2/Zhejia/Emergency/15.wav,Zhejia/Emergency/15.wav,movement,0.9609375,0.0390625,0.9609375,0.0,"[-118, 118, -128]",False,,,,0.06225006654858589,1.1610420187935233,0.7164159324020147,1.9472079584375024
1029,Zhejia,emergency,unavailable_in_sd_path,16,/Users/zilongzeng/Research/DroneControl/user_study_v2/Zhejia/Emergency/16.wav,Zhejia/Emergency/16.wav,emergency,0.9921875,0.9921875,0.0078125,0.0,"[126, -126, -128]",True,,,,0.04170800093561411,1.1674169218167663,0.6168339168652892,1.8311659805476665
1030,Zhejia,emergency,unavailable_in_sd_path,17,/Users/zilongzeng/Research/DroneControl/user_study_v2/Zhejia/Emergency/17.wav,Zhejia/Emergency/17.wav,movement,0.99609375,0.0,0.99609375,0.0,"[-128, 127, -128]",False,,,,0.06479094736278057,1.1047919979318976,0.6464170292019844,1.8229580018669367
1031,Zhejia,emergency,unavailable_in_sd_path,18,/Users/zilongzeng/Research/DroneControl/user_study_v2/Zhejia/Emergency/18.wav,Zhejia/Emergency/18.wav,unknown,0.99609375,0.0,0.0,0.99609375,"[-128, -128, 127]",False,,,,0.20579202100634575,1.2193330330774188,0.6147079402580857,2.044833032414317
1032,Zhejia,emergency,unavailable_in_sd_path,19,/Users/zilongzeng/Research/DroneControl/user_study_v2/Zhejia/Emergency/19.wav,Zhejia/Emergency/19.wav,movement,0.99609375,0.0,0.99609375,0.0,"[-128, 127, -128]",False,,,,0.22254092618823051,1.215792028233409,0.6004578899592161,2.0472080213949084
1033,Zhejia,emergency,unavailable_in_sd_path,20,/Users/zilongzeng/Research/DroneControl/user_study_v2/Zhejia/Emergency/20.wav,Zhejia/Emergency/20.wav,movement,0.99609375,0.0,0.99609375,0.0,"[-128, 127, -128]",False,,,,0.0951249385252595,1.2885000323876739,0.6281250389292836,2.0186250330880284
1034,Zhejia,emergency,unavailable_in_sd_path,21,/Users/zilongzeng/Research/DroneControl/user_study_v2/Zhejia/Emergency/21.wav,Zhejia/Emergency/21.wav,emergency,0.99609375,0.99609375,0.0,0.0,"[127, -128, -128]",True,,,,0.07054198067635298,1.1067090090364218,0.6349999457597733,1.817291951738298
1035,Zhejia,emergency,unavailable_in_sd_path,22,/Users/zilongzeng/Research/DroneControl/user_study_v2/Zhejia/Emergency/22.wav,Zhejia/Emergency/22.wav,emergency,0.99609375,0.99609375,0.0,0.0,"[127, -128, -128]",True,,,,0.053916010074317455,1.2128750095143914,0.6257499335333705,1.897582900710404
1036,Zhejia,emergency,unavailable_in_sd_path,23,/Users/zilongzeng/Research/DroneControl/user_study_v2/Zhejia/Emergency/23.wav,Zhejia/Emergency/23.wav,emergency,0.99609375,0.99609375,0.0,0.0,"[127, -128, -128]",True,,,,0.06487499922513962,1.1448330478742719,0.6188330007717013,1.833625021390617
1037,Zhejia,emergency,unavailable_in_sd_path,24,/Users/zilongzeng/Research/DroneControl/user_study_v2/Zhejia/Emergency/24.wav,Zhejia/Emergency/24.wav,emergency,0.99609375,0.99609375,0.0,0.0,"[127, -128, -128]",True,,,,0.06104097701609135,1.1874170741066337,0.6414999952539802,1.8952919635921717
1038,Zhejia,emergency,unavailable_in_sd_path,25,/Users/zilongzeng/Research/DroneControl/user_study_v2/Zhejia/Emergency/25.wav,Zhejia/Emergency/25.wav,emergency,0.99609375,0.99609375,0.0,0.0,"[127, -128, -128]",True,,,,0.06437499541789293,1.243292004801333,0.631165923550725,1.9459580071270466
1039,Zhejia,emergency,unavailable_in_sd_path,26,/Users/zilongzeng/Research/DroneControl/user_study_v2/Zhejia/Emergency/26.wav,Zhejia/Emergency/26.wav,emergency,0.99609375,0.99609375,0.0,0.0,"[127, -128, -128]",True,,,,0.06858294364064932,1.2412909418344498,0.6678750505670905,1.9827079959213734
1040,Zhejia,emergency,unavailable_in_sd_path,27,/Users/zilongzeng/Research/DroneControl/user_study_v2/Zhejia/Emergency/27.wav,Zhejia/Emergency/27.wav,emergency,0.99609375,0.99609375,0.0,0.0,"[127, -128, -128]",True,,,,0.05745794624090195,1.1237500002607703,0.6094169802963734,1.79537502117455
1041,Zhejia,emergency,unavailable_in_sd_path,28,/Users/zilongzeng/Research/DroneControl/user_study_v2/Zhejia/Emergency/28.wav,Zhejia/Emergency/28.wav,emergency,0.99609375,0.99609375,0.0,0.0,"[127, -128, -128]",True,,,,0.06279093213379383,1.1281250044703484,0.7184590213000774,1.91520806401968
1042,Zhejia,emergency,unavailable_in_sd_path,29,/Users/zilongzeng/Research/DroneControl/user_study_v2/Zhejia/Emergency/29.wav,Zhejia/Emergency/29.wav,emergency,0.99609375,0.99609375,0.0,0.0,"[127, -128, -128]",True,,,,0.20437489729374647,1.1656660353764892,0.615582917816937,1.9902919884771109
1043,Zhejia,emergency,unavailable_in_sd_path,30,/Users/zilongzeng/Research/DroneControl/user_study_v2/Zhejia/Emergency/30.wav,Zhejia/Emergency/30.wav,emergency,0.99609375,0.99609375,0.0,0.0,"[127, -128, -128]",True,,,,0.22379204165190458,1.1729999678209424,0.6302079418674111,2.033208031207323
1044,Zhejia,emergency,unavailable_in_sd_path,31,/Users/zilongzeng/Research/DroneControl/user_study_v2/Zhejia/Emergency/31.wav,Zhejia/Emergency/31.wav,emergency,0.99609375,0.99609375,0.0,0.0,"[127, -128, -128]",True,,,,0.07604097481817007,1.250542001798749,0.6137919845059514,1.9474169239401817
1045,Zhejia,emergency,unavailable_in_sd_path,32,/Users/zilongzeng/Research/DroneControl/user_study_v2/Zhejia/Emergency/32.wav,Zhejia/Emergency/32.wav,emergency,0.99609375,0.99609375,0.0,0.0,"[127, -128, -128]",True,,,,0.1064579701051116,1.2042910093441606,0.6715829949826002,1.9905830267816782
1046,Zhejia,emergency,unavailable_in_sd_path,33,/Users/zilongzeng/Research/DroneControl/user_study_v2/Zhejia/Emergency/33.wav,Zhejia/Emergency/33.wav,movement,0.99609375,0.0,0.99609375,0.0,"[-128, 127, -128]",False,,,,0.07691700011491776,1.1800420470535755,0.6141250487416983,1.8764589913189411
1047,Zhejia,emergency,unavailable_in_sd_path,34,/Users/zilongzeng/Research/DroneControl/user_study_v2/Zhejia/Emergency/34.wav,Zhejia/Emergency/34.wav,emergency,0.99609375,0.99609375,0.0,0.0,"[127, -128, -128]",True,,,,0.06204098463058472,1.1402079835534096,0.6108749657869339,1.8179588951170444
1048,Zhejia,emergency,unavailable_in_sd_path,35,/Users/zilongzeng/Research/DroneControl/user_study_v2/Zhejia/Emergency/35.wav,Zhejia/Emergency/35.wav,emergency,0.99609375,0.99609375,0.0,0.0,"[127, -128, -128]",True,,,,0.060416990891098976,1.3134999899193645,0.6304590497165918,2.010666998103261
1049,Zhejia,emergency,unavailable_in_sd_path,36,/Users/zilongzeng/Research/DroneControl/user_study_v2/Zhejia/Emergency/36.wav,Zhejia/Emergency/36.wav,emergency,0.99609375,0.99609375,0.0,0.0,"[127, -128, -128]",True,,,,0.11437502689659595,1.2943330220878124,0.6542499177157879,2.070958958938718
1050,Zhejia,emergency,unavailable_in_sd_path,37,/Users/zilongzeng/Research/DroneControl/user_study_v2/Zhejia/Emergency/37.wav,Zhejia/Emergency/37.wav,emergency,0.98046875,0.98046875,0.01953125,0.0,"[123, -123, -128]",True,,,,0.12245902325958014,1.3485000235959888,0.6435828981921077,2.1207910031080246
1051,Zhejia,emergency,unavailable_in_sd_path,38,/Users/zilongzeng/Research/DroneControl/user_study_v2/Zhejia/Emergency/38.wav,Zhejia/Emergency/38.wav,emergency,0.99609375,0.99609375,0.00390625,0.0,"[127, -127, -128]",True,,,,0.08470902685075998,1.2093750992789865,0.6683750543743372,1.9682080019265413
1052,Zhejia,emergency,unavailable_in_sd_path,39,/Users/zilongzeng/Research/DroneControl/user_study_v2/Zhejia/Emergency/39.wav,Zhejia/Emergency/39.wav,emergency,0.859375,0.859375,0.140625,0.0,"[92, -92, -128]",True,,,,0.07050007116049528,1.305915997363627,0.6171249551698565,1.9987919367849827
1053,Zhejia,emergency,unavailable_in_sd_path,40,/Users/zilongzeng/Research/DroneControl/user_study_v2/Zhejia/Emergency/40.wav,Zhejia/Emergency/40.wav,emergency,0.99609375,0.99609375,0.0,0.0,"[127, -128, -128]",True,,,,0.06941694300621748,1.1209590593352914,0.6377079989761114,1.8331659957766533
1054,Zhejia,emergency,unavailable_in_sd_path,41,/Users/zilongzeng/Research/DroneControl/user_study_v2/Zhejia/Emergency/41.wav,Zhejia/Emergency/41.wav,movement,0.99609375,0.0,0.99609375,0.0,"[-128, 127, -128]",False,,,,0.06183306686580181,1.2444999301806092,0.6299579981714487,1.9418749725446105
1055,Zhejia,emergency,unavailable_in_sd_path,42,/Users/zilongzeng/Research/DroneControl/user_study_v2/Zhejia/Emergency/42.wav,Zhejia/Emergency/42.wav,unknown,0.99609375,0.0,0.0,0.99609375,"[-128, -128, 127]",False,,,,0.07499998901039362,1.219458063133061,0.6257080240175128,1.927749952301383
1056,Zhejia,emergency,unavailable_in_sd_path,43,/Users/zilongzeng/Research/DroneControl/user_study_v2/Zhejia/Emergency/43.wav,Zhejia/Emergency/43.wav,emergency,0.99609375,0.99609375,0.0,0.0,"[127, -128, -128]",True,,,,0.11658400762826204,1.2387499446049333,0.6418749690055847,2.0037090871483088
1057,Zhejia,emergency,unavailable_in_sd_path,44,/Users/zilongzeng/Research/DroneControl/user_study_v2/Zhejia/Emergency/44.wav,Zhejia/Emergency/44.wav,emergency,0.96875,0.96875,0.0,0.03125,"[120, -128, -120]",True,,,,0.0772910425439477,1.1849169386550784,0.6373750511556864,1.9050000701099634
1058,Zhejia,emergency,unavailable_in_sd_path,45,/Users/zilongzeng/Research/DroneControl/user_study_v2/Zhejia/Emergency/45.wav,Zhejia/Emergency/45.wav,unknown,0.83203125,0.0,0.16796875,0.83203125,"[-128, -85, 85]",False,,,,0.06441702134907246,1.1527499882504344,0.7072919979691505,1.9312910735607147
1059,Zhejia,emergency,unavailable_in_sd_path,46,/Users/zilongzeng/Research/DroneControl/user_study_v2/Zhejia/Emergency/46.wav,Zhejia/Emergency/46.wav,emergency,0.99609375,0.99609375,0.0,0.0,"[127, -128, -128]",True,,,,0.0748330494388938,1.1942910496145487,0.6141249323263764,1.8882080912590027
1060,Zhejia,emergency,unavailable_in_sd_path,47,/Users/zilongzeng/Research/DroneControl/user_study_v2/Zhejia/Emergency/47.wav,Zhejia/Emergency/47.wav,unknown,0.99609375,0.0,0.0,0.99609375,"[-128, -128, 127]",False,,,,0.16295898240059614,1.124582951888442,0.7449169643223286,2.0388331031426787
1061,Zhejia,emergency,unavailable_in_sd_path,48,/Users/zilongzeng/Research/DroneControl/user_study_v2/Zhejia/Emergency/48.wav,Zhejia/Emergency/48.wav,movement,0.99609375,0.0,0.99609375,0.0,"[-128, 127, -128]",False,,,,0.21829106844961643,1.1229580268263817,0.6235829787328839,1.9702499266713858
1062,Zhejia,emergency,unavailable_in_sd_path,49,/Users/zilongzeng/Research/DroneControl/user_study_v2/Zhejia/Emergency/49.wav,Zhejia/Emergency/49.wav,movement,0.99609375,0.00390625,0.99609375,0.0,"[-127, 127, -128]",False,,,,0.05695794243365526,1.159333041869104,0.7051669526845217,1.9276250386610627
1063,Zhejia,movement,unavailable_in_sd_path,0,/Users/zilongzeng/Research/DroneControl/user_study_v2/Zhejia/Movement/0.wav,Zhejia/Movement/0.wav,movement,0.99609375,0.0,0.99609375,0.0,"[-128, 127, -128]",True,,,,0.061832950450479984,1.1536669917404652,0.639959005638957,1.8604169599711895
1064,Zhejia,movement,unavailable_in_sd_path,1,/Users/zilongzeng/Research/DroneControl/user_study_v2/Zhejia/Movement/1.wav,Zhejia/Movement/1.wav,movement,0.99609375,0.0,0.99609375,0.0,"[-128, 127, -128]",True,,,,0.06183306686580181,1.18695804849267,0.6114579737186432,1.86625006608665
1065,Zhejia,movement,unavailable_in_sd_path,2,/Users/zilongzeng/Research/DroneControl/user_study_v2/Zhejia/Movement/2.wav,Zhejia/Movement/2.wav,movement,0.99609375,0.0,0.99609375,0.0,"[-128, 127, -128]",True,,,,0.08570891804993153,1.2253749882802367,0.6681249942630529,1.9869579700753093
1066,Zhejia,movement,unavailable_in_sd_path,3,/Users/zilongzeng/Research/DroneControl/user_study_v2/Zhejia/Movement/3.wav,Zhejia/Movement/3.wav,movement,0.99609375,0.0,0.99609375,0.0,"[-128, 127, -128]",True,,,,0.08416606578975916,1.2095420388504863,0.6820419803261757,1.9828330259770155
1067,Zhejia,movement,unavailable_in_sd_path,4,/Users/zilongzeng/Research/DroneControl/user_study_v2/Zhejia/Movement/4.wav,Zhejia/Movement/4.wav,movement,0.99609375,0.0,0.99609375,0.0,"[-128, 127, -128]",True,,,,0.07166701834648848,1.271874993108213,0.677166972309351,2.026959089562297
1068,Zhejia,movement,unavailable_in_sd_path,5,/Users/zilongzeng/Research/DroneControl/user_study_v2/Zhejia/Movement/5.wav,Zhejia/Movement/5.wav,unknown,0.97265625,0.0,0.02734375,0.97265625,"[-128, -121, 121]",False,,,,0.08537503890693188,1.1695000575855374,0.6166250677779317,1.876666909083724
1069,Zhejia,movement,unavailable_in_sd_path,6,/Users/zilongzeng/Research/DroneControl/user_study_v2/Zhejia/Movement/6.wav,Zhejia/Movement/6.wav,movement,0.99609375,0.0,0.99609375,0.0,"[-128, 127, -128]",True,,,,0.057833967730402946,1.204000087454915,0.6335419602692127,1.9012909615412354
1070,Zhejia,movement,unavailable_in_sd_path,7,/Users/zilongzeng/Research/DroneControl/user_study_v2/Zhejia/Movement/7.wav,Zhejia/Movement/7.wav,movement,0.99609375,0.0,0.99609375,0.0,"[-128, 127, -128]",True,,,,0.06841705180704594,1.0980420047417283,0.6279170047491789,1.7992499051615596
1071,Zhejia,movement,unavailable_in_sd_path,8,/Users/zilongzeng/Research/DroneControl/user_study_v2/Zhejia/Movement/8.wav,Zhejia/Movement/8.wav,movement,0.984375,0.0,0.984375,0.015625,"[-128, 124, -124]",True,,,,0.20812510047107935,1.2384169967845082,0.6599589250981808,2.1118749864399433
1072,Zhejia,movement,unavailable_in_sd_path,9,/Users/zilongzeng/Research/DroneControl/user_study_v2/Zhejia/Movement/9.wav,Zhejia/Movement/9.wav,unknown,0.98828125,0.0,0.01171875,0.98828125,"[-128, -125, 125]",False,,,,0.2517090179026127,1.1413750471547246,0.6375419907271862,2.035749959759414
1073,Zhejia,movement,unavailable_in_sd_path,10,/Users/zilongzeng/Research/DroneControl/user_study_v2/Zhejia/Movement/10.wav,Zhejia/Movement/10.wav,movement,0.99609375,0.0,0.99609375,0.0,"[-128, 127, -128]",True,,,,0.052292016334831715,1.1894999770447612,0.6635839818045497,1.910374965518713
1074,Zhejia,movement,unavailable_in_sd_path,11,/Users/zilongzeng/Research/DroneControl/user_study_v2/Zhejia/Movement/11.wav,Zhejia/Movement/11.wav,movement,0.99609375,0.0,0.99609375,0.0,"[-128, 127, -128]",True,,,,0.06091699469834566,1.1669170344248414,0.6209169514477253,1.853875000961125
1075,Zhejia,movement,unavailable_in_sd_path,12,/Users/zilongzeng/Research/DroneControl/user_study_v2/Zhejia/Movement/12.wav,Zhejia/Movement/12.wav,movement,0.99609375,0.0,0.99609375,0.0,"[-128, 127, -128]",True,,,,0.05545897874981165,1.196709112264216,0.6267919670790434,1.8850000342354178
1076,Zhejia,movement,unavailable_in_sd_path,13,/Users/zilongzeng/Research/DroneControl/user_study_v2/Zhejia/Movement/13.wav,Zhejia/Movement/13.wav,movement,0.99609375,0.0,0.99609375,0.0,"[-128, 127, -128]",True,,,,0.07470895070582628,1.19983300101012,0.6679169600829482,1.947958953678608
1077,Zhejia,movement,unavailable_in_sd_path,14,/Users/zilongzeng/Research/DroneControl/user_study_v2/Zhejia/Movement/14.wav,Zhejia/Movement/14.wav,movement,0.99609375,0.0,0.99609375,0.0,"[-128, 127, -128]",True,,,,0.09633309673517942,1.1500419350340962,0.7355830166488886,1.9905420485883951
1078,Zhejia,movement,unavailable_in_sd_path,15,/Users/zilongzeng/Research/DroneControl/user_study_v2/Zhejia/Movement/15.wav,Zhejia/Movement/15.wav,unknown,0.85546875,0.00390625,0.140625,0.85546875,"[-127, -92, 91]",False,,,,0.22241694387048483,1.163541921414435,0.6491249660030007,2.0405829418450594
1079,Zhejia,movement,unavailable_in_sd_path,16,/Users/zilongzeng/Research/DroneControl/user_study_v2/Zhejia/Movement/16.wav,Zhejia/Movement/16.wav,unknown,0.578125,0.03515625,0.38671875,0.578125,"[-119, -29, 20]",False,,,,0.2097910037264228,1.2190830893814564,0.7766670314595103,2.214042004197836
1080,Zhejia,movement,unavailable_in_sd_path,17,/Users/zilongzeng/Research/DroneControl/user_study_v2/Zhejia/Movement/17.wav,Zhejia/Movement/17.wav,movement,0.91015625,0.03515625,0.91015625,0.0546875,"[-119, 105, -114]",True,,,,0.1902909716591239,1.1869999580085278,0.6343750283122063,2.016667043790221
1081,Zhejia,movement,unavailable_in_sd_path,18,/Users/zilongzeng/Research/DroneControl/user_study_v2/Zhejia/Movement/18.wav,Zhejia/Movement/18.wav,unknown,0.93359375,0.0,0.06640625,0.93359375,"[-128, -111, 111]",False,,,,0.06037496495991945,1.1876249918714166,0.701791956089437,1.9571669399738312
1082,Zhejia,movement,unavailable_in_sd_path,19,/Users/zilongzeng/Research/DroneControl/user_study_v2/Zhejia/Movement/19.wav,Zhejia/Movement/19.wav,movement,0.99609375,0.0,0.99609375,0.0,"[-128, 127, -128]",True,,,,0.07554201874881983,1.1663329787552357,0.6085829809308052,1.8555829301476479
1083,Zhejia,movement,unavailable_in_sd_path,20,/Users/zilongzeng/Research/DroneControl/user_study_v2/Zhejia/Movement/20.wav,Zhejia/Movement/20.wav,movement,0.99609375,0.0,0.99609375,0.0,"[-128, 127, -128]",True,,,,0.0641669612377882,1.111165969632566,0.6133329588919878,1.7936249496415257
1084,Zhejia,movement,unavailable_in_sd_path,21,/Users/zilongzeng/Research/DroneControl/user_study_v2/Zhejia/Movement/21.wav,Zhejia/Movement/21.wav,movement,0.99609375,0.0,0.99609375,0.0,"[-128, 127, -128]",True,,,,0.06049999501556158,1.3072079746052623,0.6320419488474727,2.006417023949325
1085,Zhejia,movement,unavailable_in_sd_path,22,/Users/zilongzeng/Research/DroneControl/user_study_v2/Zhejia/Movement/22.wav,Zhejia/Movement/22.wav,movement,0.99609375,0.0,0.99609375,0.00390625,"[-128, 127, -127]",True,,,,0.07995800115168095,1.2585840886458755,0.632624956779182,1.9760000286623836
1086,Zhejia,movement,unavailable_in_sd_path,23,/Users/zilongzeng/Research/DroneControl/user_study_v2/Zhejia/Movement/23.wav,Zhejia/Movement/23.wav,movement,0.99609375,0.0,0.99609375,0.0,"[-128, 127, -128]",True,,,,0.06362504791468382,1.2409168994054198,0.6191669963300228,1.928791985847056
1087,Zhejia,movement,unavailable_in_sd_path,24,/Users/zilongzeng/Research/DroneControl/user_study_v2/Zhejia/Movement/24.wav,Zhejia/Movement/24.wav,unknown,0.9921875,0.0,0.0078125,0.9921875,"[-128, -126, 126]",False,,,,0.0688750296831131,1.1002919636666775,0.6379579426720738,1.8121249740943313
1088,Zhejia,movement,unavailable_in_sd_path,25,/Users/zilongzeng/Research/DroneControl/user_study_v2/Zhejia/Movement/25.wav,Zhejia/Movement/25.wav,movement,0.99609375,0.00390625,0.99609375,0.0,"[-127, 127, -128]",True,,,,0.06312504410743713,1.2402080465108156,0.6409169873222709,1.9492499995976686
1089,Zhejia,movement,unavailable_in_sd_path,26,/Users/zilongzeng/Research/DroneControl/user_study_v2/Zhejia/Movement/26.wav,Zhejia/Movement/26.wav,movement,0.859375,0.140625,0.859375,0.0,"[-92, 92, -128]",True,,,,0.06337498780339956,1.3194580096751451,0.6415839307010174,2.0345409866422415
1090,Zhejia,movement,unavailable_in_sd_path,27,/Users/zilongzeng/Research/DroneControl/user_study_v2/Zhejia/Movement/27.wav,Zhejia/Movement/27.wav,movement,0.99609375,0.0,0.99609375,0.0,"[-128, 127, -128]",True,,,,0.19520800560712814,1.2844159500673413,0.6153750000521541,2.1013750229030848
1091,Zhejia,movement,unavailable_in_sd_path,28,/Users/zilongzeng/Research/DroneControl/user_study_v2/Zhejia/Movement/28.wav,Zhejia/Movement/28.wav,emergency,0.93359375,0.93359375,0.06640625,0.0,"[111, -111, -128]",False,,,,0.07758405990898609,1.1367920087650418,0.6302079418674111,1.8500409787520766
1092,Zhejia,movement,unavailable_in_sd_path,29,/Users/zilongzeng/Research/DroneControl/user_study_v2/Zhejia/Movement/29.wav,Zhejia/Movement/29.wav,movement,0.99609375,0.0,0.99609375,0.0,"[-128, 127, -128]",True,,,,0.19754201639443636,1.1541669955477118,0.6732499459758401,2.0300420001149178
1093,Zhejia,movement,unavailable_in_sd_path,30,/Users/zilongzeng/Research/DroneControl/user_study_v2/Zhejia/Movement/30.wav,Zhejia/Movement/30.wav,unknown,0.99609375,0.0,0.0,0.99609375,"[-128, -128, 127]",False,,,,0.2274590078741312,1.1199580039829016,0.6096659926697612,1.961916103027761
1094,Zhejia,movement,unavailable_in_sd_path,31,/Users/zilongzeng/Research/DroneControl/user_study_v2/Zhejia/Movement/31.wav,Zhejia/Movement/31.wav,unknown,0.99609375,0.0,0.0,0.99609375,"[-128, -128, 127]",False,,,,0.05820801015943289,1.0815829737111926,0.7394999265670776,1.8856250680983067
1095,Zhejia,movement,unavailable_in_sd_path,32,/Users/zilongzeng/Research/DroneControl/user_study_v2/Zhejia/Movement/32.wav,Zhejia/Movement/32.wav,unknown,0.99609375,0.0,0.0,0.99609375,"[-128, -128, 127]",False,,,,0.07229193579405546,1.2056250125169754,0.6081670289859176,1.8914579413831234
1096,Zhejia,movement,unavailable_in_sd_path,33,/Users/zilongzeng/Research/DroneControl/user_study_v2/Zhejia/Movement/33.wav,Zhejia/Movement/33.wav,unknown,0.99609375,0.0,0.0,0.99609375,"[-128, -128, 127]",False,,,,0.06199989002197981,1.116291037760675,0.7122919196262956,1.8963749753311276
1097,Zhejia,movement,unavailable_in_sd_path,34,/Users/zilongzeng/Research/DroneControl/user_study_v2/Zhejia/Movement/34.wav,Zhejia/Movement/34.wav,movement,0.99609375,0.0,0.99609375,0.0,"[-128, 127, -128]",True,,,,0.069082947447896,1.371875056065619,0.6359580438584089,2.0867499988526106
1098,Zhejia,movement,unavailable_in_sd_path,35,/Users/zilongzeng/Research/DroneControl/user_study_v2/Zhejia/Movement/35.wav,Zhejia/Movement/35.wav,movement,0.99609375,0.0,0.99609375,0.0,"[-128, 127, -128]",True,,,,0.19904098007827997,1.2491659726947546,0.7343749748542905,2.1913329837843776
1099,Zhejia,movement,unavailable_in_sd_path,36,/Users/zilongzeng/Research/DroneControl/user_study_v2/Zhejia/Movement/36.wav,Zhejia/Movement/36.wav,movement,0.8046875,0.1953125,0.8046875,0.0,"[-78, 78, -128]",True,,,,0.09099999442696571,1.2222910299897194,0.614207936450839,1.9323750166222453
1100,Zhejia,movement,unavailable_in_sd_path,37,/Users/zilongzeng/Research/DroneControl/user_study_v2/Zhejia/Movement/37.wav,Zhejia/Movement/37.wav,movement,0.99609375,0.0,0.99609375,0.0,"[-128, 127, -128]",True,,,,0.06287498399615288,1.1520000407472253,0.6817909888923168,1.902917050756514
1101,Zhejia,movement,unavailable_in_sd_path,38,/Users/zilongzeng/Research/DroneControl/user_study_v2/Zhejia/Movement/38.wav,Zhejia/Movement/38.wav,movement,0.99609375,0.0,0.99609375,0.0,"[-128, 127, -128]",True,,,,0.06474996916949749,1.1997499968856573,0.6282080430537462,1.8982919864356518
1102,Zhejia,movement,unavailable_in_sd_path,39,/Users/zilongzeng/Research/DroneControl/user_study_v2/Zhejia/Movement/39.wav,Zhejia/Movement/39.wav,movement,0.99609375,0.0,0.99609375,0.0,"[-128, 127, -128]",True,,,,0.06558292079716921,1.1217090068385005,0.636707991361618,1.8289999570697546
1103,Zhejia,movement,unavailable_in_sd_path,40,/Users/zilongzeng/Research/DroneControl/user_study_v2/Zhejia/Movement/40.wav,Zhejia/Movement/40.wav,movement,0.734375,0.0,0.734375,0.26953125,"[-128, 60, -59]",True,,,,0.055875047110021114,1.2533749686554074,0.6145830266177654,1.9291660282760859
1104,Zhejia,movement,unavailable_in_sd_path,41,/Users/zilongzeng/Research/DroneControl/user_study_v2/Zhejia/Movement/41.wav,Zhejia/Movement/41.wav,movement,0.99609375,0.0,0.99609375,0.0,"[-128, 127, -128]",True,,,,0.0712500186637044,1.085125026293099,0.6275000050663948,1.7890830058604479
1105,Zhejia,movement,unavailable_in_sd_path,42,/Users/zilongzeng/Research/DroneControl/user_study_v2/Zhejia/Movement/42.wav,Zhejia/Movement/42.wav,movement,0.99609375,0.0,0.99609375,0.0,"[-128, 127, -128]",True,,,,0.05708297248929739,1.5161659102886915,0.6477909628301859,2.2308749612420797
1106,Zhejia,movement,unavailable_in_sd_path,43,/Users/zilongzeng/Research/DroneControl/user_study_v2/Zhejia/Movement/43.wav,Zhejia/Movement/43.wav,movement,0.99609375,0.0,0.99609375,0.0,"[-128, 127, -128]",True,,,,0.20970799960196018,1.2010830687358975,0.6511249812319875,2.068250090815127
1107,Zhejia,movement,unavailable_in_sd_path,44,/Users/zilongzeng/Research/DroneControl/user_study_v2/Zhejia/Movement/44.wav,Zhejia/Movement/44.wav,movement,0.99609375,0.0,0.99609375,0.0,"[-128, 127, -128]",True,,,,0.07754203397780657,1.2451669899746776,0.6416660035029054,1.969750039279461
1108,Zhejia,movement,unavailable_in_sd_path,45,/Users/zilongzeng/Research/DroneControl/user_study_v2/Zhejia/Movement/45.wav,Zhejia/Movement/45.wav,unknown,0.99609375,0.0,0.0,0.99609375,"[-128, -128, 127]",False,,,,0.06900005973875523,1.1327089741826057,0.6148749962449074,1.8212500726804137
1109,Zhejia,movement,unavailable_in_sd_path,46,/Users/zilongzeng/Research/DroneControl/user_study_v2/Zhejia/Movement/46.wav,Zhejia/Movement/46.wav,movement,0.99609375,0.0,0.99609375,0.0,"[-128, 127, -128]",True,,,,0.05112506914883852,1.1953329667448997,0.6643749075010419,1.9187919097021222
1110,Zhejia,movement,unavailable_in_sd_path,47,/Users/zilongzeng/Research/DroneControl/user_study_v2/Zhejia/Movement/47.wav,Zhejia/Movement/47.wav,movement,0.99609375,0.0,0.99609375,0.0,"[-128, 127, -128]",True,,,,0.22587506100535393,1.1004590196534991,0.612374977208674,1.9432920962572098
1111,Zhejia,movement,unavailable_in_sd_path,48,/Users/zilongzeng/Research/DroneControl/user_study_v2/Zhejia/Movement/48.wav,Zhejia/Movement/48.wav,movement,0.99609375,0.0,0.99609375,0.0,"[-128, 127, -128]",True,,,,0.2168749924749136,1.1511670891195536,0.6470839725807309,2.0199581049382687
1112,Zhejia,movement,unavailable_in_sd_path,49,/Users/zilongzeng/Research/DroneControl/user_study_v2/Zhejia/Movement/49.wav,Zhejia/Movement/49.wav,movement,0.99609375,0.0,0.99609375,0.0,"[-128, 127, -128]",True,,,,0.20458397921174765,1.0784169426187873,0.6167079554870725,1.9048340618610382
1113,Zhejia,unknown,unavailable_in_sd_path,0,/Users/zilongzeng/Research/DroneControl/user_study_v2/Zhejia/Unknown/0.wav,Zhejia/Unknown/0.wav,unknown,0.734375,0.0,0.26953125,0.734375,"[-128, -59, 60]",True,,,,0.20574999507516623,1.1019170051440597,0.7152089383453131,2.0278749288991094
1114,Zhejia,unknown,unavailable_in_sd_path,1,/Users/zilongzeng/Research/DroneControl/user_study_v2/Zhejia/Unknown/1.wav,Zhejia/Unknown/1.wav,unknown,0.9921875,0.0,0.0078125,0.9921875,"[-128, -126, 126]",True,,,,0.057916040532290936,1.1528749018907547,0.6039580330252647,1.819667057134211
1115,Zhejia,unknown,unavailable_in_sd_path,2,/Users/zilongzeng/Research/DroneControl/user_study_v2/Zhejia/Unknown/2.wav,Zhejia/Unknown/2.wav,unknown,0.99609375,0.0,0.0,0.99609375,"[-128, -128, 127]",True,,,,0.060875085182487965,1.1357089970260859,0.6819169502705336,1.8859170377254486
1116,Zhejia,unknown,unavailable_in_sd_path,3,/Users/zilongzeng/Research/DroneControl/user_study_v2/Zhejia/Unknown/3.wav,Zhejia/Unknown/3.wav,unknown,0.99609375,0.0,0.0,0.99609375,"[-128, -128, 127]",True,,,,0.06691704038530588,1.1572500225156546,0.6164999213069677,1.8457910045981407
1117,Zhejia,unknown,unavailable_in_sd_path,4,/Users/zilongzeng/Research/DroneControl/user_study_v2/Zhejia/Unknown/4.wav,Zhejia/Unknown/4.wav,unknown,0.99609375,0.0,0.0,0.99609375,"[-128, -128, 127]",True,,,,0.06054190453141928,1.32545898668468,0.6361249834299088,2.0317919552326202
1118,Zhejia,unknown,unavailable_in_sd_path,5,/Users/zilongzeng/Research/DroneControl/user_study_v2/Zhejia/Unknown/5.wav,Zhejia/Unknown/5.wav,unknown,0.99609375,0.0,0.0,0.99609375,"[-128, -128, 127]",True,,,,0.15775009524077177,1.2294590706005692,0.6756669608876109,2.0698750158771873
1119,Zhejia,unknown,unavailable_in_sd_path,6,/Users/zilongzeng/Research/DroneControl/user_study_v2/Zhejia/Unknown/6.wav,Zhejia/Unknown/6.wav,unknown,0.99609375,0.0,0.0,0.99609375,"[-128, -128, 127]",True,,,,0.08541694842278957,1.186833018437028,0.6310829194262624,1.911959028802812
1120,Zhejia,unknown,unavailable_in_sd_path,7,/Users/zilongzeng/Research/DroneControl/user_study_v2/Zhejia/Unknown/7.wav,Zhejia/Unknown/7.wav,unknown,0.99609375,0.0,0.0,0.99609375,"[-128, -128, 127]",True,,,,0.14212506357580423,1.2732920004054904,0.6224580574780703,2.0438330247998238
1121,Zhejia,unknown,unavailable_in_sd_path,8,/Users/zilongzeng/Research/DroneControl/user_study_v2/Zhejia/Unknown/8.wav,Zhejia/Unknown/8.wav,unknown,0.99609375,0.0,0.0,0.99609375,"[-128, -128, 127]",True,,,,0.06683298852294683,1.141292043030262,0.65754191018641,1.8709590658545494
1122,Zhejia,unknown,unavailable_in_sd_path,9,/Users/zilongzeng/Research/DroneControl/user_study_v2/Zhejia/Unknown/9.wav,Zhejia/Unknown/9.wav,unknown,0.99609375,0.0,0.0,0.99609375,"[-128, -128, 127]",True,,,,0.0640420475974679,1.2744159903377295,0.6221660878509283,1.9660410471260548
1123,Zhejia,unknown,unavailable_in_sd_path,10,/Users/zilongzeng/Research/DroneControl/user_study_v2/Zhejia/Unknown/10.wav,Zhejia/Unknown/10.wav,unknown,0.99609375,0.0,0.0,0.99609375,"[-128, -128, 127]",True,,,,0.06954197306185961,1.3231670018285513,0.667833024635911,2.0715410355478525
1124,Zhejia,unknown,unavailable_in_sd_path,11,/Users/zilongzeng/Research/DroneControl/user_study_v2/Zhejia/Unknown/11.wav,Zhejia/Unknown/11.wav,unknown,0.99609375,0.0,0.0,0.99609375,"[-128, -128, 127]",True,,,,0.3647919511422515,1.214458025060594,0.6047909846529365,2.1896250545978546
1125,Zhejia,unknown,unavailable_in_sd_path,12,/Users/zilongzeng/Research/DroneControl/user_study_v2/Zhejia/Unknown/12.wav,Zhejia/Unknown/12.wav,unknown,0.99609375,0.0,0.0,0.99609375,"[-128, -128, 127]",True,,,,0.21283398382365704,1.0658750543370843,0.6204580422490835,1.9039579201489687
1126,Zhejia,unknown,unavailable_in_sd_path,13,/Users/zilongzeng/Research/DroneControl/user_study_v2/Zhejia/Unknown/13.wav,Zhejia/Unknown/13.wav,unknown,0.99609375,0.0,0.0,0.99609375,"[-128, -128, 127]",True,,,,0.06433296948671341,1.2204579543322325,0.6190839922055602,1.9088750705122948
1127,Zhejia,unknown,unavailable_in_sd_path,14,/Users/zilongzeng/Research/DroneControl/user_study_v2/Zhejia/Unknown/14.wav,Zhejia/Unknown/14.wav,unknown,0.99609375,0.0,0.0,0.99609375,"[-128, -128, 127]",True,,,,0.20450004376471043,1.1128749465569854,0.6128749810159206,1.9353750394657254
1128,Zhejia,unknown,unavailable_in_sd_path,15,/Users/zilongzeng/Research/DroneControl/user_study_v2/Zhejia/Unknown/15.wav,Zhejia/Unknown/15.wav,unknown,0.99609375,0.0,0.0,0.99609375,"[-128, -128, 127]",True,,,,0.06758398376405239,1.4685000060126185,0.6721670506522059,2.2155409678816795
1129,Zhejia,unknown,unavailable_in_sd_path,16,/Users/zilongzeng/Research/DroneControl/user_study_v2/Zhejia/Unknown/16.wav,Zhejia/Unknown/16.wav,movement,0.99609375,0.0,0.99609375,0.0,"[-128, 127, -128]",False,,,,0.08066697046160698,1.278792042285204,0.6583340000361204,2.0236249547451735
1130,Zhejia,unknown,unavailable_in_sd_path,17,/Users/zilongzeng/Research/DroneControl/user_study_v2/Zhejia/Unknown/17.wav,Zhejia/Unknown/17.wav,unknown,0.734375,0.0,0.26953125,0.734375,"[-128, -59, 60]",True,,,,0.07587496656924486,1.3622079277411103,0.6221670191735029,2.0658329594880342
1131,Zhejia,unknown,unavailable_in_sd_path,18,/Users/zilongzeng/Research/DroneControl/user_study_v2/Zhejia/Unknown/18.wav,Zhejia/Unknown/18.wav,movement,0.55078125,0.0,0.55078125,0.44921875,"[-128, 13, -13]",False,,,,0.07808301597833633,1.2072910321876407,0.659791985526681,1.9505840027704835
1132,Zhejia,unknown,unavailable_in_sd_path,19,/Users/zilongzeng/Research/DroneControl/user_study_v2/Zhejia/Unknown/19.wav,Zhejia/Unknown/19.wav,movement,0.69140625,0.0,0.69140625,0.30859375,"[-128, 49, -49]",False,,,,0.0700830714777112,1.3440829934552312,0.632417039014399,2.0530420588329434
1133,Zhejia,unknown,unavailable_in_sd_path,20,/Users/zilongzeng/Research/DroneControl/user_study_v2/Zhejia/Unknown/20.wav,Zhejia/Unknown/20.wav,unknown,0.99609375,0.0,0.0,0.99609375,"[-128, -128, 127]",True,,,,0.08525000885128975,1.413458026945591,0.8012080797925591,2.3359169717878103
1134,Zhejia,unknown,unavailable_in_sd_path,21,/Users/zilongzeng/Research/DroneControl/user_study_v2/Zhejia/Unknown/21.wav,Zhejia/Unknown/21.wav,unknown,0.99609375,0.0,0.0,0.99609375,"[-128, -128, 127]",True,,,,0.17604208551347256,1.4631249941885471,0.6782080745324492,2.3254590341821313
1135,Zhejia,unknown,unavailable_in_sd_path,22,/Users/zilongzeng/Research/DroneControl/user_study_v2/Zhejia/Unknown/22.wav,Zhejia/Unknown/22.wav,unknown,0.99609375,0.0,0.0,0.99609375,"[-128, -128, 127]",True,,,,0.10883307550102472,1.29137490876019,0.628792098723352,2.0346250385046005
1136,Zhejia,unknown,unavailable_in_sd_path,23,/Users/zilongzeng/Research/DroneControl/user_study_v2/Zhejia/Unknown/23.wav,Zhejia/Unknown/23.wav,unknown,0.99609375,0.0,0.0,0.99609375,"[-128, -128, 127]",True,,,,0.07404107600450516,1.3423750642687082,0.7281249854713678,2.1507079945877194
1137,Zhejia,unknown,unavailable_in_sd_path,24,/Users/zilongzeng/Research/DroneControl/user_study_v2/Zhejia/Unknown/24.wav,Zhejia/Unknown/24.wav,unknown,0.99609375,0.0,0.0,0.99609375,"[-128, -128, 127]",True,,,,0.07991702295839787,1.2232910376042128,0.6264160620048642,1.9349580397829413
1138,Zhejia,unknown,unavailable_in_sd_path,25,/Users/zilongzeng/Research/DroneControl/user_study_v2/Zhejia/Unknown/25.wav,Zhejia/Unknown/25.wav,movement,0.99609375,0.0,0.99609375,0.0,"[-128, 127, -128]",False,,,,0.22424990311264992,1.3851249823346734,0.6424169987440109,2.2617499344050884
1139,Zhejia,unknown,unavailable_in_sd_path,26,/Users/zilongzeng/Research/DroneControl/user_study_v2/Zhejia/Unknown/26.wav,Zhejia/Unknown/26.wav,unknown,0.99609375,0.0,0.0,0.99609375,"[-128, -128, 127]",True,,,,0.09962508920580149,1.123833004385233,0.6263329414650798,1.8555419519543648
1140,Zhejia,unknown,unavailable_in_sd_path,27,/Users/zilongzeng/Research/DroneControl/user_study_v2/Zhejia/Unknown/27.wav,Zhejia/Unknown/27.wav,unknown,0.99609375,0.0,0.0,0.99609375,"[-128, -128, 127]",True,,,,0.06654090248048306,1.307707978412509,0.745709054172039,2.1284579997882247
1141,Zhejia,unknown,unavailable_in_sd_path,28,/Users/zilongzeng/Research/DroneControl/user_study_v2/Zhejia/Unknown/28.wav,Zhejia/Unknown/28.wav,unknown,0.99609375,0.0,0.0,0.99609375,"[-128, -128, 127]",True,,,,0.09179196786135435,1.2595830485224724,0.6655410397797823,2.0228750072419643
1142,Zhejia,unknown,unavailable_in_sd_path,29,/Users/zilongzeng/Research/DroneControl/user_study_v2/Zhejia/Unknown/29.wav,Zhejia/Unknown/29.wav,unknown,0.99609375,0.0,0.0,0.99609375,"[-128, -128, 127]",True,,,,0.20241702441126108,1.5232920413836837,0.6619589403271675,2.3942500120028853
1143,Zhejia,unknown,unavailable_in_sd_path,30,/Users/zilongzeng/Research/DroneControl/user_study_v2/Zhejia/Unknown/30.wav,Zhejia/Unknown/30.wav,unknown,0.99609375,0.0,0.0,0.99609375,"[-128, -128, 127]",True,,,,0.2169579965993762,1.2029589852318168,0.6769589381292462,2.1032500080764294
1144,Zhejia,unknown,unavailable_in_sd_path,31,/Users/zilongzeng/Research/DroneControl/user_study_v2/Zhejia/Unknown/31.wav,Zhejia/Unknown/31.wav,unknown,0.99609375,0.0,0.0,0.99609375,"[-128, -128, 127]",True,,,,0.07199996616691351,1.1168339988216758,0.6218749331310391,1.815625000745058
1145,Zhejia,unknown,unavailable_in_sd_path,32,/Users/zilongzeng/Research/DroneControl/user_study_v2/Zhejia/Unknown/32.wav,Zhejia/Unknown/32.wav,unknown,0.99609375,0.0,0.0,0.99609375,"[-128, -128, 127]",True,,,,0.141416909173131,1.1188340140506625,0.6070840172469616,1.873499946668744
1146,Zhejia,unknown,unavailable_in_sd_path,33,/Users/zilongzeng/Research/DroneControl/user_study_v2/Zhejia/Unknown/33.wav,Zhejia/Unknown/33.wav,unknown,0.99609375,0.0,0.0,0.99609375,"[-128, -128, 127]",True,,,,0.21199998445808887,1.2640829663723707,0.6139579927548766,2.095125033520162
1147,Zhejia,unknown,unavailable_in_sd_path,34,/Users/zilongzeng/Research/DroneControl/user_study_v2/Zhejia/Unknown/34.wav,Zhejia/Unknown/34.wav,unknown,0.99609375,0.0,0.0,0.99609375,"[-128, -128, 127]",True,,,,0.062000006437301636,1.0903329821303487,0.6767919985577464,1.8363749841228127
1148,Zhejia,unknown,unavailable_in_sd_path,35,/Users/zilongzeng/Research/DroneControl/user_study_v2/Zhejia/Unknown/35.wav,Zhejia/Unknown/35.wav,unknown,0.99609375,0.0,0.0,0.99609375,"[-128, -128, 127]",True,,,,0.06925000343471766,1.9887500675395131,0.7497080368921161,2.816416905261576
1149,Zhejia,unknown,unavailable_in_sd_path,36,/Users/zilongzeng/Research/DroneControl/user_study_v2/Zhejia/Unknown/36.wav,Zhejia/Unknown/36.wav,unknown,0.99609375,0.0,0.0,0.99609375,"[-128, -128, 127]",True,,,,0.11674989946186543,1.53254100587219,0.724292011000216,2.3853330640122294
1150,Zhejia,unknown,unavailable_in_sd_path,37,/Users/zilongzeng/Research/DroneControl/user_study_v2/Zhejia/Unknown/37.wav,Zhejia/Unknown/37.wav,unknown,0.99609375,0.0,0.0,0.99609375,"[-128, -128, 127]",True,,,,0.16137491911649704,1.4382500667124987,0.7415419677272439,2.3558749817311764
1151,Zhejia,unknown,unavailable_in_sd_path,38,/Users/zilongzeng/Research/DroneControl/user_study_v2/Zhejia/Unknown/38.wav,Zhejia/Unknown/38.wav,movement,0.99609375,0.0,0.99609375,0.0,"[-128, 127, -128]",False,,,,0.11379201896488667,1.3736250111833215,0.7121660746634007,2.2077079629525542
1152,Zhejia,unknown,unavailable_in_sd_path,39,/Users/zilongzeng/Research/DroneControl/user_study_v2/Zhejia/Unknown/39.wav,Zhejia/Unknown/39.wav,unknown,0.99609375,0.0,0.0,0.99609375,"[-128, -128, 127]",True,,,,0.09220803622156382,1.406832947395742,0.6221670191735029,2.1282079396769404
1153,Zhejia,unknown,unavailable_in_sd_path,40,/Users/zilongzeng/Research/DroneControl/user_study_v2/Zhejia/Unknown/40.wav,Zhejia/Unknown/40.wav,unknown,0.99609375,0.0,0.0,0.99609375,"[-128, -128, 127]",True,,,,0.09575008880347013,1.2415419332683086,0.6819999543949962,2.025083056651056
1154,Zhejia,unknown,unavailable_in_sd_path,41,/Users/zilongzeng/Research/DroneControl/user_study_v2/Zhejia/Unknown/41.wav,Zhejia/Unknown/41.wav,unknown,0.99609375,0.0,0.0,0.99609375,"[-128, -128, 127]",True,,,,0.07366703357547522,1.2085000053048134,0.6197500042617321,1.9079999765381217
1155,Zhejia,unknown,unavailable_in_sd_path,42,/Users/zilongzeng/Research/DroneControl/user_study_v2/Zhejia/Unknown/42.wav,Zhejia/Unknown/42.wav,unknown,0.99609375,0.0,0.0,0.99609375,"[-128, -128, 127]",True,,,,0.06849993951618671,1.1900829849764705,0.7203749846667051,1.9848750671371818
1156,Zhejia,unknown,unavailable_in_sd_path,43,/Users/zilongzeng/Research/DroneControl/user_study_v2/Zhejia/Unknown/43.wav,Zhejia/Unknown/43.wav,unknown,0.99609375,0.0,0.0,0.99609375,"[-128, -128, 127]",True,,,,0.06920797750353813,1.1950000189244747,0.647915992885828,1.918042078614235
1157,Zhejia,unknown,unavailable_in_sd_path,44,/Users/zilongzeng/Research/DroneControl/user_study_v2/Zhejia/Unknown/44.wav,Zhejia/Unknown/44.wav,unknown,0.99609375,0.0,0.0,0.99609375,"[-128, -128, 127]",True,,,,0.07433292921632528,1.242915983311832,0.6484159966930747,1.973374979570508
1158,Zhejia,unknown,unavailable_in_sd_path,45,/Users/zilongzeng/Research/DroneControl/user_study_v2/Zhejia/Unknown/45.wav,Zhejia/Unknown/45.wav,unknown,0.99609375,0.0,0.0,0.99609375,"[-128, -128, 127]",True,,,,0.09504205081611872,1.1902500409632921,0.6959999445825815,1.9898340106010437
1159,Zhejia,unknown,unavailable_in_sd_path,46,/Users/zilongzeng/Research/DroneControl/user_study_v2/Zhejia/Unknown/46.wav,Zhejia/Unknown/46.wav,unknown,0.96875,0.0,0.03125,0.96875,"[-128, -120, 120]",True,,,,0.09291700553148985,1.2670420110225677,0.7324579637497663,2.100709010846913
1160,Zhejia,unknown,unavailable_in_sd_path,47,/Users/zilongzeng/Research/DroneControl/user_study_v2/Zhejia/Unknown/47.wav,Zhejia/Unknown/47.wav,movement,0.99609375,0.0,0.99609375,0.0,"[-128, 127, -128]",False,,,,0.21712493617087603,1.2319579254835844,0.6411250215023756,2.0962500711902976
1161,Zhejia,unknown,unavailable_in_sd_path,48,/Users/zilongzeng/Research/DroneControl/user_study_v2/Zhejia/Unknown/48.wav,Zhejia/Unknown/48.wav,unknown,0.99609375,0.0,0.0,0.99609375,"[-128, -128, 127]",True,,,,0.07562502287328243,1.2005830649286509,0.7504170062020421,2.033374970778823
1162,Zhejia,unknown,unavailable_in_sd_path,49,/Users/zilongzeng/Research/DroneControl/user_study_v2/Zhejia/Unknown/49.wav,Zhejia/Unknown/49.wav,unknown,0.99609375,0.0,0.0,0.99609375,"[-128, -128, 127]",True,,,,0.08379202336072922,1.2236250331625342,0.6570409750565886,1.971375080756843
1163,Zhuoran,emergency,unavailable_in_sd_path,0,/Users/zilongzeng/Research/DroneControl/user_study_v2/Zhuoran/Emergency/0.wav,Zhuoran/Emergency/0.wav,emergency,0.99609375,0.99609375,0.00390625,0.0,"[127, -127, -128]",True,,,,0.08150003850460052,1.214709016494453,0.7257080869749188,2.0349170081317425
1164,Zhuoran,emergency,unavailable_in_sd_path,1,/Users/zilongzeng/Research/DroneControl/user_study_v2/Zhuoran/Emergency/1.wav,Zhuoran/Emergency/1.wav,unknown,0.8515625,0.140625,0.01171875,0.8515625,"[-92, -125, 90]",False,,,,0.21066691260784864,1.269417000003159,0.7047500694170594,2.193916938267648
1165,Zhuoran,emergency,unavailable_in_sd_path,2,/Users/zilongzeng/Research/DroneControl/user_study_v2/Zhuoran/Emergency/2.wav,Zhuoran/Emergency/2.wav,movement,0.99609375,0.0,0.99609375,0.0,"[-128, 127, -128]",False,,,,0.07704098243266344,1.3330840738490224,0.7624590070918202,2.1820419933646917
1166,Zhuoran,emergency,unavailable_in_sd_path,3,/Users/zilongzeng/Research/DroneControl/user_study_v2/Zhuoran/Emergency/3.wav,Zhuoran/Emergency/3.wav,emergency,0.99609375,0.99609375,0.0,0.0,"[127, -128, -128]",True,,,,0.24212501011788845,1.2449580244719982,0.6175000453367829,2.1098749712109566
1167,Zhuoran,emergency,unavailable_in_sd_path,4,/Users/zilongzeng/Research/DroneControl/user_study_v2/Zhuoran/Emergency/4.wav,Zhuoran/Emergency/4.wav,emergency,0.69140625,0.69140625,0.30859375,0.0,"[49, -49, -128]",True,,,,0.31999999191612005,1.2594580184668303,0.6287089781835675,2.2169160656630993
1168,Zhuoran,emergency,unavailable_in_sd_path,5,/Users/zilongzeng/Research/DroneControl/user_study_v2/Zhuoran/Emergency/5.wav,Zhuoran/Emergency/5.wav,emergency,0.99609375,0.99609375,0.0,0.0,"[127, -128, -128]",True,,,,0.10487495455890894,1.3068750267848372,0.5967500619590282,2.0160829881206155
1169,Zhuoran,emergency,unavailable_in_sd_path,6,/Users/zilongzeng/Research/DroneControl/user_study_v2/Zhuoran/Emergency/6.wav,Zhuoran/Emergency/6.wav,emergency,0.99609375,0.99609375,0.0,0.0,"[127, -128, -128]",True,,,,0.09029102511703968,1.2585000367835164,0.7461659843102098,2.1039589773863554
1170,Zhuoran,emergency,unavailable_in_sd_path,7,/Users/zilongzeng/Research/DroneControl/user_study_v2/Zhuoran/Emergency/7.wav,Zhuoran/Emergency/7.wav,emergency,0.99609375,0.99609375,0.0,0.0,"[127, -128, -128]",True,,,,0.11499994434416294,1.1935000075027347,0.6337090162560344,1.9474579021334648
1171,Zhuoran,emergency,unavailable_in_sd_path,8,/Users/zilongzeng/Research/DroneControl/user_study_v2/Zhuoran/Emergency/8.wav,Zhuoran/Emergency/8.wav,movement,0.80859375,0.16015625,0.80859375,0.03125,"[-87, 79, -120]",False,,,,0.05833292379975319,1.1559170670807362,0.7350839441642165,1.9552919548004866
1172,Zhuoran,emergency,unavailable_in_sd_path,9,/Users/zilongzeng/Research/DroneControl/user_study_v2/Zhuoran/Emergency/9.wav,Zhuoran/Emergency/9.wav,emergency,0.97265625,0.97265625,0.02734375,0.0,"[121, -121, -128]",True,,,,0.22316700778901577,1.19779200758785,0.6796249654144049,2.1059169666841626
1173,Zhuoran,emergency,unavailable_in_sd_path,10,/Users/zilongzeng/Research/DroneControl/user_study_v2/Zhuoran/Emergency/10.wav,Zhuoran/Emergency/10.wav,unknown,0.99609375,0.0,0.0,0.99609375,"[-128, -128, 127]",False,,,,0.22829195950180292,1.1747910175472498,0.7525000255554914,2.161500044167042
1174,Zhuoran,emergency,unavailable_in_sd_path,11,/Users/zilongzeng/Research/DroneControl/user_study_v2/Zhuoran/Emergency/11.wav,Zhuoran/Emergency/11.wav,emergency,0.99609375,0.99609375,0.0,0.0,"[127, -128, -128]",True,,,,0.06183399818837643,1.1737080058082938,0.6327909650281072,1.8738750368356705
1175,Zhuoran,emergency,unavailable_in_sd_path,12,/Users/zilongzeng/Research/DroneControl/user_study_v2/Zhuoran/Emergency/12.wav,Zhuoran/Emergency/12.wav,emergency,0.99609375,0.99609375,0.0,0.0,"[127, -128, -128]",True,,,,0.057875062339007854,1.1822499800473452,0.7114579202607274,1.9568330608308315
1176,Zhuoran,emergency,unavailable_in_sd_path,13,/Users/zilongzeng/Research/DroneControl/user_study_v2/Zhuoran/Emergency/13.wav,Zhuoran/Emergency/13.wav,emergency,0.99609375,0.99609375,0.0,0.0,"[127, -128, -128]",True,,,,0.06304203998297453,1.217666082084179,0.6782499840483069,1.9648750312626362
1177,Zhuoran,emergency,unavailable_in_sd_path,14,/Users/zilongzeng/Research/DroneControl/user_study_v2/Zhuoran/Emergency/14.wav,Zhuoran/Emergency/14.wav,emergency,0.99609375,0.99609375,0.0,0.0,"[127, -128, -128]",True,,,,0.20108406897634268,1.279874937608838,0.7154580671340227,2.2027500672265887
1178,Zhuoran,emergency,unavailable_in_sd_path,15,/Users/zilongzeng/Research/DroneControl/user_study_v2/Zhuoran/Emergency/15.wav,Zhuoran/Emergency/15.wav,emergency,0.99609375,0.99609375,0.0,0.0,"[127, -128, -128]",True,,,,0.2329169074073434,1.270500011742115,0.7469999836757779,2.2574999602511525
1179,Zhuoran,emergency,unavailable_in_sd_path,16,/Users/zilongzeng/Research/DroneControl/user_study_v2/Zhuoran/Emergency/16.wav,Zhuoran/Emergency/16.wav,emergency,0.99609375,0.99609375,0.0,0.0,"[127, -128, -128]",True,,,,0.08337502367794514,1.2498749420046806,0.7380000315606594,2.0775829907506704
1180,Zhuoran,emergency,unavailable_in_sd_path,17,/Users/zilongzeng/Research/DroneControl/user_study_v2/Zhuoran/Emergency/17.wav,Zhuoran/Emergency/17.wav,unknown,0.984375,0.015625,0.0,0.984375,"[-124, -128, 124]",False,,,,0.07691700011491776,1.3168330769985914,0.6469580112025142,2.04641604796052
1181,Zhuoran,emergency,unavailable_in_sd_path,18,/Users/zilongzeng/Research/DroneControl/user_study_v2/Zhuoran/Emergency/18.wav,Zhuoran/Emergency/18.wav,emergency,0.99609375,0.99609375,0.0,0.0,"[127, -128, -128]",True,,,,0.09224994573742151,1.1985419550910592,0.738375005312264,2.0381660433486104
1182,Zhuoran,emergency,unavailable_in_sd_path,19,/Users/zilongzeng/Research/DroneControl/user_study_v2/Zhuoran/Emergency/19.wav,Zhuoran/Emergency/19.wav,emergency,0.99609375,0.99609375,0.0,0.0,"[127, -128, -128]",True,,,,0.07937499321997166,1.2236670590937138,0.6389589980244637,1.9472090061753988
1183,Zhuoran,emergency,unavailable_in_sd_path,20,/Users/zilongzeng/Research/DroneControl/user_study_v2/Zhuoran/Emergency/20.wav,Zhuoran/Emergency/20.wav,emergency,0.99609375,0.99609375,0.0,0.0,"[127, -128, -128]",True,,,,0.06462493911385536,1.2085409834980965,0.692458008415997,1.9725000020116568
1184,Zhuoran,emergency,unavailable_in_sd_path,21,/Users/zilongzeng/Research/DroneControl/user_study_v2/Zhuoran/Emergency/21.wav,Zhuoran/Emergency/21.wav,emergency,0.99609375,0.99609375,0.0,0.0,"[127, -128, -128]",True,,,,0.06866699550300837,1.1968750040978193,0.620792037807405,1.8914169631898403
1185,Zhuoran,emergency,unavailable_in_sd_path,22,/Users/zilongzeng/Research/DroneControl/user_study_v2/Zhuoran/Emergency/22.wav,Zhuoran/Emergency/22.wav,emergency,0.99609375,0.99609375,0.0,0.0,"[127, -128, -128]",True,,,,0.05550007335841656,1.1705410433933139,0.6097909063100815,1.8421660643070936
1186,Zhuoran,emergency,unavailable_in_sd_path,23,/Users/zilongzeng/Research/DroneControl/user_study_v2/Zhuoran/Emergency/23.wav,Zhuoran/Emergency/23.wav,emergency,0.99609375,0.99609375,0.0,0.0,"[127, -128, -128]",True,,,,0.08995796088129282,1.3687920290976763,0.6416670512408018,2.106167026795447
1187,Zhuoran,emergency,unavailable_in_sd_path,24,/Users/zilongzeng/Research/DroneControl/user_study_v2/Zhuoran/Emergency/24.wav,Zhuoran/Emergency/24.wav,emergency,0.99609375,0.99609375,0.0,0.0,"[127, -128, -128]",True,,,,0.0773329520598054,1.2365829898044467,0.6117919692769647,1.9309159833937883
1188,Zhuoran,emergency,unavailable_in_sd_path,25,/Users/zilongzeng/Research/DroneControl/user_study_v2/Zhuoran/Emergency/25.wav,Zhuoran/Emergency/25.wav,emergency,0.99609375,0.99609375,0.0,0.0,"[127, -128, -128]",True,,,,0.06487499922513962,1.2232080334797502,0.6140409968793392,1.9073750590905547
1189,Zhuoran,emergency,unavailable_in_sd_path,26,/Users/zilongzeng/Research/DroneControl/user_study_v2/Zhuoran/Emergency/26.wav,Zhuoran/Emergency/26.wav,emergency,0.9921875,0.9921875,0.0078125,0.0,"[126, -126, -128]",True,,,,0.07487507537007332,1.1768749682232738,0.6313339108601213,1.8883750308305025
1190,Zhuoran,emergency,unavailable_in_sd_path,27,/Users/zilongzeng/Research/DroneControl/user_study_v2/Zhuoran/Emergency/27.wav,Zhuoran/Emergency/27.wav,emergency,0.99609375,0.99609375,0.00390625,0.0,"[127, -127, -128]",True,,,,0.07158389780670404,1.2134580174461007,0.6355829536914825,1.9262910354882479
1191,Zhuoran,emergency,unavailable_in_sd_path,28,/Users/zilongzeng/Research/DroneControl/user_study_v2/Zhuoran/Emergency/28.wav,Zhuoran/Emergency/28.wav,emergency,0.99609375,0.99609375,0.0,0.0,"[127, -128, -128]",True,,,,0.07162499241530895,1.1935840593650937,0.6312920013442636,1.9017501035705209
1192,Zhuoran,emergency,unavailable_in_sd_path,29,/Users/zilongzeng/Research/DroneControl/user_study_v2/Zhuoran/Emergency/29.wav,Zhuoran/Emergency/29.wav,emergency,0.99609375,0.99609375,0.0,0.0,"[127, -128, -128]",True,,,,0.05974993109703064,1.219834084622562,0.6333749042823911,1.9182090181857347
1193,Zhuoran,emergency,unavailable_in_sd_path,30,/Users/zilongzeng/Research/DroneControl/user_study_v2/Zhuoran/Emergency/30.wav,Zhuoran/Emergency/30.wav,emergency,0.99609375,0.99609375,0.0,0.0,"[127, -128, -128]",True,,,,0.06616697646677494,1.231792033649981,0.6766249425709248,1.9801669986918569
1194,Zhuoran,emergency,unavailable_in_sd_path,31,/Users/zilongzeng/Research/DroneControl/user_study_v2/Zhuoran/Emergency/31.wav,Zhuoran/Emergency/31.wav,emergency,0.953125,0.953125,0.046875,0.0,"[116, -116, -128]",True,,,,0.08537503890693188,1.2928340584039688,0.6532500265166163,2.0379169145599008
1195,Zhuoran,emergency,unavailable_in_sd_path,32,/Users/zilongzeng/Research/DroneControl/user_study_v2/Zhuoran/Emergency/32.wav,Zhuoran/Emergency/32.wav,emergency,0.99609375,0.99609375,0.0,0.0,"[127, -128, -128]",True,,,,0.16962492372840643,1.2721670791506767,0.6158750038594007,2.064500004053116
1196,Zhuoran,emergency,unavailable_in_sd_path,33,/Users/zilongzeng/Research/DroneControl/user_study_v2/Zhuoran/Emergency/33.wav,Zhuoran/Emergency/33.wav,movement,0.99609375,0.0,0.99609375,0.0,"[-128, 127, -128]",False,,,,0.28129201382398605,1.3120000949129462,0.7272920338436961,2.328457892872393
1197,Zhuoran,emergency,unavailable_in_sd_path,34,/Users/zilongzeng/Research/DroneControl/user_study_v2/Zhuoran/Emergency/34.wav,Zhuoran/Emergency/34.wav,movement,0.99609375,0.0,0.99609375,0.0,"[-128, 127, -128]",False,,,,0.09941705502569675,1.2078330619260669,0.6533329142257571,1.9666249863803387
1198,Zhuoran,emergency,unavailable_in_sd_path,35,/Users/zilongzeng/Research/DroneControl/user_study_v2/Zhuoran/Emergency/35.wav,Zhuoran/Emergency/35.wav,unknown,0.99609375,0.0,0.0,0.99609375,"[-128, -128, 127]",False,,,,0.08825003169476986,1.4590829377993941,0.6957500008866191,2.248957986012101
1199,Zhuoran,emergency,unavailable_in_sd_path,36,/Users/zilongzeng/Research/DroneControl/user_study_v2/Zhuoran/Emergency/36.wav,Zhuoran/Emergency/36.wav,unknown,0.99609375,0.0,0.0,0.99609375,"[-128, -128, 127]",False,,,,0.09250000584870577,1.3598750811070204,0.6660000653937459,2.1266250405460596
1200,Zhuoran,emergency,unavailable_in_sd_path,37,/Users/zilongzeng/Research/DroneControl/user_study_v2/Zhuoran/Emergency/37.wav,Zhuoran/Emergency/37.wav,movement,0.890625,0.06640625,0.890625,0.04296875,"[-111, 100, -117]",False,,,,0.08370901923626661,1.4805420069023967,0.6484159966930747,2.219540998339653
1201,Zhuoran,emergency,unavailable_in_sd_path,38,/Users/zilongzeng/Research/DroneControl/user_study_v2/Zhuoran/Emergency/38.wav,Zhuoran/Emergency/38.wav,emergency,0.9921875,0.9921875,0.0078125,0.0,"[126, -126, -128]",True,,,,0.10908301919698715,1.2232919689267874,0.6267079152166843,1.9653330091387033
1202,Zhuoran,emergency,unavailable_in_sd_path,39,/Users/zilongzeng/Research/DroneControl/user_study_v2/Zhuoran/Emergency/39.wav,Zhuoran/Emergency/39.wav,emergency,0.99609375,0.99609375,0.0,0.0,"[127, -128, -128]",True,,,,0.2368340501561761,1.2258749920874834,0.6525419885292649,2.1201249910518527
1203,Zhuoran,emergency,unavailable_in_sd_path,40,/Users/zilongzeng/Research/DroneControl/user_study_v2/Zhuoran/Emergency/40.wav,Zhuoran/Emergency/40.wav,movement,0.98046875,0.01953125,0.98046875,0.0,"[-123, 123, -128]",False,,,,0.3440839936956763,1.2144590727984905,0.6275840569287539,2.1915410179644823
1204,Zhuoran,emergency,unavailable_in_sd_path,41,/Users/zilongzeng/Research/DroneControl/user_study_v2/Zhuoran/Emergency/41.wav,Zhuoran/Emergency/41.wav,unknown,0.99609375,0.0,0.0,0.99609375,"[-128, -128, 127]",False,,,,0.07387495134025812,1.2939580483362079,0.6600830238312483,2.034583012573421
1205,Zhuoran,emergency,unavailable_in_sd_path,42,/Users/zilongzeng/Research/DroneControl/user_study_v2/Zhuoran/Emergency/42.wav,Zhuoran/Emergency/42.wav,movement,0.984375,0.0,0.984375,0.015625,"[-128, 124, -124]",False,,,,0.06750004831701517,1.216874923557043,0.6946659414097667,1.9865829963237047
1206,Zhuoran,emergency,unavailable_in_sd_path,43,/Users/zilongzeng/Research/DroneControl/user_study_v2/Zhuoran/Emergency/43.wav,Zhuoran/Emergency/43.wav,movement,0.99609375,0.0,0.99609375,0.0,"[-128, 127, -128]",False,,,,0.10304199531674385,1.3444580836221576,0.636042095720768,2.0893749315291643
1207,Zhuoran,emergency,unavailable_in_sd_path,44,/Users/zilongzeng/Research/DroneControl/user_study_v2/Zhuoran/Emergency/44.wav,Zhuoran/Emergency/44.wav,emergency,0.99609375,0.99609375,0.0,0.0,"[127, -128, -128]",True,,,,0.07399998139590025,1.3038329780101776,0.6353749195113778,2.0231249509379268
1208,Zhuoran,emergency,unavailable_in_sd_path,45,/Users/zilongzeng/Research/DroneControl/user_study_v2/Zhuoran/Emergency/45.wav,Zhuoran/Emergency/45.wav,emergency,0.99609375,0.99609375,0.0,0.0,"[127, -128, -128]",True,,,,0.13641605619341135,1.3584590051323175,0.6333340425044298,2.13425001129508
1209,Zhuoran,emergency,unavailable_in_sd_path,46,/Users/zilongzeng/Research/DroneControl/user_study_v2/Zhuoran/Emergency/46.wav,Zhuoran/Emergency/46.wav,movement,0.96875,0.03125,0.96875,0.0,"[-120, 120, -128]",False,,,,0.09041698649525642,1.2320420937612653,0.7256669923663139,2.055916003882885
1210,Zhuoran,emergency,unavailable_in_sd_path,47,/Users/zilongzeng/Research/DroneControl/user_study_v2/Zhuoran/Emergency/47.wav,Zhuoran/Emergency/47.wav,emergency,0.99609375,0.99609375,0.0,0.0,"[127, -128, -128]",True,,,,0.07666600868105888,1.2565000215545297,0.6743340054526925,2.0145829766988754
1211,Zhuoran,emergency,unavailable_in_sd_path,48,/Users/zilongzeng/Research/DroneControl/user_study_v2/Zhuoran/Emergency/48.wav,Zhuoran/Emergency/48.wav,emergency,0.99609375,0.99609375,0.0,0.0,"[127, -128, -128]",True,,,,0.0892499228939414,1.2645419919863343,0.6836659740656614,2.042667008936405
1212,Zhuoran,emergency,unavailable_in_sd_path,49,/Users/zilongzeng/Research/DroneControl/user_study_v2/Zhuoran/Emergency/49.wav,Zhuoran/Emergency/49.wav,emergency,0.99609375,0.99609375,0.0,0.0,"[127, -128, -128]",True,,,,0.06108300294727087,1.228415989317,0.6208749255165458,1.91520806401968
1213,Zhuoran,movement,unavailable_in_sd_path,0,/Users/zilongzeng/Research/DroneControl/user_study_v2/Zhuoran/Movement/0.wav,Zhuoran/Movement/0.wav,movement,0.99609375,0.0,0.99609375,0.0,"[-128, 127, -128]",True,,,,0.06579200271517038,1.1402079835534096,0.6273339968174696,1.8389590550214052
1214,Zhuoran,movement,unavailable_in_sd_path,1,/Users/zilongzeng/Research/DroneControl/user_study_v2/Zhuoran/Movement/1.wav,Zhuoran/Movement/1.wav,movement,0.99609375,0.0,0.99609375,0.0,"[-128, 127, -128]",True,,,,0.06724998820573092,1.442458014935255,0.705749960616231,2.2216669749468565
1215,Zhuoran,movement,unavailable_in_sd_path,2,/Users/zilongzeng/Research/DroneControl/user_study_v2/Zhuoran/Movement/2.wav,Zhuoran/Movement/2.wav,movement,0.99609375,0.0,0.99609375,0.0,"[-128, 127, -128]",True,,,,0.2346669789403677,1.261417055502534,0.6563749630004168,2.1597089944407344
1216,Zhuoran,movement,unavailable_in_sd_path,3,/Users/zilongzeng/Research/DroneControl/user_study_v2/Zhuoran/Movement/3.wav,Zhuoran/Movement/3.wav,movement,0.99609375,0.0,0.99609375,0.0,"[-128, 127, -128]",True,,,,0.25587494019418955,1.3239580439403653,0.6551669212058187,2.241874928586185
1217,Zhuoran,movement,unavailable_in_sd_path,4,/Users/zilongzeng/Research/DroneControl/user_study_v2/Zhuoran/Movement/4.wav,Zhuoran/Movement/4.wav,movement,0.99609375,0.0,0.99609375,0.0,"[-128, 127, -128]",True,,,,0.20879204384982586,1.2468339409679174,0.649999943561852,2.1121249301359057
1218,Zhuoran,movement,unavailable_in_sd_path,5,/Users/zilongzeng/Research/DroneControl/user_study_v2/Zhuoran/Movement/5.wav,Zhuoran/Movement/5.wav,movement,0.99609375,0.0,0.99609375,0.0,"[-128, 127, -128]",True,,,,0.26791600976139307,1.3769170036539435,0.6387080065906048,2.290374948643148
1219,Zhuoran,movement,unavailable_in_sd_path,6,/Users/zilongzeng/Research/DroneControl/user_study_v2/Zhuoran/Movement/6.wav,Zhuoran/Movement/6.wav,movement,0.99609375,0.0,0.99609375,0.0,"[-128, 127, -128]",True,,,,0.09987491648644209,1.205708016641438,0.6662080995738506,1.9798330031335354
1220,Zhuoran,movement,unavailable_in_sd_path,7,/Users/zilongzeng/Research/DroneControl/user_study_v2/Zhuoran/Movement/7.wav,Zhuoran/Movement/7.wav,movement,0.99609375,0.0,0.99609375,0.0,"[-128, 127, -128]",True,,,,0.08420797530561686,1.319624949246645,0.7166670402511954,2.126874984242022
1221,Zhuoran,movement,unavailable_in_sd_path,8,/Users/zilongzeng/Research/DroneControl/user_study_v2/Zhuoran/Movement/8.wav,Zhuoran/Movement/8.wav,movement,0.99609375,0.0,0.99609375,0.0,"[-128, 127, -128]",True,,,,0.10087492410093546,1.3832920230925083,0.6319170352071524,2.1232079016044736
1222,Zhuoran,movement,unavailable_in_sd_path,9,/Users/zilongzeng/Research/DroneControl/user_study_v2/Zhuoran/Movement/9.wav,Zhuoran/Movement/9.wav,movement,0.99609375,0.0,0.99609375,0.0,"[-128, 127, -128]",True,,,,0.11024996638298035,1.3697500107809901,0.6897080456838012,2.1788340527564287
1223,Zhuoran,movement,unavailable_in_sd_path,10,/Users/zilongzeng/Research/DroneControl/user_study_v2/Zhuoran/Movement/10.wav,Zhuoran/Movement/10.wav,unknown,0.98828125,0.0,0.01171875,0.98828125,"[-128, -125, 125]",False,,,,0.0992499990388751,1.3564999680966139,0.6459580035880208,2.107042004354298
1224,Zhuoran,movement,unavailable_in_sd_path,11,/Users/zilongzeng/Research/DroneControl/user_study_v2/Zhuoran/Movement/11.wav,Zhuoran/Movement/11.wav,movement,0.99609375,0.0,0.99609375,0.0,"[-128, 127, -128]",True,,,,0.07745809853076935,1.4470829628407955,0.6197909824550152,2.1497500129044056
1225,Zhuoran,movement,unavailable_in_sd_path,12,/Users/zilongzeng/Research/DroneControl/user_study_v2/Zhuoran/Movement/12.wav,Zhuoran/Movement/12.wav,movement,0.76953125,0.0,0.76953125,0.23046875,"[-128, 69, -69]",True,,,,0.09974988643079996,1.2106250505894423,0.6310830358415842,1.9482920179143548
1226,Zhuoran,movement,unavailable_in_sd_path,13,/Users/zilongzeng/Research/DroneControl/user_study_v2/Zhuoran/Movement/13.wav,Zhuoran/Movement/13.wav,unknown,0.99609375,0.0,0.0,0.99609375,"[-128, -128, 127]",False,,,,0.09320909157395363,1.206875080242753,0.6384999724105,1.9440000178292394
1227,Zhuoran,movement,unavailable_in_sd_path,14,/Users/zilongzeng/Research/DroneControl/user_study_v2/Zhuoran/Movement/14.wav,Zhuoran/Movement/14.wav,movement,0.96875,0.0,0.96875,0.03125,"[-128, 120, -120]",True,,,,0.06987503729760647,1.3526249676942825,0.6820829585194588,2.1106250351294875
1228,Zhuoran,movement,unavailable_in_sd_path,15,/Users/zilongzeng/Research/DroneControl/user_study_v2/Zhuoran/Movement/15.wav,Zhuoran/Movement/15.wav,movement,0.99609375,0.0,0.99609375,0.0,"[-128, 127, -128]",True,,,,0.09099999442696571,1.3016669545322657,0.6914580008015037,2.0921670366078615
1229,Zhuoran,movement,unavailable_in_sd_path,16,/Users/zilongzeng/Research/DroneControl/user_study_v2/Zhuoran/Movement/16.wav,Zhuoran/Movement/16.wav,unknown,0.99609375,0.0,0.0,0.99609375,"[-128, -128, 127]",False,,,,0.07587496656924486,1.3603749684989452,0.7290000794455409,2.172625041566789
1230,Zhuoran,movement,unavailable_in_sd_path,17,/Users/zilongzeng/Research/DroneControl/user_study_v2/Zhuoran/Movement/17.wav,Zhuoran/Movement/17.wav,unknown,0.55078125,0.0,0.44921875,0.55078125,"[-128, -13, 13]",False,,,,0.09733298793435097,1.3528330018743873,0.6725409766659141,2.128667081706226
1231,Zhuoran,movement,unavailable_in_sd_path,18,/Users/zilongzeng/Research/DroneControl/user_study_v2/Zhuoran/Movement/18.wav,Zhuoran/Movement/18.wav,unknown,0.99609375,0.0,0.0,0.99609375,"[-128, -128, 127]",False,,,,0.08349993731826544,1.3242500135675073,0.6674579344689846,2.0829170243814588
1232,Zhuoran,movement,unavailable_in_sd_path,19,/Users/zilongzeng/Research/DroneControl/user_study_v2/Zhuoran/Movement/19.wav,Zhuoran/Movement/19.wav,unknown,0.99609375,0.0,0.0,0.99609375,"[-128, -128, 127]",False,,,,0.09779189713299274,1.3522079680114985,0.6357079837471247,2.090916968882084
1233,Zhuoran,movement,unavailable_in_sd_path,20,/Users/zilongzeng/Research/DroneControl/user_study_v2/Zhuoran/Movement/20.wav,Zhuoran/Movement/20.wav,unknown,0.99609375,0.0,0.0,0.99609375,"[-128, -128, 127]",False,,,,0.08520809933543205,1.1248330119997263,0.6269169971346855,1.8417499959468842
1234,Zhuoran,movement,unavailable_in_sd_path,21,/Users/zilongzeng/Research/DroneControl/user_study_v2/Zhuoran/Movement/21.wav,Zhuoran/Movement/21.wav,unknown,0.9921875,0.0,0.0078125,0.9921875,"[-128, -126, 126]",False,,,,0.14387501869350672,1.2939999578520656,0.6192079745233059,2.062082989141345
1235,Zhuoran,movement,unavailable_in_sd_path,22,/Users/zilongzeng/Research/DroneControl/user_study_v2/Zhuoran/Movement/22.wav,Zhuoran/Movement/22.wav,movement,0.99609375,0.0,0.99609375,0.0,"[-128, 127, -128]",True,,,,0.21974998526275158,1.0876249289140105,0.6296670762822032,1.9424579804763198
1236,Zhuoran,movement,unavailable_in_sd_path,23,/Users/zilongzeng/Research/DroneControl/user_study_v2/Zhuoran/Movement/23.wav,Zhuoran/Movement/23.wav,movement,0.98828125,0.0,0.98828125,0.01171875,"[-128, 125, -125]",True,,,,0.2029590541496873,1.299459021538496,0.6146249361336231,2.1239579655230045
1237,Zhuoran,movement,unavailable_in_sd_path,24,/Users/zilongzeng/Research/DroneControl/user_study_v2/Zhuoran/Movement/24.wav,Zhuoran/Movement/24.wav,movement,0.99609375,0.0,0.99609375,0.0,"[-128, 127, -128]",True,,,,0.11183309834450483,1.1958340182900429,0.6435420364141464,1.9577089697122574
1238,Zhuoran,movement,unavailable_in_sd_path,25,/Users/zilongzeng/Research/DroneControl/user_study_v2/Zhuoran/Movement/25.wav,Zhuoran/Movement/25.wav,movement,0.99609375,0.0,0.99609375,0.0,"[-128, 127, -128]",True,,,,0.07154198829084635,1.27783406060189,0.6274170009419322,1.9824590999633074
1239,Zhuoran,movement,unavailable_in_sd_path,26,/Users/zilongzeng/Research/DroneControl/user_study_v2/Zhuoran/Movement/26.wav,Zhuoran/Movement/26.wav,movement,0.99609375,0.0,0.99609375,0.0,"[-128, 127, -128]",True,,,,0.07212499622255564,1.1763329384848475,0.6516659632325172,1.906040939502418
1240,Zhuoran,movement,unavailable_in_sd_path,27,/Users/zilongzeng/Research/DroneControl/user_study_v2/Zhuoran/Movement/27.wav,Zhuoran/Movement/27.wav,movement,0.99609375,0.0,0.99609375,0.0,"[-128, 127, -128]",True,,,,0.07412501145154238,1.2483750469982624,0.6222919328138232,1.9502080976963043
1241,Zhuoran,movement,unavailable_in_sd_path,28,/Users/zilongzeng/Research/DroneControl/user_study_v2/Zhuoran/Movement/28.wav,Zhuoran/Movement/28.wav,movement,0.99609375,0.0,0.99609375,0.0,"[-128, 127, -128]",True,,,,0.0713749323040247,1.175709068775177,0.6152089918032289,1.8672080477699637
1242,Zhuoran,movement,unavailable_in_sd_path,29,/Users/zilongzeng/Research/DroneControl/user_study_v2/Zhuoran/Movement/29.wav,Zhuoran/Movement/29.wav,movement,0.99609375,0.0,0.99609375,0.0,"[-128, 127, -128]",True,,,,0.05954189691692591,1.1650410015136003,0.6888329517096281,1.9192500039935112
1243,Zhuoran,movement,unavailable_in_sd_path,30,/Users/zilongzeng/Research/DroneControl/user_study_v2/Zhuoran/Movement/30.wav,Zhuoran/Movement/30.wav,movement,0.99609375,0.0,0.99609375,0.0,"[-128, 127, -128]",True,,,,0.07041706703603268,1.1779579799622297,0.6194170564413071,1.872875029221177
1244,Zhuoran,movement,unavailable_in_sd_path,31,/Users/zilongzeng/Research/DroneControl/user_study_v2/Zhuoran/Movement/31.wav,Zhuoran/Movement/31.wav,emergency,0.89453125,0.89453125,0.0234375,0.078125,"[101, -122, -108]",False,,,,0.061290920712053776,1.128208008594811,0.7412090199068189,1.9359580473974347
1245,Zhuoran,movement,unavailable_in_sd_path,32,/Users/zilongzeng/Research/DroneControl/user_study_v2/Zhuoran/Movement/32.wav,Zhuoran/Movement/32.wav,movement,0.99609375,0.0,0.99609375,0.0,"[-128, 127, -128]",True,,,,0.06608397234231234,1.1459171073511243,0.6747090956196189,1.8919999711215496
1246,Zhuoran,movement,unavailable_in_sd_path,33,/Users/zilongzeng/Research/DroneControl/user_study_v2/Zhuoran/Movement/33.wav,Zhuoran/Movement/33.wav,movement,0.99609375,0.0,0.99609375,0.0,"[-128, 127, -128]",True,,,,0.06362493149936199,1.2642910005524755,0.5995830288156867,1.9360000733286142
1247,Zhuoran,movement,unavailable_in_sd_path,34,/Users/zilongzeng/Research/DroneControl/user_study_v2/Zhuoran/Movement/34.wav,Zhuoran/Movement/34.wav,movement,0.99609375,0.0,0.99609375,0.0,"[-128, 127, -128]",True,,,,0.0890420051291585,1.236167037859559,0.6448749918490648,1.9767091143876314
1248,Zhuoran,movement,unavailable_in_sd_path,35,/Users/zilongzeng/Research/DroneControl/user_study_v2/Zhuoran/Movement/35.wav,Zhuoran/Movement/35.wav,unknown,0.99609375,0.0,0.0,0.99609375,"[-128, -128, 127]",False,,,,0.08454103954136372,1.2593329884111881,0.6255001062527299,1.9745839526876807
1249,Zhuoran,movement,unavailable_in_sd_path,36,/Users/zilongzeng/Research/DroneControl/user_study_v2/Zhuoran/Movement/36.wav,Zhuoran/Movement/36.wav,unknown,0.99609375,0.0,0.0,0.99609375,"[-128, -128, 127]",False,,,,0.069458968937397,1.3272090582177043,0.627166940830648,2.0304579520598054
1250,Zhuoran,movement,unavailable_in_sd_path,37,/Users/zilongzeng/Research/DroneControl/user_study_v2/Zhuoran/Movement/37.wav,Zhuoran/Movement/37.wav,unknown,0.99609375,0.0,0.0,0.99609375,"[-128, -128, 127]",False,,,,0.18991704564541578,1.1221669847145677,0.6488750223070383,1.9671670161187649
1251,Zhuoran,movement,unavailable_in_sd_path,38,/Users/zilongzeng/Research/DroneControl/user_study_v2/Zhuoran/Movement/38.wav,Zhuoran/Movement/38.wav,unknown,0.99609375,0.0,0.0,0.99609375,"[-128, -128, 127]",False,,,,0.2588339848443866,1.186791923828423,0.6342920241877437,2.0851660519838333
1252,Zhuoran,movement,unavailable_in_sd_path,39,/Users/zilongzeng/Research/DroneControl/user_study_v2/Zhuoran/Movement/39.wav,Zhuoran/Movement/39.wav,unknown,0.99609375,0.0,0.0,0.99609375,"[-128, -128, 127]",False,,,,0.06912497337907553,1.1778749758377671,0.6401250138878822,1.8939999863505363
1253,Zhuoran,movement,unavailable_in_sd_path,40,/Users/zilongzeng/Research/DroneControl/user_study_v2/Zhuoran/Movement/40.wav,Zhuoran/Movement/40.wav,movement,0.99609375,0.0,0.99609375,0.0,"[-128, 127, -128]",True,,,,0.08200004231184721,1.319709001109004,0.6102920742705464,2.017916995100677
1254,Zhuoran,movement,unavailable_in_sd_path,41,/Users/zilongzeng/Research/DroneControl/user_study_v2/Zhuoran/Movement/41.wav,Zhuoran/Movement/41.wav,movement,0.99609375,0.0,0.99609375,0.0,"[-128, 127, -128]",True,,,,0.07762503810226917,1.1278329184278846,0.6291660247370601,1.839500037021935
1255,Zhuoran,movement,unavailable_in_sd_path,42,/Users/zilongzeng/Research/DroneControl/user_study_v2/Zhuoran/Movement/42.wav,Zhuoran/Movement/42.wav,movement,0.99609375,0.0,0.99609375,0.0,"[-128, 127, -128]",True,,,,0.05929195322096348,1.230207970365882,0.6507090292870998,1.9457499729469419
1256,Zhuoran,movement,unavailable_in_sd_path,43,/Users/zilongzeng/Research/DroneControl/user_study_v2/Zhuoran/Movement/43.wav,Zhuoran/Movement/43.wav,unknown,0.92578125,0.03125,0.046875,0.92578125,"[-120, -116, 109]",False,,,,0.20166696049273014,1.1667499784380198,0.6240410730242729,1.9971249857917428
1257,Zhuoran,movement,unavailable_in_sd_path,44,/Users/zilongzeng/Research/DroneControl/user_study_v2/Zhuoran/Movement/44.wav,Zhuoran/Movement/44.wav,movement,0.99609375,0.0,0.99609375,0.0,"[-128, 127, -128]",True,,,,0.05658308509737253,1.2266660341992974,0.6152499699965119,1.9045000663027167
1258,Zhuoran,movement,unavailable_in_sd_path,45,/Users/zilongzeng/Research/DroneControl/user_study_v2/Zhuoran/Movement/45.wav,Zhuoran/Movement/45.wav,unknown,0.99609375,0.0,0.0,0.99609375,"[-128, -128, 127]",False,,,,0.11295895092189312,1.2169589754194021,0.6396669195964932,1.977332984097302
1259,Zhuoran,movement,unavailable_in_sd_path,46,/Users/zilongzeng/Research/DroneControl/user_study_v2/Zhuoran/Movement/46.wav,Zhuoran/Movement/46.wav,movement,0.99609375,0.0,0.99609375,0.0,"[-128, 127, -128]",True,,,,0.07841701153665781,1.2002920266240835,0.6474159890785813,1.931500039063394
1260,Zhuoran,movement,unavailable_in_sd_path,47,/Users/zilongzeng/Research/DroneControl/user_study_v2/Zhuoran/Movement/47.wav,Zhuoran/Movement/47.wav,unknown,0.99609375,0.0,0.0,0.99609375,"[-128, -128, 127]",False,,,,0.06954208947718143,1.219875062815845,0.6198750343173742,1.9146250560879707
1261,Zhuoran,movement,unavailable_in_sd_path,48,/Users/zilongzeng/Research/DroneControl/user_study_v2/Zhuoran/Movement/48.wav,Zhuoran/Movement/48.wav,unknown,0.6484375,0.0,0.3515625,0.6484375,"[-128, -38, 38]",False,,,,0.059999991208314896,1.1784170055761933,0.6975000724196434,1.9417500589042902
1262,Zhuoran,movement,unavailable_in_sd_path,49,/Users/zilongzeng/Research/DroneControl/user_study_v2/Zhuoran/Movement/49.wav,Zhuoran/Movement/49.wav,movement,0.99609375,0.0,0.99609375,0.0,"[-128, 127, -128]",True,,,,0.07341592572629452,1.4317090390250087,0.7592500187456608,2.27312499191612
1263,Zhuoran,unknown,unavailable_in_sd_path,0,/Users/zilongzeng/Research/DroneControl/user_study_v2/Zhuoran/Unknown/0.wav,Zhuoran/Unknown/0.wav,unknown,0.99609375,0.0,0.0,0.99609375,"[-128, -128, 127]",True,,,,0.14929205644875765,1.5222920337691903,0.7057910552248359,2.38491699565202
1264,Zhuoran,unknown,unavailable_in_sd_path,1,/Users/zilongzeng/Research/DroneControl/user_study_v2/Zhuoran/Unknown/1.wav,Zhuoran/Unknown/1.wav,unknown,0.99609375,0.0,0.0,0.99609375,"[-128, -128, 127]",True,,,,0.09254203177988529,1.2743331026285887,0.6704169791191816,2.0444999681785703
1265,Zhuoran,unknown,unavailable_in_sd_path,2,/Users/zilongzeng/Research/DroneControl/user_study_v2/Zhuoran/Unknown/2.wav,Zhuoran/Unknown/2.wav,unknown,0.99609375,0.0,0.0,0.99609375,"[-128, -128, 127]",True,,,,0.136749935336411,1.3571250019595027,0.6219579372555017,2.1223329240456223
1266,Zhuoran,unknown,unavailable_in_sd_path,3,/Users/zilongzeng/Research/DroneControl/user_study_v2/Zhuoran/Unknown/3.wav,Zhuoran/Unknown/3.wav,unknown,0.98046875,0.01953125,0.0,0.98046875,"[-123, -128, 123]",True,,,,0.08054100908339024,1.2135000433772802,0.6383749423548579,1.939249923452735
1267,Zhuoran,unknown,unavailable_in_sd_path,4,/Users/zilongzeng/Research/DroneControl/user_study_v2/Zhuoran/Unknown/4.wav,Zhuoran/Unknown/4.wav,unknown,0.99609375,0.0,0.0,0.99609375,"[-128, -128, 127]",True,,,,0.12500002048909664,1.3025000225752592,0.6639159983024001,2.099249977618456
1268,Zhuoran,unknown,unavailable_in_sd_path,5,/Users/zilongzeng/Research/DroneControl/user_study_v2/Zhuoran/Unknown/5.wav,Zhuoran/Unknown/5.wav,unknown,0.99609375,0.0,0.0,0.99609375,"[-128, -128, 127]",True,,,,0.1035409513860941,1.216875039972365,0.6496660644188523,1.9753749947994947
1269,Zhuoran,unknown,unavailable_in_sd_path,6,/Users/zilongzeng/Research/DroneControl/user_study_v2/Zhuoran/Unknown/6.wav,Zhuoran/Unknown/6.wav,unknown,0.99609375,0.0,0.0,0.99609375,"[-128, -128, 127]",True,,,,0.21645799279212952,1.1648329673334956,0.7377909496426582,2.130917040631175
1270,Zhuoran,unknown,unavailable_in_sd_path,7,/Users/zilongzeng/Research/DroneControl/user_study_v2/Zhuoran/Unknown/7.wav,Zhuoran/Unknown/7.wav,unknown,0.99609375,0.0,0.0,0.99609375,"[-128, -128, 127]",True,,,,0.2572500379756093,1.1518750106915832,0.6462500896304846,2.0604999735951424
1271,Zhuoran,unknown,unavailable_in_sd_path,8,/Users/zilongzeng/Research/DroneControl/user_study_v2/Zhuoran/Unknown/8.wav,Zhuoran/Unknown/8.wav,unknown,0.99609375,0.0,0.0,0.99609375,"[-128, -128, 127]",True,,,,0.06745907012373209,1.205666922032833,0.6518339505419135,1.9302910659462214
1272,Zhuoran,unknown,unavailable_in_sd_path,9,/Users/zilongzeng/Research/DroneControl/user_study_v2/Zhuoran/Unknown/9.wav,Zhuoran/Unknown/9.wav,unknown,0.99609375,0.0,0.0,0.99609375,"[-128, -128, 127]",True,,,,0.0779579859226942,1.220917096361518,0.6204580422490835,1.9252089550718665
1273,Zhuoran,unknown,unavailable_in_sd_path,10,/Users/zilongzeng/Research/DroneControl/user_study_v2/Zhuoran/Unknown/10.wav,Zhuoran/Unknown/10.wav,unknown,0.99609375,0.0,0.0,0.99609375,"[-128, -128, 127]",True,,,,0.06912508979439735,1.2261250521987677,0.7005829829722643,2.0008330466225743
1274,Zhuoran,unknown,unavailable_in_sd_path,11,/Users/zilongzeng/Research/DroneControl/user_study_v2/Zhuoran/Unknown/11.wav,Zhuoran/Unknown/11.wav,unknown,0.99609375,0.0,0.0,0.99609375,"[-128, -128, 127]",True,,,,0.20420795772224665,1.1725840158760548,0.6114999996498227,1.9933750154450536
1275,Zhuoran,unknown,unavailable_in_sd_path,12,/Users/zilongzeng/Research/DroneControl/user_study_v2/Zhuoran/Unknown/12.wav,Zhuoran/Unknown/12.wav,unknown,0.99609375,0.0,0.0,0.99609375,"[-128, -128, 127]",True,,,,0.05845900159329176,1.183292013593018,0.6488749058917165,1.8978329608216882
1276,Zhuoran,unknown,unavailable_in_sd_path,13,/Users/zilongzeng/Research/DroneControl/user_study_v2/Zhuoran/Unknown/13.wav,Zhuoran/Unknown/13.wav,unknown,0.9765625,0.0,0.01953125,0.9765625,"[-128, -123, 122]",True,,,,0.0826249597594142,1.1436250060796738,0.6554999854415655,1.8887919140979648
1277,Zhuoran,unknown,unavailable_in_sd_path,14,/Users/zilongzeng/Research/DroneControl/user_study_v2/Zhuoran/Unknown/14.wav,Zhuoran/Unknown/14.wav,unknown,0.99609375,0.0,0.0,0.99609375,"[-128, -128, 127]",True,,,,0.06891705561429262,1.16658303886652,0.7197500672191381,1.960999914444983
1278,Zhuoran,unknown,unavailable_in_sd_path,15,/Users/zilongzeng/Research/DroneControl/user_study_v2/Zhuoran/Unknown/15.wav,Zhuoran/Unknown/15.wav,unknown,0.99609375,0.0,0.0,0.99609375,"[-128, -128, 127]",True,,,,0.05862489342689514,1.1542499996721745,0.6302499677985907,1.847707899287343
1279,Zhuoran,unknown,unavailable_in_sd_path,16,/Users/zilongzeng/Research/DroneControl/user_study_v2/Zhuoran/Unknown/16.wav,Zhuoran/Unknown/16.wav,movement,0.91796875,0.08203125,0.91796875,0.0,"[-107, 107, -128]",False,,,,0.052875024266541004,1.1634579859673977,0.6394999800249934,1.861124997958541
1280,Zhuoran,unknown,unavailable_in_sd_path,17,/Users/zilongzeng/Research/DroneControl/user_study_v2/Zhuoran/Unknown/17.wav,Zhuoran/Unknown/17.wav,movement,0.99609375,0.0,0.99609375,0.0,"[-128, 127, -128]",False,,,,0.05870801396667957,1.4041250105947256,0.6388749461621046,2.1081248996779323
1281,Zhuoran,unknown,unavailable_in_sd_path,18,/Users/zilongzeng/Research/DroneControl/user_study_v2/Zhuoran/Unknown/18.wav,Zhuoran/Unknown/18.wav,emergency,0.99609375,0.99609375,0.0,0.0,"[127, -128, -128]",False,,,,0.2126250183209777,1.1149171041324735,0.6292499601840973,1.9617079524323344
1282,Zhuoran,unknown,unavailable_in_sd_path,19,/Users/zilongzeng/Research/DroneControl/user_study_v2/Zhuoran/Unknown/19.wav,Zhuoran/Unknown/19.wav,unknown,0.99609375,0.0,0.0,0.99609375,"[-128, -128, 127]",True,,,,0.21175004076212645,1.1861660750582814,0.6297919899225235,2.0329999970272183
1283,Zhuoran,unknown,unavailable_in_sd_path,20,/Users/zilongzeng/Research/DroneControl/user_study_v2/Zhuoran/Unknown/20.wav,Zhuoran/Unknown/20.wav,unknown,0.953125,0.0,0.046875,0.953125,"[-128, -116, 116]",True,,,,0.0678329961374402,1.1445829877629876,0.6312080658972263,1.8482919549569488
1284,Zhuoran,unknown,unavailable_in_sd_path,21,/Users/zilongzeng/Research/DroneControl/user_study_v2/Zhuoran/Unknown/21.wav,Zhuoran/Unknown/21.wav,movement,0.99609375,0.0,0.99609375,0.0,"[-128, 127, -128]",False,,,,0.19149994477629662,1.318583032116294,0.6284581031650305,2.1440000273287296
1285,Zhuoran,unknown,unavailable_in_sd_path,22,/Users/zilongzeng/Research/DroneControl/user_study_v2/Zhuoran/Unknown/22.wav,Zhuoran/Unknown/22.wav,emergency,0.99609375,0.99609375,0.0,0.0,"[127, -128, -128]",False,,,,0.05895807407796383,1.1712079867720604,0.6782499840483069,1.9139170181006193
1286,Zhuoran,unknown,unavailable_in_sd_path,23,/Users/zilongzeng/Research/DroneControl/user_study_v2/Zhuoran/Unknown/23.wav,Zhuoran/Unknown/23.wav,movement,0.99609375,0.0,0.99609375,0.0,"[-128, 127, -128]",False,,,,0.06633298471570015,1.2740829261019826,0.6434579845517874,1.9905419321730733
1287,Zhuoran,unknown,unavailable_in_sd_path,24,/Users/zilongzeng/Research/DroneControl/user_study_v2/Zhuoran/Unknown/24.wav,Zhuoran/Unknown/24.wav,unknown,0.50390625,0.4140625,0.08203125,0.50390625,"[-22, -107, 1]",True,,,,0.090167042799294,1.2660420034080744,0.7151250028982759,2.076915930956602
1288,Zhuoran,unknown,unavailable_in_sd_path,25,/Users/zilongzeng/Research/DroneControl/user_study_v2/Zhuoran/Unknown/25.wav,Zhuoran/Unknown/25.wav,unknown,0.99609375,0.0,0.0,0.99609375,"[-128, -128, 127]",True,,,,0.08945900481194258,1.3264169683679938,0.6367500172927976,2.058040932752192
1289,Zhuoran,unknown,unavailable_in_sd_path,26,/Users/zilongzeng/Research/DroneControl/user_study_v2/Zhuoran/Unknown/26.wav,Zhuoran/Unknown/26.wav,unknown,0.99609375,0.0,0.0,0.99609375,"[-128, -128, 127]",True,,,,0.07479195483028889,1.2542079202830791,0.6278330693021417,1.962041947990656
1290,Zhuoran,unknown,unavailable_in_sd_path,27,/Users/zilongzeng/Research/DroneControl/user_study_v2/Zhuoran/Unknown/27.wav,Zhuoran/Unknown/27.wav,unknown,0.99609375,0.0,0.0,0.99609375,"[-128, -128, 127]",True,,,,0.05712499842047691,1.2149580288678408,0.6182080833241343,1.8952499376609921
1291,Zhuoran,unknown,unavailable_in_sd_path,28,/Users/zilongzeng/Research/DroneControl/user_study_v2/Zhuoran/Unknown/28.wav,Zhuoran/Unknown/28.wav,unknown,0.99609375,0.0,0.0,0.99609375,"[-128, -128, 127]",True,,,,0.06016704719513655,1.164125045761466,0.6329170428216457,1.862665987573564
1292,Zhuoran,unknown,unavailable_in_sd_path,29,/Users/zilongzeng/Research/DroneControl/user_study_v2/Zhuoran/Unknown/29.wav,Zhuoran/Unknown/29.wav,unknown,0.99609375,0.0,0.0,0.99609375,"[-128, -128, 127]",True,,,,0.06499991286545992,1.1762500507757068,0.7062079384922981,1.9564590184018016
1293,Zhuoran,unknown,unavailable_in_sd_path,30,/Users/zilongzeng/Research/DroneControl/user_study_v2/Zhuoran/Unknown/30.wav,Zhuoran/Unknown/30.wav,unknown,0.99609375,0.0,0.0,0.99609375,"[-128, -128, 127]",True,,,,0.07991690654307604,1.227458007633686,0.6746669532731175,1.988957985304296
1294,Zhuoran,unknown,unavailable_in_sd_path,31,/Users/zilongzeng/Research/DroneControl/user_study_v2/Zhuoran/Unknown/31.wav,Zhuoran/Unknown/31.wav,unknown,0.99609375,0.0,0.0,0.99609375,"[-128, -128, 127]",True,,,,0.09270897135138512,1.152541022747755,0.7634999928995967,2.015415928326547
1295,Zhuoran,unknown,unavailable_in_sd_path,32,/Users/zilongzeng/Research/DroneControl/user_study_v2/Zhuoran/Unknown/32.wav,Zhuoran/Unknown/32.wav,unknown,0.91796875,0.08203125,0.0,0.91796875,"[-107, -128, 107]",True,,,,0.06541702896356583,1.184958964586258,0.6149589316919446,1.8705000402405858
1296,Zhuoran,unknown,unavailable_in_sd_path,33,/Users/zilongzeng/Research/DroneControl/user_study_v2/Zhuoran/Unknown/33.wav,Zhuoran/Unknown/33.wav,emergency,0.99609375,0.99609375,0.0,0.0,"[127, -128, -128]",False,,,,0.06312504410743713,1.141916960477829,0.7034579757601023,1.9145420519635081
1297,Zhuoran,unknown,unavailable_in_sd_path,34,/Users/zilongzeng/Research/DroneControl/user_study_v2/Zhuoran/Unknown/34.wav,Zhuoran/Unknown/34.wav,emergency,0.99609375,0.99609375,0.0,0.0,"[127, -128, -128]",False,,,,0.06591598503291607,1.3296660035848618,0.6193340523168445,2.020584070123732
1298,Zhuoran,unknown,unavailable_in_sd_path,35,/Users/zilongzeng/Research/DroneControl/user_study_v2/Zhuoran/Unknown/35.wav,Zhuoran/Unknown/35.wav,unknown,0.98828125,0.01171875,0.0,0.98828125,"[-125, -128, 125]",True,,,,0.0968750100582838,1.3186250580474734,0.6170830456539989,2.037417027167976
1299,Zhuoran,unknown,unavailable_in_sd_path,36,/Users/zilongzeng/Research/DroneControl/user_study_v2/Zhuoran/Unknown/36.wav,Zhuoran/Unknown/36.wav,unknown,0.99609375,0.0,0.0,0.99609375,"[-128, -128, 127]",True,,,,0.20091701298952103,1.2395420344546437,0.7001250050961971,2.14862497523427
1300,Zhuoran,unknown,unavailable_in_sd_path,37,/Users/zilongzeng/Research/DroneControl/user_study_v2/Zhuoran/Unknown/37.wav,Zhuoran/Unknown/37.wav,emergency,0.99609375,0.99609375,0.0,0.0,"[127, -128, -128]",False,,,,0.1188749447464943,1.3252500211820006,0.7267090259119868,2.177624963223934
1301,Zhuoran,unknown,unavailable_in_sd_path,38,/Users/zilongzeng/Research/DroneControl/user_study_v2/Zhuoran/Unknown/38.wav,Zhuoran/Unknown/38.wav,movement,0.87890625,0.1171875,0.87890625,0.00390625,"[-98, 97, -127]",False,,,,0.2181660383939743,1.152832992374897,0.6289579905569553,2.005042042583227
1302,Zhuoran,unknown,unavailable_in_sd_path,39,/Users/zilongzeng/Research/DroneControl/user_study_v2/Zhuoran/Unknown/39.wav,Zhuoran/Unknown/39.wav,unknown,0.859375,0.140625,0.0,0.859375,"[-92, -128, 92]",True,,,,0.18633296713232994,1.1142919538542628,0.7176250219345093,2.0236659329384565
1303,Zhuoran,unknown,unavailable_in_sd_path,40,/Users/zilongzeng/Research/DroneControl/user_study_v2/Zhuoran/Unknown/40.wav,Zhuoran/Unknown/40.wav,unknown,0.99609375,0.0,0.0,0.99609375,"[-128, -128, 127]",True,,,,0.22316607646644115,1.1434999760240316,0.6118749734014273,1.9830421078950167
1304,Zhuoran,unknown,unavailable_in_sd_path,41,/Users/zilongzeng/Research/DroneControl/user_study_v2/Zhuoran/Unknown/41.wav,Zhuoran/Unknown/41.wav,unknown,0.97265625,0.02734375,0.0,0.97265625,"[-121, -128, 121]",True,,,,0.1900000497698784,1.1160420253872871,0.68845902569592,2.00879096519202
1305,Zhuoran,unknown,unavailable_in_sd_path,42,/Users/zilongzeng/Research/DroneControl/user_study_v2/Zhuoran/Unknown/42.wav,Zhuoran/Unknown/42.wav,unknown,0.99609375,0.0,0.0,0.99609375,"[-128, -128, 127]",True,,,,0.19820895977318287,1.2175829615443945,0.6151249399408698,2.036208054050803
1306,Zhuoran,unknown,unavailable_in_sd_path,43,/Users/zilongzeng/Research/DroneControl/user_study_v2/Zhuoran/Unknown/43.wav,Zhuoran/Unknown/43.wav,movement,0.99609375,0.0,0.99609375,0.0,"[-128, 127, -128]",False,,,,0.20883395336568356,1.1314589064568281,0.6678750505670905,2.013916033320129
1307,Zhuoran,unknown,unavailable_in_sd_path,44,/Users/zilongzeng/Research/DroneControl/user_study_v2/Zhuoran/Unknown/44.wav,Zhuoran/Unknown/44.wav,movement,0.99609375,0.00390625,0.99609375,0.0,"[-127, 127, -128]",False,,,,0.20966690499335527,1.1870410526171327,0.6318750092759728,2.033625030890107
1308,Zhuoran,unknown,unavailable_in_sd_path,45,/Users/zilongzeng/Research/DroneControl/user_study_v2/Zhuoran/Unknown/45.wav,Zhuoran/Unknown/45.wav,unknown,0.99609375,0.0,0.0,0.99609375,"[-128, -128, 127]",True,,,,0.05983305163681507,1.1243749177083373,0.6861250149086118,1.8756670178845525
1309,Zhuoran,unknown,unavailable_in_sd_path,46,/Users/zilongzeng/Research/DroneControl/user_study_v2/Zhuoran/Unknown/46.wav,Zhuoran/Unknown/46.wav,unknown,0.99609375,0.0,0.0,0.99609375,"[-128, -128, 127]",True,,,,0.06608397234231234,1.370999962091446,0.6507920334115624,2.0944589050486684
1310,Zhuoran,unknown,unavailable_in_sd_path,47,/Users/zilongzeng/Research/DroneControl/user_study_v2/Zhuoran/Unknown/47.wav,Zhuoran/Unknown/47.wav,unknown,0.99609375,0.0,0.0,0.99609375,"[-128, -128, 127]",True,,,,0.22491696290671825,1.2064999900758266,0.6858750712126493,2.123542013578117
1311,Zhuoran,unknown,unavailable_in_sd_path,48,/Users/zilongzeng/Research/DroneControl/user_study_v2/Zhuoran/Unknown/48.wav,Zhuoran/Unknown/48.wav,unknown,0.99609375,0.0,0.0,0.99609375,"[-128, -128, 127]",True,,,,0.2163749886676669,1.3039170298725367,0.6572919664904475,2.184457960538566
1312,Zhuoran,unknown,unavailable_in_sd_path,49,/Users/zilongzeng/Research/DroneControl/user_study_v2/Zhuoran/Unknown/49.wav,Zhuoran/Unknown/49.wav,unknown,0.99609375,0.00390625,0.0,0.99609375,"[-127, -128, 127]",True,,,,0.08520798292011023,1.3879160396754742,0.6854580715298653,2.1660829661414027
1313,Zilong,emergency,unavailable_in_sd_path,0,/Users/zilongzeng/Research/DroneControl/user_study_v2/Zilong/Emergency/0.wav,Zilong/Emergency/0.wav,emergency,0.984375,0.984375,0.015625,0.0,"[124, -124, -128]",True,,,,0.2168330829590559,1.2714999029412866,0.6354160141199827,2.1292499732226133
1314,Zilong,emergency,unavailable_in_sd_path,1,/Users/zilongzeng/Research/DroneControl/user_study_v2/Zilong/Emergency/1.wav,Zilong/Emergency/1.wav,unknown,0.99609375,0.0,0.0,0.99609375,"[-128, -128, 127]",False,,,,0.0844169408082962,1.1048340238630772,0.6210410501807928,1.8170829862356186
1315,Zilong,emergency,unavailable_in_sd_path,2,/Users/zilongzeng/Research/DroneControl/user_study_v2/Zilong/Emergency/2.wav,Zilong/Emergency/2.wav,unknown,0.99609375,0.0,0.0,0.99609375,"[-128, -128, 127]",False,,,,0.06116693839430809,1.2411250500008464,0.6135419243946671,1.9215000793337822
1316,Zilong,emergency,unavailable_in_sd_path,3,/Users/zilongzeng/Research/DroneControl/user_study_v2/Zilong/Emergency/3.wav,Zilong/Emergency/3.wav,emergency,0.99609375,0.99609375,0.0,0.0,"[127, -128, -128]",True,,,,0.0730000901967287,1.0708749759942293,0.6133751012384892,1.762000028975308
1317,Zilong,emergency,unavailable_in_sd_path,4,/Users/zilongzeng/Research/DroneControl/user_study_v2/Zilong/Emergency/4.wav,Zilong/Emergency/4.wav,emergency,0.90234375,0.90234375,0.0,0.09765625,"[103, -128, -103]",True,,,,0.052458024583756924,1.3045830419287086,0.6175839807838202,1.9797090208157897
1318,Zilong,emergency,unavailable_in_sd_path,5,/Users/zilongzeng/Research/DroneControl/user_study_v2/Zilong/Emergency/5.wav,Zilong/Emergency/5.wav,emergency,0.99609375,0.99609375,0.0,0.0,"[127, -128, -128]",True,,,,0.06412493530660868,1.1759580811485648,0.6639580242335796,1.909665996208787
1319,Zilong,emergency,unavailable_in_sd_path,6,/Users/zilongzeng/Research/DroneControl/user_study_v2/Zilong/Emergency/6.wav,Zilong/Emergency/6.wav,unknown,0.99609375,0.00390625,0.0,0.99609375,"[-127, -128, 127]",False,,,,0.27312501333653927,1.2437920086085796,0.622207997366786,2.1442079450935125
1320,Zilong,emergency,unavailable_in_sd_path,7,/Users/zilongzeng/Research/DroneControl/user_study_v2/Zilong/Emergency/7.wav,Zilong/Emergency/7.wav,unknown,0.99609375,0.0,0.0,0.99609375,"[-128, -128, 127]",False,,,,0.06108300294727087,1.102625043131411,0.606624991632998,1.7753751017153263
1321,Zilong,emergency,unavailable_in_sd_path,8,/Users/zilongzeng/Research/DroneControl/user_study_v2/Zilong/Emergency/8.wav,Zilong/Emergency/8.wav,movement,0.99609375,0.00390625,0.99609375,0.0,"[-127, 127, -128]",False,,,,0.05629099905490875,1.2073750840499997,0.6963750347495079,1.9673749338835478
1322,Zilong,emergency,unavailable_in_sd_path,9,/Users/zilongzeng/Research/DroneControl/user_study_v2/Zilong/Emergency/9.wav,Zilong/Emergency/9.wav,emergency,0.93359375,0.93359375,0.06640625,0.0,"[111, -111, -128]",True,,,,0.09604205843061209,1.2507919454947114,0.6714999908581376,2.0237909629940987
1323,Zilong,emergency,unavailable_in_sd_path,10,/Users/zilongzeng/Research/DroneControl/user_study_v2/Zilong/Emergency/10.wav,Zilong/Emergency/10.wav,emergency,0.99609375,0.99609375,0.0,0.0,"[127, -128, -128]",True,,,,0.07854204159229994,1.2669159332290292,0.6934159900993109,2.044416032731533
1324,Zilong,emergency,unavailable_in_sd_path,11,/Users/zilongzeng/Research/DroneControl/user_study_v2/Zilong/Emergency/11.wav,Zilong/Emergency/11.wav,emergency,0.99609375,0.99609375,0.0,0.0,"[127, -128, -128]",True,,,,0.06704195402562618,1.141584012657404,0.6104579661041498,1.824249979108572
1325,Zilong,emergency,unavailable_in_sd_path,12,/Users/zilongzeng/Research/DroneControl/user_study_v2/Zilong/Emergency/12.wav,Zilong/Emergency/12.wav,emergency,0.99609375,0.99609375,0.0,0.0,"[127, -128, -128]",True,,,,0.061208033002913,1.1859579244628549,0.7299580611288548,1.9830000819638371
1326,Zilong,emergency,unavailable_in_sd_path,13,/Users/zilongzeng/Research/DroneControl/user_study_v2/Zilong/Emergency/13.wav,Zilong/Emergency/13.wav,unknown,0.99609375,0.0,0.0,0.99609375,"[-128, -128, 127]",False,,,,0.07391604594886303,1.1834170436486602,0.6657500052824616,1.928208046592772
1327,Zilong,emergency,unavailable_in_sd_path,14,/Users/zilongzeng/Research/DroneControl/user_study_v2/Zilong/Emergency/14.wav,Zilong/Emergency/14.wav,movement,0.99609375,0.00390625,0.99609375,0.0,"[-127, 127, -128]",False,,,,0.06787502206861973,1.1765420204028487,0.7035000016912818,1.9539999775588512
1328,Zilong,emergency,unavailable_in_sd_path,15,/Users/zilongzeng/Research/DroneControl/user_study_v2/Zilong/Emergency/15.wav,Zilong/Emergency/15.wav,emergency,0.99609375,0.99609375,0.0,0.0,"[127, -128, -128]",True,,,,0.07004104554653168,1.2035829713568091,0.6544159259647131,1.9334579119458795
1329,Zilong,emergency,unavailable_in_sd_path,16,/Users/zilongzeng/Research/DroneControl/user_study_v2/Zilong/Emergency/16.wav,Zilong/Emergency/16.wav,unknown,0.99609375,0.00390625,0.0,0.99609375,"[-127, -128, 127]",False,,,,0.0742919510230422,1.211250084452331,0.7024169899523258,1.9976249895989895
1330,Zilong,emergency,unavailable_in_sd_path,17,/Users/zilongzeng/Research/DroneControl/user_study_v2/Zilong/Emergency/17.wav,Zilong/Emergency/17.wav,emergency,0.99609375,0.99609375,0.0,0.0,"[127, -128, -128]",True,,,,0.2210830571129918,1.269749947823584,0.6520409369841218,2.1483750315383077
1331,Zilong,emergency,unavailable_in_sd_path,18,/Users/zilongzeng/Research/DroneControl/user_study_v2/Zilong/Emergency/18.wav,Zilong/Emergency/18.wav,movement,0.99609375,0.0,0.99609375,0.0,"[-128, 127, -128]",False,,,,0.2815000480040908,1.1975408997386694,0.6851250072941184,2.1705409744754434
1332,Zilong,emergency,unavailable_in_sd_path,19,/Users/zilongzeng/Research/DroneControl/user_study_v2/Zilong/Emergency/19.wav,Zilong/Emergency/19.wav,emergency,0.99609375,0.99609375,0.0,0.0,"[127, -128, -128]",True,,,,0.06712495815008879,1.3864999637007713,0.718749943189323,2.1810410544276237
1333,Zilong,emergency,unavailable_in_sd_path,20,/Users/zilongzeng/Research/DroneControl/user_study_v2/Zilong/Emergency/20.wav,Zilong/Emergency/20.wav,emergency,0.99609375,0.99609375,0.0,0.0,"[127, -128, -128]",True,,,,0.11095800437033176,1.3014168944209814,0.6908749928697944,2.1337090292945504
1334,Zilong,emergency,unavailable_in_sd_path,21,/Users/zilongzeng/Research/DroneControl/user_study_v2/Zilong/Emergency/21.wav,Zilong/Emergency/21.wav,emergency,0.99609375,0.99609375,0.0,0.0,"[127, -128, -128]",True,,,,0.13404095079749823,1.332417014054954,0.6889159558340907,2.1635000593960285
1335,Zilong,emergency,unavailable_in_sd_path,22,/Users/zilongzeng/Research/DroneControl/user_study_v2/Zilong/Emergency/22.wav,Zilong/Emergency/22.wav,emergency,0.99609375,0.99609375,0.0,0.0,"[127, -128, -128]",True,,,,0.08616596460342407,1.2789999600499868,0.7611250039190054,2.133999951183796
1336,Zilong,emergency,unavailable_in_sd_path,23,/Users/zilongzeng/Research/DroneControl/user_study_v2/Zilong/Emergency/23.wav,Zilong/Emergency/23.wav,emergency,0.90234375,0.90234375,0.09765625,0.0,"[103, -103, -128]",True,,,,0.06712507456541061,1.2607499957084656,0.7067079422995448,2.040292019955814
1337,Zilong,emergency,unavailable_in_sd_path,24,/Users/zilongzeng/Research/DroneControl/user_study_v2/Zilong/Emergency/24.wav,Zilong/Emergency/24.wav,emergency,0.99609375,0.99609375,0.0,0.0,"[127, -128, -128]",True,,,,0.06216694600880146,1.2841670541092753,0.7212499622255564,2.076667034998536
1338,Zilong,emergency,unavailable_in_sd_path,25,/Users/zilongzeng/Research/DroneControl/user_study_v2/Zilong/Emergency/25.wav,Zilong/Emergency/25.wav,emergency,0.99609375,0.99609375,0.0,0.0,"[127, -128, -128]",True,,,,0.08937495294958353,1.1665410129353404,0.6166249513626099,1.8775840289890766
1339,Zilong,emergency,unavailable_in_sd_path,26,/Users/zilongzeng/Research/DroneControl/user_study_v2/Zilong/Emergency/26.wav,Zilong/Emergency/26.wav,emergency,0.953125,0.953125,0.046875,0.0,"[116, -116, -128]",True,,,,0.06325007416307926,1.1305419029667974,0.6805000593885779,1.8802920822054148
1340,Zilong,emergency,unavailable_in_sd_path,27,/Users/zilongzeng/Research/DroneControl/user_study_v2/Zilong/Emergency/27.wav,Zilong/Emergency/27.wav,emergency,0.99609375,0.99609375,0.0,0.0,"[127, -128, -128]",True,,,,0.06470794323831797,1.3444999931380153,0.6307909497991204,2.050125040113926
1341,Zilong,emergency,unavailable_in_sd_path,28,/Users/zilongzeng/Research/DroneControl/user_study_v2/Zilong/Emergency/28.wav,Zilong/Emergency/28.wav,emergency,0.99609375,0.99609375,0.0,0.0,"[127, -128, -128]",True,,,,0.35383296199142933,1.3522079680114985,0.7408750243484974,2.4542498867958784
1342,Zilong,emergency,unavailable_in_sd_path,29,/Users/zilongzeng/Research/DroneControl/user_study_v2/Zilong/Emergency/29.wav,Zilong/Emergency/29.wav,movement,0.99609375,0.0,0.99609375,0.0,"[-128, 127, -128]",False,,,,0.2974170492962003,1.1449579615145922,0.6375840166583657,2.0851250737905502
1343,Zilong,emergency,unavailable_in_sd_path,30,/Users/zilongzeng/Research/DroneControl/user_study_v2/Zilong/Emergency/30.wav,Zilong/Emergency/30.wav,emergency,0.99609375,0.99609375,0.0,0.0,"[127, -128, -128]",True,,,,0.05604198668152094,1.1427090503275394,0.7042079232633114,1.9094169838353992
1344,Zilong,emergency,unavailable_in_sd_path,31,/Users/zilongzeng/Research/DroneControl/user_study_v2/Zilong/Emergency/31.wav,Zilong/Emergency/31.wav,emergency,0.984375,0.984375,0.015625,0.0,"[124, -124, -128]",True,,,,0.08000002708286047,1.2008340563625097,0.613874988630414,1.8997909501194954
1345,Zilong,emergency,unavailable_in_sd_path,32,/Users/zilongzeng/Research/DroneControl/user_study_v2/Zilong/Emergency/32.wav,Zilong/Emergency/32.wav,movement,0.99609375,0.0,0.99609375,0.0,"[-128, 127, -128]",False,,,,0.05608401261270046,1.145334099419415,0.6589170079678297,1.8681250512599945
1346,Zilong,emergency,unavailable_in_sd_path,33,/Users/zilongzeng/Research/DroneControl/user_study_v2/Zilong/Emergency/33.wav,Zilong/Emergency/33.wav,emergency,0.99609375,0.99609375,0.0,0.0,"[127, -128, -128]",True,,,,0.07587496656924486,1.1740829795598984,0.6209579296410084,1.8764169653877616
1347,Zilong,emergency,unavailable_in_sd_path,34,/Users/zilongzeng/Research/DroneControl/user_study_v2/Zilong/Emergency/34.wav,Zilong/Emergency/34.wav,movement,0.99609375,0.0,0.99609375,0.0,"[-128, 127, -128]",False,,,,0.06812496576458216,1.0686659952625632,0.611291965469718,1.7530829645693302
1348,Zilong,emergency,unavailable_in_sd_path,35,/Users/zilongzeng/Research/DroneControl/user_study_v2/Zilong/Emergency/35.wav,Zilong/Emergency/35.wav,emergency,0.99609375,0.99609375,0.0,0.0,"[127, -128, -128]",True,,,,0.06158289033919573,1.450750045478344,0.6343749118968844,2.1559169981628656
1349,Zilong,emergency,unavailable_in_sd_path,36,/Users/zilongzeng/Research/DroneControl/user_study_v2/Zilong/Emergency/36.wav,Zilong/Emergency/36.wav,movement,0.99609375,0.0,0.99609375,0.0,"[-128, 127, -128]",False,,,,0.2014170167967677,1.2754580238834023,0.6319580134004354,2.115167095325887
1350,Zilong,emergency,unavailable_in_sd_path,37,/Users/zilongzeng/Research/DroneControl/user_study_v2/Zilong/Emergency/37.wav,Zilong/Emergency/37.wav,emergency,0.765625,0.765625,0.00390625,0.23046875,"[68, -127, -69]",True,,,,0.23729202803224325,1.3464170042425394,0.6565420189872384,2.2459999890998006
1351,Zilong,emergency,unavailable_in_sd_path,38,/Users/zilongzeng/Research/DroneControl/user_study_v2/Zilong/Emergency/38.wav,Zilong/Emergency/38.wav,emergency,0.97265625,0.97265625,0.00390625,0.01953125,"[121, -127, -123]",True,,,,0.19895797595381737,1.2718329671770334,0.6298749940469861,2.1072080126032233
1352,Zilong,emergency,unavailable_in_sd_path,39,/Users/zilongzeng/Research/DroneControl/user_study_v2/Zilong/Emergency/39.wav,Zilong/Emergency/39.wav,emergency,0.6328125,0.6328125,0.34765625,0.01953125,"[34, -39, -123]",True,,,,0.19495806191116571,1.2391670607030392,0.6140839541330934,2.0535410149022937
1353,Zilong,emergency,unavailable_in_sd_path,40,/Users/zilongzeng/Research/DroneControl/user_study_v2/Zilong/Emergency/40.wav,Zilong/Emergency/40.wav,emergency,0.99609375,0.99609375,0.0,0.0,"[127, -128, -128]",True,,,,0.07254199590533972,1.1727920500561595,0.6213329033926129,1.8715839833021164
1354,Zilong,emergency,unavailable_in_sd_path,41,/Users/zilongzeng/Research/DroneControl/user_study_v2/Zilong/Emergency/41.wav,Zilong/Emergency/41.wav,emergency,0.99609375,0.99609375,0.0,0.0,"[127, -128, -128]",True,,,,0.07158296648412943,1.3443329371511936,0.6419999990612268,2.065083011984825
1355,Zilong,emergency,unavailable_in_sd_path,42,/Users/zilongzeng/Research/DroneControl/user_study_v2/Zilong/Emergency/42.wav,Zilong/Emergency/42.wav,emergency,0.99609375,0.99609375,0.0,0.0,"[127, -128, -128]",True,,,,0.09762495756149292,1.2565000215545297,0.6348749157041311,1.9945829408243299
1356,Zilong,emergency,unavailable_in_sd_path,43,/Users/zilongzeng/Research/DroneControl/user_study_v2/Zilong/Emergency/43.wav,Zilong/Emergency/43.wav,emergency,0.99609375,0.99609375,0.0,0.0,"[127, -128, -128]",True,,,,0.06595801096409559,1.274458016268909,0.6327079609036446,1.9786249613389373
1357,Zilong,emergency,unavailable_in_sd_path,44,/Users/zilongzeng/Research/DroneControl/user_study_v2/Zilong/Emergency/44.wav,Zilong/Emergency/44.wav,emergency,0.99609375,0.99609375,0.0,0.0,"[127, -128, -128]",True,,,,0.07608393207192421,1.2566670775413513,0.6975419819355011,2.0371669670566916
1358,Zilong,emergency,unavailable_in_sd_path,45,/Users/zilongzeng/Research/DroneControl/user_study_v2/Zilong/Emergency/45.wav,Zilong/Emergency/45.wav,emergency,0.99609375,0.99609375,0.0,0.0,"[127, -128, -128]",True,,,,0.07937499321997166,1.256040995940566,0.620041973888874,1.9608339061960578
1359,Zilong,emergency,unavailable_in_sd_path,46,/Users/zilongzeng/Research/DroneControl/user_study_v2/Zilong/Emergency/46.wav,Zilong/Emergency/46.wav,emergency,0.99609375,0.99609375,0.0,0.0,"[127, -128, -128]",True,,,,0.07204199209809303,1.2124159839004278,0.6149170221760869,1.9046670058742166
1360,Zilong,emergency,unavailable_in_sd_path,47,/Users/zilongzeng/Research/DroneControl/user_study_v2/Zilong/Emergency/47.wav,Zilong/Emergency/47.wav,emergency,0.98828125,0.98828125,0.00390625,0.0078125,"[125, -127, -126]",True,,,,0.05929195322096348,1.2355829821899533,0.6151660345494747,1.9151249434798956
1361,Zilong,emergency,unavailable_in_sd_path,48,/Users/zilongzeng/Research/DroneControl/user_study_v2/Zilong/Emergency/48.wav,Zilong/Emergency/48.wav,movement,0.99609375,0.0,0.99609375,0.0,"[-128, 127, -128]",False,,,,0.06362493149936199,1.1536249658092856,0.6042500026524067,1.8265830585733056
1362,Zilong,emergency,unavailable_in_sd_path,49,/Users/zilongzeng/Research/DroneControl/user_study_v2/Zilong/Emergency/49.wav,Zilong/Emergency/49.wav,movement,0.99609375,0.0,0.99609375,0.0,"[-128, 127, -128]",False,,,,0.2022909466177225,1.2240420328453183,0.6977920420467854,2.130999928340316
1363,Zilong,movement,unavailable_in_sd_path,0,/Users/zilongzeng/Research/DroneControl/user_study_v2/Zilong/Movement/0.wav,Zilong/Movement/0.wav,movement,0.99609375,0.0,0.99609375,0.0,"[-128, 127, -128]",True,,,,0.3036659909412265,1.2526670470833778,0.681250006891787,2.242542104795575
1364,Zilong,movement,unavailable_in_sd_path,1,/Users/zilongzeng/Research/DroneControl/user_study_v2/Zilong/Movement/1.wav,Zilong/Movement/1.wav,movement,0.99609375,0.0,0.99609375,0.0,"[-128, 127, -128]",True,,,,0.22108294069766998,1.2297079665586352,0.6393749499693513,2.095834002830088
1365,Zilong,movement,unavailable_in_sd_path,2,/Users/zilongzeng/Research/DroneControl/user_study_v2/Zilong/Movement/2.wav,Zilong/Movement/2.wav,movement,0.99609375,0.0,0.99609375,0.0,"[-128, 127, -128]",True,,,,0.06925000343471766,1.2021249858662486,0.612083007581532,1.8884999444708228
1366,Zilong,movement,unavailable_in_sd_path,3,/Users/zilongzeng/Research/DroneControl/user_study_v2/Zilong/Movement/3.wav,Zilong/Movement/3.wav,movement,0.99609375,0.0,0.99609375,0.0,"[-128, 127, -128]",True,,,,0.06562506314367056,1.195165910758078,0.7180420216172934,1.9870420219376683
1367,Zilong,movement,unavailable_in_sd_path,4,/Users/zilongzeng/Research/DroneControl/user_study_v2/Zilong/Movement/4.wav,Zilong/Movement/4.wav,movement,0.99609375,0.0,0.99609375,0.0,"[-128, 127, -128]",True,,,,0.06920797750353813,1.3657079543918371,0.6453340174630284,2.090624999254942
1368,Zilong,movement,unavailable_in_sd_path,5,/Users/zilongzeng/Research/DroneControl/user_study_v2/Zilong/Movement/5.wav,Zilong/Movement/5.wav,movement,0.99609375,0.0,0.99609375,0.0,"[-128, 127, -128]",True,,,,0.200208043679595,1.219291938468814,0.663790968246758,2.090167021378875
1369,Zilong,movement,unavailable_in_sd_path,6,/Users/zilongzeng/Research/DroneControl/user_study_v2/Zilong/Movement/6.wav,Zilong/Movement/6.wav,movement,0.99609375,0.0,0.99609375,0.0,"[-128, 127, -128]",True,,,,0.08645805064588785,1.168208895251155,0.6249999860301614,1.8851249478757381
1370,Zilong,movement,unavailable_in_sd_path,7,/Users/zilongzeng/Research/DroneControl/user_study_v2/Zilong/Movement/7.wav,Zilong/Movement/7.wav,movement,0.99609375,0.0,0.99609375,0.0,"[-128, 127, -128]",True,,,,0.06758305244147778,1.3136250199750066,0.6973749259486794,2.083708066493273
1371,Zilong,movement,unavailable_in_sd_path,8,/Users/zilongzeng/Research/DroneControl/user_study_v2/Zilong/Movement/8.wav,Zilong/Movement/8.wav,movement,0.99609375,0.0,0.99609375,0.0,"[-128, 127, -128]",True,,,,0.061832950450479984,1.2002920266240835,0.6155419396236539,1.8827919848263264
1372,Zilong,movement,unavailable_in_sd_path,9,/Users/zilongzeng/Research/DroneControl/user_study_v2/Zilong/Movement/9.wav,Zilong/Movement/9.wav,movement,0.99609375,0.0,0.99609375,0.0,"[-128, 127, -128]",True,,,,0.06695801857858896,1.1667909566313028,0.7063749944791198,1.946000033058226
1373,Zilong,movement,unavailable_in_sd_path,10,/Users/zilongzeng/Research/DroneControl/user_study_v2/Zilong/Movement/10.wav,Zilong/Movement/10.wav,movement,0.99609375,0.0,0.99609375,0.0,"[-128, 127, -128]",True,,,,0.07233303040266037,1.1113749351352453,0.6142919883131981,1.802916987799108
1374,Zilong,movement,unavailable_in_sd_path,11,/Users/zilongzeng/Research/DroneControl/user_study_v2/Zilong/Movement/11.wav,Zilong/Movement/11.wav,movement,0.99609375,0.0,0.99609375,0.0,"[-128, 127, -128]",True,,,,0.057958997786045074,1.137334038503468,0.6124998908489943,1.8130410462617874
1375,Zilong,movement,unavailable_in_sd_path,12,/Users/zilongzeng/Research/DroneControl/user_study_v2/Zilong/Movement/12.wav,Zilong/Movement/12.wav,movement,0.99609375,0.0,0.99609375,0.0,"[-128, 127, -128]",True,,,,0.0601249048486352,1.331375096924603,0.6331249605864286,2.0305420039221644
1376,Zilong,movement,unavailable_in_sd_path,13,/Users/zilongzeng/Research/DroneControl/user_study_v2/Zilong/Movement/13.wav,Zilong/Movement/13.wav,movement,0.99609375,0.0,0.99609375,0.0,"[-128, 127, -128]",True,,,,0.08174998220056295,1.1385419638827443,0.6108749657869339,1.8363340059295297
1377,Zilong,movement,unavailable_in_sd_path,14,/Users/zilongzeng/Research/DroneControl/user_study_v2/Zilong/Movement/14.wav,Zilong/Movement/14.wav,movement,0.99609375,0.0,0.99609375,0.0,"[-128, 127, -128]",True,,,,0.06570899859070778,1.208874979056418,0.6085829809308052,1.8881249707192183
1378,Zilong,movement,unavailable_in_sd_path,15,/Users/zilongzeng/Research/DroneControl/user_study_v2/Zilong/Movement/15.wav,Zilong/Movement/15.wav,movement,0.99609375,0.0,0.99609375,0.0,"[-128, 127, -128]",True,,,,0.19987509585916996,1.1532080825418234,0.6239160429686308,1.9819170702248812
1379,Zilong,movement,unavailable_in_sd_path,16,/Users/zilongzeng/Research/DroneControl/user_study_v2/Zilong/Movement/16.wav,Zilong/Movement/16.wav,movement,0.99609375,0.0,0.99609375,0.0,"[-128, 127, -128]",True,,,,0.19608298316597939,1.3294580858200788,0.6518330192193389,2.1828749449923635
1380,Zilong,movement,unavailable_in_sd_path,17,/Users/zilongzeng/Research/DroneControl/user_study_v2/Zilong/Movement/17.wav,Zilong/Movement/17.wav,movement,0.99609375,0.0,0.99609375,0.0,"[-128, 127, -128]",True,,,,0.22487505339086056,1.2122089974582195,0.6121249170973897,2.054375014267862
1381,Zilong,movement,unavailable_in_sd_path,18,/Users/zilongzeng/Research/DroneControl/user_study_v2/Zilong/Movement/18.wav,Zilong/Movement/18.wav,movement,0.99609375,0.0,0.99609375,0.0,"[-128, 127, -128]",True,,,,0.06125005893409252,1.210999907925725,0.6495420821011066,1.9276250386610627
1382,Zilong,movement,unavailable_in_sd_path,19,/Users/zilongzeng/Research/DroneControl/user_study_v2/Zilong/Movement/19.wav,Zilong/Movement/19.wav,movement,0.99609375,0.0,0.99609375,0.0,"[-128, 127, -128]",True,,,,0.06791693158447742,1.2199580669403076,0.6719999946653843,1.9672909984365106
1383,Zilong,movement,unavailable_in_sd_path,20,/Users/zilongzeng/Research/DroneControl/user_study_v2/Zilong/Movement/20.wav,Zilong/Movement/20.wav,movement,0.99609375,0.0,0.99609375,0.0,"[-128, 127, -128]",True,,,,0.08108303882181644,1.2129578972235322,0.6398340919986367,1.9392920657992363
1384,Zilong,movement,unavailable_in_sd_path,21,/Users/zilongzeng/Research/DroneControl/user_study_v2/Zilong/Movement/21.wav,Zilong/Movement/21.wav,movement,0.99609375,0.0,0.99609375,0.0,"[-128, 127, -128]",True,,,,0.06908399518579245,1.161749940365553,0.6106250220909715,1.8467919435352087
1385,Zilong,movement,unavailable_in_sd_path,22,/Users/zilongzeng/Research/DroneControl/user_study_v2/Zilong/Movement/22.wav,Zilong/Movement/22.wav,movement,0.99609375,0.0,0.99609375,0.0,"[-128, 127, -128]",True,,,,0.06337510421872139,1.3616250362247229,0.632624956779182,2.0669579971581697
1386,Zilong,movement,unavailable_in_sd_path,23,/Users/zilongzeng/Research/DroneControl/user_study_v2/Zilong/Movement/23.wav,Zilong/Movement/23.wav,movement,0.99609375,0.0,0.99609375,0.0,"[-128, 127, -128]",True,,,,0.19862502813339233,1.099957968108356,0.6348330061882734,1.9403749611228704
1387,Zilong,movement,unavailable_in_sd_path,24,/Users/zilongzeng/Research/DroneControl/user_study_v2/Zilong/Movement/24.wav,Zilong/Movement/24.wav,movement,0.99609375,0.0,0.99609375,0.0,"[-128, 127, -128]",True,,,,0.06762496195733547,1.1258750455453992,0.7365000201389194,1.9355000695213675
1388,Zilong,movement,unavailable_in_sd_path,25,/Users/zilongzeng/Research/DroneControl/user_study_v2/Zilong/Movement/25.wav,Zilong/Movement/25.wav,movement,0.99609375,0.0,0.99609375,0.0,"[-128, 127, -128]",True,,,,0.0624579843133688,1.2938330182805657,0.6438340060412884,2.0097499946132302
1389,Zilong,movement,unavailable_in_sd_path,26,/Users/zilongzeng/Research/DroneControl/user_study_v2/Zilong/Movement/26.wav,Zilong/Movement/26.wav,movement,0.99609375,0.0,0.99609375,0.0,"[-128, 127, -128]",True,,,,0.16195897478610277,1.2314170598983765,0.7257919060066342,2.1255420288071036
1390,Zilong,movement,unavailable_in_sd_path,27,/Users/zilongzeng/Research/DroneControl/user_study_v2/Zilong/Movement/27.wav,Zilong/Movement/27.wav,movement,0.99609375,0.0,0.99609375,0.0,"[-128, 127, -128]",True,,,,0.06737501826137304,1.1378750205039978,0.6117089651525021,1.8219579942524433
1391,Zilong,movement,unavailable_in_sd_path,28,/Users/zilongzeng/Research/DroneControl/user_study_v2/Zilong/Movement/28.wav,Zilong/Movement/28.wav,movement,0.99609375,0.0,0.99609375,0.0,"[-128, 127, -128]",True,,,,0.06162491627037525,1.435917103663087,0.6317910738289356,2.1385829895734787
1392,Zilong,movement,unavailable_in_sd_path,29,/Users/zilongzeng/Research/DroneControl/user_study_v2/Zilong/Movement/29.wav,Zilong/Movement/29.wav,movement,0.99609375,0.0,0.99609375,0.0,"[-128, 127, -128]",True,,,,0.16662501730024815,1.3080829521641135,0.6778329843655229,2.1607090020552278
1393,Zilong,movement,unavailable_in_sd_path,30,/Users/zilongzeng/Research/DroneControl/user_study_v2/Zilong/Movement/30.wav,Zilong/Movement/30.wav,movement,0.99609375,0.0,0.99609375,0.0,"[-128, 127, -128]",True,,,,0.11254195123910904,1.1856670025736094,0.7574999472126365,2.0652080420404673
1394,Zilong,movement,unavailable_in_sd_path,31,/Users/zilongzeng/Research/DroneControl/user_study_v2/Zilong/Movement/31.wav,Zilong/Movement/31.wav,movement,0.99609375,0.0,0.99609375,0.0,"[-128, 127, -128]",True,,,,0.0803329749032855,1.1901669204235077,0.7270419737324119,2.005874994210899
1395,Zilong,movement,unavailable_in_sd_path,32,/Users/zilongzeng/Research/DroneControl/user_study_v2/Zilong/Movement/32.wav,Zilong/Movement/32.wav,movement,0.99609375,0.0,0.99609375,0.0,"[-128, 127, -128]",True,,,,0.10262499563395977,1.2677919585257769,0.7722500013187528,2.1495409309864044
1396,Zilong,movement,unavailable_in_sd_path,33,/Users/zilongzeng/Research/DroneControl/user_study_v2/Zilong/Movement/33.wav,Zilong/Movement/33.wav,movement,0.99609375,0.0,0.99609375,0.0,"[-128, 127, -128]",True,,,,0.08470797911286354,1.3785830233246088,0.6625419482588768,2.1362920524552464
1397,Zilong,movement,unavailable_in_sd_path,34,/Users/zilongzeng/Research/DroneControl/user_study_v2/Zilong/Movement/34.wav,Zilong/Movement/34.wav,movement,0.99609375,0.0,0.99609375,0.0,"[-128, 127, -128]",True,,,,0.3653749590739608,1.471041003242135,0.6559169851243496,2.500833012163639
1398,Zilong,movement,unavailable_in_sd_path,35,/Users/zilongzeng/Research/DroneControl/user_study_v2/Zilong/Movement/35.wav,Zilong/Movement/35.wav,movement,0.99609375,0.0,0.99609375,0.0,"[-128, 127, -128]",True,,,,0.2299589104950428,1.3487080577760935,0.628416077233851,2.213916042819619
1399,Zilong,movement,unavailable_in_sd_path,36,/Users/zilongzeng/Research/DroneControl/user_study_v2/Zilong/Movement/36.wav,Zilong/Movement/36.wav,movement,0.99609375,0.0,0.99609375,0.0,"[-128, 127, -128]",True,,,,0.08833303581923246,1.3387500075623393,0.7088329875841737,2.1437499672174454
1400,Zilong,movement,unavailable_in_sd_path,37,/Users/zilongzeng/Research/DroneControl/user_study_v2/Zilong/Movement/37.wav,Zilong/Movement/37.wav,movement,0.99609375,0.0,0.99609375,0.0,"[-128, 127, -128]",True,,,,0.10245805606245995,1.2339591048657894,0.664499937556684,2.006666036322713
1401,Zilong,movement,unavailable_in_sd_path,38,/Users/zilongzeng/Research/DroneControl/user_study_v2/Zilong/Movement/38.wav,Zilong/Movement/38.wav,movement,0.99609375,0.0,0.99609375,0.0,"[-128, 127, -128]",True,,,,0.05916703958064318,1.2362919514998794,0.6777500966563821,1.9783750176429749
1402,Zilong,movement,unavailable_in_sd_path,39,/Users/zilongzeng/Research/DroneControl/user_study_v2/Zilong/Movement/39.wav,Zilong/Movement/39.wav,movement,0.99609375,0.0,0.99609375,0.0,"[-128, 127, -128]",True,,,,0.06854196544736624,1.1560000712051988,0.6277080392464995,1.8571249675005674
1403,Zilong,movement,unavailable_in_sd_path,40,/Users/zilongzeng/Research/DroneControl/user_study_v2/Zilong/Movement/40.wav,Zilong/Movement/40.wav,movement,0.99609375,0.0,0.99609375,0.0,"[-128, 127, -128]",True,,,,0.06533297710120678,1.1778749758377671,0.7074590539559722,1.95612502284348
1404,Zilong,movement,unavailable_in_sd_path,41,/Users/zilongzeng/Research/DroneControl/user_study_v2/Zilong/Movement/41.wav,Zilong/Movement/41.wav,movement,0.99609375,0.0,0.99609375,0.0,"[-128, 127, -128]",True,,,,0.0684160040691495,1.158708008006215,0.60374999884516,1.835583010688424
1405,Zilong,movement,unavailable_in_sd_path,42,/Users/zilongzeng/Research/DroneControl/user_study_v2/Zilong/Movement/42.wav,Zilong/Movement/42.wav,movement,0.99609375,0.0,0.99609375,0.0,"[-128, 127, -128]",True,,,,0.05124998278915882,1.0644170688465238,0.7118749199435115,1.8327500438317657
1406,Zilong,movement,unavailable_in_sd_path,43,/Users/zilongzeng/Research/DroneControl/user_study_v2/Zilong/Movement/43.wav,Zilong/Movement/43.wav,movement,0.99609375,0.0,0.99609375,0.0,"[-128, 127, -128]",True,,,,0.06075005512684584,1.1596250114962459,0.6127500673756003,1.8387079471722245
1407,Zilong,movement,unavailable_in_sd_path,44,/Users/zilongzeng/Research/DroneControl/user_study_v2/Zilong/Movement/44.wav,Zilong/Movement/44.wav,movement,0.99609375,0.0,0.99609375,0.0,"[-128, 127, -128]",True,,,,0.07466599345207214,1.2071249075233936,0.6395839154720306,1.9264169968664646
1408,Zilong,movement,unavailable_in_sd_path,45,/Users/zilongzeng/Research/DroneControl/user_study_v2/Zilong/Movement/45.wav,Zilong/Movement/45.wav,movement,0.99609375,0.0,0.99609375,0.00390625,"[-128, 127, -127]",True,,,,0.06954197306185961,1.2464579194784164,0.6355829536914825,1.9582919776439667
1409,Zilong,movement,unavailable_in_sd_path,46,/Users/zilongzeng/Research/DroneControl/user_study_v2/Zilong/Movement/46.wav,Zilong/Movement/46.wav,unknown,0.9921875,0.0,0.0078125,0.9921875,"[-128, -126, 126]",False,,,,0.0825830502435565,1.2054159305989742,0.6204169476404786,1.913666957989335
1410,Zilong,movement,unavailable_in_sd_path,47,/Users/zilongzeng/Research/DroneControl/user_study_v2/Zilong/Movement/47.wav,Zilong/Movement/47.wav,movement,0.99609375,0.0,0.99609375,0.0,"[-128, 127, -128]",True,,,,0.054666073992848396,1.2792920460924506,0.629749963991344,1.9699580734595656
1411,Zilong,movement,unavailable_in_sd_path,48,/Users/zilongzeng/Research/DroneControl/user_study_v2/Zilong/Movement/48.wav,Zilong/Movement/48.wav,movement,0.99609375,0.0,0.99609375,0.0,"[-128, 127, -128]",True,,,,0.07720792200416327,1.175625016912818,0.6370829651132226,1.8948749639093876
1412,Zilong,movement,unavailable_in_sd_path,49,/Users/zilongzeng/Research/DroneControl/user_study_v2/Zilong/Movement/49.wav,Zilong/Movement/49.wav,movement,0.99609375,0.0,0.99609375,0.0,"[-128, 127, -128]",True,,,,0.21183397620916367,1.25129206571728,0.6434170063585043,2.1117080468684435
1413,Zilong,unknown,unavailable_in_sd_path,0,/Users/zilongzeng/Research/DroneControl/user_study_v2/Zilong/Unknown/0.wav,Zilong/Unknown/0.wav,unknown,0.99609375,0.0,0.0,0.99609375,"[-128, -128, 127]",True,,,,0.23787503596395254,1.0716250399127603,0.6271670572459698,1.9413329428061843
1414,Zilong,unknown,unavailable_in_sd_path,1,/Users/zilongzeng/Research/DroneControl/user_study_v2/Zilong/Unknown/1.wav,Zilong/Unknown/1.wav,unknown,0.99609375,0.0,0.0,0.99609375,"[-128, -128, 127]",True,,,,0.05479191895574331,1.2632081052288413,0.6302500842139125,1.9543749513104558
1415,Zilong,unknown,unavailable_in_sd_path,2,/Users/zilongzeng/Research/DroneControl/user_study_v2/Zilong/Unknown/2.wav,Zilong/Unknown/2.wav,unknown,0.99609375,0.0,0.0,0.99609375,"[-128, -128, 127]",True,,,,0.07366703357547522,1.2156249722465873,0.6409999914467335,1.936458982527256
1416,Zilong,unknown,unavailable_in_sd_path,3,/Users/zilongzeng/Research/DroneControl/user_study_v2/Zilong/Unknown/3.wav,Zilong/Unknown/3.wav,unknown,0.99609375,0.0,0.0,0.99609375,"[-128, -128, 127]",True,,,,0.06220804061740637,1.2122910702601075,0.6382910069078207,1.9188750302419066
1417,Zilong,unknown,unavailable_in_sd_path,4,/Users/zilongzeng/Research/DroneControl/user_study_v2/Zilong/Unknown/4.wav,Zilong/Unknown/4.wav,unknown,0.99609375,0.0,0.0,0.99609375,"[-128, -128, 127]",True,,,,0.07466692477464676,1.1342080542817712,0.6050830706954002,1.818541088141501
1418,Zilong,unknown,unavailable_in_sd_path,5,/Users/zilongzeng/Research/DroneControl/user_study_v2/Zilong/Unknown/5.wav,Zilong/Unknown/5.wav,unknown,0.99609375,0.0,0.0,0.99609375,"[-128, -128, 127]",True,,,,0.048832967877388,1.1964159784838557,0.7256660610437393,1.976249972358346
1419,Zilong,unknown,unavailable_in_sd_path,6,/Users/zilongzeng/Research/DroneControl/user_study_v2/Zilong/Unknown/6.wav,Zilong/Unknown/6.wav,unknown,0.99609375,0.0,0.0,0.99609375,"[-128, -128, 127]",True,,,,0.06229197606444359,1.1224159970879555,0.6101670442149043,1.7999160336330533
1420,Zilong,unknown,unavailable_in_sd_path,7,/Users/zilongzeng/Research/DroneControl/user_study_v2/Zilong/Unknown/7.wav,Zilong/Unknown/7.wav,unknown,0.99609375,0.0,0.0,0.99609375,"[-128, -128, 127]",True,,,,0.06433296948671341,1.250125002115965,0.7185830036178231,2.039124956354499
1421,Zilong,unknown,unavailable_in_sd_path,8,/Users/zilongzeng/Research/DroneControl/user_study_v2/Zilong/Unknown/8.wav,Zilong/Unknown/8.wav,unknown,0.99609375,0.0,0.0,0.99609375,"[-128, -128, 127]",True,,,,0.07008400280028582,1.131917000748217,0.622584018856287,1.8302500247955322
1422,Zilong,unknown,unavailable_in_sd_path,9,/Users/zilongzeng/Research/DroneControl/user_study_v2/Zilong/Unknown/9.wav,Zilong/Unknown/9.wav,unknown,0.99609375,0.0,0.00390625,0.99609375,"[-128, -127, 127]",True,,,,0.061125028878450394,1.1538340477272868,0.6383749423548579,1.860333955846727
1423,Zilong,unknown,unavailable_in_sd_path,10,/Users/zilongzeng/Research/DroneControl/user_study_v2/Zilong/Unknown/10.wav,Zilong/Unknown/10.wav,unknown,0.99609375,0.0,0.0,0.99609375,"[-128, -128, 127]",True,,,,0.19149994477629662,1.1469590244814754,0.6133329588919878,1.9566250266507268
1424,Zilong,unknown,unavailable_in_sd_path,11,/Users/zilongzeng/Research/DroneControl/user_study_v2/Zilong/Unknown/11.wav,Zilong/Unknown/11.wav,unknown,0.99609375,0.0,0.0,0.99609375,"[-128, -128, 127]",True,,,,0.20583393052220345,1.1137500405311584,0.6551670376211405,1.9800829468294978
1425,Zilong,unknown,unavailable_in_sd_path,12,/Users/zilongzeng/Research/DroneControl/user_study_v2/Zilong/Unknown/12.wav,Zilong/Unknown/12.wav,unknown,0.99609375,0.0,0.0,0.99609375,"[-128, -128, 127]",True,,,,0.06487499922513962,1.2584159849211574,0.6152079440653324,1.9435000140219927
1426,Zilong,unknown,unavailable_in_sd_path,13,/Users/zilongzeng/Research/DroneControl/user_study_v2/Zilong/Unknown/13.wav,Zilong/Unknown/13.wav,unknown,0.99609375,0.0,0.0,0.99609375,"[-128, -128, 127]",True,,,,0.058666919358074665,1.1823340319097042,0.6189170526340604,1.864542020484805
1427,Zilong,unknown,unavailable_in_sd_path,14,/Users/zilongzeng/Research/DroneControl/user_study_v2/Zilong/Unknown/14.wav,Zilong/Unknown/14.wav,unknown,0.99609375,0.0,0.0,0.99609375,"[-128, -128, 127]",True,,,,0.05687493830919266,1.286290935240686,0.6248330464586616,1.9730409840121865
1428,Zilong,unknown,unavailable_in_sd_path,15,/Users/zilongzeng/Research/DroneControl/user_study_v2/Zilong/Unknown/15.wav,Zilong/Unknown/15.wav,unknown,0.99609375,0.0,0.0,0.99609375,"[-128, -128, 127]",True,,,,0.20033307373523712,1.1327910469844937,0.6095420103520155,1.947375014424324
1429,Zilong,unknown,unavailable_in_sd_path,16,/Users/zilongzeng/Research/DroneControl/user_study_v2/Zilong/Unknown/16.wav,Zilong/Unknown/16.wav,unknown,0.99609375,0.0,0.0,0.99609375,"[-128, -128, 127]",True,,,,0.16970804426819086,1.3579579535871744,0.6290830206125975,2.1614169236272573
1430,Zilong,unknown,unavailable_in_sd_path,17,/Users/zilongzeng/Research/DroneControl/user_study_v2/Zilong/Unknown/17.wav,Zilong/Unknown/17.wav,unknown,0.99609375,0.0,0.0,0.99609375,"[-128, -128, 127]",True,,,,0.05937495734542608,1.1681659379974008,0.6035830592736602,1.8357919761911035
1431,Zilong,unknown,unavailable_in_sd_path,18,/Users/zilongzeng/Research/DroneControl/user_study_v2/Zilong/Unknown/18.wav,Zilong/Unknown/18.wav,unknown,0.99609375,0.0,0.0,0.99609375,"[-128, -128, 127]",True,,,,0.19562500528991222,1.2332909973338246,0.648583984002471,2.0822080550715327
1432,Zilong,unknown,unavailable_in_sd_path,19,/Users/zilongzeng/Research/DroneControl/user_study_v2/Zilong/Unknown/19.wav,Zilong/Unknown/19.wav,unknown,0.99609375,0.0,0.0,0.99609375,"[-128, -128, 127]",True,,,,0.06683298852294683,1.2570410035550594,0.6948329973965883,2.0262080943211913
1433,Zilong,unknown,unavailable_in_sd_path,20,/Users/zilongzeng/Research/DroneControl/user_study_v2/Zilong/Unknown/20.wav,Zilong/Unknown/20.wav,unknown,0.96875,0.03125,0.0,0.96875,"[-120, -128, 120]",True,,,,0.22170902229845524,1.495957956649363,0.6802090210840106,2.40416603628546
1434,Zilong,unknown,unavailable_in_sd_path,21,/Users/zilongzeng/Research/DroneControl/user_study_v2/Zilong/Unknown/21.wav,Zilong/Unknown/21.wav,unknown,0.99609375,0.0,0.0,0.99609375,"[-128, -128, 127]",True,,,,0.0952909467741847,1.3649590546265244,0.7218329701572657,2.1890830248594284
1435,Zilong,unknown,unavailable_in_sd_path,22,/Users/zilongzeng/Research/DroneControl/user_study_v2/Zilong/Unknown/22.wav,Zilong/Unknown/22.wav,unknown,0.99609375,0.0,0.0,0.99609375,"[-128, -128, 127]",True,,,,0.18354097846895456,1.292875036597252,0.7082499796524644,2.19241704326123
1436,Zilong,unknown,unavailable_in_sd_path,23,/Users/zilongzeng/Research/DroneControl/user_study_v2/Zilong/Unknown/23.wav,Zilong/Unknown/23.wav,unknown,0.99609375,0.0,0.0,0.99609375,"[-128, -128, 127]",True,,,,0.20950008183717728,1.2485830811783671,0.6674999604001641,2.1309159928932786
1437,Zilong,unknown,unavailable_in_sd_path,24,/Users/zilongzeng/Research/DroneControl/user_study_v2/Zilong/Unknown/24.wav,Zilong/Unknown/24.wav,unknown,0.99609375,0.0,0.0,0.99609375,"[-128, -128, 127]",True,,,,0.06187497638165951,1.2624169467017055,0.6488340441137552,1.9787080818787217
1438,Zilong,unknown,unavailable_in_sd_path,25,/Users/zilongzeng/Research/DroneControl/user_study_v2/Zilong/Unknown/25.wav,Zilong/Unknown/25.wav,unknown,0.99609375,0.0,0.0,0.99609375,"[-128, -128, 127]",True,,,,0.07379194721579552,1.3252920471131802,0.6440420402213931,2.0483750849962234
1439,Zilong,unknown,unavailable_in_sd_path,26,/Users/zilongzeng/Research/DroneControl/user_study_v2/Zilong/Unknown/26.wav,Zilong/Unknown/26.wav,unknown,0.99609375,0.0,0.0,0.99609375,"[-128, -128, 127]",True,,,,0.07587496656924486,1.309624989517033,0.6345409201458097,2.025583991780877
1440,Zilong,unknown,unavailable_in_sd_path,27,/Users/zilongzeng/Research/DroneControl/user_study_v2/Zilong/Unknown/27.wav,Zilong/Unknown/27.wav,unknown,0.99609375,0.0,0.0,0.99609375,"[-128, -128, 127]",True,,,,0.07491698488593102,1.1410410515964031,0.6101670442149043,1.8310409504920244
1441,Zilong,unknown,unavailable_in_sd_path,28,/Users/zilongzeng/Research/DroneControl/user_study_v2/Zilong/Unknown/28.wav,Zilong/Unknown/28.wav,unknown,0.99609375,0.0,0.0,0.99609375,"[-128, -128, 127]",True,,,,0.061832950450479984,1.4856250490993261,0.6252080202102661,2.181875053793192
1442,Zilong,unknown,unavailable_in_sd_path,29,/Users/zilongzeng/Research/DroneControl/user_study_v2/Zilong/Unknown/29.wav,Zilong/Unknown/29.wav,unknown,0.99609375,0.0,0.0,0.99609375,"[-128, -128, 127]",True,,,,0.17775001469999552,1.275917049497366,0.6266660057008266,2.08733300678432
1443,Zilong,unknown,unavailable_in_sd_path,30,/Users/zilongzeng/Research/DroneControl/user_study_v2/Zilong/Unknown/30.wav,Zilong/Unknown/30.wav,emergency,0.55078125,0.55078125,0.0,0.44921875,"[13, -128, -13]",False,,,,0.09600003249943256,1.2583750067278743,0.6089160451665521,1.9688749453052878
1444,Zilong,unknown,unavailable_in_sd_path,31,/Users/zilongzeng/Research/DroneControl/user_study_v2/Zilong/Unknown/31.wav,Zilong/Unknown/31.wav,unknown,0.99609375,0.0,0.0,0.99609375,"[-128, -128, 127]",True,,,,0.07512501906603575,1.247667009010911,0.6315839709714055,1.9602080574259162
1445,Zilong,unknown,unavailable_in_sd_path,32,/Users/zilongzeng/Research/DroneControl/user_study_v2/Zilong/Unknown/32.wav,Zilong/Unknown/32.wav,unknown,0.99609375,0.0,0.0,0.99609375,"[-128, -128, 127]",True,,,,0.08870905730873346,1.2726669665426016,0.6732500623911619,2.040666062384844
1446,Zilong,unknown,unavailable_in_sd_path,33,/Users/zilongzeng/Research/DroneControl/user_study_v2/Zilong/Unknown/33.wav,Zilong/Unknown/33.wav,unknown,0.99609375,0.0,0.0,0.99609375,"[-128, -128, 127]",True,,,,0.08833303581923246,1.2992500560358167,0.676875002682209,2.0699590677395463
1447,Zilong,unknown,unavailable_in_sd_path,34,/Users/zilongzeng/Research/DroneControl/user_study_v2/Zilong/Unknown/34.wav,Zilong/Unknown/34.wav,unknown,0.99609375,0.0,0.0,0.99609375,"[-128, -128, 127]",True,,,,0.0602079089730978,1.2175000738352537,0.7011669222265482,1.9854169804602861
1448,Zilong,unknown,unavailable_in_sd_path,35,/Users/zilongzeng/Research/DroneControl/user_study_v2/Zilong/Unknown/35.wav,Zilong/Unknown/35.wav,unknown,0.99609375,0.0,0.0,0.99609375,"[-128, -128, 127]",True,,,,0.077791977673769,1.2611249694600701,0.6795410299673676,2.026916015893221
1449,Zilong,unknown,unavailable_in_sd_path,36,/Users/zilongzeng/Research/DroneControl/user_study_v2/Zilong/Unknown/36.wav,Zilong/Unknown/36.wav,unknown,0.99609375,0.0,0.0,0.99609375,"[-128, -128, 127]",True,,,,0.09212503209710121,1.4337090542539954,0.6332910852506757,2.1643750369548798
1450,Zilong,unknown,unavailable_in_sd_path,37,/Users/zilongzeng/Research/DroneControl/user_study_v2/Zilong/Unknown/37.wav,Zilong/Unknown/37.wav,unknown,0.99609375,0.0,0.0,0.99609375,"[-128, -128, 127]",True,,,,0.0785409938544035,1.315666944719851,0.6792080821469426,2.078833058476448
1451,Zilong,unknown,unavailable_in_sd_path,38,/Users/zilongzeng/Research/DroneControl/user_study_v2/Zilong/Unknown/38.wav,Zilong/Unknown/38.wav,unknown,0.99609375,0.0,0.0,0.99609375,"[-128, -128, 127]",True,,,,0.20395801402628422,1.4239998999983072,0.6287080468609929,2.2669590543955564
1452,Zilong,unknown,unavailable_in_sd_path,39,/Users/zilongzeng/Research/DroneControl/user_study_v2/Zilong/Unknown/39.wav,Zilong/Unknown/39.wav,unknown,0.99609375,0.0,0.0,0.99609375,"[-128, -128, 127]",True,,,,0.3482080064713955,1.1942499550059438,0.6174159934744239,2.165541984140873
1453,Zilong,unknown,unavailable_in_sd_path,40,/Users/zilongzeng/Research/DroneControl/user_study_v2/Zilong/Unknown/40.wav,Zilong/Unknown/40.wav,unknown,0.99609375,0.0,0.0,0.99609375,"[-128, -128, 127]",True,,,,0.06995804142206907,1.2847920879721642,0.6518339505419135,2.012541051954031
1454,Zilong,unknown,unavailable_in_sd_path,41,/Users/zilongzeng/Research/DroneControl/user_study_v2/Zilong/Unknown/41.wav,Zilong/Unknown/41.wav,unknown,0.99609375,0.0,0.0,0.99609375,"[-128, -128, 127]",True,,,,0.07045897655189037,1.1862079845741391,0.6215840112417936,1.8847909523174167
1455,Zilong,unknown,unavailable_in_sd_path,42,/Users/zilongzeng/Research/DroneControl/user_study_v2/Zilong/Unknown/42.wav,Zilong/Unknown/42.wav,unknown,0.99609375,0.0,0.0,0.99609375,"[-128, -128, 127]",True,,,,0.06437511183321476,1.2108749942854047,0.6219589849933982,1.9027499947696924
1456,Zilong,unknown,unavailable_in_sd_path,43,/Users/zilongzeng/Research/DroneControl/user_study_v2/Zilong/Unknown/43.wav,Zilong/Unknown/43.wav,unknown,0.99609375,0.0,0.0,0.99609375,"[-128, -128, 127]",True,,,,0.07183291018009186,1.198875019326806,0.6126249209046364,1.8885419704020023
1457,Zilong,unknown,unavailable_in_sd_path,44,/Users/zilongzeng/Research/DroneControl/user_study_v2/Zilong/Unknown/44.wav,Zilong/Unknown/44.wav,unknown,0.99609375,0.0,0.0,0.99609375,"[-128, -128, 127]",True,,,,0.073583098128438,1.1992920190095901,0.6687090499326587,1.947249984368682
1458,Zilong,unknown,unavailable_in_sd_path,45,/Users/zilongzeng/Research/DroneControl/user_study_v2/Zilong/Unknown/45.wav,Zilong/Unknown/45.wav,unknown,0.99609375,0.0,0.0,0.99609375,"[-128, -128, 127]",True,,,,0.0729170860722661,1.154916943050921,0.6114999996498227,1.844207989051938
1459,Zilong,unknown,unavailable_in_sd_path,46,/Users/zilongzeng/Research/DroneControl/user_study_v2/Zilong/Unknown/46.wav,Zilong/Unknown/46.wav,unknown,0.99609375,0.0,0.0,0.99609375,"[-128, -128, 127]",True,,,,0.202000024728477,1.1239999439567327,0.7422500057145953,2.073707990348339
1460,Zilong,unknown,unavailable_in_sd_path,47,/Users/zilongzeng/Research/DroneControl/user_study_v2/Zilong/Unknown/47.wav,Zilong/Unknown/47.wav,unknown,0.99609375,0.0,0.0,0.99609375,"[-128, -128, 127]",True,,,,0.3339580725878477,1.2911250814795494,0.6338339298963547,2.264541923068464
1461,Zilong,unknown,unavailable_in_sd_path,48,/Users/zilongzeng/Research/DroneControl/user_study_v2/Zilong/Unknown/48.wav,Zilong/Unknown/48.wav,unknown,0.99609375,0.0,0.0,0.99609375,"[-128, -128, 127]",True,,,,0.21095795091241598,1.3376660645008087,0.6932920077815652,2.2476670565083623
1462,Zilong,unknown,unavailable_in_sd_path,49,/Users/zilongzeng/Research/DroneControl/user_study_v2/Zilong/Unknown/49.wav,Zilong/Unknown/49.wav,unknown,0.99609375,0.0,0.0,0.99609375,"[-128, -128, 127]",True,,,,0.07529195863753557,1.2522080214694142,0.6994999712333083,2.0329999970272183
