sample_index,true_label,predicted_intent,is_correct,keyword_hit,matched_emergency_terms,matched_movement_terms,parse_reason,false_action_from_unknown,asr_failed
0,movement,unknown,0,0,,,no_rule_hit,0,0
1,emergency,emergency,1,1,yes,,emergency_precedence,0,0
2,unknown,unknown,1,0,,,no_rule_hit,0,0
3,emergency,unknown,0,0,,,no_rule_hit,0,0
4,movement,unknown,0,0,,,no_rule_hit,0,0
5,unknown,unknown,1,0,,,no_rule_hit,0,0
6,emergency,unknown,0,0,,,no_rule_hit,0,0
7,emergency,emergency,1,1,yes,,emergency_precedence,0,0
8,unknown,unknown,1,0,,,no_rule_hit,0,0
9,movement,unknown,0,0,,,no_rule_hit,0,0
10,movement,unknown,0,0,,,no_rule_hit,0,0
11,emergency,unknown,0,0,,,no_rule_hit,0,0
12,unknown,unknown,1,0,,,no_rule_hit,0,0
13,emergency,unknown,0,0,,,no_rule_hit,0,0
14,unknown,unknown,1,0,,,no_rule_hit,0,0
15,movement,unknown,0,0,,,no_rule_hit,0,0
16,unknown,unknown,1,0,,,no_rule_hit,0,0
17,movement,unknown,0,0,,,no_rule_hit,0,0
18,emergency,unknown,0,0,,,no_rule_hit,0,0
19,emergency,unknown,0,0,,,no_rule_hit,0,0
20,emergency,movement,0,1,,go,movement_match,0,0
21,emergency,unknown,0,0,,,no_rule_hit,0,0
22,emergency,unknown,0,0,,,no_rule_hit,0,0
23,unknown,unknown,1,0,,,no_rule_hit,0,0
24,movement,unknown,0,0,,,no_rule_hit,0,0
25,movement,unknown,0,0,,,no_rule_hit,0,0
26,emergency,emergency,1,1,yes,,emergency_precedence,0,0
27,emergency,unknown,0,0,,,no_rule_hit,0,0
28,movement,unknown,0,0,,,no_rule_hit,0,0
29,unknown,unknown,1,0,,,no_rule_hit,0,0
30,movement,unknown,0,0,,,no_rule_hit,0,0
31,unknown,unknown,1,0,,,no_rule_hit,0,0
32,emergency,unknown,0,0,,,no_rule_hit,0,0
33,movement,unknown,0,0,,,no_rule_hit,0,0
34,movement,movement,1,1,,go,movement_match,0,0
35,unknown,unknown,1,0,,,no_rule_hit,0,0
36,unknown,unknown,1,0,,,no_rule_hit,0,0
37,unknown,unknown,1,0,,,no_rule_hit,0,0
38,movement,unknown,0,0,,,no_rule_hit,0,0
39,unknown,unknown,1,0,,,no_rule_hit,0,0
40,movement,unknown,0,0,,,no_rule_hit,0,0
41,emergency,unknown,0,0,,,no_rule_hit,0,0
42,emergency,unknown,0,0,,,no_rule_hit,0,0
43,movement,unknown,0,0,,,no_rule_hit,0,0
44,movement,unknown,0,0,,,no_rule_hit,0,0
45,unknown,unknown,1,0,,,no_rule_hit,0,0
46,unknown,unknown,1,0,,,no_rule_hit,0,0
47,emergency,unknown,0,0,,,no_rule_hit,0,0
48,unknown,unknown,1,0,,,no_rule_hit,0,0
49,emergency,unknown,0,0,,,no_rule_hit,0,0
50,unknown,unknown,1,0,,,no_rule_hit,0,0
51,unknown,unknown,1,0,,,no_rule_hit,0,0
52,emergency,unknown,0,0,,,no_rule_hit,0,0
53,movement,unknown,0,0,,,no_rule_hit,0,0
54,emergency,unknown,0,0,,,no_rule_hit,0,0
55,unknown,unknown,1,0,,,no_rule_hit,0,0
56,emergency,emergency,1,1,yes,,emergency_precedence,0,0
57,movement,unknown,0,0,,,no_rule_hit,0,0
58,emergency,unknown,0,0,,,no_rule_hit,0,0
59,emergency,unknown,0,0,,,no_rule_hit,0,0
60,unknown,unknown,1,0,,,no_rule_hit,0,0
61,unknown,unknown,1,0,,,no_rule_hit,0,0
62,emergency,unknown,0,0,,,no_rule_hit,0,0
63,unknown,unknown,1,0,,,no_rule_hit,0,0
64,movement,unknown,0,0,,,no_rule_hit,0,0
65,emergency,unknown,0,0,,,no_rule_hit,0,0
66,emergency,unknown,0,0,,,no_rule_hit,0,0
67,emergency,unknown,0,0,,,no_rule_hit,0,0
68,unknown,unknown,1,0,,,no_rule_hit,0,0
69,unknown,unknown,1,0,,,no_rule_hit,0,0
70,movement,movement,1,1,,come on,movement_match,0,0
71,movement,unknown,0,0,,,no_rule_hit,0,0
72,unknown,unknown,1,0,,,no_rule_hit,0,0
73,movement,unknown,0,0,,,no_rule_hit,0,0
74,movement,unknown,0,0,,,no_rule_hit,0,0
75,unknown,unknown,1,0,,,no_rule_hit,0,0
76,emergency,unknown,0,0,,,no_rule_hit,0,0
77,emergency,unknown,0,0,,,no_rule_hit,0,0
78,movement,unknown,0,0,,,no_rule_hit,0,0
79,emergency,emergency,1,1,stop,,emergency_precedence,0,0
80,movement,unknown,0,0,,,no_rule_hit,0,0
81,emergency,unknown,0,0,,,no_rule_hit,0,0
82,unknown,unknown,1,0,,,no_rule_hit,0,0
83,movement,unknown,0,0,,,no_rule_hit,0,0
84,movement,unknown,0,0,,,no_rule_hit,0,0
85,unknown,unknown,1,0,,,no_rule_hit,0,0
86,movement,unknown,0,0,,,no_rule_hit,0,0
87,movement,unknown,0,0,,,no_rule_hit,0,0
88,emergency,movement,0,1,,go,movement_match,0,0
89,emergency,unknown,0,0,,,no_rule_hit,0,0
90,emergency,unknown,0,0,,,no_rule_hit,0,0
91,movement,unknown,0,0,,,no_rule_hit,0,0
92,unknown,unknown,1,0,,,no_rule_hit,0,0
93,movement,unknown,0,0,,,no_rule_hit,0,0
94,movement,unknown,0,0,,,no_rule_hit,0,0
95,movement,unknown,0,0,,,no_rule_hit,0,0
96,movement,unknown,0,0,,,no_rule_hit,0,0
97,movement,unknown,0,0,,,no_rule_hit,0,0
98,movement,unknown,0,0,,,no_rule_hit,0,0
99,movement,unknown,0,0,,,no_rule_hit,0,0
100,emergency,unknown,0,0,,,no_rule_hit,0,0
101,movement,unknown,0,0,,,no_rule_hit,0,0
102,emergency,unknown,0,0,,,no_rule_hit,0,0
103,movement,unknown,0,0,,,no_rule_hit,0,0
104,unknown,unknown,1,0,,,no_rule_hit,0,0
105,unknown,unknown,1,0,,,no_rule_hit,0,0
106,unknown,unknown,1,0,,,no_rule_hit,0,0
107,emergency,unknown,0,0,,,no_rule_hit,0,0
108,movement,movement,1,1,,go,movement_match,0,0
109,emergency,unknown,0,0,,,no_rule_hit,0,0
110,emergency,unknown,0,0,,,no_rule_hit,0,0
111,unknown,unknown,1,0,,,no_rule_hit,0,0
112,emergency,unknown,0,0,,,no_rule_hit,0,0
113,movement,movement,1,1,,go,movement_match,0,0
114,unknown,unknown,1,0,,,no_rule_hit,0,0
115,unknown,unknown,1,0,,,no_rule_hit,0,0
116,emergency,emergency,1,1,no,,emergency_precedence,0,0
117,emergency,emergency,1,1,yes,,emergency_precedence,0,0
118,movement,unknown,0,0,,,no_rule_hit,0,0
119,emergency,emergency,1,1,no,,emergency_precedence,0,0
120,emergency,unknown,0,0,,,no_rule_hit,0,0
121,movement,unknown,0,0,,,no_rule_hit,0,0
122,movement,unknown,0,0,,,no_rule_hit,0,0
123,movement,unknown,0,0,,,no_rule_hit,0,0
124,emergency,unknown,0,0,,,no_rule_hit,0,0
125,unknown,unknown,1,0,,,no_rule_hit,0,0
126,emergency,unknown,0,0,,,no_rule_hit,0,0
127,emergency,unknown,0,0,,,no_rule_hit,0,0
128,emergency,unknown,0,0,,,no_rule_hit,0,0
129,emergency,unknown,0,0,,,no_rule_hit,0,0
130,movement,unknown,0,0,,,no_rule_hit,0,0
131,emergency,unknown,0,0,,,no_rule_hit,0,0
132,movement,unknown,0,0,,,no_rule_hit,0,0
133,movement,unknown,0,0,,,no_rule_hit,0,0
134,unknown,unknown,1,0,,,no_rule_hit,0,0
135,emergency,unknown,0,0,,,no_rule_hit,0,0
136,movement,unknown,0,0,,,no_rule_hit,0,0
137,emergency,unknown,0,0,,,no_rule_hit,0,0
138,unknown,unknown,1,0,,,no_rule_hit,0,0
139,movement,unknown,0,0,,,no_rule_hit,0,0
140,unknown,unknown,1,0,,,no_rule_hit,0,0
141,emergency,unknown,0,0,,,no_rule_hit,0,0
142,emergency,unknown,0,0,,,no_rule_hit,0,0
143,emergency,emergency,1,1,stop,,emergency_precedence,0,0
144,movement,unknown,0,0,,,no_rule_hit,0,0
145,unknown,unknown,1,0,,,no_rule_hit,0,0
146,emergency,unknown,0,0,,,no_rule_hit,0,0
147,movement,movement,1,1,,go,movement_match,0,0
148,unknown,unknown,1,0,,,no_rule_hit,0,0
149,unknown,unknown,1,0,,,no_rule_hit,0,0
150,emergency,unknown,0,0,,,no_rule_hit,0,0
151,unknown,unknown,1,0,,,no_rule_hit,0,0
152,movement,unknown,0,0,,,no_rule_hit,0,0
153,unknown,unknown,1,0,,,no_rule_hit,0,0
154,movement,unknown,0,0,,,no_rule_hit,0,0
155,unknown,unknown,1,0,,,no_rule_hit,0,0
156,movement,unknown,0,0,,,no_rule_hit,0,0
157,movement,unknown,0,0,,,no_rule_hit,0,0
158,emergency,unknown,0,0,,,no_rule_hit,0,0
159,unknown,unknown,1,0,,,no_rule_hit,0,0
160,emergency,emergency,1,1,wow,,emergency_precedence,0,0
161,movement,unknown,0,0,,,no_rule_hit,0,0
162,unknown,unknown,1,0,,,no_rule_hit,0,0
163,emergency,emergency,1,1,no,,emergency_precedence,0,0
164,emergency,unknown,0,0,,,no_rule_hit,0,0
165,movement,unknown,0,0,,,no_rule_hit,0,0
166,movement,unknown,0,0,,,no_rule_hit,0,0
167,emergency,emergency,1,1,yes,,emergency_precedence,0,0
168,emergency,unknown,0,0,,,no_rule_hit,0,0
169,movement,unknown,0,0,,,no_rule_hit,0,0
170,movement,unknown,0,0,,,no_rule_hit,0,0
171,movement,unknown,0,0,,,no_rule_hit,0,0
172,movement,unknown,0,0,,,no_rule_hit,0,0
173,unknown,unknown,1,0,,,no_rule_hit,0,0
174,movement,unknown,0,0,,,no_rule_hit,0,0
175,movement,unknown,0,0,,,no_rule_hit,0,0
176,emergency,unknown,0,0,,,no_rule_hit,0,0
177,unknown,unknown,1,0,,,no_rule_hit,0,0
178,emergency,unknown,0,0,,,no_rule_hit,0,0
179,unknown,unknown,1,0,,,no_rule_hit,0,0
180,movement,unknown,0,0,,,no_rule_hit,0,0
181,emergency,unknown,0,0,,,no_rule_hit,0,0
182,movement,unknown,0,0,,,no_rule_hit,0,0
183,emergency,unknown,0,0,,,no_rule_hit,0,0
184,unknown,unknown,1,0,,,no_rule_hit,0,0
185,emergency,unknown,0,0,,,no_rule_hit,0,0
186,unknown,unknown,1,0,,,no_rule_hit,0,0
187,emergency,unknown,0,0,,,no_rule_hit,0,0
188,emergency,unknown,0,0,,,no_rule_hit,0,0
189,movement,unknown,0,0,,,no_rule_hit,0,0
190,movement,unknown,0,0,,,no_rule_hit,0,0
191,emergency,unknown,0,0,,,no_rule_hit,0,0
192,unknown,unknown,1,0,,,no_rule_hit,0,0
193,unknown,unknown,1,0,,,no_rule_hit,0,0
194,movement,unknown,0,0,,,no_rule_hit,0,0
195,movement,unknown,0,0,,,no_rule_hit,0,0
196,unknown,unknown,1,0,,,no_rule_hit,0,0
197,emergency,unknown,0,0,,,no_rule_hit,0,0
198,unknown,unknown,1,0,,,no_rule_hit,0,0
199,emergency,unknown,0,0,,,no_rule_hit,0,0
200,emergency,unknown,0,0,,,no_rule_hit,0,0
201,movement,unknown,0,0,,,no_rule_hit,0,0
202,movement,unknown,0,0,,,no_rule_hit,0,0
203,unknown,unknown,1,0,,,no_rule_hit,0,0
204,unknown,unknown,1,0,,,no_rule_hit,0,0
205,movement,unknown,0,0,,,no_rule_hit,0,0
206,unknown,unknown,1,0,,,no_rule_hit,0,0
207,emergency,unknown,0,0,,,no_rule_hit,0,0
208,movement,unknown,0,0,,,no_rule_hit,0,0
209,emergency,unknown,0,0,,,no_rule_hit,0,0
210,emergency,unknown,0,0,,,no_rule_hit,0,0
211,emergency,unknown,0,0,,,no_rule_hit,0,0
212,unknown,unknown,1,0,,,no_rule_hit,0,0
213,unknown,unknown,1,0,,,no_rule_hit,0,0
214,movement,movement,1,1,,go,movement_match,0,0
215,unknown,unknown,1,0,,,no_rule_hit,0,0
216,movement,unknown,0,0,,,no_rule_hit,0,0
217,emergency,unknown,0,0,,,no_rule_hit,0,0
218,unknown,unknown,1,0,,,no_rule_hit,0,0
219,emergency,unknown,0,0,,,no_rule_hit,0,0
220,emergency,unknown,0,0,,,no_rule_hit,0,0
221,emergency,emergency,1,1,stop,,emergency_precedence,0,0
222,unknown,unknown,1,0,,,no_rule_hit,0,0
223,emergency,emergency,1,1,wow,,emergency_precedence,0,0
224,movement,unknown,0,0,,,no_rule_hit,0,0
225,unknown,unknown,1,0,,,no_rule_hit,0,0
226,movement,unknown,0,0,,,no_rule_hit,0,0
227,emergency,emergency,1,1,stop,,emergency_precedence,0,0
228,movement,unknown,0,0,,,no_rule_hit,0,0
229,unknown,unknown,1,0,,,no_rule_hit,0,0
230,movement,unknown,0,0,,,no_rule_hit,0,0
231,emergency,unknown,0,0,,,no_rule_hit,0,0
232,emergency,unknown,0,0,,,no_rule_hit,0,0
233,unknown,unknown,1,0,,,no_rule_hit,0,0
234,unknown,unknown,1,0,,,no_rule_hit,0,0
235,unknown,unknown,1,0,,,no_rule_hit,0,0
236,emergency,unknown,0,0,,,no_rule_hit,0,0
237,movement,unknown,0,0,,,no_rule_hit,0,0
238,movement,unknown,0,0,,,no_rule_hit,0,0
239,unknown,unknown,1,0,,,no_rule_hit,0,0
240,emergency,emergency,1,1,yes,,emergency_precedence,0,0
241,movement,unknown,0,0,,,no_rule_hit,0,0
242,unknown,unknown,1,0,,,no_rule_hit,0,0
243,emergency,unknown,0,0,,,no_rule_hit,0,0
244,emergency,unknown,0,0,,,no_rule_hit,0,0
245,emergency,unknown,0,0,,,no_rule_hit,0,0
246,emergency,unknown,0,0,,,no_rule_hit,0,0
247,emergency,unknown,0,0,,,no_rule_hit,0,0
248,emergency,unknown,0,0,,,no_rule_hit,0,0
249,emergency,unknown,0,0,,,no_rule_hit,0,0
250,emergency,unknown,0,0,,,no_rule_hit,0,0
251,unknown,unknown,1,0,,,no_rule_hit,0,0
252,emergency,unknown,0,0,,,no_rule_hit,0,0
253,movement,unknown,0,0,,,no_rule_hit,0,0
254,unknown,unknown,1,0,,,no_rule_hit,0,0
255,movement,unknown,0,0,,,no_rule_hit,0,0
256,emergency,unknown,0,0,,,no_rule_hit,0,0
257,movement,unknown,0,0,,,no_rule_hit,0,0
258,movement,unknown,0,0,,,no_rule_hit,0,0
259,unknown,unknown,1,0,,,no_rule_hit,0,0
260,unknown,unknown,1,0,,,no_rule_hit,0,0
261,unknown,unknown,1,0,,,no_rule_hit,0,0
262,emergency,unknown,0,0,,,no_rule_hit,0,0
263,movement,unknown,0,0,,,no_rule_hit,0,0
264,emergency,unknown,0,0,,,no_rule_hit,0,0
265,emergency,unknown,0,0,,,no_rule_hit,0,0
266,unknown,unknown,1,0,,,no_rule_hit,0,0
267,emergency,unknown,0,0,,,no_rule_hit,0,0
268,unknown,unknown,1,0,,,no_rule_hit,0,0
269,emergency,emergency,1,1,wow,,emergency_precedence,0,0
270,emergency,emergency,1,1,no,,emergency_precedence,0,0
271,unknown,unknown,1,0,,,no_rule_hit,0,0
272,emergency,unknown,0,0,,,no_rule_hit,0,0
273,emergency,unknown,0,0,,,no_rule_hit,0,0
274,unknown,unknown,1,0,,,no_rule_hit,0,0
275,movement,movement,1,1,,down,movement_match,0,0
276,emergency,unknown,0,0,,,no_rule_hit,0,0
277,movement,unknown,0,0,,,no_rule_hit,0,0
278,unknown,unknown,1,0,,,no_rule_hit,0,0
279,unknown,unknown,1,0,,,no_rule_hit,0,0
280,unknown,unknown,1,0,,,no_rule_hit,0,0
281,unknown,unknown,1,0,,,no_rule_hit,0,0
282,emergency,unknown,0,0,,,no_rule_hit,0,0
283,emergency,emergency,1,1,yes,,emergency_precedence,0,0
284,unknown,unknown,1,0,,,no_rule_hit,0,0
285,unknown,unknown,1,0,,,no_rule_hit,0,0
286,emergency,unknown,0,0,,,no_rule_hit,0,0
287,movement,unknown,0,0,,,no_rule_hit,0,0
288,emergency,unknown,0,0,,,no_rule_hit,0,0
289,movement,unknown,0,0,,,no_rule_hit,0,0
290,emergency,emergency,1,1,no,,emergency_precedence,0,0
291,unknown,unknown,1,0,,,no_rule_hit,0,0
292,movement,emergency,0,1,no,,emergency_precedence,0,0
293,movement,movement,1,1,,down,movement_match,0,0
294,movement,unknown,0,0,,,no_rule_hit,0,0
295,emergency,unknown,0,0,,,no_rule_hit,0,0
296,emergency,unknown,0,0,,,no_rule_hit,0,0
297,emergency,unknown,0,0,,,no_rule_hit,0,0
298,unknown,unknown,1,0,,,no_rule_hit,0,0
299,unknown,unknown,1,0,,,no_rule_hit,0,0
300,emergency,unknown,0,0,,,no_rule_hit,0,0
301,emergency,unknown,0,0,,,no_rule_hit,0,0
302,emergency,emergency,1,1,wow,,emergency_precedence,0,0
303,movement,unknown,0,0,,,no_rule_hit,0,0
304,emergency,emergency,1,1,yes,,emergency_precedence,0,0
305,movement,unknown,0,0,,,no_rule_hit,0,0
306,emergency,unknown,0,0,,,no_rule_hit,0,0
307,movement,unknown,0,0,,,no_rule_hit,0,0
308,unknown,unknown,1,0,,,no_rule_hit,0,0
309,emergency,unknown,0,0,,,no_rule_hit,0,0
310,movement,unknown,0,0,,,no_rule_hit,0,0
311,emergency,unknown,0,0,,,no_rule_hit,0,0
312,emergency,unknown,0,0,,,no_rule_hit,0,0
313,unknown,unknown,1,0,,,no_rule_hit,0,0
314,unknown,unknown,1,0,,,no_rule_hit,0,0
315,unknown,unknown,1,0,,,no_rule_hit,0,0
316,unknown,unknown,1,0,,,no_rule_hit,0,0
317,emergency,unknown,0,0,,,no_rule_hit,0,0
318,unknown,unknown,1,0,,,no_rule_hit,0,0
319,unknown,unknown,1,0,,,no_rule_hit,0,0
320,movement,unknown,0,0,,,no_rule_hit,0,0
321,emergency,unknown,0,0,,,no_rule_hit,0,0
322,movement,unknown,0,0,,,no_rule_hit,0,0
323,unknown,unknown,1,0,,,no_rule_hit,0,0
324,movement,unknown,0,0,,,no_rule_hit,0,0
325,unknown,unknown,1,0,,,no_rule_hit,0,0
326,unknown,unknown,1,0,,,no_rule_hit,0,0
327,unknown,unknown,1,0,,,no_rule_hit,0,0
328,movement,unknown,0,0,,,no_rule_hit,0,0
329,emergency,unknown,0,0,,,no_rule_hit,0,0
330,emergency,unknown,0,0,,,no_rule_hit,0,0
331,movement,unknown,0,0,,,no_rule_hit,0,0
332,movement,unknown,0,0,,,no_rule_hit,0,0
333,unknown,unknown,1,0,,,no_rule_hit,0,0
334,unknown,unknown,1,0,,,no_rule_hit,0,0
335,emergency,emergency,1,1,stop,,emergency_precedence,0,0
336,movement,unknown,0,0,,,no_rule_hit,0,0
337,unknown,unknown,1,0,,,no_rule_hit,0,0
338,emergency,unknown,0,0,,,no_rule_hit,0,0
339,emergency,unknown,0,0,,,no_rule_hit,0,0
340,unknown,unknown,1,0,,,no_rule_hit,0,0
341,movement,unknown,0,0,,,no_rule_hit,0,0
342,unknown,unknown,1,0,,,no_rule_hit,0,0
343,movement,movement,1,1,,go,movement_match,0,0
344,movement,unknown,0,0,,,no_rule_hit,0,0
345,unknown,unknown,1,0,,,no_rule_hit,0,0
346,emergency,emergency,1,1,stop,,emergency_precedence,0,0
347,unknown,unknown,1,0,,,no_rule_hit,0,0
348,movement,movement,1,1,,left,movement_match,0,0
349,movement,unknown,0,0,,,no_rule_hit,0,0
350,movement,unknown,0,0,,,no_rule_hit,0,0
351,movement,unknown,0,0,,,no_rule_hit,0,0
352,movement,unknown,0,0,,,no_rule_hit,0,0
353,emergency,unknown,0,0,,,no_rule_hit,0,0
354,unknown,unknown,1,0,,,no_rule_hit,0,0
355,emergency,unknown,0,0,,,no_rule_hit,0,0
356,emergency,unknown,0,0,,,no_rule_hit,0,0
357,unknown,unknown,1,0,,,no_rule_hit,0,0
358,movement,unknown,0,0,,,no_rule_hit,0,0
359,emergency,unknown,0,0,,,no_rule_hit,0,0
360,movement,movement,1,1,,left,movement_match,0,0
361,unknown,unknown,1,0,,,no_rule_hit,0,0
362,emergency,unknown,0,0,,,no_rule_hit,0,0
363,emergency,unknown,0,0,,,no_rule_hit,0,0
364,emergency,unknown,0,0,,,no_rule_hit,0,0
365,unknown,unknown,1,0,,,no_rule_hit,0,0
366,unknown,unknown,1,0,,,no_rule_hit,0,0
367,movement,unknown,0,0,,,no_rule_hit,0,0
368,emergency,unknown,0,0,,,no_rule_hit,0,0
369,emergency,unknown,0,0,,,no_rule_hit,0,0
370,movement,unknown,0,0,,,no_rule_hit,0,0
371,unknown,unknown,1,0,,,no_rule_hit,0,0
372,unknown,unknown,1,0,,,no_rule_hit,0,0
373,unknown,unknown,1,0,,,no_rule_hit,0,0
374,movement,unknown,0,0,,,no_rule_hit,0,0
375,movement,movement,1,1,,go,movement_match,0,0
376,unknown,unknown,1,0,,,no_rule_hit,0,0
377,emergency,unknown,0,0,,,no_rule_hit,0,0
378,emergency,unknown,0,0,,,no_rule_hit,0,0
379,emergency,unknown,0,0,,,no_rule_hit,0,0
380,movement,unknown,0,0,,,no_rule_hit,0,0
381,unknown,unknown,1,0,,,no_rule_hit,0,0
382,emergency,unknown,0,0,,,no_rule_hit,0,0
383,movement,unknown,0,0,,,no_rule_hit,0,0
384,movement,unknown,0,0,,,no_rule_hit,0,0
385,movement,unknown,0,0,,,no_rule_hit,0,0
386,movement,unknown,0,0,,,no_rule_hit,0,0
387,unknown,unknown,1,0,,,no_rule_hit,0,0
388,movement,unknown,0,0,,,no_rule_hit,0,0
389,movement,unknown,0,0,,,no_rule_hit,0,0
390,unknown,unknown,1,0,,,no_rule_hit,0,0
391,emergency,emergency,1,1,yes,,emergency_precedence,0,0
392,unknown,unknown,1,0,,,no_rule_hit,0,0
393,emergency,unknown,0,0,,,no_rule_hit,0,0
394,unknown,unknown,1,0,,,no_rule_hit,0,0
395,unknown,unknown,1,0,,,no_rule_hit,0,0
396,emergency,unknown,0,0,,,no_rule_hit,0,0
397,movement,unknown,0,0,,,no_rule_hit,0,0
398,unknown,movement,0,1,,up,movement_match,1,0
399,unknown,unknown,1,0,,,no_rule_hit,0,0
400,unknown,unknown,1,0,,,no_rule_hit,0,0
401,unknown,unknown,1,0,,,no_rule_hit,0,0
402,unknown,unknown,1,0,,,no_rule_hit,0,0
403,emergency,unknown,0,0,,,no_rule_hit,0,0
404,unknown,unknown,1,0,,,no_rule_hit,0,0
405,unknown,unknown,1,0,,,no_rule_hit,0,0
406,unknown,unknown,1,0,,,no_rule_hit,0,0
407,unknown,unknown,1,0,,,no_rule_hit,0,0
408,emergency,emergency,1,1,yes,,emergency_precedence,0,0
409,movement,movement,1,1,,right,movement_match,0,0
410,emergency,unknown,0,0,,,no_rule_hit,0,0
411,emergency,emergency,1,1,yes,,emergency_precedence,0,0
412,unknown,unknown,1,0,,,no_rule_hit,0,0
413,emergency,emergency,1,1,yes,,emergency_precedence,0,0
414,movement,unknown,0,0,,,no_rule_hit,0,0
415,unknown,unknown,1,0,,,no_rule_hit,0,0
416,movement,movement,1,1,,left,movement_match,0,0
417,movement,unknown,0,0,,,no_rule_hit,0,0
418,emergency,unknown,0,0,,,no_rule_hit,0,0
419,emergency,unknown,0,0,,,no_rule_hit,0,0
420,unknown,unknown,1,0,,,no_rule_hit,0,0
421,emergency,unknown,0,0,,,no_rule_hit,0,0
422,unknown,unknown,1,0,,,no_rule_hit,0,0
423,unknown,unknown,1,0,,,no_rule_hit,0,0
424,unknown,unknown,1,0,,,no_rule_hit,0,0
425,movement,unknown,0,0,,,no_rule_hit,0,0
426,emergency,unknown,0,0,,,no_rule_hit,0,0
427,movement,unknown,0,0,,,no_rule_hit,0,0
428,unknown,unknown,1,0,,,no_rule_hit,0,0
429,movement,unknown,0,0,,,no_rule_hit,0,0
430,movement,unknown,0,0,,,no_rule_hit,0,0
431,movement,unknown,0,0,,,no_rule_hit,0,0
432,movement,unknown,0,0,,,no_rule_hit,0,0
433,emergency,unknown,0,0,,,no_rule_hit,0,0
434,unknown,unknown,1,0,,,no_rule_hit,0,0
435,unknown,unknown,1,0,,,no_rule_hit,0,0
436,movement,unknown,0,0,,,no_rule_hit,0,0
437,movement,unknown,0,0,,,no_rule_hit,0,0
438,emergency,unknown,0,0,,,no_rule_hit,0,0
439,movement,unknown,0,0,,,no_rule_hit,0,0
440,movement,unknown,0,0,,,no_rule_hit,0,0
441,unknown,unknown,1,0,,,no_rule_hit,0,0
442,movement,movement,1,1,,up,movement_match,0,0
443,movement,unknown,0,0,,,no_rule_hit,0,0
444,movement,unknown,0,0,,,no_rule_hit,0,0
445,movement,unknown,0,0,,,no_rule_hit,0,0
446,movement,unknown,0,0,,,no_rule_hit,0,0
447,unknown,unknown,1,0,,,no_rule_hit,0,0
448,unknown,unknown,1,0,,,no_rule_hit,0,0
449,movement,unknown,0,0,,,no_rule_hit,0,0
450,emergency,unknown,0,0,,,no_rule_hit,0,0
451,movement,unknown,0,0,,,no_rule_hit,0,0
452,emergency,unknown,0,0,,,no_rule_hit,0,0
453,unknown,unknown,1,0,,,no_rule_hit,0,0
454,unknown,unknown,1,0,,,no_rule_hit,0,0
455,movement,unknown,0,0,,,no_rule_hit,0,0
456,unknown,unknown,1,0,,,no_rule_hit,0,0
457,movement,unknown,0,0,,,no_rule_hit,0,0
458,unknown,unknown,1,0,,,no_rule_hit,0,0
459,unknown,unknown,1,0,,,no_rule_hit,0,0
460,emergency,unknown,0,0,,,no_rule_hit,0,0
461,emergency,unknown,0,0,,,no_rule_hit,0,0
462,movement,unknown,0,0,,,no_rule_hit,0,0
463,emergency,unknown,0,0,,,no_rule_hit,0,0
464,emergency,unknown,0,0,,,no_rule_hit,0,0
465,movement,unknown,0,0,,,no_rule_hit,0,0
466,unknown,unknown,1,0,,,no_rule_hit,0,0
467,emergency,emergency,1,1,wow,,emergency_precedence,0,0
468,unknown,unknown,1,0,,,no_rule_hit,0,0
469,emergency,emergency,1,1,no,,emergency_precedence,0,0
470,emergency,unknown,0,0,,,no_rule_hit,0,0
471,emergency,unknown,0,0,,,no_rule_hit,0,0
472,movement,unknown,0,0,,,no_rule_hit,0,0
473,emergency,unknown,0,0,,,no_rule_hit,0,0
474,movement,unknown,0,0,,,no_rule_hit,0,0
475,movement,unknown,0,0,,,no_rule_hit,0,0
476,emergency,unknown,0,0,,,no_rule_hit,0,0
477,movement,unknown,0,0,,,no_rule_hit,0,0
478,unknown,unknown,1,0,,,no_rule_hit,0,0
479,emergency,unknown,0,0,,,no_rule_hit,0,0
480,unknown,unknown,1,0,,,no_rule_hit,0,0
481,unknown,unknown,1,0,,,no_rule_hit,0,0
482,emergency,unknown,0,0,,,no_rule_hit,0,0
483,movement,unknown,0,0,,,no_rule_hit,0,0
484,unknown,unknown,1,0,,,no_rule_hit,0,0
485,unknown,unknown,1,0,,,no_rule_hit,0,0
486,movement,unknown,0,0,,,no_rule_hit,0,0
487,unknown,unknown,1,0,,,no_rule_hit,0,0
488,unknown,unknown,1,0,,,no_rule_hit,0,0
489,unknown,unknown,1,0,,,no_rule_hit,0,0
490,emergency,emergency,1,1,stop,,emergency_precedence,0,0
491,emergency,unknown,0,0,,,no_rule_hit,0,0
492,movement,unknown,0,0,,,no_rule_hit,0,0
493,movement,unknown,0,0,,,no_rule_hit,0,0
494,movement,unknown,0,0,,,no_rule_hit,0,0
495,unknown,unknown,1,0,,,no_rule_hit,0,0
496,unknown,unknown,1,0,,,no_rule_hit,0,0
497,movement,unknown,0,0,,,no_rule_hit,0,0
498,movement,unknown,0,0,,,no_rule_hit,0,0
499,emergency,unknown,0,0,,,no_rule_hit,0,0
500,emergency,unknown,0,0,,,no_rule_hit,0,0
501,unknown,unknown,1,0,,,no_rule_hit,0,0
502,unknown,unknown,1,0,,,no_rule_hit,0,0
503,movement,unknown,0,0,,,no_rule_hit,0,0
504,movement,movement,1,1,,follow,movement_match,0,0
505,movement,unknown,0,0,,,no_rule_hit,0,0
506,emergency,unknown,0,0,,,no_rule_hit,0,0
507,unknown,unknown,1,0,,,no_rule_hit,0,0
508,movement,unknown,0,0,,,no_rule_hit,0,0
509,emergency,unknown,0,0,,,no_rule_hit,0,0
510,unknown,unknown,1,0,,,no_rule_hit,0,0
511,unknown,unknown,1,0,,,no_rule_hit,0,0
512,movement,unknown,0,0,,,no_rule_hit,0,0
513,movement,unknown,0,0,,,no_rule_hit,0,0
514,emergency,unknown,0,0,,,no_rule_hit,0,0
515,movement,unknown,0,0,,,no_rule_hit,0,0
516,movement,unknown,0,0,,,no_rule_hit,0,0
517,emergency,unknown,0,0,,,no_rule_hit,0,0
518,movement,unknown,0,0,,,no_rule_hit,0,0
519,unknown,unknown,1,0,,,no_rule_hit,0,0
520,movement,unknown,0,0,,,no_rule_hit,0,0
521,unknown,unknown,1,0,,,no_rule_hit,0,0
522,unknown,unknown,1,0,,,no_rule_hit,0,0
523,emergency,unknown,0,0,,,no_rule_hit,0,0
524,movement,unknown,0,0,,,no_rule_hit,0,0
525,emergency,unknown,0,0,,,no_rule_hit,0,0
526,emergency,unknown,0,0,,,no_rule_hit,0,0
527,emergency,unknown,0,0,,,no_rule_hit,0,0
528,movement,movement,1,1,,right,movement_match,0,0
529,emergency,unknown,0,0,,,no_rule_hit,0,0
530,emergency,emergency,1,1,yes,,emergency_precedence,0,0
531,unknown,unknown,1,0,,,no_rule_hit,0,0
532,movement,movement,1,1,,left,movement_match,0,0
533,movement,unknown,0,0,,,no_rule_hit,0,0
534,movement,unknown,0,0,,,no_rule_hit,0,0
535,emergency,unknown,0,0,,,no_rule_hit,0,0
536,movement,unknown,0,0,,,no_rule_hit,0,0
537,emergency,unknown,0,0,,,no_rule_hit,0,0
538,unknown,unknown,1,0,,,no_rule_hit,0,0
539,emergency,unknown,0,0,,,no_rule_hit,0,0
540,movement,unknown,0,0,,,no_rule_hit,0,0
541,movement,unknown,0,0,,,no_rule_hit,0,0
542,movement,unknown,0,0,,,no_rule_hit,0,0
543,movement,unknown,0,0,,,no_rule_hit,0,0
544,unknown,unknown,1,0,,,no_rule_hit,0,0
545,unknown,unknown,1,0,,,no_rule_hit,0,0
546,unknown,unknown,1,0,,,no_rule_hit,0,0
547,unknown,unknown,1,0,,,no_rule_hit,0,0
548,emergency,unknown,0,0,,,no_rule_hit,0,0
549,movement,unknown,0,0,,,no_rule_hit,0,0
550,movement,unknown,0,0,,,no_rule_hit,0,0
551,unknown,unknown,1,0,,,no_rule_hit,0,0
552,unknown,unknown,1,0,,,no_rule_hit,0,0
553,emergency,unknown,0,0,,,no_rule_hit,0,0
554,emergency,emergency,1,1,yes,,emergency_precedence,0,0
555,unknown,unknown,1,0,,,no_rule_hit,0,0
556,unknown,unknown,1,0,,,no_rule_hit,0,0
557,movement,unknown,0,0,,,no_rule_hit,0,0
558,movement,unknown,0,0,,,no_rule_hit,0,0
559,movement,unknown,0,0,,,no_rule_hit,0,0
560,unknown,unknown,1,0,,,no_rule_hit,0,0
561,unknown,unknown,1,0,,,no_rule_hit,0,0
562,emergency,unknown,0,0,,,no_rule_hit,0,0
563,movement,unknown,0,0,,,no_rule_hit,0,0
564,unknown,unknown,1,0,,,no_rule_hit,0,0
565,movement,unknown,0,0,,,no_rule_hit,0,0
566,unknown,unknown,1,0,,,no_rule_hit,0,0
567,emergency,unknown,0,0,,,no_rule_hit,0,0
568,emergency,unknown,0,0,,,no_rule_hit,0,0
569,emergency,emergency,1,1,yes,,emergency_precedence,0,0
570,unknown,unknown,1,0,,,no_rule_hit,0,0
571,unknown,unknown,1,0,,,no_rule_hit,0,0
572,movement,unknown,0,0,,,no_rule_hit,0,0
573,unknown,unknown,1,0,,,no_rule_hit,0,0
574,movement,unknown,0,0,,,no_rule_hit,0,0
575,movement,unknown,0,0,,,no_rule_hit,0,0
576,emergency,unknown,0,0,,,no_rule_hit,0,0
577,unknown,unknown,1,0,,,no_rule_hit,0,0
578,emergency,unknown,0,0,,,no_rule_hit,0,0
579,unknown,unknown,1,0,,,no_rule_hit,0,0
580,movement,unknown,0,0,,,no_rule_hit,0,0
581,movement,unknown,0,0,,,no_rule_hit,0,0
582,movement,unknown,0,0,,,no_rule_hit,0,0
583,emergency,emergency,1,1,no,,emergency_precedence,0,0
584,unknown,unknown,1,0,,,no_rule_hit,0,0
585,unknown,unknown,1,0,,,no_rule_hit,0,0
586,movement,movement,1,1,,come on,movement_match,0,0
587,unknown,unknown,1,0,,,no_rule_hit,0,0
588,movement,unknown,0,0,,,no_rule_hit,0,0
589,emergency,unknown,0,0,,,no_rule_hit,0,0
590,movement,unknown,0,0,,,no_rule_hit,0,0
591,unknown,unknown,1,0,,,no_rule_hit,0,0
592,emergency,emergency,1,1,yes,,emergency_precedence,0,0
593,emergency,unknown,0,0,,,no_rule_hit,0,0
594,emergency,unknown,0,0,,,no_rule_hit,0,0
595,movement,unknown,0,0,,,no_rule_hit,0,0
596,unknown,unknown,1,0,,,no_rule_hit,0,0
597,emergency,unknown,0,0,,,no_rule_hit,0,0
598,unknown,unknown,1,0,,,no_rule_hit,0,0
599,movement,unknown,0,0,,,no_rule_hit,0,0
600,movement,unknown,0,0,,,no_rule_hit,0,0
601,emergency,emergency,1,1,backward,,emergency_precedence,0,0
602,movement,unknown,0,0,,,no_rule_hit,0,0
603,emergency,unknown,0,0,,,no_rule_hit,0,0
604,emergency,unknown,0,0,,,no_rule_hit,0,0
605,movement,unknown,0,0,,,no_rule_hit,0,0
606,unknown,unknown,1,0,,,no_rule_hit,0,0
607,movement,unknown,0,0,,,no_rule_hit,0,0
608,unknown,unknown,1,0,,,no_rule_hit,0,0
609,movement,unknown,0,0,,,no_rule_hit,0,0
610,unknown,unknown,1,0,,,no_rule_hit,0,0
611,movement,movement,1,1,,go,movement_match,0,0
612,unknown,unknown,1,0,,,no_rule_hit,0,0
613,emergency,emergency,1,1,no,,emergency_precedence,0,0
614,emergency,unknown,0,0,,,no_rule_hit,0,0
615,emergency,unknown,0,0,,,no_rule_hit,0,0
616,unknown,unknown,1,0,,,no_rule_hit,0,0
617,movement,unknown,0,0,,,no_rule_hit,0,0
618,emergency,unknown,0,0,,,no_rule_hit,0,0
619,emergency,unknown,0,0,,,no_rule_hit,0,0
620,movement,unknown,0,0,,,no_rule_hit,0,0
621,emergency,unknown,0,0,,,no_rule_hit,0,0
622,unknown,unknown,1,0,,,no_rule_hit,0,0
623,emergency,unknown,0,0,,,no_rule_hit,0,0
624,unknown,unknown,1,0,,,no_rule_hit,0,0
625,emergency,unknown,0,0,,,no_rule_hit,0,0
626,emergency,unknown,0,0,,,no_rule_hit,0,0
627,unknown,unknown,1,0,,,no_rule_hit,0,0
628,unknown,unknown,1,0,,,no_rule_hit,0,0
629,unknown,unknown,1,0,,,no_rule_hit,0,0
630,emergency,emergency,1,1,yes,,emergency_precedence,0,0
631,unknown,unknown,1,0,,,no_rule_hit,0,0
632,unknown,unknown,1,0,,,no_rule_hit,0,0
633,emergency,emergency,1,1,no,,emergency_precedence,0,0
634,unknown,unknown,1,0,,,no_rule_hit,0,0
635,emergency,unknown,0,0,,,no_rule_hit,0,0
636,unknown,unknown,1,0,,,no_rule_hit,0,0
637,emergency,unknown,0,0,,,no_rule_hit,0,0
638,emergency,movement,0,1,,go,movement_match,0,0
639,emergency,movement,0,1,,go,movement_match,0,0
640,movement,unknown,0,0,,,no_rule_hit,0,0
641,movement,unknown,0,0,,,no_rule_hit,0,0
642,emergency,unknown,0,0,,,no_rule_hit,0,0
643,movement,unknown,0,0,,,no_rule_hit,0,0
644,emergency,unknown,0,0,,,no_rule_hit,0,0
645,emergency,unknown,0,0,,,no_rule_hit,0,0
646,movement,movement,1,1,,up,movement_match,0,0
647,unknown,unknown,1,0,,,no_rule_hit,0,0
648,unknown,unknown,1,0,,,no_rule_hit,0,0
649,movement,unknown,0,0,,,no_rule_hit,0,0
650,unknown,unknown,1,0,,,no_rule_hit,0,0
651,movement,unknown,0,0,,,no_rule_hit,0,0
652,unknown,unknown,1,0,,,no_rule_hit,0,0
653,movement,unknown,0,0,,,no_rule_hit,0,0
654,emergency,movement,0,1,,back,movement_match,0,0
655,emergency,unknown,0,0,,,no_rule_hit,0,0
656,unknown,unknown,1,0,,,no_rule_hit,0,0
657,movement,unknown,0,0,,,no_rule_hit,0,0
658,emergency,unknown,0,0,,,no_rule_hit,0,0
659,unknown,unknown,1,0,,,no_rule_hit,0,0
660,movement,unknown,0,0,,,no_rule_hit,0,0
661,movement,unknown,0,0,,,no_rule_hit,0,0
662,emergency,unknown,0,0,,,no_rule_hit,0,0
663,movement,movement,1,1,,go,movement_match,0,0
664,movement,unknown,0,0,,,no_rule_hit,0,0
665,movement,unknown,0,0,,,no_rule_hit,0,0
666,emergency,unknown,0,0,,,no_rule_hit,0,0
667,movement,movement,1,1,,on,movement_match,0,0
668,movement,unknown,0,0,,,no_rule_hit,0,0
669,emergency,unknown,0,0,,,no_rule_hit,0,0
670,emergency,unknown,0,0,,,no_rule_hit,0,0
671,unknown,unknown,1,0,,,no_rule_hit,0,0
672,unknown,unknown,1,0,,,no_rule_hit,0,0
673,movement,unknown,0,0,,,no_rule_hit,0,0
674,movement,unknown,0,0,,,no_rule_hit,0,0
675,movement,unknown,0,0,,,no_rule_hit,0,0
676,movement,unknown,0,0,,,no_rule_hit,0,0
677,movement,unknown,0,0,,,no_rule_hit,0,0
678,movement,unknown,0,0,,,no_rule_hit,0,0
679,movement,unknown,0,0,,,no_rule_hit,0,0
680,unknown,unknown,1,0,,,no_rule_hit,0,0
681,unknown,unknown,1,0,,,no_rule_hit,0,0
682,unknown,unknown,1,0,,,no_rule_hit,0,0
683,movement,unknown,0,0,,,no_rule_hit,0,0
684,movement,unknown,0,0,,,no_rule_hit,0,0
685,movement,unknown,0,0,,,no_rule_hit,0,0
686,movement,unknown,0,0,,,no_rule_hit,0,0
687,emergency,unknown,0,0,,,no_rule_hit,0,0
688,unknown,unknown,1,0,,,no_rule_hit,0,0
689,unknown,unknown,1,0,,,no_rule_hit,0,0
690,movement,movement,1,1,,down,movement_match,0,0
691,unknown,unknown,1,0,,,no_rule_hit,0,0
692,movement,unknown,0,0,,,no_rule_hit,0,0
693,movement,unknown,0,0,,,no_rule_hit,0,0
694,unknown,emergency,0,1,no,,emergency_precedence,1,0
695,movement,unknown,0,0,,,no_rule_hit,0,0
696,unknown,unknown,1,0,,,no_rule_hit,0,0
697,unknown,unknown,1,0,,,no_rule_hit,0,0
698,movement,unknown,0,0,,,no_rule_hit,0,0
699,movement,unknown,0,0,,,no_rule_hit,0,0
700,emergency,unknown,0,0,,,no_rule_hit,0,0
701,unknown,unknown,1,0,,,no_rule_hit,0,0
702,movement,movement,1,1,,left,movement_match,0,0
703,movement,unknown,0,0,,,no_rule_hit,0,0
704,emergency,unknown,0,0,,,no_rule_hit,0,0
705,unknown,unknown,1,0,,,no_rule_hit,0,0
706,movement,unknown,0,0,,,no_rule_hit,0,0
707,movement,unknown,0,0,,,no_rule_hit,0,0
708,movement,unknown,0,0,,,no_rule_hit,0,0
709,emergency,unknown,0,0,,,no_rule_hit,0,0
710,movement,movement,1,1,,right,movement_match,0,0
711,unknown,unknown,1,0,,,no_rule_hit,0,0
712,unknown,movement,0,1,,go,movement_match,1,0
713,emergency,unknown,0,0,,,no_rule_hit,0,0
714,emergency,unknown,0,0,,,no_rule_hit,0,0
715,movement,unknown,0,0,,,no_rule_hit,0,0
716,unknown,unknown,1,0,,,no_rule_hit,0,0
717,unknown,unknown,1,0,,,no_rule_hit,0,0
718,movement,unknown,0,0,,,no_rule_hit,0,0
719,unknown,unknown,1,0,,,no_rule_hit,0,0
720,unknown,unknown,1,0,,,no_rule_hit,0,0
721,unknown,unknown,1,0,,,no_rule_hit,0,0
722,unknown,unknown,1,0,,,no_rule_hit,0,0
723,emergency,movement,0,1,,go,movement_match,0,0
724,movement,unknown,0,0,,,no_rule_hit,0,0
725,movement,unknown,0,0,,,no_rule_hit,0,0
726,unknown,unknown,1,0,,,no_rule_hit,0,0
727,unknown,unknown,1,0,,,no_rule_hit,0,0
728,unknown,unknown,1,0,,,no_rule_hit,0,0
729,emergency,unknown,0,0,,,no_rule_hit,0,0
730,movement,unknown,0,0,,,no_rule_hit,0,0
731,emergency,emergency,1,1,wow,,emergency_precedence,0,0
732,unknown,unknown,1,0,,,no_rule_hit,0,0
733,unknown,unknown,1,0,,,no_rule_hit,0,0
734,movement,unknown,0,0,,,no_rule_hit,0,0
735,movement,unknown,0,0,,,no_rule_hit,0,0
736,unknown,unknown,1,0,,,no_rule_hit,0,0
737,movement,unknown,0,0,,,no_rule_hit,0,0
738,unknown,unknown,1,0,,,no_rule_hit,0,0
739,emergency,emergency,1,1,yes,,emergency_precedence,0,0
740,emergency,unknown,0,0,,,no_rule_hit,0,0
741,emergency,unknown,0,0,,,no_rule_hit,0,0
742,unknown,unknown,1,0,,,no_rule_hit,0,0
743,unknown,unknown,1,0,,,no_rule_hit,0,0
744,emergency,unknown,0,0,,,no_rule_hit,0,0
745,unknown,unknown,1,0,,,no_rule_hit,0,0
746,emergency,unknown,0,0,,,no_rule_hit,0,0
747,emergency,unknown,0,0,,,no_rule_hit,0,0
748,unknown,unknown,1,0,,,no_rule_hit,0,0
749,emergency,unknown,0,0,,,no_rule_hit,0,0
750,emergency,emergency,1,1,no,,emergency_precedence,0,0
751,unknown,unknown,1,0,,,no_rule_hit,0,0
752,movement,unknown,0,0,,,no_rule_hit,0,0
753,unknown,unknown,1,0,,,no_rule_hit,0,0
754,unknown,unknown,1,0,,,no_rule_hit,0,0
755,emergency,emergency,1,1,wow,,emergency_precedence,0,0
756,emergency,unknown,0,0,,,no_rule_hit,0,0
757,unknown,unknown,1,0,,,no_rule_hit,0,0
758,movement,unknown,0,0,,,no_rule_hit,0,0
759,unknown,unknown,1,0,,,no_rule_hit,0,0
760,movement,unknown,0,0,,,no_rule_hit,0,0
761,emergency,unknown,0,0,,,no_rule_hit,0,0
762,emergency,unknown,0,0,,,no_rule_hit,0,0
763,emergency,unknown,0,0,,,no_rule_hit,0,0
764,movement,unknown,0,0,,,no_rule_hit,0,0
765,unknown,unknown,1,0,,,no_rule_hit,0,0
766,movement,unknown,0,0,,,no_rule_hit,0,0
767,movement,unknown,0,0,,,no_rule_hit,0,0
768,movement,unknown,0,0,,,no_rule_hit,0,0
769,unknown,unknown,1,0,,,no_rule_hit,0,0
770,unknown,unknown,1,0,,,no_rule_hit,0,0
771,movement,unknown,0,0,,,no_rule_hit,0,0
772,unknown,unknown,1,0,,,no_rule_hit,0,0
773,emergency,unknown,0,0,,,no_rule_hit,0,0
774,movement,unknown,0,0,,,no_rule_hit,0,0
775,unknown,unknown,1,0,,,no_rule_hit,0,0
776,movement,unknown,0,0,,,no_rule_hit,0,0
777,unknown,unknown,1,0,,,no_rule_hit,0,0
778,unknown,unknown,1,0,,,no_rule_hit,0,0
779,emergency,movement,0,1,,back,movement_match,0,0
780,movement,unknown,0,0,,,no_rule_hit,0,0
781,movement,movement,1,1,,right,movement_match,0,0
782,movement,movement,1,1,,go,movement_match,0,0
783,movement,unknown,0,0,,,no_rule_hit,0,0
784,movement,unknown,0,0,,,no_rule_hit,0,0
785,emergency,unknown,0,0,,,no_rule_hit,0,0
786,emergency,unknown,0,0,,,no_rule_hit,0,0
787,emergency,unknown,0,0,,,no_rule_hit,0,0
788,unknown,unknown,1,0,,,no_rule_hit,0,0
789,emergency,unknown,0,0,,,no_rule_hit,0,0
790,unknown,unknown,1,0,,,no_rule_hit,0,0
791,unknown,unknown,1,0,,,no_rule_hit,0,0
792,unknown,unknown,1,0,,,no_rule_hit,0,0
793,unknown,unknown,1,0,,,no_rule_hit,0,0
794,movement,unknown,0,0,,,no_rule_hit,0,0
795,unknown,unknown,1,0,,,no_rule_hit,0,0
796,emergency,unknown,0,0,,,no_rule_hit,0,0
797,movement,unknown,0,0,,,no_rule_hit,0,0
798,emergency,unknown,0,0,,,no_rule_hit,0,0
799,movement,movement,1,1,,go,movement_match,0,0
800,emergency,unknown,0,0,,,no_rule_hit,0,0
801,unknown,unknown,1,0,,,no_rule_hit,0,0
802,unknown,unknown,1,0,,,no_rule_hit,0,0
803,movement,movement,1,1,,go,movement_match,0,0
804,emergency,unknown,0,0,,,no_rule_hit,0,0
805,movement,unknown,0,0,,,no_rule_hit,0,0
806,emergency,unknown,0,0,,,no_rule_hit,0,0
807,movement,unknown,0,0,,,no_rule_hit,0,0
808,unknown,unknown,1,0,,,no_rule_hit,0,0
809,movement,unknown,0,0,,,no_rule_hit,0,0
810,movement,movement,1,1,,right,movement_match,0,0
811,movement,unknown,0,0,,,no_rule_hit,0,0
812,unknown,unknown,1,0,,,no_rule_hit,0,0
813,movement,unknown,0,0,,,no_rule_hit,0,0
814,emergency,unknown,0,0,,,no_rule_hit,0,0
815,emergency,unknown,0,0,,,no_rule_hit,0,0
816,movement,unknown,0,0,,,no_rule_hit,0,0
817,movement,unknown,0,0,,,no_rule_hit,0,0
818,movement,movement,1,1,,go,movement_match,0,0
819,movement,unknown,0,0,,,no_rule_hit,0,0
820,emergency,unknown,0,0,,,no_rule_hit,0,0
821,emergency,unknown,0,0,,,no_rule_hit,0,0
822,unknown,unknown,1,0,,,no_rule_hit,0,0
823,emergency,unknown,0,0,,,no_rule_hit,0,0
824,unknown,unknown,1,0,,,no_rule_hit,0,0
825,unknown,unknown,1,0,,,no_rule_hit,0,0
826,unknown,unknown,1,0,,,no_rule_hit,0,0
827,movement,movement,1,1,,on,movement_match,0,0
828,movement,unknown,0,0,,,no_rule_hit,0,0
829,unknown,unknown,1,0,,,no_rule_hit,0,0
830,movement,unknown,0,0,,,no_rule_hit,0,0
831,movement,unknown,0,0,,,no_rule_hit,0,0
832,movement,unknown,0,0,,,no_rule_hit,0,0
833,movement,unknown,0,0,,,no_rule_hit,0,0
834,emergency,unknown,0,0,,,no_rule_hit,0,0
835,unknown,unknown,1,0,,,no_rule_hit,0,0
836,emergency,unknown,0,0,,,no_rule_hit,0,0
837,emergency,unknown,0,0,,,no_rule_hit,0,0
838,unknown,unknown,1,0,,,no_rule_hit,0,0
839,movement,unknown,0,0,,,no_rule_hit,0,0
840,unknown,movement,0,1,,right,movement_match,1,0
841,emergency,emergency,1,1,yes,,emergency_precedence,0,0
842,movement,unknown,0,0,,,no_rule_hit,0,0
843,movement,unknown,0,0,,,no_rule_hit,0,0
844,unknown,unknown,1,0,,,no_rule_hit,0,0
845,emergency,unknown,0,0,,,no_rule_hit,0,0
846,movement,unknown,0,0,,,no_rule_hit,0,0
847,unknown,unknown,1,0,,,no_rule_hit,0,0
848,movement,unknown,0,0,,,no_rule_hit,0,0
849,unknown,unknown,1,0,,,no_rule_hit,0,0
850,movement,unknown,0,0,,,no_rule_hit,0,0
851,emergency,unknown,0,0,,,no_rule_hit,0,0
852,unknown,unknown,1,0,,,no_rule_hit,0,0
853,movement,unknown,0,0,,,no_rule_hit,0,0
854,emergency,unknown,0,0,,,no_rule_hit,0,0
855,movement,unknown,0,0,,,no_rule_hit,0,0
856,unknown,unknown,1,0,,,no_rule_hit,0,0
857,emergency,unknown,0,0,,,no_rule_hit,0,0
858,movement,unknown,0,0,,,no_rule_hit,0,0
859,movement,unknown,0,0,,,no_rule_hit,0,0
860,unknown,unknown,1,0,,,no_rule_hit,0,0
861,emergency,emergency,1,1,no,,emergency_precedence,0,0
862,unknown,unknown,1,0,,,no_rule_hit,0,0
863,emergency,unknown,0,0,,,no_rule_hit,0,0
864,movement,unknown,0,0,,,no_rule_hit,0,0
865,unknown,unknown,1,0,,,no_rule_hit,0,0
866,emergency,unknown,0,0,,,no_rule_hit,0,0
867,emergency,unknown,0,0,,,no_rule_hit,0,0
868,unknown,unknown,1,0,,,no_rule_hit,0,0
869,unknown,unknown,1,0,,,no_rule_hit,0,0
870,unknown,unknown,1,0,,,no_rule_hit,0,0
871,movement,unknown,0,0,,,no_rule_hit,0,0
872,unknown,unknown,1,0,,,no_rule_hit,0,0
873,movement,unknown,0,0,,,no_rule_hit,0,0
874,movement,unknown,0,0,,,no_rule_hit,0,0
875,unknown,unknown,1,0,,,no_rule_hit,0,0
876,emergency,unknown,0,0,,,no_rule_hit,0,0
877,emergency,unknown,0,0,,,no_rule_hit,0,0
878,movement,unknown,0,0,,,no_rule_hit,0,0
879,emergency,emergency,1,1,backward,,emergency_precedence,0,0
880,emergency,unknown,0,0,,,no_rule_hit,0,0
881,emergency,unknown,0,0,,,no_rule_hit,0,0
882,unknown,unknown,1,0,,,no_rule_hit,0,0
883,movement,unknown,0,0,,,no_rule_hit,0,0
884,unknown,unknown,1,0,,,no_rule_hit,0,0
885,emergency,emergency,1,1,no,,emergency_precedence,0,0
886,movement,unknown,0,0,,,no_rule_hit,0,0
887,emergency,emergency,1,1,no,,emergency_precedence,0,0
888,movement,unknown,0,0,,,no_rule_hit,0,0
889,movement,unknown,0,0,,,no_rule_hit,0,0
890,unknown,unknown,1,0,,,no_rule_hit,0,0
891,unknown,unknown,1,0,,,no_rule_hit,0,0
892,unknown,unknown,1,0,,,no_rule_hit,0,0
893,unknown,unknown,1,0,,,no_rule_hit,0,0
894,unknown,unknown,1,0,,,no_rule_hit,0,0
895,emergency,unknown,0,0,,,no_rule_hit,0,0
896,unknown,unknown,1,0,,,no_rule_hit,0,0
897,unknown,unknown,1,0,,,no_rule_hit,0,0
898,unknown,unknown,1,0,,,no_rule_hit,0,0
899,unknown,unknown,1,0,,,no_rule_hit,0,0
900,movement,unknown,0,0,,,no_rule_hit,0,0
901,emergency,unknown,0,0,,,no_rule_hit,0,0
902,movement,unknown,0,0,,,no_rule_hit,0,0
903,movement,unknown,0,0,,,no_rule_hit,0,0
904,movement,unknown,0,0,,,no_rule_hit,0,0
905,emergency,unknown,0,0,,,no_rule_hit,0,0
906,movement,unknown,0,0,,,no_rule_hit,0,0
907,unknown,unknown,1,0,,,no_rule_hit,0,0
908,unknown,unknown,1,0,,,no_rule_hit,0,0
909,movement,unknown,0,0,,,no_rule_hit,0,0
910,emergency,unknown,0,0,,,no_rule_hit,0,0
911,unknown,unknown,1,0,,,no_rule_hit,0,0
912,movement,unknown,0,0,,,no_rule_hit,0,0
913,movement,unknown,0,0,,,no_rule_hit,0,0
914,unknown,unknown,1,0,,,no_rule_hit,0,0
915,movement,unknown,0,0,,,no_rule_hit,0,0
916,unknown,unknown,1,0,,,no_rule_hit,0,0
917,unknown,unknown,1,0,,,no_rule_hit,0,0
918,movement,movement,1,1,,left,movement_match,0,0
919,movement,unknown,0,0,,,no_rule_hit,0,0
920,movement,unknown,0,0,,,no_rule_hit,0,0
921,unknown,unknown,1,0,,,no_rule_hit,0,0
922,movement,unknown,0,0,,,no_rule_hit,0,0
923,unknown,unknown,1,0,,,no_rule_hit,0,0
924,unknown,unknown,1,0,,,no_rule_hit,0,0
925,emergency,unknown,0,0,,,no_rule_hit,0,0
926,emergency,unknown,0,0,,,no_rule_hit,0,0
927,emergency,unknown,0,0,,,no_rule_hit,0,0
928,movement,unknown,0,0,,,no_rule_hit,0,0
929,movement,unknown,0,0,,,no_rule_hit,0,0
930,unknown,unknown,1,0,,,no_rule_hit,0,0
931,emergency,unknown,0,0,,,no_rule_hit,0,0
932,emergency,emergency,1,1,yes,,emergency_precedence,0,0
933,movement,unknown,0,0,,,no_rule_hit,0,0
934,movement,unknown,0,0,,,no_rule_hit,0,0
935,emergency,emergency,1,1,no,,emergency_precedence,0,0
936,emergency,unknown,0,0,,,no_rule_hit,0,0
937,movement,unknown,0,0,,,no_rule_hit,0,0
938,emergency,unknown,0,0,,,no_rule_hit,0,0
939,unknown,unknown,1,0,,,no_rule_hit,0,0
940,movement,movement,1,1,,go,movement_match,0,0
941,unknown,unknown,1,0,,,no_rule_hit,0,0
942,emergency,unknown,0,0,,,no_rule_hit,0,0
943,emergency,unknown,0,0,,,no_rule_hit,0,0
944,emergency,unknown,0,0,,,no_rule_hit,0,0
945,unknown,unknown,1,0,,,no_rule_hit,0,0
946,unknown,unknown,1,0,,,no_rule_hit,0,0
947,unknown,unknown,1,0,,,no_rule_hit,0,0
948,unknown,unknown,1,0,,,no_rule_hit,0,0
949,emergency,emergency,1,1,yes,,emergency_precedence,0,0
950,emergency,unknown,0,0,,,no_rule_hit,0,0
951,unknown,unknown,1,0,,,no_rule_hit,0,0
952,unknown,unknown,1,0,,,no_rule_hit,0,0
953,movement,unknown,0,0,,,no_rule_hit,0,0
954,movement,unknown,0,0,,,no_rule_hit,0,0
955,unknown,unknown,1,0,,,no_rule_hit,0,0
956,movement,unknown,0,0,,,no_rule_hit,0,0
957,movement,unknown,0,0,,,no_rule_hit,0,0
958,emergency,unknown,0,0,,,no_rule_hit,0,0
959,unknown,unknown,1,0,,,no_rule_hit,0,0
960,movement,unknown,0,0,,,no_rule_hit,0,0
961,unknown,unknown,1,0,,,no_rule_hit,0,0
962,unknown,unknown,1,0,,,no_rule_hit,0,0
963,movement,unknown,0,0,,,no_rule_hit,0,0
964,emergency,unknown,0,0,,,no_rule_hit,0,0
965,emergency,emergency,1,1,no,,emergency_precedence,0,0
966,movement,unknown,0,0,,,no_rule_hit,0,0
967,emergency,unknown,0,0,,,no_rule_hit,0,0
968,movement,unknown,0,0,,,no_rule_hit,0,0
969,unknown,unknown,1,0,,,no_rule_hit,0,0
970,emergency,emergency,1,1,stop,,emergency_precedence,0,0
971,emergency,unknown,0,0,,,no_rule_hit,0,0
972,unknown,unknown,1,0,,,no_rule_hit,0,0
973,emergency,unknown,0,0,,,no_rule_hit,0,0
974,movement,movement,1,1,,go,movement_match,0,0
975,emergency,unknown,0,0,,,no_rule_hit,0,0
976,unknown,unknown,1,0,,,no_rule_hit,0,0
977,emergency,emergency,1,1,yes,,emergency_precedence,0,0
978,emergency,unknown,0,0,,,no_rule_hit,0,0
979,emergency,unknown,0,0,,,no_rule_hit,0,0
980,movement,unknown,0,0,,,no_rule_hit,0,0
981,unknown,unknown,1,0,,,no_rule_hit,0,0
982,unknown,unknown,1,0,,,no_rule_hit,0,0
983,unknown,unknown,1,0,,,no_rule_hit,0,0
984,unknown,unknown,1,0,,,no_rule_hit,0,0
985,unknown,unknown,1,0,,,no_rule_hit,0,0
986,movement,unknown,0,0,,,no_rule_hit,0,0
987,movement,unknown,0,0,,,no_rule_hit,0,0
988,movement,unknown,0,0,,,no_rule_hit,0,0
989,movement,unknown,0,0,,,no_rule_hit,0,0
990,unknown,unknown,1,0,,,no_rule_hit,0,0
991,movement,unknown,0,0,,,no_rule_hit,0,0
992,emergency,unknown,0,0,,,no_rule_hit,0,0
993,emergency,unknown,0,0,,,no_rule_hit,0,0
994,movement,unknown,0,0,,,no_rule_hit,0,0
995,unknown,unknown,1,0,,,no_rule_hit,0,0
996,emergency,emergency,1,1,stop,,emergency_precedence,0,0
997,emergency,unknown,0,0,,,no_rule_hit,0,0
998,unknown,unknown,1,0,,,no_rule_hit,0,0
999,emergency,unknown,0,0,,,no_rule_hit,0,0
1000,unknown,unknown,1,0,,,no_rule_hit,0,0
1001,unknown,unknown,1,0,,,no_rule_hit,0,0
1002,movement,unknown,0,0,,,no_rule_hit,0,0
1003,emergency,unknown,0,0,,,no_rule_hit,0,0
1004,movement,unknown,0,0,,,no_rule_hit,0,0
1005,movement,unknown,0,0,,,no_rule_hit,0,0
1006,emergency,unknown,0,0,,,no_rule_hit,0,0
1007,movement,unknown,0,0,,,no_rule_hit,0,0
1008,movement,unknown,0,0,,,no_rule_hit,0,0
1009,movement,unknown,0,0,,,no_rule_hit,0,0
1010,movement,unknown,0,0,,,no_rule_hit,0,0
1011,emergency,unknown,0,0,,,no_rule_hit,0,0
1012,emergency,unknown,0,0,,,no_rule_hit,0,0
1013,movement,unknown,0,0,,,no_rule_hit,0,0
1014,movement,unknown,0,0,,,no_rule_hit,0,0
1015,movement,movement,1,1,,go,movement_match,0,0
1016,emergency,unknown,0,0,,,no_rule_hit,0,0
1017,movement,unknown,0,0,,,no_rule_hit,0,0
1018,unknown,unknown,1,0,,,no_rule_hit,0,0
1019,emergency,unknown,0,0,,,no_rule_hit,0,0
1020,emergency,emergency,1,1,no,,emergency_precedence,0,0
1021,movement,unknown,0,0,,,no_rule_hit,0,0
1022,movement,unknown,0,0,,,no_rule_hit,0,0
1023,emergency,unknown,0,0,,,no_rule_hit,0,0
1024,emergency,unknown,0,0,,,no_rule_hit,0,0
1025,unknown,unknown,1,0,,,no_rule_hit,0,0
1026,emergency,unknown,0,0,,,no_rule_hit,0,0
1027,unknown,unknown,1,0,,,no_rule_hit,0,0
1028,emergency,unknown,0,0,,,no_rule_hit,0,0
1029,unknown,unknown,1,0,,,no_rule_hit,0,0
1030,unknown,unknown,1,0,,,no_rule_hit,0,0
1031,movement,unknown,0,0,,,no_rule_hit,0,0
1032,emergency,unknown,0,0,,,no_rule_hit,0,0
1033,emergency,unknown,0,0,,,no_rule_hit,0,0
1034,unknown,unknown,1,0,,,no_rule_hit,0,0
1035,movement,unknown,0,0,,,no_rule_hit,0,0
1036,movement,emergency,0,1,no,,emergency_precedence,0,0
1037,movement,movement,1,1,,left,movement_match,0,0
1038,emergency,unknown,0,0,,,no_rule_hit,0,0
1039,movement,unknown,0,0,,,no_rule_hit,0,0
1040,emergency,unknown,0,0,,,no_rule_hit,0,0
1041,emergency,unknown,0,0,,,no_rule_hit,0,0
1042,unknown,unknown,1,0,,,no_rule_hit,0,0
1043,unknown,unknown,1,0,,,no_rule_hit,0,0
1044,movement,unknown,0,0,,,no_rule_hit,0,0
1045,emergency,unknown,0,0,,,no_rule_hit,0,0
1046,unknown,unknown,1,0,,,no_rule_hit,0,0
1047,unknown,unknown,1,0,,,no_rule_hit,0,0
1048,movement,unknown,0,0,,,no_rule_hit,0,0
1049,emergency,unknown,0,0,,,no_rule_hit,0,0
1050,unknown,unknown,1,0,,,no_rule_hit,0,0
1051,movement,unknown,0,0,,,no_rule_hit,0,0
1052,unknown,unknown,1,0,,,no_rule_hit,0,0
1053,emergency,unknown,0,0,,,no_rule_hit,0,0
1054,movement,unknown,0,0,,,no_rule_hit,0,0
1055,emergency,unknown,0,0,,,no_rule_hit,0,0
1056,unknown,unknown,1,0,,,no_rule_hit,0,0
1057,emergency,unknown,0,0,,,no_rule_hit,0,0
1058,unknown,unknown,1,0,,,no_rule_hit,0,0
1059,movement,unknown,0,0,,,no_rule_hit,0,0
1060,movement,unknown,0,0,,,no_rule_hit,0,0
1061,unknown,unknown,1,0,,,no_rule_hit,0,0
1062,movement,unknown,0,0,,,no_rule_hit,0,0
1063,emergency,unknown,0,0,,,no_rule_hit,0,0
1064,movement,unknown,0,0,,,no_rule_hit,0,0
1065,unknown,unknown,1,0,,,no_rule_hit,0,0
1066,emergency,emergency,1,1,no,,emergency_precedence,0,0
1067,movement,unknown,0,0,,,no_rule_hit,0,0
1068,movement,unknown,0,0,,,no_rule_hit,0,0
1069,emergency,unknown,0,0,,,no_rule_hit,0,0
1070,unknown,unknown,1,0,,,no_rule_hit,0,0
1071,unknown,unknown,1,0,,,no_rule_hit,0,0
1072,emergency,unknown,0,0,,,no_rule_hit,0,0
1073,unknown,unknown,1,0,,,no_rule_hit,0,0
1074,emergency,unknown,0,0,,,no_rule_hit,0,0
1075,unknown,unknown,1,0,,,no_rule_hit,0,0
1076,unknown,unknown,1,0,,,no_rule_hit,0,0
1077,movement,unknown,0,0,,,no_rule_hit,0,0
1078,emergency,unknown,0,0,,,no_rule_hit,0,0
1079,emergency,emergency,1,1,no,,emergency_precedence,0,0
1080,movement,unknown,0,0,,,no_rule_hit,0,0
1081,movement,unknown,0,0,,,no_rule_hit,0,0
1082,emergency,unknown,0,0,,,no_rule_hit,0,0
1083,emergency,unknown,0,0,,,no_rule_hit,0,0
1084,emergency,unknown,0,0,,,no_rule_hit,0,0
1085,movement,unknown,0,0,,,no_rule_hit,0,0
1086,emergency,unknown,0,0,,,no_rule_hit,0,0
1087,movement,unknown,0,0,,,no_rule_hit,0,0
1088,emergency,movement,0,1,,go,movement_match,0,0
1089,unknown,unknown,1,0,,,no_rule_hit,0,0
1090,movement,unknown,0,0,,,no_rule_hit,0,0
1091,movement,unknown,0,0,,,no_rule_hit,0,0
1092,emergency,unknown,0,0,,,no_rule_hit,0,0
1093,unknown,unknown,1,0,,,no_rule_hit,0,0
1094,movement,unknown,0,0,,,no_rule_hit,0,0
1095,emergency,unknown,0,0,,,no_rule_hit,0,0
1096,movement,unknown,0,0,,,no_rule_hit,0,0
1097,emergency,unknown,0,0,,,no_rule_hit,0,0
1098,emergency,unknown,0,0,,,no_rule_hit,0,0
1099,movement,unknown,0,0,,,no_rule_hit,0,0
1100,unknown,unknown,1,0,,,no_rule_hit,0,0
1101,unknown,unknown,1,0,,,no_rule_hit,0,0
1102,unknown,unknown,1,0,,,no_rule_hit,0,0
1103,movement,unknown,0,0,,,no_rule_hit,0,0
1104,movement,unknown,0,0,,,no_rule_hit,0,0
1105,emergency,unknown,0,0,,,no_rule_hit,0,0
1106,movement,unknown,0,0,,,no_rule_hit,0,0
1107,unknown,unknown,1,0,,,no_rule_hit,0,0
1108,movement,unknown,0,0,,,no_rule_hit,0,0
1109,emergency,unknown,0,0,,,no_rule_hit,0,0
1110,movement,unknown,0,0,,,no_rule_hit,0,0
1111,movement,unknown,0,0,,,no_rule_hit,0,0
1112,unknown,unknown,1,0,,,no_rule_hit,0,0
1113,emergency,unknown,0,0,,,no_rule_hit,0,0
1114,movement,unknown,0,0,,,no_rule_hit,0,0
1115,emergency,unknown,0,0,,,no_rule_hit,0,0
1116,unknown,unknown,1,0,,,no_rule_hit,0,0
1117,movement,unknown,0,0,,,no_rule_hit,0,0
1118,movement,unknown,0,0,,,no_rule_hit,0,0
1119,movement,movement,1,1,,come on,movement_match,0,0
1120,movement,unknown,0,0,,,no_rule_hit,0,0
1121,unknown,unknown,1,0,,,no_rule_hit,0,0
1122,unknown,unknown,1,0,,,no_rule_hit,0,0
1123,emergency,unknown,0,0,,,no_rule_hit,0,0
1124,emergency,unknown,0,0,,,no_rule_hit,0,0
1125,unknown,unknown,1,0,,,no_rule_hit,0,0
1126,emergency,emergency,1,1,yes,,emergency_precedence,0,0
1127,unknown,unknown,1,0,,,no_rule_hit,0,0
1128,movement,unknown,0,0,,,no_rule_hit,0,0
1129,movement,movement,1,1,,go,movement_match,0,0
1130,emergency,emergency,1,1,yes,,emergency_precedence,0,0
1131,emergency,unknown,0,0,,,no_rule_hit,0,0
1132,unknown,unknown,1,0,,,no_rule_hit,0,0
1133,emergency,emergency,1,1,stop,,emergency_precedence,0,0
1134,movement,unknown,0,0,,,no_rule_hit,0,0
1135,movement,unknown,0,0,,,no_rule_hit,0,0
1136,emergency,emergency,1,1,yes,,emergency_precedence,0,0
1137,movement,unknown,0,0,,,no_rule_hit,0,0
1138,movement,unknown,0,0,,,no_rule_hit,0,0
1139,emergency,unknown,0,0,,,no_rule_hit,0,0
1140,unknown,unknown,1,0,,,no_rule_hit,0,0
1141,emergency,unknown,0,0,,,no_rule_hit,0,0
1142,movement,movement,1,1,,down,movement_match,0,0
1143,unknown,unknown,1,0,,,no_rule_hit,0,0
1144,movement,unknown,0,0,,,no_rule_hit,0,0
1145,movement,unknown,0,0,,,no_rule_hit,0,0
1146,emergency,unknown,0,0,,,no_rule_hit,0,0
1147,movement,unknown,0,0,,,no_rule_hit,0,0
1148,unknown,unknown,1,0,,,no_rule_hit,0,0
1149,movement,unknown,0,0,,,no_rule_hit,0,0
1150,movement,unknown,0,0,,,no_rule_hit,0,0
1151,unknown,unknown,1,0,,,no_rule_hit,0,0
1152,emergency,unknown,0,0,,,no_rule_hit,0,0
1153,movement,unknown,0,0,,,no_rule_hit,0,0
1154,emergency,unknown,0,0,,,no_rule_hit,0,0
1155,emergency,unknown,0,0,,,no_rule_hit,0,0
1156,emergency,emergency,1,1,yes,,emergency_precedence,0,0
1157,movement,unknown,0,0,,,no_rule_hit,0,0
1158,emergency,unknown,0,0,,,no_rule_hit,0,0
1159,unknown,unknown,1,0,,,no_rule_hit,0,0
1160,movement,unknown,0,0,,,no_rule_hit,0,0
1161,emergency,unknown,0,0,,,no_rule_hit,0,0
1162,unknown,unknown,1,0,,,no_rule_hit,0,0
1163,emergency,unknown,0,0,,,no_rule_hit,0,0
1164,unknown,unknown,1,0,,,no_rule_hit,0,0
1165,unknown,unknown,1,0,,,no_rule_hit,0,0
1166,movement,unknown,0,0,,,no_rule_hit,0,0
1167,movement,unknown,0,0,,,no_rule_hit,0,0
1168,emergency,unknown,0,0,,,no_rule_hit,0,0
1169,emergency,emergency,1,1,stop,,emergency_precedence,0,0
1170,emergency,unknown,0,0,,,no_rule_hit,0,0
1171,emergency,unknown,0,0,,,no_rule_hit,0,0
1172,unknown,unknown,1,0,,,no_rule_hit,0,0
1173,movement,unknown,0,0,,,no_rule_hit,0,0
1174,movement,unknown,0,0,,,no_rule_hit,0,0
1175,emergency,emergency,1,1,yes,,emergency_precedence,0,0
1176,emergency,unknown,0,0,,,no_rule_hit,0,0
1177,unknown,unknown,1,0,,,no_rule_hit,0,0
1178,unknown,unknown,1,0,,,no_rule_hit,0,0
1179,movement,unknown,0,0,,,no_rule_hit,0,0
1180,unknown,unknown,1,0,,,no_rule_hit,0,0
1181,unknown,unknown,1,0,,,no_rule_hit,0,0
1182,emergency,unknown,0,0,,,no_rule_hit,0,0
1183,movement,unknown,0,0,,,no_rule_hit,0,0
1184,movement,unknown,0,0,,,no_rule_hit,0,0
1185,movement,unknown,0,0,,,no_rule_hit,0,0
1186,emergency,unknown,0,0,,,no_rule_hit,0,0
1187,movement,unknown,0,0,,,no_rule_hit,0,0
1188,unknown,unknown,1,0,,,no_rule_hit,0,0
1189,movement,unknown,0,0,,,no_rule_hit,0,0
1190,unknown,unknown,1,0,,,no_rule_hit,0,0
1191,movement,unknown,0,0,,,no_rule_hit,0,0
1192,movement,unknown,0,0,,,no_rule_hit,0,0
1193,emergency,unknown,0,0,,,no_rule_hit,0,0
1194,emergency,unknown,0,0,,,no_rule_hit,0,0
1195,movement,unknown,0,0,,,no_rule_hit,0,0
1196,movement,unknown,0,0,,,no_rule_hit,0,0
1197,unknown,unknown,1,0,,,no_rule_hit,0,0
1198,movement,unknown,0,0,,,no_rule_hit,0,0
1199,unknown,unknown,1,0,,,no_rule_hit,0,0
1200,unknown,unknown,1,0,,,no_rule_hit,0,0
1201,unknown,unknown,1,0,,,no_rule_hit,0,0
1202,unknown,unknown,1,0,,,no_rule_hit,0,0
1203,unknown,unknown,1,0,,,no_rule_hit,0,0
1204,emergency,emergency,1,1,wow,,emergency_precedence,0,0
1205,emergency,unknown,0,0,,,no_rule_hit,0,0
1206,unknown,unknown,1,0,,,no_rule_hit,0,0
1207,movement,unknown,0,0,,,no_rule_hit,0,0
1208,emergency,emergency,1,1,no,,emergency_precedence,0,0
1209,movement,movement,1,1,,down,movement_match,0,0
1210,emergency,unknown,0,0,,,no_rule_hit,0,0
1211,movement,unknown,0,0,,,no_rule_hit,0,0
1212,movement,unknown,0,0,,,no_rule_hit,0,0
1213,movement,unknown,0,0,,,no_rule_hit,0,0
1214,movement,unknown,0,0,,,no_rule_hit,0,0
1215,movement,unknown,0,0,,,no_rule_hit,0,0
1216,movement,unknown,0,0,,,no_rule_hit,0,0
1217,emergency,unknown,0,0,,,no_rule_hit,0,0
1218,emergency,unknown,0,0,,,no_rule_hit,0,0
1219,unknown,unknown,1,0,,,no_rule_hit,0,0
1220,emergency,unknown,0,0,,,no_rule_hit,0,0
1221,unknown,unknown,1,0,,,no_rule_hit,0,0
1222,unknown,unknown,1,0,,,no_rule_hit,0,0
1223,unknown,unknown,1,0,,,no_rule_hit,0,0
1224,unknown,unknown,1,0,,,no_rule_hit,0,0
1225,emergency,unknown,0,0,,,no_rule_hit,0,0
1226,movement,unknown,0,0,,,no_rule_hit,0,0
1227,emergency,emergency,1,1,no,,emergency_precedence,0,0
1228,emergency,unknown,0,0,,,no_rule_hit,0,0
1229,emergency,unknown,0,0,,,no_rule_hit,0,0
1230,movement,unknown,0,0,,,no_rule_hit,0,0
1231,emergency,emergency,1,1,yes,,emergency_precedence,0,0
1232,unknown,unknown,1,0,,,no_rule_hit,0,0
1233,emergency,emergency,1,1,wow,,emergency_precedence,0,0
1234,emergency,unknown,0,0,,,no_rule_hit,0,0
1235,emergency,unknown,0,0,,,no_rule_hit,0,0
1236,movement,unknown,0,0,,,no_rule_hit,0,0
1237,emergency,unknown,0,0,,,no_rule_hit,0,0
1238,unknown,unknown,1,0,,,no_rule_hit,0,0
1239,unknown,unknown,1,0,,,no_rule_hit,0,0
1240,unknown,unknown,1,0,,,no_rule_hit,0,0
1241,emergency,unknown,0,0,,,no_rule_hit,0,0
1242,unknown,unknown,1,0,,,no_rule_hit,0,0
1243,unknown,unknown,1,0,,,no_rule_hit,0,0
1244,movement,unknown,0,0,,,no_rule_hit,0,0
1245,unknown,unknown,1,0,,,no_rule_hit,0,0
1246,movement,unknown,0,0,,,no_rule_hit,0,0
1247,unknown,unknown,1,0,,,no_rule_hit,0,0
1248,movement,unknown,0,0,,,no_rule_hit,0,0
1249,unknown,unknown,1,0,,,no_rule_hit,0,0
1250,emergency,unknown,0,0,,,no_rule_hit,0,0
1251,emergency,unknown,0,0,,,no_rule_hit,0,0
1252,emergency,unknown,0,0,,,no_rule_hit,0,0
1253,movement,unknown,0,0,,,no_rule_hit,0,0
1254,movement,unknown,0,0,,,no_rule_hit,0,0
1255,unknown,unknown,1,0,,,no_rule_hit,0,0
1256,movement,unknown,0,0,,,no_rule_hit,0,0
1257,emergency,unknown,0,0,,,no_rule_hit,0,0
1258,unknown,unknown,1,0,,,no_rule_hit,0,0
1259,emergency,unknown,0,0,,,no_rule_hit,0,0
1260,emergency,unknown,0,0,,,no_rule_hit,0,0
1261,emergency,unknown,0,0,,,no_rule_hit,0,0
1262,unknown,unknown,1,0,,,no_rule_hit,0,0
1263,unknown,unknown,1,0,,,no_rule_hit,0,0
1264,emergency,emergency,1,1,yes,,emergency_precedence,0,0
1265,unknown,unknown,1,0,,,no_rule_hit,0,0
1266,movement,unknown,0,0,,,no_rule_hit,0,0
1267,movement,unknown,0,0,,,no_rule_hit,0,0
1268,movement,unknown,0,0,,,no_rule_hit,0,0
1269,movement,unknown,0,0,,,no_rule_hit,0,0
1270,movement,unknown,0,0,,,no_rule_hit,0,0
1271,unknown,unknown,1,0,,,no_rule_hit,0,0
1272,movement,unknown,0,0,,,no_rule_hit,0,0
1273,emergency,unknown,0,0,,,no_rule_hit,0,0
1274,emergency,unknown,0,0,,,no_rule_hit,0,0
1275,emergency,unknown,0,0,,,no_rule_hit,0,0
1276,unknown,unknown,1,0,,,no_rule_hit,0,0
1277,movement,unknown,0,0,,,no_rule_hit,0,0
1278,emergency,unknown,0,0,,,no_rule_hit,0,0
1279,emergency,emergency,1,1,stop,,emergency_precedence,0,0
1280,movement,unknown,0,0,,,no_rule_hit,0,0
1281,unknown,unknown,1,0,,,no_rule_hit,0,0
1282,unknown,unknown,1,0,,,no_rule_hit,0,0
1283,unknown,unknown,1,0,,,no_rule_hit,0,0
1284,emergency,unknown,0,0,,,no_rule_hit,0,0
1285,movement,unknown,0,0,,,no_rule_hit,0,0
1286,emergency,unknown,0,0,,,no_rule_hit,0,0
1287,movement,unknown,0,0,,,no_rule_hit,0,0
1288,emergency,unknown,0,0,,,no_rule_hit,0,0
1289,movement,unknown,0,0,,,no_rule_hit,0,0
1290,unknown,unknown,1,0,,,no_rule_hit,0,0
1291,unknown,unknown,1,0,,,no_rule_hit,0,0
1292,emergency,emergency,1,1,backward,,emergency_precedence,0,0
1293,emergency,emergency,1,1,stop,,emergency_precedence,0,0
1294,movement,unknown,0,0,,,no_rule_hit,0,0
1295,unknown,unknown,1,0,,,no_rule_hit,0,0
1296,emergency,emergency,1,1,stop,,emergency_precedence,0,0
1297,unknown,unknown,1,0,,,no_rule_hit,0,0
1298,emergency,unknown,0,0,,,no_rule_hit,0,0
1299,unknown,unknown,1,0,,,no_rule_hit,0,0
1300,unknown,unknown,1,0,,,no_rule_hit,0,0
1301,unknown,unknown,1,0,,,no_rule_hit,0,0
1302,emergency,unknown,0,0,,,no_rule_hit,0,0
1303,unknown,unknown,1,0,,,no_rule_hit,0,0
1304,unknown,unknown,1,0,,,no_rule_hit,0,0
1305,emergency,emergency,1,1,no,,emergency_precedence,0,0
1306,movement,unknown,0,0,,,no_rule_hit,0,0
1307,movement,unknown,0,0,,,no_rule_hit,0,0
1308,emergency,emergency,1,1,no,,emergency_precedence,0,0
1309,unknown,unknown,1,0,,,no_rule_hit,0,0
1310,emergency,unknown,0,0,,,no_rule_hit,0,0
1311,unknown,unknown,1,0,,,no_rule_hit,0,0
1312,emergency,unknown,0,0,,,no_rule_hit,0,0
1313,emergency,movement,0,1,,go,movement_match,0,0
1314,unknown,unknown,1,0,,,no_rule_hit,0,0
1315,movement,unknown,0,0,,,no_rule_hit,0,0
1316,emergency,unknown,0,0,,,no_rule_hit,0,0
1317,emergency,unknown,0,0,,,no_rule_hit,0,0
1318,emergency,unknown,0,0,,,no_rule_hit,0,0
1319,movement,unknown,0,0,,,no_rule_hit,0,0
1320,emergency,emergency,1,1,stop,,emergency_precedence,0,0
1321,emergency,emergency,1,1,yes,,emergency_precedence,0,0
1322,movement,unknown,0,0,,,no_rule_hit,0,0
1323,unknown,unknown,1,0,,,no_rule_hit,0,0
1324,movement,unknown,0,0,,,no_rule_hit,0,0
1325,unknown,unknown,1,0,,,no_rule_hit,0,0
1326,movement,unknown,0,0,,,no_rule_hit,0,0
1327,movement,unknown,0,0,,,no_rule_hit,0,0
1328,unknown,unknown,1,0,,,no_rule_hit,0,0
1329,movement,unknown,0,0,,,no_rule_hit,0,0
1330,emergency,unknown,0,0,,,no_rule_hit,0,0
1331,emergency,unknown,0,0,,,no_rule_hit,0,0
1332,unknown,unknown,1,0,,,no_rule_hit,0,0
1333,unknown,unknown,1,0,,,no_rule_hit,0,0
1334,unknown,unknown,1,0,,,no_rule_hit,0,0
1335,emergency,movement,0,1,,go,movement_match,0,0
1336,unknown,unknown,1,0,,,no_rule_hit,0,0
1337,emergency,emergency,1,1,no,,emergency_precedence,0,0
1338,emergency,unknown,0,0,,,no_rule_hit,0,0
1339,emergency,unknown,0,0,,,no_rule_hit,0,0
1340,emergency,unknown,0,0,,,no_rule_hit,0,0
1341,unknown,unknown,1,0,,,no_rule_hit,0,0
1342,emergency,emergency,1,1,no,,emergency_precedence,0,0
1343,emergency,unknown,0,0,,,no_rule_hit,0,0
1344,unknown,unknown,1,0,,,no_rule_hit,0,0
1345,unknown,unknown,1,0,,,no_rule_hit,0,0
1346,emergency,movement,0,1,,go,movement_match,0,0
1347,emergency,emergency,1,1,yes,,emergency_precedence,0,0
1348,unknown,unknown,1,0,,,no_rule_hit,0,0
1349,unknown,unknown,1,0,,,no_rule_hit,0,0
1350,emergency,unknown,0,0,,,no_rule_hit,0,0
1351,movement,unknown,0,0,,,no_rule_hit,0,0
1352,unknown,unknown,1,0,,,no_rule_hit,0,0
1353,movement,unknown,0,0,,,no_rule_hit,0,0
1354,emergency,unknown,0,0,,,no_rule_hit,0,0
1355,emergency,unknown,0,0,,,no_rule_hit,0,0
1356,movement,unknown,0,0,,,no_rule_hit,0,0
1357,movement,unknown,0,0,,,no_rule_hit,0,0
1358,emergency,emergency,1,1,yes,,emergency_precedence,0,0
1359,emergency,unknown,0,0,,,no_rule_hit,0,0
1360,emergency,unknown,0,0,,,no_rule_hit,0,0
1361,movement,unknown,0,0,,,no_rule_hit,0,0
1362,emergency,emergency,1,1,yes,,emergency_precedence,0,0
1363,movement,unknown,0,0,,,no_rule_hit,0,0
1364,unknown,unknown,1,0,,,no_rule_hit,0,0
1365,movement,unknown,0,0,,,no_rule_hit,0,0
1366,movement,unknown,0,0,,,no_rule_hit,0,0
1367,movement,unknown,0,0,,,no_rule_hit,0,0
1368,movement,unknown,0,0,,,no_rule_hit,0,0
1369,movement,unknown,0,0,,,no_rule_hit,0,0
1370,unknown,unknown,1,0,,,no_rule_hit,0,0
1371,emergency,unknown,0,0,,,no_rule_hit,0,0
1372,unknown,unknown,1,0,,,no_rule_hit,0,0
1373,emergency,unknown,0,0,,,no_rule_hit,0,0
1374,unknown,unknown,1,0,,,no_rule_hit,0,0
1375,emergency,emergency,1,1,yes,,emergency_precedence,0,0
1376,movement,unknown,0,0,,,no_rule_hit,0,0
1377,unknown,unknown,1,0,,,no_rule_hit,0,0
1378,emergency,unknown,0,0,,,no_rule_hit,0,0
1379,unknown,unknown,1,0,,,no_rule_hit,0,0
1380,emergency,unknown,0,0,,,no_rule_hit,0,0
1381,movement,unknown,0,0,,,no_rule_hit,0,0
1382,emergency,emergency,1,1,no,,emergency_precedence,0,0
1383,unknown,unknown,1,0,,,no_rule_hit,0,0
1384,unknown,unknown,1,0,,,no_rule_hit,0,0
1385,unknown,unknown,1,0,,,no_rule_hit,0,0
1386,movement,unknown,0,0,,,no_rule_hit,0,0
1387,unknown,unknown,1,0,,,no_rule_hit,0,0
1388,emergency,unknown,0,0,,,no_rule_hit,0,0
1389,unknown,unknown,1,0,,,no_rule_hit,0,0
1390,unknown,unknown,1,0,,,no_rule_hit,0,0
1391,unknown,unknown,1,0,,,no_rule_hit,0,0
1392,movement,unknown,0,0,,,no_rule_hit,0,0
1393,movement,unknown,0,0,,,no_rule_hit,0,0
1394,emergency,unknown,0,0,,,no_rule_hit,0,0
1395,emergency,unknown,0,0,,,no_rule_hit,0,0
1396,movement,unknown,0,0,,,no_rule_hit,0,0
1397,movement,unknown,0,0,,,no_rule_hit,0,0
1398,unknown,unknown,1,0,,,no_rule_hit,0,0
1399,movement,unknown,0,0,,,no_rule_hit,0,0
1400,unknown,unknown,1,0,,,no_rule_hit,0,0
1401,emergency,unknown,0,0,,,no_rule_hit,0,0
1402,emergency,unknown,0,0,,,no_rule_hit,0,0
1403,unknown,unknown,1,0,,,no_rule_hit,0,0
1404,emergency,unknown,0,0,,,no_rule_hit,0,0
1405,emergency,unknown,0,0,,,no_rule_hit,0,0
1406,movement,unknown,0,0,,,no_rule_hit,0,0
1407,emergency,unknown,0,0,,,no_rule_hit,0,0
1408,movement,unknown,0,0,,,no_rule_hit,0,0
1409,emergency,unknown,0,0,,,no_rule_hit,0,0
1410,unknown,unknown,1,0,,,no_rule_hit,0,0
1411,movement,unknown,0,0,,,no_rule_hit,0,0
1412,movement,unknown,0,0,,,no_rule_hit,0,0
1413,movement,unknown,0,0,,,no_rule_hit,0,0
1414,movement,movement,1,1,,right,movement_match,0,0
1415,movement,unknown,0,0,,,no_rule_hit,0,0
1416,movement,unknown,0,0,,,no_rule_hit,0,0
1417,emergency,movement,0,1,,go,movement_match,0,0
1418,movement,unknown,0,0,,,no_rule_hit,0,0
1419,movement,unknown,0,0,,,no_rule_hit,0,0
1420,unknown,unknown,1,0,,,no_rule_hit,0,0
1421,emergency,unknown,0,0,,,no_rule_hit,0,0
1422,emergency,unknown,0,0,,,no_rule_hit,0,0
1423,movement,unknown,0,0,,,no_rule_hit,0,0
1424,emergency,emergency,1,1,stop,,emergency_precedence,0,0
1425,movement,unknown,0,0,,,no_rule_hit,0,0
1426,movement,unknown,0,0,,,no_rule_hit,0,0
1427,emergency,unknown,0,0,,,no_rule_hit,0,0
1428,unknown,unknown,1,0,,,no_rule_hit,0,0
1429,movement,unknown,0,0,,,no_rule_hit,0,0
1430,movement,unknown,0,0,,,no_rule_hit,0,0
1431,emergency,unknown,0,0,,,no_rule_hit,0,0
1432,unknown,unknown,1,0,,,no_rule_hit,0,0
1433,unknown,unknown,1,0,,,no_rule_hit,0,0
1434,movement,unknown,0,0,,,no_rule_hit,0,0
1435,emergency,unknown,0,0,,,no_rule_hit,0,0
1436,unknown,unknown,1,0,,,no_rule_hit,0,0
1437,emergency,unknown,0,0,,,no_rule_hit,0,0
1438,movement,unknown,0,0,,,no_rule_hit,0,0
1439,movement,unknown,0,0,,,no_rule_hit,0,0
1440,movement,unknown,0,0,,,no_rule_hit,0,0
1441,movement,unknown,0,0,,,no_rule_hit,0,0
1442,unknown,unknown,1,0,,,no_rule_hit,0,0
1443,movement,unknown,0,0,,,no_rule_hit,0,0
1444,emergency,unknown,0,0,,,no_rule_hit,0,0
1445,unknown,unknown,1,0,,,no_rule_hit,0,0
1446,movement,unknown,0,0,,,no_rule_hit,0,0
1447,emergency,unknown,0,0,,,no_rule_hit,0,0
1448,emergency,unknown,0,0,,,no_rule_hit,0,0
1449,movement,unknown,0,0,,,no_rule_hit,0,0
1450,unknown,unknown,1,0,,,no_rule_hit,0,0
1451,movement,unknown,0,0,,,no_rule_hit,0,0
1452,emergency,unknown,0,0,,,no_rule_hit,0,0
1453,movement,unknown,0,0,,,no_rule_hit,0,0
1454,movement,unknown,0,0,,,no_rule_hit,0,0
1455,emergency,unknown,0,0,,,no_rule_hit,0,0
1456,movement,unknown,0,0,,,no_rule_hit,0,0
1457,emergency,emergency,1,1,stop,,emergency_precedence,0,0
1458,emergency,emergency,1,1,no,,emergency_precedence,0,0
1459,unknown,unknown,1,0,,,no_rule_hit,0,0
1460,movement,unknown,0,0,,,no_rule_hit,0,0
1461,movement,unknown,0,0,,,no_rule_hit,0,0
1462,unknown,unknown,1,0,,,no_rule_hit,0,0
1463,emergency,emergency,1,1,no,,emergency_precedence,0,0
1464,unknown,unknown,1,0,,,no_rule_hit,0,0
1465,unknown,unknown,1,0,,,no_rule_hit,0,0
1466,movement,unknown,0,0,,,no_rule_hit,0,0
1467,unknown,unknown,1,0,,,no_rule_hit,0,0
1468,movement,unknown,0,0,,,no_rule_hit,0,0
1469,emergency,unknown,0,0,,,no_rule_hit,0,0
1470,unknown,unknown,1,0,,,no_rule_hit,0,0
1471,movement,unknown,0,0,,,no_rule_hit,0,0
1472,unknown,unknown,1,0,,,no_rule_hit,0,0
1473,emergency,unknown,0,0,,,no_rule_hit,0,0
1474,movement,unknown,0,0,,,no_rule_hit,0,0
1475,emergency,unknown,0,0,,,no_rule_hit,0,0
1476,unknown,unknown,1,0,,,no_rule_hit,0,0
1477,unknown,unknown,1,0,,,no_rule_hit,0,0
1478,unknown,unknown,1,0,,,no_rule_hit,0,0
1479,unknown,unknown,1,0,,,no_rule_hit,0,0
1480,emergency,unknown,0,0,,,no_rule_hit,0,0
1481,emergency,unknown,0,0,,,no_rule_hit,0,0
1482,movement,unknown,0,0,,,no_rule_hit,0,0
1483,unknown,unknown,1,0,,,no_rule_hit,0,0
1484,emergency,unknown,0,0,,,no_rule_hit,0,0
1485,movement,unknown,0,0,,,no_rule_hit,0,0
1486,movement,unknown,0,0,,,no_rule_hit,0,0
1487,unknown,unknown,1,0,,,no_rule_hit,0,0
1488,unknown,unknown,1,0,,,no_rule_hit,0,0
1489,unknown,unknown,1,0,,,no_rule_hit,0,0
1490,emergency,unknown,0,0,,,no_rule_hit,0,0
1491,movement,unknown,0,0,,,no_rule_hit,0,0
1492,unknown,unknown,1,0,,,no_rule_hit,0,0
1493,unknown,unknown,1,0,,,no_rule_hit,0,0
1494,unknown,unknown,1,0,,,no_rule_hit,0,0
1495,unknown,unknown,1,0,,,no_rule_hit,0,0
1496,unknown,unknown,1,0,,,no_rule_hit,0,0
1497,movement,movement,1,1,,down,movement_match,0,0
1498,unknown,unknown,1,0,,,no_rule_hit,0,0
1499,movement,unknown,0,0,,,no_rule_hit,0,0
1500,emergency,emergency,1,1,no,,emergency_precedence,0,0
1501,emergency,unknown,0,0,,,no_rule_hit,0,0
1502,movement,unknown,0,0,,,no_rule_hit,0,0
1503,movement,unknown,0,0,,,no_rule_hit,0,0
1504,emergency,unknown,0,0,,,no_rule_hit,0,0
1505,emergency,movement,0,1,,go,movement_match,0,0
1506,movement,unknown,0,0,,,no_rule_hit,0,0
1507,movement,unknown,0,0,,,no_rule_hit,0,0
1508,unknown,unknown,1,0,,,no_rule_hit,0,0
1509,emergency,emergency,1,1,yes,,emergency_precedence,0,0
1510,emergency,emergency,1,1,yes,,emergency_precedence,0,0
1511,movement,unknown,0,0,,,no_rule_hit,0,0
1512,movement,unknown,0,0,,,no_rule_hit,0,0
1513,movement,unknown,0,0,,,no_rule_hit,0,0
1514,unknown,emergency,0,1,help,,emergency_precedence,1,0
1515,movement,unknown,0,0,,,no_rule_hit,0,0
1516,unknown,unknown,1,0,,,no_rule_hit,0,0
1517,emergency,emergency,1,1,yes,,emergency_precedence,0,0
1518,emergency,emergency,1,1,no,,emergency_precedence,0,0
1519,movement,unknown,0,0,,,no_rule_hit,0,0
1520,emergency,unknown,0,0,,,no_rule_hit,0,0
1521,unknown,unknown,1,0,,,no_rule_hit,0,0
1522,movement,unknown,0,0,,,no_rule_hit,0,0
1523,unknown,unknown,1,0,,,no_rule_hit,0,0
1524,movement,unknown,0,0,,,no_rule_hit,0,0
1525,movement,unknown,0,0,,,no_rule_hit,0,0
1526,movement,unknown,0,0,,,no_rule_hit,0,0
1527,movement,unknown,0,0,,,no_rule_hit,0,0
1528,unknown,unknown,1,0,,,no_rule_hit,0,0
1529,movement,unknown,0,0,,,no_rule_hit,0,0
1530,emergency,unknown,0,0,,,no_rule_hit,0,0
1531,emergency,unknown,0,0,,,no_rule_hit,0,0
1532,movement,unknown,0,0,,,no_rule_hit,0,0
1533,emergency,unknown,0,0,,,no_rule_hit,0,0
1534,unknown,unknown,1,0,,,no_rule_hit,0,0
1535,emergency,unknown,0,0,,,no_rule_hit,0,0
1536,unknown,unknown,1,0,,,no_rule_hit,0,0
1537,emergency,unknown,0,0,,,no_rule_hit,0,0
1538,unknown,unknown,1,0,,,no_rule_hit,0,0
1539,unknown,unknown,1,0,,,no_rule_hit,0,0
1540,unknown,unknown,1,0,,,no_rule_hit,0,0
1541,unknown,unknown,1,0,,,no_rule_hit,0,0
1542,movement,unknown,0,0,,,no_rule_hit,0,0
1543,movement,unknown,0,0,,,no_rule_hit,0,0
1544,unknown,unknown,1,0,,,no_rule_hit,0,0
1545,movement,unknown,0,0,,,no_rule_hit,0,0
1546,movement,unknown,0,0,,,no_rule_hit,0,0
1547,emergency,unknown,0,0,,,no_rule_hit,0,0
1548,movement,unknown,0,0,,,no_rule_hit,0,0
1549,emergency,unknown,0,0,,,no_rule_hit,0,0
1550,movement,unknown,0,0,,,no_rule_hit,0,0
1551,unknown,unknown,1,0,,,no_rule_hit,0,0
1552,movement,unknown,0,0,,,no_rule_hit,0,0
1553,movement,unknown,0,0,,,no_rule_hit,0,0
1554,movement,unknown,0,0,,,no_rule_hit,0,0
1555,movement,unknown,0,0,,,no_rule_hit,0,0
1556,movement,unknown,0,0,,,no_rule_hit,0,0
1557,unknown,unknown,1,0,,,no_rule_hit,0,0
1558,unknown,unknown,1,0,,,no_rule_hit,0,0
1559,unknown,unknown,1,0,,,no_rule_hit,0,0
1560,unknown,unknown,1,0,,,no_rule_hit,0,0
1561,movement,unknown,0,0,,,no_rule_hit,0,0
1562,emergency,unknown,0,0,,,no_rule_hit,0,0
1563,unknown,unknown,1,0,,,no_rule_hit,0,0
1564,movement,unknown,0,0,,,no_rule_hit,0,0
1565,unknown,unknown,1,0,,,no_rule_hit,0,0
1566,movement,unknown,0,0,,,no_rule_hit,0,0
1567,emergency,unknown,0,0,,,no_rule_hit,0,0
1568,emergency,unknown,0,0,,,no_rule_hit,0,0
1569,unknown,unknown,1,0,,,no_rule_hit,0,0
1570,emergency,unknown,0,0,,,no_rule_hit,0,0
1571,movement,movement,1,1,,left,movement_match,0,0
1572,movement,unknown,0,0,,,no_rule_hit,0,0
1573,unknown,unknown,1,0,,,no_rule_hit,0,0
1574,emergency,unknown,0,0,,,no_rule_hit,0,0
1575,movement,unknown,0,0,,,no_rule_hit,0,0
1576,unknown,unknown,1,0,,,no_rule_hit,0,0
1577,emergency,unknown,0,0,,,no_rule_hit,0,0
1578,movement,unknown,0,0,,,no_rule_hit,0,0
1579,emergency,unknown,0,0,,,no_rule_hit,0,0
1580,emergency,emergency,1,1,yes,,emergency_precedence,0,0
1581,emergency,unknown,0,0,,,no_rule_hit,0,0
1582,movement,unknown,0,0,,,no_rule_hit,0,0
1583,unknown,unknown,1,0,,,no_rule_hit,0,0
1584,movement,unknown,0,0,,,no_rule_hit,0,0
1585,unknown,unknown,1,0,,,no_rule_hit,0,0
1586,movement,unknown,0,0,,,no_rule_hit,0,0
1587,unknown,unknown,1,0,,,no_rule_hit,0,0
1588,movement,unknown,0,0,,,no_rule_hit,0,0
1589,unknown,unknown,1,0,,,no_rule_hit,0,0
1590,emergency,unknown,0,0,,,no_rule_hit,0,0
1591,unknown,unknown,1,0,,,no_rule_hit,0,0
1592,emergency,unknown,0,0,,,no_rule_hit,0,0
1593,movement,unknown,0,0,,,no_rule_hit,0,0
1594,emergency,unknown,0,0,,,no_rule_hit,0,0
1595,movement,unknown,0,0,,,no_rule_hit,0,0
1596,unknown,unknown,1,0,,,no_rule_hit,0,0
1597,movement,unknown,0,0,,,no_rule_hit,0,0
1598,unknown,unknown,1,0,,,no_rule_hit,0,0
1599,unknown,unknown,1,0,,,no_rule_hit,0,0
1600,emergency,unknown,0,0,,,no_rule_hit,0,0
1601,emergency,unknown,0,0,,,no_rule_hit,0,0
1602,movement,emergency,0,1,no,,emergency_precedence,0,0
1603,unknown,unknown,1,0,,,no_rule_hit,0,0
1604,emergency,emergency,1,1,stop,,emergency_precedence,0,0
1605,unknown,unknown,1,0,,,no_rule_hit,0,0
1606,emergency,unknown,0,0,,,no_rule_hit,0,0
1607,movement,unknown,0,0,,,no_rule_hit,0,0
1608,unknown,unknown,1,0,,,no_rule_hit,0,0
1609,movement,unknown,0,0,,,no_rule_hit,0,0
1610,movement,unknown,0,0,,,no_rule_hit,0,0
1611,emergency,unknown,0,0,,,no_rule_hit,0,0
1612,movement,unknown,0,0,,,no_rule_hit,0,0
1613,emergency,unknown,0,0,,,no_rule_hit,0,0
1614,emergency,unknown,0,0,,,no_rule_hit,0,0
1615,movement,unknown,0,0,,,no_rule_hit,0,0
1616,emergency,unknown,0,0,,,no_rule_hit,0,0
1617,emergency,emergency,1,1,yes,,emergency_precedence,0,0
1618,emergency,unknown,0,0,,,no_rule_hit,0,0
1619,emergency,unknown,0,0,,,no_rule_hit,0,0
1620,movement,movement,1,1,,go,movement_match,0,0
1621,emergency,unknown,0,0,,,no_rule_hit,0,0
1622,movement,unknown,0,0,,,no_rule_hit,0,0
1623,unknown,unknown,1,0,,,no_rule_hit,0,0
1624,unknown,unknown,1,0,,,no_rule_hit,0,0
1625,emergency,unknown,0,0,,,no_rule_hit,0,0
1626,unknown,unknown,1,0,,,no_rule_hit,0,0
1627,movement,unknown,0,0,,,no_rule_hit,0,0
1628,movement,unknown,0,0,,,no_rule_hit,0,0
1629,emergency,unknown,0,0,,,no_rule_hit,0,0
1630,unknown,unknown,1,0,,,no_rule_hit,0,0
1631,movement,unknown,0,0,,,no_rule_hit,0,0
1632,unknown,unknown,1,0,,,no_rule_hit,0,0
1633,emergency,unknown,0,0,,,no_rule_hit,0,0
1634,unknown,unknown,1,0,,,no_rule_hit,0,0
1635,emergency,unknown,0,0,,,no_rule_hit,0,0
1636,movement,unknown,0,0,,,no_rule_hit,0,0
1637,movement,unknown,0,0,,,no_rule_hit,0,0
1638,movement,unknown,0,0,,,no_rule_hit,0,0
1639,emergency,unknown,0,0,,,no_rule_hit,0,0
1640,emergency,unknown,0,0,,,no_rule_hit,0,0
1641,unknown,unknown,1,0,,,no_rule_hit,0,0
1642,emergency,unknown,0,0,,,no_rule_hit,0,0
1643,movement,movement,1,1,,up,movement_match,0,0
1644,movement,unknown,0,0,,,no_rule_hit,0,0
1645,movement,unknown,0,0,,,no_rule_hit,0,0
1646,emergency,unknown,0,0,,,no_rule_hit,0,0
1647,unknown,unknown,1,0,,,no_rule_hit,0,0
1648,movement,unknown,0,0,,,no_rule_hit,0,0
1649,unknown,unknown,1,0,,,no_rule_hit,0,0
1650,emergency,emergency,1,1,no,,emergency_precedence,0,0
1651,unknown,unknown,1,0,,,no_rule_hit,0,0
1652,unknown,unknown,1,0,,,no_rule_hit,0,0
1653,unknown,unknown,1,0,,,no_rule_hit,0,0
1654,unknown,unknown,1,0,,,no_rule_hit,0,0
1655,unknown,unknown,1,0,,,no_rule_hit,0,0
1656,emergency,emergency,1,1,wow,,emergency_precedence,0,0
1657,movement,unknown,0,0,,,no_rule_hit,0,0
1658,emergency,emergency,1,1,wow,,emergency_precedence,0,0
1659,movement,unknown,0,0,,,no_rule_hit,0,0
1660,movement,unknown,0,0,,,no_rule_hit,0,0
1661,movement,unknown,0,0,,,no_rule_hit,0,0
1662,emergency,unknown,0,0,,,no_rule_hit,0,0
1663,unknown,unknown,1,0,,,no_rule_hit,0,0
1664,unknown,unknown,1,0,,,no_rule_hit,0,0
1665,unknown,unknown,1,0,,,no_rule_hit,0,0
1666,emergency,unknown,0,0,,,no_rule_hit,0,0
1667,emergency,unknown,0,0,,,no_rule_hit,0,0
1668,movement,unknown,0,0,,,no_rule_hit,0,0
1669,unknown,movement,0,1,,up,movement_match,1,0
1670,emergency,unknown,0,0,,,no_rule_hit,0,0
1671,unknown,unknown,1,0,,,no_rule_hit,0,0
1672,movement,unknown,0,0,,,no_rule_hit,0,0
1673,unknown,unknown,1,0,,,no_rule_hit,0,0
1674,unknown,unknown,1,0,,,no_rule_hit,0,0
1675,movement,unknown,0,0,,,no_rule_hit,0,0
1676,movement,unknown,0,0,,,no_rule_hit,0,0
1677,unknown,unknown,1,0,,,no_rule_hit,0,0
1678,movement,unknown,0,0,,,no_rule_hit,0,0
1679,movement,unknown,0,0,,,no_rule_hit,0,0
1680,movement,unknown,0,0,,,no_rule_hit,0,0
1681,emergency,emergency,1,1,yes,,emergency_precedence,0,0
1682,movement,unknown,0,0,,,no_rule_hit,0,0
1683,movement,unknown,0,0,,,no_rule_hit,0,0
1684,movement,movement,1,1,,come on,movement_match,0,0
1685,movement,unknown,0,0,,,no_rule_hit,0,0
1686,emergency,unknown,0,0,,,no_rule_hit,0,0
1687,movement,unknown,0,0,,,no_rule_hit,0,0
1688,emergency,emergency,1,1,yes,,emergency_precedence,0,0
1689,movement,unknown,0,0,,,no_rule_hit,0,0
1690,movement,unknown,0,0,,,no_rule_hit,0,0
1691,unknown,unknown,1,0,,,no_rule_hit,0,0
1692,movement,unknown,0,0,,,no_rule_hit,0,0
1693,emergency,unknown,0,0,,,no_rule_hit,0,0
1694,emergency,unknown,0,0,,,no_rule_hit,0,0
1695,movement,unknown,0,0,,,no_rule_hit,0,0
1696,movement,unknown,0,0,,,no_rule_hit,0,0
1697,emergency,emergency,1,1,yes,,emergency_precedence,0,0
1698,unknown,unknown,1,0,,,no_rule_hit,0,0
1699,unknown,unknown,1,0,,,no_rule_hit,0,0
1700,emergency,unknown,0,0,,,no_rule_hit,0,0
1701,unknown,unknown,1,0,,,no_rule_hit,0,0
1702,unknown,unknown,1,0,,,no_rule_hit,0,0
1703,emergency,unknown,0,0,,,no_rule_hit,0,0
1704,movement,unknown,0,0,,,no_rule_hit,0,0
1705,emergency,unknown,0,0,,,no_rule_hit,0,0
1706,movement,unknown,0,0,,,no_rule_hit,0,0
1707,emergency,unknown,0,0,,,no_rule_hit,0,0
1708,unknown,unknown,1,0,,,no_rule_hit,0,0
1709,emergency,unknown,0,0,,,no_rule_hit,0,0
1710,unknown,unknown,1,0,,,no_rule_hit,0,0
1711,movement,unknown,0,0,,,no_rule_hit,0,0
1712,unknown,unknown,1,0,,,no_rule_hit,0,0
1713,emergency,movement,0,1,,go,movement_match,0,0
1714,unknown,unknown,1,0,,,no_rule_hit,0,0
1715,emergency,unknown,0,0,,,no_rule_hit,0,0
1716,emergency,unknown,0,0,,,no_rule_hit,0,0
1717,emergency,emergency,1,1,no,,emergency_precedence,0,0
1718,movement,unknown,0,0,,,no_rule_hit,0,0
1719,emergency,unknown,0,0,,,no_rule_hit,0,0
1720,movement,unknown,0,0,,,no_rule_hit,0,0
1721,movement,unknown,0,0,,,no_rule_hit,0,0
1722,movement,unknown,0,0,,,no_rule_hit,0,0
1723,unknown,unknown,1,0,,,no_rule_hit,0,0
1724,emergency,emergency,1,1,wow,,emergency_precedence,0,0
1725,unknown,unknown,1,0,,,no_rule_hit,0,0
1726,emergency,emergency,1,1,stop,,emergency_precedence,0,0
1727,emergency,emergency,1,1,yes,,emergency_precedence,0,0
1728,movement,unknown,0,0,,,no_rule_hit,0,0
1729,unknown,unknown,1,0,,,no_rule_hit,0,0
1730,unknown,unknown,1,0,,,no_rule_hit,0,0
1731,emergency,unknown,0,0,,,no_rule_hit,0,0
1732,movement,unknown,0,0,,,no_rule_hit,0,0
1733,emergency,unknown,0,0,,,no_rule_hit,0,0
1734,unknown,unknown,1,0,,,no_rule_hit,0,0
1735,movement,unknown,0,0,,,no_rule_hit,0,0
1736,movement,unknown,0,0,,,no_rule_hit,0,0
1737,movement,unknown,0,0,,,no_rule_hit,0,0
1738,emergency,emergency,1,1,wow,,emergency_precedence,0,0
1739,movement,unknown,0,0,,,no_rule_hit,0,0
1740,emergency,movement,0,1,,go,movement_match,0,0
1741,emergency,emergency,1,1,yes,,emergency_precedence,0,0
1742,movement,unknown,0,0,,,no_rule_hit,0,0
1743,movement,unknown,0,0,,,no_rule_hit,0,0
1744,movement,unknown,0,0,,,no_rule_hit,0,0
1745,unknown,unknown,1,0,,,no_rule_hit,0,0
1746,movement,unknown,0,0,,,no_rule_hit,0,0
1747,movement,unknown,0,0,,,no_rule_hit,0,0
1748,unknown,unknown,1,0,,,no_rule_hit,0,0
1749,movement,unknown,0,0,,,no_rule_hit,0,0
1750,unknown,unknown,1,0,,,no_rule_hit,0,0
1751,movement,unknown,0,0,,,no_rule_hit,0,0
1752,unknown,unknown,1,0,,,no_rule_hit,0,0
1753,movement,unknown,0,0,,,no_rule_hit,0,0
1754,movement,unknown,0,0,,,no_rule_hit,0,0
1755,movement,unknown,0,0,,,no_rule_hit,0,0
1756,unknown,unknown,1,0,,,no_rule_hit,0,0
1757,movement,unknown,0,0,,,no_rule_hit,0,0
1758,emergency,unknown,0,0,,,no_rule_hit,0,0
1759,emergency,unknown,0,0,,,no_rule_hit,0,0
1760,unknown,unknown,1,0,,,no_rule_hit,0,0
1761,unknown,unknown,1,0,,,no_rule_hit,0,0
1762,movement,unknown,0,0,,,no_rule_hit,0,0
1763,movement,unknown,0,0,,,no_rule_hit,0,0
1764,unknown,unknown,1,0,,,no_rule_hit,0,0
1765,movement,unknown,0,0,,,no_rule_hit,0,0
1766,unknown,unknown,1,0,,,no_rule_hit,0,0
1767,emergency,unknown,0,0,,,no_rule_hit,0,0
1768,movement,unknown,0,0,,,no_rule_hit,0,0
1769,unknown,unknown,1,0,,,no_rule_hit,0,0
1770,unknown,unknown,1,0,,,no_rule_hit,0,0
1771,movement,unknown,0,0,,,no_rule_hit,0,0
1772,emergency,unknown,0,0,,,no_rule_hit,0,0
1773,unknown,unknown,1,0,,,no_rule_hit,0,0
1774,movement,unknown,0,0,,,no_rule_hit,0,0
1775,movement,movement,1,1,,forward,movement_match,0,0
1776,emergency,unknown,0,0,,,no_rule_hit,0,0
1777,movement,unknown,0,0,,,no_rule_hit,0,0
1778,emergency,movement,0,1,,go,movement_match,0,0
1779,movement,unknown,0,0,,,no_rule_hit,0,0
1780,movement,unknown,0,0,,,no_rule_hit,0,0
1781,movement,unknown,0,0,,,no_rule_hit,0,0
1782,unknown,unknown,1,0,,,no_rule_hit,0,0
1783,movement,unknown,0,0,,,no_rule_hit,0,0
1784,movement,movement,1,1,,right,movement_match,0,0
1785,movement,unknown,0,0,,,no_rule_hit,0,0
1786,unknown,unknown,1,0,,,no_rule_hit,0,0
1787,movement,unknown,0,0,,,no_rule_hit,0,0
1788,movement,unknown,0,0,,,no_rule_hit,0,0
1789,emergency,unknown,0,0,,,no_rule_hit,0,0
1790,emergency,unknown,0,0,,,no_rule_hit,0,0
1791,movement,movement,1,1,,go,movement_match,0,0
1792,emergency,unknown,0,0,,,no_rule_hit,0,0
1793,movement,unknown,0,0,,,no_rule_hit,0,0
1794,movement,unknown,0,0,,,no_rule_hit,0,0
1795,emergency,emergency,1,1,no,,emergency_precedence,0,0
1796,unknown,unknown,1,0,,,no_rule_hit,0,0
1797,movement,unknown,0,0,,,no_rule_hit,0,0
1798,unknown,unknown,1,0,,,no_rule_hit,0,0
1799,movement,unknown,0,0,,,no_rule_hit,0,0
1800,unknown,unknown,1,0,,,no_rule_hit,0,0
1801,movement,unknown,0,0,,,no_rule_hit,0,0
1802,movement,unknown,0,0,,,no_rule_hit,0,0
1803,movement,unknown,0,0,,,no_rule_hit,0,0
1804,unknown,unknown,1,0,,,no_rule_hit,0,0
1805,unknown,unknown,1,0,,,no_rule_hit,0,0
1806,movement,movement,1,1,,right,movement_match,0,0
1807,emergency,unknown,0,0,,,no_rule_hit,0,0
1808,movement,unknown,0,0,,,no_rule_hit,0,0
1809,emergency,unknown,0,0,,,no_rule_hit,0,0
1810,emergency,emergency,1,1,stop,,emergency_precedence,0,0
1811,unknown,unknown,1,0,,,no_rule_hit,0,0
1812,unknown,unknown,1,0,,,no_rule_hit,0,0
1813,movement,unknown,0,0,,,no_rule_hit,0,0
1814,emergency,unknown,0,0,,,no_rule_hit,0,0
1815,emergency,unknown,0,0,,,no_rule_hit,0,0
1816,emergency,unknown,0,0,,,no_rule_hit,0,0
1817,unknown,unknown,1,0,,,no_rule_hit,0,0
1818,movement,unknown,0,0,,,no_rule_hit,0,0
1819,movement,unknown,0,0,,,no_rule_hit,0,0
1820,emergency,unknown,0,0,,,no_rule_hit,0,0
1821,unknown,unknown,1,0,,,no_rule_hit,0,0
1822,emergency,unknown,0,0,,,no_rule_hit,0,0
1823,emergency,emergency,1,1,yes,,emergency_precedence,0,0
1824,emergency,unknown,0,0,,,no_rule_hit,0,0
1825,unknown,unknown,1,0,,,no_rule_hit,0,0
1826,movement,unknown,0,0,,,no_rule_hit,0,0
1827,unknown,unknown,1,0,,,no_rule_hit,0,0
1828,movement,unknown,0,0,,,no_rule_hit,0,0
1829,emergency,unknown,0,0,,,no_rule_hit,0,0
1830,unknown,unknown,1,0,,,no_rule_hit,0,0
1831,emergency,unknown,0,0,,,no_rule_hit,0,0
1832,unknown,unknown,1,0,,,no_rule_hit,0,0
1833,unknown,unknown,1,0,,,no_rule_hit,0,0
1834,emergency,unknown,0,0,,,no_rule_hit,0,0
1835,unknown,unknown,1,0,,,no_rule_hit,0,0
1836,movement,unknown,0,0,,,no_rule_hit,0,0
1837,emergency,unknown,0,0,,,no_rule_hit,0,0
1838,unknown,unknown,1,0,,,no_rule_hit,0,0
1839,movement,unknown,0,0,,,no_rule_hit,0,0
1840,movement,movement,1,1,,go,movement_match,0,0
1841,unknown,unknown,1,0,,,no_rule_hit,0,0
1842,unknown,unknown,1,0,,,no_rule_hit,0,0
1843,unknown,unknown,1,0,,,no_rule_hit,0,0
1844,movement,unknown,0,0,,,no_rule_hit,0,0
1845,unknown,unknown,1,0,,,no_rule_hit,0,0
1846,unknown,unknown,1,0,,,no_rule_hit,0,0
1847,emergency,unknown,0,0,,,no_rule_hit,0,0
1848,unknown,unknown,1,0,,,no_rule_hit,0,0
1849,emergency,unknown,0,0,,,no_rule_hit,0,0
1850,emergency,unknown,0,0,,,no_rule_hit,0,0
1851,unknown,unknown,1,0,,,no_rule_hit,0,0
1852,unknown,unknown,1,0,,,no_rule_hit,0,0
1853,emergency,emergency,1,1,yes,,emergency_precedence,0,0
1854,unknown,unknown,1,0,,,no_rule_hit,0,0
1855,movement,unknown,0,0,,,no_rule_hit,0,0
1856,unknown,unknown,1,0,,,no_rule_hit,0,0
1857,emergency,movement,0,1,,go,movement_match,0,0
1858,unknown,unknown,1,0,,,no_rule_hit,0,0
1859,unknown,emergency,0,1,help,,emergency_precedence,1,0
1860,emergency,unknown,0,0,,,no_rule_hit,0,0
1861,emergency,unknown,0,0,,,no_rule_hit,0,0
1862,unknown,unknown,1,0,,,no_rule_hit,0,0
1863,unknown,unknown,1,0,,,no_rule_hit,0,0
1864,movement,movement,1,1,,left,movement_match,0,0
1865,emergency,unknown,0,0,,,no_rule_hit,0,0
1866,emergency,unknown,0,0,,,no_rule_hit,0,0
1867,emergency,unknown,0,0,,,no_rule_hit,0,0
1868,unknown,unknown,1,0,,,no_rule_hit,0,0
1869,unknown,unknown,1,0,,,no_rule_hit,0,0
1870,movement,unknown,0,0,,,no_rule_hit,0,0
1871,unknown,unknown,1,0,,,no_rule_hit,0,0
1872,unknown,unknown,1,0,,,no_rule_hit,0,0
1873,movement,unknown,0,0,,,no_rule_hit,0,0
1874,unknown,emergency,0,1,yes,,emergency_precedence,1,0
1875,emergency,emergency,1,1,yes,,emergency_precedence,0,0
1876,movement,unknown,0,0,,,no_rule_hit,0,0
1877,emergency,unknown,0,0,,,no_rule_hit,0,0
1878,unknown,unknown,1,0,,,no_rule_hit,0,0
1879,movement,unknown,0,0,,,no_rule_hit,0,0
1880,unknown,unknown,1,0,,,no_rule_hit,0,0
1881,movement,unknown,0,0,,,no_rule_hit,0,0
1882,unknown,unknown,1,0,,,no_rule_hit,0,0
1883,unknown,unknown,1,0,,,no_rule_hit,0,0
1884,unknown,unknown,1,0,,,no_rule_hit,0,0
1885,movement,emergency,0,1,help,,emergency_precedence,0,0
1886,unknown,unknown,1,0,,,no_rule_hit,0,0
1887,movement,unknown,0,0,,,no_rule_hit,0,0
1888,unknown,unknown,1,0,,,no_rule_hit,0,0
1889,emergency,unknown,0,0,,,no_rule_hit,0,0
1890,movement,unknown,0,0,,,no_rule_hit,0,0
1891,unknown,unknown,1,0,,,no_rule_hit,0,0
1892,emergency,unknown,0,0,,,no_rule_hit,0,0
1893,emergency,unknown,0,0,,,no_rule_hit,0,0
1894,emergency,unknown,0,0,,,no_rule_hit,0,0
1895,emergency,unknown,0,0,,,no_rule_hit,0,0
1896,emergency,unknown,0,0,,,no_rule_hit,0,0
1897,movement,unknown,0,0,,,no_rule_hit,0,0
1898,unknown,unknown,1,0,,,no_rule_hit,0,0
1899,movement,unknown,0,0,,,no_rule_hit,0,0
1900,emergency,unknown,0,0,,,no_rule_hit,0,0
1901,emergency,unknown,0,0,,,no_rule_hit,0,0
1902,emergency,unknown,0,0,,,no_rule_hit,0,0
1903,emergency,unknown,0,0,,,no_rule_hit,0,0
1904,unknown,unknown,1,0,,,no_rule_hit,0,0
1905,emergency,unknown,0,0,,,no_rule_hit,0,0
1906,emergency,unknown,0,0,,,no_rule_hit,0,0
1907,emergency,unknown,0,0,,,no_rule_hit,0,0
1908,unknown,unknown,1,0,,,no_rule_hit,0,0
1909,unknown,unknown,1,0,,,no_rule_hit,0,0
1910,emergency,unknown,0,0,,,no_rule_hit,0,0
1911,movement,unknown,0,0,,,no_rule_hit,0,0
1912,emergency,unknown,0,0,,,no_rule_hit,0,0
1913,unknown,unknown,1,0,,,no_rule_hit,0,0
1914,unknown,unknown,1,0,,,no_rule_hit,0,0
1915,unknown,unknown,1,0,,,no_rule_hit,0,0
1916,emergency,emergency,1,1,yes,,emergency_precedence,0,0
1917,emergency,unknown,0,0,,,no_rule_hit,0,0
1918,emergency,emergency,1,1,no,,emergency_precedence,0,0
1919,movement,unknown,0,0,,,no_rule_hit,0,0
1920,movement,unknown,0,0,,,no_rule_hit,0,0
1921,movement,unknown,0,0,,,no_rule_hit,0,0
1922,unknown,unknown,1,0,,,no_rule_hit,0,0
1923,movement,unknown,0,0,,,no_rule_hit,0,0
1924,movement,unknown,0,0,,,no_rule_hit,0,0
1925,unknown,unknown,1,0,,,no_rule_hit,0,0
1926,movement,unknown,0,0,,,no_rule_hit,0,0
1927,unknown,unknown,1,0,,,no_rule_hit,0,0
1928,unknown,unknown,1,0,,,no_rule_hit,0,0
1929,movement,unknown,0,0,,,no_rule_hit,0,0
1930,unknown,unknown,1,0,,,no_rule_hit,0,0
1931,emergency,movement,0,1,,go,movement_match,0,0
1932,emergency,emergency,1,1,stop,,emergency_precedence,0,0
1933,unknown,unknown,1,0,,,no_rule_hit,0,0
1934,movement,unknown,0,0,,,no_rule_hit,0,0
1935,unknown,unknown,1,0,,,no_rule_hit,0,0
1936,movement,unknown,0,0,,,no_rule_hit,0,0
1937,emergency,emergency,1,1,no,,emergency_precedence,0,0
1938,unknown,unknown,1,0,,,no_rule_hit,0,0
1939,unknown,unknown,1,0,,,no_rule_hit,0,0
1940,unknown,unknown,1,0,,,no_rule_hit,0,0
1941,unknown,unknown,1,0,,,no_rule_hit,0,0
1942,movement,unknown,0,0,,,no_rule_hit,0,0
1943,emergency,emergency,1,1,stop,,emergency_precedence,0,0
1944,movement,unknown,0,0,,,no_rule_hit,0,0
1945,movement,unknown,0,0,,,no_rule_hit,0,0
1946,movement,unknown,0,0,,,no_rule_hit,0,0
1947,emergency,unknown,0,0,,,no_rule_hit,0,0
1948,emergency,unknown,0,0,,,no_rule_hit,0,0
1949,movement,unknown,0,0,,,no_rule_hit,0,0
1950,unknown,unknown,1,0,,,no_rule_hit,0,0
1951,unknown,unknown,1,0,,,no_rule_hit,0,0
1952,emergency,unknown,0,0,,,no_rule_hit,0,0
1953,unknown,unknown,1,0,,,no_rule_hit,0,0
1954,emergency,unknown,0,0,,,no_rule_hit,0,0
1955,emergency,unknown,0,0,,,no_rule_hit,0,0
1956,movement,unknown,0,0,,,no_rule_hit,0,0
1957,movement,unknown,0,0,,,no_rule_hit,0,0
1958,emergency,unknown,0,0,,,no_rule_hit,0,0
1959,movement,movement,1,1,,down,movement_match,0,0
1960,emergency,unknown,0,0,,,no_rule_hit,0,0
1961,emergency,emergency,1,1,yes,,emergency_precedence,0,0
1962,unknown,unknown,1,0,,,no_rule_hit,0,0
1963,unknown,unknown,1,0,,,no_rule_hit,0,0
1964,emergency,movement,0,1,,go,movement_match,0,0
1965,emergency,unknown,0,0,,,no_rule_hit,0,0
1966,unknown,unknown,1,0,,,no_rule_hit,0,0
1967,movement,unknown,0,0,,,no_rule_hit,0,0
1968,emergency,unknown,0,0,,,no_rule_hit,0,0
1969,emergency,unknown,0,0,,,no_rule_hit,0,0
1970,movement,unknown,0,0,,,no_rule_hit,0,0
1971,movement,unknown,0,0,,,no_rule_hit,0,0
1972,movement,unknown,0,0,,,no_rule_hit,0,0
1973,unknown,unknown,1,0,,,no_rule_hit,0,0
1974,unknown,unknown,1,0,,,no_rule_hit,0,0
1975,emergency,unknown,0,0,,,no_rule_hit,0,0
1976,unknown,unknown,1,0,,,no_rule_hit,0,0
1977,unknown,unknown,1,0,,,no_rule_hit,0,0
1978,unknown,unknown,1,0,,,no_rule_hit,0,0
1979,unknown,unknown,1,0,,,no_rule_hit,0,0
1980,unknown,unknown,1,0,,,no_rule_hit,0,0
1981,unknown,unknown,1,0,,,no_rule_hit,0,0
1982,unknown,unknown,1,0,,,no_rule_hit,0,0
1983,unknown,emergency,0,1,no,,emergency_precedence,1,0
1984,movement,unknown,0,0,,,no_rule_hit,0,0
1985,unknown,unknown,1,0,,,no_rule_hit,0,0
1986,movement,unknown,0,0,,,no_rule_hit,0,0
1987,unknown,unknown,1,0,,,no_rule_hit,0,0
1988,unknown,unknown,1,0,,,no_rule_hit,0,0
1989,movement,unknown,0,0,,,no_rule_hit,0,0
1990,emergency,unknown,0,0,,,no_rule_hit,0,0
1991,movement,unknown,0,0,,,no_rule_hit,0,0
1992,movement,unknown,0,0,,,no_rule_hit,0,0
1993,movement,unknown,0,0,,,no_rule_hit,0,0
1994,emergency,unknown,0,0,,,no_rule_hit,0,0
1995,unknown,movement,0,1,,go,movement_match,1,0
1996,movement,unknown,0,0,,,no_rule_hit,0,0
1997,movement,unknown,0,0,,,no_rule_hit,0,0
1998,movement,unknown,0,0,,,no_rule_hit,0,0
1999,movement,unknown,0,0,,,no_rule_hit,0,0
2000,movement,unknown,0,0,,,no_rule_hit,0,0
2001,unknown,unknown,1,0,,,no_rule_hit,0,0
2002,movement,unknown,0,0,,,no_rule_hit,0,0
2003,emergency,unknown,0,0,,,no_rule_hit,0,0
2004,movement,unknown,0,0,,,no_rule_hit,0,0
2005,unknown,unknown,1,0,,,no_rule_hit,0,0
2006,unknown,unknown,1,0,,,no_rule_hit,0,0
2007,movement,unknown,0,0,,,no_rule_hit,0,0
2008,emergency,unknown,0,0,,,no_rule_hit,0,0
2009,emergency,unknown,0,0,,,no_rule_hit,0,0
2010,unknown,unknown,1,0,,,no_rule_hit,0,0
2011,unknown,unknown,1,0,,,no_rule_hit,0,0
2012,movement,unknown,0,0,,,no_rule_hit,0,0
2013,emergency,unknown,0,0,,,no_rule_hit,0,0
2014,unknown,unknown,1,0,,,no_rule_hit,0,0
2015,unknown,unknown,1,0,,,no_rule_hit,0,0
2016,emergency,emergency,1,1,wow,,emergency_precedence,0,0
2017,emergency,unknown,0,0,,,no_rule_hit,0,0
2018,unknown,unknown,1,0,,,no_rule_hit,0,0
2019,emergency,emergency,1,1,yes,,emergency_precedence,0,0
2020,unknown,unknown,1,0,,,no_rule_hit,0,0
2021,unknown,unknown,1,0,,,no_rule_hit,0,0
2022,unknown,unknown,1,0,,,no_rule_hit,0,0
2023,emergency,emergency,1,1,yes,,emergency_precedence,0,0
2024,movement,unknown,0,0,,,no_rule_hit,0,0
2025,emergency,unknown,0,0,,,no_rule_hit,0,0
2026,unknown,unknown,1,0,,,no_rule_hit,0,0
2027,movement,unknown,0,0,,,no_rule_hit,0,0
2028,movement,unknown,0,0,,,no_rule_hit,0,0
2029,unknown,unknown,1,0,,,no_rule_hit,0,0
2030,movement,unknown,0,0,,,no_rule_hit,0,0
2031,movement,unknown,0,0,,,no_rule_hit,0,0
2032,emergency,unknown,0,0,,,no_rule_hit,0,0
2033,movement,unknown,0,0,,,no_rule_hit,0,0
2034,movement,unknown,0,0,,,no_rule_hit,0,0
2035,emergency,unknown,0,0,,,no_rule_hit,0,0
2036,emergency,emergency,1,1,wow,,emergency_precedence,0,0
2037,emergency,emergency,1,1,wow,,emergency_precedence,0,0
2038,emergency,emergency,1,1,no,,emergency_precedence,0,0
2039,unknown,unknown,1,0,,,no_rule_hit,0,0
2040,emergency,emergency,1,1,stop,,emergency_precedence,0,0
2041,emergency,unknown,0,0,,,no_rule_hit,0,0
2042,unknown,unknown,1,0,,,no_rule_hit,0,0
2043,unknown,unknown,1,0,,,no_rule_hit,0,0
2044,unknown,unknown,1,0,,,no_rule_hit,0,0
2045,movement,unknown,0,0,,,no_rule_hit,0,0
2046,movement,unknown,0,0,,,no_rule_hit,0,0
2047,unknown,unknown,1,0,,,no_rule_hit,0,0
2048,emergency,emergency,1,1,wow,,emergency_precedence,0,0
2049,emergency,unknown,0,0,,,no_rule_hit,0,0
2050,emergency,unknown,0,0,,,no_rule_hit,0,0
2051,emergency,unknown,0,0,,,no_rule_hit,0,0
2052,emergency,unknown,0,0,,,no_rule_hit,0,0
2053,emergency,unknown,0,0,,,no_rule_hit,0,0
2054,emergency,unknown,0,0,,,no_rule_hit,0,0
2055,movement,unknown,0,0,,,no_rule_hit,0,0
2056,movement,unknown,0,0,,,no_rule_hit,0,0
2057,emergency,unknown,0,0,,,no_rule_hit,0,0
2058,emergency,unknown,0,0,,,no_rule_hit,0,0
2059,unknown,unknown,1,0,,,no_rule_hit,0,0
2060,emergency,unknown,0,0,,,no_rule_hit,0,0
2061,emergency,emergency,1,1,no,,emergency_precedence,0,0
2062,unknown,unknown,1,0,,,no_rule_hit,0,0
2063,unknown,unknown,1,0,,,no_rule_hit,0,0
2064,unknown,unknown,1,0,,,no_rule_hit,0,0
2065,movement,unknown,0,0,,,no_rule_hit,0,0
2066,emergency,unknown,0,0,,,no_rule_hit,0,0
2067,unknown,unknown,1,0,,,no_rule_hit,0,0
2068,unknown,unknown,1,0,,,no_rule_hit,0,0
2069,emergency,unknown,0,0,,,no_rule_hit,0,0
2070,unknown,unknown,1,0,,,no_rule_hit,0,0
2071,emergency,unknown,0,0,,,no_rule_hit,0,0
2072,unknown,unknown,1,0,,,no_rule_hit,0,0
2073,unknown,unknown,1,0,,,no_rule_hit,0,0
2074,unknown,unknown,1,0,,,no_rule_hit,0,0
2075,unknown,unknown,1,0,,,no_rule_hit,0,0
2076,emergency,unknown,0,0,,,no_rule_hit,0,0
2077,unknown,unknown,1,0,,,no_rule_hit,0,0
2078,movement,unknown,0,0,,,no_rule_hit,0,0
2079,movement,unknown,0,0,,,no_rule_hit,0,0
2080,unknown,unknown,1,0,,,no_rule_hit,0,0
2081,movement,unknown,0,0,,,no_rule_hit,0,0
2082,movement,unknown,0,0,,,no_rule_hit,0,0
2083,unknown,unknown,1,0,,,no_rule_hit,0,0
2084,emergency,emergency,1,1,yes,,emergency_precedence,0,0
2085,movement,movement,1,1,,go,movement_match,0,0
2086,emergency,unknown,0,0,,,no_rule_hit,0,0
2087,unknown,unknown,1,0,,,no_rule_hit,0,0
2088,unknown,unknown,1,0,,,no_rule_hit,0,0
2089,movement,emergency,0,1,no,,emergency_precedence,0,0
2090,unknown,unknown,1,0,,,no_rule_hit,0,0
2091,movement,unknown,0,0,,,no_rule_hit,0,0
2092,emergency,movement,0,1,,back,movement_match,0,0
2093,unknown,unknown,1,0,,,no_rule_hit,0,0
2094,emergency,emergency,1,1,yes,,emergency_precedence,0,0
2095,movement,unknown,0,0,,,no_rule_hit,0,0
2096,emergency,unknown,0,0,,,no_rule_hit,0,0
2097,emergency,emergency,1,1,yes,,emergency_precedence,0,0
2098,emergency,unknown,0,0,,,no_rule_hit,0,0
2099,unknown,unknown,1,0,,,no_rule_hit,0,0
2100,emergency,emergency,1,1,no,,emergency_precedence,0,0
2101,unknown,unknown,1,0,,,no_rule_hit,0,0
2102,movement,movement,1,1,,left,movement_match,0,0
2103,movement,unknown,0,0,,,no_rule_hit,0,0
2104,unknown,unknown,1,0,,,no_rule_hit,0,0
2105,emergency,unknown,0,0,,,no_rule_hit,0,0
2106,movement,unknown,0,0,,,no_rule_hit,0,0
2107,movement,unknown,0,0,,,no_rule_hit,0,0
2108,emergency,emergency,1,1,stop,,emergency_precedence,0,0
2109,emergency,emergency,1,1,yes,,emergency_precedence,0,0
2110,emergency,emergency,1,1,wow,,emergency_precedence,0,0
2111,emergency,unknown,0,0,,,no_rule_hit,0,0
2112,unknown,unknown,1,0,,,no_rule_hit,0,0
2113,unknown,unknown,1,0,,,no_rule_hit,0,0
2114,movement,unknown,0,0,,,no_rule_hit,0,0
2115,unknown,unknown,1,0,,,no_rule_hit,0,0
2116,movement,unknown,0,0,,,no_rule_hit,0,0
2117,movement,unknown,0,0,,,no_rule_hit,0,0
2118,unknown,unknown,1,0,,,no_rule_hit,0,0
2119,unknown,unknown,1,0,,,no_rule_hit,0,0
2120,unknown,unknown,1,0,,,no_rule_hit,0,0
2121,emergency,unknown,0,0,,,no_rule_hit,0,0
2122,movement,unknown,0,0,,,no_rule_hit,0,0
2123,unknown,unknown,1,0,,,no_rule_hit,0,0
2124,emergency,unknown,0,0,,,no_rule_hit,0,0
2125,emergency,unknown,0,0,,,no_rule_hit,0,0
2126,unknown,unknown,1,0,,,no_rule_hit,0,0
2127,unknown,unknown,1,0,,,no_rule_hit,0,0
2128,movement,unknown,0,0,,,no_rule_hit,0,0
2129,emergency,unknown,0,0,,,no_rule_hit,0,0
2130,unknown,unknown,1,0,,,no_rule_hit,0,0
2131,unknown,unknown,1,0,,,no_rule_hit,0,0
2132,emergency,emergency,1,1,yes,,emergency_precedence,0,0
2133,movement,unknown,0,0,,,no_rule_hit,0,0
2134,unknown,movement,0,1,,go,movement_match,1,0
2135,movement,unknown,0,0,,,no_rule_hit,0,0
2136,unknown,unknown,1,0,,,no_rule_hit,0,0
2137,unknown,unknown,1,0,,,no_rule_hit,0,0
2138,emergency,unknown,0,0,,,no_rule_hit,0,0
2139,unknown,unknown,1,0,,,no_rule_hit,0,0
2140,emergency,movement,0,1,,go,movement_match,0,0
2141,emergency,unknown,0,0,,,no_rule_hit,0,0
2142,emergency,unknown,0,0,,,no_rule_hit,0,0
2143,emergency,unknown,0,0,,,no_rule_hit,0,0
2144,unknown,unknown,1,0,,,no_rule_hit,0,0
2145,movement,unknown,0,0,,,no_rule_hit,0,0
2146,emergency,emergency,1,1,no,,emergency_precedence,0,0
2147,movement,unknown,0,0,,,no_rule_hit,0,0
2148,emergency,unknown,0,0,,,no_rule_hit,0,0
2149,movement,unknown,0,0,,,no_rule_hit,0,0
2150,unknown,unknown,1,0,,,no_rule_hit,0,0
2151,unknown,unknown,1,0,,,no_rule_hit,0,0
2152,emergency,emergency,1,1,wow,,emergency_precedence,0,0
2153,emergency,unknown,0,0,,,no_rule_hit,0,0
2154,movement,movement,1,1,,go,movement_match,0,0
2155,emergency,unknown,0,0,,,no_rule_hit,0,0
2156,unknown,unknown,1,0,,,no_rule_hit,0,0
2157,unknown,unknown,1,0,,,no_rule_hit,0,0
2158,movement,unknown,0,0,,,no_rule_hit,0,0
2159,movement,unknown,0,0,,,no_rule_hit,0,0
2160,movement,movement,1,1,,down,movement_match,0,0
2161,emergency,unknown,0,0,,,no_rule_hit,0,0
2162,emergency,unknown,0,0,,,no_rule_hit,0,0
2163,unknown,unknown,1,0,,,no_rule_hit,0,0
2164,emergency,unknown,0,0,,,no_rule_hit,0,0
2165,unknown,unknown,1,0,,,no_rule_hit,0,0
2166,movement,unknown,0,0,,,no_rule_hit,0,0
2167,emergency,unknown,0,0,,,no_rule_hit,0,0
2168,emergency,unknown,0,0,,,no_rule_hit,0,0
2169,movement,unknown,0,0,,,no_rule_hit,0,0
2170,emergency,emergency,1,1,no,,emergency_precedence,0,0
2171,emergency,emergency,1,1,yes,,emergency_precedence,0,0
2172,movement,unknown,0,0,,,no_rule_hit,0,0
2173,emergency,emergency,1,1,no,,emergency_precedence,0,0
2174,unknown,unknown,1,0,,,no_rule_hit,0,0
2175,unknown,unknown,1,0,,,no_rule_hit,0,0
2176,unknown,unknown,1,0,,,no_rule_hit,0,0
2177,unknown,unknown,1,0,,,no_rule_hit,0,0
2178,emergency,movement,0,1,,go,movement_match,0,0
2179,movement,unknown,0,0,,,no_rule_hit,0,0
2180,emergency,emergency,1,1,yes,,emergency_precedence,0,0
2181,movement,unknown,0,0,,,no_rule_hit,0,0
2182,movement,unknown,0,0,,,no_rule_hit,0,0
2183,unknown,unknown,1,0,,,no_rule_hit,0,0
2184,emergency,unknown,0,0,,,no_rule_hit,0,0
2185,emergency,unknown,0,0,,,no_rule_hit,0,0
2186,movement,unknown,0,0,,,no_rule_hit,0,0
2187,movement,unknown,0,0,,,no_rule_hit,0,0
2188,movement,unknown,0,0,,,no_rule_hit,0,0
2189,movement,movement,1,1,,go,movement_match,0,0
2190,unknown,unknown,1,0,,,no_rule_hit,0,0
2191,emergency,unknown,0,0,,,no_rule_hit,0,0
2192,unknown,unknown,1,0,,,no_rule_hit,0,0
2193,emergency,unknown,0,0,,,no_rule_hit,0,0
2194,movement,unknown,0,0,,,no_rule_hit,0,0
2195,unknown,unknown,1,0,,,no_rule_hit,0,0
2196,emergency,unknown,0,0,,,no_rule_hit,0,0
2197,unknown,unknown,1,0,,,no_rule_hit,0,0
2198,emergency,unknown,0,0,,,no_rule_hit,0,0
2199,movement,unknown,0,0,,,no_rule_hit,0,0
2200,emergency,unknown,0,0,,,no_rule_hit,0,0
2201,emergency,unknown,0,0,,,no_rule_hit,0,0
2202,movement,unknown,0,0,,,no_rule_hit,0,0
2203,unknown,unknown,1,0,,,no_rule_hit,0,0
2204,unknown,unknown,1,0,,,no_rule_hit,0,0
2205,unknown,unknown,1,0,,,no_rule_hit,0,0
2206,emergency,emergency,1,1,danger,,emergency_precedence,0,0
2207,emergency,unknown,0,0,,,no_rule_hit,0,0
2208,emergency,emergency,1,1,stop,,emergency_precedence,0,0
2209,emergency,unknown,0,0,,,no_rule_hit,0,0
2210,emergency,emergency,1,1,yes,,emergency_precedence,0,0
2211,unknown,unknown,1,0,,,no_rule_hit,0,0
2212,unknown,unknown,1,0,,,no_rule_hit,0,0
2213,emergency,unknown,0,0,,,no_rule_hit,0,0
2214,emergency,emergency,1,1,no,,emergency_precedence,0,0
2215,movement,unknown,0,0,,,no_rule_hit,0,0
2216,emergency,emergency,1,1,yes,,emergency_precedence,0,0
2217,unknown,unknown,1,0,,,no_rule_hit,0,0
2218,unknown,unknown,1,0,,,no_rule_hit,0,0
2219,unknown,unknown,1,0,,,no_rule_hit,0,0
2220,movement,unknown,0,0,,,no_rule_hit,0,0
2221,movement,movement,1,1,,go,movement_match,0,0
2222,movement,unknown,0,0,,,no_rule_hit,0,0
2223,movement,unknown,0,0,,,no_rule_hit,0,0
2224,movement,unknown,0,0,,,no_rule_hit,0,0
2225,movement,unknown,0,0,,,no_rule_hit,0,0
2226,unknown,unknown,1,0,,,no_rule_hit,0,0
2227,unknown,unknown,1,0,,,no_rule_hit,0,0
2228,emergency,unknown,0,0,,,no_rule_hit,0,0
2229,unknown,unknown,1,0,,,no_rule_hit,0,0
2230,emergency,movement,0,1,,go,movement_match,0,0
2231,movement,unknown,0,0,,,no_rule_hit,0,0
2232,movement,unknown,0,0,,,no_rule_hit,0,0
2233,unknown,unknown,1,0,,,no_rule_hit,0,0
2234,emergency,emergency,1,1,wow,,emergency_precedence,0,0
2235,unknown,unknown,1,0,,,no_rule_hit,0,0
2236,unknown,movement,0,1,,back,movement_match,1,0
2237,emergency,unknown,0,0,,,no_rule_hit,0,0
2238,unknown,unknown,1,0,,,no_rule_hit,0,0
2239,movement,unknown,0,0,,,no_rule_hit,0,0
2240,emergency,unknown,0,0,,,no_rule_hit,0,0
2241,emergency,unknown,0,0,,,no_rule_hit,0,0
2242,movement,unknown,0,0,,,no_rule_hit,0,0
2243,unknown,unknown,1,0,,,no_rule_hit,0,0
2244,emergency,unknown,0,0,,,no_rule_hit,0,0
2245,emergency,unknown,0,0,,,no_rule_hit,0,0
2246,unknown,unknown,1,0,,,no_rule_hit,0,0
2247,unknown,unknown,1,0,,,no_rule_hit,0,0
2248,emergency,unknown,0,0,,,no_rule_hit,0,0
2249,movement,unknown,0,0,,,no_rule_hit,0,0
2250,emergency,unknown,0,0,,,no_rule_hit,0,0
2251,emergency,emergency,1,1,yes,,emergency_precedence,0,0
2252,movement,unknown,0,0,,,no_rule_hit,0,0
2253,unknown,unknown,1,0,,,no_rule_hit,0,0
2254,emergency,emergency,1,1,yes,,emergency_precedence,0,0
2255,unknown,unknown,1,0,,,no_rule_hit,0,0
2256,movement,movement,1,1,,down,movement_match,0,0
2257,emergency,unknown,0,0,,,no_rule_hit,0,0
2258,movement,unknown,0,0,,,no_rule_hit,0,0
2259,unknown,unknown,1,0,,,no_rule_hit,0,0
2260,emergency,emergency,1,1,stop,,emergency_precedence,0,0
2261,unknown,unknown,1,0,,,no_rule_hit,0,0
2262,unknown,unknown,1,0,,,no_rule_hit,0,0
2263,movement,unknown,0,0,,,no_rule_hit,0,0
2264,emergency,unknown,0,0,,,no_rule_hit,0,0
2265,unknown,unknown,1,0,,,no_rule_hit,0,0
2266,unknown,unknown,1,0,,,no_rule_hit,0,0
2267,unknown,unknown,1,0,,,no_rule_hit,0,0
2268,unknown,unknown,1,0,,,no_rule_hit,0,0
2269,unknown,unknown,1,0,,,no_rule_hit,0,0
2270,movement,unknown,0,0,,,no_rule_hit,0,0
2271,emergency,unknown,0,0,,,no_rule_hit,0,0
2272,emergency,emergency,1,1,wow,,emergency_precedence,0,0
2273,movement,unknown,0,0,,,no_rule_hit,0,0
2274,movement,unknown,0,0,,,no_rule_hit,0,0
2275,emergency,unknown,0,0,,,no_rule_hit,0,0
2276,emergency,unknown,0,0,,,no_rule_hit,0,0
2277,movement,unknown,0,0,,,no_rule_hit,0,0
2278,movement,unknown,0,0,,,no_rule_hit,0,0
2279,unknown,unknown,1,0,,,no_rule_hit,0,0
2280,movement,unknown,0,0,,,no_rule_hit,0,0
2281,unknown,unknown,1,0,,,no_rule_hit,0,0
2282,unknown,unknown,1,0,,,no_rule_hit,0,0
2283,unknown,unknown,1,0,,,no_rule_hit,0,0
2284,unknown,unknown,1,0,,,no_rule_hit,0,0
2285,emergency,unknown,0,0,,,no_rule_hit,0,0
2286,emergency,unknown,0,0,,,no_rule_hit,0,0
2287,unknown,unknown,1,0,,,no_rule_hit,0,0
2288,unknown,unknown,1,0,,,no_rule_hit,0,0
2289,movement,unknown,0,0,,,no_rule_hit,0,0
2290,unknown,unknown,1,0,,,no_rule_hit,0,0
2291,movement,unknown,0,0,,,no_rule_hit,0,0
2292,unknown,unknown,1,0,,,no_rule_hit,0,0
2293,movement,movement,1,1,,up,movement_match,0,0
2294,unknown,unknown,1,0,,,no_rule_hit,0,0
2295,movement,unknown,0,0,,,no_rule_hit,0,0
2296,movement,unknown,0,0,,,no_rule_hit,0,0
2297,movement,emergency,0,1,no,,emergency_precedence,0,0
2298,unknown,unknown,1,0,,,no_rule_hit,0,0
2299,movement,unknown,0,0,,,no_rule_hit,0,0
2300,emergency,emergency,1,1,no,,emergency_precedence,0,0
2301,emergency,emergency,1,1,yes,,emergency_precedence,0,0
2302,emergency,unknown,0,0,,,no_rule_hit,0,0
2303,unknown,unknown,1,0,,,no_rule_hit,0,0
2304,unknown,unknown,1,0,,,no_rule_hit,0,0
2305,emergency,emergency,1,1,yes,,emergency_precedence,0,0
2306,emergency,unknown,0,0,,,no_rule_hit,0,0
2307,movement,movement,1,1,,come on,movement_match,0,0
2308,movement,unknown,0,0,,,no_rule_hit,0,0
2309,movement,unknown,0,0,,,no_rule_hit,0,0
2310,movement,unknown,0,0,,,no_rule_hit,0,0
2311,movement,unknown,0,0,,,no_rule_hit,0,0
2312,emergency,unknown,0,0,,,no_rule_hit,0,0
2313,emergency,unknown,0,0,,,no_rule_hit,0,0
2314,emergency,unknown,0,0,,,no_rule_hit,0,0
2315,emergency,unknown,0,0,,,no_rule_hit,0,0
2316,movement,unknown,0,0,,,no_rule_hit,0,0
2317,emergency,emergency,1,1,stop,,emergency_precedence,0,0
2318,movement,unknown,0,0,,,no_rule_hit,0,0
2319,movement,movement,1,1,,go,movement_match,0,0
2320,emergency,unknown,0,0,,,no_rule_hit,0,0
2321,movement,unknown,0,0,,,no_rule_hit,0,0
2322,unknown,unknown,1,0,,,no_rule_hit,0,0
2323,unknown,unknown,1,0,,,no_rule_hit,0,0
2324,movement,unknown,0,0,,,no_rule_hit,0,0
2325,movement,unknown,0,0,,,no_rule_hit,0,0
2326,movement,unknown,0,0,,,no_rule_hit,0,0
2327,emergency,emergency,1,1,wow,,emergency_precedence,0,0
2328,emergency,unknown,0,0,,,no_rule_hit,0,0
2329,unknown,unknown,1,0,,,no_rule_hit,0,0
2330,emergency,unknown,0,0,,,no_rule_hit,0,0
2331,movement,unknown,0,0,,,no_rule_hit,0,0
2332,unknown,unknown,1,0,,,no_rule_hit,0,0
2333,movement,unknown,0,0,,,no_rule_hit,0,0
2334,movement,unknown,0,0,,,no_rule_hit,0,0
2335,movement,movement,1,1,,left,movement_match,0,0
2336,emergency,unknown,0,0,,,no_rule_hit,0,0
2337,unknown,unknown,1,0,,,no_rule_hit,0,0
2338,unknown,unknown,1,0,,,no_rule_hit,0,0
2339,unknown,unknown,1,0,,,no_rule_hit,0,0
2340,movement,unknown,0,0,,,no_rule_hit,0,0
2341,unknown,unknown,1,0,,,no_rule_hit,0,0
2342,emergency,unknown,0,0,,,no_rule_hit,0,0
2343,emergency,unknown,0,0,,,no_rule_hit,0,0
2344,emergency,unknown,0,0,,,no_rule_hit,0,0
2345,movement,unknown,0,0,,,no_rule_hit,0,0
2346,movement,unknown,0,0,,,no_rule_hit,0,0
2347,emergency,unknown,0,0,,,no_rule_hit,0,0
2348,emergency,unknown,0,0,,,no_rule_hit,0,0
2349,unknown,unknown,1,0,,,no_rule_hit,0,0
2350,unknown,unknown,1,0,,,no_rule_hit,0,0
2351,unknown,unknown,1,0,,,no_rule_hit,0,0
2352,movement,unknown,0,0,,,no_rule_hit,0,0
2353,emergency,emergency,1,1,stop,,emergency_precedence,0,0
2354,emergency,emergency,1,1,stop,,emergency_precedence,0,0
2355,movement,unknown,0,0,,,no_rule_hit,0,0
2356,unknown,unknown,1,0,,,no_rule_hit,0,0
2357,emergency,unknown,0,0,,,no_rule_hit,0,0
2358,movement,unknown,0,0,,,no_rule_hit,0,0
2359,unknown,unknown,1,0,,,no_rule_hit,0,0
2360,unknown,unknown,1,0,,,no_rule_hit,0,0
2361,unknown,unknown,1,0,,,no_rule_hit,0,0
2362,emergency,emergency,1,1,no,,emergency_precedence,0,0
2363,emergency,unknown,0,0,,,no_rule_hit,0,0
2364,unknown,unknown,1,0,,,no_rule_hit,0,0
2365,unknown,unknown,1,0,,,no_rule_hit,0,0
2366,unknown,unknown,1,0,,,no_rule_hit,0,0
2367,emergency,movement,0,1,,go,movement_match,0,0
2368,unknown,unknown,1,0,,,no_rule_hit,0,0
2369,movement,unknown,0,0,,,no_rule_hit,0,0
2370,emergency,unknown,0,0,,,no_rule_hit,0,0
2371,emergency,emergency,1,1,yes,,emergency_precedence,0,0
2372,movement,unknown,0,0,,,no_rule_hit,0,0
2373,movement,unknown,0,0,,,no_rule_hit,0,0
2374,emergency,emergency,1,1,no,,emergency_precedence,0,0
2375,unknown,unknown,1,0,,,no_rule_hit,0,0
2376,unknown,unknown,1,0,,,no_rule_hit,0,0
2377,movement,unknown,0,0,,,no_rule_hit,0,0
2378,movement,unknown,0,0,,,no_rule_hit,0,0
2379,movement,unknown,0,0,,,no_rule_hit,0,0
2380,unknown,unknown,1,0,,,no_rule_hit,0,0
2381,unknown,unknown,1,0,,,no_rule_hit,0,0
2382,movement,movement,1,1,,down,movement_match,0,0
2383,emergency,emergency,1,1,no,,emergency_precedence,0,0
2384,movement,unknown,0,0,,,no_rule_hit,0,0
2385,movement,unknown,0,0,,,no_rule_hit,0,0
2386,emergency,unknown,0,0,,,no_rule_hit,0,0
2387,emergency,unknown,0,0,,,no_rule_hit,0,0
2388,movement,unknown,0,0,,,no_rule_hit,0,0
2389,emergency,emergency,1,1,no,,emergency_precedence,0,0
2390,movement,unknown,0,0,,,no_rule_hit,0,0
2391,emergency,unknown,0,0,,,no_rule_hit,0,0
2392,emergency,unknown,0,0,,,no_rule_hit,0,0
2393,emergency,emergency,1,1,no,,emergency_precedence,0,0
2394,movement,unknown,0,0,,,no_rule_hit,0,0
2395,movement,unknown,0,0,,,no_rule_hit,0,0
2396,movement,unknown,0,0,,,no_rule_hit,0,0
2397,unknown,unknown,1,0,,,no_rule_hit,0,0
2398,unknown,unknown,1,0,,,no_rule_hit,0,0
2399,unknown,unknown,1,0,,,no_rule_hit,0,0
2400,emergency,unknown,0,0,,,no_rule_hit,0,0
2401,unknown,unknown,1,0,,,no_rule_hit,0,0
2402,emergency,unknown,0,0,,,no_rule_hit,0,0
2403,unknown,unknown,1,0,,,no_rule_hit,0,0
2404,emergency,unknown,0,0,,,no_rule_hit,0,0
2405,emergency,unknown,0,0,,,no_rule_hit,0,0
2406,movement,unknown,0,0,,,no_rule_hit,0,0
2407,movement,unknown,0,0,,,no_rule_hit,0,0
2408,unknown,unknown,1,0,,,no_rule_hit,0,0
2409,unknown,unknown,1,0,,,no_rule_hit,0,0
2410,unknown,unknown,1,0,,,no_rule_hit,0,0
2411,unknown,unknown,1,0,,,no_rule_hit,0,0
2412,movement,movement,1,1,,go,movement_match,0,0
2413,emergency,unknown,0,0,,,no_rule_hit,0,0
2414,movement,unknown,0,0,,,no_rule_hit,0,0
2415,movement,unknown,0,0,,,no_rule_hit,0,0
2416,emergency,unknown,0,0,,,no_rule_hit,0,0
2417,emergency,emergency,1,1,yes,,emergency_precedence,0,0
2418,movement,unknown,0,0,,,no_rule_hit,0,0
2419,movement,unknown,0,0,,,no_rule_hit,0,0
2420,emergency,emergency,1,1,yes,,emergency_precedence,0,0
2421,emergency,unknown,0,0,,,no_rule_hit,0,0
2422,emergency,unknown,0,0,,,no_rule_hit,0,0
2423,unknown,unknown,1,0,,,no_rule_hit,0,0
2424,unknown,unknown,1,0,,,no_rule_hit,0,0
2425,emergency,emergency,1,1,yes,,emergency_precedence,0,0
2426,emergency,unknown,0,0,,,no_rule_hit,0,0
2427,emergency,unknown,0,0,,,no_rule_hit,0,0
2428,unknown,unknown,1,0,,,no_rule_hit,0,0
2429,emergency,unknown,0,0,,,no_rule_hit,0,0
2430,movement,unknown,0,0,,,no_rule_hit,0,0
2431,emergency,emergency,1,1,wow,,emergency_precedence,0,0
2432,emergency,unknown,0,0,,,no_rule_hit,0,0
2433,emergency,unknown,0,0,,,no_rule_hit,0,0
2434,unknown,unknown,1,0,,,no_rule_hit,0,0
2435,movement,unknown,0,0,,,no_rule_hit,0,0
2436,emergency,unknown,0,0,,,no_rule_hit,0,0
2437,movement,unknown,0,0,,,no_rule_hit,0,0
2438,emergency,emergency,1,1,no,,emergency_precedence,0,0
2439,emergency,emergency,1,1,yes,,emergency_precedence,0,0
2440,movement,unknown,0,0,,,no_rule_hit,0,0
2441,emergency,emergency,1,1,yes,,emergency_precedence,0,0
2442,movement,unknown,0,0,,,no_rule_hit,0,0
2443,unknown,unknown,1,0,,,no_rule_hit,0,0
2444,emergency,unknown,0,0,,,no_rule_hit,0,0
2445,unknown,unknown,1,0,,,no_rule_hit,0,0
2446,movement,unknown,0,0,,,no_rule_hit,0,0
2447,emergency,unknown,0,0,,,no_rule_hit,0,0
2448,movement,unknown,0,0,,,no_rule_hit,0,0
2449,emergency,unknown,0,0,,,no_rule_hit,0,0
2450,unknown,unknown,1,0,,,no_rule_hit,0,0
2451,unknown,unknown,1,0,,,no_rule_hit,0,0
2452,unknown,unknown,1,0,,,no_rule_hit,0,0
2453,movement,unknown,0,0,,,no_rule_hit,0,0
2454,unknown,unknown,1,0,,,no_rule_hit,0,0
2455,movement,unknown,0,0,,,no_rule_hit,0,0
2456,unknown,unknown,1,0,,,no_rule_hit,0,0
2457,unknown,unknown,1,0,,,no_rule_hit,0,0
2458,unknown,unknown,1,0,,,no_rule_hit,0,0
2459,unknown,unknown,1,0,,,no_rule_hit,0,0
2460,movement,movement,1,1,,down,movement_match,0,0
2461,unknown,unknown,1,0,,,no_rule_hit,0,0
2462,unknown,unknown,1,0,,,no_rule_hit,0,0
2463,emergency,unknown,0,0,,,no_rule_hit,0,0
2464,unknown,unknown,1,0,,,no_rule_hit,0,0
2465,unknown,unknown,1,0,,,no_rule_hit,0,0
2466,movement,movement,1,1,,follow,movement_match,0,0
2467,movement,unknown,0,0,,,no_rule_hit,0,0
2468,unknown,unknown,1,0,,,no_rule_hit,0,0
2469,emergency,unknown,0,0,,,no_rule_hit,0,0
2470,movement,unknown,0,0,,,no_rule_hit,0,0
2471,unknown,unknown,1,0,,,no_rule_hit,0,0
2472,unknown,unknown,1,0,,,no_rule_hit,0,0
2473,unknown,unknown,1,0,,,no_rule_hit,0,0
2474,emergency,unknown,0,0,,,no_rule_hit,0,0
2475,movement,unknown,0,0,,,no_rule_hit,0,0
2476,emergency,unknown,0,0,,,no_rule_hit,0,0
2477,emergency,unknown,0,0,,,no_rule_hit,0,0
2478,unknown,unknown,1,0,,,no_rule_hit,0,0
2479,movement,unknown,0,0,,,no_rule_hit,0,0
2480,emergency,unknown,0,0,,,no_rule_hit,0,0
2481,emergency,emergency,1,1,yes,,emergency_precedence,0,0
2482,movement,unknown,0,0,,,no_rule_hit,0,0
2483,unknown,unknown,1,0,,,no_rule_hit,0,0
2484,movement,emergency,0,1,wow,,emergency_precedence,0,0
2485,unknown,unknown,1,0,,,no_rule_hit,0,0
2486,emergency,emergency,1,1,wow,,emergency_precedence,0,0
2487,emergency,unknown,0,0,,,no_rule_hit,0,0
2488,emergency,emergency,1,1,stop,,emergency_precedence,0,0
2489,unknown,unknown,1,0,,,no_rule_hit,0,0
2490,movement,unknown,0,0,,,no_rule_hit,0,0
2491,unknown,movement,0,1,,go,movement_match,1,0
2492,movement,unknown,0,0,,,no_rule_hit,0,0
2493,movement,unknown,0,0,,,no_rule_hit,0,0
2494,unknown,unknown,1,0,,,no_rule_hit,0,0
2495,unknown,unknown,1,0,,,no_rule_hit,0,0
2496,unknown,unknown,1,0,,,no_rule_hit,0,0
2497,movement,emergency,0,1,yes,,emergency_precedence,0,0
2498,unknown,unknown,1,0,,,no_rule_hit,0,0
2499,movement,unknown,0,0,,,no_rule_hit,0,0
2500,emergency,unknown,0,0,,,no_rule_hit,0,0
2501,unknown,unknown,1,0,,,no_rule_hit,0,0
2502,movement,movement,1,1,,left,movement_match,0,0
2503,unknown,unknown,1,0,,,no_rule_hit,0,0
2504,emergency,emergency,1,1,no,,emergency_precedence,0,0
2505,movement,unknown,0,0,,,no_rule_hit,0,0
2506,emergency,unknown,0,0,,,no_rule_hit,0,0
2507,unknown,unknown,1,0,,,no_rule_hit,0,0
2508,movement,movement,1,1,,down,movement_match,0,0
2509,movement,unknown,0,0,,,no_rule_hit,0,0
2510,unknown,unknown,1,0,,,no_rule_hit,0,0
2511,movement,unknown,0,0,,,no_rule_hit,0,0
2512,movement,unknown,0,0,,,no_rule_hit,0,0
2513,emergency,unknown,0,0,,,no_rule_hit,0,0
2514,movement,unknown,0,0,,,no_rule_hit,0,0
2515,emergency,emergency,1,1,yes,,emergency_precedence,0,0
2516,unknown,unknown,1,0,,,no_rule_hit,0,0
2517,unknown,unknown,1,0,,,no_rule_hit,0,0
2518,emergency,unknown,0,0,,,no_rule_hit,0,0
2519,unknown,unknown,1,0,,,no_rule_hit,0,0
2520,unknown,unknown,1,0,,,no_rule_hit,0,0
2521,unknown,unknown,1,0,,,no_rule_hit,0,0
2522,unknown,unknown,1,0,,,no_rule_hit,0,0
2523,emergency,unknown,0,0,,,no_rule_hit,0,0
2524,emergency,emergency,1,1,no,,emergency_precedence,0,0
2525,emergency,unknown,0,0,,,no_rule_hit,0,0
2526,movement,unknown,0,0,,,no_rule_hit,0,0
2527,movement,unknown,0,0,,,no_rule_hit,0,0
2528,emergency,unknown,0,0,,,no_rule_hit,0,0
2529,unknown,unknown,1,0,,,no_rule_hit,0,0
2530,movement,unknown,0,0,,,no_rule_hit,0,0
2531,emergency,unknown,0,0,,,no_rule_hit,0,0
2532,movement,unknown,0,0,,,no_rule_hit,0,0
2533,emergency,unknown,0,0,,,no_rule_hit,0,0
2534,unknown,unknown,1,0,,,no_rule_hit,0,0
2535,emergency,unknown,0,0,,,no_rule_hit,0,0
2536,unknown,unknown,1,0,,,no_rule_hit,0,0
2537,emergency,emergency,1,1,stop,,emergency_precedence,0,0
2538,unknown,unknown,1,0,,,no_rule_hit,0,0
2539,emergency,emergency,1,1,no,,emergency_precedence,0,0
2540,unknown,unknown,1,0,,,no_rule_hit,0,0
2541,movement,unknown,0,0,,,no_rule_hit,0,0
2542,unknown,unknown,1,0,,,no_rule_hit,0,0
2543,movement,movement,1,1,,down,movement_match,0,0
2544,unknown,unknown,1,0,,,no_rule_hit,0,0
2545,movement,unknown,0,0,,,no_rule_hit,0,0
2546,emergency,unknown,0,0,,,no_rule_hit,0,0
2547,emergency,emergency,1,1,yes,,emergency_precedence,0,0
2548,movement,unknown,0,0,,,no_rule_hit,0,0
2549,movement,unknown,0,0,,,no_rule_hit,0,0
2550,movement,unknown,0,0,,,no_rule_hit,0,0
2551,movement,unknown,0,0,,,no_rule_hit,0,0
2552,unknown,unknown,1,0,,,no_rule_hit,0,0
2553,unknown,emergency,0,1,yes,,emergency_precedence,1,0
2554,unknown,unknown,1,0,,,no_rule_hit,0,0
2555,movement,unknown,0,0,,,no_rule_hit,0,0
2556,movement,unknown,0,0,,,no_rule_hit,0,0
2557,movement,unknown,0,0,,,no_rule_hit,0,0
2558,movement,unknown,0,0,,,no_rule_hit,0,0
2559,movement,unknown,0,0,,,no_rule_hit,0,0
2560,movement,emergency,0,1,wow,,emergency_precedence,0,0
2561,unknown,unknown,1,0,,,no_rule_hit,0,0
2562,emergency,emergency,1,1,stop,,emergency_precedence,0,0
2563,unknown,unknown,1,0,,,no_rule_hit,0,0
2564,emergency,unknown,0,0,,,no_rule_hit,0,0
2565,emergency,unknown,0,0,,,no_rule_hit,0,0
2566,unknown,unknown,1,0,,,no_rule_hit,0,0
2567,emergency,unknown,0,0,,,no_rule_hit,0,0
2568,unknown,unknown,1,0,,,no_rule_hit,0,0
2569,movement,movement,1,1,,go,movement_match,0,0
2570,movement,unknown,0,0,,,no_rule_hit,0,0
2571,emergency,emergency,1,1,wow,,emergency_precedence,0,0
2572,unknown,unknown,1,0,,,no_rule_hit,0,0
2573,movement,movement,1,1,,go,movement_match,0,0
2574,unknown,unknown,1,0,,,no_rule_hit,0,0
2575,movement,unknown,0,0,,,no_rule_hit,0,0
2576,emergency,emergency,1,1,yes,,emergency_precedence,0,0
2577,emergency,unknown,0,0,,,no_rule_hit,0,0
2578,movement,unknown,0,0,,,no_rule_hit,0,0
2579,unknown,unknown,1,0,,,no_rule_hit,0,0
2580,movement,unknown,0,0,,,no_rule_hit,0,0
2581,emergency,unknown,0,0,,,no_rule_hit,0,0
2582,movement,unknown,0,0,,,no_rule_hit,0,0
2583,unknown,unknown,1,0,,,no_rule_hit,0,0
2584,emergency,unknown,0,0,,,no_rule_hit,0,0
2585,unknown,unknown,1,0,,,no_rule_hit,0,0
2586,movement,unknown,0,0,,,no_rule_hit,0,0
2587,unknown,unknown,1,0,,,no_rule_hit,0,0
2588,emergency,emergency,1,1,no,,emergency_precedence,0,0
2589,emergency,emergency,1,1,yes,,emergency_precedence,0,0
2590,unknown,unknown,1,0,,,no_rule_hit,0,0
2591,emergency,unknown,0,0,,,no_rule_hit,0,0
2592,unknown,unknown,1,0,,,no_rule_hit,0,0
2593,emergency,unknown,0,0,,,no_rule_hit,0,0
2594,emergency,unknown,0,0,,,no_rule_hit,0,0
2595,unknown,unknown,1,0,,,no_rule_hit,0,0
2596,movement,unknown,0,0,,,no_rule_hit,0,0
2597,movement,unknown,0,0,,,no_rule_hit,0,0
2598,movement,unknown,0,0,,,no_rule_hit,0,0
2599,emergency,unknown,0,0,,,no_rule_hit,0,0
2600,movement,unknown,0,0,,,no_rule_hit,0,0
2601,movement,unknown,0,0,,,no_rule_hit,0,0
2602,unknown,unknown,1,0,,,no_rule_hit,0,0
2603,unknown,movement,0,1,,come on,movement_match,1,0
2604,movement,movement,1,1,,off,movement_match,0,0
2605,unknown,unknown,1,0,,,no_rule_hit,0,0
2606,emergency,unknown,0,0,,,no_rule_hit,0,0
2607,unknown,unknown,1,0,,,no_rule_hit,0,0
2608,unknown,unknown,1,0,,,no_rule_hit,0,0
2609,emergency,unknown,0,0,,,no_rule_hit,0,0
2610,emergency,unknown,0,0,,,no_rule_hit,0,0
2611,emergency,unknown,0,0,,,no_rule_hit,0,0
2612,movement,unknown,0,0,,,no_rule_hit,0,0
2613,emergency,unknown,0,0,,,no_rule_hit,0,0
2614,emergency,emergency,1,1,no,,emergency_precedence,0,0
2615,emergency,unknown,0,0,,,no_rule_hit,0,0
2616,movement,unknown,0,0,,,no_rule_hit,0,0
2617,unknown,unknown,1,0,,,no_rule_hit,0,0
2618,movement,unknown,0,0,,,no_rule_hit,0,0
2619,emergency,unknown,0,0,,,no_rule_hit,0,0
2620,emergency,unknown,0,0,,,no_rule_hit,0,0
2621,emergency,unknown,0,0,,,no_rule_hit,0,0
2622,movement,unknown,0,0,,,no_rule_hit,0,0
2623,unknown,unknown,1,0,,,no_rule_hit,0,0
2624,movement,unknown,0,0,,,no_rule_hit,0,0
2625,emergency,unknown,0,0,,,no_rule_hit,0,0
2626,movement,unknown,0,0,,,no_rule_hit,0,0
2627,movement,unknown,0,0,,,no_rule_hit,0,0
2628,unknown,emergency,0,1,no,,emergency_precedence,1,0
2629,emergency,emergency,1,1,yes,,emergency_precedence,0,0
2630,unknown,unknown,1,0,,,no_rule_hit,0,0
2631,unknown,unknown,1,0,,,no_rule_hit,0,0
2632,unknown,unknown,1,0,,,no_rule_hit,0,0
2633,emergency,unknown,0,0,,,no_rule_hit,0,0
2634,movement,unknown,0,0,,,no_rule_hit,0,0
2635,unknown,unknown,1,0,,,no_rule_hit,0,0
2636,emergency,emergency,1,1,yes,,emergency_precedence,0,0
2637,emergency,unknown,0,0,,,no_rule_hit,0,0
2638,unknown,unknown,1,0,,,no_rule_hit,0,0
2639,movement,unknown,0,0,,,no_rule_hit,0,0
2640,unknown,unknown,1,0,,,no_rule_hit,0,0
2641,movement,emergency,0,1,no,,emergency_precedence,0,0
2642,unknown,unknown,1,0,,,no_rule_hit,0,0
2643,emergency,unknown,0,0,,,no_rule_hit,0,0
2644,movement,unknown,0,0,,,no_rule_hit,0,0
2645,movement,unknown,0,0,,,no_rule_hit,0,0
2646,movement,unknown,0,0,,,no_rule_hit,0,0
2647,emergency,unknown,0,0,,,no_rule_hit,0,0
2648,unknown,unknown,1,0,,,no_rule_hit,0,0
2649,emergency,unknown,0,0,,,no_rule_hit,0,0
2650,movement,movement,1,1,,right,movement_match,0,0
2651,emergency,unknown,0,0,,,no_rule_hit,0,0
2652,emergency,unknown,0,0,,,no_rule_hit,0,0
2653,movement,unknown,0,0,,,no_rule_hit,0,0
2654,emergency,unknown,0,0,,,no_rule_hit,0,0
2655,emergency,unknown,0,0,,,no_rule_hit,0,0
2656,unknown,unknown,1,0,,,no_rule_hit,0,0
2657,emergency,emergency,1,1,wow,,emergency_precedence,0,0
2658,unknown,unknown,1,0,,,no_rule_hit,0,0
2659,unknown,unknown,1,0,,,no_rule_hit,0,0
2660,emergency,unknown,0,0,,,no_rule_hit,0,0
2661,emergency,unknown,0,0,,,no_rule_hit,0,0
2662,unknown,unknown,1,0,,,no_rule_hit,0,0
2663,movement,unknown,0,0,,,no_rule_hit,0,0
2664,emergency,emergency,1,1,no,,emergency_precedence,0,0
2665,unknown,unknown,1,0,,,no_rule_hit,0,0
2666,movement,unknown,0,0,,,no_rule_hit,0,0
2667,unknown,unknown,1,0,,,no_rule_hit,0,0
2668,emergency,emergency,1,1,yes,,emergency_precedence,0,0
2669,emergency,unknown,0,0,,,no_rule_hit,0,0
2670,movement,unknown,0,0,,,no_rule_hit,0,0
2671,emergency,unknown,0,0,,,no_rule_hit,0,0
2672,movement,unknown,0,0,,,no_rule_hit,0,0
2673,unknown,unknown,1,0,,,no_rule_hit,0,0
2674,emergency,unknown,0,0,,,no_rule_hit,0,0
2675,emergency,unknown,0,0,,,no_rule_hit,0,0
2676,emergency,movement,0,1,,go,movement_match,0,0
2677,unknown,unknown,1,0,,,no_rule_hit,0,0
2678,emergency,unknown,0,0,,,no_rule_hit,0,0
2679,movement,unknown,0,0,,,no_rule_hit,0,0
2680,unknown,unknown,1,0,,,no_rule_hit,0,0
2681,movement,movement,1,1,,left,movement_match,0,0
2682,movement,unknown,0,0,,,no_rule_hit,0,0
2683,movement,movement,1,1,,go,movement_match,0,0
2684,unknown,unknown,1,0,,,no_rule_hit,0,0
2685,movement,unknown,0,0,,,no_rule_hit,0,0
2686,movement,unknown,0,0,,,no_rule_hit,0,0
2687,unknown,unknown,1,0,,,no_rule_hit,0,0
2688,emergency,unknown,0,0,,,no_rule_hit,0,0
2689,emergency,unknown,0,0,,,no_rule_hit,0,0
2690,emergency,unknown,0,0,,,no_rule_hit,0,0
2691,unknown,unknown,1,0,,,no_rule_hit,0,0
2692,movement,unknown,0,0,,,no_rule_hit,0,0
2693,movement,unknown,0,0,,,no_rule_hit,0,0
2694,movement,unknown,0,0,,,no_rule_hit,0,0
2695,unknown,unknown,1,0,,,no_rule_hit,0,0
2696,unknown,unknown,1,0,,,no_rule_hit,0,0
2697,unknown,unknown,1,0,,,no_rule_hit,0,0
2698,movement,unknown,0,0,,,no_rule_hit,0,0
2699,unknown,unknown,1,0,,,no_rule_hit,0,0
2700,movement,unknown,0,0,,,no_rule_hit,0,0
2701,movement,unknown,0,0,,,no_rule_hit,0,0
2702,movement,unknown,0,0,,,no_rule_hit,0,0
2703,movement,unknown,0,0,,,no_rule_hit,0,0
2704,emergency,unknown,0,0,,,no_rule_hit,0,0
2705,unknown,unknown,1,0,,,no_rule_hit,0,0
2706,unknown,unknown,1,0,,,no_rule_hit,0,0
2707,unknown,unknown,1,0,,,no_rule_hit,0,0
2708,unknown,unknown,1,0,,,no_rule_hit,0,0
2709,unknown,unknown,1,0,,,no_rule_hit,0,0
2710,movement,movement,1,1,,down,movement_match,0,0
2711,movement,unknown,0,0,,,no_rule_hit,0,0
2712,unknown,unknown,1,0,,,no_rule_hit,0,0
2713,emergency,unknown,0,0,,,no_rule_hit,0,0
2714,unknown,movement,0,1,,go,movement_match,1,0
2715,unknown,unknown,1,0,,,no_rule_hit,0,0
2716,emergency,unknown,0,0,,,no_rule_hit,0,0
2717,emergency,unknown,0,0,,,no_rule_hit,0,0
2718,emergency,unknown,0,0,,,no_rule_hit,0,0
2719,emergency,emergency,1,1,yes,,emergency_precedence,0,0
2720,unknown,unknown,1,0,,,no_rule_hit,0,0
2721,movement,unknown,0,0,,,no_rule_hit,0,0
2722,unknown,unknown,1,0,,,no_rule_hit,0,0
2723,movement,unknown,0,0,,,no_rule_hit,0,0
2724,movement,unknown,0,0,,,no_rule_hit,0,0
2725,movement,movement,1,1,,go,movement_match,0,0
2726,emergency,unknown,0,0,,,no_rule_hit,0,0
2727,unknown,unknown,1,0,,,no_rule_hit,0,0
2728,emergency,movement,0,1,,go,movement_match,0,0
2729,emergency,movement,0,1,,go,movement_match,0,0
2730,movement,unknown,0,0,,,no_rule_hit,0,0
2731,movement,unknown,0,0,,,no_rule_hit,0,0
2732,emergency,emergency,1,1,yes,,emergency_precedence,0,0
2733,unknown,unknown,1,0,,,no_rule_hit,0,0
2734,unknown,unknown,1,0,,,no_rule_hit,0,0
2735,movement,movement,1,1,,right,movement_match,0,0
2736,unknown,unknown,1,0,,,no_rule_hit,0,0
2737,movement,unknown,0,0,,,no_rule_hit,0,0
2738,unknown,unknown,1,0,,,no_rule_hit,0,0
2739,emergency,unknown,0,0,,,no_rule_hit,0,0
2740,unknown,unknown,1,0,,,no_rule_hit,0,0
2741,movement,unknown,0,0,,,no_rule_hit,0,0
2742,movement,unknown,0,0,,,no_rule_hit,0,0
2743,emergency,unknown,0,0,,,no_rule_hit,0,0
2744,unknown,unknown,1,0,,,no_rule_hit,0,0
2745,movement,unknown,0,0,,,no_rule_hit,0,0
2746,unknown,unknown,1,0,,,no_rule_hit,0,0
2747,movement,unknown,0,0,,,no_rule_hit,0,0
2748,movement,unknown,0,0,,,no_rule_hit,0,0
2749,movement,unknown,0,0,,,no_rule_hit,0,0
2750,emergency,unknown,0,0,,,no_rule_hit,0,0
2751,emergency,unknown,0,0,,,no_rule_hit,0,0
2752,unknown,unknown,1,0,,,no_rule_hit,0,0
2753,movement,unknown,0,0,,,no_rule_hit,0,0
2754,emergency,unknown,0,0,,,no_rule_hit,0,0
2755,emergency,unknown,0,0,,,no_rule_hit,0,0
2756,movement,unknown,0,0,,,no_rule_hit,0,0
2757,emergency,emergency,1,1,stop,,emergency_precedence,0,0
2758,emergency,unknown,0,0,,,no_rule_hit,0,0
2759,unknown,unknown,1,0,,,no_rule_hit,0,0
2760,unknown,unknown,1,0,,,no_rule_hit,0,0
2761,movement,movement,1,1,,go,movement_match,0,0
2762,movement,unknown,0,0,,,no_rule_hit,0,0
2763,unknown,unknown,1,0,,,no_rule_hit,0,0
2764,movement,unknown,0,0,,,no_rule_hit,0,0
2765,movement,unknown,0,0,,,no_rule_hit,0,0
2766,unknown,unknown,1,0,,,no_rule_hit,0,0
2767,movement,unknown,0,0,,,no_rule_hit,0,0
2768,movement,unknown,0,0,,,no_rule_hit,0,0
2769,movement,unknown,0,0,,,no_rule_hit,0,0
2770,unknown,unknown,1,0,,,no_rule_hit,0,0
2771,emergency,unknown,0,0,,,no_rule_hit,0,0
2772,unknown,unknown,1,0,,,no_rule_hit,0,0
2773,unknown,unknown,1,0,,,no_rule_hit,0,0
2774,unknown,unknown,1,0,,,no_rule_hit,0,0
2775,movement,unknown,0,0,,,no_rule_hit,0,0
2776,unknown,unknown,1,0,,,no_rule_hit,0,0
2777,unknown,unknown,1,0,,,no_rule_hit,0,0
2778,emergency,emergency,1,1,yes,,emergency_precedence,0,0
2779,emergency,unknown,0,0,,,no_rule_hit,0,0
2780,movement,unknown,0,0,,,no_rule_hit,0,0
2781,movement,unknown,0,0,,,no_rule_hit,0,0
2782,movement,unknown,0,0,,,no_rule_hit,0,0
2783,movement,movement,1,1,,on,movement_match,0,0
2784,emergency,emergency,1,1,no,,emergency_precedence,0,0
2785,emergency,emergency,1,1,yes,,emergency_precedence,0,0
2786,emergency,emergency,1,1,yes,,emergency_precedence,0,0
2787,unknown,unknown,1,0,,,no_rule_hit,0,0
2788,unknown,unknown,1,0,,,no_rule_hit,0,0
2789,movement,unknown,0,0,,,no_rule_hit,0,0
2790,unknown,unknown,1,0,,,no_rule_hit,0,0
2791,movement,unknown,0,0,,,no_rule_hit,0,0
2792,movement,unknown,0,0,,,no_rule_hit,0,0
2793,unknown,unknown,1,0,,,no_rule_hit,0,0
2794,unknown,unknown,1,0,,,no_rule_hit,0,0
2795,unknown,unknown,1,0,,,no_rule_hit,0,0
2796,movement,unknown,0,0,,,no_rule_hit,0,0
2797,unknown,unknown,1,0,,,no_rule_hit,0,0
2798,movement,unknown,0,0,,,no_rule_hit,0,0
2799,unknown,unknown,1,0,,,no_rule_hit,0,0
2800,unknown,unknown,1,0,,,no_rule_hit,0,0
2801,emergency,unknown,0,0,,,no_rule_hit,0,0
2802,emergency,unknown,0,0,,,no_rule_hit,0,0
2803,movement,unknown,0,0,,,no_rule_hit,0,0
2804,emergency,unknown,0,0,,,no_rule_hit,0,0
2805,movement,unknown,0,0,,,no_rule_hit,0,0
2806,unknown,unknown,1,0,,,no_rule_hit,0,0
2807,movement,movement,1,1,,go,movement_match,0,0
2808,emergency,emergency,1,1,yes,,emergency_precedence,0,0
2809,movement,unknown,0,0,,,no_rule_hit,0,0
2810,movement,unknown,0,0,,,no_rule_hit,0,0
2811,movement,movement,1,1,,follow,movement_match,0,0
2812,unknown,unknown,1,0,,,no_rule_hit,0,0
2813,emergency,unknown,0,0,,,no_rule_hit,0,0
2814,unknown,unknown,1,0,,,no_rule_hit,0,0
2815,emergency,unknown,0,0,,,no_rule_hit,0,0
2816,unknown,unknown,1,0,,,no_rule_hit,0,0
2817,emergency,unknown,0,0,,,no_rule_hit,0,0
2818,unknown,unknown,1,0,,,no_rule_hit,0,0
2819,unknown,unknown,1,0,,,no_rule_hit,0,0
2820,emergency,unknown,0,0,,,no_rule_hit,0,0
2821,movement,emergency,0,1,hold,,emergency_precedence,0,0
2822,emergency,unknown,0,0,,,no_rule_hit,0,0
2823,movement,unknown,0,0,,,no_rule_hit,0,0
2824,emergency,unknown,0,0,,,no_rule_hit,0,0
2825,unknown,unknown,1,0,,,no_rule_hit,0,0
2826,movement,unknown,0,0,,,no_rule_hit,0,0
2827,emergency,unknown,0,0,,,no_rule_hit,0,0
2828,unknown,unknown,1,0,,,no_rule_hit,0,0
2829,movement,unknown,0,0,,,no_rule_hit,0,0
2830,movement,unknown,0,0,,,no_rule_hit,0,0
2831,movement,unknown,0,0,,,no_rule_hit,0,0
2832,movement,unknown,0,0,,,no_rule_hit,0,0
2833,unknown,unknown,1,0,,,no_rule_hit,0,0
2834,emergency,unknown,0,0,,,no_rule_hit,0,0
2835,unknown,unknown,1,0,,,no_rule_hit,0,0
2836,emergency,unknown,0,0,,,no_rule_hit,0,0
2837,movement,movement,1,1,,on,movement_match,0,0
2838,movement,unknown,0,0,,,no_rule_hit,0,0
2839,emergency,unknown,0,0,,,no_rule_hit,0,0
2840,unknown,unknown,1,0,,,no_rule_hit,0,0
2841,movement,unknown,0,0,,,no_rule_hit,0,0
2842,emergency,movement,0,1,,go,movement_match,0,0
2843,unknown,unknown,1,0,,,no_rule_hit,0,0
2844,movement,movement,1,1,,left,movement_match,0,0
2845,emergency,unknown,0,0,,,no_rule_hit,0,0
2846,movement,unknown,0,0,,,no_rule_hit,0,0
2847,movement,unknown,0,0,,,no_rule_hit,0,0
2848,unknown,unknown,1,0,,,no_rule_hit,0,0
2849,movement,movement,1,1,,left,movement_match,0,0
2850,emergency,emergency,1,1,yes,,emergency_precedence,0,0
2851,emergency,unknown,0,0,,,no_rule_hit,0,0
2852,unknown,unknown,1,0,,,no_rule_hit,0,0
2853,unknown,unknown,1,0,,,no_rule_hit,0,0
2854,emergency,unknown,0,0,,,no_rule_hit,0,0
2855,unknown,unknown,1,0,,,no_rule_hit,0,0
2856,unknown,unknown,1,0,,,no_rule_hit,0,0
2857,unknown,unknown,1,0,,,no_rule_hit,0,0
2858,movement,unknown,0,0,,,no_rule_hit,0,0
2859,emergency,emergency,1,1,wow,,emergency_precedence,0,0
2860,movement,unknown,0,0,,,no_rule_hit,0,0
2861,movement,unknown,0,0,,,no_rule_hit,0,0
2862,movement,movement,1,1,,back go,movement_match,0,0
2863,unknown,unknown,1,0,,,no_rule_hit,0,0
2864,emergency,unknown,0,0,,,no_rule_hit,0,0
2865,unknown,unknown,1,0,,,no_rule_hit,0,0
2866,emergency,unknown,0,0,,,no_rule_hit,0,0
2867,emergency,unknown,0,0,,,no_rule_hit,0,0
2868,movement,movement,1,1,,down,movement_match,0,0
2869,movement,emergency,0,1,no,,emergency_precedence,0,0
2870,movement,unknown,0,0,,,no_rule_hit,0,0
2871,unknown,unknown,1,0,,,no_rule_hit,0,0
2872,unknown,unknown,1,0,,,no_rule_hit,0,0
2873,emergency,unknown,0,0,,,no_rule_hit,0,0
2874,emergency,unknown,0,0,,,no_rule_hit,0,0
2875,unknown,unknown,1,0,,,no_rule_hit,0,0
2876,unknown,unknown,1,0,,,no_rule_hit,0,0
2877,emergency,unknown,0,0,,,no_rule_hit,0,0
2878,emergency,unknown,0,0,,,no_rule_hit,0,0
2879,emergency,emergency,1,1,stop,,emergency_precedence,0,0
2880,emergency,unknown,0,0,,,no_rule_hit,0,0
2881,emergency,unknown,0,0,,,no_rule_hit,0,0
2882,unknown,unknown,1,0,,,no_rule_hit,0,0
2883,emergency,unknown,0,0,,,no_rule_hit,0,0
2884,movement,unknown,0,0,,,no_rule_hit,0,0
2885,emergency,emergency,1,1,no,,emergency_precedence,0,0
2886,emergency,emergency,1,1,yes,,emergency_precedence,0,0
2887,movement,unknown,0,0,,,no_rule_hit,0,0
2888,emergency,unknown,0,0,,,no_rule_hit,0,0
2889,emergency,unknown,0,0,,,no_rule_hit,0,0
2890,movement,unknown,0,0,,,no_rule_hit,0,0
2891,movement,unknown,0,0,,,no_rule_hit,0,0
2892,movement,unknown,0,0,,,no_rule_hit,0,0
2893,unknown,unknown,1,0,,,no_rule_hit,0,0
2894,movement,unknown,0,0,,,no_rule_hit,0,0
2895,movement,unknown,0,0,,,no_rule_hit,0,0
2896,movement,unknown,0,0,,,no_rule_hit,0,0
2897,movement,unknown,0,0,,,no_rule_hit,0,0
2898,unknown,unknown,1,0,,,no_rule_hit,0,0
2899,movement,unknown,0,0,,,no_rule_hit,0,0
2900,movement,unknown,0,0,,,no_rule_hit,0,0
2901,movement,unknown,0,0,,,no_rule_hit,0,0
2902,emergency,unknown,0,0,,,no_rule_hit,0,0
2903,emergency,unknown,0,0,,,no_rule_hit,0,0
2904,movement,unknown,0,0,,,no_rule_hit,0,0
2905,unknown,unknown,1,0,,,no_rule_hit,0,0
2906,emergency,unknown,0,0,,,no_rule_hit,0,0
2907,unknown,unknown,1,0,,,no_rule_hit,0,0
2908,unknown,unknown,1,0,,,no_rule_hit,0,0
2909,movement,unknown,0,0,,,no_rule_hit,0,0
2910,emergency,unknown,0,0,,,no_rule_hit,0,0
2911,movement,unknown,0,0,,,no_rule_hit,0,0
2912,unknown,unknown,1,0,,,no_rule_hit,0,0
2913,unknown,unknown,1,0,,,no_rule_hit,0,0
2914,unknown,unknown,1,0,,,no_rule_hit,0,0
2915,emergency,unknown,0,0,,,no_rule_hit,0,0
2916,unknown,unknown,1,0,,,no_rule_hit,0,0
2917,emergency,unknown,0,0,,,no_rule_hit,0,0
2918,unknown,unknown,1,0,,,no_rule_hit,0,0
2919,movement,movement,1,1,,right,movement_match,0,0
2920,unknown,unknown,1,0,,,no_rule_hit,0,0
2921,movement,unknown,0,0,,,no_rule_hit,0,0
2922,emergency,unknown,0,0,,,no_rule_hit,0,0
2923,movement,unknown,0,0,,,no_rule_hit,0,0
2924,emergency,unknown,0,0,,,no_rule_hit,0,0
2925,movement,emergency,0,1,no,,emergency_precedence,0,0
2926,emergency,unknown,0,0,,,no_rule_hit,0,0
2927,movement,unknown,0,0,,,no_rule_hit,0,0
2928,emergency,unknown,0,0,,,no_rule_hit,0,0
2929,emergency,emergency,1,1,stop,,emergency_precedence,0,0
2930,movement,unknown,0,0,,,no_rule_hit,0,0
2931,unknown,unknown,1,0,,,no_rule_hit,0,0
2932,unknown,unknown,1,0,,,no_rule_hit,0,0
2933,emergency,unknown,0,0,,,no_rule_hit,0,0
2934,unknown,unknown,1,0,,,no_rule_hit,0,0
2935,emergency,unknown,0,0,,,no_rule_hit,0,0
2936,unknown,unknown,1,0,,,no_rule_hit,0,0
2937,unknown,unknown,1,0,,,no_rule_hit,0,0
2938,movement,unknown,0,0,,,no_rule_hit,0,0
2939,unknown,emergency,0,1,yes,,emergency_precedence,1,0
2940,unknown,unknown,1,0,,,no_rule_hit,0,0
2941,movement,unknown,0,0,,,no_rule_hit,0,0
2942,movement,unknown,0,0,,,no_rule_hit,0,0
2943,emergency,emergency,1,1,yes,,emergency_precedence,0,0
2944,emergency,unknown,0,0,,,no_rule_hit,0,0
2945,unknown,unknown,1,0,,,no_rule_hit,0,0
2946,emergency,unknown,0,0,,,no_rule_hit,0,0
2947,emergency,unknown,0,0,,,no_rule_hit,0,0
2948,movement,unknown,0,0,,,no_rule_hit,0,0
2949,unknown,unknown,1,0,,,no_rule_hit,0,0
2950,emergency,unknown,0,0,,,no_rule_hit,0,0
2951,unknown,unknown,1,0,,,no_rule_hit,0,0
2952,emergency,unknown,0,0,,,no_rule_hit,0,0
2953,emergency,unknown,0,0,,,no_rule_hit,0,0
2954,movement,unknown,0,0,,,no_rule_hit,0,0
2955,unknown,unknown,1,0,,,no_rule_hit,0,0
2956,emergency,emergency,1,1,no,,emergency_precedence,0,0
2957,emergency,unknown,0,0,,,no_rule_hit,0,0
2958,unknown,unknown,1,0,,,no_rule_hit,0,0
2959,unknown,unknown,1,0,,,no_rule_hit,0,0
2960,unknown,unknown,1,0,,,no_rule_hit,0,0
2961,emergency,unknown,0,0,,,no_rule_hit,0,0
2962,unknown,unknown,1,0,,,no_rule_hit,0,0
2963,movement,unknown,0,0,,,no_rule_hit,0,0
2964,emergency,unknown,0,0,,,no_rule_hit,0,0
2965,movement,unknown,0,0,,,no_rule_hit,0,0
2966,unknown,unknown,1,0,,,no_rule_hit,0,0
2967,emergency,unknown,0,0,,,no_rule_hit,0,0
2968,unknown,unknown,1,0,,,no_rule_hit,0,0
2969,unknown,unknown,1,0,,,no_rule_hit,0,0
2970,unknown,unknown,1,0,,,no_rule_hit,0,0
2971,emergency,emergency,1,1,stop,,emergency_precedence,0,0
2972,emergency,emergency,1,1,yes,,emergency_precedence,0,0
2973,movement,unknown,0,0,,,no_rule_hit,0,0
2974,movement,unknown,0,0,,,no_rule_hit,0,0
2975,emergency,unknown,0,0,,,no_rule_hit,0,0
2976,unknown,unknown,1,0,,,no_rule_hit,0,0
2977,unknown,unknown,1,0,,,no_rule_hit,0,0
2978,emergency,unknown,0,0,,,no_rule_hit,0,0
2979,movement,unknown,0,0,,,no_rule_hit,0,0
2980,movement,movement,1,1,,right,movement_match,0,0
2981,movement,unknown,0,0,,,no_rule_hit,0,0
2982,movement,unknown,0,0,,,no_rule_hit,0,0
2983,unknown,unknown,1,0,,,no_rule_hit,0,0
2984,emergency,emergency,1,1,yes,,emergency_precedence,0,0
2985,emergency,unknown,0,0,,,no_rule_hit,0,0
2986,movement,unknown,0,0,,,no_rule_hit,0,0
2987,emergency,unknown,0,0,,,no_rule_hit,0,0
2988,emergency,emergency,1,1,stop,,emergency_precedence,0,0
2989,unknown,unknown,1,0,,,no_rule_hit,0,0
2990,emergency,movement,0,1,,go,movement_match,0,0
2991,emergency,emergency,1,1,wow,,emergency_precedence,0,0
2992,unknown,unknown,1,0,,,no_rule_hit,0,0
2993,movement,unknown,0,0,,,no_rule_hit,0,0
2994,movement,unknown,0,0,,,no_rule_hit,0,0
2995,unknown,unknown,1,0,,,no_rule_hit,0,0
2996,unknown,unknown,1,0,,,no_rule_hit,0,0
2997,movement,unknown,0,0,,,no_rule_hit,0,0
2998,unknown,unknown,1,0,,,no_rule_hit,0,0
2999,unknown,unknown,1,0,,,no_rule_hit,0,0
3000,movement,unknown,0,0,,,no_rule_hit,0,0
3001,movement,unknown,0,0,,,no_rule_hit,0,0
3002,movement,unknown,0,0,,,no_rule_hit,0,0
3003,movement,unknown,0,0,,,no_rule_hit,0,0
3004,unknown,unknown,1,0,,,no_rule_hit,0,0
3005,movement,movement,1,1,,down,movement_match,0,0
3006,emergency,unknown,0,0,,,no_rule_hit,0,0
3007,unknown,unknown,1,0,,,no_rule_hit,0,0
3008,unknown,unknown,1,0,,,no_rule_hit,0,0
3009,emergency,emergency,1,1,no,,emergency_precedence,0,0
3010,emergency,unknown,0,0,,,no_rule_hit,0,0
3011,movement,unknown,0,0,,,no_rule_hit,0,0
3012,unknown,unknown,1,0,,,no_rule_hit,0,0
3013,movement,unknown,0,0,,,no_rule_hit,0,0
3014,emergency,emergency,1,1,yes,,emergency_precedence,0,0
3015,emergency,unknown,0,0,,,no_rule_hit,0,0
3016,emergency,unknown,0,0,,,no_rule_hit,0,0
3017,movement,unknown,0,0,,,no_rule_hit,0,0
3018,movement,unknown,0,0,,,no_rule_hit,0,0
3019,movement,unknown,0,0,,,no_rule_hit,0,0
3020,emergency,unknown,0,0,,,no_rule_hit,0,0
3021,unknown,unknown,1,0,,,no_rule_hit,0,0
3022,movement,unknown,0,0,,,no_rule_hit,0,0
3023,movement,unknown,0,0,,,no_rule_hit,0,0
3024,emergency,unknown,0,0,,,no_rule_hit,0,0
3025,emergency,unknown,0,0,,,no_rule_hit,0,0
3026,unknown,unknown,1,0,,,no_rule_hit,0,0
3027,emergency,unknown,0,0,,,no_rule_hit,0,0
3028,movement,unknown,0,0,,,no_rule_hit,0,0
3029,emergency,unknown,0,0,,,no_rule_hit,0,0
3030,movement,unknown,0,0,,,no_rule_hit,0,0
3031,movement,unknown,0,0,,,no_rule_hit,0,0
3032,emergency,unknown,0,0,,,no_rule_hit,0,0
3033,emergency,unknown,0,0,,,no_rule_hit,0,0
3034,emergency,unknown,0,0,,,no_rule_hit,0,0
3035,movement,unknown,0,0,,,no_rule_hit,0,0
3036,unknown,unknown,1,0,,,no_rule_hit,0,0
3037,unknown,unknown,1,0,,,no_rule_hit,0,0
3038,emergency,unknown,0,0,,,no_rule_hit,0,0
3039,unknown,unknown,1,0,,,no_rule_hit,0,0
3040,unknown,unknown,1,0,,,no_rule_hit,0,0
3041,unknown,unknown,1,0,,,no_rule_hit,0,0
3042,emergency,unknown,0,0,,,no_rule_hit,0,0
3043,unknown,unknown,1,0,,,no_rule_hit,0,0
3044,emergency,emergency,1,1,wow,,emergency_precedence,0,0
3045,movement,unknown,0,0,,,no_rule_hit,0,0
3046,emergency,unknown,0,0,,,no_rule_hit,0,0
3047,emergency,unknown,0,0,,,no_rule_hit,0,0
3048,movement,unknown,0,0,,,no_rule_hit,0,0
3049,unknown,unknown,1,0,,,no_rule_hit,0,0
3050,movement,unknown,0,0,,,no_rule_hit,0,0
3051,unknown,unknown,1,0,,,no_rule_hit,0,0
3052,movement,unknown,0,0,,,no_rule_hit,0,0
3053,emergency,unknown,0,0,,,no_rule_hit,0,0
3054,emergency,unknown,0,0,,,no_rule_hit,0,0
3055,unknown,unknown,1,0,,,no_rule_hit,0,0
3056,unknown,unknown,1,0,,,no_rule_hit,0,0
3057,movement,movement,1,1,,left,movement_match,0,0
3058,emergency,unknown,0,0,,,no_rule_hit,0,0
3059,emergency,unknown,0,0,,,no_rule_hit,0,0
3060,unknown,unknown,1,0,,,no_rule_hit,0,0
3061,emergency,emergency,1,1,yes,,emergency_precedence,0,0
3062,emergency,unknown,0,0,,,no_rule_hit,0,0
3063,movement,unknown,0,0,,,no_rule_hit,0,0
3064,emergency,unknown,0,0,,,no_rule_hit,0,0
3065,movement,unknown,0,0,,,no_rule_hit,0,0
3066,emergency,unknown,0,0,,,no_rule_hit,0,0
3067,emergency,emergency,1,1,no,,emergency_precedence,0,0
3068,unknown,unknown,1,0,,,no_rule_hit,0,0
3069,unknown,unknown,1,0,,,no_rule_hit,0,0
3070,movement,unknown,0,0,,,no_rule_hit,0,0
3071,movement,unknown,0,0,,,no_rule_hit,0,0
3072,unknown,unknown,1,0,,,no_rule_hit,0,0
3073,unknown,unknown,1,0,,,no_rule_hit,0,0
3074,unknown,unknown,1,0,,,no_rule_hit,0,0
3075,movement,unknown,0,0,,,no_rule_hit,0,0
3076,movement,unknown,0,0,,,no_rule_hit,0,0
3077,emergency,unknown,0,0,,,no_rule_hit,0,0
3078,unknown,unknown,1,0,,,no_rule_hit,0,0
3079,unknown,unknown,1,0,,,no_rule_hit,0,0
3080,unknown,unknown,1,0,,,no_rule_hit,0,0
3081,movement,unknown,0,0,,,no_rule_hit,0,0
3082,movement,unknown,0,0,,,no_rule_hit,0,0
3083,unknown,unknown,1,0,,,no_rule_hit,0,0
3084,unknown,unknown,1,0,,,no_rule_hit,0,0
3085,emergency,emergency,1,1,no,,emergency_precedence,0,0
3086,unknown,unknown,1,0,,,no_rule_hit,0,0
3087,movement,unknown,0,0,,,no_rule_hit,0,0
3088,unknown,unknown,1,0,,,no_rule_hit,0,0
3089,emergency,unknown,0,0,,,no_rule_hit,0,0
3090,movement,unknown,0,0,,,no_rule_hit,0,0
3091,movement,unknown,0,0,,,no_rule_hit,0,0
3092,movement,unknown,0,0,,,no_rule_hit,0,0
3093,movement,unknown,0,0,,,no_rule_hit,0,0
3094,emergency,unknown,0,0,,,no_rule_hit,0,0
3095,movement,unknown,0,0,,,no_rule_hit,0,0
3096,emergency,unknown,0,0,,,no_rule_hit,0,0
3097,movement,unknown,0,0,,,no_rule_hit,0,0
3098,emergency,unknown,0,0,,,no_rule_hit,0,0
3099,unknown,unknown,1,0,,,no_rule_hit,0,0
3100,movement,unknown,0,0,,,no_rule_hit,0,0
3101,emergency,unknown,0,0,,,no_rule_hit,0,0
3102,unknown,movement,0,1,,go,movement_match,1,0
3103,movement,unknown,0,0,,,no_rule_hit,0,0
3104,movement,movement,1,1,,right,movement_match,0,0
3105,movement,unknown,0,0,,,no_rule_hit,0,0
3106,emergency,unknown,0,0,,,no_rule_hit,0,0
3107,unknown,unknown,1,0,,,no_rule_hit,0,0
3108,unknown,unknown,1,0,,,no_rule_hit,0,0
3109,unknown,unknown,1,0,,,no_rule_hit,0,0
3110,unknown,unknown,1,0,,,no_rule_hit,0,0
3111,movement,unknown,0,0,,,no_rule_hit,0,0
3112,unknown,unknown,1,0,,,no_rule_hit,0,0
3113,movement,unknown,0,0,,,no_rule_hit,0,0
3114,unknown,unknown,1,0,,,no_rule_hit,0,0
3115,unknown,unknown,1,0,,,no_rule_hit,0,0
3116,emergency,unknown,0,0,,,no_rule_hit,0,0
3117,unknown,unknown,1,0,,,no_rule_hit,0,0
3118,emergency,unknown,0,0,,,no_rule_hit,0,0
3119,movement,unknown,0,0,,,no_rule_hit,0,0
3120,movement,unknown,0,0,,,no_rule_hit,0,0
3121,emergency,emergency,1,1,no,,emergency_precedence,0,0
3122,emergency,unknown,0,0,,,no_rule_hit,0,0
3123,unknown,unknown,1,0,,,no_rule_hit,0,0
3124,movement,unknown,0,0,,,no_rule_hit,0,0
3125,emergency,unknown,0,0,,,no_rule_hit,0,0
3126,emergency,unknown,0,0,,,no_rule_hit,0,0
3127,unknown,unknown,1,0,,,no_rule_hit,0,0
3128,unknown,unknown,1,0,,,no_rule_hit,0,0
3129,movement,unknown,0,0,,,no_rule_hit,0,0
3130,movement,unknown,0,0,,,no_rule_hit,0,0
3131,unknown,unknown,1,0,,,no_rule_hit,0,0
3132,unknown,unknown,1,0,,,no_rule_hit,0,0
3133,unknown,unknown,1,0,,,no_rule_hit,0,0
3134,movement,unknown,0,0,,,no_rule_hit,0,0
3135,emergency,unknown,0,0,,,no_rule_hit,0,0
3136,unknown,unknown,1,0,,,no_rule_hit,0,0
3137,unknown,unknown,1,0,,,no_rule_hit,0,0
3138,movement,unknown,0,0,,,no_rule_hit,0,0
3139,emergency,unknown,0,0,,,no_rule_hit,0,0
3140,emergency,unknown,0,0,,,no_rule_hit,0,0
3141,movement,movement,1,1,,right,movement_match,0,0
3142,movement,unknown,0,0,,,no_rule_hit,0,0
3143,movement,unknown,0,0,,,no_rule_hit,0,0
3144,unknown,unknown,1,0,,,no_rule_hit,0,0
3145,movement,unknown,0,0,,,no_rule_hit,0,0
3146,movement,unknown,0,0,,,no_rule_hit,0,0
3147,movement,unknown,0,0,,,no_rule_hit,0,0
3148,emergency,unknown,0,0,,,no_rule_hit,0,0
3149,unknown,unknown,1,0,,,no_rule_hit,0,0
3150,unknown,unknown,1,0,,,no_rule_hit,0,0
3151,movement,unknown,0,0,,,no_rule_hit,0,0
3152,movement,unknown,0,0,,,no_rule_hit,0,0
3153,unknown,unknown,1,0,,,no_rule_hit,0,0
3154,emergency,emergency,1,1,yes,,emergency_precedence,0,0
3155,emergency,unknown,0,0,,,no_rule_hit,0,0
3156,movement,unknown,0,0,,,no_rule_hit,0,0
3157,emergency,unknown,0,0,,,no_rule_hit,0,0
3158,unknown,unknown,1,0,,,no_rule_hit,0,0
3159,movement,unknown,0,0,,,no_rule_hit,0,0
3160,movement,unknown,0,0,,,no_rule_hit,0,0
3161,movement,unknown,0,0,,,no_rule_hit,0,0
3162,emergency,unknown,0,0,,,no_rule_hit,0,0
3163,unknown,unknown,1,0,,,no_rule_hit,0,0
3164,emergency,unknown,0,0,,,no_rule_hit,0,0
3165,emergency,unknown,0,0,,,no_rule_hit,0,0
3166,movement,unknown,0,0,,,no_rule_hit,0,0
3167,movement,movement,1,1,,back,movement_match,0,0
3168,unknown,unknown,1,0,,,no_rule_hit,0,0
3169,unknown,unknown,1,0,,,no_rule_hit,0,0
3170,movement,unknown,0,0,,,no_rule_hit,0,0
3171,emergency,unknown,0,0,,,no_rule_hit,0,0
3172,movement,unknown,0,0,,,no_rule_hit,0,0
3173,movement,unknown,0,0,,,no_rule_hit,0,0
3174,unknown,unknown,1,0,,,no_rule_hit,0,0
3175,unknown,unknown,1,0,,,no_rule_hit,0,0
3176,emergency,emergency,1,1,stop,,emergency_precedence,0,0
3177,unknown,unknown,1,0,,,no_rule_hit,0,0
3178,movement,unknown,0,0,,,no_rule_hit,0,0
3179,movement,unknown,0,0,,,no_rule_hit,0,0
3180,movement,unknown,0,0,,,no_rule_hit,0,0
3181,unknown,movement,0,1,,come on,movement_match,1,0
3182,emergency,unknown,0,0,,,no_rule_hit,0,0
3183,movement,unknown,0,0,,,no_rule_hit,0,0
3184,emergency,emergency,1,1,wow,,emergency_precedence,0,0
3185,unknown,unknown,1,0,,,no_rule_hit,0,0
3186,unknown,unknown,1,0,,,no_rule_hit,0,0
3187,emergency,emergency,1,1,wow,,emergency_precedence,0,0
3188,unknown,unknown,1,0,,,no_rule_hit,0,0
3189,emergency,unknown,0,0,,,no_rule_hit,0,0
3190,movement,unknown,0,0,,,no_rule_hit,0,0
3191,unknown,unknown,1,0,,,no_rule_hit,0,0
3192,unknown,unknown,1,0,,,no_rule_hit,0,0
3193,unknown,unknown,1,0,,,no_rule_hit,0,0
3194,movement,unknown,0,0,,,no_rule_hit,0,0
3195,unknown,unknown,1,0,,,no_rule_hit,0,0
3196,unknown,unknown,1,0,,,no_rule_hit,0,0
3197,emergency,unknown,0,0,,,no_rule_hit,0,0
3198,movement,unknown,0,0,,,no_rule_hit,0,0
3199,unknown,unknown,1,0,,,no_rule_hit,0,0
3200,movement,unknown,0,0,,,no_rule_hit,0,0
3201,movement,unknown,0,0,,,no_rule_hit,0,0
3202,unknown,unknown,1,0,,,no_rule_hit,0,0
3203,movement,unknown,0,0,,,no_rule_hit,0,0
3204,emergency,unknown,0,0,,,no_rule_hit,0,0
3205,unknown,unknown,1,0,,,no_rule_hit,0,0
3206,unknown,unknown,1,0,,,no_rule_hit,0,0
3207,emergency,unknown,0,0,,,no_rule_hit,0,0
3208,unknown,unknown,1,0,,,no_rule_hit,0,0
3209,unknown,unknown,1,0,,,no_rule_hit,0,0
3210,emergency,unknown,0,0,,,no_rule_hit,0,0
3211,unknown,unknown,1,0,,,no_rule_hit,0,0
3212,unknown,unknown,1,0,,,no_rule_hit,0,0
3213,unknown,unknown,1,0,,,no_rule_hit,0,0
3214,movement,unknown,0,0,,,no_rule_hit,0,0
3215,emergency,unknown,0,0,,,no_rule_hit,0,0
3216,emergency,unknown,0,0,,,no_rule_hit,0,0
3217,emergency,unknown,0,0,,,no_rule_hit,0,0
3218,emergency,emergency,1,1,no,,emergency_precedence,0,0
3219,movement,unknown,0,0,,,no_rule_hit,0,0
3220,emergency,unknown,0,0,,,no_rule_hit,0,0
3221,movement,unknown,0,0,,,no_rule_hit,0,0
3222,movement,unknown,0,0,,,no_rule_hit,0,0
3223,movement,unknown,0,0,,,no_rule_hit,0,0
3224,movement,unknown,0,0,,,no_rule_hit,0,0
3225,emergency,unknown,0,0,,,no_rule_hit,0,0
3226,emergency,unknown,0,0,,,no_rule_hit,0,0
3227,emergency,unknown,0,0,,,no_rule_hit,0,0
3228,unknown,unknown,1,0,,,no_rule_hit,0,0
3229,unknown,unknown,1,0,,,no_rule_hit,0,0
3230,emergency,unknown,0,0,,,no_rule_hit,0,0
3231,movement,unknown,0,0,,,no_rule_hit,0,0
3232,unknown,unknown,1,0,,,no_rule_hit,0,0
3233,movement,unknown,0,0,,,no_rule_hit,0,0
3234,movement,unknown,0,0,,,no_rule_hit,0,0
3235,movement,unknown,0,0,,,no_rule_hit,0,0
3236,emergency,unknown,0,0,,,no_rule_hit,0,0
3237,movement,unknown,0,0,,,no_rule_hit,0,0
3238,movement,unknown,0,0,,,no_rule_hit,0,0
3239,unknown,unknown,1,0,,,no_rule_hit,0,0
3240,movement,unknown,0,0,,,no_rule_hit,0,0
3241,emergency,movement,0,1,,back,movement_match,0,0
3242,movement,unknown,0,0,,,no_rule_hit,0,0
3243,unknown,unknown,1,0,,,no_rule_hit,0,0
3244,movement,unknown,0,0,,,no_rule_hit,0,0
3245,emergency,unknown,0,0,,,no_rule_hit,0,0
3246,unknown,unknown,1,0,,,no_rule_hit,0,0
3247,emergency,unknown,0,0,,,no_rule_hit,0,0
3248,emergency,emergency,1,1,yes,,emergency_precedence,0,0
3249,movement,unknown,0,0,,,no_rule_hit,0,0
3250,emergency,unknown,0,0,,,no_rule_hit,0,0
3251,movement,unknown,0,0,,,no_rule_hit,0,0
3252,emergency,unknown,0,0,,,no_rule_hit,0,0
3253,movement,unknown,0,0,,,no_rule_hit,0,0
3254,movement,unknown,0,0,,,no_rule_hit,0,0
3255,emergency,emergency,1,1,yes,,emergency_precedence,0,0
3256,emergency,emergency,1,1,stop,,emergency_precedence,0,0
3257,movement,unknown,0,0,,,no_rule_hit,0,0
3258,emergency,emergency,1,1,wow,,emergency_precedence,0,0
3259,emergency,unknown,0,0,,,no_rule_hit,0,0
3260,movement,unknown,0,0,,,no_rule_hit,0,0
3261,emergency,unknown,0,0,,,no_rule_hit,0,0
3262,movement,unknown,0,0,,,no_rule_hit,0,0
3263,unknown,unknown,1,0,,,no_rule_hit,0,0
3264,unknown,unknown,1,0,,,no_rule_hit,0,0
3265,unknown,unknown,1,0,,,no_rule_hit,0,0
3266,unknown,unknown,1,0,,,no_rule_hit,0,0
3267,unknown,unknown,1,0,,,no_rule_hit,0,0
3268,unknown,unknown,1,0,,,no_rule_hit,0,0
3269,unknown,unknown,1,0,,,no_rule_hit,0,0
3270,unknown,unknown,1,0,,,no_rule_hit,0,0
3271,movement,unknown,0,0,,,no_rule_hit,0,0
3272,emergency,unknown,0,0,,,no_rule_hit,0,0
3273,unknown,unknown,1,0,,,no_rule_hit,0,0
3274,unknown,unknown,1,0,,,no_rule_hit,0,0
3275,emergency,unknown,0,0,,,no_rule_hit,0,0
3276,unknown,emergency,0,1,help,,emergency_precedence,1,0
3277,movement,unknown,0,0,,,no_rule_hit,0,0
3278,emergency,emergency,1,1,stop,,emergency_precedence,0,0
3279,unknown,movement,0,1,,right,movement_match,1,0
3280,unknown,unknown,1,0,,,no_rule_hit,0,0
3281,emergency,unknown,0,0,,,no_rule_hit,0,0
3282,emergency,unknown,0,0,,,no_rule_hit,0,0
3283,emergency,unknown,0,0,,,no_rule_hit,0,0
3284,unknown,unknown,1,0,,,no_rule_hit,0,0
3285,movement,unknown,0,0,,,no_rule_hit,0,0
3286,unknown,unknown,1,0,,,no_rule_hit,0,0
3287,emergency,unknown,0,0,,,no_rule_hit,0,0
3288,emergency,unknown,0,0,,,no_rule_hit,0,0
3289,movement,unknown,0,0,,,no_rule_hit,0,0
3290,unknown,unknown,1,0,,,no_rule_hit,0,0
3291,unknown,unknown,1,0,,,no_rule_hit,0,0
3292,emergency,unknown,0,0,,,no_rule_hit,0,0
3293,movement,unknown,0,0,,,no_rule_hit,0,0
3294,emergency,unknown,0,0,,,no_rule_hit,0,0
3295,emergency,unknown,0,0,,,no_rule_hit,0,0
3296,unknown,unknown,1,0,,,no_rule_hit,0,0
3297,unknown,unknown,1,0,,,no_rule_hit,0,0
3298,unknown,unknown,1,0,,,no_rule_hit,0,0
3299,unknown,unknown,1,0,,,no_rule_hit,0,0
3300,movement,unknown,0,0,,,no_rule_hit,0,0
3301,movement,unknown,0,0,,,no_rule_hit,0,0
3302,unknown,unknown,1,0,,,no_rule_hit,0,0
3303,movement,movement,1,1,,on,movement_match,0,0
3304,movement,unknown,0,0,,,no_rule_hit,0,0
3305,unknown,unknown,1,0,,,no_rule_hit,0,0
3306,unknown,unknown,1,0,,,no_rule_hit,0,0
3307,emergency,unknown,0,0,,,no_rule_hit,0,0
3308,unknown,unknown,1,0,,,no_rule_hit,0,0
3309,movement,unknown,0,0,,,no_rule_hit,0,0
3310,movement,unknown,0,0,,,no_rule_hit,0,0
3311,unknown,unknown,1,0,,,no_rule_hit,0,0
3312,emergency,movement,0,1,,go,movement_match,0,0
3313,movement,unknown,0,0,,,no_rule_hit,0,0
3314,unknown,unknown,1,0,,,no_rule_hit,0,0
3315,movement,unknown,0,0,,,no_rule_hit,0,0
3316,emergency,unknown,0,0,,,no_rule_hit,0,0
3317,unknown,unknown,1,0,,,no_rule_hit,0,0
3318,movement,unknown,0,0,,,no_rule_hit,0,0
3319,unknown,unknown,1,0,,,no_rule_hit,0,0
3320,unknown,unknown,1,0,,,no_rule_hit,0,0
3321,emergency,unknown,0,0,,,no_rule_hit,0,0
3322,movement,unknown,0,0,,,no_rule_hit,0,0
3323,emergency,emergency,1,1,no,,emergency_precedence,0,0
3324,unknown,unknown,1,0,,,no_rule_hit,0,0
3325,unknown,unknown,1,0,,,no_rule_hit,0,0
3326,unknown,unknown,1,0,,,no_rule_hit,0,0
3327,unknown,unknown,1,0,,,no_rule_hit,0,0
3328,unknown,unknown,1,0,,,no_rule_hit,0,0
3329,emergency,unknown,0,0,,,no_rule_hit,0,0
3330,emergency,unknown,0,0,,,no_rule_hit,0,0
3331,unknown,unknown,1,0,,,no_rule_hit,0,0
3332,emergency,unknown,0,0,,,no_rule_hit,0,0
3333,unknown,unknown,1,0,,,no_rule_hit,0,0
3334,movement,unknown,0,0,,,no_rule_hit,0,0
3335,movement,unknown,0,0,,,no_rule_hit,0,0
3336,unknown,unknown,1,0,,,no_rule_hit,0,0
3337,emergency,unknown,0,0,,,no_rule_hit,0,0
3338,unknown,movement,0,1,,up,movement_match,1,0
3339,unknown,unknown,1,0,,,no_rule_hit,0,0
3340,emergency,unknown,0,0,,,no_rule_hit,0,0
3341,movement,unknown,0,0,,,no_rule_hit,0,0
3342,emergency,unknown,0,0,,,no_rule_hit,0,0
3343,movement,unknown,0,0,,,no_rule_hit,0,0
3344,movement,unknown,0,0,,,no_rule_hit,0,0
3345,movement,unknown,0,0,,,no_rule_hit,0,0
3346,emergency,unknown,0,0,,,no_rule_hit,0,0
3347,unknown,unknown,1,0,,,no_rule_hit,0,0
3348,emergency,unknown,0,0,,,no_rule_hit,0,0
3349,movement,unknown,0,0,,,no_rule_hit,0,0
3350,unknown,unknown,1,0,,,no_rule_hit,0,0
3351,emergency,unknown,0,0,,,no_rule_hit,0,0
3352,movement,unknown,0,0,,,no_rule_hit,0,0
3353,movement,unknown,0,0,,,no_rule_hit,0,0
3354,emergency,unknown,0,0,,,no_rule_hit,0,0
3355,movement,unknown,0,0,,,no_rule_hit,0,0
3356,movement,unknown,0,0,,,no_rule_hit,0,0
3357,emergency,emergency,1,1,stop,,emergency_precedence,0,0
3358,movement,unknown,0,0,,,no_rule_hit,0,0
3359,unknown,unknown,1,0,,,no_rule_hit,0,0
3360,emergency,unknown,0,0,,,no_rule_hit,0,0
3361,emergency,unknown,0,0,,,no_rule_hit,0,0
3362,movement,unknown,0,0,,,no_rule_hit,0,0
3363,movement,unknown,0,0,,,no_rule_hit,0,0
3364,emergency,unknown,0,0,,,no_rule_hit,0,0
3365,unknown,unknown,1,0,,,no_rule_hit,0,0
3366,emergency,unknown,0,0,,,no_rule_hit,0,0
3367,emergency,unknown,0,0,,,no_rule_hit,0,0
3368,movement,unknown,0,0,,,no_rule_hit,0,0
3369,movement,unknown,0,0,,,no_rule_hit,0,0
3370,emergency,unknown,0,0,,,no_rule_hit,0,0
3371,emergency,unknown,0,0,,,no_rule_hit,0,0
3372,unknown,unknown,1,0,,,no_rule_hit,0,0
3373,unknown,unknown,1,0,,,no_rule_hit,0,0
3374,movement,unknown,0,0,,,no_rule_hit,0,0
3375,emergency,unknown,0,0,,,no_rule_hit,0,0
3376,movement,unknown,0,0,,,no_rule_hit,0,0
3377,emergency,unknown,0,0,,,no_rule_hit,0,0
3378,unknown,unknown,1,0,,,no_rule_hit,0,0
3379,emergency,movement,0,1,,go,movement_match,0,0
3380,unknown,unknown,1,0,,,no_rule_hit,0,0
3381,unknown,unknown,1,0,,,no_rule_hit,0,0
3382,movement,unknown,0,0,,,no_rule_hit,0,0
3383,unknown,unknown,1,0,,,no_rule_hit,0,0
3384,unknown,unknown,1,0,,,no_rule_hit,0,0
3385,emergency,emergency,1,1,yes,,emergency_precedence,0,0
3386,emergency,unknown,0,0,,,no_rule_hit,0,0
3387,emergency,unknown,0,0,,,no_rule_hit,0,0
3388,unknown,unknown,1,0,,,no_rule_hit,0,0
3389,unknown,unknown,1,0,,,no_rule_hit,0,0
3390,movement,unknown,0,0,,,no_rule_hit,0,0
3391,movement,unknown,0,0,,,no_rule_hit,0,0
3392,movement,movement,1,1,,down,movement_match,0,0
3393,movement,unknown,0,0,,,no_rule_hit,0,0
3394,unknown,unknown,1,0,,,no_rule_hit,0,0
3395,emergency,unknown,0,0,,,no_rule_hit,0,0
3396,unknown,unknown,1,0,,,no_rule_hit,0,0
3397,emergency,unknown,0,0,,,no_rule_hit,0,0
3398,movement,unknown,0,0,,,no_rule_hit,0,0
3399,unknown,unknown,1,0,,,no_rule_hit,0,0
3400,emergency,unknown,0,0,,,no_rule_hit,0,0
3401,unknown,unknown,1,0,,,no_rule_hit,0,0
3402,unknown,unknown,1,0,,,no_rule_hit,0,0
3403,movement,unknown,0,0,,,no_rule_hit,0,0
3404,emergency,unknown,0,0,,,no_rule_hit,0,0
3405,unknown,unknown,1,0,,,no_rule_hit,0,0
3406,unknown,unknown,1,0,,,no_rule_hit,0,0
3407,movement,unknown,0,0,,,no_rule_hit,0,0
3408,unknown,unknown,1,0,,,no_rule_hit,0,0
3409,unknown,unknown,1,0,,,no_rule_hit,0,0
3410,emergency,unknown,0,0,,,no_rule_hit,0,0
3411,emergency,unknown,0,0,,,no_rule_hit,0,0
3412,emergency,unknown,0,0,,,no_rule_hit,0,0
3413,emergency,unknown,0,0,,,no_rule_hit,0,0
3414,emergency,unknown,0,0,,,no_rule_hit,0,0
3415,emergency,unknown,0,0,,,no_rule_hit,0,0
3416,movement,unknown,0,0,,,no_rule_hit,0,0
3417,unknown,unknown,1,0,,,no_rule_hit,0,0
3418,emergency,unknown,0,0,,,no_rule_hit,0,0
3419,movement,unknown,0,0,,,no_rule_hit,0,0
3420,movement,unknown,0,0,,,no_rule_hit,0,0
3421,movement,unknown,0,0,,,no_rule_hit,0,0
3422,emergency,unknown,0,0,,,no_rule_hit,0,0
3423,movement,unknown,0,0,,,no_rule_hit,0,0
3424,unknown,unknown,1,0,,,no_rule_hit,0,0
3425,unknown,movement,0,1,,go,movement_match,1,0
3426,movement,unknown,0,0,,,no_rule_hit,0,0
3427,movement,unknown,0,0,,,no_rule_hit,0,0
3428,movement,unknown,0,0,,,no_rule_hit,0,0
3429,emergency,unknown,0,0,,,no_rule_hit,0,0
3430,emergency,unknown,0,0,,,no_rule_hit,0,0
3431,movement,unknown,0,0,,,no_rule_hit,0,0
3432,movement,unknown,0,0,,,no_rule_hit,0,0
3433,movement,movement,1,1,,go,movement_match,0,0
3434,emergency,unknown,0,0,,,no_rule_hit,0,0
3435,emergency,unknown,0,0,,,no_rule_hit,0,0
3436,emergency,emergency,1,1,yes,,emergency_precedence,0,0
3437,unknown,unknown,1,0,,,no_rule_hit,0,0
3438,unknown,unknown,1,0,,,no_rule_hit,0,0
3439,movement,unknown,0,0,,,no_rule_hit,0,0
3440,emergency,unknown,0,0,,,no_rule_hit,0,0
3441,unknown,unknown,1,0,,,no_rule_hit,0,0
3442,unknown,unknown,1,0,,,no_rule_hit,0,0
3443,unknown,unknown,1,0,,,no_rule_hit,0,0
3444,emergency,unknown,0,0,,,no_rule_hit,0,0
3445,movement,unknown,0,0,,,no_rule_hit,0,0
3446,unknown,unknown,1,0,,,no_rule_hit,0,0
3447,unknown,unknown,1,0,,,no_rule_hit,0,0
3448,unknown,unknown,1,0,,,no_rule_hit,0,0
3449,emergency,emergency,1,1,stop,,emergency_precedence,0,0
3450,movement,unknown,0,0,,,no_rule_hit,0,0
3451,movement,unknown,0,0,,,no_rule_hit,0,0
3452,movement,unknown,0,0,,,no_rule_hit,0,0
3453,movement,unknown,0,0,,,no_rule_hit,0,0
3454,unknown,unknown,1,0,,,no_rule_hit,0,0
3455,movement,unknown,0,0,,,no_rule_hit,0,0
3456,unknown,unknown,1,0,,,no_rule_hit,0,0
3457,emergency,unknown,0,0,,,no_rule_hit,0,0
3458,movement,unknown,0,0,,,no_rule_hit,0,0
3459,movement,emergency,0,1,no,,emergency_precedence,0,0
3460,emergency,emergency,1,1,no,,emergency_precedence,0,0
3461,unknown,unknown,1,0,,,no_rule_hit,0,0
3462,emergency,unknown,0,0,,,no_rule_hit,0,0
3463,movement,movement,1,1,,right,movement_match,0,0
3464,emergency,unknown,0,0,,,no_rule_hit,0,0
3465,unknown,unknown,1,0,,,no_rule_hit,0,0
3466,unknown,unknown,1,0,,,no_rule_hit,0,0
3467,emergency,unknown,0,0,,,no_rule_hit,0,0
3468,movement,unknown,0,0,,,no_rule_hit,0,0
3469,unknown,unknown,1,0,,,no_rule_hit,0,0
3470,emergency,emergency,1,1,yes,,emergency_precedence,0,0
3471,emergency,emergency,1,1,yes,,emergency_precedence,0,0
3472,movement,unknown,0,0,,,no_rule_hit,0,0
3473,movement,unknown,0,0,,,no_rule_hit,0,0
3474,movement,unknown,0,0,,,no_rule_hit,0,0
3475,movement,unknown,0,0,,,no_rule_hit,0,0
3476,emergency,unknown,0,0,,,no_rule_hit,0,0
3477,movement,unknown,0,0,,,no_rule_hit,0,0
3478,emergency,emergency,1,1,no,,emergency_precedence,0,0
3479,movement,unknown,0,0,,,no_rule_hit,0,0
3480,movement,unknown,0,0,,,no_rule_hit,0,0
3481,emergency,unknown,0,0,,,no_rule_hit,0,0
3482,unknown,unknown,1,0,,,no_rule_hit,0,0
3483,movement,unknown,0,0,,,no_rule_hit,0,0
3484,emergency,unknown,0,0,,,no_rule_hit,0,0
3485,unknown,unknown,1,0,,,no_rule_hit,0,0
3486,unknown,unknown,1,0,,,no_rule_hit,0,0
3487,emergency,emergency,1,1,stop,,emergency_precedence,0,0
3488,emergency,unknown,0,0,,,no_rule_hit,0,0
3489,unknown,unknown,1,0,,,no_rule_hit,0,0
3490,unknown,unknown,1,0,,,no_rule_hit,0,0
3491,unknown,unknown,1,0,,,no_rule_hit,0,0
3492,emergency,unknown,0,0,,,no_rule_hit,0,0
3493,movement,unknown,0,0,,,no_rule_hit,0,0
3494,emergency,unknown,0,0,,,no_rule_hit,0,0
3495,emergency,unknown,0,0,,,no_rule_hit,0,0
3496,emergency,unknown,0,0,,,no_rule_hit,0,0
3497,movement,unknown,0,0,,,no_rule_hit,0,0
3498,emergency,unknown,0,0,,,no_rule_hit,0,0
3499,unknown,unknown,1,0,,,no_rule_hit,0,0
3500,emergency,emergency,1,1,yes,,emergency_precedence,0,0
3501,movement,unknown,0,0,,,no_rule_hit,0,0
3502,movement,movement,1,1,,go,movement_match,0,0
3503,emergency,unknown,0,0,,,no_rule_hit,0,0
3504,unknown,unknown,1,0,,,no_rule_hit,0,0
3505,movement,movement,1,1,,left,movement_match,0,0
3506,unknown,unknown,1,0,,,no_rule_hit,0,0
3507,movement,unknown,0,0,,,no_rule_hit,0,0
3508,movement,unknown,0,0,,,no_rule_hit,0,0
3509,unknown,unknown,1,0,,,no_rule_hit,0,0
3510,movement,unknown,0,0,,,no_rule_hit,0,0
3511,emergency,emergency,1,1,yes,,emergency_precedence,0,0
3512,emergency,movement,0,1,,back,movement_match,0,0
3513,unknown,unknown,1,0,,,no_rule_hit,0,0
3514,movement,unknown,0,0,,,no_rule_hit,0,0
3515,unknown,unknown,1,0,,,no_rule_hit,0,0
3516,movement,unknown,0,0,,,no_rule_hit,0,0
3517,emergency,unknown,0,0,,,no_rule_hit,0,0
3518,unknown,unknown,1,0,,,no_rule_hit,0,0
3519,unknown,unknown,1,0,,,no_rule_hit,0,0
3520,movement,unknown,0,0,,,no_rule_hit,0,0
3521,emergency,unknown,0,0,,,no_rule_hit,0,0
3522,unknown,unknown,1,0,,,no_rule_hit,0,0
3523,emergency,unknown,0,0,,,no_rule_hit,0,0
3524,movement,movement,1,1,,go,movement_match,0,0
3525,emergency,emergency,1,1,no,,emergency_precedence,0,0
3526,emergency,movement,0,1,,come on,movement_match,0,0
3527,unknown,unknown,1,0,,,no_rule_hit,0,0
3528,movement,unknown,0,0,,,no_rule_hit,0,0
3529,emergency,unknown,0,0,,,no_rule_hit,0,0
3530,movement,unknown,0,0,,,no_rule_hit,0,0
3531,unknown,unknown,1,0,,,no_rule_hit,0,0
3532,movement,movement,1,1,,go,movement_match,0,0
3533,movement,unknown,0,0,,,no_rule_hit,0,0
3534,emergency,unknown,0,0,,,no_rule_hit,0,0
3535,emergency,emergency,1,1,stop,,emergency_precedence,0,0
3536,unknown,unknown,1,0,,,no_rule_hit,0,0
3537,emergency,unknown,0,0,,,no_rule_hit,0,0
3538,emergency,unknown,0,0,,,no_rule_hit,0,0
3539,movement,unknown,0,0,,,no_rule_hit,0,0
3540,unknown,unknown,1,0,,,no_rule_hit,0,0
3541,movement,unknown,0,0,,,no_rule_hit,0,0
3542,unknown,unknown,1,0,,,no_rule_hit,0,0
3543,emergency,unknown,0,0,,,no_rule_hit,0,0
3544,unknown,unknown,1,0,,,no_rule_hit,0,0
3545,unknown,unknown,1,0,,,no_rule_hit,0,0
3546,emergency,unknown,0,0,,,no_rule_hit,0,0
3547,emergency,unknown,0,0,,,no_rule_hit,0,0
3548,movement,unknown,0,0,,,no_rule_hit,0,0
3549,movement,unknown,0,0,,,no_rule_hit,0,0
3550,unknown,unknown,1,0,,,no_rule_hit,0,0
3551,emergency,unknown,0,0,,,no_rule_hit,0,0
3552,movement,unknown,0,0,,,no_rule_hit,0,0
3553,unknown,unknown,1,0,,,no_rule_hit,0,0
3554,emergency,unknown,0,0,,,no_rule_hit,0,0
3555,emergency,unknown,0,0,,,no_rule_hit,0,0
3556,emergency,unknown,0,0,,,no_rule_hit,0,0
3557,movement,unknown,0,0,,,no_rule_hit,0,0
3558,movement,movement,1,1,,go,movement_match,0,0
3559,unknown,unknown,1,0,,,no_rule_hit,0,0
3560,movement,unknown,0,0,,,no_rule_hit,0,0
3561,movement,movement,1,1,,right,movement_match,0,0
3562,emergency,movement,0,1,,go,movement_match,0,0
3563,emergency,unknown,0,0,,,no_rule_hit,0,0
3564,unknown,unknown,1,0,,,no_rule_hit,0,0
3565,emergency,unknown,0,0,,,no_rule_hit,0,0
3566,movement,unknown,0,0,,,no_rule_hit,0,0
3567,unknown,unknown,1,0,,,no_rule_hit,0,0
3568,unknown,unknown,1,0,,,no_rule_hit,0,0
3569,movement,unknown,0,0,,,no_rule_hit,0,0
3570,unknown,movement,0,1,,come on,movement_match,1,0
3571,emergency,unknown,0,0,,,no_rule_hit,0,0
3572,movement,unknown,0,0,,,no_rule_hit,0,0
3573,emergency,emergency,1,1,yes,,emergency_precedence,0,0
3574,unknown,unknown,1,0,,,no_rule_hit,0,0
3575,movement,movement,1,1,,come on,movement_match,0,0
3576,unknown,unknown,1,0,,,no_rule_hit,0,0
3577,emergency,emergency,1,1,no,,emergency_precedence,0,0
3578,emergency,emergency,1,1,yes,,emergency_precedence,0,0
3579,unknown,unknown,1,0,,,no_rule_hit,0,0
3580,emergency,movement,0,1,,go,movement_match,0,0
3581,unknown,unknown,1,0,,,no_rule_hit,0,0
3582,emergency,unknown,0,0,,,no_rule_hit,0,0
3583,emergency,unknown,0,0,,,no_rule_hit,0,0
3584,movement,unknown,0,0,,,no_rule_hit,0,0
3585,emergency,emergency,1,1,no,,emergency_precedence,0,0
3586,emergency,unknown,0,0,,,no_rule_hit,0,0
3587,emergency,emergency,1,1,stop,,emergency_precedence,0,0
3588,movement,unknown,0,0,,,no_rule_hit,0,0
3589,emergency,emergency,1,1,stop,,emergency_precedence,0,0
3590,movement,unknown,0,0,,,no_rule_hit,0,0
3591,unknown,unknown,1,0,,,no_rule_hit,0,0
3592,emergency,unknown,0,0,,,no_rule_hit,0,0
3593,emergency,unknown,0,0,,,no_rule_hit,0,0
3594,movement,unknown,0,0,,,no_rule_hit,0,0
3595,emergency,unknown,0,0,,,no_rule_hit,0,0
3596,emergency,unknown,0,0,,,no_rule_hit,0,0
3597,movement,unknown,0,0,,,no_rule_hit,0,0
3598,emergency,unknown,0,0,,,no_rule_hit,0,0
3599,emergency,emergency,1,1,stop,,emergency_precedence,0,0
3600,movement,unknown,0,0,,,no_rule_hit,0,0
3601,unknown,unknown,1,0,,,no_rule_hit,0,0
3602,movement,movement,1,1,,down,movement_match,0,0
3603,unknown,unknown,1,0,,,no_rule_hit,0,0
3604,unknown,unknown,1,0,,,no_rule_hit,0,0
3605,movement,unknown,0,0,,,no_rule_hit,0,0
3606,unknown,unknown,1,0,,,no_rule_hit,0,0
3607,movement,unknown,0,0,,,no_rule_hit,0,0
3608,emergency,unknown,0,0,,,no_rule_hit,0,0
3609,emergency,emergency,1,1,no,,emergency_precedence,0,0
3610,emergency,unknown,0,0,,,no_rule_hit,0,0
3611,emergency,unknown,0,0,,,no_rule_hit,0,0
3612,emergency,unknown,0,0,,,no_rule_hit,0,0
3613,movement,unknown,0,0,,,no_rule_hit,0,0
3614,emergency,unknown,0,0,,,no_rule_hit,0,0
3615,movement,unknown,0,0,,,no_rule_hit,0,0
3616,movement,unknown,0,0,,,no_rule_hit,0,0
3617,unknown,unknown,1,0,,,no_rule_hit,0,0
3618,movement,movement,1,1,,go,movement_match,0,0
3619,unknown,unknown,1,0,,,no_rule_hit,0,0
3620,emergency,unknown,0,0,,,no_rule_hit,0,0
3621,emergency,emergency,1,1,no,,emergency_precedence,0,0
3622,emergency,movement,0,1,,go,movement_match,0,0
3623,unknown,unknown,1,0,,,no_rule_hit,0,0
3624,unknown,unknown,1,0,,,no_rule_hit,0,0
3625,movement,unknown,0,0,,,no_rule_hit,0,0
3626,emergency,unknown,0,0,,,no_rule_hit,0,0
3627,unknown,movement,0,1,,go,movement_match,1,0
3628,emergency,unknown,0,0,,,no_rule_hit,0,0
3629,movement,unknown,0,0,,,no_rule_hit,0,0
3630,emergency,unknown,0,0,,,no_rule_hit,0,0
3631,emergency,unknown,0,0,,,no_rule_hit,0,0
3632,emergency,unknown,0,0,,,no_rule_hit,0,0
3633,movement,unknown,0,0,,,no_rule_hit,0,0
3634,movement,unknown,0,0,,,no_rule_hit,0,0
3635,unknown,unknown,1,0,,,no_rule_hit,0,0
3636,emergency,unknown,0,0,,,no_rule_hit,0,0
3637,unknown,unknown,1,0,,,no_rule_hit,0,0
3638,unknown,unknown,1,0,,,no_rule_hit,0,0
3639,movement,unknown,0,0,,,no_rule_hit,0,0
3640,emergency,unknown,0,0,,,no_rule_hit,0,0
3641,unknown,unknown,1,0,,,no_rule_hit,0,0
3642,emergency,unknown,0,0,,,no_rule_hit,0,0
3643,unknown,unknown,1,0,,,no_rule_hit,0,0
3644,movement,unknown,0,0,,,no_rule_hit,0,0
3645,emergency,unknown,0,0,,,no_rule_hit,0,0
3646,emergency,movement,0,1,,go,movement_match,0,0
3647,unknown,unknown,1,0,,,no_rule_hit,0,0
3648,unknown,unknown,1,0,,,no_rule_hit,0,0
3649,movement,unknown,0,0,,,no_rule_hit,0,0
3650,emergency,unknown,0,0,,,no_rule_hit,0,0
3651,unknown,unknown,1,0,,,no_rule_hit,0,0
3652,unknown,unknown,1,0,,,no_rule_hit,0,0
3653,movement,unknown,0,0,,,no_rule_hit,0,0
3654,emergency,unknown,0,0,,,no_rule_hit,0,0
3655,movement,unknown,0,0,,,no_rule_hit,0,0
3656,emergency,unknown,0,0,,,no_rule_hit,0,0
3657,emergency,unknown,0,0,,,no_rule_hit,0,0
3658,emergency,unknown,0,0,,,no_rule_hit,0,0
3659,movement,movement,1,1,,down,movement_match,0,0
3660,emergency,unknown,0,0,,,no_rule_hit,0,0
3661,unknown,unknown,1,0,,,no_rule_hit,0,0
3662,emergency,unknown,0,0,,,no_rule_hit,0,0
3663,movement,unknown,0,0,,,no_rule_hit,0,0
3664,emergency,emergency,1,1,stop,,emergency_precedence,0,0
3665,emergency,unknown,0,0,,,no_rule_hit,0,0
3666,movement,unknown,0,0,,,no_rule_hit,0,0
3667,emergency,unknown,0,0,,,no_rule_hit,0,0
3668,emergency,unknown,0,0,,,no_rule_hit,0,0
3669,unknown,unknown,1,0,,,no_rule_hit,0,0
3670,emergency,unknown,0,0,,,no_rule_hit,0,0
3671,movement,unknown,0,0,,,no_rule_hit,0,0
3672,unknown,unknown,1,0,,,no_rule_hit,0,0
3673,movement,unknown,0,0,,,no_rule_hit,0,0
3674,unknown,unknown,1,0,,,no_rule_hit,0,0
3675,movement,unknown,0,0,,,no_rule_hit,0,0
3676,movement,unknown,0,0,,,no_rule_hit,0,0
3677,movement,unknown,0,0,,,no_rule_hit,0,0
3678,movement,unknown,0,0,,,no_rule_hit,0,0
3679,movement,unknown,0,0,,,no_rule_hit,0,0
3680,movement,unknown,0,0,,,no_rule_hit,0,0
3681,unknown,unknown,1,0,,,no_rule_hit,0,0
3682,movement,unknown,0,0,,,no_rule_hit,0,0
3683,movement,unknown,0,0,,,no_rule_hit,0,0
3684,unknown,unknown,1,0,,,no_rule_hit,0,0
3685,movement,unknown,0,0,,,no_rule_hit,0,0
3686,emergency,unknown,0,0,,,no_rule_hit,0,0
3687,emergency,emergency,1,1,stop,,emergency_precedence,0,0
3688,emergency,emergency,1,1,yes,,emergency_precedence,0,0
3689,emergency,unknown,0,0,,,no_rule_hit,0,0
3690,unknown,unknown,1,0,,,no_rule_hit,0,0
3691,unknown,unknown,1,0,,,no_rule_hit,0,0
3692,movement,unknown,0,0,,,no_rule_hit,0,0
3693,unknown,unknown,1,0,,,no_rule_hit,0,0
3694,emergency,unknown,0,0,,,no_rule_hit,0,0
3695,movement,movement,1,1,,right,movement_match,0,0
3696,emergency,unknown,0,0,,,no_rule_hit,0,0
3697,movement,unknown,0,0,,,no_rule_hit,0,0
3698,unknown,unknown,1,0,,,no_rule_hit,0,0
3699,movement,unknown,0,0,,,no_rule_hit,0,0
3700,emergency,unknown,0,0,,,no_rule_hit,0,0
3701,movement,unknown,0,0,,,no_rule_hit,0,0
3702,unknown,unknown,1,0,,,no_rule_hit,0,0
3703,movement,unknown,0,0,,,no_rule_hit,0,0
3704,movement,unknown,0,0,,,no_rule_hit,0,0
3705,movement,movement,1,1,,right,movement_match,0,0
3706,emergency,unknown,0,0,,,no_rule_hit,0,0
3707,unknown,unknown,1,0,,,no_rule_hit,0,0
3708,emergency,unknown,0,0,,,no_rule_hit,0,0
3709,emergency,unknown,0,0,,,no_rule_hit,0,0
3710,unknown,unknown,1,0,,,no_rule_hit,0,0
3711,unknown,unknown,1,0,,,no_rule_hit,0,0
3712,emergency,unknown,0,0,,,no_rule_hit,0,0
3713,movement,unknown,0,0,,,no_rule_hit,0,0
3714,unknown,unknown,1,0,,,no_rule_hit,0,0
3715,unknown,unknown,1,0,,,no_rule_hit,0,0
3716,unknown,unknown,1,0,,,no_rule_hit,0,0
3717,unknown,unknown,1,0,,,no_rule_hit,0,0
3718,unknown,unknown,1,0,,,no_rule_hit,0,0
3719,unknown,unknown,1,0,,,no_rule_hit,0,0
3720,unknown,unknown,1,0,,,no_rule_hit,0,0
3721,emergency,unknown,0,0,,,no_rule_hit,0,0
3722,movement,unknown,0,0,,,no_rule_hit,0,0
3723,unknown,unknown,1,0,,,no_rule_hit,0,0
3724,movement,unknown,0,0,,,no_rule_hit,0,0
3725,emergency,unknown,0,0,,,no_rule_hit,0,0
3726,unknown,unknown,1,0,,,no_rule_hit,0,0
3727,unknown,unknown,1,0,,,no_rule_hit,0,0
3728,emergency,unknown,0,0,,,no_rule_hit,0,0
3729,unknown,unknown,1,0,,,no_rule_hit,0,0
3730,emergency,unknown,0,0,,,no_rule_hit,0,0
3731,unknown,unknown,1,0,,,no_rule_hit,0,0
3732,emergency,emergency,1,1,no,,emergency_precedence,0,0
3733,movement,unknown,0,0,,,no_rule_hit,0,0
3734,unknown,unknown,1,0,,,no_rule_hit,0,0
3735,movement,unknown,0,0,,,no_rule_hit,0,0
3736,unknown,unknown,1,0,,,no_rule_hit,0,0
3737,movement,unknown,0,0,,,no_rule_hit,0,0
3738,movement,unknown,0,0,,,no_rule_hit,0,0
3739,movement,unknown,0,0,,,no_rule_hit,0,0
3740,emergency,unknown,0,0,,,no_rule_hit,0,0
3741,emergency,unknown,0,0,,,no_rule_hit,0,0
3742,emergency,unknown,0,0,,,no_rule_hit,0,0
3743,unknown,emergency,0,1,help,,emergency_precedence,1,0
3744,unknown,unknown,1,0,,,no_rule_hit,0,0
3745,emergency,emergency,1,1,backward,,emergency_precedence,0,0
3746,unknown,unknown,1,0,,,no_rule_hit,0,0
3747,emergency,unknown,0,0,,,no_rule_hit,0,0
3748,movement,movement,1,1,,down,movement_match,0,0
3749,emergency,emergency,1,1,yes,,emergency_precedence,0,0
3750,movement,unknown,0,0,,,no_rule_hit,0,0
3751,unknown,unknown,1,0,,,no_rule_hit,0,0
3752,movement,unknown,0,0,,,no_rule_hit,0,0
3753,unknown,unknown,1,0,,,no_rule_hit,0,0
3754,unknown,unknown,1,0,,,no_rule_hit,0,0
3755,movement,unknown,0,0,,,no_rule_hit,0,0
3756,movement,movement,1,1,,right,movement_match,0,0
3757,movement,unknown,0,0,,,no_rule_hit,0,0
3758,movement,unknown,0,0,,,no_rule_hit,0,0
3759,emergency,unknown,0,0,,,no_rule_hit,0,0
3760,unknown,unknown,1,0,,,no_rule_hit,0,0
3761,unknown,unknown,1,0,,,no_rule_hit,0,0
3762,emergency,unknown,0,0,,,no_rule_hit,0,0
3763,emergency,unknown,0,0,,,no_rule_hit,0,0
3764,unknown,unknown,1,0,,,no_rule_hit,0,0
3765,unknown,unknown,1,0,,,no_rule_hit,0,0
3766,movement,unknown,0,0,,,no_rule_hit,0,0
3767,unknown,unknown,1,0,,,no_rule_hit,0,0
3768,movement,unknown,0,0,,,no_rule_hit,0,0
3769,unknown,unknown,1,0,,,no_rule_hit,0,0
3770,emergency,unknown,0,0,,,no_rule_hit,0,0
3771,emergency,emergency,1,1,yes,,emergency_precedence,0,0
3772,emergency,emergency,1,1,no,,emergency_precedence,0,0
3773,emergency,unknown,0,0,,,no_rule_hit,0,0
3774,movement,unknown,0,0,,,no_rule_hit,0,0
3775,unknown,unknown,1,0,,,no_rule_hit,0,0
3776,unknown,unknown,1,0,,,no_rule_hit,0,0
3777,movement,unknown,0,0,,,no_rule_hit,0,0
3778,unknown,unknown,1,0,,,no_rule_hit,0,0
3779,emergency,unknown,0,0,,,no_rule_hit,0,0
3780,movement,unknown,0,0,,,no_rule_hit,0,0
3781,movement,unknown,0,0,,,no_rule_hit,0,0
3782,unknown,unknown,1,0,,,no_rule_hit,0,0
3783,unknown,unknown,1,0,,,no_rule_hit,0,0
3784,movement,unknown,0,0,,,no_rule_hit,0,0
3785,emergency,unknown,0,0,,,no_rule_hit,0,0
3786,movement,unknown,0,0,,,no_rule_hit,0,0
3787,emergency,unknown,0,0,,,no_rule_hit,0,0
3788,emergency,unknown,0,0,,,no_rule_hit,0,0
3789,movement,unknown,0,0,,,no_rule_hit,0,0
3790,emergency,unknown,0,0,,,no_rule_hit,0,0
3791,unknown,unknown,1,0,,,no_rule_hit,0,0
3792,unknown,unknown,1,0,,,no_rule_hit,0,0
3793,emergency,unknown,0,0,,,no_rule_hit,0,0
3794,movement,unknown,0,0,,,no_rule_hit,0,0
3795,movement,unknown,0,0,,,no_rule_hit,0,0
3796,unknown,unknown,1,0,,,no_rule_hit,0,0
3797,emergency,unknown,0,0,,,no_rule_hit,0,0
3798,movement,unknown,0,0,,,no_rule_hit,0,0
3799,emergency,unknown,0,0,,,no_rule_hit,0,0
3800,unknown,unknown,1,0,,,no_rule_hit,0,0
3801,emergency,emergency,1,1,stop,,emergency_precedence,0,0
3802,movement,unknown,0,0,,,no_rule_hit,0,0
3803,unknown,emergency,0,1,yes,,emergency_precedence,1,0
3804,unknown,emergency,0,1,no,,emergency_precedence,1,0
3805,unknown,unknown,1,0,,,no_rule_hit,0,0
3806,emergency,unknown,0,0,,,no_rule_hit,0,0
3807,emergency,unknown,0,0,,,no_rule_hit,0,0
3808,unknown,unknown,1,0,,,no_rule_hit,0,0
3809,movement,unknown,0,0,,,no_rule_hit,0,0
3810,unknown,unknown,1,0,,,no_rule_hit,0,0
3811,unknown,unknown,1,0,,,no_rule_hit,0,0
3812,emergency,unknown,0,0,,,no_rule_hit,0,0
3813,emergency,emergency,1,1,yes,,emergency_precedence,0,0
3814,unknown,unknown,1,0,,,no_rule_hit,0,0
3815,movement,unknown,0,0,,,no_rule_hit,0,0
3816,movement,unknown,0,0,,,no_rule_hit,0,0
3817,unknown,unknown,1,0,,,no_rule_hit,0,0
3818,emergency,unknown,0,0,,,no_rule_hit,0,0
3819,unknown,unknown,1,0,,,no_rule_hit,0,0
3820,unknown,unknown,1,0,,,no_rule_hit,0,0
3821,emergency,unknown,0,0,,,no_rule_hit,0,0
3822,movement,unknown,0,0,,,no_rule_hit,0,0
3823,unknown,unknown,1,0,,,no_rule_hit,0,0
3824,emergency,emergency,1,1,no,,emergency_precedence,0,0
3825,movement,unknown,0,0,,,no_rule_hit,0,0
3826,movement,movement,1,1,,go,movement_match,0,0
3827,unknown,unknown,1,0,,,no_rule_hit,0,0
3828,unknown,unknown,1,0,,,no_rule_hit,0,0
3829,movement,unknown,0,0,,,no_rule_hit,0,0
3830,emergency,unknown,0,0,,,no_rule_hit,0,0
3831,unknown,unknown,1,0,,,no_rule_hit,0,0
3832,movement,unknown,0,0,,,no_rule_hit,0,0
3833,unknown,unknown,1,0,,,no_rule_hit,0,0
3834,movement,unknown,0,0,,,no_rule_hit,0,0
3835,unknown,unknown,1,0,,,no_rule_hit,0,0
3836,movement,unknown,0,0,,,no_rule_hit,0,0
3837,unknown,unknown,1,0,,,no_rule_hit,0,0
3838,movement,unknown,0,0,,,no_rule_hit,0,0
3839,unknown,unknown,1,0,,,no_rule_hit,0,0
3840,unknown,unknown,1,0,,,no_rule_hit,0,0
3841,emergency,emergency,1,1,no,,emergency_precedence,0,0
3842,emergency,emergency,1,1,yes,,emergency_precedence,0,0
3843,movement,unknown,0,0,,,no_rule_hit,0,0
3844,movement,unknown,0,0,,,no_rule_hit,0,0
3845,movement,unknown,0,0,,,no_rule_hit,0,0
3846,emergency,unknown,0,0,,,no_rule_hit,0,0
3847,emergency,unknown,0,0,,,no_rule_hit,0,0
3848,movement,unknown,0,0,,,no_rule_hit,0,0
3849,emergency,unknown,0,0,,,no_rule_hit,0,0
3850,movement,unknown,0,0,,,no_rule_hit,0,0
3851,emergency,movement,0,1,,go,movement_match,0,0
3852,movement,unknown,0,0,,,no_rule_hit,0,0
3853,emergency,unknown,0,0,,,no_rule_hit,0,0
3854,movement,unknown,0,0,,,no_rule_hit,0,0
3855,emergency,emergency,1,1,stop,,emergency_precedence,0,0
3856,emergency,unknown,0,0,,,no_rule_hit,0,0
3857,emergency,emergency,1,1,yes,,emergency_precedence,0,0
3858,emergency,unknown,0,0,,,no_rule_hit,0,0
3859,unknown,unknown,1,0,,,no_rule_hit,0,0
3860,movement,unknown,0,0,,,no_rule_hit,0,0
3861,unknown,unknown,1,0,,,no_rule_hit,0,0
3862,unknown,unknown,1,0,,,no_rule_hit,0,0
3863,unknown,unknown,1,0,,,no_rule_hit,0,0
3864,movement,unknown,0,0,,,no_rule_hit,0,0
3865,movement,unknown,0,0,,,no_rule_hit,0,0
3866,unknown,unknown,1,0,,,no_rule_hit,0,0
3867,emergency,emergency,1,1,yes,,emergency_precedence,0,0
3868,emergency,emergency,1,1,yes,,emergency_precedence,0,0
3869,movement,unknown,0,0,,,no_rule_hit,0,0
3870,emergency,emergency,1,1,wow,,emergency_precedence,0,0
3871,movement,unknown,0,0,,,no_rule_hit,0,0
3872,unknown,unknown,1,0,,,no_rule_hit,0,0
3873,unknown,unknown,1,0,,,no_rule_hit,0,0
3874,emergency,unknown,0,0,,,no_rule_hit,0,0
3875,movement,movement,1,1,,right,movement_match,0,0
3876,emergency,emergency,1,1,no,,emergency_precedence,0,0
3877,movement,movement,1,1,,right,movement_match,0,0
3878,emergency,unknown,0,0,,,no_rule_hit,0,0
3879,unknown,unknown,1,0,,,no_rule_hit,0,0
3880,unknown,unknown,1,0,,,no_rule_hit,0,0
3881,movement,unknown,0,0,,,no_rule_hit,0,0
3882,unknown,unknown,1,0,,,no_rule_hit,0,0
3883,movement,unknown,0,0,,,no_rule_hit,0,0
3884,movement,unknown,0,0,,,no_rule_hit,0,0
3885,emergency,unknown,0,0,,,no_rule_hit,0,0
3886,emergency,unknown,0,0,,,no_rule_hit,0,0
3887,movement,unknown,0,0,,,no_rule_hit,0,0
3888,movement,unknown,0,0,,,no_rule_hit,0,0
3889,emergency,unknown,0,0,,,no_rule_hit,0,0
3890,movement,unknown,0,0,,,no_rule_hit,0,0
3891,emergency,unknown,0,0,,,no_rule_hit,0,0
3892,unknown,unknown,1,0,,,no_rule_hit,0,0
3893,emergency,unknown,0,0,,,no_rule_hit,0,0
3894,movement,unknown,0,0,,,no_rule_hit,0,0
3895,emergency,emergency,1,1,wow,,emergency_precedence,0,0
3896,emergency,movement,0,1,,go,movement_match,0,0
3897,movement,unknown,0,0,,,no_rule_hit,0,0
3898,unknown,unknown,1,0,,,no_rule_hit,0,0
3899,unknown,unknown,1,0,,,no_rule_hit,0,0
3900,emergency,unknown,0,0,,,no_rule_hit,0,0
3901,unknown,unknown,1,0,,,no_rule_hit,0,0
3902,unknown,unknown,1,0,,,no_rule_hit,0,0
3903,unknown,unknown,1,0,,,no_rule_hit,0,0
3904,unknown,unknown,1,0,,,no_rule_hit,0,0
3905,emergency,emergency,1,1,yes,,emergency_precedence,0,0
3906,unknown,unknown,1,0,,,no_rule_hit,0,0
3907,emergency,unknown,0,0,,,no_rule_hit,0,0
3908,unknown,unknown,1,0,,,no_rule_hit,0,0
3909,emergency,emergency,1,1,stop,,emergency_precedence,0,0
3910,emergency,unknown,0,0,,,no_rule_hit,0,0
3911,emergency,unknown,0,0,,,no_rule_hit,0,0
3912,movement,unknown,0,0,,,no_rule_hit,0,0
3913,emergency,emergency,1,1,no,,emergency_precedence,0,0
3914,unknown,unknown,1,0,,,no_rule_hit,0,0
3915,unknown,unknown,1,0,,,no_rule_hit,0,0
3916,unknown,unknown,1,0,,,no_rule_hit,0,0
3917,emergency,unknown,0,0,,,no_rule_hit,0,0
3918,unknown,unknown,1,0,,,no_rule_hit,0,0
3919,unknown,unknown,1,0,,,no_rule_hit,0,0
3920,emergency,emergency,1,1,no,,emergency_precedence,0,0
3921,unknown,unknown,1,0,,,no_rule_hit,0,0
3922,unknown,unknown,1,0,,,no_rule_hit,0,0
3923,unknown,unknown,1,0,,,no_rule_hit,0,0
3924,emergency,unknown,0,0,,,no_rule_hit,0,0
3925,movement,unknown,0,0,,,no_rule_hit,0,0
3926,emergency,unknown,0,0,,,no_rule_hit,0,0
3927,unknown,unknown,1,0,,,no_rule_hit,0,0
3928,emergency,unknown,0,0,,,no_rule_hit,0,0
3929,unknown,unknown,1,0,,,no_rule_hit,0,0
3930,movement,unknown,0,0,,,no_rule_hit,0,0
3931,movement,unknown,0,0,,,no_rule_hit,0,0
3932,emergency,unknown,0,0,,,no_rule_hit,0,0
3933,emergency,unknown,0,0,,,no_rule_hit,0,0
3934,movement,unknown,0,0,,,no_rule_hit,0,0
3935,unknown,unknown,1,0,,,no_rule_hit,0,0
3936,emergency,unknown,0,0,,,no_rule_hit,0,0
3937,emergency,unknown,0,0,,,no_rule_hit,0,0
3938,emergency,unknown,0,0,,,no_rule_hit,0,0
3939,movement,unknown,0,0,,,no_rule_hit,0,0
3940,movement,unknown,0,0,,,no_rule_hit,0,0
3941,movement,unknown,0,0,,,no_rule_hit,0,0
3942,emergency,unknown,0,0,,,no_rule_hit,0,0
3943,movement,unknown,0,0,,,no_rule_hit,0,0
3944,movement,movement,1,1,,right,movement_match,0,0
3945,movement,unknown,0,0,,,no_rule_hit,0,0
3946,movement,unknown,0,0,,,no_rule_hit,0,0
3947,emergency,unknown,0,0,,,no_rule_hit,0,0
3948,emergency,emergency,1,1,no,,emergency_precedence,0,0
3949,movement,unknown,0,0,,,no_rule_hit,0,0
3950,unknown,unknown,1,0,,,no_rule_hit,0,0
3951,emergency,unknown,0,0,,,no_rule_hit,0,0
3952,emergency,unknown,0,0,,,no_rule_hit,0,0
3953,movement,unknown,0,0,,,no_rule_hit,0,0
3954,emergency,unknown,0,0,,,no_rule_hit,0,0
3955,emergency,unknown,0,0,,,no_rule_hit,0,0
3956,emergency,movement,0,1,,go,movement_match,0,0
3957,unknown,unknown,1,0,,,no_rule_hit,0,0
3958,unknown,unknown,1,0,,,no_rule_hit,0,0
3959,movement,unknown,0,0,,,no_rule_hit,0,0
3960,unknown,unknown,1,0,,,no_rule_hit,0,0
3961,emergency,movement,0,1,,right,movement_match,0,0
3962,movement,unknown,0,0,,,no_rule_hit,0,0
3963,unknown,unknown,1,0,,,no_rule_hit,0,0
3964,unknown,unknown,1,0,,,no_rule_hit,0,0
3965,movement,unknown,0,0,,,no_rule_hit,0,0
3966,emergency,unknown,0,0,,,no_rule_hit,0,0
3967,movement,unknown,0,0,,,no_rule_hit,0,0
3968,movement,unknown,0,0,,,no_rule_hit,0,0
3969,unknown,unknown,1,0,,,no_rule_hit,0,0
3970,unknown,unknown,1,0,,,no_rule_hit,0,0
3971,emergency,unknown,0,0,,,no_rule_hit,0,0
3972,unknown,unknown,1,0,,,no_rule_hit,0,0
3973,unknown,unknown,1,0,,,no_rule_hit,0,0
3974,unknown,unknown,1,0,,,no_rule_hit,0,0
3975,unknown,unknown,1,0,,,no_rule_hit,0,0
3976,emergency,unknown,0,0,,,no_rule_hit,0,0
3977,movement,unknown,0,0,,,no_rule_hit,0,0
3978,unknown,unknown,1,0,,,no_rule_hit,0,0
3979,movement,movement,1,1,,go,movement_match,0,0
3980,emergency,unknown,0,0,,,no_rule_hit,0,0
3981,movement,unknown,0,0,,,no_rule_hit,0,0
3982,emergency,emergency,1,1,yes,,emergency_precedence,0,0
3983,unknown,unknown,1,0,,,no_rule_hit,0,0
3984,emergency,unknown,0,0,,,no_rule_hit,0,0
3985,movement,unknown,0,0,,,no_rule_hit,0,0
3986,emergency,unknown,0,0,,,no_rule_hit,0,0
3987,emergency,unknown,0,0,,,no_rule_hit,0,0
3988,movement,unknown,0,0,,,no_rule_hit,0,0
3989,unknown,unknown,1,0,,,no_rule_hit,0,0
3990,unknown,unknown,1,0,,,no_rule_hit,0,0
3991,emergency,unknown,0,0,,,no_rule_hit,0,0
3992,emergency,unknown,0,0,,,no_rule_hit,0,0
3993,movement,unknown,0,0,,,no_rule_hit,0,0
3994,movement,unknown,0,0,,,no_rule_hit,0,0
3995,movement,unknown,0,0,,,no_rule_hit,0,0
3996,movement,unknown,0,0,,,no_rule_hit,0,0
3997,movement,unknown,0,0,,,no_rule_hit,0,0
3998,unknown,unknown,1,0,,,no_rule_hit,0,0
3999,movement,unknown,0,0,,,no_rule_hit,0,0
4000,unknown,unknown,1,0,,,no_rule_hit,0,0
4001,unknown,unknown,1,0,,,no_rule_hit,0,0
4002,movement,unknown,0,0,,,no_rule_hit,0,0
4003,emergency,unknown,0,0,,,no_rule_hit,0,0
4004,unknown,unknown,1,0,,,no_rule_hit,0,0
4005,movement,unknown,0,0,,,no_rule_hit,0,0
4006,movement,unknown,0,0,,,no_rule_hit,0,0
4007,movement,unknown,0,0,,,no_rule_hit,0,0
4008,unknown,unknown,1,0,,,no_rule_hit,0,0
4009,movement,unknown,0,0,,,no_rule_hit,0,0
4010,unknown,unknown,1,0,,,no_rule_hit,0,0
4011,emergency,unknown,0,0,,,no_rule_hit,0,0
4012,emergency,unknown,0,0,,,no_rule_hit,0,0
4013,emergency,unknown,0,0,,,no_rule_hit,0,0
4014,emergency,emergency,1,1,yes,,emergency_precedence,0,0
4015,unknown,unknown,1,0,,,no_rule_hit,0,0
4016,unknown,unknown,1,0,,,no_rule_hit,0,0
4017,unknown,unknown,1,0,,,no_rule_hit,0,0
4018,unknown,unknown,1,0,,,no_rule_hit,0,0
4019,unknown,unknown,1,0,,,no_rule_hit,0,0
4020,unknown,unknown,1,0,,,no_rule_hit,0,0
4021,emergency,unknown,0,0,,,no_rule_hit,0,0
4022,unknown,unknown,1,0,,,no_rule_hit,0,0
4023,emergency,unknown,0,0,,,no_rule_hit,0,0
4024,unknown,unknown,1,0,,,no_rule_hit,0,0
4025,unknown,unknown,1,0,,,no_rule_hit,0,0
4026,emergency,unknown,0,0,,,no_rule_hit,0,0
4027,unknown,unknown,1,0,,,no_rule_hit,0,0
4028,unknown,unknown,1,0,,,no_rule_hit,0,0
4029,unknown,unknown,1,0,,,no_rule_hit,0,0
4030,unknown,unknown,1,0,,,no_rule_hit,0,0
4031,movement,unknown,0,0,,,no_rule_hit,0,0
4032,unknown,unknown,1,0,,,no_rule_hit,0,0
4033,unknown,unknown,1,0,,,no_rule_hit,0,0
4034,movement,unknown,0,0,,,no_rule_hit,0,0
4035,movement,unknown,0,0,,,no_rule_hit,0,0
4036,unknown,unknown,1,0,,,no_rule_hit,0,0
4037,movement,unknown,0,0,,,no_rule_hit,0,0
4038,unknown,unknown,1,0,,,no_rule_hit,0,0
4039,emergency,emergency,1,1,stop,,emergency_precedence,0,0
4040,movement,unknown,0,0,,,no_rule_hit,0,0
4041,unknown,unknown,1,0,,,no_rule_hit,0,0
4042,unknown,unknown,1,0,,,no_rule_hit,0,0
4043,unknown,unknown,1,0,,,no_rule_hit,0,0
4044,unknown,unknown,1,0,,,no_rule_hit,0,0
4045,unknown,unknown,1,0,,,no_rule_hit,0,0
4046,emergency,unknown,0,0,,,no_rule_hit,0,0
4047,emergency,unknown,0,0,,,no_rule_hit,0,0
4048,emergency,emergency,1,1,backward,,emergency_precedence,0,0
4049,emergency,unknown,0,0,,,no_rule_hit,0,0
4050,emergency,unknown,0,0,,,no_rule_hit,0,0
4051,movement,unknown,0,0,,,no_rule_hit,0,0
4052,unknown,unknown,1,0,,,no_rule_hit,0,0
4053,movement,unknown,0,0,,,no_rule_hit,0,0
4054,movement,unknown,0,0,,,no_rule_hit,0,0
4055,movement,unknown,0,0,,,no_rule_hit,0,0
4056,unknown,unknown,1,0,,,no_rule_hit,0,0
4057,emergency,unknown,0,0,,,no_rule_hit,0,0
4058,movement,unknown,0,0,,,no_rule_hit,0,0
4059,unknown,unknown,1,0,,,no_rule_hit,0,0
4060,movement,unknown,0,0,,,no_rule_hit,0,0
4061,movement,unknown,0,0,,,no_rule_hit,0,0
4062,movement,movement,1,1,,go,movement_match,0,0
4063,unknown,unknown,1,0,,,no_rule_hit,0,0
4064,emergency,unknown,0,0,,,no_rule_hit,0,0
4065,unknown,unknown,1,0,,,no_rule_hit,0,0
4066,emergency,unknown,0,0,,,no_rule_hit,0,0
4067,unknown,unknown,1,0,,,no_rule_hit,0,0
4068,movement,unknown,0,0,,,no_rule_hit,0,0
4069,emergency,unknown,0,0,,,no_rule_hit,0,0
4070,unknown,unknown,1,0,,,no_rule_hit,0,0
4071,movement,unknown,0,0,,,no_rule_hit,0,0
4072,unknown,unknown,1,0,,,no_rule_hit,0,0
4073,movement,unknown,0,0,,,no_rule_hit,0,0
4074,emergency,emergency,1,1,yes,,emergency_precedence,0,0
4075,emergency,unknown,0,0,,,no_rule_hit,0,0
4076,emergency,unknown,0,0,,,no_rule_hit,0,0
4077,emergency,unknown,0,0,,,no_rule_hit,0,0
4078,emergency,emergency,1,1,yes,,emergency_precedence,0,0
4079,emergency,unknown,0,0,,,no_rule_hit,0,0
4080,movement,movement,1,1,,down,movement_match,0,0
4081,unknown,unknown,1,0,,,no_rule_hit,0,0
4082,unknown,unknown,1,0,,,no_rule_hit,0,0
4083,unknown,unknown,1,0,,,no_rule_hit,0,0
4084,emergency,unknown,0,0,,,no_rule_hit,0,0
4085,movement,unknown,0,0,,,no_rule_hit,0,0
4086,movement,unknown,0,0,,,no_rule_hit,0,0
4087,unknown,unknown,1,0,,,no_rule_hit,0,0
4088,emergency,unknown,0,0,,,no_rule_hit,0,0
4089,unknown,unknown,1,0,,,no_rule_hit,0,0
4090,movement,unknown,0,0,,,no_rule_hit,0,0
4091,movement,unknown,0,0,,,no_rule_hit,0,0
4092,movement,unknown,0,0,,,no_rule_hit,0,0
4093,unknown,emergency,0,1,yes,,emergency_precedence,1,0
4094,unknown,unknown,1,0,,,no_rule_hit,0,0
4095,movement,unknown,0,0,,,no_rule_hit,0,0
4096,unknown,unknown,1,0,,,no_rule_hit,0,0
4097,emergency,emergency,1,1,yes,,emergency_precedence,0,0
4098,unknown,unknown,1,0,,,no_rule_hit,0,0
4099,unknown,unknown,1,0,,,no_rule_hit,0,0
4100,emergency,unknown,0,0,,,no_rule_hit,0,0
4101,emergency,unknown,0,0,,,no_rule_hit,0,0
4102,movement,unknown,0,0,,,no_rule_hit,0,0
4103,unknown,unknown,1,0,,,no_rule_hit,0,0
4104,unknown,unknown,1,0,,,no_rule_hit,0,0
4105,emergency,unknown,0,0,,,no_rule_hit,0,0
4106,unknown,unknown,1,0,,,no_rule_hit,0,0
4107,unknown,unknown,1,0,,,no_rule_hit,0,0
4108,movement,movement,1,1,,down,movement_match,0,0
4109,movement,unknown,0,0,,,no_rule_hit,0,0
4110,emergency,unknown,0,0,,,no_rule_hit,0,0
4111,unknown,unknown,1,0,,,no_rule_hit,0,0
4112,emergency,unknown,0,0,,,no_rule_hit,0,0
4113,emergency,unknown,0,0,,,no_rule_hit,0,0
4114,emergency,unknown,0,0,,,no_rule_hit,0,0
4115,movement,unknown,0,0,,,no_rule_hit,0,0
4116,unknown,unknown,1,0,,,no_rule_hit,0,0
4117,movement,unknown,0,0,,,no_rule_hit,0,0
4118,movement,unknown,0,0,,,no_rule_hit,0,0
4119,movement,unknown,0,0,,,no_rule_hit,0,0
4120,movement,movement,1,1,,go,movement_match,0,0
4121,unknown,unknown,1,0,,,no_rule_hit,0,0
4122,unknown,unknown,1,0,,,no_rule_hit,0,0
4123,unknown,unknown,1,0,,,no_rule_hit,0,0
4124,emergency,unknown,0,0,,,no_rule_hit,0,0
4125,movement,unknown,0,0,,,no_rule_hit,0,0
4126,unknown,unknown,1,0,,,no_rule_hit,0,0
4127,emergency,emergency,1,1,yes,,emergency_precedence,0,0
4128,unknown,unknown,1,0,,,no_rule_hit,0,0
4129,unknown,unknown,1,0,,,no_rule_hit,0,0
4130,emergency,unknown,0,0,,,no_rule_hit,0,0
4131,emergency,emergency,1,1,stop,,emergency_precedence,0,0
4132,movement,unknown,0,0,,,no_rule_hit,0,0
4133,movement,unknown,0,0,,,no_rule_hit,0,0
4134,movement,unknown,0,0,,,no_rule_hit,0,0
4135,unknown,unknown,1,0,,,no_rule_hit,0,0
4136,emergency,emergency,1,1,help,,emergency_precedence,0,0
4137,unknown,unknown,1,0,,,no_rule_hit,0,0
4138,emergency,unknown,0,0,,,no_rule_hit,0,0
4139,emergency,unknown,0,0,,,no_rule_hit,0,0
4140,movement,unknown,0,0,,,no_rule_hit,0,0
4141,movement,unknown,0,0,,,no_rule_hit,0,0
4142,emergency,unknown,0,0,,,no_rule_hit,0,0
4143,unknown,unknown,1,0,,,no_rule_hit,0,0
4144,movement,unknown,0,0,,,no_rule_hit,0,0
4145,unknown,unknown,1,0,,,no_rule_hit,0,0
4146,movement,unknown,0,0,,,no_rule_hit,0,0
4147,movement,unknown,0,0,,,no_rule_hit,0,0
4148,unknown,unknown,1,0,,,no_rule_hit,0,0
4149,unknown,unknown,1,0,,,no_rule_hit,0,0
4150,movement,unknown,0,0,,,no_rule_hit,0,0
4151,movement,movement,1,1,,down,movement_match,0,0
4152,unknown,unknown,1,0,,,no_rule_hit,0,0
4153,unknown,unknown,1,0,,,no_rule_hit,0,0
4154,movement,unknown,0,0,,,no_rule_hit,0,0
4155,movement,unknown,0,0,,,no_rule_hit,0,0
4156,unknown,emergency,0,1,help,,emergency_precedence,1,0
4157,emergency,emergency,1,1,no,,emergency_precedence,0,0
4158,unknown,unknown,1,0,,,no_rule_hit,0,0
4159,movement,unknown,0,0,,,no_rule_hit,0,0
4160,movement,unknown,0,0,,,no_rule_hit,0,0
4161,unknown,unknown,1,0,,,no_rule_hit,0,0
4162,emergency,unknown,0,0,,,no_rule_hit,0,0
4163,emergency,unknown,0,0,,,no_rule_hit,0,0
4164,emergency,unknown,0,0,,,no_rule_hit,0,0
4165,movement,unknown,0,0,,,no_rule_hit,0,0
4166,movement,unknown,0,0,,,no_rule_hit,0,0
4167,unknown,unknown,1,0,,,no_rule_hit,0,0
4168,movement,unknown,0,0,,,no_rule_hit,0,0
4169,movement,unknown,0,0,,,no_rule_hit,0,0
4170,emergency,unknown,0,0,,,no_rule_hit,0,0
4171,unknown,unknown,1,0,,,no_rule_hit,0,0
4172,unknown,unknown,1,0,,,no_rule_hit,0,0
4173,movement,movement,1,1,,go,movement_match,0,0
4174,emergency,emergency,1,1,yes,,emergency_precedence,0,0
4175,movement,unknown,0,0,,,no_rule_hit,0,0
4176,emergency,unknown,0,0,,,no_rule_hit,0,0
4177,movement,unknown,0,0,,,no_rule_hit,0,0
4178,emergency,emergency,1,1,yes,,emergency_precedence,0,0
4179,movement,unknown,0,0,,,no_rule_hit,0,0
4180,emergency,emergency,1,1,yes,,emergency_precedence,0,0
4181,movement,unknown,0,0,,,no_rule_hit,0,0
4182,unknown,unknown,1,0,,,no_rule_hit,0,0
4183,emergency,unknown,0,0,,,no_rule_hit,0,0
4184,unknown,unknown,1,0,,,no_rule_hit,0,0
4185,emergency,emergency,1,1,stop,,emergency_precedence,0,0
4186,unknown,unknown,1,0,,,no_rule_hit,0,0
4187,unknown,unknown,1,0,,,no_rule_hit,0,0
4188,unknown,emergency,0,1,help,,emergency_precedence,1,0
4189,movement,unknown,0,0,,,no_rule_hit,0,0
4190,unknown,unknown,1,0,,,no_rule_hit,0,0
4191,emergency,unknown,0,0,,,no_rule_hit,0,0
4192,movement,unknown,0,0,,,no_rule_hit,0,0
4193,unknown,unknown,1,0,,,no_rule_hit,0,0
4194,unknown,unknown,1,0,,,no_rule_hit,0,0
4195,movement,unknown,0,0,,,no_rule_hit,0,0
4196,emergency,emergency,1,1,stop,,emergency_precedence,0,0
4197,movement,unknown,0,0,,,no_rule_hit,0,0
4198,movement,unknown,0,0,,,no_rule_hit,0,0
4199,unknown,unknown,1,0,,,no_rule_hit,0,0
4200,emergency,unknown,0,0,,,no_rule_hit,0,0
4201,movement,movement,1,1,,go,movement_match,0,0
4202,movement,unknown,0,0,,,no_rule_hit,0,0
4203,movement,unknown,0,0,,,no_rule_hit,0,0
4204,unknown,unknown,1,0,,,no_rule_hit,0,0
4205,emergency,unknown,0,0,,,no_rule_hit,0,0
4206,movement,unknown,0,0,,,no_rule_hit,0,0
4207,emergency,unknown,0,0,,,no_rule_hit,0,0
4208,emergency,movement,0,1,,go,movement_match,0,0
4209,unknown,unknown,1,0,,,no_rule_hit,0,0
4210,movement,unknown,0,0,,,no_rule_hit,0,0
4211,unknown,unknown,1,0,,,no_rule_hit,0,0
4212,emergency,unknown,0,0,,,no_rule_hit,0,0
4213,movement,unknown,0,0,,,no_rule_hit,0,0
4214,movement,movement,1,1,,right,movement_match,0,0
4215,movement,unknown,0,0,,,no_rule_hit,0,0
4216,movement,movement,1,1,,right,movement_match,0,0
4217,movement,unknown,0,0,,,no_rule_hit,0,0
4218,unknown,unknown,1,0,,,no_rule_hit,0,0
4219,movement,unknown,0,0,,,no_rule_hit,0,0
4220,movement,unknown,0,0,,,no_rule_hit,0,0
4221,unknown,unknown,1,0,,,no_rule_hit,0,0
4222,emergency,unknown,0,0,,,no_rule_hit,0,0
4223,unknown,unknown,1,0,,,no_rule_hit,0,0
4224,movement,unknown,0,0,,,no_rule_hit,0,0
4225,unknown,unknown,1,0,,,no_rule_hit,0,0
4226,movement,unknown,0,0,,,no_rule_hit,0,0
4227,emergency,movement,0,1,,off,movement_match,0,0
4228,unknown,unknown,1,0,,,no_rule_hit,0,0
4229,unknown,unknown,1,0,,,no_rule_hit,0,0
4230,unknown,unknown,1,0,,,no_rule_hit,0,0
4231,emergency,unknown,0,0,,,no_rule_hit,0,0
4232,movement,unknown,0,0,,,no_rule_hit,0,0
4233,movement,unknown,0,0,,,no_rule_hit,0,0
4234,emergency,unknown,0,0,,,no_rule_hit,0,0
4235,movement,unknown,0,0,,,no_rule_hit,0,0
4236,unknown,unknown,1,0,,,no_rule_hit,0,0
4237,emergency,unknown,0,0,,,no_rule_hit,0,0
4238,emergency,unknown,0,0,,,no_rule_hit,0,0
4239,emergency,unknown,0,0,,,no_rule_hit,0,0
4240,emergency,unknown,0,0,,,no_rule_hit,0,0
4241,movement,unknown,0,0,,,no_rule_hit,0,0
4242,movement,unknown,0,0,,,no_rule_hit,0,0
4243,movement,unknown,0,0,,,no_rule_hit,0,0
4244,emergency,unknown,0,0,,,no_rule_hit,0,0
4245,emergency,emergency,1,1,yes,,emergency_precedence,0,0
4246,unknown,unknown,1,0,,,no_rule_hit,0,0
4247,emergency,unknown,0,0,,,no_rule_hit,0,0
4248,movement,unknown,0,0,,,no_rule_hit,0,0
4249,movement,unknown,0,0,,,no_rule_hit,0,0
4250,emergency,unknown,0,0,,,no_rule_hit,0,0
4251,movement,unknown,0,0,,,no_rule_hit,0,0
4252,emergency,unknown,0,0,,,no_rule_hit,0,0
4253,unknown,unknown,1,0,,,no_rule_hit,0,0
4254,movement,unknown,0,0,,,no_rule_hit,0,0
4255,movement,unknown,0,0,,,no_rule_hit,0,0
4256,emergency,unknown,0,0,,,no_rule_hit,0,0
4257,movement,unknown,0,0,,,no_rule_hit,0,0
4258,emergency,unknown,0,0,,,no_rule_hit,0,0
4259,emergency,unknown,0,0,,,no_rule_hit,0,0
4260,movement,unknown,0,0,,,no_rule_hit,0,0
4261,unknown,unknown,1,0,,,no_rule_hit,0,0
4262,emergency,unknown,0,0,,,no_rule_hit,0,0
4263,movement,unknown,0,0,,,no_rule_hit,0,0
4264,movement,unknown,0,0,,,no_rule_hit,0,0
4265,movement,unknown,0,0,,,no_rule_hit,0,0
4266,movement,unknown,0,0,,,no_rule_hit,0,0
4267,emergency,unknown,0,0,,,no_rule_hit,0,0
4268,emergency,unknown,0,0,,,no_rule_hit,0,0
4269,movement,unknown,0,0,,,no_rule_hit,0,0
4270,emergency,unknown,0,0,,,no_rule_hit,0,0
4271,movement,unknown,0,0,,,no_rule_hit,0,0
4272,movement,unknown,0,0,,,no_rule_hit,0,0
4273,unknown,unknown,1,0,,,no_rule_hit,0,0
4274,emergency,emergency,1,1,stop,,emergency_precedence,0,0
4275,emergency,emergency,1,1,stop,,emergency_precedence,0,0
4276,unknown,unknown,1,0,,,no_rule_hit,0,0
4277,movement,unknown,0,0,,,no_rule_hit,0,0
4278,emergency,unknown,0,0,,,no_rule_hit,0,0
4279,unknown,unknown,1,0,,,no_rule_hit,0,0
4280,movement,unknown,0,0,,,no_rule_hit,0,0
4281,unknown,unknown,1,0,,,no_rule_hit,0,0
4282,movement,unknown,0,0,,,no_rule_hit,0,0
4283,unknown,unknown,1,0,,,no_rule_hit,0,0
4284,emergency,movement,0,1,,back,movement_match,0,0
4285,emergency,unknown,0,0,,,no_rule_hit,0,0
4286,movement,unknown,0,0,,,no_rule_hit,0,0
4287,emergency,emergency,1,1,yes,,emergency_precedence,0,0
4288,movement,unknown,0,0,,,no_rule_hit,0,0
4289,unknown,unknown,1,0,,,no_rule_hit,0,0
4290,movement,movement,1,1,,down,movement_match,0,0
4291,emergency,unknown,0,0,,,no_rule_hit,0,0
4292,emergency,unknown,0,0,,,no_rule_hit,0,0
4293,emergency,emergency,1,1,yes,,emergency_precedence,0,0
4294,movement,movement,1,1,,go,movement_match,0,0
4295,unknown,unknown,1,0,,,no_rule_hit,0,0
4296,unknown,unknown,1,0,,,no_rule_hit,0,0
4297,unknown,unknown,1,0,,,no_rule_hit,0,0
4298,movement,unknown,0,0,,,no_rule_hit,0,0
4299,movement,unknown,0,0,,,no_rule_hit,0,0
4300,emergency,unknown,0,0,,,no_rule_hit,0,0
4301,unknown,unknown,1,0,,,no_rule_hit,0,0
4302,unknown,unknown,1,0,,,no_rule_hit,0,0
4303,movement,unknown,0,0,,,no_rule_hit,0,0
4304,movement,movement,1,1,,go,movement_match,0,0
4305,unknown,unknown,1,0,,,no_rule_hit,0,0
4306,emergency,emergency,1,1,no,,emergency_precedence,0,0
4307,movement,unknown,0,0,,,no_rule_hit,0,0
4308,unknown,unknown,1,0,,,no_rule_hit,0,0
4309,emergency,unknown,0,0,,,no_rule_hit,0,0
4310,movement,unknown,0,0,,,no_rule_hit,0,0
4311,unknown,unknown,1,0,,,no_rule_hit,0,0
4312,emergency,unknown,0,0,,,no_rule_hit,0,0
4313,movement,movement,1,1,,left,movement_match,0,0
4314,movement,unknown,0,0,,,no_rule_hit,0,0
4315,unknown,unknown,1,0,,,no_rule_hit,0,0
4316,emergency,unknown,0,0,,,no_rule_hit,0,0
4317,unknown,unknown,1,0,,,no_rule_hit,0,0
4318,unknown,unknown,1,0,,,no_rule_hit,0,0
4319,movement,unknown,0,0,,,no_rule_hit,0,0
4320,emergency,emergency,1,1,wow,,emergency_precedence,0,0
4321,emergency,unknown,0,0,,,no_rule_hit,0,0
4322,movement,unknown,0,0,,,no_rule_hit,0,0
4323,movement,unknown,0,0,,,no_rule_hit,0,0
4324,unknown,unknown,1,0,,,no_rule_hit,0,0
4325,movement,unknown,0,0,,,no_rule_hit,0,0
4326,emergency,unknown,0,0,,,no_rule_hit,0,0
4327,movement,unknown,0,0,,,no_rule_hit,0,0
4328,movement,emergency,0,1,no,,emergency_precedence,0,0
4329,emergency,unknown,0,0,,,no_rule_hit,0,0
4330,unknown,unknown,1,0,,,no_rule_hit,0,0
4331,emergency,unknown,0,0,,,no_rule_hit,0,0
4332,movement,unknown,0,0,,,no_rule_hit,0,0
4333,movement,unknown,0,0,,,no_rule_hit,0,0
4334,emergency,unknown,0,0,,,no_rule_hit,0,0
4335,emergency,emergency,1,1,stop,,emergency_precedence,0,0
4336,unknown,unknown,1,0,,,no_rule_hit,0,0
4337,unknown,unknown,1,0,,,no_rule_hit,0,0
4338,movement,unknown,0,0,,,no_rule_hit,0,0
4339,movement,unknown,0,0,,,no_rule_hit,0,0
4340,unknown,unknown,1,0,,,no_rule_hit,0,0
4341,movement,unknown,0,0,,,no_rule_hit,0,0
4342,emergency,unknown,0,0,,,no_rule_hit,0,0
4343,emergency,unknown,0,0,,,no_rule_hit,0,0
4344,unknown,unknown,1,0,,,no_rule_hit,0,0
4345,emergency,unknown,0,0,,,no_rule_hit,0,0
4346,emergency,unknown,0,0,,,no_rule_hit,0,0
4347,emergency,unknown,0,0,,,no_rule_hit,0,0
4348,movement,unknown,0,0,,,no_rule_hit,0,0
4349,movement,unknown,0,0,,,no_rule_hit,0,0
4350,emergency,emergency,1,1,yes,,emergency_precedence,0,0
4351,unknown,unknown,1,0,,,no_rule_hit,0,0
4352,unknown,unknown,1,0,,,no_rule_hit,0,0
4353,unknown,unknown,1,0,,,no_rule_hit,0,0
4354,emergency,unknown,0,0,,,no_rule_hit,0,0
4355,movement,unknown,0,0,,,no_rule_hit,0,0
4356,emergency,emergency,1,1,no,,emergency_precedence,0,0
4357,unknown,unknown,1,0,,,no_rule_hit,0,0
4358,emergency,emergency,1,1,yes,,emergency_precedence,0,0
4359,emergency,emergency,1,1,no,,emergency_precedence,0,0
4360,unknown,unknown,1,0,,,no_rule_hit,0,0
4361,movement,unknown,0,0,,,no_rule_hit,0,0
4362,unknown,unknown,1,0,,,no_rule_hit,0,0
4363,unknown,unknown,1,0,,,no_rule_hit,0,0
4364,unknown,unknown,1,0,,,no_rule_hit,0,0
4365,emergency,unknown,0,0,,,no_rule_hit,0,0
4366,movement,movement,1,1,,down,movement_match,0,0
4367,unknown,unknown,1,0,,,no_rule_hit,0,0
4368,movement,unknown,0,0,,,no_rule_hit,0,0
4369,movement,unknown,0,0,,,no_rule_hit,0,0
4370,unknown,unknown,1,0,,,no_rule_hit,0,0
4371,unknown,unknown,1,0,,,no_rule_hit,0,0
4372,emergency,emergency,1,1,yes,,emergency_precedence,0,0
4373,unknown,unknown,1,0,,,no_rule_hit,0,0
4374,movement,unknown,0,0,,,no_rule_hit,0,0
4375,emergency,unknown,0,0,,,no_rule_hit,0,0
4376,unknown,unknown,1,0,,,no_rule_hit,0,0
4377,emergency,unknown,0,0,,,no_rule_hit,0,0
4378,emergency,unknown,0,0,,,no_rule_hit,0,0
4379,emergency,unknown,0,0,,,no_rule_hit,0,0
4380,movement,unknown,0,0,,,no_rule_hit,0,0
4381,emergency,unknown,0,0,,,no_rule_hit,0,0
4382,unknown,unknown,1,0,,,no_rule_hit,0,0
4383,unknown,unknown,1,0,,,no_rule_hit,0,0
4384,unknown,unknown,1,0,,,no_rule_hit,0,0
4385,emergency,emergency,1,1,yes,,emergency_precedence,0,0
4386,emergency,unknown,0,0,,,no_rule_hit,0,0
4387,movement,unknown,0,0,,,no_rule_hit,0,0
4388,movement,unknown,0,0,,,no_rule_hit,0,0
4389,unknown,unknown,1,0,,,no_rule_hit,0,0
4390,movement,unknown,0,0,,,no_rule_hit,0,0
4391,unknown,unknown,1,0,,,no_rule_hit,0,0
4392,unknown,emergency,0,1,help,,emergency_precedence,1,0
4393,movement,unknown,0,0,,,no_rule_hit,0,0
4394,emergency,unknown,0,0,,,no_rule_hit,0,0
4395,emergency,unknown,0,0,,,no_rule_hit,0,0
4396,emergency,unknown,0,0,,,no_rule_hit,0,0
4397,emergency,unknown,0,0,,,no_rule_hit,0,0
4398,unknown,unknown,1,0,,,no_rule_hit,0,0
4399,emergency,unknown,0,0,,,no_rule_hit,0,0
4400,unknown,unknown,1,0,,,no_rule_hit,0,0
4401,movement,unknown,0,0,,,no_rule_hit,0,0
4402,unknown,unknown,1,0,,,no_rule_hit,0,0
4403,emergency,emergency,1,1,no,,emergency_precedence,0,0
4404,movement,unknown,0,0,,,no_rule_hit,0,0
4405,movement,movement,1,1,,right,movement_match,0,0
4406,movement,unknown,0,0,,,no_rule_hit,0,0
4407,movement,unknown,0,0,,,no_rule_hit,0,0
4408,unknown,unknown,1,0,,,no_rule_hit,0,0
4409,movement,unknown,0,0,,,no_rule_hit,0,0
4410,unknown,unknown,1,0,,,no_rule_hit,0,0
4411,emergency,emergency,1,1,yes,,emergency_precedence,0,0
4412,movement,unknown,0,0,,,no_rule_hit,0,0
4413,movement,movement,1,1,,go,movement_match,0,0
4414,movement,movement,1,1,,down,movement_match,0,0
4415,emergency,unknown,0,0,,,no_rule_hit,0,0
4416,emergency,unknown,0,0,,,no_rule_hit,0,0
4417,emergency,unknown,0,0,,,no_rule_hit,0,0
4418,movement,unknown,0,0,,,no_rule_hit,0,0
4419,unknown,unknown,1,0,,,no_rule_hit,0,0
4420,emergency,unknown,0,0,,,no_rule_hit,0,0
4421,movement,unknown,0,0,,,no_rule_hit,0,0
4422,movement,unknown,0,0,,,no_rule_hit,0,0
4423,unknown,unknown,1,0,,,no_rule_hit,0,0
4424,emergency,emergency,1,1,yes,,emergency_precedence,0,0
4425,emergency,emergency,1,1,stop,,emergency_precedence,0,0
4426,unknown,unknown,1,0,,,no_rule_hit,0,0
4427,emergency,emergency,1,1,yes,,emergency_precedence,0,0
4428,unknown,unknown,1,0,,,no_rule_hit,0,0
4429,unknown,unknown,1,0,,,no_rule_hit,0,0
4430,unknown,unknown,1,0,,,no_rule_hit,0,0
4431,emergency,emergency,1,1,yes,,emergency_precedence,0,0
4432,emergency,unknown,0,0,,,no_rule_hit,0,0
4433,emergency,unknown,0,0,,,no_rule_hit,0,0
4434,emergency,unknown,0,0,,,no_rule_hit,0,0
4435,unknown,unknown,1,0,,,no_rule_hit,0,0
4436,unknown,unknown,1,0,,,no_rule_hit,0,0
4437,emergency,unknown,0,0,,,no_rule_hit,0,0
4438,unknown,unknown,1,0,,,no_rule_hit,0,0
4439,unknown,unknown,1,0,,,no_rule_hit,0,0
4440,unknown,unknown,1,0,,,no_rule_hit,0,0
4441,emergency,emergency,1,1,yes,,emergency_precedence,0,0
4442,emergency,emergency,1,1,wow,,emergency_precedence,0,0
4443,movement,unknown,0,0,,,no_rule_hit,0,0
4444,emergency,movement,0,1,,go,movement_match,0,0
4445,unknown,unknown,1,0,,,no_rule_hit,0,0
4446,movement,unknown,0,0,,,no_rule_hit,0,0
4447,emergency,unknown,0,0,,,no_rule_hit,0,0
4448,unknown,emergency,0,1,help,,emergency_precedence,1,0
4449,unknown,unknown,1,0,,,no_rule_hit,0,0
4450,movement,emergency,0,1,no,,emergency_precedence,0,0
4451,unknown,unknown,1,0,,,no_rule_hit,0,0
4452,unknown,unknown,1,0,,,no_rule_hit,0,0
4453,emergency,emergency,1,1,yes,,emergency_precedence,0,0
4454,unknown,unknown,1,0,,,no_rule_hit,0,0
4455,movement,unknown,0,0,,,no_rule_hit,0,0
4456,unknown,unknown,1,0,,,no_rule_hit,0,0
4457,unknown,unknown,1,0,,,no_rule_hit,0,0
4458,emergency,unknown,0,0,,,no_rule_hit,0,0
4459,movement,unknown,0,0,,,no_rule_hit,0,0
4460,movement,unknown,0,0,,,no_rule_hit,0,0
4461,emergency,unknown,0,0,,,no_rule_hit,0,0
4462,unknown,unknown,1,0,,,no_rule_hit,0,0
4463,emergency,unknown,0,0,,,no_rule_hit,0,0
4464,unknown,unknown,1,0,,,no_rule_hit,0,0
4465,unknown,unknown,1,0,,,no_rule_hit,0,0
4466,emergency,unknown,0,0,,,no_rule_hit,0,0
4467,unknown,unknown,1,0,,,no_rule_hit,0,0
4468,movement,unknown,0,0,,,no_rule_hit,0,0
4469,movement,unknown,0,0,,,no_rule_hit,0,0
4470,unknown,unknown,1,0,,,no_rule_hit,0,0
4471,emergency,unknown,0,0,,,no_rule_hit,0,0
4472,unknown,unknown,1,0,,,no_rule_hit,0,0
4473,movement,unknown,0,0,,,no_rule_hit,0,0
4474,unknown,unknown,1,0,,,no_rule_hit,0,0
4475,movement,unknown,0,0,,,no_rule_hit,0,0
4476,movement,unknown,0,0,,,no_rule_hit,0,0
4477,movement,unknown,0,0,,,no_rule_hit,0,0
4478,movement,unknown,0,0,,,no_rule_hit,0,0
4479,unknown,unknown,1,0,,,no_rule_hit,0,0
4480,movement,unknown,0,0,,,no_rule_hit,0,0
4481,emergency,unknown,0,0,,,no_rule_hit,0,0
4482,unknown,unknown,1,0,,,no_rule_hit,0,0
4483,movement,unknown,0,0,,,no_rule_hit,0,0
4484,unknown,unknown,1,0,,,no_rule_hit,0,0
4485,movement,movement,1,1,,right,movement_match,0,0
4486,movement,unknown,0,0,,,no_rule_hit,0,0
4487,unknown,unknown,1,0,,,no_rule_hit,0,0
4488,unknown,unknown,1,0,,,no_rule_hit,0,0
4489,unknown,unknown,1,0,,,no_rule_hit,0,0
4490,unknown,unknown,1,0,,,no_rule_hit,0,0
4491,emergency,emergency,1,1,no,,emergency_precedence,0,0
4492,unknown,unknown,1,0,,,no_rule_hit,0,0
4493,unknown,unknown,1,0,,,no_rule_hit,0,0
4494,unknown,unknown,1,0,,,no_rule_hit,0,0
4495,unknown,unknown,1,0,,,no_rule_hit,0,0
4496,movement,unknown,0,0,,,no_rule_hit,0,0
4497,emergency,emergency,1,1,yes,,emergency_precedence,0,0
4498,movement,unknown,0,0,,,no_rule_hit,0,0
4499,movement,unknown,0,0,,,no_rule_hit,0,0
4500,unknown,unknown,1,0,,,no_rule_hit,0,0
4501,movement,movement,1,1,,right,movement_match,0,0
4502,unknown,unknown,1,0,,,no_rule_hit,0,0
4503,unknown,unknown,1,0,,,no_rule_hit,0,0
4504,movement,unknown,0,0,,,no_rule_hit,0,0
4505,emergency,unknown,0,0,,,no_rule_hit,0,0
4506,movement,unknown,0,0,,,no_rule_hit,0,0
4507,unknown,unknown,1,0,,,no_rule_hit,0,0
4508,movement,unknown,0,0,,,no_rule_hit,0,0
4509,movement,unknown,0,0,,,no_rule_hit,0,0
4510,emergency,unknown,0,0,,,no_rule_hit,0,0
4511,emergency,unknown,0,0,,,no_rule_hit,0,0
4512,emergency,unknown,0,0,,,no_rule_hit,0,0
4513,emergency,unknown,0,0,,,no_rule_hit,0,0
4514,movement,unknown,0,0,,,no_rule_hit,0,0
4515,unknown,unknown,1,0,,,no_rule_hit,0,0
4516,unknown,unknown,1,0,,,no_rule_hit,0,0
4517,movement,unknown,0,0,,,no_rule_hit,0,0
4518,movement,movement,1,1,,go,movement_match,0,0
4519,movement,movement,1,1,,go,movement_match,0,0
4520,emergency,emergency,1,1,yes,,emergency_precedence,0,0
4521,emergency,unknown,0,0,,,no_rule_hit,0,0
4522,emergency,unknown,0,0,,,no_rule_hit,0,0
4523,unknown,unknown,1,0,,,no_rule_hit,0,0
4524,movement,unknown,0,0,,,no_rule_hit,0,0
4525,unknown,unknown,1,0,,,no_rule_hit,0,0
4526,unknown,unknown,1,0,,,no_rule_hit,0,0
4527,emergency,unknown,0,0,,,no_rule_hit,0,0
4528,emergency,emergency,1,1,yes,,emergency_precedence,0,0
4529,unknown,unknown,1,0,,,no_rule_hit,0,0
4530,unknown,unknown,1,0,,,no_rule_hit,0,0
4531,emergency,unknown,0,0,,,no_rule_hit,0,0
4532,movement,unknown,0,0,,,no_rule_hit,0,0
4533,unknown,unknown,1,0,,,no_rule_hit,0,0
4534,emergency,unknown,0,0,,,no_rule_hit,0,0
4535,unknown,unknown,1,0,,,no_rule_hit,0,0
4536,movement,unknown,0,0,,,no_rule_hit,0,0
4537,emergency,unknown,0,0,,,no_rule_hit,0,0
4538,movement,emergency,0,1,wow,,emergency_precedence,0,0
4539,unknown,unknown,1,0,,,no_rule_hit,0,0
4540,movement,unknown,0,0,,,no_rule_hit,0,0
4541,emergency,unknown,0,0,,,no_rule_hit,0,0
4542,emergency,unknown,0,0,,,no_rule_hit,0,0
4543,movement,unknown,0,0,,,no_rule_hit,0,0
4544,emergency,unknown,0,0,,,no_rule_hit,0,0
4545,emergency,emergency,1,1,yes,,emergency_precedence,0,0
4546,unknown,unknown,1,0,,,no_rule_hit,0,0
4547,emergency,unknown,0,0,,,no_rule_hit,0,0
4548,emergency,unknown,0,0,,,no_rule_hit,0,0
4549,emergency,unknown,0,0,,,no_rule_hit,0,0
4550,unknown,unknown,1,0,,,no_rule_hit,0,0
4551,movement,movement,1,1,,go,movement_match,0,0
4552,unknown,unknown,1,0,,,no_rule_hit,0,0
4553,unknown,unknown,1,0,,,no_rule_hit,0,0
4554,movement,unknown,0,0,,,no_rule_hit,0,0
4555,movement,unknown,0,0,,,no_rule_hit,0,0
4556,movement,unknown,0,0,,,no_rule_hit,0,0
4557,movement,unknown,0,0,,,no_rule_hit,0,0
4558,unknown,unknown,1,0,,,no_rule_hit,0,0
4559,unknown,unknown,1,0,,,no_rule_hit,0,0
4560,emergency,emergency,1,1,no,,emergency_precedence,0,0
4561,movement,unknown,0,0,,,no_rule_hit,0,0
4562,unknown,unknown,1,0,,,no_rule_hit,0,0
4563,unknown,unknown,1,0,,,no_rule_hit,0,0
4564,movement,unknown,0,0,,,no_rule_hit,0,0
4565,movement,unknown,0,0,,,no_rule_hit,0,0
4566,emergency,emergency,1,1,yes,,emergency_precedence,0,0
4567,emergency,unknown,0,0,,,no_rule_hit,0,0
4568,movement,unknown,0,0,,,no_rule_hit,0,0
4569,movement,unknown,0,0,,,no_rule_hit,0,0
4570,movement,unknown,0,0,,,no_rule_hit,0,0
4571,emergency,unknown,0,0,,,no_rule_hit,0,0
4572,unknown,unknown,1,0,,,no_rule_hit,0,0
4573,unknown,unknown,1,0,,,no_rule_hit,0,0
4574,movement,unknown,0,0,,,no_rule_hit,0,0
4575,emergency,emergency,1,1,yes,,emergency_precedence,0,0
4576,unknown,unknown,1,0,,,no_rule_hit,0,0
4577,movement,movement,1,1,,go,movement_match,0,0
4578,unknown,unknown,1,0,,,no_rule_hit,0,0
4579,emergency,unknown,0,0,,,no_rule_hit,0,0
4580,unknown,unknown,1,0,,,no_rule_hit,0,0
4581,movement,unknown,0,0,,,no_rule_hit,0,0
4582,unknown,unknown,1,0,,,no_rule_hit,0,0
4583,emergency,unknown,0,0,,,no_rule_hit,0,0
4584,unknown,unknown,1,0,,,no_rule_hit,0,0
4585,movement,unknown,0,0,,,no_rule_hit,0,0
4586,unknown,unknown,1,0,,,no_rule_hit,0,0
4587,emergency,unknown,0,0,,,no_rule_hit,0,0
4588,emergency,emergency,1,1,no,,emergency_precedence,0,0
4589,unknown,unknown,1,0,,,no_rule_hit,0,0
4590,movement,unknown,0,0,,,no_rule_hit,0,0
4591,emergency,unknown,0,0,,,no_rule_hit,0,0
4592,emergency,unknown,0,0,,,no_rule_hit,0,0
4593,unknown,unknown,1,0,,,no_rule_hit,0,0
4594,unknown,unknown,1,0,,,no_rule_hit,0,0
4595,unknown,unknown,1,0,,,no_rule_hit,0,0
4596,emergency,unknown,0,0,,,no_rule_hit,0,0
4597,movement,unknown,0,0,,,no_rule_hit,0,0
4598,emergency,unknown,0,0,,,no_rule_hit,0,0
4599,movement,unknown,0,0,,,no_rule_hit,0,0
4600,emergency,emergency,1,1,stop,,emergency_precedence,0,0
4601,emergency,movement,0,1,,up,movement_match,0,0
4602,movement,emergency,0,1,yes,,emergency_precedence,0,0
4603,emergency,unknown,0,0,,,no_rule_hit,0,0
4604,unknown,unknown,1,0,,,no_rule_hit,0,0
4605,unknown,unknown,1,0,,,no_rule_hit,0,0
4606,movement,unknown,0,0,,,no_rule_hit,0,0
4607,emergency,unknown,0,0,,,no_rule_hit,0,0
4608,movement,unknown,0,0,,,no_rule_hit,0,0
4609,unknown,unknown,1,0,,,no_rule_hit,0,0
4610,unknown,unknown,1,0,,,no_rule_hit,0,0
4611,emergency,unknown,0,0,,,no_rule_hit,0,0
4612,movement,unknown,0,0,,,no_rule_hit,0,0
4613,unknown,unknown,1,0,,,no_rule_hit,0,0
4614,movement,unknown,0,0,,,no_rule_hit,0,0
4615,unknown,unknown,1,0,,,no_rule_hit,0,0
4616,movement,unknown,0,0,,,no_rule_hit,0,0
4617,unknown,unknown,1,0,,,no_rule_hit,0,0
4618,emergency,emergency,1,1,no,,emergency_precedence,0,0
4619,emergency,emergency,1,1,yes,,emergency_precedence,0,0
4620,unknown,unknown,1,0,,,no_rule_hit,0,0
4621,unknown,unknown,1,0,,,no_rule_hit,0,0
4622,emergency,unknown,0,0,,,no_rule_hit,0,0
4623,emergency,emergency,1,1,yes,,emergency_precedence,0,0
4624,emergency,movement,0,1,,go,movement_match,0,0
4625,unknown,unknown,1,0,,,no_rule_hit,0,0
4626,unknown,unknown,1,0,,,no_rule_hit,0,0
4627,emergency,unknown,0,0,,,no_rule_hit,0,0
4628,movement,unknown,0,0,,,no_rule_hit,0,0
4629,movement,unknown,0,0,,,no_rule_hit,0,0
4630,unknown,unknown,1,0,,,no_rule_hit,0,0
4631,movement,unknown,0,0,,,no_rule_hit,0,0
4632,movement,movement,1,1,,right,movement_match,0,0
4633,emergency,unknown,0,0,,,no_rule_hit,0,0
4634,movement,unknown,0,0,,,no_rule_hit,0,0
4635,unknown,unknown,1,0,,,no_rule_hit,0,0
4636,unknown,unknown,1,0,,,no_rule_hit,0,0
4637,emergency,unknown,0,0,,,no_rule_hit,0,0
4638,unknown,unknown,1,0,,,no_rule_hit,0,0
4639,unknown,unknown,1,0,,,no_rule_hit,0,0
4640,unknown,unknown,1,0,,,no_rule_hit,0,0
4641,unknown,unknown,1,0,,,no_rule_hit,0,0
4642,movement,movement,1,1,,on,movement_match,0,0
4643,emergency,emergency,1,1,no,,emergency_precedence,0,0
4644,movement,unknown,0,0,,,no_rule_hit,0,0
4645,unknown,unknown,1,0,,,no_rule_hit,0,0
4646,unknown,unknown,1,0,,,no_rule_hit,0,0
4647,unknown,unknown,1,0,,,no_rule_hit,0,0
4648,movement,unknown,0,0,,,no_rule_hit,0,0
4649,movement,unknown,0,0,,,no_rule_hit,0,0
4650,movement,unknown,0,0,,,no_rule_hit,0,0
4651,unknown,unknown,1,0,,,no_rule_hit,0,0
4652,emergency,unknown,0,0,,,no_rule_hit,0,0
4653,emergency,unknown,0,0,,,no_rule_hit,0,0
4654,unknown,unknown,1,0,,,no_rule_hit,0,0
4655,emergency,unknown,0,0,,,no_rule_hit,0,0
4656,movement,movement,1,1,,right,movement_match,0,0
4657,emergency,unknown,0,0,,,no_rule_hit,0,0
4658,movement,unknown,0,0,,,no_rule_hit,0,0
4659,movement,unknown,0,0,,,no_rule_hit,0,0
4660,movement,unknown,0,0,,,no_rule_hit,0,0
4661,unknown,unknown,1,0,,,no_rule_hit,0,0
4662,emergency,unknown,0,0,,,no_rule_hit,0,0
4663,unknown,movement,0,1,,go,movement_match,1,0
4664,emergency,unknown,0,0,,,no_rule_hit,0,0
4665,unknown,unknown,1,0,,,no_rule_hit,0,0
4666,unknown,unknown,1,0,,,no_rule_hit,0,0
4667,movement,unknown,0,0,,,no_rule_hit,0,0
4668,emergency,emergency,1,1,stop,,emergency_precedence,0,0
4669,unknown,unknown,1,0,,,no_rule_hit,0,0
4670,unknown,unknown,1,0,,,no_rule_hit,0,0
4671,unknown,unknown,1,0,,,no_rule_hit,0,0
4672,movement,unknown,0,0,,,no_rule_hit,0,0
4673,emergency,unknown,0,0,,,no_rule_hit,0,0
4674,unknown,unknown,1,0,,,no_rule_hit,0,0
4675,movement,unknown,0,0,,,no_rule_hit,0,0
4676,movement,unknown,0,0,,,no_rule_hit,0,0
4677,movement,unknown,0,0,,,no_rule_hit,0,0
4678,emergency,unknown,0,0,,,no_rule_hit,0,0
4679,emergency,unknown,0,0,,,no_rule_hit,0,0
4680,emergency,unknown,0,0,,,no_rule_hit,0,0
4681,unknown,unknown,1,0,,,no_rule_hit,0,0
4682,movement,unknown,0,0,,,no_rule_hit,0,0
4683,emergency,unknown,0,0,,,no_rule_hit,0,0
4684,unknown,unknown,1,0,,,no_rule_hit,0,0
4685,movement,unknown,0,0,,,no_rule_hit,0,0
4686,emergency,emergency,1,1,wow,,emergency_precedence,0,0
4687,emergency,unknown,0,0,,,no_rule_hit,0,0
4688,emergency,unknown,0,0,,,no_rule_hit,0,0
4689,movement,unknown,0,0,,,no_rule_hit,0,0
4690,movement,unknown,0,0,,,no_rule_hit,0,0
4691,movement,unknown,0,0,,,no_rule_hit,0,0
4692,emergency,unknown,0,0,,,no_rule_hit,0,0
4693,unknown,unknown,1,0,,,no_rule_hit,0,0
4694,movement,unknown,0,0,,,no_rule_hit,0,0
4695,movement,unknown,0,0,,,no_rule_hit,0,0
4696,emergency,emergency,1,1,wow,,emergency_precedence,0,0
4697,movement,unknown,0,0,,,no_rule_hit,0,0
4698,movement,unknown,0,0,,,no_rule_hit,0,0
4699,unknown,unknown,1,0,,,no_rule_hit,0,0
4700,movement,unknown,0,0,,,no_rule_hit,0,0
4701,emergency,unknown,0,0,,,no_rule_hit,0,0
4702,emergency,unknown,0,0,,,no_rule_hit,0,0
4703,unknown,unknown,1,0,,,no_rule_hit,0,0
4704,movement,unknown,0,0,,,no_rule_hit,0,0
4705,movement,movement,1,1,,down,movement_match,0,0
4706,unknown,unknown,1,0,,,no_rule_hit,0,0
4707,movement,unknown,0,0,,,no_rule_hit,0,0
4708,emergency,unknown,0,0,,,no_rule_hit,0,0
4709,movement,unknown,0,0,,,no_rule_hit,0,0
4710,movement,unknown,0,0,,,no_rule_hit,0,0
4711,unknown,unknown,1,0,,,no_rule_hit,0,0
4712,movement,unknown,0,0,,,no_rule_hit,0,0
4713,unknown,unknown,1,0,,,no_rule_hit,0,0
4714,movement,unknown,0,0,,,no_rule_hit,0,0
4715,movement,unknown,0,0,,,no_rule_hit,0,0
4716,emergency,unknown,0,0,,,no_rule_hit,0,0
4717,movement,unknown,0,0,,,no_rule_hit,0,0
4718,unknown,unknown,1,0,,,no_rule_hit,0,0
4719,emergency,emergency,1,1,no,,emergency_precedence,0,0
4720,emergency,unknown,0,0,,,no_rule_hit,0,0
4721,movement,unknown,0,0,,,no_rule_hit,0,0
4722,unknown,unknown,1,0,,,no_rule_hit,0,0
4723,emergency,unknown,0,0,,,no_rule_hit,0,0
4724,emergency,unknown,0,0,,,no_rule_hit,0,0
4725,unknown,unknown,1,0,,,no_rule_hit,0,0
4726,emergency,emergency,1,1,no,,emergency_precedence,0,0
4727,unknown,unknown,1,0,,,no_rule_hit,0,0
4728,movement,unknown,0,0,,,no_rule_hit,0,0
4729,unknown,unknown,1,0,,,no_rule_hit,0,0
4730,emergency,unknown,0,0,,,no_rule_hit,0,0
4731,emergency,emergency,1,1,yes,,emergency_precedence,0,0
4732,unknown,unknown,1,0,,,no_rule_hit,0,0
4733,movement,unknown,0,0,,,no_rule_hit,0,0
4734,unknown,unknown,1,0,,,no_rule_hit,0,0
4735,unknown,unknown,1,0,,,no_rule_hit,0,0
4736,movement,unknown,0,0,,,no_rule_hit,0,0
4737,emergency,unknown,0,0,,,no_rule_hit,0,0
4738,emergency,unknown,0,0,,,no_rule_hit,0,0
4739,emergency,unknown,0,0,,,no_rule_hit,0,0
4740,unknown,unknown,1,0,,,no_rule_hit,0,0
4741,movement,unknown,0,0,,,no_rule_hit,0,0
4742,unknown,unknown,1,0,,,no_rule_hit,0,0
4743,unknown,unknown,1,0,,,no_rule_hit,0,0
4744,unknown,unknown,1,0,,,no_rule_hit,0,0
4745,emergency,emergency,1,1,wow,,emergency_precedence,0,0
4746,emergency,unknown,0,0,,,no_rule_hit,0,0
4747,unknown,unknown,1,0,,,no_rule_hit,0,0
4748,unknown,unknown,1,0,,,no_rule_hit,0,0
4749,emergency,unknown,0,0,,,no_rule_hit,0,0
4750,emergency,unknown,0,0,,,no_rule_hit,0,0
4751,unknown,unknown,1,0,,,no_rule_hit,0,0
4752,unknown,unknown,1,0,,,no_rule_hit,0,0
4753,unknown,unknown,1,0,,,no_rule_hit,0,0
4754,movement,unknown,0,0,,,no_rule_hit,0,0
4755,unknown,unknown,1,0,,,no_rule_hit,0,0
4756,emergency,unknown,0,0,,,no_rule_hit,0,0
4757,unknown,unknown,1,0,,,no_rule_hit,0,0
4758,unknown,unknown,1,0,,,no_rule_hit,0,0
4759,unknown,unknown,1,0,,,no_rule_hit,0,0
4760,movement,movement,1,1,,right,movement_match,0,0
4761,emergency,unknown,0,0,,,no_rule_hit,0,0
4762,movement,unknown,0,0,,,no_rule_hit,0,0
4763,emergency,unknown,0,0,,,no_rule_hit,0,0
4764,movement,unknown,0,0,,,no_rule_hit,0,0
4765,movement,unknown,0,0,,,no_rule_hit,0,0
4766,unknown,unknown,1,0,,,no_rule_hit,0,0
4767,emergency,unknown,0,0,,,no_rule_hit,0,0
4768,emergency,unknown,0,0,,,no_rule_hit,0,0
4769,movement,unknown,0,0,,,no_rule_hit,0,0
4770,movement,unknown,0,0,,,no_rule_hit,0,0
4771,emergency,unknown,0,0,,,no_rule_hit,0,0
4772,unknown,unknown,1,0,,,no_rule_hit,0,0
4773,movement,unknown,0,0,,,no_rule_hit,0,0
4774,emergency,unknown,0,0,,,no_rule_hit,0,0
4775,unknown,unknown,1,0,,,no_rule_hit,0,0
4776,movement,unknown,0,0,,,no_rule_hit,0,0
4777,unknown,unknown,1,0,,,no_rule_hit,0,0
4778,movement,unknown,0,0,,,no_rule_hit,0,0
4779,unknown,unknown,1,0,,,no_rule_hit,0,0
4780,emergency,unknown,0,0,,,no_rule_hit,0,0
4781,movement,movement,1,1,,go,movement_match,0,0
4782,unknown,unknown,1,0,,,no_rule_hit,0,0
4783,movement,unknown,0,0,,,no_rule_hit,0,0
4784,unknown,unknown,1,0,,,no_rule_hit,0,0
4785,movement,unknown,0,0,,,no_rule_hit,0,0
4786,movement,movement,1,1,,down,movement_match,0,0
4787,emergency,unknown,0,0,,,no_rule_hit,0,0
4788,emergency,movement,0,1,,back,movement_match,0,0
4789,emergency,unknown,0,0,,,no_rule_hit,0,0
4790,unknown,unknown,1,0,,,no_rule_hit,0,0
4791,emergency,unknown,0,0,,,no_rule_hit,0,0
4792,movement,unknown,0,0,,,no_rule_hit,0,0
4793,unknown,unknown,1,0,,,no_rule_hit,0,0
4794,movement,unknown,0,0,,,no_rule_hit,0,0
4795,emergency,unknown,0,0,,,no_rule_hit,0,0
4796,movement,unknown,0,0,,,no_rule_hit,0,0
4797,movement,unknown,0,0,,,no_rule_hit,0,0
4798,movement,unknown,0,0,,,no_rule_hit,0,0
4799,movement,unknown,0,0,,,no_rule_hit,0,0
4800,emergency,unknown,0,0,,,no_rule_hit,0,0
4801,emergency,emergency,1,1,wow,,emergency_precedence,0,0
4802,emergency,unknown,0,0,,,no_rule_hit,0,0
4803,emergency,unknown,0,0,,,no_rule_hit,0,0
4804,movement,movement,1,1,,go,movement_match,0,0
4805,unknown,unknown,1,0,,,no_rule_hit,0,0
4806,emergency,unknown,0,0,,,no_rule_hit,0,0
4807,movement,unknown,0,0,,,no_rule_hit,0,0
4808,emergency,unknown,0,0,,,no_rule_hit,0,0
4809,movement,unknown,0,0,,,no_rule_hit,0,0
4810,movement,unknown,0,0,,,no_rule_hit,0,0
4811,movement,unknown,0,0,,,no_rule_hit,0,0
4812,emergency,unknown,0,0,,,no_rule_hit,0,0
4813,emergency,unknown,0,0,,,no_rule_hit,0,0
4814,unknown,unknown,1,0,,,no_rule_hit,0,0
4815,unknown,unknown,1,0,,,no_rule_hit,0,0
4816,unknown,unknown,1,0,,,no_rule_hit,0,0
4817,movement,unknown,0,0,,,no_rule_hit,0,0
4818,unknown,unknown,1,0,,,no_rule_hit,0,0
4819,emergency,unknown,0,0,,,no_rule_hit,0,0
4820,unknown,unknown,1,0,,,no_rule_hit,0,0
4821,movement,unknown,0,0,,,no_rule_hit,0,0
4822,emergency,unknown,0,0,,,no_rule_hit,0,0
4823,unknown,unknown,1,0,,,no_rule_hit,0,0
4824,emergency,unknown,0,0,,,no_rule_hit,0,0
4825,emergency,emergency,1,1,no,,emergency_precedence,0,0
4826,unknown,unknown,1,0,,,no_rule_hit,0,0
4827,unknown,unknown,1,0,,,no_rule_hit,0,0
4828,movement,unknown,0,0,,,no_rule_hit,0,0
4829,emergency,unknown,0,0,,,no_rule_hit,0,0
4830,unknown,unknown,1,0,,,no_rule_hit,0,0
4831,unknown,unknown,1,0,,,no_rule_hit,0,0
4832,movement,unknown,0,0,,,no_rule_hit,0,0
4833,movement,unknown,0,0,,,no_rule_hit,0,0
4834,movement,unknown,0,0,,,no_rule_hit,0,0
4835,emergency,unknown,0,0,,,no_rule_hit,0,0
4836,emergency,unknown,0,0,,,no_rule_hit,0,0
4837,unknown,unknown,1,0,,,no_rule_hit,0,0
4838,unknown,unknown,1,0,,,no_rule_hit,0,0
4839,emergency,emergency,1,1,wow,,emergency_precedence,0,0
4840,emergency,unknown,0,0,,,no_rule_hit,0,0
4841,unknown,unknown,1,0,,,no_rule_hit,0,0
4842,emergency,unknown,0,0,,,no_rule_hit,0,0
4843,movement,movement,1,1,,come,movement_match,0,0
4844,unknown,unknown,1,0,,,no_rule_hit,0,0
4845,emergency,unknown,0,0,,,no_rule_hit,0,0
4846,emergency,movement,0,1,,go,movement_match,0,0
4847,movement,unknown,0,0,,,no_rule_hit,0,0
4848,movement,movement,1,1,,right,movement_match,0,0
4849,emergency,emergency,1,1,wow,,emergency_precedence,0,0
4850,emergency,unknown,0,0,,,no_rule_hit,0,0
4851,unknown,emergency,0,1,help,,emergency_precedence,1,0
4852,movement,unknown,0,0,,,no_rule_hit,0,0
4853,emergency,unknown,0,0,,,no_rule_hit,0,0
4854,movement,unknown,0,0,,,no_rule_hit,0,0
4855,emergency,unknown,0,0,,,no_rule_hit,0,0
4856,movement,unknown,0,0,,,no_rule_hit,0,0
4857,emergency,unknown,0,0,,,no_rule_hit,0,0
4858,unknown,unknown,1,0,,,no_rule_hit,0,0
4859,unknown,unknown,1,0,,,no_rule_hit,0,0
4860,emergency,unknown,0,0,,,no_rule_hit,0,0
4861,movement,unknown,0,0,,,no_rule_hit,0,0
4862,emergency,emergency,1,1,no,,emergency_precedence,0,0
4863,emergency,unknown,0,0,,,no_rule_hit,0,0
4864,emergency,unknown,0,0,,,no_rule_hit,0,0
4865,emergency,emergency,1,1,yes,,emergency_precedence,0,0
4866,unknown,unknown,1,0,,,no_rule_hit,0,0
4867,emergency,unknown,0,0,,,no_rule_hit,0,0
4868,emergency,unknown,0,0,,,no_rule_hit,0,0
4869,emergency,movement,0,1,,go,movement_match,0,0
4870,emergency,unknown,0,0,,,no_rule_hit,0,0
4871,movement,unknown,0,0,,,no_rule_hit,0,0
4872,movement,unknown,0,0,,,no_rule_hit,0,0
4873,unknown,unknown,1,0,,,no_rule_hit,0,0
4874,unknown,unknown,1,0,,,no_rule_hit,0,0
4875,movement,unknown,0,0,,,no_rule_hit,0,0
4876,unknown,unknown,1,0,,,no_rule_hit,0,0
4877,movement,unknown,0,0,,,no_rule_hit,0,0
4878,movement,unknown,0,0,,,no_rule_hit,0,0
4879,emergency,unknown,0,0,,,no_rule_hit,0,0
4880,unknown,unknown,1,0,,,no_rule_hit,0,0
4881,unknown,unknown,1,0,,,no_rule_hit,0,0
4882,movement,unknown,0,0,,,no_rule_hit,0,0
4883,movement,unknown,0,0,,,no_rule_hit,0,0
4884,movement,unknown,0,0,,,no_rule_hit,0,0
4885,movement,unknown,0,0,,,no_rule_hit,0,0
4886,movement,unknown,0,0,,,no_rule_hit,0,0
4887,movement,unknown,0,0,,,no_rule_hit,0,0
4888,unknown,unknown,1,0,,,no_rule_hit,0,0
4889,unknown,unknown,1,0,,,no_rule_hit,0,0
4890,movement,unknown,0,0,,,no_rule_hit,0,0
4891,emergency,unknown,0,0,,,no_rule_hit,0,0
4892,movement,unknown,0,0,,,no_rule_hit,0,0
4893,emergency,unknown,0,0,,,no_rule_hit,0,0
4894,movement,unknown,0,0,,,no_rule_hit,0,0
4895,emergency,emergency,1,1,yes,,emergency_precedence,0,0
4896,movement,movement,1,1,,right,movement_match,0,0
4897,movement,unknown,0,0,,,no_rule_hit,0,0
4898,emergency,unknown,0,0,,,no_rule_hit,0,0
4899,unknown,unknown,1,0,,,no_rule_hit,0,0
4900,unknown,unknown,1,0,,,no_rule_hit,0,0
4901,unknown,unknown,1,0,,,no_rule_hit,0,0
4902,emergency,unknown,0,0,,,no_rule_hit,0,0
4903,movement,unknown,0,0,,,no_rule_hit,0,0
4904,movement,unknown,0,0,,,no_rule_hit,0,0
4905,unknown,unknown,1,0,,,no_rule_hit,0,0
4906,unknown,unknown,1,0,,,no_rule_hit,0,0
4907,movement,unknown,0,0,,,no_rule_hit,0,0
4908,movement,unknown,0,0,,,no_rule_hit,0,0
4909,movement,unknown,0,0,,,no_rule_hit,0,0
4910,emergency,unknown,0,0,,,no_rule_hit,0,0
4911,movement,unknown,0,0,,,no_rule_hit,0,0
4912,movement,unknown,0,0,,,no_rule_hit,0,0
4913,movement,unknown,0,0,,,no_rule_hit,0,0
4914,emergency,unknown,0,0,,,no_rule_hit,0,0
4915,unknown,unknown,1,0,,,no_rule_hit,0,0
4916,unknown,unknown,1,0,,,no_rule_hit,0,0
4917,unknown,unknown,1,0,,,no_rule_hit,0,0
4918,emergency,emergency,1,1,yes,,emergency_precedence,0,0
4919,movement,unknown,0,0,,,no_rule_hit,0,0
4920,emergency,unknown,0,0,,,no_rule_hit,0,0
4921,unknown,unknown,1,0,,,no_rule_hit,0,0
4922,emergency,unknown,0,0,,,no_rule_hit,0,0
4923,emergency,movement,0,1,,go,movement_match,0,0
4924,emergency,unknown,0,0,,,no_rule_hit,0,0
4925,unknown,unknown,1,0,,,no_rule_hit,0,0
4926,emergency,unknown,0,0,,,no_rule_hit,0,0
4927,emergency,unknown,0,0,,,no_rule_hit,0,0
4928,movement,unknown,0,0,,,no_rule_hit,0,0
4929,emergency,emergency,1,1,yes,,emergency_precedence,0,0
4930,unknown,unknown,1,0,,,no_rule_hit,0,0
4931,unknown,unknown,1,0,,,no_rule_hit,0,0
4932,emergency,emergency,1,1,no,,emergency_precedence,0,0
4933,movement,unknown,0,0,,,no_rule_hit,0,0
4934,emergency,unknown,0,0,,,no_rule_hit,0,0
4935,movement,unknown,0,0,,,no_rule_hit,0,0
4936,unknown,unknown,1,0,,,no_rule_hit,0,0
4937,emergency,unknown,0,0,,,no_rule_hit,0,0
4938,unknown,unknown,1,0,,,no_rule_hit,0,0
4939,emergency,unknown,0,0,,,no_rule_hit,0,0
4940,emergency,unknown,0,0,,,no_rule_hit,0,0
4941,movement,unknown,0,0,,,no_rule_hit,0,0
4942,unknown,unknown,1,0,,,no_rule_hit,0,0
4943,unknown,unknown,1,0,,,no_rule_hit,0,0
4944,emergency,unknown,0,0,,,no_rule_hit,0,0
4945,movement,unknown,0,0,,,no_rule_hit,0,0
4946,emergency,unknown,0,0,,,no_rule_hit,0,0
4947,emergency,unknown,0,0,,,no_rule_hit,0,0
4948,unknown,unknown,1,0,,,no_rule_hit,0,0
4949,movement,unknown,0,0,,,no_rule_hit,0,0
4950,unknown,unknown,1,0,,,no_rule_hit,0,0
4951,movement,unknown,0,0,,,no_rule_hit,0,0
4952,unknown,unknown,1,0,,,no_rule_hit,0,0
4953,movement,unknown,0,0,,,no_rule_hit,0,0
4954,unknown,unknown,1,0,,,no_rule_hit,0,0
4955,unknown,unknown,1,0,,,no_rule_hit,0,0
4956,movement,unknown,0,0,,,no_rule_hit,0,0
4957,unknown,unknown,1,0,,,no_rule_hit,0,0
4958,unknown,unknown,1,0,,,no_rule_hit,0,0
4959,movement,unknown,0,0,,,no_rule_hit,0,0
4960,emergency,emergency,1,1,yes,,emergency_precedence,0,0
4961,emergency,emergency,1,1,yes,,emergency_precedence,0,0
4962,emergency,emergency,1,1,yes,,emergency_precedence,0,0
4963,emergency,unknown,0,0,,,no_rule_hit,0,0
4964,emergency,unknown,0,0,,,no_rule_hit,0,0
4965,movement,unknown,0,0,,,no_rule_hit,0,0
4966,movement,unknown,0,0,,,no_rule_hit,0,0
4967,movement,unknown,0,0,,,no_rule_hit,0,0
4968,unknown,unknown,1,0,,,no_rule_hit,0,0
4969,unknown,unknown,1,0,,,no_rule_hit,0,0
4970,movement,unknown,0,0,,,no_rule_hit,0,0
4971,unknown,unknown,1,0,,,no_rule_hit,0,0
4972,unknown,unknown,1,0,,,no_rule_hit,0,0
4973,movement,unknown,0,0,,,no_rule_hit,0,0
4974,unknown,unknown,1,0,,,no_rule_hit,0,0
4975,movement,unknown,0,0,,,no_rule_hit,0,0
4976,unknown,unknown,1,0,,,no_rule_hit,0,0
4977,unknown,unknown,1,0,,,no_rule_hit,0,0
4978,movement,unknown,0,0,,,no_rule_hit,0,0
4979,emergency,unknown,0,0,,,no_rule_hit,0,0
4980,movement,unknown,0,0,,,no_rule_hit,0,0
4981,emergency,emergency,1,1,yes,,emergency_precedence,0,0
4982,emergency,unknown,0,0,,,no_rule_hit,0,0
4983,unknown,unknown,1,0,,,no_rule_hit,0,0
4984,movement,unknown,0,0,,,no_rule_hit,0,0
4985,emergency,emergency,1,1,no,,emergency_precedence,0,0
4986,unknown,unknown,1,0,,,no_rule_hit,0,0
4987,movement,unknown,0,0,,,no_rule_hit,0,0
4988,unknown,unknown,1,0,,,no_rule_hit,0,0
4989,movement,unknown,0,0,,,no_rule_hit,0,0
4990,unknown,unknown,1,0,,,no_rule_hit,0,0
4991,emergency,emergency,1,1,yes,,emergency_precedence,0,0
4992,movement,unknown,0,0,,,no_rule_hit,0,0
4993,emergency,unknown,0,0,,,no_rule_hit,0,0
4994,unknown,unknown,1,0,,,no_rule_hit,0,0
4995,unknown,unknown,1,0,,,no_rule_hit,0,0
4996,unknown,emergency,0,1,no,,emergency_precedence,1,0
4997,movement,unknown,0,0,,,no_rule_hit,0,0
4998,emergency,unknown,0,0,,,no_rule_hit,0,0
4999,emergency,unknown,0,0,,,no_rule_hit,0,0
5000,emergency,emergency,1,1,stop,,emergency_precedence,0,0
5001,movement,unknown,0,0,,,no_rule_hit,0,0
5002,movement,unknown,0,0,,,no_rule_hit,0,0
5003,emergency,unknown,0,0,,,no_rule_hit,0,0
5004,emergency,unknown,0,0,,,no_rule_hit,0,0
5005,unknown,unknown,1,0,,,no_rule_hit,0,0
5006,emergency,unknown,0,0,,,no_rule_hit,0,0
5007,emergency,unknown,0,0,,,no_rule_hit,0,0
5008,emergency,emergency,1,1,yes,,emergency_precedence,0,0
5009,unknown,unknown,1,0,,,no_rule_hit,0,0
5010,unknown,unknown,1,0,,,no_rule_hit,0,0
5011,movement,unknown,0,0,,,no_rule_hit,0,0
5012,movement,unknown,0,0,,,no_rule_hit,0,0
5013,movement,unknown,0,0,,,no_rule_hit,0,0
5014,emergency,emergency,1,1,yes,,emergency_precedence,0,0
5015,movement,unknown,0,0,,,no_rule_hit,0,0
5016,unknown,unknown,1,0,,,no_rule_hit,0,0
5017,emergency,unknown,0,0,,,no_rule_hit,0,0
5018,emergency,unknown,0,0,,,no_rule_hit,0,0
5019,unknown,unknown,1,0,,,no_rule_hit,0,0
5020,unknown,unknown,1,0,,,no_rule_hit,0,0
5021,unknown,unknown,1,0,,,no_rule_hit,0,0
5022,movement,unknown,0,0,,,no_rule_hit,0,0
5023,emergency,emergency,1,1,no,,emergency_precedence,0,0
5024,unknown,unknown,1,0,,,no_rule_hit,0,0
5025,emergency,unknown,0,0,,,no_rule_hit,0,0
5026,emergency,movement,0,1,,go,movement_match,0,0
5027,movement,unknown,0,0,,,no_rule_hit,0,0
5028,movement,unknown,0,0,,,no_rule_hit,0,0
5029,emergency,unknown,0,0,,,no_rule_hit,0,0
5030,emergency,emergency,1,1,wow,,emergency_precedence,0,0
5031,movement,unknown,0,0,,,no_rule_hit,0,0
5032,emergency,unknown,0,0,,,no_rule_hit,0,0
5033,unknown,unknown,1,0,,,no_rule_hit,0,0
5034,unknown,unknown,1,0,,,no_rule_hit,0,0
5035,unknown,unknown,1,0,,,no_rule_hit,0,0
5036,emergency,unknown,0,0,,,no_rule_hit,0,0
5037,movement,unknown,0,0,,,no_rule_hit,0,0
5038,emergency,unknown,0,0,,,no_rule_hit,0,0
5039,movement,unknown,0,0,,,no_rule_hit,0,0
5040,emergency,emergency,1,1,wow,,emergency_precedence,0,0
5041,unknown,unknown,1,0,,,no_rule_hit,0,0
5042,emergency,unknown,0,0,,,no_rule_hit,0,0
5043,movement,movement,1,1,,right,movement_match,0,0
5044,unknown,unknown,1,0,,,no_rule_hit,0,0
5045,emergency,unknown,0,0,,,no_rule_hit,0,0
5046,unknown,unknown,1,0,,,no_rule_hit,0,0
5047,emergency,unknown,0,0,,,no_rule_hit,0,0
5048,unknown,unknown,1,0,,,no_rule_hit,0,0
5049,unknown,unknown,1,0,,,no_rule_hit,0,0
5050,unknown,unknown,1,0,,,no_rule_hit,0,0
5051,unknown,unknown,1,0,,,no_rule_hit,0,0
5052,movement,unknown,0,0,,,no_rule_hit,0,0
5053,movement,unknown,0,0,,,no_rule_hit,0,0
5054,unknown,unknown,1,0,,,no_rule_hit,0,0
5055,movement,movement,1,1,,left,movement_match,0,0
5056,unknown,unknown,1,0,,,no_rule_hit,0,0
5057,unknown,unknown,1,0,,,no_rule_hit,0,0
5058,movement,unknown,0,0,,,no_rule_hit,0,0
5059,emergency,unknown,0,0,,,no_rule_hit,0,0
5060,movement,unknown,0,0,,,no_rule_hit,0,0
5061,emergency,unknown,0,0,,,no_rule_hit,0,0
5062,movement,unknown,0,0,,,no_rule_hit,0,0
5063,emergency,unknown,0,0,,,no_rule_hit,0,0
5064,movement,unknown,0,0,,,no_rule_hit,0,0
5065,emergency,unknown,0,0,,,no_rule_hit,0,0
5066,emergency,unknown,0,0,,,no_rule_hit,0,0
5067,unknown,unknown,1,0,,,no_rule_hit,0,0
5068,movement,unknown,0,0,,,no_rule_hit,0,0
5069,movement,unknown,0,0,,,no_rule_hit,0,0
5070,movement,unknown,0,0,,,no_rule_hit,0,0
5071,unknown,unknown,1,0,,,no_rule_hit,0,0
5072,movement,unknown,0,0,,,no_rule_hit,0,0
5073,unknown,unknown,1,0,,,no_rule_hit,0,0
5074,emergency,unknown,0,0,,,no_rule_hit,0,0
5075,unknown,unknown,1,0,,,no_rule_hit,0,0
5076,movement,unknown,0,0,,,no_rule_hit,0,0
5077,movement,emergency,0,1,yes,,emergency_precedence,0,0
5078,emergency,unknown,0,0,,,no_rule_hit,0,0
5079,emergency,unknown,0,0,,,no_rule_hit,0,0
5080,emergency,unknown,0,0,,,no_rule_hit,0,0
5081,unknown,unknown,1,0,,,no_rule_hit,0,0
5082,emergency,emergency,1,1,yes,,emergency_precedence,0,0
5083,unknown,unknown,1,0,,,no_rule_hit,0,0
5084,movement,movement,1,1,,right,movement_match,0,0
5085,unknown,unknown,1,0,,,no_rule_hit,0,0
5086,unknown,unknown,1,0,,,no_rule_hit,0,0
5087,unknown,unknown,1,0,,,no_rule_hit,0,0
5088,emergency,emergency,1,1,yes,,emergency_precedence,0,0
5089,movement,unknown,0,0,,,no_rule_hit,0,0
5090,emergency,unknown,0,0,,,no_rule_hit,0,0
5091,movement,unknown,0,0,,,no_rule_hit,0,0
5092,emergency,unknown,0,0,,,no_rule_hit,0,0
5093,emergency,unknown,0,0,,,no_rule_hit,0,0
5094,unknown,emergency,0,1,help,,emergency_precedence,1,0
5095,movement,unknown,0,0,,,no_rule_hit,0,0
5096,movement,movement,1,1,,off,movement_match,0,0
5097,movement,unknown,0,0,,,no_rule_hit,0,0
5098,movement,unknown,0,0,,,no_rule_hit,0,0
5099,emergency,unknown,0,0,,,no_rule_hit,0,0
5100,unknown,unknown,1,0,,,no_rule_hit,0,0
5101,emergency,unknown,0,0,,,no_rule_hit,0,0
5102,emergency,unknown,0,0,,,no_rule_hit,0,0
5103,emergency,emergency,1,1,yes,,emergency_precedence,0,0
5104,movement,unknown,0,0,,,no_rule_hit,0,0
5105,unknown,unknown,1,0,,,no_rule_hit,0,0
5106,unknown,unknown,1,0,,,no_rule_hit,0,0
5107,emergency,unknown,0,0,,,no_rule_hit,0,0
5108,movement,unknown,0,0,,,no_rule_hit,0,0
5109,movement,unknown,0,0,,,no_rule_hit,0,0
5110,emergency,emergency,1,1,yes,,emergency_precedence,0,0
5111,movement,unknown,0,0,,,no_rule_hit,0,0
5112,emergency,unknown,0,0,,,no_rule_hit,0,0
5113,movement,unknown,0,0,,,no_rule_hit,0,0
5114,emergency,unknown,0,0,,,no_rule_hit,0,0
5115,emergency,unknown,0,0,,,no_rule_hit,0,0
5116,emergency,unknown,0,0,,,no_rule_hit,0,0
5117,emergency,emergency,1,1,stop,,emergency_precedence,0,0
5118,unknown,unknown,1,0,,,no_rule_hit,0,0
5119,movement,unknown,0,0,,,no_rule_hit,0,0
5120,emergency,unknown,0,0,,,no_rule_hit,0,0
5121,emergency,unknown,0,0,,,no_rule_hit,0,0
5122,movement,unknown,0,0,,,no_rule_hit,0,0
5123,unknown,unknown,1,0,,,no_rule_hit,0,0
5124,emergency,unknown,0,0,,,no_rule_hit,0,0
5125,emergency,unknown,0,0,,,no_rule_hit,0,0
5126,movement,unknown,0,0,,,no_rule_hit,0,0
5127,emergency,unknown,0,0,,,no_rule_hit,0,0
5128,unknown,emergency,0,1,no,,emergency_precedence,1,0
5129,movement,unknown,0,0,,,no_rule_hit,0,0
5130,movement,unknown,0,0,,,no_rule_hit,0,0
5131,unknown,unknown,1,0,,,no_rule_hit,0,0
5132,emergency,unknown,0,0,,,no_rule_hit,0,0
5133,emergency,unknown,0,0,,,no_rule_hit,0,0
5134,unknown,unknown,1,0,,,no_rule_hit,0,0
5135,unknown,unknown,1,0,,,no_rule_hit,0,0
5136,movement,unknown,0,0,,,no_rule_hit,0,0
5137,unknown,unknown,1,0,,,no_rule_hit,0,0
5138,movement,unknown,0,0,,,no_rule_hit,0,0
5139,emergency,emergency,1,1,stop,,emergency_precedence,0,0
5140,emergency,unknown,0,0,,,no_rule_hit,0,0
5141,unknown,unknown,1,0,,,no_rule_hit,0,0
5142,movement,unknown,0,0,,,no_rule_hit,0,0
5143,movement,unknown,0,0,,,no_rule_hit,0,0
5144,emergency,unknown,0,0,,,no_rule_hit,0,0
5145,movement,unknown,0,0,,,no_rule_hit,0,0
5146,unknown,unknown,1,0,,,no_rule_hit,0,0
5147,unknown,unknown,1,0,,,no_rule_hit,0,0
5148,emergency,movement,0,1,,go,movement_match,0,0
5149,movement,movement,1,1,,down,movement_match,0,0
5150,unknown,unknown,1,0,,,no_rule_hit,0,0
5151,emergency,unknown,0,0,,,no_rule_hit,0,0
5152,movement,unknown,0,0,,,no_rule_hit,0,0
5153,emergency,unknown,0,0,,,no_rule_hit,0,0
5154,unknown,unknown,1,0,,,no_rule_hit,0,0
5155,emergency,emergency,1,1,no,,emergency_precedence,0,0
5156,emergency,emergency,1,1,yes,,emergency_precedence,0,0
5157,movement,unknown,0,0,,,no_rule_hit,0,0
5158,emergency,unknown,0,0,,,no_rule_hit,0,0
5159,unknown,unknown,1,0,,,no_rule_hit,0,0
5160,unknown,unknown,1,0,,,no_rule_hit,0,0
5161,emergency,unknown,0,0,,,no_rule_hit,0,0
5162,emergency,emergency,1,1,yes,,emergency_precedence,0,0
5163,movement,unknown,0,0,,,no_rule_hit,0,0
5164,emergency,unknown,0,0,,,no_rule_hit,0,0
5165,emergency,unknown,0,0,,,no_rule_hit,0,0
5166,unknown,unknown,1,0,,,no_rule_hit,0,0
5167,unknown,unknown,1,0,,,no_rule_hit,0,0
5168,unknown,unknown,1,0,,,no_rule_hit,0,0
5169,movement,unknown,0,0,,,no_rule_hit,0,0
5170,emergency,unknown,0,0,,,no_rule_hit,0,0
5171,unknown,unknown,1,0,,,no_rule_hit,0,0
5172,movement,movement,1,1,,go,movement_match,0,0
5173,emergency,emergency,1,1,yes,,emergency_precedence,0,0
5174,emergency,emergency,1,1,stop,,emergency_precedence,0,0
5175,movement,unknown,0,0,,,no_rule_hit,0,0
5176,emergency,unknown,0,0,,,no_rule_hit,0,0
5177,unknown,unknown,1,0,,,no_rule_hit,0,0
5178,movement,unknown,0,0,,,no_rule_hit,0,0
5179,emergency,emergency,1,1,no,,emergency_precedence,0,0
5180,emergency,unknown,0,0,,,no_rule_hit,0,0
5181,emergency,emergency,1,1,yes,,emergency_precedence,0,0
5182,movement,unknown,0,0,,,no_rule_hit,0,0
5183,emergency,emergency,1,1,yes,,emergency_precedence,0,0
5184,movement,unknown,0,0,,,no_rule_hit,0,0
5185,unknown,unknown,1,0,,,no_rule_hit,0,0
5186,emergency,unknown,0,0,,,no_rule_hit,0,0
5187,movement,unknown,0,0,,,no_rule_hit,0,0
5188,movement,unknown,0,0,,,no_rule_hit,0,0
5189,unknown,unknown,1,0,,,no_rule_hit,0,0
5190,movement,unknown,0,0,,,no_rule_hit,0,0
5191,emergency,unknown,0,0,,,no_rule_hit,0,0
5192,unknown,unknown,1,0,,,no_rule_hit,0,0
5193,movement,unknown,0,0,,,no_rule_hit,0,0
5194,unknown,unknown,1,0,,,no_rule_hit,0,0
5195,emergency,unknown,0,0,,,no_rule_hit,0,0
5196,movement,unknown,0,0,,,no_rule_hit,0,0
5197,unknown,unknown,1,0,,,no_rule_hit,0,0
5198,emergency,unknown,0,0,,,no_rule_hit,0,0
5199,movement,unknown,0,0,,,no_rule_hit,0,0
5200,movement,unknown,0,0,,,no_rule_hit,0,0
5201,unknown,unknown,1,0,,,no_rule_hit,0,0
5202,unknown,unknown,1,0,,,no_rule_hit,0,0
5203,emergency,unknown,0,0,,,no_rule_hit,0,0
5204,unknown,unknown,1,0,,,no_rule_hit,0,0
5205,unknown,unknown,1,0,,,no_rule_hit,0,0
5206,emergency,movement,0,1,,go,movement_match,0,0
5207,unknown,unknown,1,0,,,no_rule_hit,0,0
5208,unknown,unknown,1,0,,,no_rule_hit,0,0
5209,movement,unknown,0,0,,,no_rule_hit,0,0
5210,emergency,emergency,1,1,no,,emergency_precedence,0,0
5211,unknown,unknown,1,0,,,no_rule_hit,0,0
5212,emergency,unknown,0,0,,,no_rule_hit,0,0
5213,unknown,unknown,1,0,,,no_rule_hit,0,0
5214,movement,unknown,0,0,,,no_rule_hit,0,0
5215,unknown,unknown,1,0,,,no_rule_hit,0,0
5216,unknown,unknown,1,0,,,no_rule_hit,0,0
5217,movement,unknown,0,0,,,no_rule_hit,0,0
5218,unknown,unknown,1,0,,,no_rule_hit,0,0
5219,unknown,unknown,1,0,,,no_rule_hit,0,0
5220,emergency,unknown,0,0,,,no_rule_hit,0,0
5221,emergency,unknown,0,0,,,no_rule_hit,0,0
5222,movement,unknown,0,0,,,no_rule_hit,0,0
5223,movement,unknown,0,0,,,no_rule_hit,0,0
5224,unknown,unknown,1,0,,,no_rule_hit,0,0
5225,emergency,unknown,0,0,,,no_rule_hit,0,0
5226,emergency,unknown,0,0,,,no_rule_hit,0,0
5227,emergency,unknown,0,0,,,no_rule_hit,0,0
5228,unknown,unknown,1,0,,,no_rule_hit,0,0
5229,emergency,unknown,0,0,,,no_rule_hit,0,0
5230,emergency,emergency,1,1,wow,,emergency_precedence,0,0
5231,unknown,unknown,1,0,,,no_rule_hit,0,0
5232,unknown,unknown,1,0,,,no_rule_hit,0,0
5233,unknown,unknown,1,0,,,no_rule_hit,0,0
5234,unknown,unknown,1,0,,,no_rule_hit,0,0
5235,unknown,unknown,1,0,,,no_rule_hit,0,0
5236,emergency,unknown,0,0,,,no_rule_hit,0,0
5237,emergency,emergency,1,1,no,,emergency_precedence,0,0
5238,emergency,unknown,0,0,,,no_rule_hit,0,0
5239,unknown,unknown,1,0,,,no_rule_hit,0,0
5240,unknown,unknown,1,0,,,no_rule_hit,0,0
5241,unknown,unknown,1,0,,,no_rule_hit,0,0
5242,unknown,unknown,1,0,,,no_rule_hit,0,0
5243,movement,unknown,0,0,,,no_rule_hit,0,0
5244,movement,unknown,0,0,,,no_rule_hit,0,0
5245,emergency,unknown,0,0,,,no_rule_hit,0,0
5246,emergency,unknown,0,0,,,no_rule_hit,0,0
5247,emergency,unknown,0,0,,,no_rule_hit,0,0
5248,emergency,unknown,0,0,,,no_rule_hit,0,0
5249,unknown,unknown,1,0,,,no_rule_hit,0,0
5250,movement,unknown,0,0,,,no_rule_hit,0,0
5251,movement,unknown,0,0,,,no_rule_hit,0,0
5252,movement,unknown,0,0,,,no_rule_hit,0,0
5253,unknown,unknown,1,0,,,no_rule_hit,0,0
5254,movement,movement,1,1,,left,movement_match,0,0
5255,movement,unknown,0,0,,,no_rule_hit,0,0
5256,movement,unknown,0,0,,,no_rule_hit,0,0
5257,movement,unknown,0,0,,,no_rule_hit,0,0
5258,movement,unknown,0,0,,,no_rule_hit,0,0
5259,emergency,unknown,0,0,,,no_rule_hit,0,0
5260,movement,unknown,0,0,,,no_rule_hit,0,0
5261,unknown,unknown,1,0,,,no_rule_hit,0,0
5262,emergency,unknown,0,0,,,no_rule_hit,0,0
5263,emergency,unknown,0,0,,,no_rule_hit,0,0
5264,movement,unknown,0,0,,,no_rule_hit,0,0
5265,unknown,unknown,1,0,,,no_rule_hit,0,0
5266,movement,unknown,0,0,,,no_rule_hit,0,0
5267,emergency,unknown,0,0,,,no_rule_hit,0,0
5268,movement,unknown,0,0,,,no_rule_hit,0,0
5269,unknown,unknown,1,0,,,no_rule_hit,0,0
5270,movement,unknown,0,0,,,no_rule_hit,0,0
5271,movement,unknown,0,0,,,no_rule_hit,0,0
5272,emergency,emergency,1,1,no,,emergency_precedence,0,0
5273,movement,movement,1,1,,on,movement_match,0,0
5274,unknown,unknown,1,0,,,no_rule_hit,0,0
5275,movement,unknown,0,0,,,no_rule_hit,0,0
5276,unknown,unknown,1,0,,,no_rule_hit,0,0
5277,emergency,unknown,0,0,,,no_rule_hit,0,0
5278,movement,unknown,0,0,,,no_rule_hit,0,0
5279,movement,unknown,0,0,,,no_rule_hit,0,0
5280,emergency,unknown,0,0,,,no_rule_hit,0,0
5281,movement,unknown,0,0,,,no_rule_hit,0,0
5282,emergency,unknown,0,0,,,no_rule_hit,0,0
5283,emergency,unknown,0,0,,,no_rule_hit,0,0
5284,emergency,emergency,1,1,no,,emergency_precedence,0,0
5285,unknown,unknown,1,0,,,no_rule_hit,0,0
5286,movement,unknown,0,0,,,no_rule_hit,0,0
5287,emergency,unknown,0,0,,,no_rule_hit,0,0
5288,movement,unknown,0,0,,,no_rule_hit,0,0
5289,emergency,movement,0,1,,go,movement_match,0,0
5290,unknown,unknown,1,0,,,no_rule_hit,0,0
5291,movement,unknown,0,0,,,no_rule_hit,0,0
5292,emergency,unknown,0,0,,,no_rule_hit,0,0
5293,movement,unknown,0,0,,,no_rule_hit,0,0
5294,movement,unknown,0,0,,,no_rule_hit,0,0
5295,emergency,unknown,0,0,,,no_rule_hit,0,0
5296,movement,unknown,0,0,,,no_rule_hit,0,0
5297,movement,unknown,0,0,,,no_rule_hit,0,0
5298,movement,movement,1,1,,right,movement_match,0,0
5299,unknown,unknown,1,0,,,no_rule_hit,0,0
5300,emergency,unknown,0,0,,,no_rule_hit,0,0
5301,movement,unknown,0,0,,,no_rule_hit,0,0
5302,unknown,unknown,1,0,,,no_rule_hit,0,0
5303,movement,unknown,0,0,,,no_rule_hit,0,0
5304,unknown,unknown,1,0,,,no_rule_hit,0,0
5305,movement,unknown,0,0,,,no_rule_hit,0,0
5306,movement,unknown,0,0,,,no_rule_hit,0,0
5307,unknown,unknown,1,0,,,no_rule_hit,0,0
5308,unknown,movement,0,1,,on,movement_match,1,0
5309,unknown,unknown,1,0,,,no_rule_hit,0,0
5310,emergency,unknown,0,0,,,no_rule_hit,0,0
5311,movement,unknown,0,0,,,no_rule_hit,0,0
5312,unknown,unknown,1,0,,,no_rule_hit,0,0
5313,unknown,unknown,1,0,,,no_rule_hit,0,0
5314,movement,unknown,0,0,,,no_rule_hit,0,0
5315,unknown,unknown,1,0,,,no_rule_hit,0,0
5316,emergency,emergency,1,1,yes,,emergency_precedence,0,0
5317,unknown,unknown,1,0,,,no_rule_hit,0,0
5318,emergency,unknown,0,0,,,no_rule_hit,0,0
5319,movement,unknown,0,0,,,no_rule_hit,0,0
5320,unknown,unknown,1,0,,,no_rule_hit,0,0
5321,unknown,unknown,1,0,,,no_rule_hit,0,0
5322,unknown,unknown,1,0,,,no_rule_hit,0,0
5323,unknown,unknown,1,0,,,no_rule_hit,0,0
5324,emergency,unknown,0,0,,,no_rule_hit,0,0
5325,unknown,unknown,1,0,,,no_rule_hit,0,0
5326,emergency,unknown,0,0,,,no_rule_hit,0,0
5327,emergency,unknown,0,0,,,no_rule_hit,0,0
5328,emergency,unknown,0,0,,,no_rule_hit,0,0
5329,emergency,emergency,1,1,yes,,emergency_precedence,0,0
5330,unknown,unknown,1,0,,,no_rule_hit,0,0
5331,movement,unknown,0,0,,,no_rule_hit,0,0
5332,movement,unknown,0,0,,,no_rule_hit,0,0
5333,movement,unknown,0,0,,,no_rule_hit,0,0
5334,movement,unknown,0,0,,,no_rule_hit,0,0
5335,emergency,unknown,0,0,,,no_rule_hit,0,0
5336,movement,unknown,0,0,,,no_rule_hit,0,0
5337,unknown,unknown,1,0,,,no_rule_hit,0,0
5338,movement,emergency,0,1,no,,emergency_precedence,0,0
5339,emergency,unknown,0,0,,,no_rule_hit,0,0
5340,movement,unknown,0,0,,,no_rule_hit,0,0
5341,unknown,unknown,1,0,,,no_rule_hit,0,0
5342,movement,unknown,0,0,,,no_rule_hit,0,0
5343,movement,unknown,0,0,,,no_rule_hit,0,0
5344,emergency,unknown,0,0,,,no_rule_hit,0,0
5345,emergency,emergency,1,1,yes,,emergency_precedence,0,0
5346,unknown,unknown,1,0,,,no_rule_hit,0,0
5347,emergency,unknown,0,0,,,no_rule_hit,0,0
5348,movement,unknown,0,0,,,no_rule_hit,0,0
5349,movement,unknown,0,0,,,no_rule_hit,0,0
5350,unknown,unknown,1,0,,,no_rule_hit,0,0
5351,unknown,unknown,1,0,,,no_rule_hit,0,0
5352,movement,unknown,0,0,,,no_rule_hit,0,0
5353,movement,unknown,0,0,,,no_rule_hit,0,0
5354,unknown,unknown,1,0,,,no_rule_hit,0,0
5355,movement,unknown,0,0,,,no_rule_hit,0,0
5356,emergency,unknown,0,0,,,no_rule_hit,0,0
5357,emergency,unknown,0,0,,,no_rule_hit,0,0
5358,emergency,unknown,0,0,,,no_rule_hit,0,0
5359,unknown,unknown,1,0,,,no_rule_hit,0,0
5360,movement,unknown,0,0,,,no_rule_hit,0,0
5361,emergency,emergency,1,1,wow,,emergency_precedence,0,0
5362,movement,unknown,0,0,,,no_rule_hit,0,0
5363,movement,unknown,0,0,,,no_rule_hit,0,0
5364,movement,unknown,0,0,,,no_rule_hit,0,0
5365,emergency,unknown,0,0,,,no_rule_hit,0,0
5366,emergency,unknown,0,0,,,no_rule_hit,0,0
5367,emergency,emergency,1,1,yes,,emergency_precedence,0,0
5368,emergency,unknown,0,0,,,no_rule_hit,0,0
5369,unknown,unknown,1,0,,,no_rule_hit,0,0
5370,movement,unknown,0,0,,,no_rule_hit,0,0
5371,emergency,emergency,1,1,yes,,emergency_precedence,0,0
5372,unknown,unknown,1,0,,,no_rule_hit,0,0
5373,movement,unknown,0,0,,,no_rule_hit,0,0
5374,movement,unknown,0,0,,,no_rule_hit,0,0
5375,unknown,unknown,1,0,,,no_rule_hit,0,0
5376,unknown,unknown,1,0,,,no_rule_hit,0,0
5377,emergency,unknown,0,0,,,no_rule_hit,0,0
5378,movement,unknown,0,0,,,no_rule_hit,0,0
5379,emergency,unknown,0,0,,,no_rule_hit,0,0
5380,emergency,unknown,0,0,,,no_rule_hit,0,0
5381,movement,unknown,0,0,,,no_rule_hit,0,0
5382,movement,unknown,0,0,,,no_rule_hit,0,0
5383,movement,unknown,0,0,,,no_rule_hit,0,0
5384,movement,unknown,0,0,,,no_rule_hit,0,0
5385,unknown,unknown,1,0,,,no_rule_hit,0,0
5386,movement,unknown,0,0,,,no_rule_hit,0,0
5387,emergency,unknown,0,0,,,no_rule_hit,0,0
5388,emergency,unknown,0,0,,,no_rule_hit,0,0
5389,unknown,unknown,1,0,,,no_rule_hit,0,0
5390,emergency,unknown,0,0,,,no_rule_hit,0,0
5391,movement,unknown,0,0,,,no_rule_hit,0,0
5392,unknown,unknown,1,0,,,no_rule_hit,0,0
5393,emergency,unknown,0,0,,,no_rule_hit,0,0
5394,movement,unknown,0,0,,,no_rule_hit,0,0
5395,unknown,unknown,1,0,,,no_rule_hit,0,0
5396,movement,unknown,0,0,,,no_rule_hit,0,0
5397,movement,unknown,0,0,,,no_rule_hit,0,0
5398,movement,unknown,0,0,,,no_rule_hit,0,0
5399,emergency,unknown,0,0,,,no_rule_hit,0,0
5400,movement,unknown,0,0,,,no_rule_hit,0,0
5401,unknown,unknown,1,0,,,no_rule_hit,0,0
5402,unknown,unknown,1,0,,,no_rule_hit,0,0
5403,unknown,unknown,1,0,,,no_rule_hit,0,0
5404,unknown,unknown,1,0,,,no_rule_hit,0,0
5405,unknown,unknown,1,0,,,no_rule_hit,0,0
5406,emergency,emergency,1,1,wow,,emergency_precedence,0,0
5407,unknown,unknown,1,0,,,no_rule_hit,0,0
5408,unknown,unknown,1,0,,,no_rule_hit,0,0
5409,emergency,unknown,0,0,,,no_rule_hit,0,0
5410,movement,unknown,0,0,,,no_rule_hit,0,0
5411,movement,movement,1,1,,go,movement_match,0,0
5412,unknown,unknown,1,0,,,no_rule_hit,0,0
5413,movement,unknown,0,0,,,no_rule_hit,0,0
5414,unknown,unknown,1,0,,,no_rule_hit,0,0
5415,emergency,unknown,0,0,,,no_rule_hit,0,0
5416,emergency,unknown,0,0,,,no_rule_hit,0,0
5417,emergency,unknown,0,0,,,no_rule_hit,0,0
5418,emergency,movement,0,1,,back,movement_match,0,0
5419,emergency,unknown,0,0,,,no_rule_hit,0,0
5420,movement,unknown,0,0,,,no_rule_hit,0,0
5421,unknown,unknown,1,0,,,no_rule_hit,0,0
5422,movement,unknown,0,0,,,no_rule_hit,0,0
5423,unknown,unknown,1,0,,,no_rule_hit,0,0
5424,emergency,unknown,0,0,,,no_rule_hit,0,0
5425,movement,unknown,0,0,,,no_rule_hit,0,0
5426,unknown,unknown,1,0,,,no_rule_hit,0,0
5427,movement,unknown,0,0,,,no_rule_hit,0,0
5428,emergency,unknown,0,0,,,no_rule_hit,0,0
5429,unknown,unknown,1,0,,,no_rule_hit,0,0
5430,emergency,unknown,0,0,,,no_rule_hit,0,0
5431,emergency,unknown,0,0,,,no_rule_hit,0,0
5432,movement,unknown,0,0,,,no_rule_hit,0,0
5433,emergency,unknown,0,0,,,no_rule_hit,0,0
5434,movement,unknown,0,0,,,no_rule_hit,0,0
5435,emergency,unknown,0,0,,,no_rule_hit,0,0
5436,movement,unknown,0,0,,,no_rule_hit,0,0
5437,emergency,emergency,1,1,no,,emergency_precedence,0,0
5438,emergency,unknown,0,0,,,no_rule_hit,0,0
5439,emergency,emergency,1,1,wow,,emergency_precedence,0,0
5440,emergency,unknown,0,0,,,no_rule_hit,0,0
5441,movement,unknown,0,0,,,no_rule_hit,0,0
5442,emergency,emergency,1,1,yes,,emergency_precedence,0,0
5443,unknown,unknown,1,0,,,no_rule_hit,0,0
5444,unknown,unknown,1,0,,,no_rule_hit,0,0
5445,movement,unknown,0,0,,,no_rule_hit,0,0
5446,unknown,unknown,1,0,,,no_rule_hit,0,0
5447,unknown,unknown,1,0,,,no_rule_hit,0,0
5448,unknown,unknown,1,0,,,no_rule_hit,0,0
5449,emergency,unknown,0,0,,,no_rule_hit,0,0
5450,unknown,unknown,1,0,,,no_rule_hit,0,0
5451,unknown,unknown,1,0,,,no_rule_hit,0,0
5452,movement,unknown,0,0,,,no_rule_hit,0,0
5453,emergency,unknown,0,0,,,no_rule_hit,0,0
5454,movement,unknown,0,0,,,no_rule_hit,0,0
5455,emergency,unknown,0,0,,,no_rule_hit,0,0
5456,emergency,unknown,0,0,,,no_rule_hit,0,0
5457,unknown,unknown,1,0,,,no_rule_hit,0,0
5458,movement,unknown,0,0,,,no_rule_hit,0,0
5459,unknown,unknown,1,0,,,no_rule_hit,0,0
5460,emergency,unknown,0,0,,,no_rule_hit,0,0
5461,movement,unknown,0,0,,,no_rule_hit,0,0
5462,movement,unknown,0,0,,,no_rule_hit,0,0
5463,movement,unknown,0,0,,,no_rule_hit,0,0
5464,emergency,unknown,0,0,,,no_rule_hit,0,0
5465,unknown,unknown,1,0,,,no_rule_hit,0,0
5466,movement,unknown,0,0,,,no_rule_hit,0,0
5467,unknown,unknown,1,0,,,no_rule_hit,0,0
5468,emergency,unknown,0,0,,,no_rule_hit,0,0
5469,unknown,unknown,1,0,,,no_rule_hit,0,0
5470,emergency,unknown,0,0,,,no_rule_hit,0,0
5471,emergency,unknown,0,0,,,no_rule_hit,0,0
5472,emergency,movement,0,1,,go,movement_match,0,0
5473,movement,unknown,0,0,,,no_rule_hit,0,0
5474,movement,unknown,0,0,,,no_rule_hit,0,0
5475,movement,unknown,0,0,,,no_rule_hit,0,0
5476,movement,unknown,0,0,,,no_rule_hit,0,0
5477,movement,unknown,0,0,,,no_rule_hit,0,0
5478,emergency,unknown,0,0,,,no_rule_hit,0,0
5479,unknown,unknown,1,0,,,no_rule_hit,0,0
5480,emergency,emergency,1,1,wow,,emergency_precedence,0,0
5481,unknown,unknown,1,0,,,no_rule_hit,0,0
5482,unknown,unknown,1,0,,,no_rule_hit,0,0
5483,unknown,unknown,1,0,,,no_rule_hit,0,0
5484,emergency,unknown,0,0,,,no_rule_hit,0,0
5485,unknown,unknown,1,0,,,no_rule_hit,0,0
5486,movement,unknown,0,0,,,no_rule_hit,0,0
5487,emergency,emergency,1,1,wow,,emergency_precedence,0,0
5488,emergency,emergency,1,1,yes,,emergency_precedence,0,0
5489,movement,unknown,0,0,,,no_rule_hit,0,0
5490,unknown,unknown,1,0,,,no_rule_hit,0,0
5491,unknown,unknown,1,0,,,no_rule_hit,0,0
5492,unknown,unknown,1,0,,,no_rule_hit,0,0
5493,movement,unknown,0,0,,,no_rule_hit,0,0
5494,unknown,unknown,1,0,,,no_rule_hit,0,0
5495,unknown,unknown,1,0,,,no_rule_hit,0,0
5496,unknown,unknown,1,0,,,no_rule_hit,0,0
5497,movement,unknown,0,0,,,no_rule_hit,0,0
5498,unknown,unknown,1,0,,,no_rule_hit,0,0
5499,unknown,unknown,1,0,,,no_rule_hit,0,0
5500,emergency,unknown,0,0,,,no_rule_hit,0,0
5501,emergency,unknown,0,0,,,no_rule_hit,0,0
5502,emergency,unknown,0,0,,,no_rule_hit,0,0
5503,emergency,unknown,0,0,,,no_rule_hit,0,0
5504,emergency,emergency,1,1,yes,,emergency_precedence,0,0
5505,emergency,unknown,0,0,,,no_rule_hit,0,0
5506,emergency,emergency,1,1,stop,,emergency_precedence,0,0
5507,movement,unknown,0,0,,,no_rule_hit,0,0
5508,unknown,unknown,1,0,,,no_rule_hit,0,0
5509,movement,unknown,0,0,,,no_rule_hit,0,0
5510,unknown,unknown,1,0,,,no_rule_hit,0,0
5511,movement,unknown,0,0,,,no_rule_hit,0,0
5512,emergency,unknown,0,0,,,no_rule_hit,0,0
5513,unknown,unknown,1,0,,,no_rule_hit,0,0
5514,unknown,unknown,1,0,,,no_rule_hit,0,0
5515,movement,unknown,0,0,,,no_rule_hit,0,0
5516,movement,unknown,0,0,,,no_rule_hit,0,0
5517,movement,unknown,0,0,,,no_rule_hit,0,0
5518,emergency,emergency,1,1,stop,,emergency_precedence,0,0
5519,movement,movement,1,1,,down,movement_match,0,0
5520,movement,unknown,0,0,,,no_rule_hit,0,0
5521,movement,unknown,0,0,,,no_rule_hit,0,0
5522,unknown,unknown,1,0,,,no_rule_hit,0,0
5523,emergency,unknown,0,0,,,no_rule_hit,0,0
5524,emergency,emergency,1,1,yes,,emergency_precedence,0,0
5525,movement,unknown,0,0,,,no_rule_hit,0,0
5526,unknown,unknown,1,0,,,no_rule_hit,0,0
5527,emergency,unknown,0,0,,,no_rule_hit,0,0
5528,movement,unknown,0,0,,,no_rule_hit,0,0
5529,movement,movement,1,1,,right,movement_match,0,0
5530,movement,movement,1,1,,go,movement_match,0,0
5531,emergency,unknown,0,0,,,no_rule_hit,0,0
5532,unknown,unknown,1,0,,,no_rule_hit,0,0
5533,movement,unknown,0,0,,,no_rule_hit,0,0
5534,emergency,emergency,1,1,no,,emergency_precedence,0,0
5535,emergency,unknown,0,0,,,no_rule_hit,0,0
5536,unknown,unknown,1,0,,,no_rule_hit,0,0
5537,movement,unknown,0,0,,,no_rule_hit,0,0
5538,movement,unknown,0,0,,,no_rule_hit,0,0
5539,emergency,unknown,0,0,,,no_rule_hit,0,0
5540,emergency,unknown,0,0,,,no_rule_hit,0,0
5541,unknown,unknown,1,0,,,no_rule_hit,0,0
5542,emergency,unknown,0,0,,,no_rule_hit,0,0
5543,unknown,emergency,0,1,no,,emergency_precedence,1,0
5544,unknown,unknown,1,0,,,no_rule_hit,0,0
5545,emergency,emergency,1,1,wow,,emergency_precedence,0,0
5546,movement,unknown,0,0,,,no_rule_hit,0,0
5547,emergency,unknown,0,0,,,no_rule_hit,0,0
5548,unknown,unknown,1,0,,,no_rule_hit,0,0
5549,unknown,unknown,1,0,,,no_rule_hit,0,0
5550,unknown,unknown,1,0,,,no_rule_hit,0,0
5551,emergency,unknown,0,0,,,no_rule_hit,0,0
5552,unknown,unknown,1,0,,,no_rule_hit,0,0
5553,movement,unknown,0,0,,,no_rule_hit,0,0
5554,unknown,unknown,1,0,,,no_rule_hit,0,0
5555,emergency,emergency,1,1,no,,emergency_precedence,0,0
5556,movement,unknown,0,0,,,no_rule_hit,0,0
5557,unknown,unknown,1,0,,,no_rule_hit,0,0
5558,movement,unknown,0,0,,,no_rule_hit,0,0
5559,movement,unknown,0,0,,,no_rule_hit,0,0
5560,movement,unknown,0,0,,,no_rule_hit,0,0
5561,emergency,unknown,0,0,,,no_rule_hit,0,0
5562,unknown,unknown,1,0,,,no_rule_hit,0,0
5563,unknown,unknown,1,0,,,no_rule_hit,0,0
5564,unknown,unknown,1,0,,,no_rule_hit,0,0
5565,unknown,unknown,1,0,,,no_rule_hit,0,0
5566,emergency,unknown,0,0,,,no_rule_hit,0,0
5567,movement,unknown,0,0,,,no_rule_hit,0,0
5568,unknown,unknown,1,0,,,no_rule_hit,0,0
5569,emergency,emergency,1,1,stop,,emergency_precedence,0,0
5570,emergency,emergency,1,1,yes,,emergency_precedence,0,0
5571,movement,unknown,0,0,,,no_rule_hit,0,0
5572,emergency,unknown,0,0,,,no_rule_hit,0,0
5573,unknown,unknown,1,0,,,no_rule_hit,0,0
5574,emergency,unknown,0,0,,,no_rule_hit,0,0
5575,emergency,unknown,0,0,,,no_rule_hit,0,0
5576,movement,unknown,0,0,,,no_rule_hit,0,0
5577,emergency,unknown,0,0,,,no_rule_hit,0,0
5578,emergency,unknown,0,0,,,no_rule_hit,0,0
5579,unknown,unknown,1,0,,,no_rule_hit,0,0
5580,movement,unknown,0,0,,,no_rule_hit,0,0
5581,movement,unknown,0,0,,,no_rule_hit,0,0
5582,emergency,emergency,1,1,yes,,emergency_precedence,0,0
5583,movement,unknown,0,0,,,no_rule_hit,0,0
5584,emergency,unknown,0,0,,,no_rule_hit,0,0
5585,movement,unknown,0,0,,,no_rule_hit,0,0
5586,unknown,unknown,1,0,,,no_rule_hit,0,0
5587,movement,unknown,0,0,,,no_rule_hit,0,0
5588,unknown,unknown,1,0,,,no_rule_hit,0,0
5589,movement,unknown,0,0,,,no_rule_hit,0,0
5590,movement,unknown,0,0,,,no_rule_hit,0,0
5591,movement,movement,1,1,,left,movement_match,0,0
5592,movement,unknown,0,0,,,no_rule_hit,0,0
5593,movement,unknown,0,0,,,no_rule_hit,0,0
5594,unknown,unknown,1,0,,,no_rule_hit,0,0
5595,movement,unknown,0,0,,,no_rule_hit,0,0
5596,movement,unknown,0,0,,,no_rule_hit,0,0
5597,emergency,unknown,0,0,,,no_rule_hit,0,0
5598,unknown,unknown,1,0,,,no_rule_hit,0,0
5599,movement,unknown,0,0,,,no_rule_hit,0,0
5600,unknown,unknown,1,0,,,no_rule_hit,0,0
5601,movement,unknown,0,0,,,no_rule_hit,0,0
5602,movement,unknown,0,0,,,no_rule_hit,0,0
5603,emergency,unknown,0,0,,,no_rule_hit,0,0
5604,emergency,emergency,1,1,yes,,emergency_precedence,0,0
5605,unknown,unknown,1,0,,,no_rule_hit,0,0
5606,movement,unknown,0,0,,,no_rule_hit,0,0
5607,movement,unknown,0,0,,,no_rule_hit,0,0
5608,emergency,unknown,0,0,,,no_rule_hit,0,0
5609,movement,unknown,0,0,,,no_rule_hit,0,0
5610,movement,unknown,0,0,,,no_rule_hit,0,0
5611,emergency,unknown,0,0,,,no_rule_hit,0,0
5612,movement,unknown,0,0,,,no_rule_hit,0,0
5613,emergency,unknown,0,0,,,no_rule_hit,0,0
5614,unknown,unknown,1,0,,,no_rule_hit,0,0
5615,emergency,unknown,0,0,,,no_rule_hit,0,0
5616,movement,unknown,0,0,,,no_rule_hit,0,0
5617,movement,unknown,0,0,,,no_rule_hit,0,0
5618,unknown,unknown,1,0,,,no_rule_hit,0,0
5619,unknown,unknown,1,0,,,no_rule_hit,0,0
5620,emergency,unknown,0,0,,,no_rule_hit,0,0
5621,movement,movement,1,1,,right,movement_match,0,0
5622,emergency,unknown,0,0,,,no_rule_hit,0,0
5623,movement,unknown,0,0,,,no_rule_hit,0,0
5624,unknown,unknown,1,0,,,no_rule_hit,0,0
5625,movement,unknown,0,0,,,no_rule_hit,0,0
5626,unknown,unknown,1,0,,,no_rule_hit,0,0
5627,movement,unknown,0,0,,,no_rule_hit,0,0
5628,movement,unknown,0,0,,,no_rule_hit,0,0
5629,emergency,emergency,1,1,yes,,emergency_precedence,0,0
5630,movement,unknown,0,0,,,no_rule_hit,0,0
5631,unknown,unknown,1,0,,,no_rule_hit,0,0
5632,movement,unknown,0,0,,,no_rule_hit,0,0
5633,movement,unknown,0,0,,,no_rule_hit,0,0
5634,movement,unknown,0,0,,,no_rule_hit,0,0
5635,emergency,unknown,0,0,,,no_rule_hit,0,0
5636,unknown,unknown,1,0,,,no_rule_hit,0,0
5637,movement,unknown,0,0,,,no_rule_hit,0,0
5638,emergency,unknown,0,0,,,no_rule_hit,0,0
5639,unknown,unknown,1,0,,,no_rule_hit,0,0
5640,movement,unknown,0,0,,,no_rule_hit,0,0
5641,emergency,unknown,0,0,,,no_rule_hit,0,0
5642,movement,unknown,0,0,,,no_rule_hit,0,0
5643,movement,unknown,0,0,,,no_rule_hit,0,0
5644,unknown,unknown,1,0,,,no_rule_hit,0,0
5645,emergency,emergency,1,1,yes,,emergency_precedence,0,0
5646,movement,unknown,0,0,,,no_rule_hit,0,0
5647,movement,unknown,0,0,,,no_rule_hit,0,0
5648,emergency,unknown,0,0,,,no_rule_hit,0,0
5649,unknown,unknown,1,0,,,no_rule_hit,0,0
5650,emergency,unknown,0,0,,,no_rule_hit,0,0
5651,unknown,unknown,1,0,,,no_rule_hit,0,0
5652,emergency,unknown,0,0,,,no_rule_hit,0,0
5653,movement,unknown,0,0,,,no_rule_hit,0,0
5654,movement,unknown,0,0,,,no_rule_hit,0,0
5655,unknown,unknown,1,0,,,no_rule_hit,0,0
5656,movement,unknown,0,0,,,no_rule_hit,0,0
5657,movement,unknown,0,0,,,no_rule_hit,0,0
5658,emergency,unknown,0,0,,,no_rule_hit,0,0
5659,unknown,unknown,1,0,,,no_rule_hit,0,0
5660,unknown,unknown,1,0,,,no_rule_hit,0,0
5661,emergency,unknown,0,0,,,no_rule_hit,0,0
5662,emergency,emergency,1,1,yes,,emergency_precedence,0,0
5663,emergency,unknown,0,0,,,no_rule_hit,0,0
5664,movement,unknown,0,0,,,no_rule_hit,0,0
5665,unknown,unknown,1,0,,,no_rule_hit,0,0
5666,unknown,unknown,1,0,,,no_rule_hit,0,0
5667,unknown,unknown,1,0,,,no_rule_hit,0,0
5668,movement,unknown,0,0,,,no_rule_hit,0,0
5669,movement,unknown,0,0,,,no_rule_hit,0,0
5670,emergency,unknown,0,0,,,no_rule_hit,0,0
5671,unknown,unknown,1,0,,,no_rule_hit,0,0
5672,unknown,unknown,1,0,,,no_rule_hit,0,0
5673,emergency,emergency,1,1,stop,,emergency_precedence,0,0
5674,unknown,unknown,1,0,,,no_rule_hit,0,0
5675,unknown,unknown,1,0,,,no_rule_hit,0,0
5676,emergency,emergency,1,1,wow,,emergency_precedence,0,0
5677,emergency,unknown,0,0,,,no_rule_hit,0,0
5678,unknown,unknown,1,0,,,no_rule_hit,0,0
5679,unknown,unknown,1,0,,,no_rule_hit,0,0
5680,movement,unknown,0,0,,,no_rule_hit,0,0
5681,emergency,unknown,0,0,,,no_rule_hit,0,0
5682,movement,unknown,0,0,,,no_rule_hit,0,0
5683,emergency,unknown,0,0,,,no_rule_hit,0,0
5684,movement,unknown,0,0,,,no_rule_hit,0,0
5685,movement,unknown,0,0,,,no_rule_hit,0,0
5686,emergency,emergency,1,1,no,,emergency_precedence,0,0
5687,unknown,unknown,1,0,,,no_rule_hit,0,0
5688,movement,unknown,0,0,,,no_rule_hit,0,0
5689,unknown,unknown,1,0,,,no_rule_hit,0,0
5690,unknown,unknown,1,0,,,no_rule_hit,0,0
5691,unknown,unknown,1,0,,,no_rule_hit,0,0
5692,movement,unknown,0,0,,,no_rule_hit,0,0
5693,emergency,unknown,0,0,,,no_rule_hit,0,0
5694,movement,unknown,0,0,,,no_rule_hit,0,0
5695,emergency,unknown,0,0,,,no_rule_hit,0,0
5696,movement,unknown,0,0,,,no_rule_hit,0,0
5697,movement,movement,1,1,,go,movement_match,0,0
5698,movement,unknown,0,0,,,no_rule_hit,0,0
5699,unknown,unknown,1,0,,,no_rule_hit,0,0
5700,unknown,unknown,1,0,,,no_rule_hit,0,0
5701,movement,unknown,0,0,,,no_rule_hit,0,0
5702,emergency,emergency,1,1,yes,,emergency_precedence,0,0
5703,movement,unknown,0,0,,,no_rule_hit,0,0
5704,movement,unknown,0,0,,,no_rule_hit,0,0
5705,movement,unknown,0,0,,,no_rule_hit,0,0
5706,movement,unknown,0,0,,,no_rule_hit,0,0
5707,emergency,unknown,0,0,,,no_rule_hit,0,0
5708,emergency,unknown,0,0,,,no_rule_hit,0,0
5709,unknown,unknown,1,0,,,no_rule_hit,0,0
5710,unknown,unknown,1,0,,,no_rule_hit,0,0
5711,unknown,unknown,1,0,,,no_rule_hit,0,0
5712,movement,unknown,0,0,,,no_rule_hit,0,0
5713,emergency,unknown,0,0,,,no_rule_hit,0,0
5714,movement,unknown,0,0,,,no_rule_hit,0,0
5715,emergency,unknown,0,0,,,no_rule_hit,0,0
5716,unknown,unknown,1,0,,,no_rule_hit,0,0
5717,unknown,unknown,1,0,,,no_rule_hit,0,0
5718,movement,unknown,0,0,,,no_rule_hit,0,0
5719,unknown,unknown,1,0,,,no_rule_hit,0,0
5720,emergency,emergency,1,1,yes,,emergency_precedence,0,0
5721,movement,unknown,0,0,,,no_rule_hit,0,0
5722,emergency,emergency,1,1,yes,,emergency_precedence,0,0
5723,unknown,unknown,1,0,,,no_rule_hit,0,0
5724,unknown,unknown,1,0,,,no_rule_hit,0,0
5725,movement,unknown,0,0,,,no_rule_hit,0,0
5726,unknown,unknown,1,0,,,no_rule_hit,0,0
5727,movement,unknown,0,0,,,no_rule_hit,0,0
5728,movement,unknown,0,0,,,no_rule_hit,0,0
5729,emergency,unknown,0,0,,,no_rule_hit,0,0
5730,movement,unknown,0,0,,,no_rule_hit,0,0
5731,unknown,unknown,1,0,,,no_rule_hit,0,0
5732,unknown,unknown,1,0,,,no_rule_hit,0,0
5733,emergency,unknown,0,0,,,no_rule_hit,0,0
5734,unknown,unknown,1,0,,,no_rule_hit,0,0
5735,movement,unknown,0,0,,,no_rule_hit,0,0
5736,movement,unknown,0,0,,,no_rule_hit,0,0
5737,movement,unknown,0,0,,,no_rule_hit,0,0
5738,unknown,unknown,1,0,,,no_rule_hit,0,0
5739,emergency,unknown,0,0,,,no_rule_hit,0,0
5740,movement,unknown,0,0,,,no_rule_hit,0,0
5741,emergency,unknown,0,0,,,no_rule_hit,0,0
5742,unknown,unknown,1,0,,,no_rule_hit,0,0
5743,movement,unknown,0,0,,,no_rule_hit,0,0
5744,emergency,unknown,0,0,,,no_rule_hit,0,0
5745,unknown,unknown,1,0,,,no_rule_hit,0,0
5746,movement,unknown,0,0,,,no_rule_hit,0,0
5747,unknown,unknown,1,0,,,no_rule_hit,0,0
5748,movement,unknown,0,0,,,no_rule_hit,0,0
5749,unknown,unknown,1,0,,,no_rule_hit,0,0
5750,emergency,unknown,0,0,,,no_rule_hit,0,0
5751,emergency,emergency,1,1,yes,,emergency_precedence,0,0
5752,unknown,unknown,1,0,,,no_rule_hit,0,0
5753,movement,unknown,0,0,,,no_rule_hit,0,0
5754,movement,unknown,0,0,,,no_rule_hit,0,0
5755,emergency,emergency,1,1,wow,,emergency_precedence,0,0
5756,unknown,unknown,1,0,,,no_rule_hit,0,0
5757,movement,unknown,0,0,,,no_rule_hit,0,0
5758,emergency,emergency,1,1,no,,emergency_precedence,0,0
5759,movement,unknown,0,0,,,no_rule_hit,0,0
5760,emergency,unknown,0,0,,,no_rule_hit,0,0
5761,unknown,unknown,1,0,,,no_rule_hit,0,0
5762,emergency,emergency,1,1,wow,,emergency_precedence,0,0
5763,unknown,unknown,1,0,,,no_rule_hit,0,0
5764,emergency,unknown,0,0,,,no_rule_hit,0,0
5765,unknown,unknown,1,0,,,no_rule_hit,0,0
5766,emergency,movement,0,1,,go,movement_match,0,0
5767,emergency,unknown,0,0,,,no_rule_hit,0,0
5768,emergency,unknown,0,0,,,no_rule_hit,0,0
5769,movement,unknown,0,0,,,no_rule_hit,0,0
5770,movement,unknown,0,0,,,no_rule_hit,0,0
5771,movement,unknown,0,0,,,no_rule_hit,0,0
5772,emergency,unknown,0,0,,,no_rule_hit,0,0
5773,emergency,unknown,0,0,,,no_rule_hit,0,0
5774,unknown,emergency,0,1,no,,emergency_precedence,1,0
5775,emergency,unknown,0,0,,,no_rule_hit,0,0
5776,unknown,unknown,1,0,,,no_rule_hit,0,0
5777,unknown,unknown,1,0,,,no_rule_hit,0,0
5778,movement,unknown,0,0,,,no_rule_hit,0,0
5779,movement,unknown,0,0,,,no_rule_hit,0,0
5780,unknown,unknown,1,0,,,no_rule_hit,0,0
5781,unknown,unknown,1,0,,,no_rule_hit,0,0
5782,movement,unknown,0,0,,,no_rule_hit,0,0
5783,movement,unknown,0,0,,,no_rule_hit,0,0
5784,unknown,unknown,1,0,,,no_rule_hit,0,0
5785,movement,movement,1,1,,right,movement_match,0,0
5786,emergency,unknown,0,0,,,no_rule_hit,0,0
5787,unknown,unknown,1,0,,,no_rule_hit,0,0
5788,emergency,unknown,0,0,,,no_rule_hit,0,0
5789,movement,unknown,0,0,,,no_rule_hit,0,0
5790,emergency,unknown,0,0,,,no_rule_hit,0,0
5791,emergency,unknown,0,0,,,no_rule_hit,0,0
5792,unknown,unknown,1,0,,,no_rule_hit,0,0
5793,emergency,emergency,1,1,yes,,emergency_precedence,0,0
5794,movement,unknown,0,0,,,no_rule_hit,0,0
5795,unknown,unknown,1,0,,,no_rule_hit,0,0
5796,unknown,unknown,1,0,,,no_rule_hit,0,0
5797,movement,unknown,0,0,,,no_rule_hit,0,0
5798,emergency,unknown,0,0,,,no_rule_hit,0,0
5799,movement,unknown,0,0,,,no_rule_hit,0,0
5800,emergency,unknown,0,0,,,no_rule_hit,0,0
5801,unknown,unknown,1,0,,,no_rule_hit,0,0
5802,unknown,unknown,1,0,,,no_rule_hit,0,0
5803,unknown,unknown,1,0,,,no_rule_hit,0,0
5804,unknown,unknown,1,0,,,no_rule_hit,0,0
5805,emergency,unknown,0,0,,,no_rule_hit,0,0
5806,movement,unknown,0,0,,,no_rule_hit,0,0
5807,movement,unknown,0,0,,,no_rule_hit,0,0
5808,emergency,emergency,1,1,yes,,emergency_precedence,0,0
5809,movement,unknown,0,0,,,no_rule_hit,0,0
5810,emergency,emergency,1,1,yes,,emergency_precedence,0,0
5811,unknown,unknown,1,0,,,no_rule_hit,0,0
5812,emergency,unknown,0,0,,,no_rule_hit,0,0
5813,movement,unknown,0,0,,,no_rule_hit,0,0
5814,emergency,unknown,0,0,,,no_rule_hit,0,0
5815,unknown,unknown,1,0,,,no_rule_hit,0,0
5816,emergency,unknown,0,0,,,no_rule_hit,0,0
5817,emergency,unknown,0,0,,,no_rule_hit,0,0
5818,movement,unknown,0,0,,,no_rule_hit,0,0
5819,unknown,unknown,1,0,,,no_rule_hit,0,0
5820,emergency,emergency,1,1,yes,,emergency_precedence,0,0
5821,movement,emergency,0,1,stop,,emergency_precedence,0,0
5822,unknown,unknown,1,0,,,no_rule_hit,0,0
5823,movement,unknown,0,0,,,no_rule_hit,0,0
5824,movement,unknown,0,0,,,no_rule_hit,0,0
5825,movement,unknown,0,0,,,no_rule_hit,0,0
5826,movement,unknown,0,0,,,no_rule_hit,0,0
5827,unknown,unknown,1,0,,,no_rule_hit,0,0
5828,emergency,unknown,0,0,,,no_rule_hit,0,0
5829,emergency,unknown,0,0,,,no_rule_hit,0,0
5830,movement,unknown,0,0,,,no_rule_hit,0,0
5831,movement,unknown,0,0,,,no_rule_hit,0,0
5832,unknown,unknown,1,0,,,no_rule_hit,0,0
5833,unknown,unknown,1,0,,,no_rule_hit,0,0
5834,unknown,unknown,1,0,,,no_rule_hit,0,0
5835,unknown,unknown,1,0,,,no_rule_hit,0,0
5836,movement,unknown,0,0,,,no_rule_hit,0,0
5837,movement,unknown,0,0,,,no_rule_hit,0,0
5838,unknown,unknown,1,0,,,no_rule_hit,0,0
5839,movement,movement,1,1,,right,movement_match,0,0
5840,unknown,unknown,1,0,,,no_rule_hit,0,0
5841,movement,unknown,0,0,,,no_rule_hit,0,0
5842,emergency,unknown,0,0,,,no_rule_hit,0,0
5843,movement,movement,1,1,,left,movement_match,0,0
5844,unknown,unknown,1,0,,,no_rule_hit,0,0
5845,movement,unknown,0,0,,,no_rule_hit,0,0
5846,emergency,emergency,1,1,stop,,emergency_precedence,0,0
5847,movement,movement,1,1,,left,movement_match,0,0
5848,movement,unknown,0,0,,,no_rule_hit,0,0
5849,emergency,emergency,1,1,wow,,emergency_precedence,0,0
5850,emergency,unknown,0,0,,,no_rule_hit,0,0
5851,movement,unknown,0,0,,,no_rule_hit,0,0
5852,unknown,unknown,1,0,,,no_rule_hit,0,0
5853,unknown,unknown,1,0,,,no_rule_hit,0,0
5854,unknown,unknown,1,0,,,no_rule_hit,0,0
5855,movement,unknown,0,0,,,no_rule_hit,0,0
5856,movement,unknown,0,0,,,no_rule_hit,0,0
5857,unknown,unknown,1,0,,,no_rule_hit,0,0
5858,unknown,unknown,1,0,,,no_rule_hit,0,0
5859,unknown,unknown,1,0,,,no_rule_hit,0,0
5860,movement,unknown,0,0,,,no_rule_hit,0,0
5861,emergency,unknown,0,0,,,no_rule_hit,0,0
5862,unknown,unknown,1,0,,,no_rule_hit,0,0
5863,movement,unknown,0,0,,,no_rule_hit,0,0
5864,movement,unknown,0,0,,,no_rule_hit,0,0
5865,unknown,unknown,1,0,,,no_rule_hit,0,0
5866,movement,unknown,0,0,,,no_rule_hit,0,0
5867,emergency,emergency,1,1,yes,,emergency_precedence,0,0
5868,emergency,unknown,0,0,,,no_rule_hit,0,0
5869,movement,unknown,0,0,,,no_rule_hit,0,0
5870,unknown,unknown,1,0,,,no_rule_hit,0,0
5871,movement,unknown,0,0,,,no_rule_hit,0,0
5872,emergency,emergency,1,1,yes,,emergency_precedence,0,0
5873,emergency,unknown,0,0,,,no_rule_hit,0,0
5874,movement,unknown,0,0,,,no_rule_hit,0,0
5875,movement,unknown,0,0,,,no_rule_hit,0,0
5876,unknown,unknown,1,0,,,no_rule_hit,0,0
5877,unknown,unknown,1,0,,,no_rule_hit,0,0
5878,movement,unknown,0,0,,,no_rule_hit,0,0
5879,unknown,unknown,1,0,,,no_rule_hit,0,0
5880,emergency,unknown,0,0,,,no_rule_hit,0,0
5881,unknown,unknown,1,0,,,no_rule_hit,0,0
5882,unknown,unknown,1,0,,,no_rule_hit,0,0
5883,emergency,unknown,0,0,,,no_rule_hit,0,0
5884,unknown,unknown,1,0,,,no_rule_hit,0,0
5885,movement,unknown,0,0,,,no_rule_hit,0,0
5886,movement,unknown,0,0,,,no_rule_hit,0,0
5887,emergency,unknown,0,0,,,no_rule_hit,0,0
5888,movement,unknown,0,0,,,no_rule_hit,0,0
5889,emergency,unknown,0,0,,,no_rule_hit,0,0
5890,movement,movement,1,1,,go,movement_match,0,0
5891,unknown,unknown,1,0,,,no_rule_hit,0,0
5892,emergency,emergency,1,1,backward,,emergency_precedence,0,0
5893,movement,unknown,0,0,,,no_rule_hit,0,0
5894,emergency,unknown,0,0,,,no_rule_hit,0,0
5895,emergency,unknown,0,0,,,no_rule_hit,0,0
5896,unknown,unknown,1,0,,,no_rule_hit,0,0
5897,unknown,unknown,1,0,,,no_rule_hit,0,0
5898,unknown,unknown,1,0,,,no_rule_hit,0,0
5899,movement,unknown,0,0,,,no_rule_hit,0,0
5900,movement,unknown,0,0,,,no_rule_hit,0,0
5901,emergency,unknown,0,0,,,no_rule_hit,0,0
5902,unknown,unknown,1,0,,,no_rule_hit,0,0
5903,unknown,unknown,1,0,,,no_rule_hit,0,0
5904,movement,unknown,0,0,,,no_rule_hit,0,0
5905,movement,unknown,0,0,,,no_rule_hit,0,0
5906,emergency,unknown,0,0,,,no_rule_hit,0,0
5907,unknown,unknown,1,0,,,no_rule_hit,0,0
5908,movement,unknown,0,0,,,no_rule_hit,0,0
5909,unknown,unknown,1,0,,,no_rule_hit,0,0
5910,movement,unknown,0,0,,,no_rule_hit,0,0
5911,unknown,unknown,1,0,,,no_rule_hit,0,0
5912,unknown,unknown,1,0,,,no_rule_hit,0,0
5913,unknown,unknown,1,0,,,no_rule_hit,0,0
5914,movement,unknown,0,0,,,no_rule_hit,0,0
5915,emergency,unknown,0,0,,,no_rule_hit,0,0
5916,emergency,unknown,0,0,,,no_rule_hit,0,0
5917,emergency,emergency,1,1,yes,,emergency_precedence,0,0
5918,emergency,emergency,1,1,no,,emergency_precedence,0,0
5919,unknown,unknown,1,0,,,no_rule_hit,0,0
5920,emergency,unknown,0,0,,,no_rule_hit,0,0
5921,movement,unknown,0,0,,,no_rule_hit,0,0
5922,movement,emergency,0,1,no,,emergency_precedence,0,0
5923,emergency,emergency,1,1,stop,,emergency_precedence,0,0
5924,unknown,unknown,1,0,,,no_rule_hit,0,0
5925,unknown,unknown,1,0,,,no_rule_hit,0,0
5926,movement,unknown,0,0,,,no_rule_hit,0,0
5927,unknown,unknown,1,0,,,no_rule_hit,0,0
5928,emergency,unknown,0,0,,,no_rule_hit,0,0
5929,emergency,emergency,1,1,wow,,emergency_precedence,0,0
5930,emergency,unknown,0,0,,,no_rule_hit,0,0
5931,movement,unknown,0,0,,,no_rule_hit,0,0
5932,emergency,unknown,0,0,,,no_rule_hit,0,0
5933,emergency,unknown,0,0,,,no_rule_hit,0,0
5934,unknown,unknown,1,0,,,no_rule_hit,0,0
5935,movement,unknown,0,0,,,no_rule_hit,0,0
5936,unknown,unknown,1,0,,,no_rule_hit,0,0
5937,unknown,unknown,1,0,,,no_rule_hit,0,0
5938,unknown,unknown,1,0,,,no_rule_hit,0,0
5939,unknown,unknown,1,0,,,no_rule_hit,0,0
5940,movement,unknown,0,0,,,no_rule_hit,0,0
5941,emergency,unknown,0,0,,,no_rule_hit,0,0
5942,unknown,unknown,1,0,,,no_rule_hit,0,0
5943,movement,unknown,0,0,,,no_rule_hit,0,0
5944,movement,unknown,0,0,,,no_rule_hit,0,0
5945,movement,unknown,0,0,,,no_rule_hit,0,0
5946,unknown,unknown,1,0,,,no_rule_hit,0,0
5947,emergency,unknown,0,0,,,no_rule_hit,0,0
5948,unknown,unknown,1,0,,,no_rule_hit,0,0
5949,emergency,unknown,0,0,,,no_rule_hit,0,0
5950,movement,unknown,0,0,,,no_rule_hit,0,0
5951,unknown,unknown,1,0,,,no_rule_hit,0,0
5952,movement,unknown,0,0,,,no_rule_hit,0,0
5953,unknown,unknown,1,0,,,no_rule_hit,0,0
5954,emergency,unknown,0,0,,,no_rule_hit,0,0
5955,unknown,unknown,1,0,,,no_rule_hit,0,0
5956,emergency,unknown,0,0,,,no_rule_hit,0,0
5957,emergency,unknown,0,0,,,no_rule_hit,0,0
5958,movement,unknown,0,0,,,no_rule_hit,0,0
5959,movement,unknown,0,0,,,no_rule_hit,0,0
5960,emergency,unknown,0,0,,,no_rule_hit,0,0
5961,unknown,unknown,1,0,,,no_rule_hit,0,0
5962,emergency,emergency,1,1,yes,,emergency_precedence,0,0
5963,unknown,unknown,1,0,,,no_rule_hit,0,0
5964,unknown,unknown,1,0,,,no_rule_hit,0,0
5965,movement,unknown,0,0,,,no_rule_hit,0,0
5966,movement,unknown,0,0,,,no_rule_hit,0,0
5967,emergency,unknown,0,0,,,no_rule_hit,0,0
5968,unknown,unknown,1,0,,,no_rule_hit,0,0
5969,unknown,unknown,1,0,,,no_rule_hit,0,0
5970,unknown,unknown,1,0,,,no_rule_hit,0,0
5971,unknown,unknown,1,0,,,no_rule_hit,0,0
5972,unknown,unknown,1,0,,,no_rule_hit,0,0
5973,unknown,unknown,1,0,,,no_rule_hit,0,0
5974,unknown,unknown,1,0,,,no_rule_hit,0,0
5975,emergency,unknown,0,0,,,no_rule_hit,0,0
5976,emergency,unknown,0,0,,,no_rule_hit,0,0
5977,emergency,unknown,0,0,,,no_rule_hit,0,0
5978,unknown,unknown,1,0,,,no_rule_hit,0,0
5979,unknown,movement,0,1,,right,movement_match,1,0
5980,unknown,unknown,1,0,,,no_rule_hit,0,0
5981,emergency,unknown,0,0,,,no_rule_hit,0,0
5982,emergency,unknown,0,0,,,no_rule_hit,0,0
5983,movement,unknown,0,0,,,no_rule_hit,0,0
5984,movement,unknown,0,0,,,no_rule_hit,0,0
5985,movement,unknown,0,0,,,no_rule_hit,0,0
5986,unknown,unknown,1,0,,,no_rule_hit,0,0
5987,unknown,unknown,1,0,,,no_rule_hit,0,0
5988,emergency,unknown,0,0,,,no_rule_hit,0,0
5989,emergency,unknown,0,0,,,no_rule_hit,0,0
5990,unknown,unknown,1,0,,,no_rule_hit,0,0
5991,emergency,unknown,0,0,,,no_rule_hit,0,0
5992,unknown,unknown,1,0,,,no_rule_hit,0,0
5993,emergency,unknown,0,0,,,no_rule_hit,0,0
5994,emergency,emergency,1,1,no,,emergency_precedence,0,0
5995,movement,unknown,0,0,,,no_rule_hit,0,0
5996,movement,emergency,0,1,wow,,emergency_precedence,0,0
5997,unknown,unknown,1,0,,,no_rule_hit,0,0
5998,unknown,unknown,1,0,,,no_rule_hit,0,0
5999,emergency,unknown,0,0,,,no_rule_hit,0,0
6000,emergency,emergency,1,1,yes,,emergency_precedence,0,0
6001,movement,unknown,0,0,,,no_rule_hit,0,0
6002,emergency,unknown,0,0,,,no_rule_hit,0,0
6003,unknown,unknown,1,0,,,no_rule_hit,0,0
6004,emergency,emergency,1,1,yes,,emergency_precedence,0,0
6005,movement,unknown,0,0,,,no_rule_hit,0,0
6006,emergency,unknown,0,0,,,no_rule_hit,0,0
6007,emergency,unknown,0,0,,,no_rule_hit,0,0
6008,unknown,unknown,1,0,,,no_rule_hit,0,0
6009,unknown,unknown,1,0,,,no_rule_hit,0,0
6010,unknown,unknown,1,0,,,no_rule_hit,0,0
6011,unknown,unknown,1,0,,,no_rule_hit,0,0
6012,movement,unknown,0,0,,,no_rule_hit,0,0
6013,unknown,unknown,1,0,,,no_rule_hit,0,0
6014,emergency,emergency,1,1,yes,,emergency_precedence,0,0
6015,emergency,unknown,0,0,,,no_rule_hit,0,0
6016,unknown,unknown,1,0,,,no_rule_hit,0,0
6017,movement,unknown,0,0,,,no_rule_hit,0,0
6018,movement,unknown,0,0,,,no_rule_hit,0,0
6019,unknown,unknown,1,0,,,no_rule_hit,0,0
6020,unknown,unknown,1,0,,,no_rule_hit,0,0
6021,emergency,unknown,0,0,,,no_rule_hit,0,0
6022,movement,unknown,0,0,,,no_rule_hit,0,0
6023,emergency,unknown,0,0,,,no_rule_hit,0,0
6024,emergency,unknown,0,0,,,no_rule_hit,0,0
6025,emergency,unknown,0,0,,,no_rule_hit,0,0
6026,unknown,unknown,1,0,,,no_rule_hit,0,0
6027,unknown,unknown,1,0,,,no_rule_hit,0,0
6028,unknown,unknown,1,0,,,no_rule_hit,0,0
6029,movement,unknown,0,0,,,no_rule_hit,0,0
6030,unknown,unknown,1,0,,,no_rule_hit,0,0
6031,emergency,unknown,0,0,,,no_rule_hit,0,0
6032,unknown,unknown,1,0,,,no_rule_hit,0,0
6033,movement,unknown,0,0,,,no_rule_hit,0,0
6034,emergency,unknown,0,0,,,no_rule_hit,0,0
6035,emergency,unknown,0,0,,,no_rule_hit,0,0
6036,movement,unknown,0,0,,,no_rule_hit,0,0
6037,emergency,unknown,0,0,,,no_rule_hit,0,0
6038,emergency,unknown,0,0,,,no_rule_hit,0,0
6039,movement,movement,1,1,,right,movement_match,0,0
6040,unknown,unknown,1,0,,,no_rule_hit,0,0
6041,unknown,unknown,1,0,,,no_rule_hit,0,0
6042,unknown,unknown,1,0,,,no_rule_hit,0,0
6043,movement,unknown,0,0,,,no_rule_hit,0,0
6044,unknown,unknown,1,0,,,no_rule_hit,0,0
6045,emergency,emergency,1,1,yes,,emergency_precedence,0,0
6046,emergency,unknown,0,0,,,no_rule_hit,0,0
6047,emergency,unknown,0,0,,,no_rule_hit,0,0
6048,movement,unknown,0,0,,,no_rule_hit,0,0
6049,unknown,unknown,1,0,,,no_rule_hit,0,0
6050,movement,unknown,0,0,,,no_rule_hit,0,0
6051,movement,unknown,0,0,,,no_rule_hit,0,0
6052,movement,unknown,0,0,,,no_rule_hit,0,0
6053,emergency,unknown,0,0,,,no_rule_hit,0,0
6054,unknown,unknown,1,0,,,no_rule_hit,0,0
6055,emergency,emergency,1,1,yes,,emergency_precedence,0,0
6056,unknown,unknown,1,0,,,no_rule_hit,0,0
6057,movement,unknown,0,0,,,no_rule_hit,0,0
6058,emergency,unknown,0,0,,,no_rule_hit,0,0
6059,unknown,unknown,1,0,,,no_rule_hit,0,0
6060,unknown,unknown,1,0,,,no_rule_hit,0,0
6061,unknown,unknown,1,0,,,no_rule_hit,0,0
6062,movement,unknown,0,0,,,no_rule_hit,0,0
6063,emergency,unknown,0,0,,,no_rule_hit,0,0
6064,emergency,unknown,0,0,,,no_rule_hit,0,0
6065,emergency,emergency,1,1,stop,,emergency_precedence,0,0
6066,emergency,unknown,0,0,,,no_rule_hit,0,0
6067,movement,emergency,0,1,no,,emergency_precedence,0,0
6068,movement,unknown,0,0,,,no_rule_hit,0,0
6069,movement,unknown,0,0,,,no_rule_hit,0,0
6070,emergency,unknown,0,0,,,no_rule_hit,0,0
6071,emergency,unknown,0,0,,,no_rule_hit,0,0
6072,emergency,unknown,0,0,,,no_rule_hit,0,0
6073,movement,unknown,0,0,,,no_rule_hit,0,0
6074,unknown,unknown,1,0,,,no_rule_hit,0,0
6075,movement,movement,1,1,,go,movement_match,0,0
6076,unknown,unknown,1,0,,,no_rule_hit,0,0
6077,movement,unknown,0,0,,,no_rule_hit,0,0
6078,emergency,emergency,1,1,stop,,emergency_precedence,0,0
6079,movement,unknown,0,0,,,no_rule_hit,0,0
6080,emergency,unknown,0,0,,,no_rule_hit,0,0
6081,unknown,unknown,1,0,,,no_rule_hit,0,0
6082,emergency,unknown,0,0,,,no_rule_hit,0,0
6083,unknown,unknown,1,0,,,no_rule_hit,0,0
6084,unknown,unknown,1,0,,,no_rule_hit,0,0
6085,emergency,unknown,0,0,,,no_rule_hit,0,0
6086,emergency,unknown,0,0,,,no_rule_hit,0,0
6087,movement,unknown,0,0,,,no_rule_hit,0,0
6088,unknown,unknown,1,0,,,no_rule_hit,0,0
6089,movement,unknown,0,0,,,no_rule_hit,0,0
6090,emergency,movement,0,1,,go,movement_match,0,0
6091,movement,unknown,0,0,,,no_rule_hit,0,0
6092,emergency,emergency,1,1,no,,emergency_precedence,0,0
6093,emergency,emergency,1,1,yes,,emergency_precedence,0,0
6094,movement,unknown,0,0,,,no_rule_hit,0,0
6095,movement,unknown,0,0,,,no_rule_hit,0,0
6096,emergency,unknown,0,0,,,no_rule_hit,0,0
6097,unknown,unknown,1,0,,,no_rule_hit,0,0
6098,unknown,unknown,1,0,,,no_rule_hit,0,0
6099,movement,unknown,0,0,,,no_rule_hit,0,0
6100,movement,unknown,0,0,,,no_rule_hit,0,0
6101,unknown,unknown,1,0,,,no_rule_hit,0,0
6102,emergency,unknown,0,0,,,no_rule_hit,0,0
6103,unknown,unknown,1,0,,,no_rule_hit,0,0
6104,unknown,unknown,1,0,,,no_rule_hit,0,0
6105,unknown,unknown,1,0,,,no_rule_hit,0,0
6106,movement,unknown,0,0,,,no_rule_hit,0,0
6107,unknown,unknown,1,0,,,no_rule_hit,0,0
6108,movement,unknown,0,0,,,no_rule_hit,0,0
6109,unknown,unknown,1,0,,,no_rule_hit,0,0
6110,movement,unknown,0,0,,,no_rule_hit,0,0
6111,emergency,unknown,0,0,,,no_rule_hit,0,0
6112,emergency,emergency,1,1,wow,,emergency_precedence,0,0
6113,unknown,unknown,1,0,,,no_rule_hit,0,0
6114,emergency,unknown,0,0,,,no_rule_hit,0,0
6115,unknown,unknown,1,0,,,no_rule_hit,0,0
6116,unknown,unknown,1,0,,,no_rule_hit,0,0
6117,movement,unknown,0,0,,,no_rule_hit,0,0
6118,unknown,unknown,1,0,,,no_rule_hit,0,0
6119,emergency,emergency,1,1,wow,,emergency_precedence,0,0
6120,unknown,unknown,1,0,,,no_rule_hit,0,0
6121,movement,movement,1,1,,on,movement_match,0,0
6122,emergency,unknown,0,0,,,no_rule_hit,0,0
6123,emergency,unknown,0,0,,,no_rule_hit,0,0
6124,emergency,unknown,0,0,,,no_rule_hit,0,0
6125,unknown,unknown,1,0,,,no_rule_hit,0,0
6126,movement,unknown,0,0,,,no_rule_hit,0,0
6127,emergency,emergency,1,1,yes,,emergency_precedence,0,0
6128,emergency,unknown,0,0,,,no_rule_hit,0,0
6129,unknown,unknown,1,0,,,no_rule_hit,0,0
6130,movement,unknown,0,0,,,no_rule_hit,0,0
6131,movement,unknown,0,0,,,no_rule_hit,0,0
6132,movement,unknown,0,0,,,no_rule_hit,0,0
6133,unknown,unknown,1,0,,,no_rule_hit,0,0
6134,unknown,unknown,1,0,,,no_rule_hit,0,0
6135,movement,movement,1,1,,on,movement_match,0,0
6136,emergency,unknown,0,0,,,no_rule_hit,0,0
6137,movement,unknown,0,0,,,no_rule_hit,0,0
6138,unknown,unknown,1,0,,,no_rule_hit,0,0
6139,emergency,unknown,0,0,,,no_rule_hit,0,0
6140,unknown,unknown,1,0,,,no_rule_hit,0,0
6141,unknown,unknown,1,0,,,no_rule_hit,0,0
6142,emergency,unknown,0,0,,,no_rule_hit,0,0
6143,movement,unknown,0,0,,,no_rule_hit,0,0
6144,movement,unknown,0,0,,,no_rule_hit,0,0
6145,movement,unknown,0,0,,,no_rule_hit,0,0
6146,emergency,unknown,0,0,,,no_rule_hit,0,0
6147,unknown,unknown,1,0,,,no_rule_hit,0,0
6148,emergency,emergency,1,1,no,,emergency_precedence,0,0
6149,emergency,unknown,0,0,,,no_rule_hit,0,0
6150,unknown,unknown,1,0,,,no_rule_hit,0,0
6151,emergency,unknown,0,0,,,no_rule_hit,0,0
6152,emergency,unknown,0,0,,,no_rule_hit,0,0
6153,emergency,unknown,0,0,,,no_rule_hit,0,0
6154,movement,unknown,0,0,,,no_rule_hit,0,0
6155,unknown,unknown,1,0,,,no_rule_hit,0,0
6156,unknown,unknown,1,0,,,no_rule_hit,0,0
6157,movement,unknown,0,0,,,no_rule_hit,0,0
6158,unknown,emergency,0,1,help,,emergency_precedence,1,0
6159,emergency,unknown,0,0,,,no_rule_hit,0,0
6160,unknown,unknown,1,0,,,no_rule_hit,0,0
6161,movement,unknown,0,0,,,no_rule_hit,0,0
6162,movement,unknown,0,0,,,no_rule_hit,0,0
6163,movement,unknown,0,0,,,no_rule_hit,0,0
6164,unknown,unknown,1,0,,,no_rule_hit,0,0
6165,unknown,unknown,1,0,,,no_rule_hit,0,0
6166,unknown,unknown,1,0,,,no_rule_hit,0,0
6167,unknown,unknown,1,0,,,no_rule_hit,0,0
6168,unknown,unknown,1,0,,,no_rule_hit,0,0
6169,emergency,unknown,0,0,,,no_rule_hit,0,0
6170,movement,unknown,0,0,,,no_rule_hit,0,0
6171,unknown,unknown,1,0,,,no_rule_hit,0,0
6172,unknown,unknown,1,0,,,no_rule_hit,0,0
6173,emergency,unknown,0,0,,,no_rule_hit,0,0
6174,unknown,unknown,1,0,,,no_rule_hit,0,0
6175,movement,unknown,0,0,,,no_rule_hit,0,0
6176,unknown,unknown,1,0,,,no_rule_hit,0,0
6177,emergency,unknown,0,0,,,no_rule_hit,0,0
6178,unknown,unknown,1,0,,,no_rule_hit,0,0
6179,unknown,emergency,0,1,no,,emergency_precedence,1,0
6180,emergency,unknown,0,0,,,no_rule_hit,0,0
6181,movement,unknown,0,0,,,no_rule_hit,0,0
6182,movement,unknown,0,0,,,no_rule_hit,0,0
6183,movement,movement,1,1,,right,movement_match,0,0
6184,emergency,unknown,0,0,,,no_rule_hit,0,0
6185,movement,unknown,0,0,,,no_rule_hit,0,0
6186,unknown,unknown,1,0,,,no_rule_hit,0,0
6187,emergency,emergency,1,1,yes,,emergency_precedence,0,0
6188,movement,unknown,0,0,,,no_rule_hit,0,0
6189,emergency,unknown,0,0,,,no_rule_hit,0,0
6190,movement,unknown,0,0,,,no_rule_hit,0,0
6191,unknown,unknown,1,0,,,no_rule_hit,0,0
6192,movement,unknown,0,0,,,no_rule_hit,0,0
6193,emergency,unknown,0,0,,,no_rule_hit,0,0
6194,emergency,emergency,1,1,yes,,emergency_precedence,0,0
6195,unknown,unknown,1,0,,,no_rule_hit,0,0
6196,emergency,unknown,0,0,,,no_rule_hit,0,0
6197,unknown,unknown,1,0,,,no_rule_hit,0,0
6198,emergency,emergency,1,1,yes,,emergency_precedence,0,0
6199,unknown,unknown,1,0,,,no_rule_hit,0,0
6200,movement,unknown,0,0,,,no_rule_hit,0,0
6201,movement,unknown,0,0,,,no_rule_hit,0,0
6202,movement,unknown,0,0,,,no_rule_hit,0,0
6203,movement,unknown,0,0,,,no_rule_hit,0,0
6204,emergency,unknown,0,0,,,no_rule_hit,0,0
6205,emergency,emergency,1,1,yes,,emergency_precedence,0,0
6206,unknown,unknown,1,0,,,no_rule_hit,0,0
6207,unknown,unknown,1,0,,,no_rule_hit,0,0
6208,unknown,unknown,1,0,,,no_rule_hit,0,0
6209,movement,unknown,0,0,,,no_rule_hit,0,0
6210,emergency,unknown,0,0,,,no_rule_hit,0,0
6211,movement,unknown,0,0,,,no_rule_hit,0,0
6212,unknown,unknown,1,0,,,no_rule_hit,0,0
6213,emergency,emergency,1,1,stop,,emergency_precedence,0,0
6214,movement,unknown,0,0,,,no_rule_hit,0,0
6215,unknown,unknown,1,0,,,no_rule_hit,0,0
6216,movement,unknown,0,0,,,no_rule_hit,0,0
6217,movement,unknown,0,0,,,no_rule_hit,0,0
6218,emergency,emergency,1,1,yes,,emergency_precedence,0,0
6219,emergency,emergency,1,1,stop,,emergency_precedence,0,0
6220,unknown,unknown,1,0,,,no_rule_hit,0,0
6221,emergency,unknown,0,0,,,no_rule_hit,0,0
6222,movement,unknown,0,0,,,no_rule_hit,0,0
6223,unknown,unknown,1,0,,,no_rule_hit,0,0
6224,unknown,unknown,1,0,,,no_rule_hit,0,0
6225,emergency,unknown,0,0,,,no_rule_hit,0,0
6226,emergency,emergency,1,1,yes,,emergency_precedence,0,0
6227,movement,unknown,0,0,,,no_rule_hit,0,0
6228,emergency,unknown,0,0,,,no_rule_hit,0,0
6229,unknown,unknown,1,0,,,no_rule_hit,0,0
6230,movement,unknown,0,0,,,no_rule_hit,0,0
6231,movement,unknown,0,0,,,no_rule_hit,0,0
6232,emergency,unknown,0,0,,,no_rule_hit,0,0
6233,emergency,emergency,1,1,wow,,emergency_precedence,0,0
6234,unknown,unknown,1,0,,,no_rule_hit,0,0
6235,unknown,unknown,1,0,,,no_rule_hit,0,0
6236,emergency,unknown,0,0,,,no_rule_hit,0,0
6237,movement,unknown,0,0,,,no_rule_hit,0,0
6238,movement,unknown,0,0,,,no_rule_hit,0,0
6239,movement,unknown,0,0,,,no_rule_hit,0,0
6240,emergency,movement,0,1,,go,movement_match,0,0
6241,emergency,movement,0,1,,go,movement_match,0,0
6242,unknown,unknown,1,0,,,no_rule_hit,0,0
6243,emergency,unknown,0,0,,,no_rule_hit,0,0
6244,emergency,unknown,0,0,,,no_rule_hit,0,0
6245,emergency,unknown,0,0,,,no_rule_hit,0,0
6246,emergency,unknown,0,0,,,no_rule_hit,0,0
6247,movement,unknown,0,0,,,no_rule_hit,0,0
6248,emergency,unknown,0,0,,,no_rule_hit,0,0
6249,unknown,unknown,1,0,,,no_rule_hit,0,0
6250,emergency,unknown,0,0,,,no_rule_hit,0,0
6251,unknown,unknown,1,0,,,no_rule_hit,0,0
6252,emergency,unknown,0,0,,,no_rule_hit,0,0
6253,emergency,unknown,0,0,,,no_rule_hit,0,0
6254,movement,unknown,0,0,,,no_rule_hit,0,0
6255,emergency,unknown,0,0,,,no_rule_hit,0,0
6256,emergency,unknown,0,0,,,no_rule_hit,0,0
6257,unknown,unknown,1,0,,,no_rule_hit,0,0
6258,unknown,unknown,1,0,,,no_rule_hit,0,0
6259,emergency,unknown,0,0,,,no_rule_hit,0,0
6260,unknown,unknown,1,0,,,no_rule_hit,0,0
6261,movement,unknown,0,0,,,no_rule_hit,0,0
6262,emergency,unknown,0,0,,,no_rule_hit,0,0
6263,unknown,unknown,1,0,,,no_rule_hit,0,0
6264,unknown,unknown,1,0,,,no_rule_hit,0,0
6265,emergency,unknown,0,0,,,no_rule_hit,0,0
6266,unknown,unknown,1,0,,,no_rule_hit,0,0
6267,emergency,unknown,0,0,,,no_rule_hit,0,0
6268,unknown,unknown,1,0,,,no_rule_hit,0,0
6269,emergency,unknown,0,0,,,no_rule_hit,0,0
6270,unknown,unknown,1,0,,,no_rule_hit,0,0
6271,unknown,unknown,1,0,,,no_rule_hit,0,0
6272,emergency,unknown,0,0,,,no_rule_hit,0,0
6273,unknown,unknown,1,0,,,no_rule_hit,0,0
6274,emergency,unknown,0,0,,,no_rule_hit,0,0
6275,movement,unknown,0,0,,,no_rule_hit,0,0
6276,movement,unknown,0,0,,,no_rule_hit,0,0
6277,emergency,unknown,0,0,,,no_rule_hit,0,0
6278,movement,unknown,0,0,,,no_rule_hit,0,0
6279,emergency,unknown,0,0,,,no_rule_hit,0,0
6280,unknown,unknown,1,0,,,no_rule_hit,0,0
6281,unknown,unknown,1,0,,,no_rule_hit,0,0
6282,unknown,unknown,1,0,,,no_rule_hit,0,0
6283,unknown,unknown,1,0,,,no_rule_hit,0,0
6284,emergency,emergency,1,1,yes,,emergency_precedence,0,0
6285,movement,unknown,0,0,,,no_rule_hit,0,0
6286,movement,unknown,0,0,,,no_rule_hit,0,0
6287,unknown,unknown,1,0,,,no_rule_hit,0,0
6288,unknown,unknown,1,0,,,no_rule_hit,0,0
6289,unknown,unknown,1,0,,,no_rule_hit,0,0
6290,movement,unknown,0,0,,,no_rule_hit,0,0
6291,emergency,unknown,0,0,,,no_rule_hit,0,0
6292,unknown,unknown,1,0,,,no_rule_hit,0,0
6293,unknown,unknown,1,0,,,no_rule_hit,0,0
6294,unknown,unknown,1,0,,,no_rule_hit,0,0
6295,unknown,unknown,1,0,,,no_rule_hit,0,0
6296,movement,unknown,0,0,,,no_rule_hit,0,0
6297,unknown,unknown,1,0,,,no_rule_hit,0,0
6298,unknown,unknown,1,0,,,no_rule_hit,0,0
6299,unknown,unknown,1,0,,,no_rule_hit,0,0
6300,movement,unknown,0,0,,,no_rule_hit,0,0
6301,movement,unknown,0,0,,,no_rule_hit,0,0
6302,emergency,unknown,0,0,,,no_rule_hit,0,0
6303,movement,unknown,0,0,,,no_rule_hit,0,0
6304,movement,unknown,0,0,,,no_rule_hit,0,0
6305,unknown,unknown,1,0,,,no_rule_hit,0,0
6306,unknown,unknown,1,0,,,no_rule_hit,0,0
6307,unknown,unknown,1,0,,,no_rule_hit,0,0
6308,emergency,unknown,0,0,,,no_rule_hit,0,0
6309,movement,unknown,0,0,,,no_rule_hit,0,0
6310,emergency,emergency,1,1,backward,,emergency_precedence,0,0
6311,emergency,unknown,0,0,,,no_rule_hit,0,0
6312,emergency,unknown,0,0,,,no_rule_hit,0,0
6313,movement,unknown,0,0,,,no_rule_hit,0,0
6314,unknown,unknown,1,0,,,no_rule_hit,0,0
6315,unknown,unknown,1,0,,,no_rule_hit,0,0
6316,unknown,unknown,1,0,,,no_rule_hit,0,0
6317,unknown,unknown,1,0,,,no_rule_hit,0,0
6318,movement,movement,1,1,,go,movement_match,0,0
6319,emergency,unknown,0,0,,,no_rule_hit,0,0
6320,unknown,unknown,1,0,,,no_rule_hit,0,0
6321,emergency,unknown,0,0,,,no_rule_hit,0,0
6322,unknown,unknown,1,0,,,no_rule_hit,0,0
6323,emergency,unknown,0,0,,,no_rule_hit,0,0
6324,movement,unknown,0,0,,,no_rule_hit,0,0
6325,movement,movement,1,1,,go,movement_match,0,0
6326,emergency,emergency,1,1,wow,,emergency_precedence,0,0
6327,movement,unknown,0,0,,,no_rule_hit,0,0
6328,movement,unknown,0,0,,,no_rule_hit,0,0
6329,unknown,unknown,1,0,,,no_rule_hit,0,0
6330,unknown,unknown,1,0,,,no_rule_hit,0,0
6331,movement,unknown,0,0,,,no_rule_hit,0,0
6332,unknown,unknown,1,0,,,no_rule_hit,0,0
6333,movement,unknown,0,0,,,no_rule_hit,0,0
6334,movement,unknown,0,0,,,no_rule_hit,0,0
6335,emergency,unknown,0,0,,,no_rule_hit,0,0
6336,emergency,emergency,1,1,yes,,emergency_precedence,0,0
6337,movement,unknown,0,0,,,no_rule_hit,0,0
6338,movement,unknown,0,0,,,no_rule_hit,0,0
6339,movement,unknown,0,0,,,no_rule_hit,0,0
6340,unknown,unknown,1,0,,,no_rule_hit,0,0
6341,unknown,unknown,1,0,,,no_rule_hit,0,0
6342,emergency,unknown,0,0,,,no_rule_hit,0,0
6343,emergency,unknown,0,0,,,no_rule_hit,0,0
6344,movement,unknown,0,0,,,no_rule_hit,0,0
6345,movement,unknown,0,0,,,no_rule_hit,0,0
6346,movement,unknown,0,0,,,no_rule_hit,0,0
6347,emergency,unknown,0,0,,,no_rule_hit,0,0
6348,emergency,unknown,0,0,,,no_rule_hit,0,0
6349,movement,unknown,0,0,,,no_rule_hit,0,0
6350,emergency,unknown,0,0,,,no_rule_hit,0,0
6351,unknown,unknown,1,0,,,no_rule_hit,0,0
6352,emergency,emergency,1,1,backward,,emergency_precedence,0,0
6353,movement,unknown,0,0,,,no_rule_hit,0,0
6354,movement,unknown,0,0,,,no_rule_hit,0,0
6355,movement,unknown,0,0,,,no_rule_hit,0,0
6356,emergency,unknown,0,0,,,no_rule_hit,0,0
6357,movement,unknown,0,0,,,no_rule_hit,0,0
6358,emergency,unknown,0,0,,,no_rule_hit,0,0
6359,unknown,unknown,1,0,,,no_rule_hit,0,0
6360,unknown,unknown,1,0,,,no_rule_hit,0,0
6361,emergency,unknown,0,0,,,no_rule_hit,0,0
6362,movement,unknown,0,0,,,no_rule_hit,0,0
6363,emergency,unknown,0,0,,,no_rule_hit,0,0
6364,unknown,unknown,1,0,,,no_rule_hit,0,0
6365,movement,unknown,0,0,,,no_rule_hit,0,0
6366,emergency,unknown,0,0,,,no_rule_hit,0,0
6367,unknown,unknown,1,0,,,no_rule_hit,0,0
6368,unknown,unknown,1,0,,,no_rule_hit,0,0
6369,emergency,unknown,0,0,,,no_rule_hit,0,0
6370,emergency,unknown,0,0,,,no_rule_hit,0,0
6371,unknown,unknown,1,0,,,no_rule_hit,0,0
6372,movement,unknown,0,0,,,no_rule_hit,0,0
6373,unknown,unknown,1,0,,,no_rule_hit,0,0
6374,unknown,unknown,1,0,,,no_rule_hit,0,0
6375,movement,unknown,0,0,,,no_rule_hit,0,0
6376,emergency,unknown,0,0,,,no_rule_hit,0,0
6377,emergency,emergency,1,1,yes,,emergency_precedence,0,0
6378,movement,unknown,0,0,,,no_rule_hit,0,0
6379,emergency,unknown,0,0,,,no_rule_hit,0,0
6380,movement,movement,1,1,,right,movement_match,0,0
6381,emergency,unknown,0,0,,,no_rule_hit,0,0
6382,unknown,unknown,1,0,,,no_rule_hit,0,0
6383,unknown,unknown,1,0,,,no_rule_hit,0,0
6384,unknown,unknown,1,0,,,no_rule_hit,0,0
6385,emergency,unknown,0,0,,,no_rule_hit,0,0
6386,unknown,unknown,1,0,,,no_rule_hit,0,0
6387,movement,unknown,0,0,,,no_rule_hit,0,0
6388,movement,unknown,0,0,,,no_rule_hit,0,0
6389,emergency,unknown,0,0,,,no_rule_hit,0,0
6390,emergency,unknown,0,0,,,no_rule_hit,0,0
6391,emergency,movement,0,1,,back,movement_match,0,0
6392,movement,movement,1,1,,down,movement_match,0,0
6393,emergency,unknown,0,0,,,no_rule_hit,0,0
6394,unknown,unknown,1,0,,,no_rule_hit,0,0
6395,unknown,unknown,1,0,,,no_rule_hit,0,0
6396,movement,unknown,0,0,,,no_rule_hit,0,0
6397,unknown,unknown,1,0,,,no_rule_hit,0,0
6398,unknown,unknown,1,0,,,no_rule_hit,0,0
6399,emergency,unknown,0,0,,,no_rule_hit,0,0
6400,emergency,unknown,0,0,,,no_rule_hit,0,0
6401,emergency,unknown,0,0,,,no_rule_hit,0,0
6402,unknown,emergency,0,1,help,,emergency_precedence,1,0
6403,unknown,unknown,1,0,,,no_rule_hit,0,0
6404,emergency,unknown,0,0,,,no_rule_hit,0,0
6405,unknown,unknown,1,0,,,no_rule_hit,0,0
6406,emergency,emergency,1,1,stop,,emergency_precedence,0,0
6407,movement,movement,1,1,,up,movement_match,0,0
6408,unknown,unknown,1,0,,,no_rule_hit,0,0
6409,emergency,unknown,0,0,,,no_rule_hit,0,0
6410,emergency,emergency,1,1,yes,,emergency_precedence,0,0
6411,emergency,emergency,1,1,no,,emergency_precedence,0,0
6412,emergency,unknown,0,0,,,no_rule_hit,0,0
6413,emergency,emergency,1,1,help,,emergency_precedence,0,0
6414,emergency,unknown,0,0,,,no_rule_hit,0,0
6415,emergency,emergency,1,1,stop,,emergency_precedence,0,0
6416,unknown,unknown,1,0,,,no_rule_hit,0,0
6417,unknown,unknown,1,0,,,no_rule_hit,0,0
6418,movement,unknown,0,0,,,no_rule_hit,0,0
6419,emergency,unknown,0,0,,,no_rule_hit,0,0
6420,movement,unknown,0,0,,,no_rule_hit,0,0
6421,unknown,unknown,1,0,,,no_rule_hit,0,0
6422,unknown,unknown,1,0,,,no_rule_hit,0,0
6423,unknown,unknown,1,0,,,no_rule_hit,0,0
6424,unknown,unknown,1,0,,,no_rule_hit,0,0
6425,emergency,unknown,0,0,,,no_rule_hit,0,0
6426,unknown,unknown,1,0,,,no_rule_hit,0,0
6427,unknown,unknown,1,0,,,no_rule_hit,0,0
6428,unknown,unknown,1,0,,,no_rule_hit,0,0
6429,movement,unknown,0,0,,,no_rule_hit,0,0
6430,emergency,emergency,1,1,yes,,emergency_precedence,0,0
6431,emergency,emergency,1,1,yes,,emergency_precedence,0,0
6432,emergency,unknown,0,0,,,no_rule_hit,0,0
6433,emergency,unknown,0,0,,,no_rule_hit,0,0
6434,movement,unknown,0,0,,,no_rule_hit,0,0
6435,emergency,unknown,0,0,,,no_rule_hit,0,0
6436,unknown,unknown,1,0,,,no_rule_hit,0,0
6437,emergency,unknown,0,0,,,no_rule_hit,0,0
6438,movement,unknown,0,0,,,no_rule_hit,0,0
6439,emergency,unknown,0,0,,,no_rule_hit,0,0
6440,emergency,unknown,0,0,,,no_rule_hit,0,0
6441,emergency,unknown,0,0,,,no_rule_hit,0,0
6442,movement,movement,1,1,,go,movement_match,0,0
6443,movement,unknown,0,0,,,no_rule_hit,0,0
6444,movement,unknown,0,0,,,no_rule_hit,0,0
6445,unknown,unknown,1,0,,,no_rule_hit,0,0
6446,emergency,movement,0,1,,go,movement_match,0,0
6447,unknown,unknown,1,0,,,no_rule_hit,0,0
6448,movement,movement,1,1,,go,movement_match,0,0
6449,unknown,unknown,1,0,,,no_rule_hit,0,0
6450,emergency,unknown,0,0,,,no_rule_hit,0,0
6451,unknown,unknown,1,0,,,no_rule_hit,0,0
6452,movement,unknown,0,0,,,no_rule_hit,0,0
6453,movement,unknown,0,0,,,no_rule_hit,0,0
6454,unknown,unknown,1,0,,,no_rule_hit,0,0
6455,unknown,unknown,1,0,,,no_rule_hit,0,0
6456,emergency,unknown,0,0,,,no_rule_hit,0,0
6457,emergency,unknown,0,0,,,no_rule_hit,0,0
6458,unknown,unknown,1,0,,,no_rule_hit,0,0
6459,emergency,unknown,0,0,,,no_rule_hit,0,0
6460,unknown,unknown,1,0,,,no_rule_hit,0,0
6461,movement,unknown,0,0,,,no_rule_hit,0,0
6462,movement,unknown,0,0,,,no_rule_hit,0,0
6463,movement,unknown,0,0,,,no_rule_hit,0,0
6464,movement,unknown,0,0,,,no_rule_hit,0,0
6465,unknown,unknown,1,0,,,no_rule_hit,0,0
6466,movement,unknown,0,0,,,no_rule_hit,0,0
6467,unknown,unknown,1,0,,,no_rule_hit,0,0
6468,movement,unknown,0,0,,,no_rule_hit,0,0
6469,movement,unknown,0,0,,,no_rule_hit,0,0
6470,emergency,unknown,0,0,,,no_rule_hit,0,0
6471,movement,unknown,0,0,,,no_rule_hit,0,0
6472,movement,unknown,0,0,,,no_rule_hit,0,0
6473,unknown,unknown,1,0,,,no_rule_hit,0,0
6474,movement,movement,1,1,,down,movement_match,0,0
6475,unknown,unknown,1,0,,,no_rule_hit,0,0
6476,movement,unknown,0,0,,,no_rule_hit,0,0
6477,emergency,unknown,0,0,,,no_rule_hit,0,0
6478,unknown,unknown,1,0,,,no_rule_hit,0,0
6479,movement,unknown,0,0,,,no_rule_hit,0,0
6480,emergency,emergency,1,1,stop,,emergency_precedence,0,0
6481,movement,unknown,0,0,,,no_rule_hit,0,0
6482,unknown,unknown,1,0,,,no_rule_hit,0,0
6483,unknown,unknown,1,0,,,no_rule_hit,0,0
6484,movement,unknown,0,0,,,no_rule_hit,0,0
6485,movement,unknown,0,0,,,no_rule_hit,0,0
6486,movement,unknown,0,0,,,no_rule_hit,0,0
6487,movement,unknown,0,0,,,no_rule_hit,0,0
6488,unknown,unknown,1,0,,,no_rule_hit,0,0
6489,emergency,emergency,1,1,stop,,emergency_precedence,0,0
6490,movement,unknown,0,0,,,no_rule_hit,0,0
6491,emergency,unknown,0,0,,,no_rule_hit,0,0
6492,emergency,unknown,0,0,,,no_rule_hit,0,0
6493,emergency,unknown,0,0,,,no_rule_hit,0,0
6494,movement,unknown,0,0,,,no_rule_hit,0,0
6495,emergency,unknown,0,0,,,no_rule_hit,0,0
6496,movement,unknown,0,0,,,no_rule_hit,0,0
6497,emergency,unknown,0,0,,,no_rule_hit,0,0
6498,movement,unknown,0,0,,,no_rule_hit,0,0
6499,unknown,unknown,1,0,,,no_rule_hit,0,0
6500,movement,unknown,0,0,,,no_rule_hit,0,0
6501,unknown,unknown,1,0,,,no_rule_hit,0,0
6502,movement,unknown,0,0,,,no_rule_hit,0,0
6503,emergency,emergency,1,1,yes,,emergency_precedence,0,0
6504,movement,unknown,0,0,,,no_rule_hit,0,0
6505,unknown,unknown,1,0,,,no_rule_hit,0,0
6506,movement,movement,1,1,,on,movement_match,0,0
6507,unknown,unknown,1,0,,,no_rule_hit,0,0
6508,unknown,unknown,1,0,,,no_rule_hit,0,0
6509,emergency,unknown,0,0,,,no_rule_hit,0,0
6510,emergency,unknown,0,0,,,no_rule_hit,0,0
6511,movement,unknown,0,0,,,no_rule_hit,0,0
6512,emergency,emergency,1,1,stop,,emergency_precedence,0,0
6513,emergency,unknown,0,0,,,no_rule_hit,0,0
6514,unknown,unknown,1,0,,,no_rule_hit,0,0
6515,emergency,unknown,0,0,,,no_rule_hit,0,0
6516,emergency,emergency,1,1,stop,,emergency_precedence,0,0
6517,unknown,unknown,1,0,,,no_rule_hit,0,0
6518,unknown,unknown,1,0,,,no_rule_hit,0,0
6519,movement,unknown,0,0,,,no_rule_hit,0,0
6520,movement,unknown,0,0,,,no_rule_hit,0,0
6521,unknown,movement,0,1,,go,movement_match,1,0
6522,emergency,unknown,0,0,,,no_rule_hit,0,0
6523,emergency,unknown,0,0,,,no_rule_hit,0,0
6524,unknown,unknown,1,0,,,no_rule_hit,0,0
6525,emergency,unknown,0,0,,,no_rule_hit,0,0
6526,emergency,unknown,0,0,,,no_rule_hit,0,0
6527,movement,unknown,0,0,,,no_rule_hit,0,0
6528,movement,movement,1,1,,right,movement_match,0,0
6529,unknown,unknown,1,0,,,no_rule_hit,0,0
6530,unknown,unknown,1,0,,,no_rule_hit,0,0
6531,unknown,unknown,1,0,,,no_rule_hit,0,0
6532,movement,unknown,0,0,,,no_rule_hit,0,0
6533,unknown,unknown,1,0,,,no_rule_hit,0,0
6534,unknown,unknown,1,0,,,no_rule_hit,0,0
6535,unknown,unknown,1,0,,,no_rule_hit,0,0
6536,unknown,unknown,1,0,,,no_rule_hit,0,0
6537,unknown,unknown,1,0,,,no_rule_hit,0,0
6538,emergency,unknown,0,0,,,no_rule_hit,0,0
6539,emergency,unknown,0,0,,,no_rule_hit,0,0
6540,emergency,emergency,1,1,wow,,emergency_precedence,0,0
6541,movement,unknown,0,0,,,no_rule_hit,0,0
6542,movement,unknown,0,0,,,no_rule_hit,0,0
6543,unknown,unknown,1,0,,,no_rule_hit,0,0
6544,movement,unknown,0,0,,,no_rule_hit,0,0
6545,movement,unknown,0,0,,,no_rule_hit,0,0
6546,unknown,unknown,1,0,,,no_rule_hit,0,0
6547,emergency,unknown,0,0,,,no_rule_hit,0,0
6548,movement,unknown,0,0,,,no_rule_hit,0,0
6549,unknown,unknown,1,0,,,no_rule_hit,0,0
6550,emergency,emergency,1,1,stop,,emergency_precedence,0,0
6551,emergency,unknown,0,0,,,no_rule_hit,0,0
6552,emergency,unknown,0,0,,,no_rule_hit,0,0
6553,unknown,unknown,1,0,,,no_rule_hit,0,0
6554,movement,unknown,0,0,,,no_rule_hit,0,0
6555,unknown,unknown,1,0,,,no_rule_hit,0,0
6556,movement,unknown,0,0,,,no_rule_hit,0,0
6557,movement,unknown,0,0,,,no_rule_hit,0,0
6558,emergency,unknown,0,0,,,no_rule_hit,0,0
6559,movement,unknown,0,0,,,no_rule_hit,0,0
6560,emergency,emergency,1,1,no,,emergency_precedence,0,0
6561,emergency,movement,0,1,,go,movement_match,0,0
6562,movement,unknown,0,0,,,no_rule_hit,0,0
6563,emergency,emergency,1,1,yes,,emergency_precedence,0,0
6564,emergency,unknown,0,0,,,no_rule_hit,0,0
6565,movement,unknown,0,0,,,no_rule_hit,0,0
6566,unknown,unknown,1,0,,,no_rule_hit,0,0
6567,unknown,unknown,1,0,,,no_rule_hit,0,0
6568,emergency,unknown,0,0,,,no_rule_hit,0,0
6569,movement,unknown,0,0,,,no_rule_hit,0,0
6570,unknown,unknown,1,0,,,no_rule_hit,0,0
6571,emergency,unknown,0,0,,,no_rule_hit,0,0
6572,emergency,emergency,1,1,yes,,emergency_precedence,0,0
6573,movement,unknown,0,0,,,no_rule_hit,0,0
6574,emergency,unknown,0,0,,,no_rule_hit,0,0
6575,unknown,unknown,1,0,,,no_rule_hit,0,0
6576,movement,unknown,0,0,,,no_rule_hit,0,0
6577,unknown,unknown,1,0,,,no_rule_hit,0,0
6578,emergency,unknown,0,0,,,no_rule_hit,0,0
6579,unknown,unknown,1,0,,,no_rule_hit,0,0
6580,movement,unknown,0,0,,,no_rule_hit,0,0
6581,emergency,emergency,1,1,yes,,emergency_precedence,0,0
6582,movement,movement,1,1,,go,movement_match,0,0
6583,unknown,unknown,1,0,,,no_rule_hit,0,0
6584,movement,movement,1,1,,right,movement_match,0,0
6585,unknown,unknown,1,0,,,no_rule_hit,0,0
6586,emergency,unknown,0,0,,,no_rule_hit,0,0
6587,movement,movement,1,1,,down,movement_match,0,0
6588,emergency,unknown,0,0,,,no_rule_hit,0,0
6589,movement,unknown,0,0,,,no_rule_hit,0,0
6590,movement,unknown,0,0,,,no_rule_hit,0,0
6591,emergency,unknown,0,0,,,no_rule_hit,0,0
6592,emergency,unknown,0,0,,,no_rule_hit,0,0
6593,unknown,unknown,1,0,,,no_rule_hit,0,0
6594,emergency,unknown,0,0,,,no_rule_hit,0,0
6595,unknown,unknown,1,0,,,no_rule_hit,0,0
6596,movement,unknown,0,0,,,no_rule_hit,0,0
6597,movement,unknown,0,0,,,no_rule_hit,0,0
6598,movement,movement,1,1,,down,movement_match,0,0
6599,unknown,unknown,1,0,,,no_rule_hit,0,0
6600,unknown,unknown,1,0,,,no_rule_hit,0,0
6601,emergency,unknown,0,0,,,no_rule_hit,0,0
6602,movement,unknown,0,0,,,no_rule_hit,0,0
6603,movement,unknown,0,0,,,no_rule_hit,0,0
6604,movement,unknown,0,0,,,no_rule_hit,0,0
6605,movement,unknown,0,0,,,no_rule_hit,0,0
6606,emergency,unknown,0,0,,,no_rule_hit,0,0
6607,unknown,unknown,1,0,,,no_rule_hit,0,0
6608,unknown,unknown,1,0,,,no_rule_hit,0,0
6609,movement,unknown,0,0,,,no_rule_hit,0,0
6610,unknown,unknown,1,0,,,no_rule_hit,0,0
6611,unknown,unknown,1,0,,,no_rule_hit,0,0
6612,emergency,unknown,0,0,,,no_rule_hit,0,0
6613,emergency,unknown,0,0,,,no_rule_hit,0,0
6614,movement,unknown,0,0,,,no_rule_hit,0,0
6615,movement,unknown,0,0,,,no_rule_hit,0,0
6616,emergency,unknown,0,0,,,no_rule_hit,0,0
6617,emergency,unknown,0,0,,,no_rule_hit,0,0
6618,emergency,unknown,0,0,,,no_rule_hit,0,0
6619,emergency,unknown,0,0,,,no_rule_hit,0,0
6620,emergency,emergency,1,1,no,,emergency_precedence,0,0
6621,emergency,unknown,0,0,,,no_rule_hit,0,0
6622,movement,unknown,0,0,,,no_rule_hit,0,0
6623,emergency,unknown,0,0,,,no_rule_hit,0,0
6624,movement,unknown,0,0,,,no_rule_hit,0,0
6625,unknown,unknown,1,0,,,no_rule_hit,0,0
6626,unknown,unknown,1,0,,,no_rule_hit,0,0
6627,unknown,unknown,1,0,,,no_rule_hit,0,0
6628,unknown,unknown,1,0,,,no_rule_hit,0,0
6629,emergency,unknown,0,0,,,no_rule_hit,0,0
6630,movement,unknown,0,0,,,no_rule_hit,0,0
6631,movement,unknown,0,0,,,no_rule_hit,0,0
6632,emergency,unknown,0,0,,,no_rule_hit,0,0
6633,movement,unknown,0,0,,,no_rule_hit,0,0
6634,movement,unknown,0,0,,,no_rule_hit,0,0
6635,emergency,unknown,0,0,,,no_rule_hit,0,0
6636,emergency,emergency,1,1,yes,,emergency_precedence,0,0
6637,unknown,unknown,1,0,,,no_rule_hit,0,0
6638,emergency,unknown,0,0,,,no_rule_hit,0,0
6639,unknown,unknown,1,0,,,no_rule_hit,0,0
6640,unknown,unknown,1,0,,,no_rule_hit,0,0
6641,unknown,unknown,1,0,,,no_rule_hit,0,0
6642,emergency,unknown,0,0,,,no_rule_hit,0,0
6643,movement,movement,1,1,,right,movement_match,0,0
6644,emergency,emergency,1,1,help,,emergency_precedence,0,0
6645,unknown,unknown,1,0,,,no_rule_hit,0,0
6646,emergency,unknown,0,0,,,no_rule_hit,0,0
6647,unknown,unknown,1,0,,,no_rule_hit,0,0
6648,unknown,unknown,1,0,,,no_rule_hit,0,0
6649,emergency,unknown,0,0,,,no_rule_hit,0,0
6650,movement,unknown,0,0,,,no_rule_hit,0,0
6651,emergency,emergency,1,1,yes,,emergency_precedence,0,0
6652,unknown,unknown,1,0,,,no_rule_hit,0,0
6653,unknown,unknown,1,0,,,no_rule_hit,0,0
6654,movement,unknown,0,0,,,no_rule_hit,0,0
6655,movement,unknown,0,0,,,no_rule_hit,0,0
6656,emergency,unknown,0,0,,,no_rule_hit,0,0
6657,unknown,unknown,1,0,,,no_rule_hit,0,0
6658,unknown,unknown,1,0,,,no_rule_hit,0,0
6659,emergency,unknown,0,0,,,no_rule_hit,0,0
6660,unknown,unknown,1,0,,,no_rule_hit,0,0
6661,unknown,unknown,1,0,,,no_rule_hit,0,0
6662,emergency,unknown,0,0,,,no_rule_hit,0,0
6663,unknown,unknown,1,0,,,no_rule_hit,0,0
6664,unknown,unknown,1,0,,,no_rule_hit,0,0
6665,unknown,unknown,1,0,,,no_rule_hit,0,0
6666,emergency,emergency,1,1,yes,,emergency_precedence,0,0
6667,movement,unknown,0,0,,,no_rule_hit,0,0
6668,movement,unknown,0,0,,,no_rule_hit,0,0
6669,unknown,unknown,1,0,,,no_rule_hit,0,0
6670,emergency,unknown,0,0,,,no_rule_hit,0,0
6671,emergency,emergency,1,1,yes,,emergency_precedence,0,0
6672,movement,unknown,0,0,,,no_rule_hit,0,0
6673,unknown,unknown,1,0,,,no_rule_hit,0,0
6674,unknown,unknown,1,0,,,no_rule_hit,0,0
6675,emergency,unknown,0,0,,,no_rule_hit,0,0
6676,emergency,emergency,1,1,stop,,emergency_precedence,0,0
6677,emergency,emergency,1,1,stop,,emergency_precedence,0,0
6678,unknown,unknown,1,0,,,no_rule_hit,0,0
6679,emergency,unknown,0,0,,,no_rule_hit,0,0
6680,movement,unknown,0,0,,,no_rule_hit,0,0
6681,emergency,emergency,1,1,stop,,emergency_precedence,0,0
6682,movement,unknown,0,0,,,no_rule_hit,0,0
6683,movement,unknown,0,0,,,no_rule_hit,0,0
6684,emergency,unknown,0,0,,,no_rule_hit,0,0
6685,unknown,unknown,1,0,,,no_rule_hit,0,0
6686,emergency,movement,0,1,,back,movement_match,0,0
6687,movement,unknown,0,0,,,no_rule_hit,0,0
6688,unknown,unknown,1,0,,,no_rule_hit,0,0
6689,emergency,movement,0,1,,go,movement_match,0,0
6690,unknown,unknown,1,0,,,no_rule_hit,0,0
6691,emergency,emergency,1,1,no,,emergency_precedence,0,0
6692,emergency,unknown,0,0,,,no_rule_hit,0,0
6693,unknown,unknown,1,0,,,no_rule_hit,0,0
6694,unknown,unknown,1,0,,,no_rule_hit,0,0
6695,emergency,unknown,0,0,,,no_rule_hit,0,0
6696,movement,unknown,0,0,,,no_rule_hit,0,0
6697,movement,unknown,0,0,,,no_rule_hit,0,0
6698,emergency,emergency,1,1,yes,,emergency_precedence,0,0
6699,emergency,unknown,0,0,,,no_rule_hit,0,0
6700,movement,unknown,0,0,,,no_rule_hit,0,0
6701,emergency,unknown,0,0,,,no_rule_hit,0,0
6702,movement,unknown,0,0,,,no_rule_hit,0,0
6703,unknown,unknown,1,0,,,no_rule_hit,0,0
6704,emergency,unknown,0,0,,,no_rule_hit,0,0
6705,movement,unknown,0,0,,,no_rule_hit,0,0
6706,unknown,unknown,1,0,,,no_rule_hit,0,0
6707,unknown,unknown,1,0,,,no_rule_hit,0,0
6708,movement,unknown,0,0,,,no_rule_hit,0,0
6709,unknown,unknown,1,0,,,no_rule_hit,0,0
6710,emergency,unknown,0,0,,,no_rule_hit,0,0
6711,emergency,unknown,0,0,,,no_rule_hit,0,0
6712,unknown,unknown,1,0,,,no_rule_hit,0,0
6713,emergency,unknown,0,0,,,no_rule_hit,0,0
6714,movement,unknown,0,0,,,no_rule_hit,0,0
6715,unknown,unknown,1,0,,,no_rule_hit,0,0
6716,movement,unknown,0,0,,,no_rule_hit,0,0
6717,emergency,emergency,1,1,no,,emergency_precedence,0,0
6718,movement,unknown,0,0,,,no_rule_hit,0,0
6719,unknown,unknown,1,0,,,no_rule_hit,0,0
6720,unknown,unknown,1,0,,,no_rule_hit,0,0
6721,unknown,unknown,1,0,,,no_rule_hit,0,0
6722,movement,unknown,0,0,,,no_rule_hit,0,0
6723,unknown,unknown,1,0,,,no_rule_hit,0,0
6724,unknown,unknown,1,0,,,no_rule_hit,0,0
6725,movement,unknown,0,0,,,no_rule_hit,0,0
6726,unknown,unknown,1,0,,,no_rule_hit,0,0
6727,movement,unknown,0,0,,,no_rule_hit,0,0
6728,movement,unknown,0,0,,,no_rule_hit,0,0
6729,emergency,unknown,0,0,,,no_rule_hit,0,0
6730,emergency,unknown,0,0,,,no_rule_hit,0,0
6731,emergency,unknown,0,0,,,no_rule_hit,0,0
6732,unknown,unknown,1,0,,,no_rule_hit,0,0
6733,movement,unknown,0,0,,,no_rule_hit,0,0
6734,emergency,unknown,0,0,,,no_rule_hit,0,0
6735,movement,unknown,0,0,,,no_rule_hit,0,0
6736,movement,unknown,0,0,,,no_rule_hit,0,0
6737,emergency,emergency,1,1,stop,,emergency_precedence,0,0
6738,emergency,unknown,0,0,,,no_rule_hit,0,0
6739,emergency,unknown,0,0,,,no_rule_hit,0,0
6740,emergency,unknown,0,0,,,no_rule_hit,0,0
6741,unknown,unknown,1,0,,,no_rule_hit,0,0
6742,unknown,unknown,1,0,,,no_rule_hit,0,0
6743,unknown,unknown,1,0,,,no_rule_hit,0,0
6744,emergency,emergency,1,1,stop,,emergency_precedence,0,0
6745,unknown,unknown,1,0,,,no_rule_hit,0,0
6746,movement,unknown,0,0,,,no_rule_hit,0,0
6747,movement,unknown,0,0,,,no_rule_hit,0,0
6748,emergency,unknown,0,0,,,no_rule_hit,0,0
6749,emergency,emergency,1,1,wow,,emergency_precedence,0,0
6750,movement,movement,1,1,,right,movement_match,0,0
6751,movement,unknown,0,0,,,no_rule_hit,0,0
6752,movement,unknown,0,0,,,no_rule_hit,0,0
6753,movement,unknown,0,0,,,no_rule_hit,0,0
6754,unknown,movement,0,1,,up,movement_match,1,0
6755,emergency,unknown,0,0,,,no_rule_hit,0,0
6756,emergency,unknown,0,0,,,no_rule_hit,0,0
6757,emergency,unknown,0,0,,,no_rule_hit,0,0
6758,emergency,movement,0,1,,go,movement_match,0,0
6759,unknown,unknown,1,0,,,no_rule_hit,0,0
6760,movement,unknown,0,0,,,no_rule_hit,0,0
6761,unknown,unknown,1,0,,,no_rule_hit,0,0
6762,emergency,unknown,0,0,,,no_rule_hit,0,0
6763,movement,unknown,0,0,,,no_rule_hit,0,0
6764,unknown,unknown,1,0,,,no_rule_hit,0,0
6765,unknown,unknown,1,0,,,no_rule_hit,0,0
6766,movement,unknown,0,0,,,no_rule_hit,0,0
6767,emergency,unknown,0,0,,,no_rule_hit,0,0
6768,movement,unknown,0,0,,,no_rule_hit,0,0
6769,unknown,unknown,1,0,,,no_rule_hit,0,0
6770,emergency,unknown,0,0,,,no_rule_hit,0,0
6771,emergency,unknown,0,0,,,no_rule_hit,0,0
6772,movement,unknown,0,0,,,no_rule_hit,0,0
6773,movement,movement,1,1,,up,movement_match,0,0
6774,emergency,emergency,1,1,wow,,emergency_precedence,0,0
6775,movement,unknown,0,0,,,no_rule_hit,0,0
6776,emergency,unknown,0,0,,,no_rule_hit,0,0
6777,unknown,unknown,1,0,,,no_rule_hit,0,0
6778,unknown,unknown,1,0,,,no_rule_hit,0,0
6779,unknown,unknown,1,0,,,no_rule_hit,0,0
6780,unknown,unknown,1,0,,,no_rule_hit,0,0
6781,unknown,unknown,1,0,,,no_rule_hit,0,0
6782,movement,movement,1,1,,down,movement_match,0,0
6783,emergency,unknown,0,0,,,no_rule_hit,0,0
6784,unknown,unknown,1,0,,,no_rule_hit,0,0
6785,unknown,unknown,1,0,,,no_rule_hit,0,0
6786,unknown,unknown,1,0,,,no_rule_hit,0,0
6787,emergency,movement,0,1,,back,movement_match,0,0
6788,unknown,unknown,1,0,,,no_rule_hit,0,0
6789,unknown,unknown,1,0,,,no_rule_hit,0,0
6790,unknown,unknown,1,0,,,no_rule_hit,0,0
6791,movement,unknown,0,0,,,no_rule_hit,0,0
6792,unknown,unknown,1,0,,,no_rule_hit,0,0
6793,emergency,unknown,0,0,,,no_rule_hit,0,0
6794,emergency,unknown,0,0,,,no_rule_hit,0,0
6795,movement,unknown,0,0,,,no_rule_hit,0,0
6796,movement,unknown,0,0,,,no_rule_hit,0,0
6797,movement,unknown,0,0,,,no_rule_hit,0,0
6798,emergency,unknown,0,0,,,no_rule_hit,0,0
6799,emergency,unknown,0,0,,,no_rule_hit,0,0
6800,movement,emergency,0,1,no,,emergency_precedence,0,0
6801,unknown,unknown,1,0,,,no_rule_hit,0,0
6802,movement,unknown,0,0,,,no_rule_hit,0,0
6803,unknown,unknown,1,0,,,no_rule_hit,0,0
6804,unknown,unknown,1,0,,,no_rule_hit,0,0
6805,unknown,unknown,1,0,,,no_rule_hit,0,0
6806,unknown,unknown,1,0,,,no_rule_hit,0,0
6807,movement,unknown,0,0,,,no_rule_hit,0,0
6808,movement,unknown,0,0,,,no_rule_hit,0,0
6809,unknown,unknown,1,0,,,no_rule_hit,0,0
6810,unknown,unknown,1,0,,,no_rule_hit,0,0
6811,movement,unknown,0,0,,,no_rule_hit,0,0
6812,unknown,unknown,1,0,,,no_rule_hit,0,0
6813,emergency,unknown,0,0,,,no_rule_hit,0,0
6814,unknown,unknown,1,0,,,no_rule_hit,0,0
6815,movement,unknown,0,0,,,no_rule_hit,0,0
6816,unknown,unknown,1,0,,,no_rule_hit,0,0
6817,emergency,unknown,0,0,,,no_rule_hit,0,0
6818,movement,unknown,0,0,,,no_rule_hit,0,0
6819,emergency,emergency,1,1,no,,emergency_precedence,0,0
6820,unknown,unknown,1,0,,,no_rule_hit,0,0
6821,movement,unknown,0,0,,,no_rule_hit,0,0
6822,movement,unknown,0,0,,,no_rule_hit,0,0
6823,movement,unknown,0,0,,,no_rule_hit,0,0
6824,movement,unknown,0,0,,,no_rule_hit,0,0
6825,unknown,unknown,1,0,,,no_rule_hit,0,0
6826,unknown,unknown,1,0,,,no_rule_hit,0,0
6827,emergency,unknown,0,0,,,no_rule_hit,0,0
6828,unknown,unknown,1,0,,,no_rule_hit,0,0
6829,movement,unknown,0,0,,,no_rule_hit,0,0
6830,emergency,unknown,0,0,,,no_rule_hit,0,0
6831,movement,movement,1,1,,right,movement_match,0,0
6832,unknown,unknown,1,0,,,no_rule_hit,0,0
6833,movement,unknown,0,0,,,no_rule_hit,0,0
6834,unknown,unknown,1,0,,,no_rule_hit,0,0
6835,movement,unknown,0,0,,,no_rule_hit,0,0
6836,emergency,unknown,0,0,,,no_rule_hit,0,0
6837,unknown,unknown,1,0,,,no_rule_hit,0,0
6838,unknown,unknown,1,0,,,no_rule_hit,0,0
6839,movement,unknown,0,0,,,no_rule_hit,0,0
6840,unknown,unknown,1,0,,,no_rule_hit,0,0
6841,unknown,unknown,1,0,,,no_rule_hit,0,0
6842,unknown,unknown,1,0,,,no_rule_hit,0,0
6843,unknown,unknown,1,0,,,no_rule_hit,0,0
6844,movement,unknown,0,0,,,no_rule_hit,0,0
6845,emergency,unknown,0,0,,,no_rule_hit,0,0
6846,emergency,unknown,0,0,,,no_rule_hit,0,0
6847,unknown,unknown,1,0,,,no_rule_hit,0,0
6848,emergency,unknown,0,0,,,no_rule_hit,0,0
6849,unknown,unknown,1,0,,,no_rule_hit,0,0
6850,emergency,emergency,1,1,wow,,emergency_precedence,0,0
6851,emergency,emergency,1,1,yes,,emergency_precedence,0,0
6852,unknown,unknown,1,0,,,no_rule_hit,0,0
6853,movement,unknown,0,0,,,no_rule_hit,0,0
6854,unknown,unknown,1,0,,,no_rule_hit,0,0
6855,unknown,unknown,1,0,,,no_rule_hit,0,0
6856,unknown,unknown,1,0,,,no_rule_hit,0,0
6857,emergency,emergency,1,1,no,,emergency_precedence,0,0
6858,unknown,unknown,1,0,,,no_rule_hit,0,0
6859,emergency,unknown,0,0,,,no_rule_hit,0,0
6860,movement,unknown,0,0,,,no_rule_hit,0,0
6861,emergency,emergency,1,1,yes,,emergency_precedence,0,0
6862,unknown,unknown,1,0,,,no_rule_hit,0,0
6863,unknown,unknown,1,0,,,no_rule_hit,0,0
6864,movement,unknown,0,0,,,no_rule_hit,0,0
6865,emergency,unknown,0,0,,,no_rule_hit,0,0
6866,unknown,unknown,1,0,,,no_rule_hit,0,0
6867,unknown,unknown,1,0,,,no_rule_hit,0,0
6868,unknown,unknown,1,0,,,no_rule_hit,0,0
6869,unknown,unknown,1,0,,,no_rule_hit,0,0
6870,movement,unknown,0,0,,,no_rule_hit,0,0
6871,emergency,unknown,0,0,,,no_rule_hit,0,0
6872,movement,movement,1,1,,down,movement_match,0,0
6873,movement,unknown,0,0,,,no_rule_hit,0,0
6874,unknown,unknown,1,0,,,no_rule_hit,0,0
6875,movement,movement,1,1,,right,movement_match,0,0
6876,unknown,unknown,1,0,,,no_rule_hit,0,0
6877,emergency,unknown,0,0,,,no_rule_hit,0,0
6878,movement,emergency,0,1,no,,emergency_precedence,0,0
6879,movement,unknown,0,0,,,no_rule_hit,0,0
6880,unknown,unknown,1,0,,,no_rule_hit,0,0
6881,emergency,unknown,0,0,,,no_rule_hit,0,0
6882,emergency,unknown,0,0,,,no_rule_hit,0,0
6883,movement,unknown,0,0,,,no_rule_hit,0,0
6884,emergency,unknown,0,0,,,no_rule_hit,0,0
6885,unknown,unknown,1,0,,,no_rule_hit,0,0
6886,unknown,unknown,1,0,,,no_rule_hit,0,0
6887,unknown,unknown,1,0,,,no_rule_hit,0,0
6888,emergency,unknown,0,0,,,no_rule_hit,0,0
6889,movement,unknown,0,0,,,no_rule_hit,0,0
6890,emergency,emergency,1,1,yes,,emergency_precedence,0,0
6891,emergency,emergency,1,1,stop,,emergency_precedence,0,0
6892,unknown,unknown,1,0,,,no_rule_hit,0,0
6893,emergency,unknown,0,0,,,no_rule_hit,0,0
6894,movement,unknown,0,0,,,no_rule_hit,0,0
6895,movement,unknown,0,0,,,no_rule_hit,0,0
6896,emergency,unknown,0,0,,,no_rule_hit,0,0
6897,unknown,emergency,0,1,no,,emergency_precedence,1,0
6898,movement,unknown,0,0,,,no_rule_hit,0,0
6899,emergency,unknown,0,0,,,no_rule_hit,0,0
6900,emergency,unknown,0,0,,,no_rule_hit,0,0
6901,unknown,unknown,1,0,,,no_rule_hit,0,0
6902,unknown,unknown,1,0,,,no_rule_hit,0,0
6903,unknown,unknown,1,0,,,no_rule_hit,0,0
6904,emergency,emergency,1,1,no,,emergency_precedence,0,0
6905,movement,unknown,0,0,,,no_rule_hit,0,0
6906,emergency,unknown,0,0,,,no_rule_hit,0,0
6907,unknown,unknown,1,0,,,no_rule_hit,0,0
6908,emergency,unknown,0,0,,,no_rule_hit,0,0
6909,unknown,unknown,1,0,,,no_rule_hit,0,0
6910,movement,unknown,0,0,,,no_rule_hit,0,0
6911,emergency,unknown,0,0,,,no_rule_hit,0,0
6912,unknown,unknown,1,0,,,no_rule_hit,0,0
6913,emergency,unknown,0,0,,,no_rule_hit,0,0
6914,unknown,unknown,1,0,,,no_rule_hit,0,0
6915,movement,unknown,0,0,,,no_rule_hit,0,0
6916,unknown,unknown,1,0,,,no_rule_hit,0,0
6917,movement,unknown,0,0,,,no_rule_hit,0,0
6918,unknown,unknown,1,0,,,no_rule_hit,0,0
6919,unknown,unknown,1,0,,,no_rule_hit,0,0
6920,emergency,unknown,0,0,,,no_rule_hit,0,0
6921,emergency,unknown,0,0,,,no_rule_hit,0,0
6922,unknown,unknown,1,0,,,no_rule_hit,0,0
6923,movement,unknown,0,0,,,no_rule_hit,0,0
6924,unknown,unknown,1,0,,,no_rule_hit,0,0
6925,movement,unknown,0,0,,,no_rule_hit,0,0
6926,emergency,unknown,0,0,,,no_rule_hit,0,0
6927,emergency,unknown,0,0,,,no_rule_hit,0,0
6928,emergency,unknown,0,0,,,no_rule_hit,0,0
6929,unknown,unknown,1,0,,,no_rule_hit,0,0
6930,unknown,unknown,1,0,,,no_rule_hit,0,0
6931,emergency,unknown,0,0,,,no_rule_hit,0,0
6932,emergency,emergency,1,1,yes,,emergency_precedence,0,0
6933,emergency,unknown,0,0,,,no_rule_hit,0,0
6934,emergency,unknown,0,0,,,no_rule_hit,0,0
6935,unknown,unknown,1,0,,,no_rule_hit,0,0
6936,emergency,unknown,0,0,,,no_rule_hit,0,0
6937,unknown,unknown,1,0,,,no_rule_hit,0,0
6938,emergency,unknown,0,0,,,no_rule_hit,0,0
6939,movement,unknown,0,0,,,no_rule_hit,0,0
6940,emergency,unknown,0,0,,,no_rule_hit,0,0
6941,emergency,unknown,0,0,,,no_rule_hit,0,0
6942,movement,unknown,0,0,,,no_rule_hit,0,0
6943,unknown,unknown,1,0,,,no_rule_hit,0,0
6944,emergency,unknown,0,0,,,no_rule_hit,0,0
6945,unknown,unknown,1,0,,,no_rule_hit,0,0
6946,emergency,emergency,1,1,yes,,emergency_precedence,0,0
6947,emergency,unknown,0,0,,,no_rule_hit,0,0
6948,unknown,unknown,1,0,,,no_rule_hit,0,0
6949,emergency,unknown,0,0,,,no_rule_hit,0,0
6950,emergency,unknown,0,0,,,no_rule_hit,0,0
6951,unknown,unknown,1,0,,,no_rule_hit,0,0
6952,movement,unknown,0,0,,,no_rule_hit,0,0
6953,movement,unknown,0,0,,,no_rule_hit,0,0
6954,movement,unknown,0,0,,,no_rule_hit,0,0
6955,emergency,unknown,0,0,,,no_rule_hit,0,0
6956,emergency,unknown,0,0,,,no_rule_hit,0,0
6957,unknown,unknown,1,0,,,no_rule_hit,0,0
6958,unknown,unknown,1,0,,,no_rule_hit,0,0
6959,emergency,unknown,0,0,,,no_rule_hit,0,0
6960,emergency,unknown,0,0,,,no_rule_hit,0,0
6961,movement,unknown,0,0,,,no_rule_hit,0,0
6962,emergency,unknown,0,0,,,no_rule_hit,0,0
6963,movement,unknown,0,0,,,no_rule_hit,0,0
6964,emergency,unknown,0,0,,,no_rule_hit,0,0
6965,unknown,unknown,1,0,,,no_rule_hit,0,0
6966,unknown,unknown,1,0,,,no_rule_hit,0,0
6967,emergency,emergency,1,1,no,,emergency_precedence,0,0
6968,unknown,unknown,1,0,,,no_rule_hit,0,0
6969,emergency,unknown,0,0,,,no_rule_hit,0,0
6970,unknown,unknown,1,0,,,no_rule_hit,0,0
6971,unknown,unknown,1,0,,,no_rule_hit,0,0
6972,unknown,unknown,1,0,,,no_rule_hit,0,0
6973,movement,unknown,0,0,,,no_rule_hit,0,0
6974,unknown,unknown,1,0,,,no_rule_hit,0,0
6975,emergency,unknown,0,0,,,no_rule_hit,0,0
6976,movement,unknown,0,0,,,no_rule_hit,0,0
6977,unknown,unknown,1,0,,,no_rule_hit,0,0
6978,emergency,emergency,1,1,yes,,emergency_precedence,0,0
6979,unknown,unknown,1,0,,,no_rule_hit,0,0
6980,unknown,unknown,1,0,,,no_rule_hit,0,0
6981,emergency,emergency,1,1,no,,emergency_precedence,0,0
6982,unknown,unknown,1,0,,,no_rule_hit,0,0
6983,movement,unknown,0,0,,,no_rule_hit,0,0
6984,movement,unknown,0,0,,,no_rule_hit,0,0
6985,unknown,unknown,1,0,,,no_rule_hit,0,0
6986,emergency,emergency,1,1,stop,,emergency_precedence,0,0
6987,emergency,unknown,0,0,,,no_rule_hit,0,0
6988,emergency,unknown,0,0,,,no_rule_hit,0,0
6989,emergency,unknown,0,0,,,no_rule_hit,0,0
6990,emergency,unknown,0,0,,,no_rule_hit,0,0
6991,unknown,unknown,1,0,,,no_rule_hit,0,0
6992,unknown,unknown,1,0,,,no_rule_hit,0,0
6993,movement,unknown,0,0,,,no_rule_hit,0,0
6994,emergency,unknown,0,0,,,no_rule_hit,0,0
6995,unknown,unknown,1,0,,,no_rule_hit,0,0
6996,movement,unknown,0,0,,,no_rule_hit,0,0
6997,unknown,unknown,1,0,,,no_rule_hit,0,0
6998,movement,unknown,0,0,,,no_rule_hit,0,0
6999,movement,unknown,0,0,,,no_rule_hit,0,0
7000,movement,unknown,0,0,,,no_rule_hit,0,0
7001,unknown,unknown,1,0,,,no_rule_hit,0,0
7002,movement,unknown,0,0,,,no_rule_hit,0,0
7003,movement,unknown,0,0,,,no_rule_hit,0,0
7004,movement,movement,1,1,,right,movement_match,0,0
7005,movement,unknown,0,0,,,no_rule_hit,0,0
7006,unknown,unknown,1,0,,,no_rule_hit,0,0
7007,movement,unknown,0,0,,,no_rule_hit,0,0
7008,movement,unknown,0,0,,,no_rule_hit,0,0
7009,emergency,emergency,1,1,no,,emergency_precedence,0,0
7010,movement,unknown,0,0,,,no_rule_hit,0,0
7011,unknown,unknown,1,0,,,no_rule_hit,0,0
7012,unknown,unknown,1,0,,,no_rule_hit,0,0
7013,emergency,emergency,1,1,stop,,emergency_precedence,0,0
7014,unknown,unknown,1,0,,,no_rule_hit,0,0
7015,movement,unknown,0,0,,,no_rule_hit,0,0
7016,movement,movement,1,1,,down,movement_match,0,0
7017,unknown,unknown,1,0,,,no_rule_hit,0,0
7018,unknown,unknown,1,0,,,no_rule_hit,0,0
7019,unknown,unknown,1,0,,,no_rule_hit,0,0
7020,movement,unknown,0,0,,,no_rule_hit,0,0
7021,emergency,unknown,0,0,,,no_rule_hit,0,0
7022,emergency,emergency,1,1,no,,emergency_precedence,0,0
7023,unknown,unknown,1,0,,,no_rule_hit,0,0
7024,emergency,unknown,0,0,,,no_rule_hit,0,0
7025,emergency,unknown,0,0,,,no_rule_hit,0,0
7026,movement,unknown,0,0,,,no_rule_hit,0,0
7027,movement,unknown,0,0,,,no_rule_hit,0,0
7028,emergency,unknown,0,0,,,no_rule_hit,0,0
7029,unknown,unknown,1,0,,,no_rule_hit,0,0
7030,emergency,unknown,0,0,,,no_rule_hit,0,0
7031,movement,unknown,0,0,,,no_rule_hit,0,0
7032,emergency,unknown,0,0,,,no_rule_hit,0,0
7033,unknown,unknown,1,0,,,no_rule_hit,0,0
7034,unknown,unknown,1,0,,,no_rule_hit,0,0
7035,unknown,unknown,1,0,,,no_rule_hit,0,0
7036,unknown,unknown,1,0,,,no_rule_hit,0,0
7037,unknown,unknown,1,0,,,no_rule_hit,0,0
7038,unknown,unknown,1,0,,,no_rule_hit,0,0
7039,unknown,unknown,1,0,,,no_rule_hit,0,0
7040,movement,unknown,0,0,,,no_rule_hit,0,0
7041,unknown,unknown,1,0,,,no_rule_hit,0,0
7042,unknown,unknown,1,0,,,no_rule_hit,0,0
7043,movement,unknown,0,0,,,no_rule_hit,0,0
7044,emergency,emergency,1,1,stop,,emergency_precedence,0,0
7045,movement,unknown,0,0,,,no_rule_hit,0,0
7046,movement,unknown,0,0,,,no_rule_hit,0,0
7047,emergency,unknown,0,0,,,no_rule_hit,0,0
7048,unknown,unknown,1,0,,,no_rule_hit,0,0
7049,emergency,unknown,0,0,,,no_rule_hit,0,0
7050,movement,unknown,0,0,,,no_rule_hit,0,0
7051,emergency,unknown,0,0,,,no_rule_hit,0,0
7052,unknown,unknown,1,0,,,no_rule_hit,0,0
7053,movement,unknown,0,0,,,no_rule_hit,0,0
7054,unknown,unknown,1,0,,,no_rule_hit,0,0
7055,unknown,unknown,1,0,,,no_rule_hit,0,0
7056,unknown,unknown,1,0,,,no_rule_hit,0,0
7057,movement,unknown,0,0,,,no_rule_hit,0,0
7058,emergency,emergency,1,1,yes,,emergency_precedence,0,0
7059,movement,unknown,0,0,,,no_rule_hit,0,0
7060,emergency,emergency,1,1,stop,,emergency_precedence,0,0
7061,emergency,emergency,1,1,no,,emergency_precedence,0,0
7062,unknown,unknown,1,0,,,no_rule_hit,0,0
7063,unknown,unknown,1,0,,,no_rule_hit,0,0
7064,movement,movement,1,1,,down,movement_match,0,0
7065,unknown,unknown,1,0,,,no_rule_hit,0,0
7066,emergency,unknown,0,0,,,no_rule_hit,0,0
7067,emergency,unknown,0,0,,,no_rule_hit,0,0
7068,emergency,unknown,0,0,,,no_rule_hit,0,0
7069,emergency,unknown,0,0,,,no_rule_hit,0,0
7070,emergency,unknown,0,0,,,no_rule_hit,0,0
7071,movement,unknown,0,0,,,no_rule_hit,0,0
7072,movement,unknown,0,0,,,no_rule_hit,0,0
7073,movement,unknown,0,0,,,no_rule_hit,0,0
7074,emergency,unknown,0,0,,,no_rule_hit,0,0
7075,movement,unknown,0,0,,,no_rule_hit,0,0
7076,emergency,emergency,1,1,yes,,emergency_precedence,0,0
7077,movement,unknown,0,0,,,no_rule_hit,0,0
7078,emergency,unknown,0,0,,,no_rule_hit,0,0
7079,movement,unknown,0,0,,,no_rule_hit,0,0
7080,emergency,unknown,0,0,,,no_rule_hit,0,0
7081,movement,unknown,0,0,,,no_rule_hit,0,0
7082,emergency,unknown,0,0,,,no_rule_hit,0,0
7083,movement,unknown,0,0,,,no_rule_hit,0,0
7084,unknown,unknown,1,0,,,no_rule_hit,0,0
7085,emergency,unknown,0,0,,,no_rule_hit,0,0
7086,emergency,unknown,0,0,,,no_rule_hit,0,0
7087,unknown,unknown,1,0,,,no_rule_hit,0,0
7088,unknown,unknown,1,0,,,no_rule_hit,0,0
7089,movement,unknown,0,0,,,no_rule_hit,0,0
7090,emergency,unknown,0,0,,,no_rule_hit,0,0
7091,movement,unknown,0,0,,,no_rule_hit,0,0
7092,emergency,unknown,0,0,,,no_rule_hit,0,0
7093,movement,unknown,0,0,,,no_rule_hit,0,0
7094,emergency,unknown,0,0,,,no_rule_hit,0,0
7095,movement,unknown,0,0,,,no_rule_hit,0,0
7096,unknown,unknown,1,0,,,no_rule_hit,0,0
7097,emergency,emergency,1,1,no,,emergency_precedence,0,0
7098,unknown,unknown,1,0,,,no_rule_hit,0,0
7099,emergency,unknown,0,0,,,no_rule_hit,0,0
7100,emergency,unknown,0,0,,,no_rule_hit,0,0
7101,unknown,unknown,1,0,,,no_rule_hit,0,0
7102,emergency,emergency,1,1,yes,,emergency_precedence,0,0
7103,movement,unknown,0,0,,,no_rule_hit,0,0
7104,movement,unknown,0,0,,,no_rule_hit,0,0
7105,emergency,unknown,0,0,,,no_rule_hit,0,0
7106,unknown,unknown,1,0,,,no_rule_hit,0,0
7107,emergency,emergency,1,1,yes,,emergency_precedence,0,0
7108,unknown,unknown,1,0,,,no_rule_hit,0,0
7109,movement,unknown,0,0,,,no_rule_hit,0,0
7110,emergency,unknown,0,0,,,no_rule_hit,0,0
7111,unknown,unknown,1,0,,,no_rule_hit,0,0
7112,emergency,unknown,0,0,,,no_rule_hit,0,0
7113,unknown,unknown,1,0,,,no_rule_hit,0,0
7114,movement,movement,1,1,,down,movement_match,0,0
7115,movement,unknown,0,0,,,no_rule_hit,0,0
7116,movement,unknown,0,0,,,no_rule_hit,0,0
7117,emergency,unknown,0,0,,,no_rule_hit,0,0
7118,movement,unknown,0,0,,,no_rule_hit,0,0
7119,emergency,unknown,0,0,,,no_rule_hit,0,0
7120,unknown,unknown,1,0,,,no_rule_hit,0,0
7121,movement,unknown,0,0,,,no_rule_hit,0,0
7122,movement,unknown,0,0,,,no_rule_hit,0,0
7123,emergency,emergency,1,1,no,,emergency_precedence,0,0
7124,movement,unknown,0,0,,,no_rule_hit,0,0
7125,emergency,unknown,0,0,,,no_rule_hit,0,0
7126,movement,emergency,0,1,no,,emergency_precedence,0,0
7127,unknown,unknown,1,0,,,no_rule_hit,0,0
7128,emergency,emergency,1,1,stop,,emergency_precedence,0,0
7129,movement,unknown,0,0,,,no_rule_hit,0,0
7130,movement,unknown,0,0,,,no_rule_hit,0,0
7131,movement,unknown,0,0,,,no_rule_hit,0,0
7132,unknown,unknown,1,0,,,no_rule_hit,0,0
7133,unknown,unknown,1,0,,,no_rule_hit,0,0
7134,emergency,emergency,1,1,yes,,emergency_precedence,0,0
7135,emergency,unknown,0,0,,,no_rule_hit,0,0
7136,movement,movement,1,1,,up,movement_match,0,0
7137,unknown,unknown,1,0,,,no_rule_hit,0,0
7138,emergency,emergency,1,1,stop,,emergency_precedence,0,0
7139,movement,unknown,0,0,,,no_rule_hit,0,0
7140,emergency,unknown,0,0,,,no_rule_hit,0,0
7141,unknown,unknown,1,0,,,no_rule_hit,0,0
7142,movement,movement,1,1,,right,movement_match,0,0
7143,unknown,movement,0,1,,right,movement_match,1,0
7144,emergency,unknown,0,0,,,no_rule_hit,0,0
7145,emergency,unknown,0,0,,,no_rule_hit,0,0
7146,emergency,emergency,1,1,yes,,emergency_precedence,0,0
7147,emergency,unknown,0,0,,,no_rule_hit,0,0
7148,unknown,unknown,1,0,,,no_rule_hit,0,0
7149,emergency,unknown,0,0,,,no_rule_hit,0,0
7150,emergency,emergency,1,1,no,,emergency_precedence,0,0
7151,unknown,unknown,1,0,,,no_rule_hit,0,0
7152,emergency,unknown,0,0,,,no_rule_hit,0,0
7153,movement,unknown,0,0,,,no_rule_hit,0,0
7154,emergency,unknown,0,0,,,no_rule_hit,0,0
7155,emergency,unknown,0,0,,,no_rule_hit,0,0
7156,unknown,movement,0,1,,back,movement_match,1,0
7157,unknown,unknown,1,0,,,no_rule_hit,0,0
7158,emergency,unknown,0,0,,,no_rule_hit,0,0
7159,emergency,unknown,0,0,,,no_rule_hit,0,0
7160,unknown,unknown,1,0,,,no_rule_hit,0,0
7161,emergency,unknown,0,0,,,no_rule_hit,0,0
7162,movement,unknown,0,0,,,no_rule_hit,0,0
7163,unknown,unknown,1,0,,,no_rule_hit,0,0
7164,movement,unknown,0,0,,,no_rule_hit,0,0
7165,movement,unknown,0,0,,,no_rule_hit,0,0
7166,unknown,unknown,1,0,,,no_rule_hit,0,0
7167,emergency,unknown,0,0,,,no_rule_hit,0,0
7168,movement,unknown,0,0,,,no_rule_hit,0,0
7169,movement,unknown,0,0,,,no_rule_hit,0,0
7170,unknown,unknown,1,0,,,no_rule_hit,0,0
7171,emergency,emergency,1,1,wow,,emergency_precedence,0,0
7172,emergency,unknown,0,0,,,no_rule_hit,0,0
7173,emergency,unknown,0,0,,,no_rule_hit,0,0
7174,movement,unknown,0,0,,,no_rule_hit,0,0
7175,unknown,unknown,1,0,,,no_rule_hit,0,0
7176,unknown,unknown,1,0,,,no_rule_hit,0,0
7177,movement,unknown,0,0,,,no_rule_hit,0,0
7178,emergency,unknown,0,0,,,no_rule_hit,0,0
7179,movement,unknown,0,0,,,no_rule_hit,0,0
7180,movement,unknown,0,0,,,no_rule_hit,0,0
7181,unknown,unknown,1,0,,,no_rule_hit,0,0
7182,emergency,unknown,0,0,,,no_rule_hit,0,0
7183,unknown,unknown,1,0,,,no_rule_hit,0,0
7184,movement,unknown,0,0,,,no_rule_hit,0,0
7185,unknown,unknown,1,0,,,no_rule_hit,0,0
7186,unknown,unknown,1,0,,,no_rule_hit,0,0
7187,unknown,unknown,1,0,,,no_rule_hit,0,0
7188,movement,unknown,0,0,,,no_rule_hit,0,0
7189,movement,unknown,0,0,,,no_rule_hit,0,0
7190,unknown,unknown,1,0,,,no_rule_hit,0,0
7191,emergency,unknown,0,0,,,no_rule_hit,0,0
7192,movement,unknown,0,0,,,no_rule_hit,0,0
7193,unknown,unknown,1,0,,,no_rule_hit,0,0
7194,emergency,movement,0,1,,back,movement_match,0,0
7195,movement,unknown,0,0,,,no_rule_hit,0,0
7196,movement,unknown,0,0,,,no_rule_hit,0,0
7197,unknown,unknown,1,0,,,no_rule_hit,0,0
7198,emergency,unknown,0,0,,,no_rule_hit,0,0
7199,unknown,unknown,1,0,,,no_rule_hit,0,0
7200,movement,unknown,0,0,,,no_rule_hit,0,0
7201,movement,unknown,0,0,,,no_rule_hit,0,0
7202,unknown,unknown,1,0,,,no_rule_hit,0,0
7203,movement,unknown,0,0,,,no_rule_hit,0,0
7204,emergency,emergency,1,1,yes,,emergency_precedence,0,0
7205,movement,unknown,0,0,,,no_rule_hit,0,0
7206,unknown,unknown,1,0,,,no_rule_hit,0,0
7207,emergency,unknown,0,0,,,no_rule_hit,0,0
7208,movement,unknown,0,0,,,no_rule_hit,0,0
7209,movement,unknown,0,0,,,no_rule_hit,0,0
7210,emergency,unknown,0,0,,,no_rule_hit,0,0
7211,movement,unknown,0,0,,,no_rule_hit,0,0
7212,emergency,unknown,0,0,,,no_rule_hit,0,0
7213,emergency,unknown,0,0,,,no_rule_hit,0,0
7214,unknown,unknown,1,0,,,no_rule_hit,0,0
7215,movement,unknown,0,0,,,no_rule_hit,0,0
7216,movement,unknown,0,0,,,no_rule_hit,0,0
7217,movement,unknown,0,0,,,no_rule_hit,0,0
7218,movement,unknown,0,0,,,no_rule_hit,0,0
7219,emergency,unknown,0,0,,,no_rule_hit,0,0
7220,movement,unknown,0,0,,,no_rule_hit,0,0
7221,unknown,unknown,1,0,,,no_rule_hit,0,0
7222,movement,unknown,0,0,,,no_rule_hit,0,0
7223,movement,unknown,0,0,,,no_rule_hit,0,0
7224,emergency,unknown,0,0,,,no_rule_hit,0,0
7225,unknown,unknown,1,0,,,no_rule_hit,0,0
7226,movement,movement,1,1,,left,movement_match,0,0
7227,movement,unknown,0,0,,,no_rule_hit,0,0
7228,emergency,emergency,1,1,yes,,emergency_precedence,0,0
7229,unknown,unknown,1,0,,,no_rule_hit,0,0
7230,unknown,unknown,1,0,,,no_rule_hit,0,0
7231,movement,unknown,0,0,,,no_rule_hit,0,0
7232,unknown,unknown,1,0,,,no_rule_hit,0,0
7233,emergency,unknown,0,0,,,no_rule_hit,0,0
7234,emergency,unknown,0,0,,,no_rule_hit,0,0
7235,emergency,unknown,0,0,,,no_rule_hit,0,0
7236,movement,unknown,0,0,,,no_rule_hit,0,0
7237,movement,unknown,0,0,,,no_rule_hit,0,0
7238,movement,movement,1,1,,down,movement_match,0,0
7239,unknown,unknown,1,0,,,no_rule_hit,0,0
7240,emergency,unknown,0,0,,,no_rule_hit,0,0
7241,movement,movement,1,1,,left,movement_match,0,0
7242,unknown,unknown,1,0,,,no_rule_hit,0,0
7243,emergency,unknown,0,0,,,no_rule_hit,0,0
7244,emergency,emergency,1,1,yes,,emergency_precedence,0,0
7245,emergency,unknown,0,0,,,no_rule_hit,0,0
7246,unknown,unknown,1,0,,,no_rule_hit,0,0
7247,emergency,unknown,0,0,,,no_rule_hit,0,0
7248,emergency,unknown,0,0,,,no_rule_hit,0,0
7249,emergency,unknown,0,0,,,no_rule_hit,0,0
7250,emergency,unknown,0,0,,,no_rule_hit,0,0
7251,emergency,unknown,0,0,,,no_rule_hit,0,0
7252,emergency,unknown,0,0,,,no_rule_hit,0,0
7253,movement,unknown,0,0,,,no_rule_hit,0,0
7254,unknown,unknown,1,0,,,no_rule_hit,0,0
7255,movement,movement,1,1,,right,movement_match,0,0
7256,emergency,unknown,0,0,,,no_rule_hit,0,0
7257,unknown,unknown,1,0,,,no_rule_hit,0,0
7258,movement,unknown,0,0,,,no_rule_hit,0,0
7259,emergency,unknown,0,0,,,no_rule_hit,0,0
7260,emergency,unknown,0,0,,,no_rule_hit,0,0
7261,emergency,unknown,0,0,,,no_rule_hit,0,0
7262,unknown,unknown,1,0,,,no_rule_hit,0,0
7263,unknown,unknown,1,0,,,no_rule_hit,0,0
7264,unknown,unknown,1,0,,,no_rule_hit,0,0
7265,unknown,unknown,1,0,,,no_rule_hit,0,0
7266,unknown,unknown,1,0,,,no_rule_hit,0,0
7267,movement,movement,1,1,,down,movement_match,0,0
7268,unknown,unknown,1,0,,,no_rule_hit,0,0
7269,emergency,unknown,0,0,,,no_rule_hit,0,0
7270,movement,unknown,0,0,,,no_rule_hit,0,0
7271,emergency,unknown,0,0,,,no_rule_hit,0,0
7272,unknown,unknown,1,0,,,no_rule_hit,0,0
7273,unknown,unknown,1,0,,,no_rule_hit,0,0
7274,movement,unknown,0,0,,,no_rule_hit,0,0
7275,movement,unknown,0,0,,,no_rule_hit,0,0
7276,movement,unknown,0,0,,,no_rule_hit,0,0
7277,movement,unknown,0,0,,,no_rule_hit,0,0
7278,unknown,unknown,1,0,,,no_rule_hit,0,0
7279,emergency,emergency,1,1,stop,,emergency_precedence,0,0
7280,unknown,unknown,1,0,,,no_rule_hit,0,0
7281,movement,unknown,0,0,,,no_rule_hit,0,0
7282,unknown,unknown,1,0,,,no_rule_hit,0,0
7283,movement,unknown,0,0,,,no_rule_hit,0,0
7284,movement,movement,1,1,,go,movement_match,0,0
7285,movement,unknown,0,0,,,no_rule_hit,0,0
7286,emergency,emergency,1,1,wow,,emergency_precedence,0,0
7287,unknown,unknown,1,0,,,no_rule_hit,0,0
7288,unknown,unknown,1,0,,,no_rule_hit,0,0
7289,unknown,unknown,1,0,,,no_rule_hit,0,0
7290,emergency,unknown,0,0,,,no_rule_hit,0,0
7291,movement,unknown,0,0,,,no_rule_hit,0,0
7292,unknown,unknown,1,0,,,no_rule_hit,0,0
7293,emergency,unknown,0,0,,,no_rule_hit,0,0
7294,movement,unknown,0,0,,,no_rule_hit,0,0
7295,emergency,unknown,0,0,,,no_rule_hit,0,0
7296,movement,unknown,0,0,,,no_rule_hit,0,0
7297,movement,unknown,0,0,,,no_rule_hit,0,0
7298,unknown,unknown,1,0,,,no_rule_hit,0,0
7299,movement,unknown,0,0,,,no_rule_hit,0,0
7300,emergency,unknown,0,0,,,no_rule_hit,0,0
7301,emergency,unknown,0,0,,,no_rule_hit,0,0
7302,movement,unknown,0,0,,,no_rule_hit,0,0
7303,emergency,unknown,0,0,,,no_rule_hit,0,0
7304,emergency,unknown,0,0,,,no_rule_hit,0,0
7305,emergency,movement,0,1,,go,movement_match,0,0
7306,unknown,unknown,1,0,,,no_rule_hit,0,0
7307,emergency,emergency,1,1,yes,,emergency_precedence,0,0
7308,unknown,unknown,1,0,,,no_rule_hit,0,0
7309,movement,unknown,0,0,,,no_rule_hit,0,0
7310,emergency,emergency,1,1,yes,,emergency_precedence,0,0
7311,emergency,emergency,1,1,no,,emergency_precedence,0,0
7312,emergency,unknown,0,0,,,no_rule_hit,0,0
7313,emergency,unknown,0,0,,,no_rule_hit,0,0
7314,movement,unknown,0,0,,,no_rule_hit,0,0
7315,emergency,unknown,0,0,,,no_rule_hit,0,0
7316,emergency,unknown,0,0,,,no_rule_hit,0,0
7317,emergency,unknown,0,0,,,no_rule_hit,0,0
7318,emergency,unknown,0,0,,,no_rule_hit,0,0
7319,movement,unknown,0,0,,,no_rule_hit,0,0
7320,unknown,unknown,1,0,,,no_rule_hit,0,0
7321,unknown,unknown,1,0,,,no_rule_hit,0,0
7322,emergency,emergency,1,1,wow,,emergency_precedence,0,0
7323,emergency,unknown,0,0,,,no_rule_hit,0,0
7324,unknown,unknown,1,0,,,no_rule_hit,0,0
7325,movement,unknown,0,0,,,no_rule_hit,0,0
7326,emergency,unknown,0,0,,,no_rule_hit,0,0
7327,unknown,unknown,1,0,,,no_rule_hit,0,0
7328,unknown,unknown,1,0,,,no_rule_hit,0,0
7329,emergency,unknown,0,0,,,no_rule_hit,0,0
7330,movement,unknown,0,0,,,no_rule_hit,0,0
7331,emergency,unknown,0,0,,,no_rule_hit,0,0
7332,movement,unknown,0,0,,,no_rule_hit,0,0
7333,emergency,unknown,0,0,,,no_rule_hit,0,0
7334,movement,unknown,0,0,,,no_rule_hit,0,0
7335,emergency,emergency,1,1,stop,,emergency_precedence,0,0
7336,unknown,unknown,1,0,,,no_rule_hit,0,0
7337,unknown,unknown,1,0,,,no_rule_hit,0,0
7338,unknown,unknown,1,0,,,no_rule_hit,0,0
7339,emergency,unknown,0,0,,,no_rule_hit,0,0
7340,movement,unknown,0,0,,,no_rule_hit,0,0
7341,movement,unknown,0,0,,,no_rule_hit,0,0
7342,emergency,emergency,1,1,no,,emergency_precedence,0,0
7343,unknown,unknown,1,0,,,no_rule_hit,0,0
7344,unknown,unknown,1,0,,,no_rule_hit,0,0
7345,emergency,emergency,1,1,wow,,emergency_precedence,0,0
7346,movement,unknown,0,0,,,no_rule_hit,0,0
7347,unknown,unknown,1,0,,,no_rule_hit,0,0
7348,unknown,unknown,1,0,,,no_rule_hit,0,0
7349,unknown,unknown,1,0,,,no_rule_hit,0,0
7350,unknown,unknown,1,0,,,no_rule_hit,0,0
7351,unknown,unknown,1,0,,,no_rule_hit,0,0
7352,unknown,unknown,1,0,,,no_rule_hit,0,0
7353,movement,unknown,0,0,,,no_rule_hit,0,0
7354,movement,unknown,0,0,,,no_rule_hit,0,0
7355,movement,unknown,0,0,,,no_rule_hit,0,0
7356,movement,unknown,0,0,,,no_rule_hit,0,0
7357,movement,unknown,0,0,,,no_rule_hit,0,0
7358,emergency,unknown,0,0,,,no_rule_hit,0,0
7359,emergency,unknown,0,0,,,no_rule_hit,0,0
7360,emergency,emergency,1,1,wow,,emergency_precedence,0,0
7361,emergency,unknown,0,0,,,no_rule_hit,0,0
7362,emergency,emergency,1,1,stop,,emergency_precedence,0,0
7363,movement,unknown,0,0,,,no_rule_hit,0,0
7364,emergency,unknown,0,0,,,no_rule_hit,0,0
7365,emergency,movement,0,1,,go,movement_match,0,0
7366,unknown,unknown,1,0,,,no_rule_hit,0,0
7367,emergency,emergency,1,1,yes,,emergency_precedence,0,0
7368,emergency,unknown,0,0,,,no_rule_hit,0,0
7369,movement,unknown,0,0,,,no_rule_hit,0,0
7370,emergency,emergency,1,1,stop,,emergency_precedence,0,0
7371,movement,unknown,0,0,,,no_rule_hit,0,0
7372,movement,movement,1,1,,back left,movement_match,0,0
7373,movement,unknown,0,0,,,no_rule_hit,0,0
7374,unknown,unknown,1,0,,,no_rule_hit,0,0
7375,unknown,unknown,1,0,,,no_rule_hit,0,0
7376,movement,unknown,0,0,,,no_rule_hit,0,0
7377,unknown,unknown,1,0,,,no_rule_hit,0,0
7378,unknown,unknown,1,0,,,no_rule_hit,0,0
7379,movement,unknown,0,0,,,no_rule_hit,0,0
7380,emergency,unknown,0,0,,,no_rule_hit,0,0
7381,movement,unknown,0,0,,,no_rule_hit,0,0
7382,emergency,emergency,1,1,no,,emergency_precedence,0,0
7383,emergency,unknown,0,0,,,no_rule_hit,0,0
7384,emergency,unknown,0,0,,,no_rule_hit,0,0
7385,movement,unknown,0,0,,,no_rule_hit,0,0
7386,unknown,unknown,1,0,,,no_rule_hit,0,0
7387,movement,unknown,0,0,,,no_rule_hit,0,0
7388,unknown,unknown,1,0,,,no_rule_hit,0,0
7389,movement,unknown,0,0,,,no_rule_hit,0,0
7390,movement,unknown,0,0,,,no_rule_hit,0,0
7391,movement,unknown,0,0,,,no_rule_hit,0,0
7392,emergency,unknown,0,0,,,no_rule_hit,0,0
7393,movement,movement,1,1,,go,movement_match,0,0
7394,movement,movement,1,1,,go,movement_match,0,0
7395,emergency,unknown,0,0,,,no_rule_hit,0,0
7396,emergency,emergency,1,1,yes,,emergency_precedence,0,0
7397,movement,unknown,0,0,,,no_rule_hit,0,0
7398,unknown,unknown,1,0,,,no_rule_hit,0,0
7399,unknown,unknown,1,0,,,no_rule_hit,0,0
7400,unknown,unknown,1,0,,,no_rule_hit,0,0
7401,emergency,emergency,1,1,yes,,emergency_precedence,0,0
7402,unknown,unknown,1,0,,,no_rule_hit,0,0
7403,emergency,unknown,0,0,,,no_rule_hit,0,0
7404,unknown,unknown,1,0,,,no_rule_hit,0,0
7405,unknown,unknown,1,0,,,no_rule_hit,0,0
7406,emergency,unknown,0,0,,,no_rule_hit,0,0
7407,emergency,unknown,0,0,,,no_rule_hit,0,0
7408,emergency,unknown,0,0,,,no_rule_hit,0,0
7409,unknown,unknown,1,0,,,no_rule_hit,0,0
7410,emergency,emergency,1,1,no,,emergency_precedence,0,0
7411,emergency,unknown,0,0,,,no_rule_hit,0,0
7412,unknown,unknown,1,0,,,no_rule_hit,0,0
7413,movement,unknown,0,0,,,no_rule_hit,0,0
7414,movement,unknown,0,0,,,no_rule_hit,0,0
7415,emergency,emergency,1,1,wow,,emergency_precedence,0,0
7416,movement,unknown,0,0,,,no_rule_hit,0,0
7417,movement,unknown,0,0,,,no_rule_hit,0,0
7418,movement,unknown,0,0,,,no_rule_hit,0,0
7419,emergency,unknown,0,0,,,no_rule_hit,0,0
7420,unknown,unknown,1,0,,,no_rule_hit,0,0
7421,movement,unknown,0,0,,,no_rule_hit,0,0
7422,emergency,emergency,1,1,stop,,emergency_precedence,0,0
7423,movement,unknown,0,0,,,no_rule_hit,0,0
7424,emergency,unknown,0,0,,,no_rule_hit,0,0
7425,movement,unknown,0,0,,,no_rule_hit,0,0
7426,emergency,unknown,0,0,,,no_rule_hit,0,0
7427,movement,unknown,0,0,,,no_rule_hit,0,0
7428,unknown,unknown,1,0,,,no_rule_hit,0,0
7429,unknown,unknown,1,0,,,no_rule_hit,0,0
7430,unknown,unknown,1,0,,,no_rule_hit,0,0
7431,movement,unknown,0,0,,,no_rule_hit,0,0
7432,movement,unknown,0,0,,,no_rule_hit,0,0
7433,emergency,unknown,0,0,,,no_rule_hit,0,0
7434,unknown,unknown,1,0,,,no_rule_hit,0,0
7435,movement,unknown,0,0,,,no_rule_hit,0,0
7436,emergency,emergency,1,1,no,,emergency_precedence,0,0
7437,movement,unknown,0,0,,,no_rule_hit,0,0
7438,emergency,unknown,0,0,,,no_rule_hit,0,0
7439,emergency,unknown,0,0,,,no_rule_hit,0,0
7440,movement,unknown,0,0,,,no_rule_hit,0,0
7441,unknown,unknown,1,0,,,no_rule_hit,0,0
7442,unknown,unknown,1,0,,,no_rule_hit,0,0
7443,emergency,unknown,0,0,,,no_rule_hit,0,0
7444,unknown,unknown,1,0,,,no_rule_hit,0,0
7445,emergency,movement,0,1,,go,movement_match,0,0
7446,unknown,unknown,1,0,,,no_rule_hit,0,0
7447,unknown,unknown,1,0,,,no_rule_hit,0,0
7448,movement,unknown,0,0,,,no_rule_hit,0,0
7449,emergency,unknown,0,0,,,no_rule_hit,0,0
7450,movement,unknown,0,0,,,no_rule_hit,0,0
7451,unknown,unknown,1,0,,,no_rule_hit,0,0
7452,emergency,unknown,0,0,,,no_rule_hit,0,0
7453,movement,unknown,0,0,,,no_rule_hit,0,0
7454,emergency,emergency,1,1,yes,,emergency_precedence,0,0
7455,unknown,unknown,1,0,,,no_rule_hit,0,0
7456,unknown,unknown,1,0,,,no_rule_hit,0,0
7457,unknown,unknown,1,0,,,no_rule_hit,0,0
7458,unknown,unknown,1,0,,,no_rule_hit,0,0
7459,emergency,unknown,0,0,,,no_rule_hit,0,0
7460,emergency,unknown,0,0,,,no_rule_hit,0,0
7461,emergency,emergency,1,1,yes,,emergency_precedence,0,0
7462,unknown,unknown,1,0,,,no_rule_hit,0,0
7463,unknown,unknown,1,0,,,no_rule_hit,0,0
7464,unknown,unknown,1,0,,,no_rule_hit,0,0
7465,movement,unknown,0,0,,,no_rule_hit,0,0
7466,emergency,unknown,0,0,,,no_rule_hit,0,0
7467,unknown,unknown,1,0,,,no_rule_hit,0,0
7468,unknown,unknown,1,0,,,no_rule_hit,0,0
7469,emergency,emergency,1,1,yes,,emergency_precedence,0,0
7470,movement,unknown,0,0,,,no_rule_hit,0,0
7471,unknown,unknown,1,0,,,no_rule_hit,0,0
7472,unknown,unknown,1,0,,,no_rule_hit,0,0
7473,movement,unknown,0,0,,,no_rule_hit,0,0
7474,unknown,unknown,1,0,,,no_rule_hit,0,0
7475,movement,unknown,0,0,,,no_rule_hit,0,0
7476,unknown,unknown,1,0,,,no_rule_hit,0,0
7477,unknown,unknown,1,0,,,no_rule_hit,0,0
7478,movement,unknown,0,0,,,no_rule_hit,0,0
7479,unknown,unknown,1,0,,,no_rule_hit,0,0
7480,movement,unknown,0,0,,,no_rule_hit,0,0
7481,unknown,unknown,1,0,,,no_rule_hit,0,0
7482,movement,unknown,0,0,,,no_rule_hit,0,0
7483,unknown,unknown,1,0,,,no_rule_hit,0,0
7484,emergency,unknown,0,0,,,no_rule_hit,0,0
7485,emergency,unknown,0,0,,,no_rule_hit,0,0
7486,emergency,emergency,1,1,stop,,emergency_precedence,0,0
7487,movement,unknown,0,0,,,no_rule_hit,0,0
7488,movement,movement,1,1,,go,movement_match,0,0
7489,unknown,unknown,1,0,,,no_rule_hit,0,0
7490,emergency,emergency,1,1,stop,,emergency_precedence,0,0
7491,movement,unknown,0,0,,,no_rule_hit,0,0
7492,movement,unknown,0,0,,,no_rule_hit,0,0
7493,movement,movement,1,1,,right,movement_match,0,0
7494,emergency,emergency,1,1,yes,,emergency_precedence,0,0
7495,unknown,unknown,1,0,,,no_rule_hit,0,0
7496,movement,unknown,0,0,,,no_rule_hit,0,0
7497,emergency,unknown,0,0,,,no_rule_hit,0,0
7498,unknown,unknown,1,0,,,no_rule_hit,0,0
7499,unknown,unknown,1,0,,,no_rule_hit,0,0
7500,emergency,unknown,0,0,,,no_rule_hit,0,0
7501,movement,unknown,0,0,,,no_rule_hit,0,0
7502,movement,unknown,0,0,,,no_rule_hit,0,0
7503,unknown,unknown,1,0,,,no_rule_hit,0,0
7504,unknown,unknown,1,0,,,no_rule_hit,0,0
7505,movement,unknown,0,0,,,no_rule_hit,0,0
7506,unknown,unknown,1,0,,,no_rule_hit,0,0
7507,movement,unknown,0,0,,,no_rule_hit,0,0
7508,unknown,unknown,1,0,,,no_rule_hit,0,0
7509,emergency,unknown,0,0,,,no_rule_hit,0,0
7510,movement,unknown,0,0,,,no_rule_hit,0,0
7511,movement,unknown,0,0,,,no_rule_hit,0,0
7512,emergency,emergency,1,1,wow,,emergency_precedence,0,0
7513,emergency,unknown,0,0,,,no_rule_hit,0,0
7514,unknown,unknown,1,0,,,no_rule_hit,0,0
7515,movement,unknown,0,0,,,no_rule_hit,0,0
7516,emergency,unknown,0,0,,,no_rule_hit,0,0
7517,unknown,unknown,1,0,,,no_rule_hit,0,0
7518,unknown,unknown,1,0,,,no_rule_hit,0,0
7519,unknown,unknown,1,0,,,no_rule_hit,0,0
7520,emergency,unknown,0,0,,,no_rule_hit,0,0
7521,movement,unknown,0,0,,,no_rule_hit,0,0
7522,unknown,unknown,1,0,,,no_rule_hit,0,0
7523,emergency,emergency,1,1,yes,,emergency_precedence,0,0
7524,movement,unknown,0,0,,,no_rule_hit,0,0
7525,emergency,unknown,0,0,,,no_rule_hit,0,0
7526,movement,unknown,0,0,,,no_rule_hit,0,0
7527,unknown,unknown,1,0,,,no_rule_hit,0,0
7528,emergency,unknown,0,0,,,no_rule_hit,0,0
7529,unknown,unknown,1,0,,,no_rule_hit,0,0
7530,movement,movement,1,1,,right,movement_match,0,0
7531,emergency,emergency,1,1,yes,,emergency_precedence,0,0
7532,unknown,unknown,1,0,,,no_rule_hit,0,0
7533,movement,unknown,0,0,,,no_rule_hit,0,0
7534,movement,unknown,0,0,,,no_rule_hit,0,0
7535,unknown,unknown,1,0,,,no_rule_hit,0,0
7536,movement,unknown,0,0,,,no_rule_hit,0,0
7537,movement,unknown,0,0,,,no_rule_hit,0,0
7538,movement,unknown,0,0,,,no_rule_hit,0,0
7539,unknown,unknown,1,0,,,no_rule_hit,0,0
7540,emergency,unknown,0,0,,,no_rule_hit,0,0
7541,unknown,unknown,1,0,,,no_rule_hit,0,0
7542,movement,unknown,0,0,,,no_rule_hit,0,0
7543,unknown,unknown,1,0,,,no_rule_hit,0,0
7544,emergency,emergency,1,1,no,,emergency_precedence,0,0
7545,emergency,unknown,0,0,,,no_rule_hit,0,0
7546,emergency,unknown,0,0,,,no_rule_hit,0,0
7547,movement,unknown,0,0,,,no_rule_hit,0,0
7548,unknown,unknown,1,0,,,no_rule_hit,0,0
7549,unknown,unknown,1,0,,,no_rule_hit,0,0
7550,emergency,unknown,0,0,,,no_rule_hit,0,0
7551,emergency,unknown,0,0,,,no_rule_hit,0,0
7552,movement,unknown,0,0,,,no_rule_hit,0,0
7553,unknown,unknown,1,0,,,no_rule_hit,0,0
7554,emergency,emergency,1,1,no,,emergency_precedence,0,0
7555,emergency,emergency,1,1,yes,,emergency_precedence,0,0
7556,movement,unknown,0,0,,,no_rule_hit,0,0
7557,unknown,unknown,1,0,,,no_rule_hit,0,0
7558,movement,unknown,0,0,,,no_rule_hit,0,0
7559,unknown,unknown,1,0,,,no_rule_hit,0,0
7560,movement,unknown,0,0,,,no_rule_hit,0,0
7561,emergency,unknown,0,0,,,no_rule_hit,0,0
7562,movement,unknown,0,0,,,no_rule_hit,0,0
7563,unknown,unknown,1,0,,,no_rule_hit,0,0
7564,unknown,unknown,1,0,,,no_rule_hit,0,0
7565,emergency,emergency,1,1,yes,,emergency_precedence,0,0
7566,movement,unknown,0,0,,,no_rule_hit,0,0
7567,movement,unknown,0,0,,,no_rule_hit,0,0
7568,movement,unknown,0,0,,,no_rule_hit,0,0
7569,emergency,emergency,1,1,yes,,emergency_precedence,0,0
7570,unknown,unknown,1,0,,,no_rule_hit,0,0
7571,emergency,unknown,0,0,,,no_rule_hit,0,0
7572,emergency,unknown,0,0,,,no_rule_hit,0,0
7573,movement,unknown,0,0,,,no_rule_hit,0,0
7574,unknown,unknown,1,0,,,no_rule_hit,0,0
7575,unknown,unknown,1,0,,,no_rule_hit,0,0
7576,movement,unknown,0,0,,,no_rule_hit,0,0
7577,emergency,unknown,0,0,,,no_rule_hit,0,0
7578,unknown,unknown,1,0,,,no_rule_hit,0,0
7579,emergency,unknown,0,0,,,no_rule_hit,0,0
7580,unknown,unknown,1,0,,,no_rule_hit,0,0
7581,unknown,unknown,1,0,,,no_rule_hit,0,0
7582,movement,unknown,0,0,,,no_rule_hit,0,0
7583,movement,unknown,0,0,,,no_rule_hit,0,0
7584,emergency,unknown,0,0,,,no_rule_hit,0,0
7585,movement,unknown,0,0,,,no_rule_hit,0,0
7586,emergency,unknown,0,0,,,no_rule_hit,0,0
7587,emergency,unknown,0,0,,,no_rule_hit,0,0
7588,movement,unknown,0,0,,,no_rule_hit,0,0
7589,emergency,unknown,0,0,,,no_rule_hit,0,0
7590,movement,unknown,0,0,,,no_rule_hit,0,0
7591,emergency,unknown,0,0,,,no_rule_hit,0,0
7592,movement,unknown,0,0,,,no_rule_hit,0,0
7593,movement,unknown,0,0,,,no_rule_hit,0,0
7594,movement,unknown,0,0,,,no_rule_hit,0,0
7595,emergency,unknown,0,0,,,no_rule_hit,0,0
7596,movement,unknown,0,0,,,no_rule_hit,0,0
7597,emergency,unknown,0,0,,,no_rule_hit,0,0
7598,unknown,unknown,1,0,,,no_rule_hit,0,0
7599,unknown,unknown,1,0,,,no_rule_hit,0,0
7600,emergency,unknown,0,0,,,no_rule_hit,0,0
7601,movement,movement,1,1,,go,movement_match,0,0
7602,unknown,unknown,1,0,,,no_rule_hit,0,0
7603,movement,unknown,0,0,,,no_rule_hit,0,0
7604,emergency,unknown,0,0,,,no_rule_hit,0,0
7605,emergency,emergency,1,1,yes,,emergency_precedence,0,0
7606,unknown,unknown,1,0,,,no_rule_hit,0,0
7607,unknown,unknown,1,0,,,no_rule_hit,0,0
7608,movement,unknown,0,0,,,no_rule_hit,0,0
7609,unknown,unknown,1,0,,,no_rule_hit,0,0
7610,emergency,unknown,0,0,,,no_rule_hit,0,0
7611,emergency,unknown,0,0,,,no_rule_hit,0,0
7612,unknown,unknown,1,0,,,no_rule_hit,0,0
7613,unknown,unknown,1,0,,,no_rule_hit,0,0
7614,unknown,unknown,1,0,,,no_rule_hit,0,0
7615,movement,movement,1,1,,right,movement_match,0,0
7616,movement,unknown,0,0,,,no_rule_hit,0,0
7617,movement,unknown,0,0,,,no_rule_hit,0,0
7618,movement,movement,1,1,,down,movement_match,0,0
7619,emergency,unknown,0,0,,,no_rule_hit,0,0
7620,movement,unknown,0,0,,,no_rule_hit,0,0
7621,movement,movement,1,1,,right,movement_match,0,0
7622,movement,movement,1,1,,right,movement_match,0,0
7623,emergency,unknown,0,0,,,no_rule_hit,0,0
7624,emergency,unknown,0,0,,,no_rule_hit,0,0
7625,emergency,unknown,0,0,,,no_rule_hit,0,0
7626,emergency,unknown,0,0,,,no_rule_hit,0,0
7627,movement,unknown,0,0,,,no_rule_hit,0,0
7628,emergency,unknown,0,0,,,no_rule_hit,0,0
7629,movement,unknown,0,0,,,no_rule_hit,0,0
7630,unknown,unknown,1,0,,,no_rule_hit,0,0
7631,emergency,emergency,1,1,yes,,emergency_precedence,0,0
7632,emergency,emergency,1,1,stop,,emergency_precedence,0,0
7633,unknown,unknown,1,0,,,no_rule_hit,0,0
7634,emergency,unknown,0,0,,,no_rule_hit,0,0
7635,movement,unknown,0,0,,,no_rule_hit,0,0
7636,unknown,unknown,1,0,,,no_rule_hit,0,0
7637,emergency,unknown,0,0,,,no_rule_hit,0,0
7638,unknown,unknown,1,0,,,no_rule_hit,0,0
7639,emergency,unknown,0,0,,,no_rule_hit,0,0
7640,movement,movement,1,1,,go,movement_match,0,0
7641,movement,unknown,0,0,,,no_rule_hit,0,0
7642,movement,unknown,0,0,,,no_rule_hit,0,0
7643,emergency,unknown,0,0,,,no_rule_hit,0,0
7644,emergency,unknown,0,0,,,no_rule_hit,0,0
7645,movement,unknown,0,0,,,no_rule_hit,0,0
7646,emergency,unknown,0,0,,,no_rule_hit,0,0
7647,unknown,unknown,1,0,,,no_rule_hit,0,0
7648,unknown,unknown,1,0,,,no_rule_hit,0,0
7649,movement,unknown,0,0,,,no_rule_hit,0,0
7650,unknown,unknown,1,0,,,no_rule_hit,0,0
7651,movement,unknown,0,0,,,no_rule_hit,0,0
7652,emergency,unknown,0,0,,,no_rule_hit,0,0
7653,emergency,unknown,0,0,,,no_rule_hit,0,0
7654,movement,unknown,0,0,,,no_rule_hit,0,0
7655,emergency,emergency,1,1,yes,,emergency_precedence,0,0
7656,emergency,emergency,1,1,no,,emergency_precedence,0,0
7657,emergency,emergency,1,1,wow,,emergency_precedence,0,0
7658,emergency,emergency,1,1,wow,,emergency_precedence,0,0
7659,movement,unknown,0,0,,,no_rule_hit,0,0
7660,movement,unknown,0,0,,,no_rule_hit,0,0
7661,unknown,unknown,1,0,,,no_rule_hit,0,0
7662,emergency,unknown,0,0,,,no_rule_hit,0,0
7663,movement,unknown,0,0,,,no_rule_hit,0,0
7664,emergency,emergency,1,1,no,,emergency_precedence,0,0
7665,emergency,unknown,0,0,,,no_rule_hit,0,0
7666,unknown,movement,0,1,,go on,movement_match,1,0
7667,movement,unknown,0,0,,,no_rule_hit,0,0
7668,emergency,unknown,0,0,,,no_rule_hit,0,0
7669,unknown,unknown,1,0,,,no_rule_hit,0,0
7670,movement,unknown,0,0,,,no_rule_hit,0,0
7671,emergency,unknown,0,0,,,no_rule_hit,0,0
7672,unknown,unknown,1,0,,,no_rule_hit,0,0
7673,emergency,unknown,0,0,,,no_rule_hit,0,0
7674,emergency,unknown,0,0,,,no_rule_hit,0,0
7675,movement,unknown,0,0,,,no_rule_hit,0,0
7676,unknown,unknown,1,0,,,no_rule_hit,0,0
7677,unknown,unknown,1,0,,,no_rule_hit,0,0
7678,unknown,unknown,1,0,,,no_rule_hit,0,0
7679,unknown,unknown,1,0,,,no_rule_hit,0,0
7680,movement,unknown,0,0,,,no_rule_hit,0,0
7681,movement,unknown,0,0,,,no_rule_hit,0,0
7682,movement,unknown,0,0,,,no_rule_hit,0,0
7683,emergency,unknown,0,0,,,no_rule_hit,0,0
7684,movement,unknown,0,0,,,no_rule_hit,0,0
7685,emergency,unknown,0,0,,,no_rule_hit,0,0
7686,movement,unknown,0,0,,,no_rule_hit,0,0
7687,unknown,unknown,1,0,,,no_rule_hit,0,0
7688,emergency,unknown,0,0,,,no_rule_hit,0,0
7689,emergency,unknown,0,0,,,no_rule_hit,0,0
7690,emergency,unknown,0,0,,,no_rule_hit,0,0
7691,movement,unknown,0,0,,,no_rule_hit,0,0
7692,emergency,unknown,0,0,,,no_rule_hit,0,0
7693,movement,unknown,0,0,,,no_rule_hit,0,0
7694,movement,unknown,0,0,,,no_rule_hit,0,0
7695,movement,unknown,0,0,,,no_rule_hit,0,0
7696,movement,unknown,0,0,,,no_rule_hit,0,0
7697,emergency,unknown,0,0,,,no_rule_hit,0,0
7698,emergency,unknown,0,0,,,no_rule_hit,0,0
7699,emergency,unknown,0,0,,,no_rule_hit,0,0
7700,unknown,unknown,1,0,,,no_rule_hit,0,0
7701,unknown,unknown,1,0,,,no_rule_hit,0,0
7702,emergency,unknown,0,0,,,no_rule_hit,0,0
7703,unknown,unknown,1,0,,,no_rule_hit,0,0
7704,unknown,unknown,1,0,,,no_rule_hit,0,0
7705,movement,unknown,0,0,,,no_rule_hit,0,0
7706,unknown,unknown,1,0,,,no_rule_hit,0,0
7707,movement,movement,1,1,,go,movement_match,0,0
7708,unknown,unknown,1,0,,,no_rule_hit,0,0
7709,movement,unknown,0,0,,,no_rule_hit,0,0
7710,emergency,unknown,0,0,,,no_rule_hit,0,0
7711,movement,unknown,0,0,,,no_rule_hit,0,0
7712,unknown,unknown,1,0,,,no_rule_hit,0,0
7713,unknown,unknown,1,0,,,no_rule_hit,0,0
7714,emergency,unknown,0,0,,,no_rule_hit,0,0
7715,unknown,unknown,1,0,,,no_rule_hit,0,0
7716,emergency,unknown,0,0,,,no_rule_hit,0,0
7717,movement,unknown,0,0,,,no_rule_hit,0,0
7718,emergency,unknown,0,0,,,no_rule_hit,0,0
7719,unknown,unknown,1,0,,,no_rule_hit,0,0
7720,unknown,unknown,1,0,,,no_rule_hit,0,0
7721,emergency,emergency,1,1,yes,,emergency_precedence,0,0
7722,movement,unknown,0,0,,,no_rule_hit,0,0
7723,unknown,unknown,1,0,,,no_rule_hit,0,0
7724,emergency,unknown,0,0,,,no_rule_hit,0,0
7725,unknown,unknown,1,0,,,no_rule_hit,0,0
7726,emergency,emergency,1,1,stop,,emergency_precedence,0,0
7727,movement,emergency,0,1,no,,emergency_precedence,0,0
7728,movement,unknown,0,0,,,no_rule_hit,0,0
7729,unknown,unknown,1,0,,,no_rule_hit,0,0
7730,movement,unknown,0,0,,,no_rule_hit,0,0
7731,unknown,unknown,1,0,,,no_rule_hit,0,0
7732,emergency,unknown,0,0,,,no_rule_hit,0,0
7733,movement,unknown,0,0,,,no_rule_hit,0,0
7734,unknown,unknown,1,0,,,no_rule_hit,0,0
7735,unknown,unknown,1,0,,,no_rule_hit,0,0
7736,emergency,unknown,0,0,,,no_rule_hit,0,0
7737,movement,unknown,0,0,,,no_rule_hit,0,0
7738,movement,unknown,0,0,,,no_rule_hit,0,0
7739,unknown,unknown,1,0,,,no_rule_hit,0,0
7740,movement,unknown,0,0,,,no_rule_hit,0,0
7741,unknown,unknown,1,0,,,no_rule_hit,0,0
7742,emergency,unknown,0,0,,,no_rule_hit,0,0
7743,emergency,emergency,1,1,no,,emergency_precedence,0,0
7744,unknown,unknown,1,0,,,no_rule_hit,0,0
7745,emergency,emergency,1,1,no,,emergency_precedence,0,0
7746,unknown,unknown,1,0,,,no_rule_hit,0,0
7747,movement,unknown,0,0,,,no_rule_hit,0,0
7748,emergency,emergency,1,1,stop,,emergency_precedence,0,0
7749,emergency,emergency,1,1,no,,emergency_precedence,0,0
7750,emergency,movement,0,1,,go on,movement_match,0,0
7751,unknown,unknown,1,0,,,no_rule_hit,0,0
7752,movement,unknown,0,0,,,no_rule_hit,0,0
7753,unknown,unknown,1,0,,,no_rule_hit,0,0
7754,emergency,unknown,0,0,,,no_rule_hit,0,0
7755,unknown,emergency,0,1,wow,,emergency_precedence,1,0
7756,unknown,unknown,1,0,,,no_rule_hit,0,0
7757,unknown,unknown,1,0,,,no_rule_hit,0,0
7758,unknown,unknown,1,0,,,no_rule_hit,0,0
7759,emergency,unknown,0,0,,,no_rule_hit,0,0
7760,movement,unknown,0,0,,,no_rule_hit,0,0
7761,emergency,unknown,0,0,,,no_rule_hit,0,0
7762,emergency,unknown,0,0,,,no_rule_hit,0,0
7763,unknown,unknown,1,0,,,no_rule_hit,0,0
7764,movement,unknown,0,0,,,no_rule_hit,0,0
7765,emergency,unknown,0,0,,,no_rule_hit,0,0
7766,unknown,unknown,1,0,,,no_rule_hit,0,0
7767,movement,unknown,0,0,,,no_rule_hit,0,0
7768,unknown,unknown,1,0,,,no_rule_hit,0,0
7769,movement,unknown,0,0,,,no_rule_hit,0,0
7770,unknown,unknown,1,0,,,no_rule_hit,0,0
7771,emergency,emergency,1,1,yes,,emergency_precedence,0,0
7772,unknown,unknown,1,0,,,no_rule_hit,0,0
7773,unknown,unknown,1,0,,,no_rule_hit,0,0
7774,emergency,unknown,0,0,,,no_rule_hit,0,0
7775,unknown,unknown,1,0,,,no_rule_hit,0,0
7776,emergency,unknown,0,0,,,no_rule_hit,0,0
7777,movement,unknown,0,0,,,no_rule_hit,0,0
7778,unknown,unknown,1,0,,,no_rule_hit,0,0
7779,emergency,unknown,0,0,,,no_rule_hit,0,0
7780,emergency,unknown,0,0,,,no_rule_hit,0,0
7781,movement,unknown,0,0,,,no_rule_hit,0,0
7782,emergency,unknown,0,0,,,no_rule_hit,0,0
7783,emergency,unknown,0,0,,,no_rule_hit,0,0
7784,movement,unknown,0,0,,,no_rule_hit,0,0
7785,emergency,emergency,1,1,wow,,emergency_precedence,0,0
7786,unknown,unknown,1,0,,,no_rule_hit,0,0
7787,emergency,emergency,1,1,yes,,emergency_precedence,0,0
7788,emergency,unknown,0,0,,,no_rule_hit,0,0
7789,movement,movement,1,1,,left,movement_match,0,0
7790,movement,unknown,0,0,,,no_rule_hit,0,0
7791,emergency,emergency,1,1,yes,,emergency_precedence,0,0
7792,emergency,emergency,1,1,stop,,emergency_precedence,0,0
7793,unknown,unknown,1,0,,,no_rule_hit,0,0
7794,emergency,emergency,1,1,yes,,emergency_precedence,0,0
7795,unknown,unknown,1,0,,,no_rule_hit,0,0
7796,unknown,unknown,1,0,,,no_rule_hit,0,0
7797,unknown,unknown,1,0,,,no_rule_hit,0,0
7798,emergency,unknown,0,0,,,no_rule_hit,0,0
7799,unknown,unknown,1,0,,,no_rule_hit,0,0
7800,movement,unknown,0,0,,,no_rule_hit,0,0
7801,movement,unknown,0,0,,,no_rule_hit,0,0
7802,unknown,unknown,1,0,,,no_rule_hit,0,0
7803,movement,unknown,0,0,,,no_rule_hit,0,0
7804,unknown,unknown,1,0,,,no_rule_hit,0,0
7805,emergency,unknown,0,0,,,no_rule_hit,0,0
7806,unknown,unknown,1,0,,,no_rule_hit,0,0
7807,movement,unknown,0,0,,,no_rule_hit,0,0
7808,emergency,unknown,0,0,,,no_rule_hit,0,0
7809,movement,unknown,0,0,,,no_rule_hit,0,0
7810,movement,unknown,0,0,,,no_rule_hit,0,0
7811,emergency,unknown,0,0,,,no_rule_hit,0,0
7812,unknown,unknown,1,0,,,no_rule_hit,0,0
7813,unknown,unknown,1,0,,,no_rule_hit,0,0
7814,unknown,unknown,1,0,,,no_rule_hit,0,0
7815,emergency,unknown,0,0,,,no_rule_hit,0,0
7816,movement,unknown,0,0,,,no_rule_hit,0,0
7817,emergency,unknown,0,0,,,no_rule_hit,0,0
7818,unknown,unknown,1,0,,,no_rule_hit,0,0
7819,unknown,unknown,1,0,,,no_rule_hit,0,0
7820,unknown,unknown,1,0,,,no_rule_hit,0,0
7821,unknown,unknown,1,0,,,no_rule_hit,0,0
7822,unknown,unknown,1,0,,,no_rule_hit,0,0
7823,emergency,unknown,0,0,,,no_rule_hit,0,0
7824,movement,unknown,0,0,,,no_rule_hit,0,0
7825,movement,unknown,0,0,,,no_rule_hit,0,0
7826,unknown,unknown,1,0,,,no_rule_hit,0,0
7827,movement,unknown,0,0,,,no_rule_hit,0,0
7828,emergency,unknown,0,0,,,no_rule_hit,0,0
7829,movement,unknown,0,0,,,no_rule_hit,0,0
7830,unknown,unknown,1,0,,,no_rule_hit,0,0
7831,emergency,unknown,0,0,,,no_rule_hit,0,0
7832,unknown,unknown,1,0,,,no_rule_hit,0,0
7833,emergency,unknown,0,0,,,no_rule_hit,0,0
7834,unknown,unknown,1,0,,,no_rule_hit,0,0
7835,movement,unknown,0,0,,,no_rule_hit,0,0
7836,unknown,unknown,1,0,,,no_rule_hit,0,0
7837,emergency,unknown,0,0,,,no_rule_hit,0,0
7838,movement,unknown,0,0,,,no_rule_hit,0,0
7839,movement,unknown,0,0,,,no_rule_hit,0,0
7840,emergency,unknown,0,0,,,no_rule_hit,0,0
7841,unknown,unknown,1,0,,,no_rule_hit,0,0
7842,movement,unknown,0,0,,,no_rule_hit,0,0
7843,unknown,unknown,1,0,,,no_rule_hit,0,0
7844,movement,unknown,0,0,,,no_rule_hit,0,0
7845,emergency,unknown,0,0,,,no_rule_hit,0,0
7846,emergency,unknown,0,0,,,no_rule_hit,0,0
7847,movement,movement,1,1,,right,movement_match,0,0
7848,movement,unknown,0,0,,,no_rule_hit,0,0
7849,unknown,unknown,1,0,,,no_rule_hit,0,0
7850,unknown,unknown,1,0,,,no_rule_hit,0,0
7851,unknown,unknown,1,0,,,no_rule_hit,0,0
7852,emergency,unknown,0,0,,,no_rule_hit,0,0
7853,movement,unknown,0,0,,,no_rule_hit,0,0
7854,unknown,unknown,1,0,,,no_rule_hit,0,0
7855,movement,unknown,0,0,,,no_rule_hit,0,0
7856,emergency,unknown,0,0,,,no_rule_hit,0,0
7857,unknown,unknown,1,0,,,no_rule_hit,0,0
7858,movement,unknown,0,0,,,no_rule_hit,0,0
7859,movement,unknown,0,0,,,no_rule_hit,0,0
7860,emergency,unknown,0,0,,,no_rule_hit,0,0
7861,movement,unknown,0,0,,,no_rule_hit,0,0
7862,movement,unknown,0,0,,,no_rule_hit,0,0
7863,unknown,unknown,1,0,,,no_rule_hit,0,0
7864,movement,unknown,0,0,,,no_rule_hit,0,0
7865,emergency,emergency,1,1,yes,,emergency_precedence,0,0
7866,movement,unknown,0,0,,,no_rule_hit,0,0
7867,emergency,unknown,0,0,,,no_rule_hit,0,0
7868,unknown,unknown,1,0,,,no_rule_hit,0,0
7869,movement,unknown,0,0,,,no_rule_hit,0,0
7870,emergency,unknown,0,0,,,no_rule_hit,0,0
7871,movement,unknown,0,0,,,no_rule_hit,0,0
7872,unknown,unknown,1,0,,,no_rule_hit,0,0
7873,unknown,unknown,1,0,,,no_rule_hit,0,0
7874,movement,unknown,0,0,,,no_rule_hit,0,0
7875,emergency,unknown,0,0,,,no_rule_hit,0,0
7876,unknown,unknown,1,0,,,no_rule_hit,0,0
7877,emergency,unknown,0,0,,,no_rule_hit,0,0
7878,movement,unknown,0,0,,,no_rule_hit,0,0
7879,unknown,unknown,1,0,,,no_rule_hit,0,0
7880,movement,unknown,0,0,,,no_rule_hit,0,0
7881,unknown,unknown,1,0,,,no_rule_hit,0,0
7882,emergency,unknown,0,0,,,no_rule_hit,0,0
7883,movement,unknown,0,0,,,no_rule_hit,0,0
7884,movement,unknown,0,0,,,no_rule_hit,0,0
7885,emergency,unknown,0,0,,,no_rule_hit,0,0
7886,emergency,unknown,0,0,,,no_rule_hit,0,0
7887,emergency,unknown,0,0,,,no_rule_hit,0,0
7888,movement,unknown,0,0,,,no_rule_hit,0,0
7889,emergency,unknown,0,0,,,no_rule_hit,0,0
7890,unknown,unknown,1,0,,,no_rule_hit,0,0
7891,unknown,unknown,1,0,,,no_rule_hit,0,0
7892,unknown,unknown,1,0,,,no_rule_hit,0,0
7893,movement,unknown,0,0,,,no_rule_hit,0,0
7894,unknown,unknown,1,0,,,no_rule_hit,0,0
7895,unknown,unknown,1,0,,,no_rule_hit,0,0
7896,unknown,unknown,1,0,,,no_rule_hit,0,0
7897,unknown,unknown,1,0,,,no_rule_hit,0,0
7898,unknown,unknown,1,0,,,no_rule_hit,0,0
7899,unknown,unknown,1,0,,,no_rule_hit,0,0
7900,emergency,unknown,0,0,,,no_rule_hit,0,0
7901,unknown,unknown,1,0,,,no_rule_hit,0,0
7902,unknown,unknown,1,0,,,no_rule_hit,0,0
7903,movement,unknown,0,0,,,no_rule_hit,0,0
7904,movement,unknown,0,0,,,no_rule_hit,0,0
7905,unknown,unknown,1,0,,,no_rule_hit,0,0
7906,unknown,unknown,1,0,,,no_rule_hit,0,0
7907,movement,unknown,0,0,,,no_rule_hit,0,0
7908,emergency,unknown,0,0,,,no_rule_hit,0,0
7909,movement,unknown,0,0,,,no_rule_hit,0,0
7910,emergency,unknown,0,0,,,no_rule_hit,0,0
7911,movement,unknown,0,0,,,no_rule_hit,0,0
7912,emergency,movement,0,1,,back,movement_match,0,0
7913,emergency,unknown,0,0,,,no_rule_hit,0,0
7914,unknown,unknown,1,0,,,no_rule_hit,0,0
7915,unknown,unknown,1,0,,,no_rule_hit,0,0
7916,movement,unknown,0,0,,,no_rule_hit,0,0
7917,emergency,unknown,0,0,,,no_rule_hit,0,0
7918,emergency,unknown,0,0,,,no_rule_hit,0,0
7919,movement,unknown,0,0,,,no_rule_hit,0,0
7920,movement,unknown,0,0,,,no_rule_hit,0,0
7921,unknown,unknown,1,0,,,no_rule_hit,0,0
7922,emergency,unknown,0,0,,,no_rule_hit,0,0
7923,emergency,unknown,0,0,,,no_rule_hit,0,0
7924,emergency,unknown,0,0,,,no_rule_hit,0,0
7925,emergency,emergency,1,1,stop,,emergency_precedence,0,0
7926,emergency,unknown,0,0,,,no_rule_hit,0,0
7927,emergency,unknown,0,0,,,no_rule_hit,0,0
7928,movement,unknown,0,0,,,no_rule_hit,0,0
7929,emergency,unknown,0,0,,,no_rule_hit,0,0
7930,unknown,unknown,1,0,,,no_rule_hit,0,0
7931,emergency,unknown,0,0,,,no_rule_hit,0,0
7932,movement,unknown,0,0,,,no_rule_hit,0,0
7933,emergency,unknown,0,0,,,no_rule_hit,0,0
7934,movement,movement,1,1,,right,movement_match,0,0
7935,movement,unknown,0,0,,,no_rule_hit,0,0
7936,movement,unknown,0,0,,,no_rule_hit,0,0
7937,unknown,unknown,1,0,,,no_rule_hit,0,0
7938,emergency,movement,0,1,,go,movement_match,0,0
7939,movement,unknown,0,0,,,no_rule_hit,0,0
7940,emergency,unknown,0,0,,,no_rule_hit,0,0
7941,unknown,unknown,1,0,,,no_rule_hit,0,0
7942,movement,unknown,0,0,,,no_rule_hit,0,0
7943,unknown,emergency,0,1,yes,,emergency_precedence,1,0
7944,movement,unknown,0,0,,,no_rule_hit,0,0
7945,unknown,unknown,1,0,,,no_rule_hit,0,0
7946,movement,unknown,0,0,,,no_rule_hit,0,0
7947,emergency,emergency,1,1,yes,,emergency_precedence,0,0
7948,unknown,unknown,1,0,,,no_rule_hit,0,0
7949,unknown,unknown,1,0,,,no_rule_hit,0,0
7950,unknown,unknown,1,0,,,no_rule_hit,0,0
7951,emergency,unknown,0,0,,,no_rule_hit,0,0
7952,movement,unknown,0,0,,,no_rule_hit,0,0
7953,unknown,unknown,1,0,,,no_rule_hit,0,0
7954,unknown,unknown,1,0,,,no_rule_hit,0,0
7955,movement,unknown,0,0,,,no_rule_hit,0,0
7956,emergency,emergency,1,1,yes,,emergency_precedence,0,0
7957,movement,unknown,0,0,,,no_rule_hit,0,0
7958,unknown,unknown,1,0,,,no_rule_hit,0,0
7959,emergency,emergency,1,1,no,,emergency_precedence,0,0
7960,unknown,unknown,1,0,,,no_rule_hit,0,0
7961,unknown,unknown,1,0,,,no_rule_hit,0,0
7962,movement,unknown,0,0,,,no_rule_hit,0,0
7963,movement,unknown,0,0,,,no_rule_hit,0,0
7964,movement,unknown,0,0,,,no_rule_hit,0,0
7965,unknown,unknown,1,0,,,no_rule_hit,0,0
7966,movement,unknown,0,0,,,no_rule_hit,0,0
7967,unknown,unknown,1,0,,,no_rule_hit,0,0
7968,movement,unknown,0,0,,,no_rule_hit,0,0
7969,emergency,unknown,0,0,,,no_rule_hit,0,0
7970,movement,unknown,0,0,,,no_rule_hit,0,0
7971,emergency,unknown,0,0,,,no_rule_hit,0,0
7972,emergency,unknown,0,0,,,no_rule_hit,0,0
7973,unknown,unknown,1,0,,,no_rule_hit,0,0
7974,movement,unknown,0,0,,,no_rule_hit,0,0
7975,unknown,unknown,1,0,,,no_rule_hit,0,0
7976,movement,unknown,0,0,,,no_rule_hit,0,0
7977,unknown,unknown,1,0,,,no_rule_hit,0,0
7978,movement,unknown,0,0,,,no_rule_hit,0,0
7979,emergency,emergency,1,1,yes,,emergency_precedence,0,0
7980,emergency,unknown,0,0,,,no_rule_hit,0,0
7981,unknown,unknown,1,0,,,no_rule_hit,0,0
7982,movement,unknown,0,0,,,no_rule_hit,0,0
7983,movement,unknown,0,0,,,no_rule_hit,0,0
7984,unknown,unknown,1,0,,,no_rule_hit,0,0
7985,movement,unknown,0,0,,,no_rule_hit,0,0
7986,unknown,unknown,1,0,,,no_rule_hit,0,0
7987,unknown,unknown,1,0,,,no_rule_hit,0,0
7988,movement,unknown,0,0,,,no_rule_hit,0,0
7989,movement,unknown,0,0,,,no_rule_hit,0,0
7990,emergency,emergency,1,1,no,,emergency_precedence,0,0
7991,movement,unknown,0,0,,,no_rule_hit,0,0
7992,movement,movement,1,1,,go,movement_match,0,0
7993,unknown,unknown,1,0,,,no_rule_hit,0,0
7994,movement,unknown,0,0,,,no_rule_hit,0,0
7995,emergency,unknown,0,0,,,no_rule_hit,0,0
7996,movement,emergency,0,1,no,,emergency_precedence,0,0
7997,movement,unknown,0,0,,,no_rule_hit,0,0
7998,emergency,unknown,0,0,,,no_rule_hit,0,0
7999,emergency,unknown,0,0,,,no_rule_hit,0,0
8000,movement,movement,1,1,,go,movement_match,0,0
8001,emergency,unknown,0,0,,,no_rule_hit,0,0
8002,movement,unknown,0,0,,,no_rule_hit,0,0
8003,emergency,unknown,0,0,,,no_rule_hit,0,0
8004,movement,unknown,0,0,,,no_rule_hit,0,0
8005,emergency,emergency,1,1,stop,,emergency_precedence,0,0
8006,emergency,unknown,0,0,,,no_rule_hit,0,0
8007,unknown,unknown,1,0,,,no_rule_hit,0,0
8008,emergency,unknown,0,0,,,no_rule_hit,0,0
8009,unknown,unknown,1,0,,,no_rule_hit,0,0
8010,unknown,unknown,1,0,,,no_rule_hit,0,0
8011,movement,unknown,0,0,,,no_rule_hit,0,0
8012,unknown,unknown,1,0,,,no_rule_hit,0,0
8013,movement,unknown,0,0,,,no_rule_hit,0,0
8014,emergency,emergency,1,1,stop,,emergency_precedence,0,0
8015,movement,unknown,0,0,,,no_rule_hit,0,0
8016,movement,unknown,0,0,,,no_rule_hit,0,0
8017,unknown,unknown,1,0,,,no_rule_hit,0,0
8018,emergency,unknown,0,0,,,no_rule_hit,0,0
8019,unknown,unknown,1,0,,,no_rule_hit,0,0
8020,movement,unknown,0,0,,,no_rule_hit,0,0
8021,unknown,unknown,1,0,,,no_rule_hit,0,0
8022,unknown,unknown,1,0,,,no_rule_hit,0,0
8023,emergency,emergency,1,1,no,,emergency_precedence,0,0
8024,movement,movement,1,1,,right,movement_match,0,0
8025,emergency,movement,0,1,,go,movement_match,0,0
8026,emergency,unknown,0,0,,,no_rule_hit,0,0
8027,unknown,unknown,1,0,,,no_rule_hit,0,0
8028,emergency,emergency,1,1,no,,emergency_precedence,0,0
8029,movement,unknown,0,0,,,no_rule_hit,0,0
8030,unknown,unknown,1,0,,,no_rule_hit,0,0
8031,unknown,unknown,1,0,,,no_rule_hit,0,0
8032,emergency,unknown,0,0,,,no_rule_hit,0,0
8033,movement,unknown,0,0,,,no_rule_hit,0,0
8034,unknown,unknown,1,0,,,no_rule_hit,0,0
8035,emergency,unknown,0,0,,,no_rule_hit,0,0
8036,movement,unknown,0,0,,,no_rule_hit,0,0
8037,movement,unknown,0,0,,,no_rule_hit,0,0
8038,unknown,unknown,1,0,,,no_rule_hit,0,0
8039,emergency,unknown,0,0,,,no_rule_hit,0,0
8040,unknown,unknown,1,0,,,no_rule_hit,0,0
8041,emergency,emergency,1,1,wow,,emergency_precedence,0,0
8042,movement,unknown,0,0,,,no_rule_hit,0,0
8043,movement,unknown,0,0,,,no_rule_hit,0,0
8044,emergency,unknown,0,0,,,no_rule_hit,0,0
8045,movement,unknown,0,0,,,no_rule_hit,0,0
8046,emergency,unknown,0,0,,,no_rule_hit,0,0
8047,unknown,unknown,1,0,,,no_rule_hit,0,0
8048,movement,unknown,0,0,,,no_rule_hit,0,0
8049,movement,unknown,0,0,,,no_rule_hit,0,0
8050,unknown,unknown,1,0,,,no_rule_hit,0,0
8051,emergency,unknown,0,0,,,no_rule_hit,0,0
8052,emergency,unknown,0,0,,,no_rule_hit,0,0
8053,movement,unknown,0,0,,,no_rule_hit,0,0
8054,emergency,movement,0,1,,go,movement_match,0,0
8055,emergency,unknown,0,0,,,no_rule_hit,0,0
8056,movement,unknown,0,0,,,no_rule_hit,0,0
8057,movement,unknown,0,0,,,no_rule_hit,0,0
8058,unknown,unknown,1,0,,,no_rule_hit,0,0
8059,unknown,unknown,1,0,,,no_rule_hit,0,0
8060,emergency,unknown,0,0,,,no_rule_hit,0,0
8061,movement,unknown,0,0,,,no_rule_hit,0,0
8062,movement,unknown,0,0,,,no_rule_hit,0,0
8063,unknown,unknown,1,0,,,no_rule_hit,0,0
8064,unknown,unknown,1,0,,,no_rule_hit,0,0
8065,unknown,unknown,1,0,,,no_rule_hit,0,0
8066,movement,unknown,0,0,,,no_rule_hit,0,0
8067,movement,unknown,0,0,,,no_rule_hit,0,0
8068,movement,unknown,0,0,,,no_rule_hit,0,0
8069,unknown,unknown,1,0,,,no_rule_hit,0,0
8070,emergency,emergency,1,1,yes,,emergency_precedence,0,0
8071,emergency,emergency,1,1,yes,,emergency_precedence,0,0
8072,emergency,unknown,0,0,,,no_rule_hit,0,0
8073,movement,unknown,0,0,,,no_rule_hit,0,0
8074,unknown,unknown,1,0,,,no_rule_hit,0,0
8075,emergency,emergency,1,1,yes,,emergency_precedence,0,0
8076,unknown,unknown,1,0,,,no_rule_hit,0,0
8077,unknown,unknown,1,0,,,no_rule_hit,0,0
8078,movement,unknown,0,0,,,no_rule_hit,0,0
8079,unknown,unknown,1,0,,,no_rule_hit,0,0
8080,movement,unknown,0,0,,,no_rule_hit,0,0
8081,movement,unknown,0,0,,,no_rule_hit,0,0
8082,emergency,emergency,1,1,yes,,emergency_precedence,0,0
8083,emergency,unknown,0,0,,,no_rule_hit,0,0
8084,emergency,emergency,1,1,yes,,emergency_precedence,0,0
8085,unknown,unknown,1,0,,,no_rule_hit,0,0
8086,emergency,unknown,0,0,,,no_rule_hit,0,0
8087,unknown,movement,0,1,,right,movement_match,1,0
8088,emergency,unknown,0,0,,,no_rule_hit,0,0
8089,movement,unknown,0,0,,,no_rule_hit,0,0
8090,unknown,unknown,1,0,,,no_rule_hit,0,0
8091,movement,movement,1,1,,right,movement_match,0,0
8092,emergency,emergency,1,1,no,,emergency_precedence,0,0
8093,emergency,unknown,0,0,,,no_rule_hit,0,0
8094,emergency,emergency,1,1,stop,,emergency_precedence,0,0
8095,emergency,emergency,1,1,yes,,emergency_precedence,0,0
8096,movement,unknown,0,0,,,no_rule_hit,0,0
8097,unknown,unknown,1,0,,,no_rule_hit,0,0
8098,unknown,unknown,1,0,,,no_rule_hit,0,0
8099,movement,movement,1,1,,right,movement_match,0,0
8100,movement,unknown,0,0,,,no_rule_hit,0,0
8101,unknown,unknown,1,0,,,no_rule_hit,0,0
8102,movement,unknown,0,0,,,no_rule_hit,0,0
8103,movement,unknown,0,0,,,no_rule_hit,0,0
8104,movement,unknown,0,0,,,no_rule_hit,0,0
8105,unknown,unknown,1,0,,,no_rule_hit,0,0
8106,unknown,unknown,1,0,,,no_rule_hit,0,0
8107,unknown,unknown,1,0,,,no_rule_hit,0,0
8108,movement,unknown,0,0,,,no_rule_hit,0,0
8109,movement,unknown,0,0,,,no_rule_hit,0,0
8110,emergency,unknown,0,0,,,no_rule_hit,0,0
8111,emergency,unknown,0,0,,,no_rule_hit,0,0
8112,emergency,unknown,0,0,,,no_rule_hit,0,0
8113,movement,unknown,0,0,,,no_rule_hit,0,0
8114,movement,unknown,0,0,,,no_rule_hit,0,0
8115,movement,unknown,0,0,,,no_rule_hit,0,0
8116,emergency,unknown,0,0,,,no_rule_hit,0,0
8117,emergency,emergency,1,1,yes,,emergency_precedence,0,0
8118,movement,unknown,0,0,,,no_rule_hit,0,0
8119,unknown,movement,0,1,,go,movement_match,1,0
8120,movement,unknown,0,0,,,no_rule_hit,0,0
8121,movement,unknown,0,0,,,no_rule_hit,0,0
8122,emergency,unknown,0,0,,,no_rule_hit,0,0
8123,movement,unknown,0,0,,,no_rule_hit,0,0
8124,emergency,emergency,1,1,no,,emergency_precedence,0,0
8125,movement,unknown,0,0,,,no_rule_hit,0,0
8126,emergency,unknown,0,0,,,no_rule_hit,0,0
8127,emergency,unknown,0,0,,,no_rule_hit,0,0
8128,movement,emergency,0,1,no,,emergency_precedence,0,0
8129,unknown,unknown,1,0,,,no_rule_hit,0,0
8130,emergency,unknown,0,0,,,no_rule_hit,0,0
8131,emergency,unknown,0,0,,,no_rule_hit,0,0
8132,emergency,unknown,0,0,,,no_rule_hit,0,0
8133,emergency,unknown,0,0,,,no_rule_hit,0,0
8134,unknown,unknown,1,0,,,no_rule_hit,0,0
8135,movement,movement,1,1,,come on,movement_match,0,0
8136,movement,emergency,0,1,no,,emergency_precedence,0,0
8137,unknown,unknown,1,0,,,no_rule_hit,0,0
8138,movement,movement,1,1,,right,movement_match,0,0
8139,unknown,unknown,1,0,,,no_rule_hit,0,0
8140,unknown,unknown,1,0,,,no_rule_hit,0,0
8141,movement,movement,1,1,,right,movement_match,0,0
8142,movement,emergency,0,1,no,,emergency_precedence,0,0
8143,emergency,unknown,0,0,,,no_rule_hit,0,0
8144,unknown,unknown,1,0,,,no_rule_hit,0,0
8145,emergency,unknown,0,0,,,no_rule_hit,0,0
8146,unknown,unknown,1,0,,,no_rule_hit,0,0
8147,movement,unknown,0,0,,,no_rule_hit,0,0
8148,emergency,unknown,0,0,,,no_rule_hit,0,0
8149,movement,unknown,0,0,,,no_rule_hit,0,0
8150,movement,unknown,0,0,,,no_rule_hit,0,0
8151,movement,unknown,0,0,,,no_rule_hit,0,0
8152,movement,unknown,0,0,,,no_rule_hit,0,0
8153,emergency,emergency,1,1,no,,emergency_precedence,0,0
8154,emergency,unknown,0,0,,,no_rule_hit,0,0
8155,unknown,unknown,1,0,,,no_rule_hit,0,0
8156,movement,unknown,0,0,,,no_rule_hit,0,0
8157,movement,unknown,0,0,,,no_rule_hit,0,0
8158,emergency,unknown,0,0,,,no_rule_hit,0,0
8159,movement,unknown,0,0,,,no_rule_hit,0,0
8160,emergency,unknown,0,0,,,no_rule_hit,0,0
8161,unknown,unknown,1,0,,,no_rule_hit,0,0
8162,movement,unknown,0,0,,,no_rule_hit,0,0
8163,emergency,unknown,0,0,,,no_rule_hit,0,0
8164,emergency,unknown,0,0,,,no_rule_hit,0,0
8165,movement,unknown,0,0,,,no_rule_hit,0,0
8166,unknown,unknown,1,0,,,no_rule_hit,0,0
8167,movement,unknown,0,0,,,no_rule_hit,0,0
8168,emergency,emergency,1,1,yes,,emergency_precedence,0,0
8169,unknown,unknown,1,0,,,no_rule_hit,0,0
8170,movement,unknown,0,0,,,no_rule_hit,0,0
8171,emergency,unknown,0,0,,,no_rule_hit,0,0
8172,unknown,unknown,1,0,,,no_rule_hit,0,0
8173,movement,unknown,0,0,,,no_rule_hit,0,0
8174,unknown,unknown,1,0,,,no_rule_hit,0,0
8175,emergency,unknown,0,0,,,no_rule_hit,0,0
8176,emergency,unknown,0,0,,,no_rule_hit,0,0
8177,movement,unknown,0,0,,,no_rule_hit,0,0
8178,unknown,unknown,1,0,,,no_rule_hit,0,0
8179,emergency,unknown,0,0,,,no_rule_hit,0,0
8180,movement,movement,1,1,,down,movement_match,0,0
8181,movement,unknown,0,0,,,no_rule_hit,0,0
8182,unknown,unknown,1,0,,,no_rule_hit,0,0
8183,unknown,unknown,1,0,,,no_rule_hit,0,0
8184,unknown,unknown,1,0,,,no_rule_hit,0,0
8185,movement,unknown,0,0,,,no_rule_hit,0,0
8186,movement,unknown,0,0,,,no_rule_hit,0,0
8187,unknown,unknown,1,0,,,no_rule_hit,0,0
8188,unknown,unknown,1,0,,,no_rule_hit,0,0
8189,unknown,unknown,1,0,,,no_rule_hit,0,0
8190,movement,unknown,0,0,,,no_rule_hit,0,0
8191,unknown,unknown,1,0,,,no_rule_hit,0,0
8192,emergency,unknown,0,0,,,no_rule_hit,0,0
8193,movement,unknown,0,0,,,no_rule_hit,0,0
8194,unknown,unknown,1,0,,,no_rule_hit,0,0
8195,unknown,unknown,1,0,,,no_rule_hit,0,0
8196,emergency,unknown,0,0,,,no_rule_hit,0,0
8197,emergency,unknown,0,0,,,no_rule_hit,0,0
8198,unknown,unknown,1,0,,,no_rule_hit,0,0
8199,unknown,unknown,1,0,,,no_rule_hit,0,0
8200,emergency,unknown,0,0,,,no_rule_hit,0,0
8201,movement,unknown,0,0,,,no_rule_hit,0,0
8202,emergency,unknown,0,0,,,no_rule_hit,0,0
8203,emergency,unknown,0,0,,,no_rule_hit,0,0
8204,movement,unknown,0,0,,,no_rule_hit,0,0
8205,emergency,unknown,0,0,,,no_rule_hit,0,0
8206,unknown,unknown,1,0,,,no_rule_hit,0,0
8207,movement,unknown,0,0,,,no_rule_hit,0,0
8208,unknown,unknown,1,0,,,no_rule_hit,0,0
8209,unknown,unknown,1,0,,,no_rule_hit,0,0
8210,unknown,unknown,1,0,,,no_rule_hit,0,0
8211,movement,unknown,0,0,,,no_rule_hit,0,0
8212,movement,unknown,0,0,,,no_rule_hit,0,0
8213,emergency,unknown,0,0,,,no_rule_hit,0,0
8214,emergency,emergency,1,1,no,,emergency_precedence,0,0
8215,unknown,unknown,1,0,,,no_rule_hit,0,0
8216,emergency,unknown,0,0,,,no_rule_hit,0,0
8217,unknown,unknown,1,0,,,no_rule_hit,0,0
8218,emergency,unknown,0,0,,,no_rule_hit,0,0
8219,emergency,unknown,0,0,,,no_rule_hit,0,0
8220,emergency,unknown,0,0,,,no_rule_hit,0,0
8221,unknown,unknown,1,0,,,no_rule_hit,0,0
8222,emergency,emergency,1,1,yes,,emergency_precedence,0,0
8223,emergency,unknown,0,0,,,no_rule_hit,0,0
8224,movement,unknown,0,0,,,no_rule_hit,0,0
8225,emergency,unknown,0,0,,,no_rule_hit,0,0
8226,emergency,unknown,0,0,,,no_rule_hit,0,0
8227,movement,emergency,0,1,no,,emergency_precedence,0,0
8228,emergency,unknown,0,0,,,no_rule_hit,0,0
8229,movement,unknown,0,0,,,no_rule_hit,0,0
8230,movement,unknown,0,0,,,no_rule_hit,0,0
8231,movement,unknown,0,0,,,no_rule_hit,0,0
8232,emergency,emergency,1,1,yes,,emergency_precedence,0,0
8233,unknown,unknown,1,0,,,no_rule_hit,0,0
8234,unknown,unknown,1,0,,,no_rule_hit,0,0
8235,unknown,unknown,1,0,,,no_rule_hit,0,0
8236,movement,unknown,0,0,,,no_rule_hit,0,0
8237,movement,unknown,0,0,,,no_rule_hit,0,0
8238,unknown,unknown,1,0,,,no_rule_hit,0,0
8239,movement,unknown,0,0,,,no_rule_hit,0,0
8240,emergency,unknown,0,0,,,no_rule_hit,0,0
8241,emergency,unknown,0,0,,,no_rule_hit,0,0
8242,unknown,unknown,1,0,,,no_rule_hit,0,0
8243,unknown,unknown,1,0,,,no_rule_hit,0,0
8244,unknown,unknown,1,0,,,no_rule_hit,0,0
8245,emergency,unknown,0,0,,,no_rule_hit,0,0
8246,emergency,unknown,0,0,,,no_rule_hit,0,0
8247,emergency,unknown,0,0,,,no_rule_hit,0,0
8248,unknown,unknown,1,0,,,no_rule_hit,0,0
8249,emergency,unknown,0,0,,,no_rule_hit,0,0
8250,movement,unknown,0,0,,,no_rule_hit,0,0
8251,movement,unknown,0,0,,,no_rule_hit,0,0
8252,movement,unknown,0,0,,,no_rule_hit,0,0
8253,emergency,emergency,1,1,wow,,emergency_precedence,0,0
8254,movement,unknown,0,0,,,no_rule_hit,0,0
8255,movement,movement,1,1,,go,movement_match,0,0
8256,movement,unknown,0,0,,,no_rule_hit,0,0
8257,emergency,unknown,0,0,,,no_rule_hit,0,0
8258,emergency,unknown,0,0,,,no_rule_hit,0,0
8259,movement,unknown,0,0,,,no_rule_hit,0,0
8260,movement,unknown,0,0,,,no_rule_hit,0,0
8261,unknown,unknown,1,0,,,no_rule_hit,0,0
8262,unknown,unknown,1,0,,,no_rule_hit,0,0
8263,movement,unknown,0,0,,,no_rule_hit,0,0
8264,emergency,unknown,0,0,,,no_rule_hit,0,0
8265,emergency,unknown,0,0,,,no_rule_hit,0,0
8266,movement,unknown,0,0,,,no_rule_hit,0,0
8267,emergency,unknown,0,0,,,no_rule_hit,0,0
8268,emergency,unknown,0,0,,,no_rule_hit,0,0
8269,emergency,unknown,0,0,,,no_rule_hit,0,0
8270,unknown,unknown,1,0,,,no_rule_hit,0,0
8271,unknown,unknown,1,0,,,no_rule_hit,0,0
8272,movement,unknown,0,0,,,no_rule_hit,0,0
8273,emergency,unknown,0,0,,,no_rule_hit,0,0
8274,emergency,unknown,0,0,,,no_rule_hit,0,0
8275,movement,unknown,0,0,,,no_rule_hit,0,0
8276,emergency,unknown,0,0,,,no_rule_hit,0,0
8277,emergency,unknown,0,0,,,no_rule_hit,0,0
8278,unknown,unknown,1,0,,,no_rule_hit,0,0
8279,unknown,unknown,1,0,,,no_rule_hit,0,0
8280,unknown,unknown,1,0,,,no_rule_hit,0,0
8281,movement,unknown,0,0,,,no_rule_hit,0,0
8282,movement,unknown,0,0,,,no_rule_hit,0,0
8283,emergency,unknown,0,0,,,no_rule_hit,0,0
8284,movement,movement,1,1,,right,movement_match,0,0
8285,movement,unknown,0,0,,,no_rule_hit,0,0
8286,emergency,unknown,0,0,,,no_rule_hit,0,0
8287,unknown,unknown,1,0,,,no_rule_hit,0,0
8288,unknown,unknown,1,0,,,no_rule_hit,0,0
8289,emergency,unknown,0,0,,,no_rule_hit,0,0
8290,movement,unknown,0,0,,,no_rule_hit,0,0
8291,movement,unknown,0,0,,,no_rule_hit,0,0
8292,movement,unknown,0,0,,,no_rule_hit,0,0
8293,movement,unknown,0,0,,,no_rule_hit,0,0
8294,unknown,unknown,1,0,,,no_rule_hit,0,0
8295,movement,unknown,0,0,,,no_rule_hit,0,0
8296,emergency,emergency,1,1,yes,,emergency_precedence,0,0
8297,emergency,unknown,0,0,,,no_rule_hit,0,0
8298,movement,unknown,0,0,,,no_rule_hit,0,0
8299,emergency,unknown,0,0,,,no_rule_hit,0,0
8300,unknown,unknown,1,0,,,no_rule_hit,0,0
8301,unknown,unknown,1,0,,,no_rule_hit,0,0
8302,movement,unknown,0,0,,,no_rule_hit,0,0
8303,unknown,unknown,1,0,,,no_rule_hit,0,0
8304,movement,movement,1,1,,go,movement_match,0,0
8305,movement,unknown,0,0,,,no_rule_hit,0,0
8306,unknown,unknown,1,0,,,no_rule_hit,0,0
8307,unknown,unknown,1,0,,,no_rule_hit,0,0
8308,emergency,emergency,1,1,no,,emergency_precedence,0,0
8309,emergency,unknown,0,0,,,no_rule_hit,0,0
8310,emergency,emergency,1,1,stop,,emergency_precedence,0,0
8311,movement,unknown,0,0,,,no_rule_hit,0,0
8312,unknown,unknown,1,0,,,no_rule_hit,0,0
8313,movement,unknown,0,0,,,no_rule_hit,0,0
8314,movement,unknown,0,0,,,no_rule_hit,0,0
8315,unknown,unknown,1,0,,,no_rule_hit,0,0
8316,movement,unknown,0,0,,,no_rule_hit,0,0
8317,emergency,emergency,1,1,yes,,emergency_precedence,0,0
8318,movement,unknown,0,0,,,no_rule_hit,0,0
8319,movement,unknown,0,0,,,no_rule_hit,0,0
8320,emergency,unknown,0,0,,,no_rule_hit,0,0
8321,unknown,unknown,1,0,,,no_rule_hit,0,0
8322,unknown,unknown,1,0,,,no_rule_hit,0,0
8323,emergency,unknown,0,0,,,no_rule_hit,0,0
8324,movement,movement,1,1,,go,movement_match,0,0
8325,movement,movement,1,1,,right,movement_match,0,0
8326,emergency,unknown,0,0,,,no_rule_hit,0,0
8327,emergency,unknown,0,0,,,no_rule_hit,0,0
8328,emergency,unknown,0,0,,,no_rule_hit,0,0
8329,movement,unknown,0,0,,,no_rule_hit,0,0
8330,movement,unknown,0,0,,,no_rule_hit,0,0
8331,emergency,unknown,0,0,,,no_rule_hit,0,0
8332,emergency,emergency,1,1,yes,,emergency_precedence,0,0
8333,unknown,unknown,1,0,,,no_rule_hit,0,0
8334,unknown,unknown,1,0,,,no_rule_hit,0,0
8335,unknown,unknown,1,0,,,no_rule_hit,0,0
8336,emergency,unknown,0,0,,,no_rule_hit,0,0
8337,unknown,unknown,1,0,,,no_rule_hit,0,0
8338,emergency,unknown,0,0,,,no_rule_hit,0,0
8339,unknown,unknown,1,0,,,no_rule_hit,0,0
8340,unknown,unknown,1,0,,,no_rule_hit,0,0
8341,unknown,unknown,1,0,,,no_rule_hit,0,0
8342,movement,unknown,0,0,,,no_rule_hit,0,0
8343,movement,unknown,0,0,,,no_rule_hit,0,0
8344,emergency,emergency,1,1,yes,,emergency_precedence,0,0
8345,movement,movement,1,1,,right,movement_match,0,0
8346,emergency,unknown,0,0,,,no_rule_hit,0,0
8347,emergency,unknown,0,0,,,no_rule_hit,0,0
8348,unknown,unknown,1,0,,,no_rule_hit,0,0
8349,emergency,unknown,0,0,,,no_rule_hit,0,0
8350,unknown,unknown,1,0,,,no_rule_hit,0,0
8351,unknown,unknown,1,0,,,no_rule_hit,0,0
8352,unknown,unknown,1,0,,,no_rule_hit,0,0
8353,movement,unknown,0,0,,,no_rule_hit,0,0
8354,emergency,unknown,0,0,,,no_rule_hit,0,0
8355,movement,unknown,0,0,,,no_rule_hit,0,0
8356,unknown,unknown,1,0,,,no_rule_hit,0,0
8357,emergency,unknown,0,0,,,no_rule_hit,0,0
8358,unknown,unknown,1,0,,,no_rule_hit,0,0
8359,emergency,emergency,1,1,wow,,emergency_precedence,0,0
8360,movement,movement,1,1,,go,movement_match,0,0
8361,emergency,unknown,0,0,,,no_rule_hit,0,0
8362,movement,unknown,0,0,,,no_rule_hit,0,0
8363,emergency,emergency,1,1,wow,,emergency_precedence,0,0
8364,movement,unknown,0,0,,,no_rule_hit,0,0
8365,movement,unknown,0,0,,,no_rule_hit,0,0
8366,unknown,unknown,1,0,,,no_rule_hit,0,0
8367,movement,unknown,0,0,,,no_rule_hit,0,0
8368,emergency,unknown,0,0,,,no_rule_hit,0,0
8369,emergency,unknown,0,0,,,no_rule_hit,0,0
8370,unknown,unknown,1,0,,,no_rule_hit,0,0
8371,unknown,unknown,1,0,,,no_rule_hit,0,0
8372,emergency,unknown,0,0,,,no_rule_hit,0,0
8373,emergency,unknown,0,0,,,no_rule_hit,0,0
8374,movement,unknown,0,0,,,no_rule_hit,0,0
8375,movement,unknown,0,0,,,no_rule_hit,0,0
8376,emergency,unknown,0,0,,,no_rule_hit,0,0
8377,emergency,emergency,1,1,yes,,emergency_precedence,0,0
8378,unknown,unknown,1,0,,,no_rule_hit,0,0
8379,movement,unknown,0,0,,,no_rule_hit,0,0
8380,movement,unknown,0,0,,,no_rule_hit,0,0
8381,movement,unknown,0,0,,,no_rule_hit,0,0
8382,emergency,unknown,0,0,,,no_rule_hit,0,0
8383,movement,unknown,0,0,,,no_rule_hit,0,0
8384,unknown,unknown,1,0,,,no_rule_hit,0,0
8385,emergency,emergency,1,1,stop,,emergency_precedence,0,0
8386,unknown,unknown,1,0,,,no_rule_hit,0,0
8387,emergency,unknown,0,0,,,no_rule_hit,0,0
8388,movement,unknown,0,0,,,no_rule_hit,0,0
8389,emergency,emergency,1,1,yes,,emergency_precedence,0,0
8390,movement,unknown,0,0,,,no_rule_hit,0,0
8391,unknown,unknown,1,0,,,no_rule_hit,0,0
8392,emergency,unknown,0,0,,,no_rule_hit,0,0
8393,movement,unknown,0,0,,,no_rule_hit,0,0
8394,movement,unknown,0,0,,,no_rule_hit,0,0
8395,movement,unknown,0,0,,,no_rule_hit,0,0
8396,movement,unknown,0,0,,,no_rule_hit,0,0
8397,emergency,unknown,0,0,,,no_rule_hit,0,0
8398,emergency,emergency,1,1,yes,,emergency_precedence,0,0
8399,unknown,unknown,1,0,,,no_rule_hit,0,0
8400,movement,unknown,0,0,,,no_rule_hit,0,0
8401,movement,unknown,0,0,,,no_rule_hit,0,0
8402,emergency,emergency,1,1,yes,,emergency_precedence,0,0
8403,unknown,unknown,1,0,,,no_rule_hit,0,0
8404,movement,unknown,0,0,,,no_rule_hit,0,0
8405,movement,unknown,0,0,,,no_rule_hit,0,0
8406,unknown,unknown,1,0,,,no_rule_hit,0,0
8407,movement,unknown,0,0,,,no_rule_hit,0,0
8408,movement,unknown,0,0,,,no_rule_hit,0,0
8409,unknown,unknown,1,0,,,no_rule_hit,0,0
8410,emergency,emergency,1,1,yes,,emergency_precedence,0,0
8411,emergency,unknown,0,0,,,no_rule_hit,0,0
8412,unknown,unknown,1,0,,,no_rule_hit,0,0
8413,unknown,unknown,1,0,,,no_rule_hit,0,0
8414,emergency,unknown,0,0,,,no_rule_hit,0,0
8415,unknown,unknown,1,0,,,no_rule_hit,0,0
8416,emergency,unknown,0,0,,,no_rule_hit,0,0
8417,unknown,unknown,1,0,,,no_rule_hit,0,0
8418,movement,movement,1,1,,right,movement_match,0,0
8419,unknown,unknown,1,0,,,no_rule_hit,0,0
8420,movement,unknown,0,0,,,no_rule_hit,0,0
8421,movement,unknown,0,0,,,no_rule_hit,0,0
8422,movement,movement,1,1,,down,movement_match,0,0
8423,unknown,unknown,1,0,,,no_rule_hit,0,0
8424,emergency,movement,0,1,,go,movement_match,0,0
8425,movement,unknown,0,0,,,no_rule_hit,0,0
8426,emergency,unknown,0,0,,,no_rule_hit,0,0
8427,movement,unknown,0,0,,,no_rule_hit,0,0
8428,emergency,unknown,0,0,,,no_rule_hit,0,0
8429,emergency,unknown,0,0,,,no_rule_hit,0,0
8430,unknown,unknown,1,0,,,no_rule_hit,0,0
8431,emergency,unknown,0,0,,,no_rule_hit,0,0
8432,movement,unknown,0,0,,,no_rule_hit,0,0
8433,movement,unknown,0,0,,,no_rule_hit,0,0
8434,movement,unknown,0,0,,,no_rule_hit,0,0
8435,movement,unknown,0,0,,,no_rule_hit,0,0
8436,unknown,emergency,0,1,help,,emergency_precedence,1,0
8437,movement,unknown,0,0,,,no_rule_hit,0,0
8438,movement,unknown,0,0,,,no_rule_hit,0,0
8439,emergency,unknown,0,0,,,no_rule_hit,0,0
8440,emergency,emergency,1,1,stop,,emergency_precedence,0,0
8441,unknown,unknown,1,0,,,no_rule_hit,0,0
8442,emergency,unknown,0,0,,,no_rule_hit,0,0
8443,unknown,unknown,1,0,,,no_rule_hit,0,0
8444,emergency,emergency,1,1,yes,,emergency_precedence,0,0
8445,unknown,unknown,1,0,,,no_rule_hit,0,0
8446,emergency,unknown,0,0,,,no_rule_hit,0,0
8447,unknown,unknown,1,0,,,no_rule_hit,0,0
8448,unknown,unknown,1,0,,,no_rule_hit,0,0
8449,emergency,emergency,1,1,no,,emergency_precedence,0,0
8450,unknown,unknown,1,0,,,no_rule_hit,0,0
8451,emergency,unknown,0,0,,,no_rule_hit,0,0
8452,unknown,unknown,1,0,,,no_rule_hit,0,0
8453,unknown,unknown,1,0,,,no_rule_hit,0,0
8454,emergency,unknown,0,0,,,no_rule_hit,0,0
8455,movement,unknown,0,0,,,no_rule_hit,0,0
8456,movement,unknown,0,0,,,no_rule_hit,0,0
8457,movement,unknown,0,0,,,no_rule_hit,0,0
8458,unknown,unknown,1,0,,,no_rule_hit,0,0
8459,movement,unknown,0,0,,,no_rule_hit,0,0
8460,emergency,unknown,0,0,,,no_rule_hit,0,0
8461,emergency,emergency,1,1,stop,,emergency_precedence,0,0
8462,emergency,unknown,0,0,,,no_rule_hit,0,0
8463,unknown,unknown,1,0,,,no_rule_hit,0,0
8464,movement,unknown,0,0,,,no_rule_hit,0,0
8465,unknown,unknown,1,0,,,no_rule_hit,0,0
8466,unknown,unknown,1,0,,,no_rule_hit,0,0
8467,emergency,unknown,0,0,,,no_rule_hit,0,0
8468,unknown,unknown,1,0,,,no_rule_hit,0,0
8469,emergency,unknown,0,0,,,no_rule_hit,0,0
8470,unknown,unknown,1,0,,,no_rule_hit,0,0
8471,movement,unknown,0,0,,,no_rule_hit,0,0
8472,movement,unknown,0,0,,,no_rule_hit,0,0
8473,unknown,unknown,1,0,,,no_rule_hit,0,0
8474,unknown,unknown,1,0,,,no_rule_hit,0,0
8475,movement,unknown,0,0,,,no_rule_hit,0,0
8476,emergency,unknown,0,0,,,no_rule_hit,0,0
8477,emergency,emergency,1,1,yes,,emergency_precedence,0,0
8478,emergency,unknown,0,0,,,no_rule_hit,0,0
8479,movement,unknown,0,0,,,no_rule_hit,0,0
8480,movement,unknown,0,0,,,no_rule_hit,0,0
8481,emergency,unknown,0,0,,,no_rule_hit,0,0
8482,unknown,unknown,1,0,,,no_rule_hit,0,0
8483,movement,unknown,0,0,,,no_rule_hit,0,0
8484,emergency,unknown,0,0,,,no_rule_hit,0,0
8485,emergency,unknown,0,0,,,no_rule_hit,0,0
8486,unknown,unknown,1,0,,,no_rule_hit,0,0
8487,movement,unknown,0,0,,,no_rule_hit,0,0
8488,movement,movement,1,1,,go,movement_match,0,0
8489,emergency,unknown,0,0,,,no_rule_hit,0,0
8490,emergency,unknown,0,0,,,no_rule_hit,0,0
8491,movement,unknown,0,0,,,no_rule_hit,0,0
8492,emergency,unknown,0,0,,,no_rule_hit,0,0
8493,movement,unknown,0,0,,,no_rule_hit,0,0
8494,emergency,unknown,0,0,,,no_rule_hit,0,0
8495,unknown,unknown,1,0,,,no_rule_hit,0,0
8496,unknown,unknown,1,0,,,no_rule_hit,0,0
8497,emergency,unknown,0,0,,,no_rule_hit,0,0
8498,unknown,unknown,1,0,,,no_rule_hit,0,0
8499,movement,unknown,0,0,,,no_rule_hit,0,0
8500,unknown,unknown,1,0,,,no_rule_hit,0,0
8501,emergency,unknown,0,0,,,no_rule_hit,0,0
8502,unknown,unknown,1,0,,,no_rule_hit,0,0
8503,movement,unknown,0,0,,,no_rule_hit,0,0
8504,emergency,unknown,0,0,,,no_rule_hit,0,0
8505,movement,unknown,0,0,,,no_rule_hit,0,0
8506,movement,unknown,0,0,,,no_rule_hit,0,0
8507,unknown,unknown,1,0,,,no_rule_hit,0,0
8508,unknown,unknown,1,0,,,no_rule_hit,0,0
8509,movement,unknown,0,0,,,no_rule_hit,0,0
8510,movement,unknown,0,0,,,no_rule_hit,0,0
8511,movement,unknown,0,0,,,no_rule_hit,0,0
8512,emergency,unknown,0,0,,,no_rule_hit,0,0
8513,unknown,unknown,1,0,,,no_rule_hit,0,0
8514,unknown,unknown,1,0,,,no_rule_hit,0,0
8515,emergency,unknown,0,0,,,no_rule_hit,0,0
8516,movement,unknown,0,0,,,no_rule_hit,0,0
8517,unknown,unknown,1,0,,,no_rule_hit,0,0
8518,unknown,unknown,1,0,,,no_rule_hit,0,0
8519,movement,unknown,0,0,,,no_rule_hit,0,0
8520,unknown,unknown,1,0,,,no_rule_hit,0,0
8521,emergency,unknown,0,0,,,no_rule_hit,0,0
8522,unknown,unknown,1,0,,,no_rule_hit,0,0
8523,unknown,unknown,1,0,,,no_rule_hit,0,0
8524,unknown,unknown,1,0,,,no_rule_hit,0,0
8525,unknown,unknown,1,0,,,no_rule_hit,0,0
8526,movement,unknown,0,0,,,no_rule_hit,0,0
8527,movement,unknown,0,0,,,no_rule_hit,0,0
8528,emergency,unknown,0,0,,,no_rule_hit,0,0
8529,movement,unknown,0,0,,,no_rule_hit,0,0
8530,movement,unknown,0,0,,,no_rule_hit,0,0
8531,movement,unknown,0,0,,,no_rule_hit,0,0
8532,movement,unknown,0,0,,,no_rule_hit,0,0
8533,unknown,unknown,1,0,,,no_rule_hit,0,0
8534,emergency,unknown,0,0,,,no_rule_hit,0,0
8535,movement,unknown,0,0,,,no_rule_hit,0,0
8536,movement,unknown,0,0,,,no_rule_hit,0,0
8537,emergency,unknown,0,0,,,no_rule_hit,0,0
8538,unknown,emergency,0,1,help,,emergency_precedence,1,0
8539,emergency,unknown,0,0,,,no_rule_hit,0,0
8540,unknown,unknown,1,0,,,no_rule_hit,0,0
8541,unknown,unknown,1,0,,,no_rule_hit,0,0
8542,unknown,unknown,1,0,,,no_rule_hit,0,0
8543,unknown,unknown,1,0,,,no_rule_hit,0,0
8544,emergency,unknown,0,0,,,no_rule_hit,0,0
8545,movement,unknown,0,0,,,no_rule_hit,0,0
8546,emergency,unknown,0,0,,,no_rule_hit,0,0
8547,emergency,unknown,0,0,,,no_rule_hit,0,0
8548,movement,movement,1,1,,down,movement_match,0,0
8549,emergency,emergency,1,1,yes,,emergency_precedence,0,0
8550,unknown,unknown,1,0,,,no_rule_hit,0,0
8551,movement,unknown,0,0,,,no_rule_hit,0,0
8552,emergency,unknown,0,0,,,no_rule_hit,0,0
8553,unknown,unknown,1,0,,,no_rule_hit,0,0
8554,unknown,unknown,1,0,,,no_rule_hit,0,0
8555,movement,unknown,0,0,,,no_rule_hit,0,0
8556,emergency,emergency,1,1,stop,,emergency_precedence,0,0
8557,movement,movement,1,1,,go,movement_match,0,0
8558,emergency,unknown,0,0,,,no_rule_hit,0,0
8559,movement,unknown,0,0,,,no_rule_hit,0,0
8560,movement,unknown,0,0,,,no_rule_hit,0,0
8561,movement,unknown,0,0,,,no_rule_hit,0,0
8562,movement,unknown,0,0,,,no_rule_hit,0,0
8563,movement,unknown,0,0,,,no_rule_hit,0,0
8564,unknown,unknown,1,0,,,no_rule_hit,0,0
8565,emergency,unknown,0,0,,,no_rule_hit,0,0
8566,unknown,unknown,1,0,,,no_rule_hit,0,0
8567,movement,unknown,0,0,,,no_rule_hit,0,0
8568,unknown,unknown,1,0,,,no_rule_hit,0,0
8569,unknown,unknown,1,0,,,no_rule_hit,0,0
8570,unknown,unknown,1,0,,,no_rule_hit,0,0
8571,movement,unknown,0,0,,,no_rule_hit,0,0
8572,movement,unknown,0,0,,,no_rule_hit,0,0
8573,unknown,unknown,1,0,,,no_rule_hit,0,0
8574,emergency,unknown,0,0,,,no_rule_hit,0,0
8575,emergency,unknown,0,0,,,no_rule_hit,0,0
8576,movement,unknown,0,0,,,no_rule_hit,0,0
8577,movement,unknown,0,0,,,no_rule_hit,0,0
8578,unknown,unknown,1,0,,,no_rule_hit,0,0
8579,emergency,unknown,0,0,,,no_rule_hit,0,0
8580,unknown,unknown,1,0,,,no_rule_hit,0,0
8581,movement,unknown,0,0,,,no_rule_hit,0,0
8582,unknown,unknown,1,0,,,no_rule_hit,0,0
8583,unknown,unknown,1,0,,,no_rule_hit,0,0
8584,movement,unknown,0,0,,,no_rule_hit,0,0
8585,movement,unknown,0,0,,,no_rule_hit,0,0
8586,emergency,emergency,1,1,yes,,emergency_precedence,0,0
8587,unknown,unknown,1,0,,,no_rule_hit,0,0
8588,movement,unknown,0,0,,,no_rule_hit,0,0
8589,unknown,unknown,1,0,,,no_rule_hit,0,0
8590,emergency,unknown,0,0,,,no_rule_hit,0,0
8591,emergency,unknown,0,0,,,no_rule_hit,0,0
8592,movement,unknown,0,0,,,no_rule_hit,0,0
8593,movement,unknown,0,0,,,no_rule_hit,0,0
8594,emergency,emergency,1,1,yes,,emergency_precedence,0,0
8595,emergency,unknown,0,0,,,no_rule_hit,0,0
8596,movement,unknown,0,0,,,no_rule_hit,0,0
8597,movement,unknown,0,0,,,no_rule_hit,0,0
8598,unknown,unknown,1,0,,,no_rule_hit,0,0
8599,movement,unknown,0,0,,,no_rule_hit,0,0
8600,unknown,unknown,1,0,,,no_rule_hit,0,0
8601,emergency,unknown,0,0,,,no_rule_hit,0,0
8602,unknown,unknown,1,0,,,no_rule_hit,0,0
8603,movement,unknown,0,0,,,no_rule_hit,0,0
8604,emergency,unknown,0,0,,,no_rule_hit,0,0
8605,unknown,unknown,1,0,,,no_rule_hit,0,0
8606,emergency,unknown,0,0,,,no_rule_hit,0,0
8607,movement,unknown,0,0,,,no_rule_hit,0,0
8608,unknown,unknown,1,0,,,no_rule_hit,0,0
8609,movement,unknown,0,0,,,no_rule_hit,0,0
8610,movement,unknown,0,0,,,no_rule_hit,0,0
8611,unknown,unknown,1,0,,,no_rule_hit,0,0
8612,unknown,unknown,1,0,,,no_rule_hit,0,0
8613,unknown,unknown,1,0,,,no_rule_hit,0,0
8614,movement,unknown,0,0,,,no_rule_hit,0,0
8615,movement,movement,1,1,,right,movement_match,0,0
8616,unknown,unknown,1,0,,,no_rule_hit,0,0
8617,emergency,unknown,0,0,,,no_rule_hit,0,0
8618,movement,unknown,0,0,,,no_rule_hit,0,0
8619,unknown,unknown,1,0,,,no_rule_hit,0,0
8620,emergency,unknown,0,0,,,no_rule_hit,0,0
8621,movement,unknown,0,0,,,no_rule_hit,0,0
8622,unknown,unknown,1,0,,,no_rule_hit,0,0
8623,emergency,unknown,0,0,,,no_rule_hit,0,0
8624,movement,unknown,0,0,,,no_rule_hit,0,0
8625,emergency,unknown,0,0,,,no_rule_hit,0,0
8626,unknown,unknown,1,0,,,no_rule_hit,0,0
8627,emergency,unknown,0,0,,,no_rule_hit,0,0
8628,movement,unknown,0,0,,,no_rule_hit,0,0
8629,movement,unknown,0,0,,,no_rule_hit,0,0
8630,emergency,unknown,0,0,,,no_rule_hit,0,0
8631,unknown,unknown,1,0,,,no_rule_hit,0,0
8632,movement,unknown,0,0,,,no_rule_hit,0,0
8633,movement,unknown,0,0,,,no_rule_hit,0,0
8634,movement,unknown,0,0,,,no_rule_hit,0,0
8635,unknown,unknown,1,0,,,no_rule_hit,0,0
8636,emergency,emergency,1,1,wow,,emergency_precedence,0,0
8637,unknown,unknown,1,0,,,no_rule_hit,0,0
8638,unknown,unknown,1,0,,,no_rule_hit,0,0
8639,emergency,unknown,0,0,,,no_rule_hit,0,0
8640,unknown,unknown,1,0,,,no_rule_hit,0,0
8641,unknown,unknown,1,0,,,no_rule_hit,0,0
8642,unknown,unknown,1,0,,,no_rule_hit,0,0
8643,emergency,unknown,0,0,,,no_rule_hit,0,0
8644,unknown,unknown,1,0,,,no_rule_hit,0,0
8645,movement,unknown,0,0,,,no_rule_hit,0,0
8646,emergency,unknown,0,0,,,no_rule_hit,0,0
8647,movement,unknown,0,0,,,no_rule_hit,0,0
8648,emergency,emergency,1,1,yes,,emergency_precedence,0,0
8649,emergency,unknown,0,0,,,no_rule_hit,0,0
8650,movement,unknown,0,0,,,no_rule_hit,0,0
8651,emergency,unknown,0,0,,,no_rule_hit,0,0
8652,movement,unknown,0,0,,,no_rule_hit,0,0
8653,emergency,unknown,0,0,,,no_rule_hit,0,0
8654,emergency,emergency,1,1,stop,,emergency_precedence,0,0
8655,unknown,unknown,1,0,,,no_rule_hit,0,0
8656,movement,unknown,0,0,,,no_rule_hit,0,0
8657,unknown,unknown,1,0,,,no_rule_hit,0,0
8658,emergency,unknown,0,0,,,no_rule_hit,0,0
8659,emergency,unknown,0,0,,,no_rule_hit,0,0
8660,unknown,emergency,0,1,yes,,emergency_precedence,1,0
8661,unknown,unknown,1,0,,,no_rule_hit,0,0
8662,emergency,emergency,1,1,yes,,emergency_precedence,0,0
8663,unknown,unknown,1,0,,,no_rule_hit,0,0
8664,emergency,unknown,0,0,,,no_rule_hit,0,0
8665,unknown,unknown,1,0,,,no_rule_hit,0,0
8666,unknown,unknown,1,0,,,no_rule_hit,0,0
8667,unknown,unknown,1,0,,,no_rule_hit,0,0
8668,movement,movement,1,1,,go,movement_match,0,0
8669,unknown,unknown,1,0,,,no_rule_hit,0,0
8670,movement,unknown,0,0,,,no_rule_hit,0,0
8671,movement,unknown,0,0,,,no_rule_hit,0,0
8672,movement,unknown,0,0,,,no_rule_hit,0,0
8673,unknown,unknown,1,0,,,no_rule_hit,0,0
8674,emergency,unknown,0,0,,,no_rule_hit,0,0
8675,emergency,unknown,0,0,,,no_rule_hit,0,0
8676,unknown,unknown,1,0,,,no_rule_hit,0,0
8677,movement,unknown,0,0,,,no_rule_hit,0,0
8678,movement,unknown,0,0,,,no_rule_hit,0,0
8679,unknown,unknown,1,0,,,no_rule_hit,0,0
8680,unknown,unknown,1,0,,,no_rule_hit,0,0
8681,unknown,unknown,1,0,,,no_rule_hit,0,0
8682,movement,unknown,0,0,,,no_rule_hit,0,0
8683,movement,unknown,0,0,,,no_rule_hit,0,0
8684,unknown,unknown,1,0,,,no_rule_hit,0,0
8685,emergency,unknown,0,0,,,no_rule_hit,0,0
8686,unknown,unknown,1,0,,,no_rule_hit,0,0
8687,movement,movement,1,1,,follow,movement_match,0,0
8688,unknown,unknown,1,0,,,no_rule_hit,0,0
8689,emergency,unknown,0,0,,,no_rule_hit,0,0
8690,emergency,unknown,0,0,,,no_rule_hit,0,0
8691,emergency,unknown,0,0,,,no_rule_hit,0,0
8692,unknown,unknown,1,0,,,no_rule_hit,0,0
8693,unknown,unknown,1,0,,,no_rule_hit,0,0
8694,movement,unknown,0,0,,,no_rule_hit,0,0
8695,emergency,unknown,0,0,,,no_rule_hit,0,0
8696,unknown,unknown,1,0,,,no_rule_hit,0,0
8697,movement,unknown,0,0,,,no_rule_hit,0,0
8698,movement,unknown,0,0,,,no_rule_hit,0,0
8699,unknown,unknown,1,0,,,no_rule_hit,0,0
8700,movement,unknown,0,0,,,no_rule_hit,0,0
8701,unknown,unknown,1,0,,,no_rule_hit,0,0
8702,movement,unknown,0,0,,,no_rule_hit,0,0
8703,movement,unknown,0,0,,,no_rule_hit,0,0
8704,movement,unknown,0,0,,,no_rule_hit,0,0
8705,movement,unknown,0,0,,,no_rule_hit,0,0
8706,movement,unknown,0,0,,,no_rule_hit,0,0
8707,movement,movement,1,1,,go,movement_match,0,0
8708,emergency,unknown,0,0,,,no_rule_hit,0,0
8709,movement,movement,1,1,,go,movement_match,0,0
8710,emergency,emergency,1,1,yes,,emergency_precedence,0,0
8711,emergency,unknown,0,0,,,no_rule_hit,0,0
8712,movement,unknown,0,0,,,no_rule_hit,0,0
8713,emergency,unknown,0,0,,,no_rule_hit,0,0
8714,emergency,emergency,1,1,wow,,emergency_precedence,0,0
8715,unknown,unknown,1,0,,,no_rule_hit,0,0
8716,emergency,emergency,1,1,yes,,emergency_precedence,0,0
8717,movement,unknown,0,0,,,no_rule_hit,0,0
8718,emergency,unknown,0,0,,,no_rule_hit,0,0
8719,unknown,unknown,1,0,,,no_rule_hit,0,0
8720,emergency,movement,0,1,,go,movement_match,0,0
8721,unknown,unknown,1,0,,,no_rule_hit,0,0
8722,movement,unknown,0,0,,,no_rule_hit,0,0
8723,movement,unknown,0,0,,,no_rule_hit,0,0
8724,movement,unknown,0,0,,,no_rule_hit,0,0
8725,unknown,unknown,1,0,,,no_rule_hit,0,0
8726,emergency,unknown,0,0,,,no_rule_hit,0,0
8727,movement,unknown,0,0,,,no_rule_hit,0,0
8728,emergency,unknown,0,0,,,no_rule_hit,0,0
8729,movement,unknown,0,0,,,no_rule_hit,0,0
8730,unknown,unknown,1,0,,,no_rule_hit,0,0
8731,unknown,unknown,1,0,,,no_rule_hit,0,0
8732,unknown,unknown,1,0,,,no_rule_hit,0,0
8733,emergency,unknown,0,0,,,no_rule_hit,0,0
8734,unknown,unknown,1,0,,,no_rule_hit,0,0
8735,unknown,unknown,1,0,,,no_rule_hit,0,0
8736,unknown,unknown,1,0,,,no_rule_hit,0,0
8737,movement,unknown,0,0,,,no_rule_hit,0,0
8738,unknown,unknown,1,0,,,no_rule_hit,0,0
8739,emergency,unknown,0,0,,,no_rule_hit,0,0
8740,unknown,unknown,1,0,,,no_rule_hit,0,0
8741,unknown,unknown,1,0,,,no_rule_hit,0,0
8742,emergency,unknown,0,0,,,no_rule_hit,0,0
8743,movement,unknown,0,0,,,no_rule_hit,0,0
8744,emergency,unknown,0,0,,,no_rule_hit,0,0
8745,emergency,unknown,0,0,,,no_rule_hit,0,0
8746,unknown,unknown,1,0,,,no_rule_hit,0,0
8747,unknown,unknown,1,0,,,no_rule_hit,0,0
8748,unknown,unknown,1,0,,,no_rule_hit,0,0
8749,unknown,unknown,1,0,,,no_rule_hit,0,0
8750,movement,unknown,0,0,,,no_rule_hit,0,0
8751,emergency,emergency,1,1,yes,,emergency_precedence,0,0
8752,unknown,unknown,1,0,,,no_rule_hit,0,0
8753,emergency,unknown,0,0,,,no_rule_hit,0,0
8754,unknown,unknown,1,0,,,no_rule_hit,0,0
8755,emergency,unknown,0,0,,,no_rule_hit,0,0
8756,unknown,unknown,1,0,,,no_rule_hit,0,0
8757,unknown,unknown,1,0,,,no_rule_hit,0,0
8758,unknown,unknown,1,0,,,no_rule_hit,0,0
8759,emergency,unknown,0,0,,,no_rule_hit,0,0
8760,unknown,unknown,1,0,,,no_rule_hit,0,0
8761,movement,unknown,0,0,,,no_rule_hit,0,0
8762,unknown,unknown,1,0,,,no_rule_hit,0,0
8763,unknown,unknown,1,0,,,no_rule_hit,0,0
8764,unknown,unknown,1,0,,,no_rule_hit,0,0
8765,movement,unknown,0,0,,,no_rule_hit,0,0
8766,unknown,unknown,1,0,,,no_rule_hit,0,0
8767,movement,unknown,0,0,,,no_rule_hit,0,0
8768,movement,unknown,0,0,,,no_rule_hit,0,0
8769,movement,movement,1,1,,up,movement_match,0,0
8770,movement,unknown,0,0,,,no_rule_hit,0,0
8771,movement,unknown,0,0,,,no_rule_hit,0,0
8772,emergency,emergency,1,1,wow,,emergency_precedence,0,0
8773,movement,unknown,0,0,,,no_rule_hit,0,0
8774,movement,unknown,0,0,,,no_rule_hit,0,0
8775,movement,movement,1,1,,go,movement_match,0,0
8776,unknown,unknown,1,0,,,no_rule_hit,0,0
8777,movement,unknown,0,0,,,no_rule_hit,0,0
8778,movement,unknown,0,0,,,no_rule_hit,0,0
8779,unknown,unknown,1,0,,,no_rule_hit,0,0
8780,movement,unknown,0,0,,,no_rule_hit,0,0
8781,emergency,movement,0,1,,back go,movement_match,0,0
8782,unknown,unknown,1,0,,,no_rule_hit,0,0
8783,unknown,movement,0,1,,go,movement_match,1,0
8784,movement,unknown,0,0,,,no_rule_hit,0,0
8785,emergency,unknown,0,0,,,no_rule_hit,0,0
8786,movement,movement,1,1,,go,movement_match,0,0
8787,movement,unknown,0,0,,,no_rule_hit,0,0
8788,movement,movement,1,1,,right,movement_match,0,0
8789,emergency,emergency,1,1,stop,,emergency_precedence,0,0
8790,unknown,unknown,1,0,,,no_rule_hit,0,0
8791,emergency,emergency,1,1,no,,emergency_precedence,0,0
8792,emergency,emergency,1,1,stop,,emergency_precedence,0,0
8793,emergency,unknown,0,0,,,no_rule_hit,0,0
8794,emergency,unknown,0,0,,,no_rule_hit,0,0
8795,unknown,unknown,1,0,,,no_rule_hit,0,0
8796,movement,unknown,0,0,,,no_rule_hit,0,0
8797,emergency,unknown,0,0,,,no_rule_hit,0,0
8798,unknown,unknown,1,0,,,no_rule_hit,0,0
8799,emergency,unknown,0,0,,,no_rule_hit,0,0
8800,movement,unknown,0,0,,,no_rule_hit,0,0
8801,emergency,unknown,0,0,,,no_rule_hit,0,0
8802,unknown,unknown,1,0,,,no_rule_hit,0,0
8803,emergency,unknown,0,0,,,no_rule_hit,0,0
8804,movement,unknown,0,0,,,no_rule_hit,0,0
8805,emergency,emergency,1,1,yes,,emergency_precedence,0,0
8806,unknown,unknown,1,0,,,no_rule_hit,0,0
8807,emergency,unknown,0,0,,,no_rule_hit,0,0
8808,emergency,unknown,0,0,,,no_rule_hit,0,0
8809,emergency,unknown,0,0,,,no_rule_hit,0,0
8810,emergency,unknown,0,0,,,no_rule_hit,0,0
8811,movement,unknown,0,0,,,no_rule_hit,0,0
8812,emergency,unknown,0,0,,,no_rule_hit,0,0
8813,unknown,unknown,1,0,,,no_rule_hit,0,0
8814,emergency,unknown,0,0,,,no_rule_hit,0,0
8815,emergency,emergency,1,1,stop,,emergency_precedence,0,0
8816,emergency,unknown,0,0,,,no_rule_hit,0,0
8817,movement,unknown,0,0,,,no_rule_hit,0,0
8818,movement,unknown,0,0,,,no_rule_hit,0,0
8819,unknown,unknown,1,0,,,no_rule_hit,0,0
8820,emergency,unknown,0,0,,,no_rule_hit,0,0
8821,unknown,unknown,1,0,,,no_rule_hit,0,0
8822,movement,unknown,0,0,,,no_rule_hit,0,0
8823,unknown,unknown,1,0,,,no_rule_hit,0,0
8824,emergency,emergency,1,1,stop,,emergency_precedence,0,0
8825,movement,unknown,0,0,,,no_rule_hit,0,0
8826,unknown,unknown,1,0,,,no_rule_hit,0,0
8827,emergency,unknown,0,0,,,no_rule_hit,0,0
8828,emergency,emergency,1,1,yes,,emergency_precedence,0,0
8829,unknown,unknown,1,0,,,no_rule_hit,0,0
8830,movement,unknown,0,0,,,no_rule_hit,0,0
8831,movement,unknown,0,0,,,no_rule_hit,0,0
8832,emergency,unknown,0,0,,,no_rule_hit,0,0
8833,emergency,unknown,0,0,,,no_rule_hit,0,0
8834,emergency,unknown,0,0,,,no_rule_hit,0,0
8835,movement,unknown,0,0,,,no_rule_hit,0,0
8836,emergency,emergency,1,1,yes,,emergency_precedence,0,0
8837,movement,unknown,0,0,,,no_rule_hit,0,0
8838,movement,unknown,0,0,,,no_rule_hit,0,0
8839,emergency,emergency,1,1,wow,,emergency_precedence,0,0
8840,emergency,unknown,0,0,,,no_rule_hit,0,0
8841,unknown,unknown,1,0,,,no_rule_hit,0,0
8842,unknown,unknown,1,0,,,no_rule_hit,0,0
8843,unknown,unknown,1,0,,,no_rule_hit,0,0
8844,emergency,unknown,0,0,,,no_rule_hit,0,0
8845,movement,unknown,0,0,,,no_rule_hit,0,0
8846,unknown,unknown,1,0,,,no_rule_hit,0,0
8847,emergency,unknown,0,0,,,no_rule_hit,0,0
8848,unknown,unknown,1,0,,,no_rule_hit,0,0
8849,movement,unknown,0,0,,,no_rule_hit,0,0
8850,movement,unknown,0,0,,,no_rule_hit,0,0
8851,movement,unknown,0,0,,,no_rule_hit,0,0
8852,unknown,unknown,1,0,,,no_rule_hit,0,0
8853,emergency,emergency,1,1,yes,,emergency_precedence,0,0
8854,emergency,unknown,0,0,,,no_rule_hit,0,0
8855,unknown,unknown,1,0,,,no_rule_hit,0,0
8856,movement,unknown,0,0,,,no_rule_hit,0,0
8857,emergency,unknown,0,0,,,no_rule_hit,0,0
8858,unknown,unknown,1,0,,,no_rule_hit,0,0
8859,emergency,unknown,0,0,,,no_rule_hit,0,0
8860,unknown,unknown,1,0,,,no_rule_hit,0,0
8861,movement,movement,1,1,,go,movement_match,0,0
8862,emergency,unknown,0,0,,,no_rule_hit,0,0
8863,unknown,unknown,1,0,,,no_rule_hit,0,0
8864,unknown,unknown,1,0,,,no_rule_hit,0,0
8865,unknown,unknown,1,0,,,no_rule_hit,0,0
8866,unknown,unknown,1,0,,,no_rule_hit,0,0
8867,unknown,unknown,1,0,,,no_rule_hit,0,0
8868,unknown,unknown,1,0,,,no_rule_hit,0,0
8869,unknown,unknown,1,0,,,no_rule_hit,0,0
8870,emergency,unknown,0,0,,,no_rule_hit,0,0
8871,emergency,unknown,0,0,,,no_rule_hit,0,0
8872,unknown,unknown,1,0,,,no_rule_hit,0,0
8873,movement,unknown,0,0,,,no_rule_hit,0,0
8874,unknown,unknown,1,0,,,no_rule_hit,0,0
8875,emergency,unknown,0,0,,,no_rule_hit,0,0
8876,movement,unknown,0,0,,,no_rule_hit,0,0
8877,unknown,unknown,1,0,,,no_rule_hit,0,0
8878,unknown,unknown,1,0,,,no_rule_hit,0,0
8879,unknown,unknown,1,0,,,no_rule_hit,0,0
8880,unknown,unknown,1,0,,,no_rule_hit,0,0
8881,movement,unknown,0,0,,,no_rule_hit,0,0
8882,emergency,unknown,0,0,,,no_rule_hit,0,0
8883,unknown,unknown,1,0,,,no_rule_hit,0,0
8884,emergency,unknown,0,0,,,no_rule_hit,0,0
8885,unknown,unknown,1,0,,,no_rule_hit,0,0
8886,unknown,unknown,1,0,,,no_rule_hit,0,0
8887,emergency,unknown,0,0,,,no_rule_hit,0,0
8888,emergency,emergency,1,1,no,,emergency_precedence,0,0
8889,emergency,unknown,0,0,,,no_rule_hit,0,0
8890,unknown,unknown,1,0,,,no_rule_hit,0,0
8891,emergency,emergency,1,1,yes,,emergency_precedence,0,0
8892,emergency,unknown,0,0,,,no_rule_hit,0,0
8893,unknown,unknown,1,0,,,no_rule_hit,0,0
8894,emergency,unknown,0,0,,,no_rule_hit,0,0
8895,emergency,movement,0,1,,go,movement_match,0,0
8896,emergency,unknown,0,0,,,no_rule_hit,0,0
8897,movement,unknown,0,0,,,no_rule_hit,0,0
8898,unknown,unknown,1,0,,,no_rule_hit,0,0
8899,movement,movement,1,1,,right,movement_match,0,0
8900,unknown,unknown,1,0,,,no_rule_hit,0,0
8901,movement,unknown,0,0,,,no_rule_hit,0,0
8902,unknown,unknown,1,0,,,no_rule_hit,0,0
8903,movement,unknown,0,0,,,no_rule_hit,0,0
8904,movement,unknown,0,0,,,no_rule_hit,0,0
8905,unknown,unknown,1,0,,,no_rule_hit,0,0
8906,emergency,unknown,0,0,,,no_rule_hit,0,0
8907,movement,unknown,0,0,,,no_rule_hit,0,0
8908,unknown,unknown,1,0,,,no_rule_hit,0,0
8909,unknown,unknown,1,0,,,no_rule_hit,0,0
8910,emergency,unknown,0,0,,,no_rule_hit,0,0
8911,unknown,unknown,1,0,,,no_rule_hit,0,0
8912,unknown,emergency,0,1,help,,emergency_precedence,1,0
8913,unknown,unknown,1,0,,,no_rule_hit,0,0
8914,unknown,unknown,1,0,,,no_rule_hit,0,0
8915,movement,unknown,0,0,,,no_rule_hit,0,0
8916,emergency,unknown,0,0,,,no_rule_hit,0,0
8917,unknown,unknown,1,0,,,no_rule_hit,0,0
8918,movement,movement,1,1,,down,movement_match,0,0
8919,movement,unknown,0,0,,,no_rule_hit,0,0
8920,emergency,unknown,0,0,,,no_rule_hit,0,0
8921,movement,unknown,0,0,,,no_rule_hit,0,0
8922,emergency,unknown,0,0,,,no_rule_hit,0,0
8923,movement,unknown,0,0,,,no_rule_hit,0,0
8924,emergency,emergency,1,1,yes,,emergency_precedence,0,0
8925,movement,unknown,0,0,,,no_rule_hit,0,0
8926,emergency,unknown,0,0,,,no_rule_hit,0,0
8927,unknown,unknown,1,0,,,no_rule_hit,0,0
8928,emergency,unknown,0,0,,,no_rule_hit,0,0
8929,movement,unknown,0,0,,,no_rule_hit,0,0
8930,unknown,unknown,1,0,,,no_rule_hit,0,0
8931,unknown,unknown,1,0,,,no_rule_hit,0,0
8932,emergency,unknown,0,0,,,no_rule_hit,0,0
8933,unknown,unknown,1,0,,,no_rule_hit,0,0
8934,movement,unknown,0,0,,,no_rule_hit,0,0
8935,unknown,unknown,1,0,,,no_rule_hit,0,0
8936,emergency,unknown,0,0,,,no_rule_hit,0,0
8937,movement,unknown,0,0,,,no_rule_hit,0,0
8938,emergency,movement,0,1,,back,movement_match,0,0
8939,unknown,unknown,1,0,,,no_rule_hit,0,0
8940,unknown,unknown,1,0,,,no_rule_hit,0,0
8941,unknown,unknown,1,0,,,no_rule_hit,0,0
8942,unknown,unknown,1,0,,,no_rule_hit,0,0
8943,unknown,unknown,1,0,,,no_rule_hit,0,0
8944,emergency,unknown,0,0,,,no_rule_hit,0,0
8945,emergency,unknown,0,0,,,no_rule_hit,0,0
8946,unknown,unknown,1,0,,,no_rule_hit,0,0
8947,emergency,unknown,0,0,,,no_rule_hit,0,0
8948,movement,unknown,0,0,,,no_rule_hit,0,0
8949,unknown,unknown,1,0,,,no_rule_hit,0,0
8950,emergency,unknown,0,0,,,no_rule_hit,0,0
8951,unknown,movement,0,1,,go,movement_match,1,0
8952,unknown,unknown,1,0,,,no_rule_hit,0,0
8953,movement,unknown,0,0,,,no_rule_hit,0,0
8954,unknown,unknown,1,0,,,no_rule_hit,0,0
8955,emergency,unknown,0,0,,,no_rule_hit,0,0
8956,movement,unknown,0,0,,,no_rule_hit,0,0
8957,movement,unknown,0,0,,,no_rule_hit,0,0
8958,emergency,unknown,0,0,,,no_rule_hit,0,0
8959,movement,unknown,0,0,,,no_rule_hit,0,0
8960,emergency,emergency,1,1,stop,,emergency_precedence,0,0
8961,emergency,unknown,0,0,,,no_rule_hit,0,0
8962,emergency,unknown,0,0,,,no_rule_hit,0,0
8963,emergency,unknown,0,0,,,no_rule_hit,0,0
8964,unknown,unknown,1,0,,,no_rule_hit,0,0
8965,unknown,unknown,1,0,,,no_rule_hit,0,0
8966,unknown,unknown,1,0,,,no_rule_hit,0,0
8967,emergency,unknown,0,0,,,no_rule_hit,0,0
8968,unknown,unknown,1,0,,,no_rule_hit,0,0
8969,movement,unknown,0,0,,,no_rule_hit,0,0
8970,emergency,movement,0,1,,go,movement_match,0,0
8971,emergency,emergency,1,1,yes,,emergency_precedence,0,0
8972,unknown,unknown,1,0,,,no_rule_hit,0,0
8973,emergency,unknown,0,0,,,no_rule_hit,0,0
8974,emergency,unknown,0,0,,,no_rule_hit,0,0
8975,emergency,unknown,0,0,,,no_rule_hit,0,0
8976,emergency,unknown,0,0,,,no_rule_hit,0,0
8977,emergency,emergency,1,1,yes,,emergency_precedence,0,0
8978,movement,unknown,0,0,,,no_rule_hit,0,0
8979,movement,unknown,0,0,,,no_rule_hit,0,0
8980,movement,unknown,0,0,,,no_rule_hit,0,0
8981,movement,unknown,0,0,,,no_rule_hit,0,0
8982,unknown,unknown,1,0,,,no_rule_hit,0,0
8983,emergency,unknown,0,0,,,no_rule_hit,0,0
8984,emergency,unknown,0,0,,,no_rule_hit,0,0
8985,emergency,movement,0,1,,go,movement_match,0,0
8986,movement,unknown,0,0,,,no_rule_hit,0,0
8987,movement,emergency,0,1,no,,emergency_precedence,0,0
8988,unknown,unknown,1,0,,,no_rule_hit,0,0
8989,unknown,unknown,1,0,,,no_rule_hit,0,0
8990,emergency,unknown,0,0,,,no_rule_hit,0,0
8991,emergency,unknown,0,0,,,no_rule_hit,0,0
8992,movement,unknown,0,0,,,no_rule_hit,0,0
8993,emergency,unknown,0,0,,,no_rule_hit,0,0
8994,unknown,unknown,1,0,,,no_rule_hit,0,0
8995,movement,unknown,0,0,,,no_rule_hit,0,0
8996,emergency,unknown,0,0,,,no_rule_hit,0,0
8997,emergency,unknown,0,0,,,no_rule_hit,0,0
8998,unknown,unknown,1,0,,,no_rule_hit,0,0
8999,movement,unknown,0,0,,,no_rule_hit,0,0
9000,movement,unknown,0,0,,,no_rule_hit,0,0
9001,movement,unknown,0,0,,,no_rule_hit,0,0
9002,movement,unknown,0,0,,,no_rule_hit,0,0
9003,emergency,unknown,0,0,,,no_rule_hit,0,0
9004,movement,unknown,0,0,,,no_rule_hit,0,0
9005,emergency,unknown,0,0,,,no_rule_hit,0,0
9006,unknown,unknown,1,0,,,no_rule_hit,0,0
9007,movement,unknown,0,0,,,no_rule_hit,0,0
9008,unknown,unknown,1,0,,,no_rule_hit,0,0
9009,emergency,unknown,0,0,,,no_rule_hit,0,0
9010,movement,unknown,0,0,,,no_rule_hit,0,0
9011,movement,unknown,0,0,,,no_rule_hit,0,0
9012,emergency,emergency,1,1,no,,emergency_precedence,0,0
9013,emergency,unknown,0,0,,,no_rule_hit,0,0
9014,emergency,unknown,0,0,,,no_rule_hit,0,0
9015,movement,unknown,0,0,,,no_rule_hit,0,0
9016,emergency,unknown,0,0,,,no_rule_hit,0,0
9017,movement,unknown,0,0,,,no_rule_hit,0,0
9018,movement,unknown,0,0,,,no_rule_hit,0,0
9019,emergency,unknown,0,0,,,no_rule_hit,0,0
9020,emergency,unknown,0,0,,,no_rule_hit,0,0
9021,unknown,unknown,1,0,,,no_rule_hit,0,0
9022,movement,unknown,0,0,,,no_rule_hit,0,0
9023,movement,unknown,0,0,,,no_rule_hit,0,0
9024,unknown,unknown,1,0,,,no_rule_hit,0,0
9025,movement,unknown,0,0,,,no_rule_hit,0,0
9026,unknown,unknown,1,0,,,no_rule_hit,0,0
9027,unknown,unknown,1,0,,,no_rule_hit,0,0
9028,emergency,emergency,1,1,yes,,emergency_precedence,0,0
9029,unknown,unknown,1,0,,,no_rule_hit,0,0
9030,movement,unknown,0,0,,,no_rule_hit,0,0
9031,unknown,unknown,1,0,,,no_rule_hit,0,0
9032,emergency,unknown,0,0,,,no_rule_hit,0,0
9033,emergency,unknown,0,0,,,no_rule_hit,0,0
9034,emergency,unknown,0,0,,,no_rule_hit,0,0
9035,emergency,unknown,0,0,,,no_rule_hit,0,0
9036,emergency,unknown,0,0,,,no_rule_hit,0,0
9037,emergency,emergency,1,1,yes,,emergency_precedence,0,0
9038,movement,unknown,0,0,,,no_rule_hit,0,0
9039,unknown,unknown,1,0,,,no_rule_hit,0,0
9040,movement,unknown,0,0,,,no_rule_hit,0,0
9041,movement,movement,1,1,,left,movement_match,0,0
9042,movement,movement,1,1,,go,movement_match,0,0
9043,unknown,unknown,1,0,,,no_rule_hit,0,0
9044,movement,unknown,0,0,,,no_rule_hit,0,0
9045,unknown,unknown,1,0,,,no_rule_hit,0,0
9046,emergency,unknown,0,0,,,no_rule_hit,0,0
9047,emergency,emergency,1,1,yes,,emergency_precedence,0,0
9048,emergency,unknown,0,0,,,no_rule_hit,0,0
9049,movement,unknown,0,0,,,no_rule_hit,0,0
9050,movement,unknown,0,0,,,no_rule_hit,0,0
9051,movement,unknown,0,0,,,no_rule_hit,0,0
9052,emergency,unknown,0,0,,,no_rule_hit,0,0
9053,movement,unknown,0,0,,,no_rule_hit,0,0
9054,emergency,emergency,1,1,stop,,emergency_precedence,0,0
9055,movement,unknown,0,0,,,no_rule_hit,0,0
9056,emergency,unknown,0,0,,,no_rule_hit,0,0
9057,unknown,unknown,1,0,,,no_rule_hit,0,0
9058,unknown,unknown,1,0,,,no_rule_hit,0,0
9059,unknown,unknown,1,0,,,no_rule_hit,0,0
9060,emergency,unknown,0,0,,,no_rule_hit,0,0
9061,unknown,unknown,1,0,,,no_rule_hit,0,0
9062,emergency,unknown,0,0,,,no_rule_hit,0,0
9063,emergency,unknown,0,0,,,no_rule_hit,0,0
9064,emergency,emergency,1,1,stop,,emergency_precedence,0,0
9065,unknown,unknown,1,0,,,no_rule_hit,0,0
9066,emergency,emergency,1,1,no,,emergency_precedence,0,0
9067,movement,unknown,0,0,,,no_rule_hit,0,0
9068,unknown,unknown,1,0,,,no_rule_hit,0,0
9069,emergency,emergency,1,1,stop,,emergency_precedence,0,0
9070,movement,unknown,0,0,,,no_rule_hit,0,0
9071,emergency,unknown,0,0,,,no_rule_hit,0,0
9072,emergency,unknown,0,0,,,no_rule_hit,0,0
9073,unknown,unknown,1,0,,,no_rule_hit,0,0
9074,emergency,unknown,0,0,,,no_rule_hit,0,0
9075,emergency,unknown,0,0,,,no_rule_hit,0,0
9076,unknown,unknown,1,0,,,no_rule_hit,0,0
9077,emergency,unknown,0,0,,,no_rule_hit,0,0
9078,movement,movement,1,1,,down,movement_match,0,0
9079,unknown,unknown,1,0,,,no_rule_hit,0,0
9080,unknown,unknown,1,0,,,no_rule_hit,0,0
9081,emergency,emergency,1,1,stop,,emergency_precedence,0,0
9082,movement,unknown,0,0,,,no_rule_hit,0,0
9083,unknown,unknown,1,0,,,no_rule_hit,0,0
9084,emergency,unknown,0,0,,,no_rule_hit,0,0
9085,unknown,unknown,1,0,,,no_rule_hit,0,0
9086,unknown,unknown,1,0,,,no_rule_hit,0,0
9087,emergency,emergency,1,1,yes,,emergency_precedence,0,0
9088,movement,unknown,0,0,,,no_rule_hit,0,0
9089,movement,movement,1,1,,go,movement_match,0,0
9090,emergency,unknown,0,0,,,no_rule_hit,0,0
9091,unknown,unknown,1,0,,,no_rule_hit,0,0
9092,unknown,unknown,1,0,,,no_rule_hit,0,0
9093,movement,unknown,0,0,,,no_rule_hit,0,0
9094,emergency,unknown,0,0,,,no_rule_hit,0,0
9095,emergency,emergency,1,1,no,,emergency_precedence,0,0
9096,emergency,emergency,1,1,yes,,emergency_precedence,0,0
9097,unknown,unknown,1,0,,,no_rule_hit,0,0
9098,emergency,unknown,0,0,,,no_rule_hit,0,0
9099,emergency,unknown,0,0,,,no_rule_hit,0,0
9100,movement,unknown,0,0,,,no_rule_hit,0,0
9101,movement,unknown,0,0,,,no_rule_hit,0,0
9102,emergency,unknown,0,0,,,no_rule_hit,0,0
9103,unknown,unknown,1,0,,,no_rule_hit,0,0
9104,movement,unknown,0,0,,,no_rule_hit,0,0
9105,movement,unknown,0,0,,,no_rule_hit,0,0
9106,emergency,unknown,0,0,,,no_rule_hit,0,0
9107,emergency,unknown,0,0,,,no_rule_hit,0,0
9108,emergency,unknown,0,0,,,no_rule_hit,0,0
9109,emergency,unknown,0,0,,,no_rule_hit,0,0
9110,emergency,unknown,0,0,,,no_rule_hit,0,0
9111,movement,unknown,0,0,,,no_rule_hit,0,0
9112,emergency,unknown,0,0,,,no_rule_hit,0,0
9113,emergency,unknown,0,0,,,no_rule_hit,0,0
9114,unknown,unknown,1,0,,,no_rule_hit,0,0
9115,movement,unknown,0,0,,,no_rule_hit,0,0
9116,emergency,emergency,1,1,wow,,emergency_precedence,0,0
9117,unknown,unknown,1,0,,,no_rule_hit,0,0
9118,emergency,unknown,0,0,,,no_rule_hit,0,0
9119,movement,movement,1,1,,right,movement_match,0,0
9120,unknown,unknown,1,0,,,no_rule_hit,0,0
9121,unknown,unknown,1,0,,,no_rule_hit,0,0
9122,movement,unknown,0,0,,,no_rule_hit,0,0
9123,unknown,unknown,1,0,,,no_rule_hit,0,0
9124,emergency,emergency,1,1,yes,,emergency_precedence,0,0
9125,movement,unknown,0,0,,,no_rule_hit,0,0
9126,emergency,emergency,1,1,wow,,emergency_precedence,0,0
9127,movement,unknown,0,0,,,no_rule_hit,0,0
9128,movement,unknown,0,0,,,no_rule_hit,0,0
9129,movement,unknown,0,0,,,no_rule_hit,0,0
9130,emergency,emergency,1,1,stop,,emergency_precedence,0,0
9131,movement,unknown,0,0,,,no_rule_hit,0,0
9132,emergency,emergency,1,1,no,,emergency_precedence,0,0
9133,movement,unknown,0,0,,,no_rule_hit,0,0
9134,movement,unknown,0,0,,,no_rule_hit,0,0
9135,emergency,emergency,1,1,stop,,emergency_precedence,0,0
9136,movement,unknown,0,0,,,no_rule_hit,0,0
9137,movement,unknown,0,0,,,no_rule_hit,0,0
9138,unknown,unknown,1,0,,,no_rule_hit,0,0
9139,emergency,unknown,0,0,,,no_rule_hit,0,0
9140,emergency,emergency,1,1,yes,,emergency_precedence,0,0
9141,unknown,unknown,1,0,,,no_rule_hit,0,0
9142,unknown,unknown,1,0,,,no_rule_hit,0,0
9143,unknown,unknown,1,0,,,no_rule_hit,0,0
9144,movement,unknown,0,0,,,no_rule_hit,0,0
9145,movement,unknown,0,0,,,no_rule_hit,0,0
9146,unknown,unknown,1,0,,,no_rule_hit,0,0
9147,movement,unknown,0,0,,,no_rule_hit,0,0
9148,unknown,unknown,1,0,,,no_rule_hit,0,0
9149,movement,unknown,0,0,,,no_rule_hit,0,0
9150,emergency,movement,0,1,,back,movement_match,0,0
9151,unknown,unknown,1,0,,,no_rule_hit,0,0
9152,emergency,unknown,0,0,,,no_rule_hit,0,0
9153,movement,unknown,0,0,,,no_rule_hit,0,0
9154,emergency,unknown,0,0,,,no_rule_hit,0,0
9155,emergency,unknown,0,0,,,no_rule_hit,0,0
9156,unknown,unknown,1,0,,,no_rule_hit,0,0
9157,movement,unknown,0,0,,,no_rule_hit,0,0
9158,unknown,unknown,1,0,,,no_rule_hit,0,0
9159,emergency,unknown,0,0,,,no_rule_hit,0,0
9160,emergency,emergency,1,1,yes,,emergency_precedence,0,0
9161,emergency,unknown,0,0,,,no_rule_hit,0,0
9162,unknown,unknown,1,0,,,no_rule_hit,0,0
9163,unknown,unknown,1,0,,,no_rule_hit,0,0
9164,unknown,unknown,1,0,,,no_rule_hit,0,0
9165,unknown,unknown,1,0,,,no_rule_hit,0,0
9166,emergency,unknown,0,0,,,no_rule_hit,0,0
9167,movement,unknown,0,0,,,no_rule_hit,0,0
9168,movement,unknown,0,0,,,no_rule_hit,0,0
9169,unknown,unknown,1,0,,,no_rule_hit,0,0
9170,unknown,unknown,1,0,,,no_rule_hit,0,0
9171,emergency,unknown,0,0,,,no_rule_hit,0,0
9172,unknown,unknown,1,0,,,no_rule_hit,0,0
9173,emergency,unknown,0,0,,,no_rule_hit,0,0
9174,movement,unknown,0,0,,,no_rule_hit,0,0
9175,emergency,unknown,0,0,,,no_rule_hit,0,0
9176,emergency,unknown,0,0,,,no_rule_hit,0,0
9177,emergency,emergency,1,1,yes,,emergency_precedence,0,0
9178,unknown,unknown,1,0,,,no_rule_hit,0,0
9179,emergency,unknown,0,0,,,no_rule_hit,0,0
9180,emergency,unknown,0,0,,,no_rule_hit,0,0
9181,movement,unknown,0,0,,,no_rule_hit,0,0
9182,emergency,movement,0,1,,go,movement_match,0,0
9183,unknown,unknown,1,0,,,no_rule_hit,0,0
9184,unknown,unknown,1,0,,,no_rule_hit,0,0
9185,movement,unknown,0,0,,,no_rule_hit,0,0
9186,emergency,unknown,0,0,,,no_rule_hit,0,0
9187,movement,unknown,0,0,,,no_rule_hit,0,0
9188,unknown,unknown,1,0,,,no_rule_hit,0,0
9189,unknown,unknown,1,0,,,no_rule_hit,0,0
9190,movement,unknown,0,0,,,no_rule_hit,0,0
9191,movement,unknown,0,0,,,no_rule_hit,0,0
9192,emergency,unknown,0,0,,,no_rule_hit,0,0
9193,unknown,unknown,1,0,,,no_rule_hit,0,0
9194,movement,movement,1,1,,right,movement_match,0,0
9195,unknown,unknown,1,0,,,no_rule_hit,0,0
9196,unknown,unknown,1,0,,,no_rule_hit,0,0
9197,unknown,unknown,1,0,,,no_rule_hit,0,0
9198,emergency,movement,0,1,,go,movement_match,0,0
9199,movement,movement,1,1,,go,movement_match,0,0
9200,movement,unknown,0,0,,,no_rule_hit,0,0
9201,unknown,unknown,1,0,,,no_rule_hit,0,0
9202,movement,unknown,0,0,,,no_rule_hit,0,0
9203,movement,unknown,0,0,,,no_rule_hit,0,0
9204,unknown,unknown,1,0,,,no_rule_hit,0,0
9205,movement,unknown,0,0,,,no_rule_hit,0,0
9206,unknown,unknown,1,0,,,no_rule_hit,0,0
9207,movement,unknown,0,0,,,no_rule_hit,0,0
9208,movement,unknown,0,0,,,no_rule_hit,0,0
9209,movement,unknown,0,0,,,no_rule_hit,0,0
9210,unknown,unknown,1,0,,,no_rule_hit,0,0
9211,movement,unknown,0,0,,,no_rule_hit,0,0
9212,emergency,emergency,1,1,stop,,emergency_precedence,0,0
9213,unknown,unknown,1,0,,,no_rule_hit,0,0
9214,unknown,unknown,1,0,,,no_rule_hit,0,0
9215,unknown,unknown,1,0,,,no_rule_hit,0,0
9216,unknown,unknown,1,0,,,no_rule_hit,0,0
9217,emergency,emergency,1,1,stop,,emergency_precedence,0,0
9218,unknown,unknown,1,0,,,no_rule_hit,0,0
9219,emergency,unknown,0,0,,,no_rule_hit,0,0
9220,unknown,unknown,1,0,,,no_rule_hit,0,0
9221,movement,unknown,0,0,,,no_rule_hit,0,0
9222,movement,unknown,0,0,,,no_rule_hit,0,0
9223,unknown,unknown,1,0,,,no_rule_hit,0,0
9224,movement,unknown,0,0,,,no_rule_hit,0,0
9225,movement,unknown,0,0,,,no_rule_hit,0,0
9226,movement,unknown,0,0,,,no_rule_hit,0,0
9227,emergency,unknown,0,0,,,no_rule_hit,0,0
9228,unknown,unknown,1,0,,,no_rule_hit,0,0
9229,unknown,unknown,1,0,,,no_rule_hit,0,0
9230,unknown,unknown,1,0,,,no_rule_hit,0,0
9231,unknown,unknown,1,0,,,no_rule_hit,0,0
9232,unknown,unknown,1,0,,,no_rule_hit,0,0
9233,unknown,unknown,1,0,,,no_rule_hit,0,0
9234,unknown,unknown,1,0,,,no_rule_hit,0,0
9235,movement,unknown,0,0,,,no_rule_hit,0,0
9236,emergency,unknown,0,0,,,no_rule_hit,0,0
9237,emergency,unknown,0,0,,,no_rule_hit,0,0
9238,emergency,unknown,0,0,,,no_rule_hit,0,0
9239,emergency,unknown,0,0,,,no_rule_hit,0,0
9240,emergency,unknown,0,0,,,no_rule_hit,0,0
9241,emergency,emergency,1,1,yes,,emergency_precedence,0,0
9242,emergency,unknown,0,0,,,no_rule_hit,0,0
9243,emergency,unknown,0,0,,,no_rule_hit,0,0
9244,unknown,unknown,1,0,,,no_rule_hit,0,0
9245,emergency,unknown,0,0,,,no_rule_hit,0,0
9246,unknown,unknown,1,0,,,no_rule_hit,0,0
9247,movement,unknown,0,0,,,no_rule_hit,0,0
9248,unknown,unknown,1,0,,,no_rule_hit,0,0
9249,unknown,unknown,1,0,,,no_rule_hit,0,0
9250,unknown,unknown,1,0,,,no_rule_hit,0,0
9251,unknown,unknown,1,0,,,no_rule_hit,0,0
9252,unknown,unknown,1,0,,,no_rule_hit,0,0
9253,movement,unknown,0,0,,,no_rule_hit,0,0
9254,movement,unknown,0,0,,,no_rule_hit,0,0
9255,movement,unknown,0,0,,,no_rule_hit,0,0
9256,unknown,movement,0,1,,go on,movement_match,1,0
9257,unknown,unknown,1,0,,,no_rule_hit,0,0
9258,unknown,unknown,1,0,,,no_rule_hit,0,0
9259,movement,unknown,0,0,,,no_rule_hit,0,0
9260,emergency,unknown,0,0,,,no_rule_hit,0,0
9261,unknown,movement,0,1,,go,movement_match,1,0
9262,emergency,movement,0,1,,go,movement_match,0,0
9263,movement,unknown,0,0,,,no_rule_hit,0,0
9264,emergency,emergency,1,1,no,,emergency_precedence,0,0
9265,movement,unknown,0,0,,,no_rule_hit,0,0
9266,movement,unknown,0,0,,,no_rule_hit,0,0
9267,emergency,movement,0,1,,go,movement_match,0,0
9268,emergency,unknown,0,0,,,no_rule_hit,0,0
9269,movement,unknown,0,0,,,no_rule_hit,0,0
9270,emergency,unknown,0,0,,,no_rule_hit,0,0
9271,emergency,unknown,0,0,,,no_rule_hit,0,0
9272,emergency,unknown,0,0,,,no_rule_hit,0,0
9273,emergency,unknown,0,0,,,no_rule_hit,0,0
9274,unknown,unknown,1,0,,,no_rule_hit,0,0
9275,unknown,unknown,1,0,,,no_rule_hit,0,0
9276,unknown,unknown,1,0,,,no_rule_hit,0,0
9277,emergency,unknown,0,0,,,no_rule_hit,0,0
9278,emergency,unknown,0,0,,,no_rule_hit,0,0
9279,emergency,emergency,1,1,stop,,emergency_precedence,0,0
9280,emergency,emergency,1,1,yes,,emergency_precedence,0,0
9281,movement,unknown,0,0,,,no_rule_hit,0,0
9282,movement,unknown,0,0,,,no_rule_hit,0,0
9283,movement,movement,1,1,,down,movement_match,0,0
9284,unknown,unknown,1,0,,,no_rule_hit,0,0
9285,unknown,unknown,1,0,,,no_rule_hit,0,0
9286,emergency,unknown,0,0,,,no_rule_hit,0,0
9287,movement,unknown,0,0,,,no_rule_hit,0,0
9288,movement,movement,1,1,,go,movement_match,0,0
9289,emergency,unknown,0,0,,,no_rule_hit,0,0
9290,movement,unknown,0,0,,,no_rule_hit,0,0
9291,movement,movement,1,1,,down,movement_match,0,0
9292,emergency,unknown,0,0,,,no_rule_hit,0,0
9293,movement,unknown,0,0,,,no_rule_hit,0,0
9294,emergency,emergency,1,1,yes,,emergency_precedence,0,0
9295,movement,unknown,0,0,,,no_rule_hit,0,0
9296,emergency,unknown,0,0,,,no_rule_hit,0,0
9297,emergency,unknown,0,0,,,no_rule_hit,0,0
9298,unknown,unknown,1,0,,,no_rule_hit,0,0
9299,movement,unknown,0,0,,,no_rule_hit,0,0
9300,movement,unknown,0,0,,,no_rule_hit,0,0
9301,movement,unknown,0,0,,,no_rule_hit,0,0
9302,unknown,unknown,1,0,,,no_rule_hit,0,0
9303,unknown,unknown,1,0,,,no_rule_hit,0,0
9304,movement,unknown,0,0,,,no_rule_hit,0,0
9305,emergency,unknown,0,0,,,no_rule_hit,0,0
9306,unknown,unknown,1,0,,,no_rule_hit,0,0
9307,emergency,unknown,0,0,,,no_rule_hit,0,0
9308,emergency,unknown,0,0,,,no_rule_hit,0,0
9309,emergency,unknown,0,0,,,no_rule_hit,0,0
9310,unknown,unknown,1,0,,,no_rule_hit,0,0
9311,unknown,unknown,1,0,,,no_rule_hit,0,0
9312,movement,unknown,0,0,,,no_rule_hit,0,0
9313,emergency,movement,0,1,,back,movement_match,0,0
9314,emergency,emergency,1,1,no,,emergency_precedence,0,0
9315,emergency,unknown,0,0,,,no_rule_hit,0,0
9316,unknown,unknown,1,0,,,no_rule_hit,0,0
9317,movement,unknown,0,0,,,no_rule_hit,0,0
9318,emergency,unknown,0,0,,,no_rule_hit,0,0
9319,emergency,unknown,0,0,,,no_rule_hit,0,0
9320,unknown,unknown,1,0,,,no_rule_hit,0,0
9321,movement,unknown,0,0,,,no_rule_hit,0,0
9322,unknown,unknown,1,0,,,no_rule_hit,0,0
9323,emergency,unknown,0,0,,,no_rule_hit,0,0
9324,emergency,emergency,1,1,yes,,emergency_precedence,0,0
9325,unknown,unknown,1,0,,,no_rule_hit,0,0
9326,movement,unknown,0,0,,,no_rule_hit,0,0
9327,unknown,unknown,1,0,,,no_rule_hit,0,0
9328,emergency,unknown,0,0,,,no_rule_hit,0,0
9329,movement,unknown,0,0,,,no_rule_hit,0,0
9330,emergency,unknown,0,0,,,no_rule_hit,0,0
9331,movement,unknown,0,0,,,no_rule_hit,0,0
9332,emergency,unknown,0,0,,,no_rule_hit,0,0
9333,unknown,unknown,1,0,,,no_rule_hit,0,0
9334,unknown,unknown,1,0,,,no_rule_hit,0,0
9335,unknown,unknown,1,0,,,no_rule_hit,0,0
9336,emergency,unknown,0,0,,,no_rule_hit,0,0
9337,unknown,unknown,1,0,,,no_rule_hit,0,0
9338,emergency,unknown,0,0,,,no_rule_hit,0,0
9339,emergency,unknown,0,0,,,no_rule_hit,0,0
9340,movement,unknown,0,0,,,no_rule_hit,0,0
9341,movement,unknown,0,0,,,no_rule_hit,0,0
9342,movement,unknown,0,0,,,no_rule_hit,0,0
9343,movement,unknown,0,0,,,no_rule_hit,0,0
9344,movement,unknown,0,0,,,no_rule_hit,0,0
9345,movement,movement,1,1,,go,movement_match,0,0
9346,movement,unknown,0,0,,,no_rule_hit,0,0
9347,movement,unknown,0,0,,,no_rule_hit,0,0
9348,emergency,unknown,0,0,,,no_rule_hit,0,0
9349,emergency,unknown,0,0,,,no_rule_hit,0,0
9350,unknown,unknown,1,0,,,no_rule_hit,0,0
9351,movement,unknown,0,0,,,no_rule_hit,0,0
9352,emergency,unknown,0,0,,,no_rule_hit,0,0
9353,emergency,unknown,0,0,,,no_rule_hit,0,0
9354,unknown,unknown,1,0,,,no_rule_hit,0,0
9355,unknown,unknown,1,0,,,no_rule_hit,0,0
9356,emergency,unknown,0,0,,,no_rule_hit,0,0
9357,movement,unknown,0,0,,,no_rule_hit,0,0
9358,movement,unknown,0,0,,,no_rule_hit,0,0
9359,movement,unknown,0,0,,,no_rule_hit,0,0
9360,unknown,unknown,1,0,,,no_rule_hit,0,0
9361,emergency,unknown,0,0,,,no_rule_hit,0,0
9362,emergency,unknown,0,0,,,no_rule_hit,0,0
9363,movement,unknown,0,0,,,no_rule_hit,0,0
9364,unknown,unknown,1,0,,,no_rule_hit,0,0
9365,unknown,unknown,1,0,,,no_rule_hit,0,0
9366,unknown,unknown,1,0,,,no_rule_hit,0,0
9367,unknown,unknown,1,0,,,no_rule_hit,0,0
9368,emergency,unknown,0,0,,,no_rule_hit,0,0
9369,unknown,unknown,1,0,,,no_rule_hit,0,0
9370,unknown,unknown,1,0,,,no_rule_hit,0,0
9371,movement,unknown,0,0,,,no_rule_hit,0,0
9372,emergency,unknown,0,0,,,no_rule_hit,0,0
9373,emergency,emergency,1,1,yes,,emergency_precedence,0,0
9374,emergency,emergency,1,1,yes,,emergency_precedence,0,0
9375,emergency,unknown,0,0,,,no_rule_hit,0,0
9376,movement,unknown,0,0,,,no_rule_hit,0,0
9377,emergency,unknown,0,0,,,no_rule_hit,0,0
9378,unknown,unknown,1,0,,,no_rule_hit,0,0
9379,movement,unknown,0,0,,,no_rule_hit,0,0
9380,emergency,unknown,0,0,,,no_rule_hit,0,0
9381,unknown,unknown,1,0,,,no_rule_hit,0,0
9382,unknown,unknown,1,0,,,no_rule_hit,0,0
9383,movement,unknown,0,0,,,no_rule_hit,0,0
9384,movement,unknown,0,0,,,no_rule_hit,0,0
9385,movement,unknown,0,0,,,no_rule_hit,0,0
9386,emergency,unknown,0,0,,,no_rule_hit,0,0
9387,movement,unknown,0,0,,,no_rule_hit,0,0
9388,emergency,emergency,1,1,stop,,emergency_precedence,0,0
9389,movement,unknown,0,0,,,no_rule_hit,0,0
9390,movement,unknown,0,0,,,no_rule_hit,0,0
9391,unknown,unknown,1,0,,,no_rule_hit,0,0
9392,movement,unknown,0,0,,,no_rule_hit,0,0
9393,movement,unknown,0,0,,,no_rule_hit,0,0
9394,movement,unknown,0,0,,,no_rule_hit,0,0
9395,movement,unknown,0,0,,,no_rule_hit,0,0
9396,emergency,unknown,0,0,,,no_rule_hit,0,0
9397,unknown,unknown,1,0,,,no_rule_hit,0,0
9398,emergency,emergency,1,1,yes,,emergency_precedence,0,0
9399,emergency,unknown,0,0,,,no_rule_hit,0,0
9400,emergency,emergency,1,1,stop,,emergency_precedence,0,0
9401,movement,unknown,0,0,,,no_rule_hit,0,0
9402,movement,unknown,0,0,,,no_rule_hit,0,0
9403,unknown,unknown,1,0,,,no_rule_hit,0,0
9404,unknown,unknown,1,0,,,no_rule_hit,0,0
9405,movement,unknown,0,0,,,no_rule_hit,0,0
9406,unknown,unknown,1,0,,,no_rule_hit,0,0
9407,movement,unknown,0,0,,,no_rule_hit,0,0
9408,unknown,unknown,1,0,,,no_rule_hit,0,0
9409,movement,movement,1,1,,go,movement_match,0,0
9410,unknown,unknown,1,0,,,no_rule_hit,0,0
9411,movement,unknown,0,0,,,no_rule_hit,0,0
9412,unknown,unknown,1,0,,,no_rule_hit,0,0
9413,unknown,unknown,1,0,,,no_rule_hit,0,0
9414,movement,unknown,0,0,,,no_rule_hit,0,0
9415,movement,unknown,0,0,,,no_rule_hit,0,0
9416,movement,unknown,0,0,,,no_rule_hit,0,0
9417,unknown,unknown,1,0,,,no_rule_hit,0,0
9418,movement,unknown,0,0,,,no_rule_hit,0,0
9419,unknown,unknown,1,0,,,no_rule_hit,0,0
9420,emergency,unknown,0,0,,,no_rule_hit,0,0
9421,movement,unknown,0,0,,,no_rule_hit,0,0
9422,unknown,unknown,1,0,,,no_rule_hit,0,0
9423,unknown,unknown,1,0,,,no_rule_hit,0,0
9424,emergency,movement,0,1,,go,movement_match,0,0
9425,unknown,unknown,1,0,,,no_rule_hit,0,0
9426,movement,unknown,0,0,,,no_rule_hit,0,0
9427,movement,unknown,0,0,,,no_rule_hit,0,0
9428,unknown,unknown,1,0,,,no_rule_hit,0,0
9429,unknown,unknown,1,0,,,no_rule_hit,0,0
9430,emergency,unknown,0,0,,,no_rule_hit,0,0
9431,emergency,unknown,0,0,,,no_rule_hit,0,0
9432,emergency,emergency,1,1,no,,emergency_precedence,0,0
9433,emergency,emergency,1,1,yes,,emergency_precedence,0,0
9434,unknown,unknown,1,0,,,no_rule_hit,0,0
9435,movement,unknown,0,0,,,no_rule_hit,0,0
9436,emergency,emergency,1,1,wow,,emergency_precedence,0,0
9437,emergency,unknown,0,0,,,no_rule_hit,0,0
9438,unknown,unknown,1,0,,,no_rule_hit,0,0
9439,movement,unknown,0,0,,,no_rule_hit,0,0
9440,emergency,emergency,1,1,stop,,emergency_precedence,0,0
9441,unknown,unknown,1,0,,,no_rule_hit,0,0
9442,unknown,emergency,0,1,help,,emergency_precedence,1,0
9443,movement,unknown,0,0,,,no_rule_hit,0,0
9444,emergency,unknown,0,0,,,no_rule_hit,0,0
9445,unknown,unknown,1,0,,,no_rule_hit,0,0
9446,unknown,unknown,1,0,,,no_rule_hit,0,0
9447,emergency,unknown,0,0,,,no_rule_hit,0,0
9448,unknown,unknown,1,0,,,no_rule_hit,0,0
9449,emergency,unknown,0,0,,,no_rule_hit,0,0
9450,emergency,emergency,1,1,no,,emergency_precedence,0,0
9451,unknown,unknown,1,0,,,no_rule_hit,0,0
9452,unknown,unknown,1,0,,,no_rule_hit,0,0
9453,unknown,unknown,1,0,,,no_rule_hit,0,0
9454,unknown,unknown,1,0,,,no_rule_hit,0,0
9455,unknown,unknown,1,0,,,no_rule_hit,0,0
9456,emergency,emergency,1,1,yes,,emergency_precedence,0,0
9457,movement,unknown,0,0,,,no_rule_hit,0,0
9458,unknown,unknown,1,0,,,no_rule_hit,0,0
9459,unknown,unknown,1,0,,,no_rule_hit,0,0
9460,unknown,unknown,1,0,,,no_rule_hit,0,0
9461,emergency,unknown,0,0,,,no_rule_hit,0,0
9462,movement,unknown,0,0,,,no_rule_hit,0,0
9463,unknown,unknown,1,0,,,no_rule_hit,0,0
9464,unknown,unknown,1,0,,,no_rule_hit,0,0
9465,unknown,unknown,1,0,,,no_rule_hit,0,0
9466,emergency,unknown,0,0,,,no_rule_hit,0,0
9467,movement,unknown,0,0,,,no_rule_hit,0,0
9468,emergency,unknown,0,0,,,no_rule_hit,0,0
9469,emergency,unknown,0,0,,,no_rule_hit,0,0
9470,emergency,unknown,0,0,,,no_rule_hit,0,0
9471,emergency,unknown,0,0,,,no_rule_hit,0,0
9472,unknown,unknown,1,0,,,no_rule_hit,0,0
9473,movement,movement,1,1,,go,movement_match,0,0
9474,emergency,unknown,0,0,,,no_rule_hit,0,0
9475,emergency,unknown,0,0,,,no_rule_hit,0,0
9476,unknown,unknown,1,0,,,no_rule_hit,0,0
9477,emergency,emergency,1,1,yes,,emergency_precedence,0,0
9478,emergency,emergency,1,1,yes,,emergency_precedence,0,0
9479,emergency,unknown,0,0,,,no_rule_hit,0,0
9480,unknown,unknown,1,0,,,no_rule_hit,0,0
9481,emergency,unknown,0,0,,,no_rule_hit,0,0
9482,emergency,unknown,0,0,,,no_rule_hit,0,0
9483,unknown,unknown,1,0,,,no_rule_hit,0,0
9484,movement,unknown,0,0,,,no_rule_hit,0,0
9485,emergency,emergency,1,1,yes,,emergency_precedence,0,0
9486,movement,unknown,0,0,,,no_rule_hit,0,0
9487,movement,unknown,0,0,,,no_rule_hit,0,0
9488,movement,movement,1,1,,right,movement_match,0,0
9489,unknown,unknown,1,0,,,no_rule_hit,0,0
9490,movement,unknown,0,0,,,no_rule_hit,0,0
9491,movement,unknown,0,0,,,no_rule_hit,0,0
9492,unknown,unknown,1,0,,,no_rule_hit,0,0
9493,emergency,unknown,0,0,,,no_rule_hit,0,0
9494,emergency,unknown,0,0,,,no_rule_hit,0,0
9495,movement,unknown,0,0,,,no_rule_hit,0,0
9496,emergency,unknown,0,0,,,no_rule_hit,0,0
9497,movement,unknown,0,0,,,no_rule_hit,0,0
9498,emergency,unknown,0,0,,,no_rule_hit,0,0
9499,unknown,unknown,1,0,,,no_rule_hit,0,0
9500,unknown,unknown,1,0,,,no_rule_hit,0,0
9501,unknown,unknown,1,0,,,no_rule_hit,0,0
9502,emergency,unknown,0,0,,,no_rule_hit,0,0
9503,movement,unknown,0,0,,,no_rule_hit,0,0
9504,emergency,unknown,0,0,,,no_rule_hit,0,0
9505,emergency,emergency,1,1,yes,,emergency_precedence,0,0
9506,emergency,unknown,0,0,,,no_rule_hit,0,0
9507,movement,unknown,0,0,,,no_rule_hit,0,0
9508,unknown,unknown,1,0,,,no_rule_hit,0,0
9509,movement,unknown,0,0,,,no_rule_hit,0,0
9510,emergency,unknown,0,0,,,no_rule_hit,0,0
9511,movement,unknown,0,0,,,no_rule_hit,0,0
9512,unknown,unknown,1,0,,,no_rule_hit,0,0
9513,emergency,unknown,0,0,,,no_rule_hit,0,0
9514,movement,unknown,0,0,,,no_rule_hit,0,0
9515,movement,movement,1,1,,down,movement_match,0,0
9516,emergency,unknown,0,0,,,no_rule_hit,0,0
9517,unknown,unknown,1,0,,,no_rule_hit,0,0
9518,unknown,unknown,1,0,,,no_rule_hit,0,0
9519,movement,unknown,0,0,,,no_rule_hit,0,0
9520,unknown,unknown,1,0,,,no_rule_hit,0,0
9521,movement,unknown,0,0,,,no_rule_hit,0,0
9522,emergency,unknown,0,0,,,no_rule_hit,0,0
9523,unknown,unknown,1,0,,,no_rule_hit,0,0
9524,unknown,unknown,1,0,,,no_rule_hit,0,0
9525,unknown,unknown,1,0,,,no_rule_hit,0,0
9526,unknown,unknown,1,0,,,no_rule_hit,0,0
9527,emergency,unknown,0,0,,,no_rule_hit,0,0
9528,unknown,unknown,1,0,,,no_rule_hit,0,0
9529,movement,movement,1,1,,down,movement_match,0,0
9530,unknown,unknown,1,0,,,no_rule_hit,0,0
9531,unknown,unknown,1,0,,,no_rule_hit,0,0
9532,emergency,emergency,1,1,yes,,emergency_precedence,0,0
9533,unknown,unknown,1,0,,,no_rule_hit,0,0
9534,movement,unknown,0,0,,,no_rule_hit,0,0
9535,unknown,unknown,1,0,,,no_rule_hit,0,0
9536,emergency,unknown,0,0,,,no_rule_hit,0,0
9537,unknown,unknown,1,0,,,no_rule_hit,0,0
9538,unknown,unknown,1,0,,,no_rule_hit,0,0
9539,movement,unknown,0,0,,,no_rule_hit,0,0
9540,unknown,unknown,1,0,,,no_rule_hit,0,0
9541,unknown,unknown,1,0,,,no_rule_hit,0,0
9542,emergency,unknown,0,0,,,no_rule_hit,0,0
9543,unknown,unknown,1,0,,,no_rule_hit,0,0
9544,unknown,unknown,1,0,,,no_rule_hit,0,0
9545,unknown,unknown,1,0,,,no_rule_hit,0,0
9546,emergency,unknown,0,0,,,no_rule_hit,0,0
9547,movement,unknown,0,0,,,no_rule_hit,0,0
9548,unknown,unknown,1,0,,,no_rule_hit,0,0
9549,unknown,unknown,1,0,,,no_rule_hit,0,0
9550,unknown,unknown,1,0,,,no_rule_hit,0,0
9551,unknown,unknown,1,0,,,no_rule_hit,0,0
9552,emergency,emergency,1,1,wow,,emergency_precedence,0,0
9553,unknown,unknown,1,0,,,no_rule_hit,0,0
9554,emergency,unknown,0,0,,,no_rule_hit,0,0
9555,emergency,unknown,0,0,,,no_rule_hit,0,0
9556,unknown,unknown,1,0,,,no_rule_hit,0,0
9557,movement,unknown,0,0,,,no_rule_hit,0,0
9558,unknown,unknown,1,0,,,no_rule_hit,0,0
9559,movement,unknown,0,0,,,no_rule_hit,0,0
9560,unknown,unknown,1,0,,,no_rule_hit,0,0
9561,unknown,unknown,1,0,,,no_rule_hit,0,0
9562,movement,unknown,0,0,,,no_rule_hit,0,0
9563,movement,movement,1,1,,down,movement_match,0,0
9564,movement,unknown,0,0,,,no_rule_hit,0,0
9565,emergency,unknown,0,0,,,no_rule_hit,0,0
9566,emergency,unknown,0,0,,,no_rule_hit,0,0
9567,emergency,unknown,0,0,,,no_rule_hit,0,0
9568,movement,unknown,0,0,,,no_rule_hit,0,0
9569,movement,unknown,0,0,,,no_rule_hit,0,0
9570,movement,unknown,0,0,,,no_rule_hit,0,0
9571,emergency,emergency,1,1,no,,emergency_precedence,0,0
9572,emergency,unknown,0,0,,,no_rule_hit,0,0
9573,emergency,unknown,0,0,,,no_rule_hit,0,0
9574,unknown,unknown,1,0,,,no_rule_hit,0,0
9575,unknown,unknown,1,0,,,no_rule_hit,0,0
9576,movement,unknown,0,0,,,no_rule_hit,0,0
9577,movement,unknown,0,0,,,no_rule_hit,0,0
9578,movement,unknown,0,0,,,no_rule_hit,0,0
9579,emergency,unknown,0,0,,,no_rule_hit,0,0
9580,emergency,unknown,0,0,,,no_rule_hit,0,0
9581,movement,unknown,0,0,,,no_rule_hit,0,0
9582,emergency,unknown,0,0,,,no_rule_hit,0,0
9583,unknown,unknown,1,0,,,no_rule_hit,0,0
9584,movement,unknown,0,0,,,no_rule_hit,0,0
9585,unknown,unknown,1,0,,,no_rule_hit,0,0
9586,movement,unknown,0,0,,,no_rule_hit,0,0
9587,emergency,unknown,0,0,,,no_rule_hit,0,0
9588,movement,unknown,0,0,,,no_rule_hit,0,0
9589,emergency,unknown,0,0,,,no_rule_hit,0,0
9590,unknown,unknown,1,0,,,no_rule_hit,0,0
9591,emergency,unknown,0,0,,,no_rule_hit,0,0
9592,emergency,unknown,0,0,,,no_rule_hit,0,0
9593,unknown,unknown,1,0,,,no_rule_hit,0,0
9594,unknown,unknown,1,0,,,no_rule_hit,0,0
9595,movement,unknown,0,0,,,no_rule_hit,0,0
9596,movement,unknown,0,0,,,no_rule_hit,0,0
9597,movement,unknown,0,0,,,no_rule_hit,0,0
9598,unknown,unknown,1,0,,,no_rule_hit,0,0
9599,unknown,unknown,1,0,,,no_rule_hit,0,0
9600,emergency,unknown,0,0,,,no_rule_hit,0,0
9601,movement,unknown,0,0,,,no_rule_hit,0,0
9602,movement,movement,1,1,,left,movement_match,0,0
9603,emergency,unknown,0,0,,,no_rule_hit,0,0
9604,unknown,unknown,1,0,,,no_rule_hit,0,0
9605,movement,unknown,0,0,,,no_rule_hit,0,0
9606,emergency,movement,0,1,,go,movement_match,0,0
9607,unknown,unknown,1,0,,,no_rule_hit,0,0
9608,unknown,unknown,1,0,,,no_rule_hit,0,0
9609,emergency,emergency,1,1,yes,,emergency_precedence,0,0
9610,unknown,unknown,1,0,,,no_rule_hit,0,0
9611,unknown,unknown,1,0,,,no_rule_hit,0,0
9612,unknown,unknown,1,0,,,no_rule_hit,0,0
9613,emergency,emergency,1,1,stop,,emergency_precedence,0,0
9614,movement,unknown,0,0,,,no_rule_hit,0,0
9615,unknown,unknown,1,0,,,no_rule_hit,0,0
9616,movement,unknown,0,0,,,no_rule_hit,0,0
9617,movement,unknown,0,0,,,no_rule_hit,0,0
9618,unknown,unknown,1,0,,,no_rule_hit,0,0
9619,emergency,unknown,0,0,,,no_rule_hit,0,0
9620,emergency,emergency,1,1,yes,,emergency_precedence,0,0
9621,unknown,unknown,1,0,,,no_rule_hit,0,0
9622,unknown,unknown,1,0,,,no_rule_hit,0,0
9623,movement,unknown,0,0,,,no_rule_hit,0,0
9624,movement,unknown,0,0,,,no_rule_hit,0,0
9625,movement,unknown,0,0,,,no_rule_hit,0,0
9626,emergency,unknown,0,0,,,no_rule_hit,0,0
9627,movement,unknown,0,0,,,no_rule_hit,0,0
9628,movement,unknown,0,0,,,no_rule_hit,0,0
9629,movement,unknown,0,0,,,no_rule_hit,0,0
9630,unknown,unknown,1,0,,,no_rule_hit,0,0
9631,unknown,unknown,1,0,,,no_rule_hit,0,0
9632,emergency,unknown,0,0,,,no_rule_hit,0,0
9633,emergency,unknown,0,0,,,no_rule_hit,0,0
9634,unknown,unknown,1,0,,,no_rule_hit,0,0
9635,unknown,unknown,1,0,,,no_rule_hit,0,0
9636,unknown,unknown,1,0,,,no_rule_hit,0,0
9637,movement,unknown,0,0,,,no_rule_hit,0,0
9638,emergency,unknown,0,0,,,no_rule_hit,0,0
9639,unknown,unknown,1,0,,,no_rule_hit,0,0
9640,movement,unknown,0,0,,,no_rule_hit,0,0
9641,movement,unknown,0,0,,,no_rule_hit,0,0
9642,emergency,emergency,1,1,stop,,emergency_precedence,0,0
9643,emergency,unknown,0,0,,,no_rule_hit,0,0
9644,movement,unknown,0,0,,,no_rule_hit,0,0
9645,emergency,emergency,1,1,no,,emergency_precedence,0,0
9646,emergency,unknown,0,0,,,no_rule_hit,0,0
9647,movement,unknown,0,0,,,no_rule_hit,0,0
9648,movement,unknown,0,0,,,no_rule_hit,0,0
9649,movement,unknown,0,0,,,no_rule_hit,0,0
9650,movement,unknown,0,0,,,no_rule_hit,0,0
9651,movement,unknown,0,0,,,no_rule_hit,0,0
9652,unknown,unknown,1,0,,,no_rule_hit,0,0
9653,movement,unknown,0,0,,,no_rule_hit,0,0
9654,movement,unknown,0,0,,,no_rule_hit,0,0
9655,emergency,unknown,0,0,,,no_rule_hit,0,0
9656,unknown,unknown,1,0,,,no_rule_hit,0,0
9657,movement,movement,1,1,,down,movement_match,0,0
9658,movement,unknown,0,0,,,no_rule_hit,0,0
9659,unknown,unknown,1,0,,,no_rule_hit,0,0
9660,emergency,unknown,0,0,,,no_rule_hit,0,0
9661,movement,unknown,0,0,,,no_rule_hit,0,0
9662,movement,unknown,0,0,,,no_rule_hit,0,0
9663,emergency,unknown,0,0,,,no_rule_hit,0,0
9664,emergency,unknown,0,0,,,no_rule_hit,0,0
9665,unknown,unknown,1,0,,,no_rule_hit,0,0
9666,unknown,unknown,1,0,,,no_rule_hit,0,0
9667,emergency,unknown,0,0,,,no_rule_hit,0,0
9668,unknown,unknown,1,0,,,no_rule_hit,0,0
9669,emergency,unknown,0,0,,,no_rule_hit,0,0
9670,movement,unknown,0,0,,,no_rule_hit,0,0
9671,emergency,unknown,0,0,,,no_rule_hit,0,0
9672,emergency,unknown,0,0,,,no_rule_hit,0,0
9673,emergency,unknown,0,0,,,no_rule_hit,0,0
9674,movement,movement,1,1,,go,movement_match,0,0
9675,movement,unknown,0,0,,,no_rule_hit,0,0
9676,emergency,unknown,0,0,,,no_rule_hit,0,0
9677,movement,unknown,0,0,,,no_rule_hit,0,0
9678,emergency,emergency,1,1,wow,,emergency_precedence,0,0
9679,movement,unknown,0,0,,,no_rule_hit,0,0
9680,unknown,unknown,1,0,,,no_rule_hit,0,0
9681,movement,unknown,0,0,,,no_rule_hit,0,0
9682,movement,unknown,0,0,,,no_rule_hit,0,0
9683,unknown,unknown,1,0,,,no_rule_hit,0,0
9684,emergency,unknown,0,0,,,no_rule_hit,0,0
9685,unknown,unknown,1,0,,,no_rule_hit,0,0
9686,movement,unknown,0,0,,,no_rule_hit,0,0
9687,unknown,unknown,1,0,,,no_rule_hit,0,0
9688,unknown,unknown,1,0,,,no_rule_hit,0,0
9689,emergency,unknown,0,0,,,no_rule_hit,0,0
9690,unknown,unknown,1,0,,,no_rule_hit,0,0
9691,unknown,unknown,1,0,,,no_rule_hit,0,0
9692,emergency,unknown,0,0,,,no_rule_hit,0,0
9693,unknown,unknown,1,0,,,no_rule_hit,0,0
9694,movement,unknown,0,0,,,no_rule_hit,0,0
9695,emergency,unknown,0,0,,,no_rule_hit,0,0
9696,emergency,unknown,0,0,,,no_rule_hit,0,0
9697,unknown,unknown,1,0,,,no_rule_hit,0,0
9698,movement,unknown,0,0,,,no_rule_hit,0,0
9699,movement,unknown,0,0,,,no_rule_hit,0,0
9700,emergency,unknown,0,0,,,no_rule_hit,0,0
9701,movement,unknown,0,0,,,no_rule_hit,0,0
9702,unknown,unknown,1,0,,,no_rule_hit,0,0
9703,movement,unknown,0,0,,,no_rule_hit,0,0
9704,movement,unknown,0,0,,,no_rule_hit,0,0
9705,unknown,unknown,1,0,,,no_rule_hit,0,0
9706,movement,unknown,0,0,,,no_rule_hit,0,0
9707,unknown,unknown,1,0,,,no_rule_hit,0,0
9708,movement,unknown,0,0,,,no_rule_hit,0,0
9709,unknown,unknown,1,0,,,no_rule_hit,0,0
9710,emergency,unknown,0,0,,,no_rule_hit,0,0
9711,unknown,unknown,1,0,,,no_rule_hit,0,0
9712,emergency,unknown,0,0,,,no_rule_hit,0,0
9713,movement,unknown,0,0,,,no_rule_hit,0,0
9714,emergency,unknown,0,0,,,no_rule_hit,0,0
9715,movement,unknown,0,0,,,no_rule_hit,0,0
9716,movement,unknown,0,0,,,no_rule_hit,0,0
9717,unknown,unknown,1,0,,,no_rule_hit,0,0
9718,unknown,unknown,1,0,,,no_rule_hit,0,0
9719,emergency,unknown,0,0,,,no_rule_hit,0,0
9720,unknown,unknown,1,0,,,no_rule_hit,0,0
9721,unknown,unknown,1,0,,,no_rule_hit,0,0
9722,movement,unknown,0,0,,,no_rule_hit,0,0
9723,movement,unknown,0,0,,,no_rule_hit,0,0
9724,emergency,emergency,1,1,no,,emergency_precedence,0,0
9725,unknown,unknown,1,0,,,no_rule_hit,0,0
9726,movement,unknown,0,0,,,no_rule_hit,0,0
9727,movement,unknown,0,0,,,no_rule_hit,0,0
9728,unknown,unknown,1,0,,,no_rule_hit,0,0
9729,unknown,unknown,1,0,,,no_rule_hit,0,0
9730,unknown,unknown,1,0,,,no_rule_hit,0,0
9731,unknown,unknown,1,0,,,no_rule_hit,0,0
9732,emergency,unknown,0,0,,,no_rule_hit,0,0
9733,emergency,unknown,0,0,,,no_rule_hit,0,0
9734,emergency,unknown,0,0,,,no_rule_hit,0,0
9735,unknown,unknown,1,0,,,no_rule_hit,0,0
9736,movement,unknown,0,0,,,no_rule_hit,0,0
9737,unknown,unknown,1,0,,,no_rule_hit,0,0
9738,emergency,unknown,0,0,,,no_rule_hit,0,0
9739,movement,unknown,0,0,,,no_rule_hit,0,0
9740,unknown,unknown,1,0,,,no_rule_hit,0,0
9741,movement,unknown,0,0,,,no_rule_hit,0,0
9742,unknown,unknown,1,0,,,no_rule_hit,0,0
9743,emergency,unknown,0,0,,,no_rule_hit,0,0
9744,emergency,emergency,1,1,wow,,emergency_precedence,0,0
9745,emergency,unknown,0,0,,,no_rule_hit,0,0
9746,movement,unknown,0,0,,,no_rule_hit,0,0
9747,movement,unknown,0,0,,,no_rule_hit,0,0
9748,emergency,unknown,0,0,,,no_rule_hit,0,0
9749,emergency,emergency,1,1,yes,,emergency_precedence,0,0
9750,emergency,unknown,0,0,,,no_rule_hit,0,0
9751,unknown,unknown,1,0,,,no_rule_hit,0,0
9752,movement,unknown,0,0,,,no_rule_hit,0,0
9753,emergency,unknown,0,0,,,no_rule_hit,0,0
9754,unknown,unknown,1,0,,,no_rule_hit,0,0
9755,movement,unknown,0,0,,,no_rule_hit,0,0
9756,emergency,movement,0,1,,go,movement_match,0,0
9757,movement,unknown,0,0,,,no_rule_hit,0,0
9758,unknown,unknown,1,0,,,no_rule_hit,0,0
9759,emergency,emergency,1,1,no,,emergency_precedence,0,0
9760,emergency,unknown,0,0,,,no_rule_hit,0,0
9761,movement,unknown,0,0,,,no_rule_hit,0,0
9762,emergency,unknown,0,0,,,no_rule_hit,0,0
9763,movement,unknown,0,0,,,no_rule_hit,0,0
9764,emergency,unknown,0,0,,,no_rule_hit,0,0
9765,unknown,unknown,1,0,,,no_rule_hit,0,0
9766,unknown,unknown,1,0,,,no_rule_hit,0,0
9767,movement,unknown,0,0,,,no_rule_hit,0,0
9768,unknown,movement,0,1,,go,movement_match,1,0
9769,movement,unknown,0,0,,,no_rule_hit,0,0
9770,emergency,unknown,0,0,,,no_rule_hit,0,0
9771,movement,unknown,0,0,,,no_rule_hit,0,0
9772,emergency,unknown,0,0,,,no_rule_hit,0,0
9773,emergency,unknown,0,0,,,no_rule_hit,0,0
9774,emergency,emergency,1,1,no,,emergency_precedence,0,0
9775,unknown,unknown,1,0,,,no_rule_hit,0,0
9776,movement,unknown,0,0,,,no_rule_hit,0,0
9777,movement,movement,1,1,,down,movement_match,0,0
9778,unknown,unknown,1,0,,,no_rule_hit,0,0
9779,movement,unknown,0,0,,,no_rule_hit,0,0
9780,movement,unknown,0,0,,,no_rule_hit,0,0
9781,unknown,unknown,1,0,,,no_rule_hit,0,0
9782,emergency,movement,0,1,,go,movement_match,0,0
9783,emergency,unknown,0,0,,,no_rule_hit,0,0
9784,emergency,unknown,0,0,,,no_rule_hit,0,0
9785,emergency,unknown,0,0,,,no_rule_hit,0,0
9786,movement,unknown,0,0,,,no_rule_hit,0,0
9787,movement,unknown,0,0,,,no_rule_hit,0,0
9788,unknown,unknown,1,0,,,no_rule_hit,0,0
9789,movement,unknown,0,0,,,no_rule_hit,0,0
9790,movement,unknown,0,0,,,no_rule_hit,0,0
9791,unknown,unknown,1,0,,,no_rule_hit,0,0
9792,emergency,unknown,0,0,,,no_rule_hit,0,0
9793,emergency,unknown,0,0,,,no_rule_hit,0,0
9794,emergency,unknown,0,0,,,no_rule_hit,0,0
9795,emergency,emergency,1,1,no,,emergency_precedence,0,0
9796,movement,unknown,0,0,,,no_rule_hit,0,0
9797,emergency,emergency,1,1,no,,emergency_precedence,0,0
9798,unknown,unknown,1,0,,,no_rule_hit,0,0
9799,movement,unknown,0,0,,,no_rule_hit,0,0
9800,unknown,unknown,1,0,,,no_rule_hit,0,0
9801,unknown,unknown,1,0,,,no_rule_hit,0,0
9802,movement,unknown,0,0,,,no_rule_hit,0,0
9803,unknown,unknown,1,0,,,no_rule_hit,0,0
9804,movement,unknown,0,0,,,no_rule_hit,0,0
9805,unknown,unknown,1,0,,,no_rule_hit,0,0
9806,movement,unknown,0,0,,,no_rule_hit,0,0
9807,unknown,unknown,1,0,,,no_rule_hit,0,0
9808,movement,unknown,0,0,,,no_rule_hit,0,0
9809,movement,unknown,0,0,,,no_rule_hit,0,0
9810,unknown,movement,0,1,,up,movement_match,1,0
9811,unknown,unknown,1,0,,,no_rule_hit,0,0
9812,emergency,unknown,0,0,,,no_rule_hit,0,0
9813,emergency,unknown,0,0,,,no_rule_hit,0,0
9814,emergency,unknown,0,0,,,no_rule_hit,0,0
9815,unknown,unknown,1,0,,,no_rule_hit,0,0
9816,unknown,unknown,1,0,,,no_rule_hit,0,0
9817,emergency,unknown,0,0,,,no_rule_hit,0,0
9818,movement,unknown,0,0,,,no_rule_hit,0,0
9819,movement,movement,1,1,,down,movement_match,0,0
9820,unknown,unknown,1,0,,,no_rule_hit,0,0
9821,movement,unknown,0,0,,,no_rule_hit,0,0
9822,emergency,unknown,0,0,,,no_rule_hit,0,0
9823,emergency,unknown,0,0,,,no_rule_hit,0,0
9824,unknown,unknown,1,0,,,no_rule_hit,0,0
9825,unknown,unknown,1,0,,,no_rule_hit,0,0
9826,movement,unknown,0,0,,,no_rule_hit,0,0
9827,unknown,unknown,1,0,,,no_rule_hit,0,0
9828,unknown,unknown,1,0,,,no_rule_hit,0,0
9829,movement,unknown,0,0,,,no_rule_hit,0,0
9830,emergency,unknown,0,0,,,no_rule_hit,0,0
9831,movement,unknown,0,0,,,no_rule_hit,0,0
9832,unknown,unknown,1,0,,,no_rule_hit,0,0
9833,emergency,unknown,0,0,,,no_rule_hit,0,0
9834,emergency,unknown,0,0,,,no_rule_hit,0,0
9835,movement,unknown,0,0,,,no_rule_hit,0,0
9836,unknown,unknown,1,0,,,no_rule_hit,0,0
9837,unknown,unknown,1,0,,,no_rule_hit,0,0
9838,unknown,unknown,1,0,,,no_rule_hit,0,0
9839,emergency,unknown,0,0,,,no_rule_hit,0,0
9840,unknown,unknown,1,0,,,no_rule_hit,0,0
9841,unknown,unknown,1,0,,,no_rule_hit,0,0
9842,emergency,unknown,0,0,,,no_rule_hit,0,0
9843,unknown,unknown,1,0,,,no_rule_hit,0,0
9844,emergency,unknown,0,0,,,no_rule_hit,0,0
9845,unknown,unknown,1,0,,,no_rule_hit,0,0
9846,emergency,unknown,0,0,,,no_rule_hit,0,0
9847,movement,movement,1,1,,down,movement_match,0,0
9848,emergency,unknown,0,0,,,no_rule_hit,0,0
9849,movement,unknown,0,0,,,no_rule_hit,0,0
9850,movement,unknown,0,0,,,no_rule_hit,0,0
9851,movement,unknown,0,0,,,no_rule_hit,0,0
9852,emergency,emergency,1,1,yes,,emergency_precedence,0,0
9853,unknown,unknown,1,0,,,no_rule_hit,0,0
9854,unknown,unknown,1,0,,,no_rule_hit,0,0
9855,movement,unknown,0,0,,,no_rule_hit,0,0
9856,emergency,unknown,0,0,,,no_rule_hit,0,0
9857,unknown,unknown,1,0,,,no_rule_hit,0,0
9858,emergency,unknown,0,0,,,no_rule_hit,0,0
9859,emergency,emergency,1,1,no,,emergency_precedence,0,0
9860,movement,unknown,0,0,,,no_rule_hit,0,0
9861,movement,unknown,0,0,,,no_rule_hit,0,0
9862,emergency,emergency,1,1,stop,,emergency_precedence,0,0
9863,emergency,unknown,0,0,,,no_rule_hit,0,0
9864,movement,unknown,0,0,,,no_rule_hit,0,0
9865,movement,unknown,0,0,,,no_rule_hit,0,0
9866,unknown,unknown,1,0,,,no_rule_hit,0,0
9867,emergency,emergency,1,1,no,,emergency_precedence,0,0
9868,unknown,unknown,1,0,,,no_rule_hit,0,0
9869,emergency,emergency,1,1,yes,,emergency_precedence,0,0
9870,movement,unknown,0,0,,,no_rule_hit,0,0
9871,emergency,unknown,0,0,,,no_rule_hit,0,0
9872,emergency,unknown,0,0,,,no_rule_hit,0,0
9873,movement,unknown,0,0,,,no_rule_hit,0,0
9874,emergency,unknown,0,0,,,no_rule_hit,0,0
9875,movement,unknown,0,0,,,no_rule_hit,0,0
9876,emergency,unknown,0,0,,,no_rule_hit,0,0
9877,movement,unknown,0,0,,,no_rule_hit,0,0
9878,unknown,unknown,1,0,,,no_rule_hit,0,0
9879,emergency,unknown,0,0,,,no_rule_hit,0,0
9880,unknown,unknown,1,0,,,no_rule_hit,0,0
9881,movement,unknown,0,0,,,no_rule_hit,0,0
9882,emergency,unknown,0,0,,,no_rule_hit,0,0
9883,unknown,unknown,1,0,,,no_rule_hit,0,0
9884,unknown,unknown,1,0,,,no_rule_hit,0,0
9885,movement,unknown,0,0,,,no_rule_hit,0,0
9886,unknown,unknown,1,0,,,no_rule_hit,0,0
9887,emergency,unknown,0,0,,,no_rule_hit,0,0
9888,unknown,unknown,1,0,,,no_rule_hit,0,0
9889,unknown,unknown,1,0,,,no_rule_hit,0,0
9890,movement,unknown,0,0,,,no_rule_hit,0,0
9891,unknown,unknown,1,0,,,no_rule_hit,0,0
9892,unknown,unknown,1,0,,,no_rule_hit,0,0
9893,unknown,unknown,1,0,,,no_rule_hit,0,0
9894,unknown,unknown,1,0,,,no_rule_hit,0,0
9895,movement,movement,1,1,,back go,movement_match,0,0
9896,unknown,unknown,1,0,,,no_rule_hit,0,0
9897,emergency,unknown,0,0,,,no_rule_hit,0,0
9898,unknown,unknown,1,0,,,no_rule_hit,0,0
9899,unknown,unknown,1,0,,,no_rule_hit,0,0
9900,emergency,emergency,1,1,yes,,emergency_precedence,0,0
9901,unknown,unknown,1,0,,,no_rule_hit,0,0
9902,movement,unknown,0,0,,,no_rule_hit,0,0
9903,emergency,unknown,0,0,,,no_rule_hit,0,0
9904,unknown,movement,0,1,,come on,movement_match,1,0
9905,emergency,unknown,0,0,,,no_rule_hit,0,0
9906,unknown,unknown,1,0,,,no_rule_hit,0,0
9907,unknown,unknown,1,0,,,no_rule_hit,0,0
9908,emergency,unknown,0,0,,,no_rule_hit,0,0
9909,unknown,unknown,1,0,,,no_rule_hit,0,0
9910,unknown,unknown,1,0,,,no_rule_hit,0,0
9911,emergency,emergency,1,1,yes,,emergency_precedence,0,0
9912,movement,unknown,0,0,,,no_rule_hit,0,0
9913,movement,movement,1,1,,go,movement_match,0,0
9914,movement,unknown,0,0,,,no_rule_hit,0,0
9915,emergency,unknown,0,0,,,no_rule_hit,0,0
9916,movement,unknown,0,0,,,no_rule_hit,0,0
9917,movement,unknown,0,0,,,no_rule_hit,0,0
9918,unknown,unknown,1,0,,,no_rule_hit,0,0
9919,unknown,unknown,1,0,,,no_rule_hit,0,0
9920,movement,unknown,0,0,,,no_rule_hit,0,0
9921,emergency,unknown,0,0,,,no_rule_hit,0,0
9922,unknown,unknown,1,0,,,no_rule_hit,0,0
9923,movement,movement,1,1,,up,movement_match,0,0
9924,movement,unknown,0,0,,,no_rule_hit,0,0
9925,emergency,unknown,0,0,,,no_rule_hit,0,0
9926,emergency,unknown,0,0,,,no_rule_hit,0,0
9927,unknown,unknown,1,0,,,no_rule_hit,0,0
9928,movement,unknown,0,0,,,no_rule_hit,0,0
9929,unknown,unknown,1,0,,,no_rule_hit,0,0
9930,emergency,unknown,0,0,,,no_rule_hit,0,0
9931,emergency,unknown,0,0,,,no_rule_hit,0,0
9932,unknown,unknown,1,0,,,no_rule_hit,0,0
9933,unknown,unknown,1,0,,,no_rule_hit,0,0
9934,movement,unknown,0,0,,,no_rule_hit,0,0
9935,emergency,unknown,0,0,,,no_rule_hit,0,0
9936,unknown,unknown,1,0,,,no_rule_hit,0,0
9937,emergency,unknown,0,0,,,no_rule_hit,0,0
9938,unknown,unknown,1,0,,,no_rule_hit,0,0
9939,emergency,unknown,0,0,,,no_rule_hit,0,0
9940,unknown,unknown,1,0,,,no_rule_hit,0,0
9941,unknown,unknown,1,0,,,no_rule_hit,0,0
9942,unknown,unknown,1,0,,,no_rule_hit,0,0
9943,movement,unknown,0,0,,,no_rule_hit,0,0
9944,movement,unknown,0,0,,,no_rule_hit,0,0
9945,emergency,unknown,0,0,,,no_rule_hit,0,0
9946,emergency,emergency,1,1,yes,,emergency_precedence,0,0
9947,unknown,unknown,1,0,,,no_rule_hit,0,0
9948,movement,unknown,0,0,,,no_rule_hit,0,0
9949,movement,unknown,0,0,,,no_rule_hit,0,0
9950,unknown,unknown,1,0,,,no_rule_hit,0,0
9951,emergency,unknown,0,0,,,no_rule_hit,0,0
9952,unknown,unknown,1,0,,,no_rule_hit,0,0
9953,emergency,emergency,1,1,yes,,emergency_precedence,0,0
9954,movement,unknown,0,0,,,no_rule_hit,0,0
9955,unknown,unknown,1,0,,,no_rule_hit,0,0
9956,unknown,unknown,1,0,,,no_rule_hit,0,0
9957,movement,movement,1,1,,right,movement_match,0,0
9958,unknown,unknown,1,0,,,no_rule_hit,0,0
9959,emergency,emergency,1,1,no,,emergency_precedence,0,0
9960,unknown,unknown,1,0,,,no_rule_hit,0,0
9961,emergency,emergency,1,1,stop,,emergency_precedence,0,0
9962,unknown,unknown,1,0,,,no_rule_hit,0,0
9963,movement,unknown,0,0,,,no_rule_hit,0,0
9964,emergency,unknown,0,0,,,no_rule_hit,0,0
9965,unknown,unknown,1,0,,,no_rule_hit,0,0
9966,movement,unknown,0,0,,,no_rule_hit,0,0
9967,emergency,unknown,0,0,,,no_rule_hit,0,0
9968,unknown,unknown,1,0,,,no_rule_hit,0,0
9969,emergency,unknown,0,0,,,no_rule_hit,0,0
9970,emergency,unknown,0,0,,,no_rule_hit,0,0
9971,emergency,emergency,1,1,yes,,emergency_precedence,0,0
9972,movement,unknown,0,0,,,no_rule_hit,0,0
9973,emergency,unknown,0,0,,,no_rule_hit,0,0
9974,emergency,unknown,0,0,,,no_rule_hit,0,0
9975,emergency,unknown,0,0,,,no_rule_hit,0,0
9976,unknown,unknown,1,0,,,no_rule_hit,0,0
9977,movement,unknown,0,0,,,no_rule_hit,0,0
9978,emergency,unknown,0,0,,,no_rule_hit,0,0
9979,unknown,unknown,1,0,,,no_rule_hit,0,0
9980,emergency,unknown,0,0,,,no_rule_hit,0,0
9981,emergency,unknown,0,0,,,no_rule_hit,0,0
9982,movement,unknown,0,0,,,no_rule_hit,0,0
9983,movement,unknown,0,0,,,no_rule_hit,0,0
9984,unknown,unknown,1,0,,,no_rule_hit,0,0
9985,emergency,emergency,1,1,stop,,emergency_precedence,0,0
9986,emergency,unknown,0,0,,,no_rule_hit,0,0
9987,emergency,unknown,0,0,,,no_rule_hit,0,0
9988,movement,movement,1,1,,down,movement_match,0,0
9989,emergency,emergency,1,1,no,,emergency_precedence,0,0
9990,emergency,unknown,0,0,,,no_rule_hit,0,0
9991,unknown,unknown,1,0,,,no_rule_hit,0,0
9992,unknown,unknown,1,0,,,no_rule_hit,0,0
9993,movement,unknown,0,0,,,no_rule_hit,0,0
9994,movement,movement,1,1,,go,movement_match,0,0
9995,unknown,unknown,1,0,,,no_rule_hit,0,0
9996,emergency,unknown,0,0,,,no_rule_hit,0,0
9997,unknown,unknown,1,0,,,no_rule_hit,0,0
9998,unknown,unknown,1,0,,,no_rule_hit,0,0
9999,emergency,unknown,0,0,,,no_rule_hit,0,0
10000,emergency,emergency,1,1,yes,,emergency_precedence,0,0
10001,movement,unknown,0,0,,,no_rule_hit,0,0
10002,movement,unknown,0,0,,,no_rule_hit,0,0
10003,movement,unknown,0,0,,,no_rule_hit,0,0
10004,movement,unknown,0,0,,,no_rule_hit,0,0
10005,emergency,unknown,0,0,,,no_rule_hit,0,0
10006,unknown,unknown,1,0,,,no_rule_hit,0,0
10007,unknown,unknown,1,0,,,no_rule_hit,0,0
