path,code,main_class,sensitivity_class,alpha_ratio,centroid,bandwidth,low_prop,mid_prop,high_prop
/tmp/drone_acoustic_2026w14_phase1_downloads/raw/crema_d/audios/1001_DFA_ANG_XX.wav,ANG,emergency,emergency,0.32926836609840393,668.7860107421875,668.1978759765625,0.3695843815803528,0.5433049201965332,0.08710603415966034
/tmp/drone_acoustic_2026w14_phase1_downloads/raw/crema_d/audios/1001_DFA_FEA_XX.wav,FEA,emergency,emergency,0.31301045417785645,564.2261962890625,581.3814086914062,0.4049608111381531,0.5318987965583801,0.06294098496437073
/tmp/drone_acoustic_2026w14_phase1_downloads/raw/crema_d/audios/1001_DFA_NEU_XX.wav,NEU,normal,normal,0.15591958165168762,549.8114624023438,614.713623046875,0.4541305601596832,0.4830837547779083,0.06277882307767868
/tmp/drone_acoustic_2026w14_phase1_downloads/raw/crema_d/audios/1001_IEO_ANG_HI.wav,ANG,emergency,emergency,0.2588229477405548,849.8518676757812,742.4613037109375,0.2667079567909241,0.6789420247077942,0.054303526878356934
/tmp/drone_acoustic_2026w14_phase1_downloads/raw/crema_d/audios/1001_IEO_ANG_LO.wav,ANG,emergency,emergency,0.21060089766979218,469.6636962890625,543.2041625976562,0.3517884910106659,0.6026279330253601,0.045577820390462875
/tmp/drone_acoustic_2026w14_phase1_downloads/raw/crema_d/audios/1001_IEO_ANG_MD.wav,ANG,emergency,emergency,0.29849734902381897,691.83056640625,622.967529296875,0.3986828029155731,0.5439748167991638,0.05730492249131203
/tmp/drone_acoustic_2026w14_phase1_downloads/raw/crema_d/audios/1001_IEO_FEA_HI.wav,FEA,emergency,emergency,0.6046617031097412,704.688720703125,624.6463623046875,0.175723597407341,0.7913841605186462,0.03285486623644829
/tmp/drone_acoustic_2026w14_phase1_downloads/raw/crema_d/audios/1001_IEO_FEA_LO.wav,FEA,emergency,emergency,0.27993619441986084,668.5023803710938,658.7681884765625,0.269016832113266,0.6824136972427368,0.048510510474443436
/tmp/drone_acoustic_2026w14_phase1_downloads/raw/crema_d/audios/1001_IEO_FEA_MD.wav,FEA,emergency,emergency,0.30242377519607544,710.1979370117188,684.5274047851562,0.34260061383247375,0.6006741523742676,0.056694649159908295
/tmp/drone_acoustic_2026w14_phase1_downloads/raw/crema_d/audios/1001_IEO_NEU_XX.wav,NEU,normal,normal,0.15766476094722748,607.8246459960938,697.5664672851562,0.5231361985206604,0.399016410112381,0.07777241617441177
/tmp/drone_acoustic_2026w14_phase1_downloads/raw/crema_d/audios/1001_IOM_ANG_XX.wav,ANG,emergency,emergency,0.09031226485967636,490.21600341796875,571.6996459960938,0.320330947637558,0.644029974937439,0.03563448786735535
/tmp/drone_acoustic_2026w14_phase1_downloads/raw/crema_d/audios/1001_IOM_FEA_XX.wav,FEA,emergency,emergency,0.21223929524421692,584.9783325195312,581.0313720703125,0.32760414481163025,0.6112719774246216,0.061109524220228195
/tmp/drone_acoustic_2026w14_phase1_downloads/raw/crema_d/audios/1001_IOM_NEU_XX.wav,NEU,normal,normal,0.12002132087945938,444.24774169921875,493.12286376953125,0.32776036858558655,0.6333370804786682,0.038896385580301285
/tmp/drone_acoustic_2026w14_phase1_downloads/raw/crema_d/audios/1001_ITH_ANG_XX.wav,ANG,emergency,emergency,0.42725706100463867,641.3609008789062,643.1839599609375,0.2539140582084656,0.6419216990470886,0.10415385663509369
/tmp/drone_acoustic_2026w14_phase1_downloads/raw/crema_d/audios/1001_ITH_FEA_XX.wav,FEA,emergency,emergency,0.4408416748046875,590.837890625,593.089599609375,0.22845062613487244,0.7161654829978943,0.05537187680602074
/tmp/drone_acoustic_2026w14_phase1_downloads/raw/crema_d/audios/1001_ITH_NEU_XX.wav,NEU,normal,normal,0.31482991576194763,517.0053100585938,566.7705078125,0.39868029952049255,0.5289034247398376,0.07240086793899536
/tmp/drone_acoustic_2026w14_phase1_downloads/raw/crema_d/audios/1001_ITS_ANG_XX.wav,ANG,emergency,emergency,0.4683831036090851,1018.20458984375,855.0593872070312,0.428345650434494,0.3609309792518616,0.2105666846036911
/tmp/drone_acoustic_2026w14_phase1_downloads/raw/crema_d/audios/1001_ITS_FEA_XX.wav,FEA,emergency,emergency,0.244659423828125,945.793212890625,866.867431640625,0.4743542969226837,0.39730313420295715,0.12820829451084137
/tmp/drone_acoustic_2026w14_phase1_downloads/raw/crema_d/audios/1001_ITS_NEU_XX.wav,NEU,normal,normal,0.36322712898254395,793.99658203125,768.0606689453125,0.5273982882499695,0.30376309156417847,0.16874584555625916
/tmp/drone_acoustic_2026w14_phase1_downloads/raw/crema_d/audios/1001_IWL_ANG_XX.wav,ANG,emergency,emergency,0.25831714272499084,639.5331420898438,582.2704467773438,0.3881746828556061,0.5528582334518433,0.05895876884460449
/tmp/drone_acoustic_2026w14_phase1_downloads/raw/crema_d/audios/1001_IWL_FEA_XX.wav,FEA,emergency,emergency,0.23213501274585724,583.33740234375,560.069091796875,0.3309905529022217,0.6279804110527039,0.04102153331041336
/tmp/drone_acoustic_2026w14_phase1_downloads/raw/crema_d/audios/1001_IWL_NEU_XX.wav,NEU,normal,normal,0.23956765234470367,473.943603515625,490.5634460449219,0.44419702887535095,0.49703001976013184,0.05875125899910927
/tmp/drone_acoustic_2026w14_phase1_downloads/raw/crema_d/audios/1001_IWW_ANG_XX.wav,ANG,emergency,emergency,0.21994946897029877,715.3424682617188,714.2341918945312,0.4693963825702667,0.4429534375667572,0.08762916177511215
/tmp/drone_acoustic_2026w14_phase1_downloads/raw/crema_d/audios/1001_IWW_FEA_XX.wav,FEA,emergency,emergency,0.22762636840343475,751.1998901367188,751.1500244140625,0.561747133731842,0.33966535329818726,0.09853330254554749
/tmp/drone_acoustic_2026w14_phase1_downloads/raw/crema_d/audios/1001_IWW_NEU_XX.wav,NEU,normal,normal,0.12771551311016083,607.1401977539062,612.5818481445312,0.569318413734436,0.38354119658470154,0.047112274914979935
/tmp/drone_acoustic_2026w14_phase1_downloads/raw/crema_d/audios/1001_MTI_ANG_XX.wav,ANG,emergency,emergency,0.16708891093730927,611.9932861328125,572.9357299804688,0.3949897885322571,0.5217179656028748,0.0832531601190567
/tmp/drone_acoustic_2026w14_phase1_downloads/raw/crema_d/audios/1001_MTI_FEA_XX.wav,FEA,emergency,emergency,0.08447200804948807,519.3220825195312,517.1197509765625,0.37780067324638367,0.591754674911499,0.030438872054219246
/tmp/drone_acoustic_2026w14_phase1_downloads/raw/crema_d/audios/1001_MTI_NEU_XX.wav,NEU,normal,normal,0.13957615196704865,501.7700500488281,490.9349060058594,0.4214531183242798,0.5168516039848328,0.06169159337878227
/tmp/drone_acoustic_2026w14_phase1_downloads/raw/crema_d/audios/1001_TAI_ANG_XX.wav,ANG,emergency,emergency,0.28106406331062317,836.6860961914062,819.7484130859375,0.4967546761035919,0.39606520533561707,0.10711171478033066
/tmp/drone_acoustic_2026w14_phase1_downloads/raw/crema_d/audios/1001_TAI_FEA_XX.wav,FEA,emergency,emergency,0.24355366826057434,721.3234252929688,703.2139892578125,0.5356171727180481,0.4015657603740692,0.06265680491924286
/tmp/drone_acoustic_2026w14_phase1_downloads/raw/crema_d/audios/1001_TAI_NEU_XX.wav,NEU,normal,normal,0.25955796241760254,653.4838256835938,687.6273803710938,0.3967916965484619,0.5533844232559204,0.04980197176337242
/tmp/drone_acoustic_2026w14_phase1_downloads/raw/crema_d/audios/1001_TIE_ANG_XX.wav,ANG,emergency,emergency,0.35531944036483765,826.784423828125,799.28857421875,0.3087141811847687,0.6086643934249878,0.08258752524852753
/tmp/drone_acoustic_2026w14_phase1_downloads/raw/crema_d/audios/1001_TIE_FEA_XX.wav,FEA,emergency,emergency,0.3852880299091339,707.9767456054688,712.177001953125,0.3110773265361786,0.6142614483833313,0.07461598515510559
/tmp/drone_acoustic_2026w14_phase1_downloads/raw/crema_d/audios/1001_TIE_NEU_XX.wav,NEU,normal,normal,0.26308172941207886,539.0151977539062,590.9354248046875,0.3438313603401184,0.5759344100952148,0.08020533621311188
/tmp/drone_acoustic_2026w14_phase1_downloads/raw/crema_d/audios/1001_TSI_ANG_XX.wav,ANG,emergency,emergency,0.4250359535217285,1613.858642578125,1067.013671875,0.4683469831943512,0.26233550906181335,0.26827549934387207
/tmp/drone_acoustic_2026w14_phase1_downloads/raw/crema_d/audios/1001_TSI_FEA_XX.wav,FEA,emergency,emergency,0.3830462098121643,1336.56005859375,934.7171020507812,0.19589197635650635,0.528521716594696,0.2736556828022003
/tmp/drone_acoustic_2026w14_phase1_downloads/raw/crema_d/audios/1001_TSI_NEU_XX.wav,NEU,normal,normal,0.24245904386043549,1011.3685302734375,852.2691650390625,0.6653594970703125,0.14187118411064148,0.19221696257591248
/tmp/drone_acoustic_2026w14_phase1_downloads/raw/crema_d/audios/1001_WSI_ANG_XX.wav,ANG,emergency,emergency,0.48248058557510376,1264.8740234375,822.3707275390625,0.1936175525188446,0.7129154801368713,0.09296467155218124
/tmp/drone_acoustic_2026w14_phase1_downloads/raw/crema_d/audios/1001_WSI_FEA_XX.wav,FEA,emergency,emergency,0.3035644292831421,995.072509765625,717.8990478515625,0.32846084237098694,0.5960660576820374,0.07523970305919647
/tmp/drone_acoustic_2026w14_phase1_downloads/raw/crema_d/audios/1001_WSI_NEU_XX.wav,NEU,normal,normal,0.5111420750617981,778.9169921875,673.7606811523438,0.342246949672699,0.5565356016159058,0.10110350698232651
/tmp/drone_acoustic_2026w14_phase1_downloads/raw/crema_d/audios/1002_DFA_ANG_XX.wav,ANG,emergency,emergency,3.94549560546875,1411.6683349609375,843.1715698242188,0.04076535627245903,0.4713229238986969,0.48782703280448914
/tmp/drone_acoustic_2026w14_phase1_downloads/raw/crema_d/audios/1002_DFA_FEA_XX.wav,FEA,emergency,emergency,0.4637945294380188,570.5418090820312,650.5180053710938,0.3818773627281189,0.491248220205307,0.12681977450847626
/tmp/drone_acoustic_2026w14_phase1_downloads/raw/crema_d/audios/1002_DFA_NEU_XX.wav,NEU,normal,normal,0.09850446879863739,464.28411865234375,581.32373046875,0.5356212854385376,0.4040108621120453,0.06032678484916687
/tmp/drone_acoustic_2026w14_phase1_downloads/raw/crema_d/audios/1002_IEO_ANG_HI.wav,ANG,emergency,emergency,0.7437066435813904,736.9341430664062,686.4286499023438,0.1943385750055313,0.6521016359329224,0.1533985286951065
/tmp/drone_acoustic_2026w14_phase1_downloads/raw/crema_d/audios/1002_IEO_ANG_LO.wav,ANG,emergency,emergency,4.653539657592773,867.7349853515625,706.5221557617188,0.029094064608216286,0.9341909885406494,0.036698464304208755
/tmp/drone_acoustic_2026w14_phase1_downloads/raw/crema_d/audios/1002_IEO_ANG_MD.wav,ANG,emergency,emergency,0.800321102142334,785.197265625,705.72314453125,0.12129823863506317,0.7816128134727478,0.09705397486686707
/tmp/drone_acoustic_2026w14_phase1_downloads/raw/crema_d/audios/1002_IEO_FEA_HI.wav,FEA,emergency,emergency,0.5881079435348511,735.3311157226562,762.5858154296875,0.0827932208776474,0.8429579734802246,0.07421593368053436
/tmp/drone_acoustic_2026w14_phase1_downloads/raw/crema_d/audios/1002_IEO_FEA_LO.wav,FEA,emergency,emergency,0.15818798542022705,540.7646484375,609.1864013671875,0.5070626735687256,0.47605210542678833,0.016839254647493362
/tmp/drone_acoustic_2026w14_phase1_downloads/raw/crema_d/audios/1002_IEO_FEA_MD.wav,FEA,emergency,emergency,0.1733284741640091,591.1757202148438,648.8215942382812,0.3052041828632355,0.6781952977180481,0.01655546948313713
/tmp/drone_acoustic_2026w14_phase1_downloads/raw/crema_d/audios/1002_IEO_NEU_XX.wav,NEU,normal,normal,0.12987472116947174,458.8070373535156,517.2713012695312,0.4529193341732025,0.5276604890823364,0.019349001348018646
/tmp/drone_acoustic_2026w14_phase1_downloads/raw/crema_d/audios/1002_IOM_ANG_XX.wav,ANG,emergency,emergency,1.2991071939468384,915.093017578125,769.89892578125,0.15602512657642365,0.4525218904018402,0.39133915305137634
/tmp/drone_acoustic_2026w14_phase1_downloads/raw/crema_d/audios/1002_IOM_FEA_XX.wav,FEA,emergency,emergency,0.039451465010643005,325.3544616699219,372.1697998046875,0.6331114172935486,0.3583836257457733,0.00849964376538992
/tmp/drone_acoustic_2026w14_phase1_downloads/raw/crema_d/audios/1002_IOM_NEU_XX.wav,NEU,normal,normal,0.07508999854326248,341.6683654785156,392.7684020996094,0.8165991902351379,0.1739805042743683,0.009409090504050255
/tmp/drone_acoustic_2026w14_phase1_downloads/raw/crema_d/audios/1002_ITH_ANG_XX.wav,ANG,emergency,emergency,1.4947136640548706,879.6738891601562,819.7557373046875,0.14580103754997253,0.7273160219192505,0.1268494874238968
/tmp/drone_acoustic_2026w14_phase1_downloads/raw/crema_d/audios/1002_ITH_FEA_XX.wav,FEA,emergency,emergency,0.18839168548583984,502.9281311035156,610.2413940429688,0.5419881939888,0.35896649956703186,0.09902316331863403
/tmp/drone_acoustic_2026w14_phase1_downloads/raw/crema_d/audios/1002_ITH_NEU_XX.wav,NEU,normal,normal,0.15261855721473694,520.2876586914062,650.5994873046875,0.5392399430274963,0.4022747576236725,0.058402400463819504
/tmp/drone_acoustic_2026w14_phase1_downloads/raw/crema_d/audios/1002_ITS_ANG_XX.wav,ANG,emergency,emergency,0.5530806183815002,835.783447265625,741.9008178710938,0.36544039845466614,0.4977107048034668,0.1366291344165802
/tmp/drone_acoustic_2026w14_phase1_downloads/raw/crema_d/audios/1002_ITS_FEA_XX.wav,FEA,emergency,emergency,0.12346794456243515,760.8442993164062,730.31494140625,0.6769425868988037,0.14532823860645294,0.17731566727161407
/tmp/drone_acoustic_2026w14_phase1_downloads/raw/crema_d/audios/1002_ITS_NEU_XX.wav,NEU,normal,normal,0.03692052885890007,733.2603149414062,742.464599609375,0.7565892338752747,0.17530274391174316,0.06787054985761642
/tmp/drone_acoustic_2026w14_phase1_downloads/raw/crema_d/audios/1002_IWL_ANG_XX.wav,ANG,emergency,emergency,0.5778912305831909,642.4373779296875,615.34326171875,0.37029993534088135,0.49270230531692505,0.13693010807037354
/tmp/drone_acoustic_2026w14_phase1_downloads/raw/crema_d/audios/1002_IWL_FEA_XX.wav,FEA,emergency,emergency,0.08051948994398117,365.65008544921875,400.7698669433594,0.5989663004875183,0.39131346344947815,0.00971582904458046
/tmp/drone_acoustic_2026w14_phase1_downloads/raw/crema_d/audios/1002_IWL_NEU_XX.wav,NEU,normal,normal,0.08489809185266495,387.52813720703125,444.28192138671875,0.738269031047821,0.2505069971084595,0.011207492090761662
/tmp/drone_acoustic_2026w14_phase1_downloads/raw/crema_d/audios/1002_IWW_ANG_XX.wav,ANG,emergency,emergency,0.3329187333583832,893.477294921875,815.614013671875,0.30841878056526184,0.594641923904419,0.09668100625276566
/tmp/drone_acoustic_2026w14_phase1_downloads/raw/crema_d/audios/1002_IWW_FEA_XX.wav,FEA,emergency,emergency,0.1629854440689087,832.1264038085938,817.345703125,0.6146396398544312,0.23803062736988068,0.14484763145446777
/tmp/drone_acoustic_2026w14_phase1_downloads/raw/crema_d/audios/1002_IWW_NEU_XX.wav,NEU,normal,normal,0.04450268670916557,510.6761169433594,552.2297973632812,0.6988396644592285,0.2744166851043701,0.026610486209392548
/tmp/drone_acoustic_2026w14_phase1_downloads/raw/crema_d/audios/1002_MTI_ANG_XX.wav,ANG,emergency,emergency,0.2804468274116516,652.4807739257812,658.8345947265625,0.4633820652961731,0.5089411735534668,0.027477337047457695
/tmp/drone_acoustic_2026w14_phase1_downloads/raw/crema_d/audios/1002_MTI_FEA_XX.wav,FEA,emergency,emergency,0.17445357143878937,582.7465209960938,626.20556640625,0.6391923427581787,0.3462929129600525,0.014489066787064075
/tmp/drone_acoustic_2026w14_phase1_downloads/raw/crema_d/audios/1002_MTI_NEU_XX.wav,NEU,normal,normal,0.16364094614982605,462.796142578125,500.9582824707031,0.5899896621704102,0.383558064699173,0.026420120149850845
/tmp/drone_acoustic_2026w14_phase1_downloads/raw/crema_d/audios/1002_TAI_ANG_XX.wav,ANG,emergency,emergency,0.6197955012321472,873.6390380859375,797.452880859375,0.1752391904592514,0.7240718007087708,0.09994647651910782
/tmp/drone_acoustic_2026w14_phase1_downloads/raw/crema_d/audios/1002_TAI_FEA_XX.wav,FEA,emergency,emergency,0.06256286054849625,595.4483642578125,645.7117919921875,0.6748359799385071,0.278166800737381,0.046900443732738495
/tmp/drone_acoustic_2026w14_phase1_downloads/raw/crema_d/audios/1002_TAI_NEU_XX.wav,NEU,normal,normal,0.07290990650653839,568.1025390625,630.4555053710938,0.796798050403595,0.1544225960969925,0.0487227737903595
/tmp/drone_acoustic_2026w14_phase1_downloads/raw/crema_d/audios/1002_TIE_ANG_XX.wav,ANG,emergency,emergency,2.749166250228882,1545.1160888671875,1177.43115234375,0.042173147201538086,0.7314501404762268,0.22631336748600006
/tmp/drone_acoustic_2026w14_phase1_downloads/raw/crema_d/audios/1002_TIE_FEA_XX.wav,FEA,emergency,emergency,0.8395481109619141,1059.749267578125,987.1154174804688,0.12243503332138062,0.681678295135498,0.1958451122045517
/tmp/drone_acoustic_2026w14_phase1_downloads/raw/crema_d/audios/1002_TSI_ANG_XX.wav,ANG,emergency,emergency,0.34917929768562317,1581.7919921875,988.2391357421875,0.3475066125392914,0.33747315406799316,0.3089105188846588
/tmp/drone_acoustic_2026w14_phase1_downloads/raw/crema_d/audios/1002_TSI_FEA_XX.wav,FEA,emergency,emergency,0.2654189169406891,1259.1002197265625,885.0194091796875,0.36178648471832275,0.12550587952136993,0.5116519927978516
/tmp/drone_acoustic_2026w14_phase1_downloads/raw/crema_d/audios/1002_TSI_NEU_XX.wav,NEU,normal,normal,0.11876212805509567,1183.749755859375,804.469482421875,0.4306778609752655,0.11398588865995407,0.4537511169910431
/tmp/drone_acoustic_2026w14_phase1_downloads/raw/crema_d/audios/1002_WSI_ANG_XX.wav,ANG,emergency,emergency,2.0831680297851562,1793.2252197265625,1008.58837890625,0.09030719846487045,0.7133356332778931,0.19618286192417145
/tmp/drone_acoustic_2026w14_phase1_downloads/raw/crema_d/audios/1002_WSI_FEA_XX.wav,FEA,emergency,emergency,1.4828177690505981,1134.29931640625,776.9723510742188,0.09804017841815948,0.7890857458114624,0.11275278776884079
/tmp/drone_acoustic_2026w14_phase1_downloads/raw/crema_d/audios/1002_WSI_NEU_XX.wav,NEU,normal,normal,0.46771782636642456,971.81689453125,801.9091796875,0.40411174297332764,0.49412840604782104,0.10118269175291061
/tmp/drone_acoustic_2026w14_phase1_downloads/raw/crema_d/audios/1003_DFA_ANG_XX.wav,ANG,emergency,emergency,1.9825955629348755,1275.915283203125,828.51806640625,0.058523695915937424,0.516617476940155,0.4248085021972656
/tmp/drone_acoustic_2026w14_phase1_downloads/raw/crema_d/audios/1003_DFA_FEA_XX.wav,FEA,emergency,emergency,0.09634150564670563,435.0849609375,550.6320190429688,0.5060482621192932,0.45514827966690063,0.03878404200077057
/tmp/drone_acoustic_2026w14_phase1_downloads/raw/crema_d/audios/1003_DFA_NEU_XX.wav,NEU,normal,normal,0.1841774880886078,681.391845703125,729.4928588867188,0.3343064486980438,0.6095942854881287,0.05608947575092316
/tmp/drone_acoustic_2026w14_phase1_downloads/raw/crema_d/audios/1003_IEO_ANG_HI.wav,ANG,emergency,emergency,2.538182258605957,967.650390625,673.319091796875,0.0801207423210144,0.7817516326904297,0.13810496032238007
/tmp/drone_acoustic_2026w14_phase1_downloads/raw/crema_d/audios/1003_IEO_ANG_LO.wav,ANG,emergency,emergency,1.184770107269287,633.6227416992188,574.8557739257812,0.06142653524875641,0.9068573117256165,0.0317070372402668
/tmp/drone_acoustic_2026w14_phase1_downloads/raw/crema_d/audios/1003_IEO_ANG_MD.wav,ANG,emergency,emergency,1.9404850006103516,781.5021362304688,650.9028930664062,0.06820656359195709,0.8330090045928955,0.09873413294553757
/tmp/drone_acoustic_2026w14_phase1_downloads/raw/crema_d/audios/1003_IEO_FEA_HI.wav,FEA,emergency,emergency,0.0684087947010994,441.0457458496094,483.52301025390625,0.5344938635826111,0.4517209231853485,0.013651837594807148
/tmp/drone_acoustic_2026w14_phase1_downloads/raw/crema_d/audios/1003_IEO_FEA_LO.wav,FEA,emergency,emergency,0.11396390944719315,473.57135009765625,499.83917236328125,0.5136868953704834,0.4717695415019989,0.014540797099471092
/tmp/drone_acoustic_2026w14_phase1_downloads/raw/crema_d/audios/1003_IEO_FEA_MD.wav,FEA,emergency,emergency,0.27643293142318726,477.8775329589844,516.8355712890625,0.35524728894233704,0.6204200983047485,0.02432785928249359
/tmp/drone_acoustic_2026w14_phase1_downloads/raw/crema_d/audios/1003_IEO_NEU_XX.wav,NEU,normal,normal,0.14927105605602264,506.8865051269531,522.3824462890625,0.38876083493232727,0.5899341106414795,0.021302327513694763
/tmp/drone_acoustic_2026w14_phase1_downloads/raw/crema_d/audios/1003_IOM_ANG_XX.wav,ANG,emergency,emergency,2.052684783935547,1034.5408935546875,806.9256591796875,0.19485877454280853,0.5320518612861633,0.27305981516838074
/tmp/drone_acoustic_2026w14_phase1_downloads/raw/crema_d/audios/1003_IOM_FEA_XX.wav,FEA,emergency,emergency,0.10681410133838654,434.47064208984375,480.20989990234375,0.7602840065956116,0.21049347519874573,0.029205871745944023
/tmp/drone_acoustic_2026w14_phase1_downloads/raw/crema_d/audios/1003_IOM_NEU_XX.wav,NEU,normal,normal,0.5604405403137207,518.8261108398438,512.4088745117188,0.24222533404827118,0.7034677863121033,0.05429675430059433
/tmp/drone_acoustic_2026w14_phase1_downloads/raw/crema_d/audios/1003_ITH_ANG_XX.wav,ANG,emergency,emergency,6.210236549377441,1047.8282470703125,858.531982421875,0.07324882596731186,0.6901171803474426,0.23662616312503815
/tmp/drone_acoustic_2026w14_phase1_downloads/raw/crema_d/audios/1003_ITH_FEA_XX.wav,FEA,emergency,emergency,0.302796334028244,525.1873168945312,682.2216186523438,0.5562931895256042,0.38967829942703247,0.05398647487163544
/tmp/drone_acoustic_2026w14_phase1_downloads/raw/crema_d/audios/1003_ITH_NEU_XX.wav,NEU,normal,normal,0.3882721960544586,713.2263793945312,663.9871826171875,0.22904029488563538,0.6565303206443787,0.11441219598054886
/tmp/drone_acoustic_2026w14_phase1_downloads/raw/crema_d/audios/1003_ITS_ANG_XX.wav,ANG,emergency,emergency,1.1181217432022095,1300.994140625,880.2183227539062,0.3082633912563324,0.28077831864356995,0.4108865559101105
/tmp/drone_acoustic_2026w14_phase1_downloads/raw/crema_d/audios/1003_ITS_FEA_XX.wav,FEA,emergency,emergency,0.058144185692071915,715.08984375,697.771240234375,0.8040013313293457,0.08114229142665863,0.11472006887197495
/tmp/drone_acoustic_2026w14_phase1_downloads/raw/crema_d/audios/1003_ITS_NEU_XX.wav,NEU,normal,normal,0.19041535258293152,848.9207153320312,657.1571044921875,0.5233197212219238,0.3014214038848877,0.1750980019569397
/tmp/drone_acoustic_2026w14_phase1_downloads/raw/crema_d/audios/1003_IWL_ANG_XX.wav,ANG,emergency,emergency,2.590925455093384,1000.353271484375,725.6740112304688,0.09108328819274902,0.7310947179794312,0.17778004705905914
/tmp/drone_acoustic_2026w14_phase1_downloads/raw/crema_d/audios/1003_IWL_FEA_XX.wav,FEA,emergency,emergency,0.17459698021411896,401.7923278808594,477.15814208984375,0.48735740780830383,0.47862768173217773,0.0339878611266613
/tmp/drone_acoustic_2026w14_phase1_downloads/raw/crema_d/audios/1003_IWL_NEU_XX.wav,NEU,normal,normal,0.8125180006027222,547.4408569335938,512.811767578125,0.2335529327392578,0.6639997363090515,0.10244083404541016
/tmp/drone_acoustic_2026w14_phase1_downloads/raw/crema_d/audios/1003_IWW_ANG_XX.wav,ANG,emergency,emergency,1.6501048803329468,924.6832885742188,683.6114501953125,0.16558073461055756,0.44536685943603516,0.3890398144721985
/tmp/drone_acoustic_2026w14_phase1_downloads/raw/crema_d/audios/1003_IWW_FEA_XX.wav,FEA,emergency,emergency,0.13173331320285797,867.6488647460938,701.8850708007812,0.4329010546207428,0.5201206803321838,0.046584200114011765
/tmp/drone_acoustic_2026w14_phase1_downloads/raw/crema_d/audios/1003_IWW_NEU_XX.wav,NEU,normal,normal,0.17029739916324615,661.2005615234375,667.1830444335938,0.3251577913761139,0.6348896026611328,0.03994074463844299
/tmp/drone_acoustic_2026w14_phase1_downloads/raw/crema_d/audios/1003_MTI_ANG_XX.wav,ANG,emergency,emergency,0.7546332478523254,1162.45751953125,832.1397094726562,0.09237001836299896,0.7646951675415039,0.14290614426136017
/tmp/drone_acoustic_2026w14_phase1_downloads/raw/crema_d/audios/1003_MTI_FEA_XX.wav,FEA,emergency,emergency,0.19579721987247467,533.0552368164062,538.109619140625,0.476014107465744,0.490386039018631,0.03359421715140343
/tmp/drone_acoustic_2026w14_phase1_downloads/raw/crema_d/audios/1003_MTI_NEU_XX.wav,NEU,normal,normal,0.24307933449745178,534.464111328125,525.2003784179688,0.48618295788764954,0.40679165720939636,0.10692539811134338
/tmp/drone_acoustic_2026w14_phase1_downloads/raw/crema_d/audios/1003_TAI_ANG_XX.wav,ANG,emergency,emergency,1.273415446281433,1101.8599853515625,879.4232177734375,0.09842587262392044,0.63030606508255,0.271207332611084
/tmp/drone_acoustic_2026w14_phase1_downloads/raw/crema_d/audios/1003_TAI_FEA_XX.wav,FEA,emergency,emergency,0.07411761581897736,703.5991821289062,637.17431640625,0.4981565475463867,0.4672642946243286,0.03453603386878967
/tmp/drone_acoustic_2026w14_phase1_downloads/raw/crema_d/audios/1003_TAI_NEU_XX.wav,NEU,normal,normal,0.24228182435035706,678.9495239257812,662.5606079101562,0.29708540439605713,0.5653514266014099,0.13753637671470642
/tmp/drone_acoustic_2026w14_phase1_downloads/raw/crema_d/audios/1003_TIE_ANG_XX.wav,ANG,emergency,emergency,5.825741291046143,1095.4189453125,891.8465576171875,0.04477371647953987,0.666379451751709,0.28877684473991394
/tmp/drone_acoustic_2026w14_phase1_downloads/raw/crema_d/audios/1003_TIE_FEA_XX.wav,FEA,emergency,emergency,1.4532005786895752,749.1422729492188,710.163330078125,0.1870042234659195,0.7275408506393433,0.08544453978538513
/tmp/drone_acoustic_2026w14_phase1_downloads/raw/crema_d/audios/1003_TIE_NEU_XX.wav,NEU,normal,normal,0.9519375562667847,764.6495361328125,728.1546630859375,0.19631743431091309,0.6478492021560669,0.15576593577861786
/tmp/drone_acoustic_2026w14_phase1_downloads/raw/crema_d/audios/1003_TSI_ANG_XX.wav,ANG,emergency,emergency,0.9529101848602295,1713.3612060546875,921.7140502929688,0.1169167086482048,0.414702445268631,0.46761688590049744
/tmp/drone_acoustic_2026w14_phase1_downloads/raw/crema_d/audios/1003_TSI_FEA_XX.wav,FEA,emergency,emergency,0.23203144967556,1158.6756591796875,772.1729736328125,0.27306950092315674,0.4372652471065521,0.2877262234687805
/tmp/drone_acoustic_2026w14_phase1_downloads/raw/crema_d/audios/1003_TSI_NEU_XX.wav,NEU,normal,normal,0.1679827868938446,1153.8424072265625,919.55224609375,0.5386064648628235,0.2891753315925598,0.17191484570503235
/tmp/drone_acoustic_2026w14_phase1_downloads/raw/crema_d/audios/1003_WSI_ANG_XX.wav,ANG,emergency,emergency,2.499598741531372,1514.6029052734375,887.9480590820312,0.11834703385829926,0.5454714894294739,0.33605965971946716
/tmp/drone_acoustic_2026w14_phase1_downloads/raw/crema_d/audios/1003_WSI_FEA_XX.wav,FEA,emergency,emergency,0.08559699356555939,709.4971313476562,642.5601196289062,0.6598466634750366,0.18606983125209808,0.15401940047740936
/tmp/drone_acoustic_2026w14_phase1_downloads/raw/crema_d/audios/1003_WSI_NEU_XX.wav,NEU,normal,normal,0.3096478581428528,1042.4959716796875,730.11376953125,0.24021390080451965,0.6536992192268372,0.10571880638599396
/tmp/drone_acoustic_2026w14_phase1_downloads/raw/crema_d/audios/1004_DFA_ANG_XX.wav,ANG,emergency,emergency,2.9138424396514893,1068.6903076171875,782.4796142578125,0.05418814346194267,0.3966669738292694,0.5490919947624207
/tmp/drone_acoustic_2026w14_phase1_downloads/raw/crema_d/audios/1004_DFA_FEA_XX.wav,FEA,emergency,emergency,0.13890205323696136,603.9655151367188,693.0853881835938,0.5789612531661987,0.2983005940914154,0.12266667932271957
/tmp/drone_acoustic_2026w14_phase1_downloads/raw/crema_d/audios/1004_DFA_NEU_XX.wav,NEU,normal,normal,0.38897475600242615,800.609375,799.69287109375,0.33210811018943787,0.5801762938499451,0.08766353875398636
/tmp/drone_acoustic_2026w14_phase1_downloads/raw/crema_d/audios/1004_IEO_ANG_HI.wav,ANG,emergency,emergency,2.294142246246338,1265.8563232421875,924.9614868164062,0.02921118028461933,0.7787327766418457,0.1920175701379776
/tmp/drone_acoustic_2026w14_phase1_downloads/raw/crema_d/audios/1004_IEO_ANG_LO.wav,ANG,emergency,emergency,1.4982386827468872,787.8286743164062,695.4251708984375,0.08812658488750458,0.8947868347167969,0.017077729105949402
/tmp/drone_acoustic_2026w14_phase1_downloads/raw/crema_d/audios/1004_IEO_ANG_MD.wav,ANG,emergency,emergency,1.8776891231536865,1041.2486572265625,772.4779052734375,0.039384160190820694,0.8919563889503479,0.0686335563659668
/tmp/drone_acoustic_2026w14_phase1_downloads/raw/crema_d/audios/1004_IEO_FEA_HI.wav,FEA,emergency,emergency,0.10835130512714386,488.0081481933594,546.7409057617188,0.5629053711891174,0.3859510123729706,0.05093534290790558
/tmp/drone_acoustic_2026w14_phase1_downloads/raw/crema_d/audios/1004_IEO_FEA_LO.wav,FEA,emergency,emergency,0.22815187275409698,581.9093627929688,738.4918212890625,0.42047014832496643,0.5474191308021545,0.03207935020327568
/tmp/drone_acoustic_2026w14_phase1_downloads/raw/crema_d/audios/1004_IEO_FEA_MD.wav,FEA,emergency,emergency,0.09680527448654175,651.0335693359375,680.233642578125,0.5465086102485657,0.4080052375793457,0.04537653550505638
/tmp/drone_acoustic_2026w14_phase1_downloads/raw/crema_d/audios/1004_IEO_NEU_XX.wav,NEU,normal,normal,0.29861557483673096,527.3121948242188,624.4462890625,0.29010269045829773,0.6944787502288818,0.01536071952432394
/tmp/drone_acoustic_2026w14_phase1_downloads/raw/crema_d/audios/1004_IOM_ANG_XX.wav,ANG,emergency,emergency,0.3937338888645172,765.14599609375,777.8667602539062,0.4963403642177582,0.32587483525276184,0.17758581042289734
/tmp/drone_acoustic_2026w14_phase1_downloads/raw/crema_d/audios/1004_IOM_FEA_XX.wav,FEA,emergency,emergency,0.03910444304347038,383.6856689453125,532.3427734375,0.6979209184646606,0.2817857563495636,0.02028072066605091
/tmp/drone_acoustic_2026w14_phase1_downloads/raw/crema_d/audios/1004_IOM_NEU_XX.wav,NEU,normal,normal,0.11550230532884598,445.8615417480469,479.7303771972656,0.6033689975738525,0.36966872215270996,0.026900209486484528
/tmp/drone_acoustic_2026w14_phase1_downloads/raw/crema_d/audios/1004_ITH_ANG_XX.wav,ANG,emergency,emergency,1.0811538696289062,932.513916015625,781.3675537109375,0.0791601687669754,0.8025804758071899,0.11823409795761108
/tmp/drone_acoustic_2026w14_phase1_downloads/raw/crema_d/audios/1004_ITH_FEA_XX.wav,FEA,emergency,emergency,0.5368457436561584,770.4970092773438,808.275634765625,0.4650922417640686,0.321257621049881,0.21356339752674103
/tmp/drone_acoustic_2026w14_phase1_downloads/raw/crema_d/audios/1004_ITH_NEU_XX.wav,NEU,normal,normal,0.3776022791862488,611.1358032226562,675.1967163085938,0.3914795219898224,0.5481682419776917,0.0603267177939415
/tmp/drone_acoustic_2026w14_phase1_downloads/raw/crema_d/audios/1004_ITS_ANG_XX.wav,ANG,emergency,emergency,0.2701948285102844,1178.573974609375,819.8487548828125,0.3822077810764313,0.4035765528678894,0.21417391300201416
/tmp/drone_acoustic_2026w14_phase1_downloads/raw/crema_d/audios/1004_ITS_FEA_XX.wav,FEA,emergency,emergency,0.05730302631855011,754.794677734375,981.5238037109375,0.7926335334777832,0.11237382888793945,0.09492182731628418
/tmp/drone_acoustic_2026w14_phase1_downloads/raw/crema_d/audios/1004_ITS_NEU_XX.wav,NEU,normal,normal,0.15171396732330322,1238.8837890625,1091.7706298828125,0.5677857398986816,0.2459760308265686,0.1858418732881546
/tmp/drone_acoustic_2026w14_phase1_downloads/raw/crema_d/audios/1004_IWL_ANG_XX.wav,ANG,emergency,emergency,1.0648001432418823,804.931640625,700.850341796875,0.1527353823184967,0.727519154548645,0.11971237510442734
/tmp/drone_acoustic_2026w14_phase1_downloads/raw/crema_d/audios/1004_IWL_FEA_XX.wav,FEA,emergency,emergency,0.11947240680456161,433.314453125,541.718994140625,0.6408105492591858,0.3353971242904663,0.023780226707458496
/tmp/drone_acoustic_2026w14_phase1_downloads/raw/crema_d/audios/1004_IWL_NEU_XX.wav,NEU,normal,normal,0.7488258481025696,472.07275390625,506.54058837890625,0.3019464612007141,0.6821277141571045,0.015905365347862244
/tmp/drone_acoustic_2026w14_phase1_downloads/raw/crema_d/audios/1004_IWW_ANG_XX.wav,ANG,emergency,emergency,0.4029928743839264,935.8631591796875,780.4491577148438,0.3872355818748474,0.3887214958667755,0.22394584119319916
/tmp/drone_acoustic_2026w14_phase1_downloads/raw/crema_d/audios/1004_IWW_FEA_XX.wav,FEA,emergency,emergency,0.06489761918783188,691.74755859375,751.4319458007812,0.5626379251480103,0.3730882406234741,0.06415145844221115
/tmp/drone_acoustic_2026w14_phase1_downloads/raw/crema_d/audios/1004_IWW_NEU_XX.wav,NEU,normal,normal,0.18329626321792603,736.1548461914062,706.9010009765625,0.40814992785453796,0.4941253662109375,0.09765972197055817
/tmp/drone_acoustic_2026w14_phase1_downloads/raw/crema_d/audios/1004_MTI_ANG_XX.wav,ANG,emergency,emergency,0.16180813312530518,627.6199340820312,582.3369750976562,0.1245831772685051,0.8616989850997925,0.013685391284525394
/tmp/drone_acoustic_2026w14_phase1_downloads/raw/crema_d/audios/1004_MTI_FEA_XX.wav,FEA,emergency,emergency,0.08501654118299484,496.5401916503906,582.2357788085938,0.6790189146995544,0.27523940801620483,0.04573279991745949
/tmp/drone_acoustic_2026w14_phase1_downloads/raw/crema_d/audios/1004_MTI_NEU_XX.wav,NEU,normal,normal,0.23101073503494263,581.106201171875,589.3709716796875,0.4379362165927887,0.5018174052238464,0.06005191057920456
/tmp/drone_acoustic_2026w14_phase1_downloads/raw/crema_d/audios/1004_TAI_ANG_XX.wav,ANG,emergency,emergency,0.10249632596969604,857.3858032226562,839.1522827148438,0.200330451130867,0.7621448040008545,0.03749675303697586
/tmp/drone_acoustic_2026w14_phase1_downloads/raw/crema_d/audios/1004_TAI_FEA_XX.wav,FEA,emergency,emergency,0.07190068811178207,668.7794189453125,674.1681518554688,0.6692945957183838,0.23228688538074493,0.09805404394865036
/tmp/drone_acoustic_2026w14_phase1_downloads/raw/crema_d/audios/1004_TAI_NEU_XX.wav,NEU,normal,normal,0.23485642671585083,704.4213256835938,762.8273315429688,0.43249231576919556,0.48340141773223877,0.08404373377561569
/tmp/drone_acoustic_2026w14_phase1_downloads/raw/crema_d/audios/1004_TIE_ANG_XX.wav,ANG,emergency,emergency,2.9964492321014404,1679.8543701171875,1036.72998046875,0.020854229107499123,0.6605687737464905,0.3185029923915863
/tmp/drone_acoustic_2026w14_phase1_downloads/raw/crema_d/audios/1004_TIE_FEA_XX.wav,FEA,emergency,emergency,0.1883651316165924,678.1619262695312,723.9511108398438,0.33175501227378845,0.6079474091529846,0.06026465818285942
/tmp/drone_acoustic_2026w14_phase1_downloads/raw/crema_d/audios/1004_TIE_NEU_XX.wav,NEU,normal,normal,0.5474166870117188,608.4274291992188,668.9990234375,0.257555216550827,0.6960326433181763,0.046373434364795685
/tmp/drone_acoustic_2026w14_phase1_downloads/raw/crema_d/audios/1004_TSI_ANG_XX.wav,ANG,emergency,emergency,0.32568180561065674,1633.5263671875,1046.3448486328125,0.12541446089744568,0.5910148024559021,0.2827893793582916
/tmp/drone_acoustic_2026w14_phase1_downloads/raw/crema_d/audios/1004_TSI_FEA_XX.wav,FEA,emergency,emergency,0.0826764702796936,1313.121826171875,1200.5296630859375,0.4693630337715149,0.441849023103714,0.08872600644826889
/tmp/drone_acoustic_2026w14_phase1_downloads/raw/crema_d/audios/1004_TSI_NEU_XX.wav,NEU,normal,normal,0.10439746081829071,1900.3675537109375,1345.313232421875,0.5370843410491943,0.28593701124191284,0.1754833459854126
/tmp/drone_acoustic_2026w14_phase1_downloads/raw/crema_d/audios/1004_WSI_ANG_XX.wav,ANG,emergency,emergency,1.0841487646102905,1374.525146484375,920.9546508789062,0.14060911536216736,0.6949267387390137,0.16429702937602997
/tmp/drone_acoustic_2026w14_phase1_downloads/raw/crema_d/audios/1004_WSI_FEA_XX.wav,FEA,emergency,emergency,0.11408699303865433,796.4354858398438,909.0969848632812,0.4177261292934418,0.5268035531044006,0.0554162971675396
/tmp/drone_acoustic_2026w14_phase1_downloads/raw/crema_d/audios/1004_WSI_NEU_XX.wav,NEU,normal,normal,0.5471622943878174,1039.2333984375,920.120849609375,0.1835879683494568,0.7774934768676758,0.038825396448373795
/tmp/drone_acoustic_2026w14_phase1_downloads/raw/crema_d/audios/1005_DFA_ANG_XX.wav,ANG,emergency,emergency,0.7259681224822998,883.4555053710938,792.6233520507812,0.11680244654417038,0.7501512169837952,0.13300487399101257
/tmp/drone_acoustic_2026w14_phase1_downloads/raw/crema_d/audios/1005_DFA_FEA_XX.wav,FEA,emergency,emergency,0.28784283995628357,610.1472778320312,688.0663452148438,0.29345887899398804,0.6157877445220947,0.0907333642244339
/tmp/drone_acoustic_2026w14_phase1_downloads/raw/crema_d/audios/1005_DFA_NEU_XX.wav,NEU,normal,normal,0.16171129047870636,510.9287109375,616.4813232421875,0.2133168876171112,0.738354504108429,0.04831550642848015
/tmp/drone_acoustic_2026w14_phase1_downloads/raw/crema_d/audios/1005_IEO_ANG_HI.wav,ANG,emergency,emergency,0.653285562992096,1040.67529296875,845.5884399414062,0.05326792970299721,0.8415177464485168,0.10516493767499924
/tmp/drone_acoustic_2026w14_phase1_downloads/raw/crema_d/audios/1005_IEO_ANG_LO.wav,ANG,emergency,emergency,0.19102086126804352,670.2926025390625,568.85009765625,0.3217761218547821,0.6170305013656616,0.06097014248371124
/tmp/drone_acoustic_2026w14_phase1_downloads/raw/crema_d/audios/1005_IEO_ANG_MD.wav,ANG,emergency,emergency,0.32644715905189514,729.3402099609375,659.2196655273438,0.314313679933548,0.598957359790802,0.08669524639844894
/tmp/drone_acoustic_2026w14_phase1_downloads/raw/crema_d/audios/1005_IEO_FEA_HI.wav,FEA,emergency,emergency,0.5695240497589111,820.1813354492188,692.8991088867188,0.19381098449230194,0.7125868797302246,0.09359575062990189
/tmp/drone_acoustic_2026w14_phase1_downloads/raw/crema_d/audios/1005_IEO_FEA_LO.wav,FEA,emergency,emergency,0.14112094044685364,465.256103515625,581.1337890625,0.3378508985042572,0.6410510540008545,0.021079987287521362
/tmp/drone_acoustic_2026w14_phase1_downloads/raw/crema_d/audios/1005_IEO_FEA_MD.wav,FEA,emergency,emergency,0.21093830466270447,649.099853515625,679.5220336914062,0.311082661151886,0.5948682427406311,0.09400086849927902
/tmp/drone_acoustic_2026w14_phase1_downloads/raw/crema_d/audios/1005_IEO_NEU_XX.wav,NEU,normal,normal,0.09849037230014801,587.2243041992188,503.7402648925781,0.44319477677345276,0.4724407196044922,0.08432389795780182
/tmp/drone_acoustic_2026w14_phase1_downloads/raw/crema_d/audios/1005_IOM_ANG_XX.wav,ANG,emergency,emergency,0.5177102088928223,818.7352905273438,740.711181640625,0.15712162852287292,0.6925113797187805,0.15034526586532593
/tmp/drone_acoustic_2026w14_phase1_downloads/raw/crema_d/audios/1005_IOM_FEA_XX.wav,FEA,emergency,emergency,0.2453894019126892,473.00811767578125,547.113037109375,0.6183340549468994,0.31940338015556335,0.06225036457180977
/tmp/drone_acoustic_2026w14_phase1_downloads/raw/crema_d/audios/1005_IOM_NEU_XX.wav,NEU,normal,normal,0.30741941928863525,444.93560791015625,482.9654235839844,0.48193836212158203,0.4056960344314575,0.11236069351434708
/tmp/drone_acoustic_2026w14_phase1_downloads/raw/crema_d/audios/1005_ITH_ANG_XX.wav,ANG,emergency,emergency,1.0806862115859985,730.44775390625,675.0997314453125,0.07328788191080093,0.7087350487709045,0.2179722934961319
/tmp/drone_acoustic_2026w14_phase1_downloads/raw/crema_d/audios/1005_ITH_FEA_XX.wav,FEA,emergency,emergency,0.40044182538986206,677.563232421875,711.6898803710938,0.18267884850502014,0.7543517351150513,0.06295788288116455
/tmp/drone_acoustic_2026w14_phase1_downloads/raw/crema_d/audios/1005_ITH_NEU_XX.wav,NEU,normal,normal,0.621399998664856,590.6148681640625,638.3890380859375,0.1999942809343338,0.6003416776657104,0.19963212311267853
/tmp/drone_acoustic_2026w14_phase1_downloads/raw/crema_d/audios/1005_ITS_ANG_XX.wav,ANG,emergency,emergency,0.8086504340171814,995.9039916992188,798.9147338867188,0.19741132855415344,0.5754994750022888,0.22679729759693146
/tmp/drone_acoustic_2026w14_phase1_downloads/raw/crema_d/audios/1005_ITS_FEA_XX.wav,FEA,emergency,emergency,0.1231575757265091,592.5930786132812,710.2454833984375,0.7019270062446594,0.21937231719493866,0.07867760956287384
/tmp/drone_acoustic_2026w14_phase1_downloads/raw/crema_d/audios/1005_ITS_NEU_XX.wav,NEU,normal,normal,0.4891039729118347,935.1426391601562,791.5279541015625,0.34097304940223694,0.37088245153427124,0.28788450360298157
/tmp/drone_acoustic_2026w14_phase1_downloads/raw/crema_d/audios/1005_IWL_ANG_XX.wav,ANG,emergency,emergency,0.5672544836997986,601.0203857421875,566.6809692382812,0.1678621470928192,0.7564490437507629,0.07567819207906723
/tmp/drone_acoustic_2026w14_phase1_downloads/raw/crema_d/audios/1005_IWL_FEA_XX.wav,FEA,emergency,emergency,0.2118368148803711,441.3746643066406,456.6588134765625,0.4568295478820801,0.526929497718811,0.01623682677745819
/tmp/drone_acoustic_2026w14_phase1_downloads/raw/crema_d/audios/1005_IWL_NEU_XX.wav,NEU,normal,normal,0.42885708808898926,495.7727355957031,467.6048278808594,0.2873263657093048,0.6133062839508057,0.09936288744211197
/tmp/drone_acoustic_2026w14_phase1_downloads/raw/crema_d/audios/1005_IWW_ANG_XX.wav,ANG,emergency,emergency,0.5272820591926575,610.1204833984375,687.557373046875,0.43689122796058655,0.413959264755249,0.1491256058216095
/tmp/drone_acoustic_2026w14_phase1_downloads/raw/crema_d/audios/1005_IWW_FEA_XX.wav,FEA,emergency,emergency,0.13087135553359985,443.8614196777344,563.4691772460938,0.722606897354126,0.19879812002182007,0.07857158035039902
/tmp/drone_acoustic_2026w14_phase1_downloads/raw/crema_d/audios/1005_IWW_NEU_XX.wav,NEU,normal,normal,0.16296039521694183,564.828857421875,603.182861328125,0.5330491662025452,0.4281664192676544,0.038778889924287796
/tmp/drone_acoustic_2026w14_phase1_downloads/raw/crema_d/audios/1005_MTI_ANG_XX.wav,ANG,emergency,emergency,0.3619243800640106,625.452880859375,527.4057006835938,0.11460483074188232,0.7827104926109314,0.10268175601959229
/tmp/drone_acoustic_2026w14_phase1_downloads/raw/crema_d/audios/1005_MTI_FEA_XX.wav,FEA,emergency,emergency,0.08051960170269012,410.9379577636719,468.4236145019531,0.8161296248435974,0.15375904738903046,0.029993480071425438
/tmp/drone_acoustic_2026w14_phase1_downloads/raw/crema_d/audios/1005_MTI_NEU_XX.wav,NEU,normal,normal,0.4313252866268158,485.9829406738281,493.9489440917969,0.4865947961807251,0.42636075615882874,0.08701173216104507
/tmp/drone_acoustic_2026w14_phase1_downloads/raw/crema_d/audios/1005_TAI_ANG_XX.wav,ANG,emergency,emergency,0.35551583766937256,811.6553344726562,798.7939453125,0.41686299443244934,0.5003564953804016,0.08275538682937622
/tmp/drone_acoustic_2026w14_phase1_downloads/raw/crema_d/audios/1005_TAI_FEA_XX.wav,FEA,emergency,emergency,0.24740827083587646,853.909423828125,848.6385498046875,0.5406090617179871,0.39047324657440186,0.06884338706731796
/tmp/drone_acoustic_2026w14_phase1_downloads/raw/crema_d/audios/1005_TAI_NEU_XX.wav,NEU,normal,normal,0.2318388819694519,483.23480224609375,603.6543579101562,0.48336490988731384,0.45874035358428955,0.057874638587236404
/tmp/drone_acoustic_2026w14_phase1_downloads/raw/crema_d/audios/1005_TIE_ANG_XX.wav,ANG,emergency,emergency,0.5149573683738708,900.3425903320312,773.192626953125,0.253885418176651,0.6129661202430725,0.13313214480876923
/tmp/drone_acoustic_2026w14_phase1_downloads/raw/crema_d/audios/1005_TIE_FEA_XX.wav,FEA,emergency,emergency,0.7024668455123901,738.3035278320312,726.5270385742188,0.19664451479911804,0.7074503302574158,0.09589670598506927
/tmp/drone_acoustic_2026w14_phase1_downloads/raw/crema_d/audios/1005_TIE_NEU_XX.wav,NEU,normal,normal,0.30739250779151917,558.6721801757812,636.3425903320312,0.40711772441864014,0.5073685050010681,0.08550675958395004
/tmp/drone_acoustic_2026w14_phase1_downloads/raw/crema_d/audios/1005_TSI_ANG_XX.wav,ANG,emergency,emergency,0.614055871963501,1640.796875,1031.10546875,0.2988271117210388,0.5326737761497498,0.1683579534292221
/tmp/drone_acoustic_2026w14_phase1_downloads/raw/crema_d/audios/1005_TSI_FEA_XX.wav,FEA,emergency,emergency,0.15746161341667175,1215.9598388671875,906.9166259765625,0.5004703998565674,0.37095797061920166,0.12843136489391327
/tmp/drone_acoustic_2026w14_phase1_downloads/raw/crema_d/audios/1005_TSI_NEU_XX.wav,NEU,normal,normal,0.2224687784910202,1324.6519775390625,905.5872192382812,0.5821468234062195,0.21225732564926147,0.2050708383321762
/tmp/drone_acoustic_2026w14_phase1_downloads/raw/crema_d/audios/1005_WSI_ANG_XX.wav,ANG,emergency,emergency,0.438458651304245,1408.219970703125,880.9397583007812,0.19093941152095795,0.7223716974258423,0.08665040880441666
/tmp/drone_acoustic_2026w14_phase1_downloads/raw/crema_d/audios/1005_WSI_FEA_XX.wav,FEA,emergency,emergency,0.24974744021892548,972.3048095703125,705.3016357421875,0.45038697123527527,0.48465439677238464,0.06493575125932693
/tmp/drone_acoustic_2026w14_phase1_downloads/raw/crema_d/audios/1005_WSI_NEU_XX.wav,NEU,normal,normal,0.4310298264026642,891.6441040039062,729.2024536132812,0.23459631204605103,0.6488121151924133,0.11656124889850616
/tmp/drone_acoustic_2026w14_phase1_downloads/raw/crema_d/audios/1006_DFA_ANG_XX.wav,ANG,emergency,emergency,0.7609286904335022,838.3104858398438,715.4034423828125,0.11391527950763702,0.6620873808860779,0.2239559143781662
/tmp/drone_acoustic_2026w14_phase1_downloads/raw/crema_d/audios/1006_DFA_FEA_XX.wav,FEA,emergency,emergency,0.01822296343743801,315.22174072265625,431.0968017578125,0.8685845732688904,0.11815173178911209,0.013245668262243271
/tmp/drone_acoustic_2026w14_phase1_downloads/raw/crema_d/audios/1006_DFA_NEU_XX.wav,NEU,normal,normal,0.03175582364201546,326.3211669921875,410.3021545410156,0.6441779136657715,0.34576424956321716,0.010050523094832897
/tmp/drone_acoustic_2026w14_phase1_downloads/raw/crema_d/audios/1006_IEO_ANG_HI.wav,ANG,emergency,emergency,0.49795159697532654,602.3333129882812,573.723876953125,0.2367025464773178,0.7022983431816101,0.060989443212747574
/tmp/drone_acoustic_2026w14_phase1_downloads/raw/crema_d/audios/1006_IEO_ANG_LO.wav,ANG,emergency,emergency,0.04679809883236885,331.8206787109375,392.44757080078125,0.6198691129684448,0.3698570430278778,0.010268938727676868
/tmp/drone_acoustic_2026w14_phase1_downloads/raw/crema_d/audios/1006_IEO_ANG_MD.wav,ANG,emergency,emergency,0.26998332142829895,576.9273681640625,572.6511840820312,0.3431808650493622,0.6374836564064026,0.01933317817747593
/tmp/drone_acoustic_2026w14_phase1_downloads/raw/crema_d/audios/1006_IEO_FEA_HI.wav,FEA,emergency,emergency,0.04508395120501518,399.8807678222656,550.4186401367188,0.6976112723350525,0.28332188725471497,0.019035579636693
/tmp/drone_acoustic_2026w14_phase1_downloads/raw/crema_d/audios/1006_IEO_FEA_LO.wav,FEA,emergency,emergency,0.013275710865855217,290.3675231933594,443.09063720703125,0.9094869494438171,0.07758952677249908,0.012902207672595978
/tmp/drone_acoustic_2026w14_phase1_downloads/raw/crema_d/audios/1006_IEO_FEA_MD.wav,FEA,emergency,emergency,0.03156929463148117,342.04852294921875,438.3740539550781,0.7175012826919556,0.27152779698371887,0.010948902927339077
/tmp/drone_acoustic_2026w14_phase1_downloads/raw/crema_d/audios/1006_IEO_NEU_XX.wav,NEU,normal,normal,0.03035174496471882,316.6973571777344,414.9737548828125,0.7204293608665466,0.2632850110530853,0.016270074993371964
/tmp/drone_acoustic_2026w14_phase1_downloads/raw/crema_d/audios/1006_IOM_ANG_XX.wav,ANG,emergency,emergency,0.8131860494613647,539.6344604492188,513.3502197265625,0.4090957045555115,0.5056265592575073,0.08527524024248123
/tmp/drone_acoustic_2026w14_phase1_downloads/raw/crema_d/audios/1006_IOM_FEA_XX.wav,FEA,emergency,emergency,0.009798440150916576,249.06503295898438,379.0419006347656,0.9454411864280701,0.04668758809566498,0.00786597654223442
/tmp/drone_acoustic_2026w14_phase1_downloads/raw/crema_d/audios/1006_IOM_NEU_XX.wav,NEU,normal,normal,0.07079410552978516,293.58575439453125,352.1473388671875,0.6481626629829407,0.3425501883029938,0.009280309081077576
/tmp/drone_acoustic_2026w14_phase1_downloads/raw/crema_d/audios/1006_ITH_ANG_XX.wav,ANG,emergency,emergency,0.2386162430047989,502.126220703125,566.3499145507812,0.2778962254524231,0.6814274191856384,0.04066986218094826
/tmp/drone_acoustic_2026w14_phase1_downloads/raw/crema_d/audios/1006_ITH_FEA_XX.wav,FEA,emergency,emergency,0.044812317937612534,311.7169189453125,426.36370849609375,0.6900981664657593,0.294950008392334,0.014927398413419724
/tmp/drone_acoustic_2026w14_phase1_downloads/raw/crema_d/audios/1006_ITH_NEU_XX.wav,NEU,normal,normal,0.06137228012084961,332.0223388671875,390.7590637207031,0.6604682207107544,0.32603439688682556,0.01348908618092537
/tmp/drone_acoustic_2026w14_phase1_downloads/raw/crema_d/audios/1006_ITS_ANG_XX.wav,ANG,emergency,emergency,0.18073530495166779,734.2987670898438,688.331298828125,0.2699207365512848,0.6807349920272827,0.04933448135852814
/tmp/drone_acoustic_2026w14_phase1_downloads/raw/crema_d/audios/1006_ITS_FEA_XX.wav,FEA,emergency,emergency,0.03177244961261749,536.7349853515625,661.0543823242188,0.8595864176750183,0.08294787257909775,0.05739067867398262
/tmp/drone_acoustic_2026w14_phase1_downloads/raw/crema_d/audios/1006_ITS_NEU_XX.wav,NEU,normal,normal,0.021160369738936424,454.7690124511719,536.02392578125,0.6442080140113831,0.3334752023220062,0.022301478311419487
/tmp/drone_acoustic_2026w14_phase1_downloads/raw/crema_d/audios/1006_IWL_ANG_XX.wav,ANG,emergency,emergency,0.4856330156326294,593.9793701171875,534.513671875,0.09286781400442123,0.8422440886497498,0.06487593054771423
/tmp/drone_acoustic_2026w14_phase1_downloads/raw/crema_d/audios/1006_IWL_FEA_XX.wav,FEA,emergency,emergency,0.06796006113290787,360.553955078125,401.5181579589844,0.6123063564300537,0.37615838646888733,0.011530081741511822
/tmp/drone_acoustic_2026w14_phase1_downloads/raw/crema_d/audios/1006_IWL_NEU_XX.wav,NEU,normal,normal,0.11135897785425186,314.0679016113281,322.3959045410156,0.565888524055481,0.42898890376091003,0.0051186406053602695
/tmp/drone_acoustic_2026w14_phase1_downloads/raw/crema_d/audios/1006_IWW_ANG_XX.wav,ANG,emergency,emergency,0.09782397001981735,429.50726318359375,494.1490783691406,0.4844988286495209,0.4955363869667053,0.01995346136391163
/tmp/drone_acoustic_2026w14_phase1_downloads/raw/crema_d/audios/1006_IWW_FEA_XX.wav,FEA,emergency,emergency,0.03710945323109627,343.8139343261719,543.134765625,0.8421419858932495,0.12635789811611176,0.03146199882030487
/tmp/drone_acoustic_2026w14_phase1_downloads/raw/crema_d/audios/1006_IWW_NEU_XX.wav,NEU,normal,normal,0.046350400894880295,356.8151550292969,443.3770751953125,0.565891683101654,0.4252413213253021,0.008847431279718876
/tmp/drone_acoustic_2026w14_phase1_downloads/raw/crema_d/audios/1006_MTI_ANG_XX.wav,ANG,emergency,emergency,0.24956226348876953,491.0015869140625,434.0235595703125,0.09725669771432877,0.8915422558784485,0.011200156062841415
/tmp/drone_acoustic_2026w14_phase1_downloads/raw/crema_d/audios/1006_MTI_FEA_XX.wav,FEA,emergency,emergency,0.010265362448990345,301.9596862792969,350.6198425292969,0.7281572222709656,0.2661946415901184,0.005635540001094341
/tmp/drone_acoustic_2026w14_phase1_downloads/raw/crema_d/audios/1006_MTI_NEU_XX.wav,NEU,normal,normal,0.02866004779934883,317.14202880859375,361.28961181640625,0.49983981251716614,0.4890187680721283,0.011137043125927448
/tmp/drone_acoustic_2026w14_phase1_downloads/raw/crema_d/audios/1006_TAI_ANG_XX.wav,ANG,emergency,emergency,0.18166545033454895,520.3003540039062,571.42431640625,0.21202313899993896,0.7299403548240662,0.058032166212797165
/tmp/drone_acoustic_2026w14_phase1_downloads/raw/crema_d/audios/1006_TAI_FEA_XX.wav,FEA,emergency,emergency,0.009092535823583603,335.8830871582031,483.6886291503906,0.8784365057945251,0.11297155916690826,0.008583343587815762
/tmp/drone_acoustic_2026w14_phase1_downloads/raw/crema_d/audios/1006_TAI_NEU_XX.wav,NEU,normal,normal,0.028686420992016792,355.93817138671875,461.7369384765625,0.7052395939826965,0.2813010513782501,0.01345006562769413
/tmp/drone_acoustic_2026w14_phase1_downloads/raw/crema_d/audios/1006_TIE_ANG_XX.wav,ANG,emergency,emergency,0.2697342336177826,568.1275024414062,590.0783081054688,0.29666000604629517,0.6682612299919128,0.035028375685214996
/tmp/drone_acoustic_2026w14_phase1_downloads/raw/crema_d/audios/1006_TIE_FEA_XX.wav,FEA,emergency,emergency,0.11633189022541046,541.17529296875,595.9190063476562,0.2993970215320587,0.6750373244285583,0.02556133083999157
/tmp/drone_acoustic_2026w14_phase1_downloads/raw/crema_d/audios/1006_TIE_NEU_XX.wav,NEU,normal,normal,0.04331931471824646,348.2310485839844,450.5596923828125,0.669291615486145,0.3154190182685852,0.01527106761932373
/tmp/drone_acoustic_2026w14_phase1_downloads/raw/crema_d/audios/1006_TSI_ANG_XX.wav,ANG,emergency,emergency,0.16002069413661957,703.49951171875,762.7062377929688,0.3132455050945282,0.6368364691734314,0.04988414794206619
/tmp/drone_acoustic_2026w14_phase1_downloads/raw/crema_d/audios/1006_TSI_FEA_XX.wav,FEA,emergency,emergency,0.026963278651237488,1176.7578125,1286.1724853515625,0.6748803853988647,0.2184903621673584,0.10651355981826782
/tmp/drone_acoustic_2026w14_phase1_downloads/raw/crema_d/audios/1006_TSI_NEU_XX.wav,NEU,normal,normal,0.03647801652550697,829.1119384765625,863.9177856445312,0.6851760149002075,0.25875741243362427,0.05575094372034073
/tmp/drone_acoustic_2026w14_phase1_downloads/raw/crema_d/audios/1006_WSI_ANG_XX.wav,ANG,emergency,emergency,0.14295552670955658,811.263916015625,751.9692993164062,0.2759009897708893,0.6978011131286621,0.026289818808436394
/tmp/drone_acoustic_2026w14_phase1_downloads/raw/crema_d/audios/1006_WSI_FEA_XX.wav,FEA,emergency,emergency,0.03376629948616028,491.73968505859375,564.9041748046875,0.7321005463600159,0.2492089420557022,0.01866701804101467
/tmp/drone_acoustic_2026w14_phase1_downloads/raw/crema_d/audios/1006_WSI_NEU_XX.wav,NEU,normal,normal,0.04310523718595505,467.65771484375,541.8330688476562,0.5790243148803711,0.40935468673706055,0.01161196082830429
/tmp/drone_acoustic_2026w14_phase1_downloads/raw/crema_d/audios/1007_DFA_ANG_XX.wav,ANG,emergency,emergency,0.4167647957801819,722.6834716796875,662.1785888671875,0.13010354340076447,0.778118908405304,0.0917748212814331
/tmp/drone_acoustic_2026w14_phase1_downloads/raw/crema_d/audios/1007_DFA_FEA_XX.wav,FEA,emergency,emergency,0.008022891357541084,253.94244384765625,362.94171142578125,0.9199388027191162,0.07475879788398743,0.005290917120873928
/tmp/drone_acoustic_2026w14_phase1_downloads/raw/crema_d/audios/1007_DFA_NEU_XX.wav,NEU,normal,normal,0.03758002072572708,305.5516662597656,371.427001953125,0.553016722202301,0.4394276738166809,0.007550096604973078
/tmp/drone_acoustic_2026w14_phase1_downloads/raw/crema_d/audios/1007_IEO_ANG_HI.wav,ANG,emergency,emergency,1.6946840286254883,783.6041259765625,597.7743530273438,0.0918046236038208,0.8008247017860413,0.10736287385225296
/tmp/drone_acoustic_2026w14_phase1_downloads/raw/crema_d/audios/1007_IEO_ANG_LO.wav,ANG,emergency,emergency,0.14459839463233948,594.9075317382812,476.6806945800781,0.06974431872367859,0.9134475588798523,0.016807029023766518
/tmp/drone_acoustic_2026w14_phase1_downloads/raw/crema_d/audios/1007_IEO_ANG_MD.wav,ANG,emergency,emergency,0.015316066332161427,299.7408142089844,401.7857666015625,0.8205471038818359,0.1716891974210739,0.0077429283410310745
/tmp/drone_acoustic_2026w14_phase1_downloads/raw/crema_d/audios/1007_IEO_FEA_HI.wav,FEA,emergency,emergency,0.4053420424461365,587.3986206054688,514.572021484375,0.14747978746891022,0.8314698934555054,0.02104918286204338
/tmp/drone_acoustic_2026w14_phase1_downloads/raw/crema_d/audios/1007_IEO_FEA_LO.wav,FEA,emergency,emergency,0.006468010134994984,241.98988342285156,346.69537353515625,0.8961020112037659,0.09996571391820908,0.003908794838935137
/tmp/drone_acoustic_2026w14_phase1_downloads/raw/crema_d/audios/1007_IEO_FEA_MD.wav,FEA,emergency,emergency,0.13222090899944305,545.40234375,509.6744079589844,0.47431260347366333,0.4541497528553009,0.07152929157018661
/tmp/drone_acoustic_2026w14_phase1_downloads/raw/crema_d/audios/1007_IEO_NEU_XX.wav,NEU,normal,normal,0.010358452796936035,284.03338623046875,351.9809875488281,0.8548029065132141,0.13966180384159088,0.005527379456907511
/tmp/drone_acoustic_2026w14_phase1_downloads/raw/crema_d/audios/1007_IOM_ANG_XX.wav,ANG,emergency,emergency,0.10411082208156586,400.3091735839844,393.3164978027344,0.5635924935340881,0.38368725776672363,0.052714016288518906
/tmp/drone_acoustic_2026w14_phase1_downloads/raw/crema_d/audios/1007_IOM_FEA_XX.wav,FEA,emergency,emergency,0.008715784177184105,273.0905456542969,397.7664794921875,0.8931968808174133,0.10043112933635712,0.006349851842969656
/tmp/drone_acoustic_2026w14_phase1_downloads/raw/crema_d/audios/1007_IOM_NEU_XX.wav,NEU,normal,normal,0.08179821819067001,305.6166076660156,338.03106689453125,0.5409950613975525,0.4539036750793457,0.005097288638353348
/tmp/drone_acoustic_2026w14_phase1_downloads/raw/crema_d/audios/1007_ITH_ANG_XX.wav,ANG,emergency,emergency,0.08724421262741089,362.95465087890625,416.4536437988281,0.7817332744598389,0.18014562129974365,0.03810722753405571
/tmp/drone_acoustic_2026w14_phase1_downloads/raw/crema_d/audios/1007_ITH_FEA_XX.wav,FEA,emergency,emergency,0.010432014241814613,226.30062866210938,349.40985107421875,0.9485877752304077,0.044830285012722015,0.006565582938492298
/tmp/drone_acoustic_2026w14_phase1_downloads/raw/crema_d/audios/1007_ITH_NEU_XX.wav,NEU,normal,normal,0.061522286385297775,293.9938049316406,363.437255859375,0.6109241843223572,0.3794412612915039,0.009623022750020027
/tmp/drone_acoustic_2026w14_phase1_downloads/raw/crema_d/audios/1007_ITS_ANG_XX.wav,ANG,emergency,emergency,0.18882378935813904,516.4888916015625,529.725341796875,0.17010195553302765,0.7603183388710022,0.06956165283918381
/tmp/drone_acoustic_2026w14_phase1_downloads/raw/crema_d/audios/1007_ITS_FEA_XX.wav,FEA,emergency,emergency,0.009300398640334606,313.67926025390625,477.2884826660156,0.8996661305427551,0.08842729032039642,0.011871048249304295
/tmp/drone_acoustic_2026w14_phase1_downloads/raw/crema_d/audios/1007_ITS_NEU_XX.wav,NEU,normal,normal,0.04322727769613266,304.9930114746094,414.2567443847656,0.6044374108314514,0.3853098452091217,0.010244028642773628
/tmp/drone_acoustic_2026w14_phase1_downloads/raw/crema_d/audios/1007_IWL_ANG_XX.wav,ANG,emergency,emergency,0.08553913980722427,393.00885009765625,323.948486328125,0.6547264456748962,0.3367418348789215,0.008530871011316776
/tmp/drone_acoustic_2026w14_phase1_downloads/raw/crema_d/audios/1007_IWL_FEA_XX.wav,FEA,emergency,emergency,0.02081110142171383,289.04522705078125,304.8017578125,0.6059194803237915,0.3911268413066864,0.002946168417111039
/tmp/drone_acoustic_2026w14_phase1_downloads/raw/crema_d/audios/1007_IWL_NEU_XX.wav,NEU,normal,normal,0.050704728811979294,334.9063415527344,326.0994873046875,0.6296691298484802,0.3620244860649109,0.008301453664898872
/tmp/drone_acoustic_2026w14_phase1_downloads/raw/crema_d/audios/1007_IWW_ANG_XX.wav,ANG,emergency,emergency,0.09476374089717865,452.5279235839844,467.2762756347656,0.6055891513824463,0.3763701617717743,0.01801959052681923
/tmp/drone_acoustic_2026w14_phase1_downloads/raw/crema_d/audios/1007_IWW_FEA_XX.wav,FEA,emergency,emergency,0.007945718243718147,286.8355407714844,451.80731201171875,0.7821345329284668,0.2120983749628067,0.005727281793951988
/tmp/drone_acoustic_2026w14_phase1_downloads/raw/crema_d/audios/1007_IWW_NEU_XX.wav,NEU,normal,normal,0.04485076665878296,295.25982666015625,407.2712707519531,0.6314376592636108,0.3638519048690796,0.004703272599726915
/tmp/drone_acoustic_2026w14_phase1_downloads/raw/crema_d/audios/1007_MTI_ANG_XX.wav,ANG,emergency,emergency,0.049287643283605576,328.17236328125,348.5106506347656,0.6382378339767456,0.3408239185810089,0.02093370258808136
/tmp/drone_acoustic_2026w14_phase1_downloads/raw/crema_d/audios/1007_MTI_FEA_XX.wav,FEA,emergency,emergency,0.011996757239103317,244.50430297851562,298.9039001464844,0.8169442415237427,0.18095172941684723,0.0020936697255820036
/tmp/drone_acoustic_2026w14_phase1_downloads/raw/crema_d/audios/1007_MTI_NEU_XX.wav,NEU,normal,normal,0.01772436685860157,278.1353454589844,310.4776306152344,0.8443770408630371,0.14576584100723267,0.009843687526881695
/tmp/drone_acoustic_2026w14_phase1_downloads/raw/crema_d/audios/1007_TAI_ANG_XX.wav,ANG,emergency,emergency,0.09857645630836487,512.3707275390625,544.4462890625,0.3389817178249359,0.6111529469490051,0.04985982924699783
/tmp/drone_acoustic_2026w14_phase1_downloads/raw/crema_d/audios/1007_TAI_FEA_XX.wav,FEA,emergency,emergency,0.011925795115530491,274.0687561035156,412.26611328125,0.8248938322067261,0.16759276390075684,0.007484225556254387
/tmp/drone_acoustic_2026w14_phase1_downloads/raw/crema_d/audios/1007_TAI_NEU_XX.wav,NEU,normal,normal,0.033707860857248306,346.5406494140625,418.9339599609375,0.41460713744163513,0.5641937255859375,0.021193262189626694
/tmp/drone_acoustic_2026w14_phase1_downloads/raw/crema_d/audios/1007_TIE_ANG_XX.wav,ANG,emergency,emergency,0.08514612913131714,388.837890625,487.08197021484375,0.42340514063835144,0.5407083630561829,0.035878781229257584
/tmp/drone_acoustic_2026w14_phase1_downloads/raw/crema_d/audios/1007_TIE_FEA_XX.wav,FEA,emergency,emergency,0.04192141070961952,303.0462341308594,411.7724609375,0.7005813121795654,0.28306543827056885,0.016344577074050903
/tmp/drone_acoustic_2026w14_phase1_downloads/raw/crema_d/audios/1007_TIE_NEU_XX.wav,NEU,normal,normal,0.026040438562631607,314.54736328125,405.76007080078125,0.5820369124412537,0.40235358476638794,0.015599244274199009
/tmp/drone_acoustic_2026w14_phase1_downloads/raw/crema_d/audios/1007_TSI_ANG_XX.wav,ANG,emergency,emergency,0.38843247294425964,648.7720947265625,721.1325073242188,0.09638097137212753,0.8438659906387329,0.059742193669080734
/tmp/drone_acoustic_2026w14_phase1_downloads/raw/crema_d/audios/1007_TSI_FEA_XX.wav,FEA,emergency,emergency,0.01644740253686905,310.54266357421875,615.2058715820312,0.9470142126083374,0.028649725019931793,0.02424863912165165
/tmp/drone_acoustic_2026w14_phase1_downloads/raw/crema_d/audios/1007_TSI_NEU_XX.wav,NEU,normal,normal,0.05031830444931984,322.1909484863281,555.2236328125,0.7135391235351562,0.27407771348953247,0.012346357107162476
/tmp/drone_acoustic_2026w14_phase1_downloads/raw/crema_d/audios/1007_WSI_ANG_XX.wav,ANG,emergency,emergency,0.33933791518211365,764.41455078125,691.6306762695312,0.07815578579902649,0.8836519718170166,0.03818848729133606
/tmp/drone_acoustic_2026w14_phase1_downloads/raw/crema_d/audios/1007_WSI_FEA_XX.wav,FEA,emergency,emergency,0.011511700227856636,239.6337127685547,394.8132019042969,0.9228283762931824,0.07123737782239914,0.005906089674681425
/tmp/drone_acoustic_2026w14_phase1_downloads/raw/crema_d/audios/1007_WSI_NEU_XX.wav,NEU,normal,normal,0.07555991411209106,349.1316833496094,434.8624267578125,0.5549797415733337,0.4384300410747528,0.006585211493074894
/tmp/drone_acoustic_2026w14_phase1_downloads/raw/crema_d/audios/1008_DFA_ANG_XX.wav,ANG,emergency,emergency,0.49433213472366333,808.66455078125,737.5076904296875,0.1172242984175682,0.7207964062690735,0.16196580231189728
/tmp/drone_acoustic_2026w14_phase1_downloads/raw/crema_d/audios/1008_DFA_FEA_XX.wav,FEA,emergency,emergency,0.545123815536499,809.77001953125,758.4710083007812,0.17813372611999512,0.7033805251121521,0.11847276240587234
/tmp/drone_acoustic_2026w14_phase1_downloads/raw/crema_d/audios/1008_DFA_NEU_XX.wav,NEU,normal,normal,0.0392334908246994,433.40997314453125,568.2796630859375,0.497784286737442,0.48590925335884094,0.016303453594446182
/tmp/drone_acoustic_2026w14_phase1_downloads/raw/crema_d/audios/1008_IEO_ANG_HI.wav,ANG,emergency,emergency,1.7056379318237305,1056.5814208984375,740.9241943359375,0.014938385225832462,0.8299351334571838,0.15512165427207947
/tmp/drone_acoustic_2026w14_phase1_downloads/raw/crema_d/audios/1008_IEO_ANG_LO.wav,ANG,emergency,emergency,0.25334402918815613,564.770263671875,574.6600341796875,0.44911181926727295,0.5151907801628113,0.0356968492269516
/tmp/drone_acoustic_2026w14_phase1_downloads/raw/crema_d/audios/1008_IEO_ANG_MD.wav,ANG,emergency,emergency,2.6514956951141357,980.239501953125,787.7805786132812,0.024579010903835297,0.8992038369178772,0.07621469348669052
/tmp/drone_acoustic_2026w14_phase1_downloads/raw/crema_d/audios/1008_IEO_FEA_HI.wav,FEA,emergency,emergency,1.086897373199463,731.5006713867188,685.925048828125,0.0644342228770256,0.8650783896446228,0.07048069685697556
/tmp/drone_acoustic_2026w14_phase1_downloads/raw/crema_d/audios/1008_IEO_FEA_LO.wav,FEA,emergency,emergency,0.1499319225549698,470.3594055175781,452.80938720703125,0.28066596388816833,0.7041885256767273,0.015137774869799614
/tmp/drone_acoustic_2026w14_phase1_downloads/raw/crema_d/audios/1008_IEO_FEA_MD.wav,FEA,emergency,emergency,0.08521097898483276,414.18023681640625,474.00885009765625,0.6214959025382996,0.3639846444129944,0.014513665810227394
/tmp/drone_acoustic_2026w14_phase1_downloads/raw/crema_d/audios/1008_IEO_NEU_XX.wav,NEU,normal,normal,0.06180962920188904,443.1664733886719,481.06268310546875,0.6626855134963989,0.3238673508167267,0.013438256457448006
/tmp/drone_acoustic_2026w14_phase1_downloads/raw/crema_d/audios/1008_IOM_ANG_XX.wav,ANG,emergency,emergency,0.13067375123500824,477.97674560546875,500.4660339355469,0.5009364485740662,0.4343282878398895,0.06472907215356827
/tmp/drone_acoustic_2026w14_phase1_downloads/raw/crema_d/audios/1008_IOM_FEA_XX.wav,FEA,emergency,emergency,0.07966232299804688,396.846435546875,439.0924377441406,0.36608442664146423,0.6022000312805176,0.031710825860500336
/tmp/drone_acoustic_2026w14_phase1_downloads/raw/crema_d/audios/1008_IOM_NEU_XX.wav,NEU,normal,normal,0.07666454464197159,379.4433288574219,382.69207763671875,0.48162341117858887,0.5095098614692688,0.008863830007612705
/tmp/drone_acoustic_2026w14_phase1_downloads/raw/crema_d/audios/1008_ITH_ANG_XX.wav,ANG,emergency,emergency,0.7073507308959961,587.5328979492188,605.267333984375,0.22274921834468842,0.7029217481613159,0.0743207260966301
/tmp/drone_acoustic_2026w14_phase1_downloads/raw/crema_d/audios/1008_ITH_FEA_XX.wav,FEA,emergency,emergency,0.3284190893173218,448.6534118652344,514.5103759765625,0.22957982122898102,0.7406713366508484,0.029744645580649376
/tmp/drone_acoustic_2026w14_phase1_downloads/raw/crema_d/audios/1008_ITH_NEU_XX.wav,NEU,normal,normal,0.17858214676380157,474.83197021484375,531.2796020507812,0.34994086623191833,0.6091501116752625,0.040905941277742386
/tmp/drone_acoustic_2026w14_phase1_downloads/raw/crema_d/audios/1008_ITS_ANG_XX.wav,ANG,emergency,emergency,0.16864240169525146,818.390625,763.9710083007812,0.561580240726471,0.30010148882865906,0.1382896602153778
/tmp/drone_acoustic_2026w14_phase1_downloads/raw/crema_d/audios/1008_ITS_FEA_XX.wav,FEA,emergency,emergency,0.14826460182666779,616.4718627929688,612.3366088867188,0.4620203971862793,0.42020702362060547,0.11775341629981995
/tmp/drone_acoustic_2026w14_phase1_downloads/raw/crema_d/audios/1008_ITS_NEU_XX.wav,NEU,normal,normal,0.13859565556049347,510.9192810058594,604.8048095703125,0.5283975005149841,0.4464080035686493,0.025190336629748344
/tmp/drone_acoustic_2026w14_phase1_downloads/raw/crema_d/audios/1008_IWL_ANG_XX.wav,ANG,emergency,emergency,0.7718290090560913,604.335693359375,549.1571044921875,0.10084331035614014,0.8364379405975342,0.0627121776342392
/tmp/drone_acoustic_2026w14_phase1_downloads/raw/crema_d/audios/1008_IWL_FEA_XX.wav,FEA,emergency,emergency,0.34603431820869446,603.605224609375,560.7792358398438,0.16022635996341705,0.8017439246177673,0.03802293911576271
/tmp/drone_acoustic_2026w14_phase1_downloads/raw/crema_d/audios/1008_IWL_NEU_XX.wav,NEU,normal,normal,0.25145840644836426,438.3248291015625,407.85687255859375,0.28804606199264526,0.6682730913162231,0.04367757961153984
/tmp/drone_acoustic_2026w14_phase1_downloads/raw/crema_d/audios/1008_IWW_ANG_XX.wav,ANG,emergency,emergency,0.22276610136032104,718.4773559570312,619.894775390625,0.16681866347789764,0.7763370871543884,0.05683332681655884
/tmp/drone_acoustic_2026w14_phase1_downloads/raw/crema_d/audios/1008_IWW_FEA_XX.wav,FEA,emergency,emergency,0.07145147025585175,606.0939331054688,527.5975952148438,0.278457909822464,0.7093701958656311,0.012168267741799355
/tmp/drone_acoustic_2026w14_phase1_downloads/raw/crema_d/audios/1008_IWW_NEU_XX.wav,NEU,normal,normal,0.16540725529193878,450.6785583496094,482.2821350097656,0.3848542869091034,0.6051195859909058,0.01002343650907278
/tmp/drone_acoustic_2026w14_phase1_downloads/raw/crema_d/audios/1008_MTI_ANG_XX.wav,ANG,emergency,emergency,0.09772145003080368,622.817626953125,607.8784790039062,0.13315023481845856,0.8504565358161926,0.01639111340045929
/tmp/drone_acoustic_2026w14_phase1_downloads/raw/crema_d/audios/1008_MTI_FEA_XX.wav,FEA,emergency,emergency,0.11097127199172974,465.0140686035156,475.818359375,0.22897885739803314,0.7569348812103271,0.014084330759942532
/tmp/drone_acoustic_2026w14_phase1_downloads/raw/crema_d/audios/1008_MTI_NEU_XX.wav,NEU,normal,normal,0.038900479674339294,385.3059997558594,407.6197204589844,0.6304119229316711,0.3483181297779083,0.021264610812067986
/tmp/drone_acoustic_2026w14_phase1_downloads/raw/crema_d/audios/1008_TAI_ANG_XX.wav,ANG,emergency,emergency,0.08457646518945694,536.226318359375,607.8192138671875,0.1539570540189743,0.8028964400291443,0.04313664138317108
/tmp/drone_acoustic_2026w14_phase1_downloads/raw/crema_d/audios/1008_TAI_FEA_XX.wav,FEA,emergency,emergency,0.0514199361205101,495.7218017578125,540.4398193359375,0.36766043305397034,0.5984994173049927,0.033827345818281174
/tmp/drone_acoustic_2026w14_phase1_downloads/raw/crema_d/audios/1008_TAI_NEU_XX.wav,NEU,normal,normal,0.025387844070792198,407.0011291503906,500.0691833496094,0.44122570753097534,0.5396522879600525,0.019116820767521858
/tmp/drone_acoustic_2026w14_phase1_downloads/raw/crema_d/audios/1008_TIE_ANG_XX.wav,ANG,emergency,emergency,1.4242429733276367,843.2305908203125,798.9213256835938,0.0785941630601883,0.7139270305633545,0.20745646953582764
/tmp/drone_acoustic_2026w14_phase1_downloads/raw/crema_d/audios/1008_TIE_FEA_XX.wav,FEA,emergency,emergency,0.5175949335098267,639.2291870117188,687.6953125,0.10098553448915482,0.8270711302757263,0.07193800061941147
/tmp/drone_acoustic_2026w14_phase1_downloads/raw/crema_d/audios/1008_TIE_NEU_XX.wav,NEU,normal,normal,0.10916587710380554,339.24072265625,449.33843994140625,0.47918856143951416,0.5053020715713501,0.015503687784075737
/tmp/drone_acoustic_2026w14_phase1_downloads/raw/crema_d/audios/1008_TSI_ANG_XX.wav,ANG,emergency,emergency,0.22578978538513184,1225.590576171875,1024.6533203125,0.1254701465368271,0.7420225739479065,0.13234518468379974
/tmp/drone_acoustic_2026w14_phase1_downloads/raw/crema_d/audios/1008_TSI_FEA_XX.wav,FEA,emergency,emergency,0.3198067247867584,1030.876708984375,1060.7491455078125,0.5105821490287781,0.2938249707221985,0.1954810470342636
/tmp/drone_acoustic_2026w14_phase1_downloads/raw/crema_d/audios/1008_TSI_NEU_XX.wav,NEU,normal,normal,0.02771272324025631,633.6360473632812,798.2093505859375,0.43524283170700073,0.5517269372940063,0.013022264465689659
/tmp/drone_acoustic_2026w14_phase1_downloads/raw/crema_d/audios/1009_DFA_ANG_XX.wav,ANG,emergency,emergency,0.8072542548179626,796.6713256835938,765.114013671875,0.12936612963676453,0.7854620814323425,0.08516918122768402
/tmp/drone_acoustic_2026w14_phase1_downloads/raw/crema_d/audios/1009_DFA_FEA_XX.wav,FEA,emergency,emergency,0.20608441531658173,695.4166259765625,710.8798828125,0.2891923487186432,0.6244370937347412,0.08636406809091568
/tmp/drone_acoustic_2026w14_phase1_downloads/raw/crema_d/audios/1009_DFA_NEU_XX.wav,NEU,normal,normal,0.036259498447179794,406.0753479003906,517.5238037109375,0.36265966296195984,0.6229735612869263,0.014363381080329418
/tmp/drone_acoustic_2026w14_phase1_downloads/raw/crema_d/audios/1009_IEO_ANG_HI.wav,ANG,emergency,emergency,1.0942509174346924,938.37744140625,770.7418212890625,0.029071541503071785,0.8733956813812256,0.09752662479877472
/tmp/drone_acoustic_2026w14_phase1_downloads/raw/crema_d/audios/1009_IEO_ANG_LO.wav,ANG,emergency,emergency,0.05864880606532097,439.387451171875,525.865234375,0.17821545898914337,0.8066282868385315,0.015150913968682289
/tmp/drone_acoustic_2026w14_phase1_downloads/raw/crema_d/audios/1009_IEO_ANG_MD.wav,ANG,emergency,emergency,0.47225627303123474,717.0288696289062,651.700927734375,0.13328547775745392,0.8402332067489624,0.02647046186029911
/tmp/drone_acoustic_2026w14_phase1_downloads/raw/crema_d/audios/1009_IEO_FEA_HI.wav,FEA,emergency,emergency,0.8402442932128906,724.952880859375,687.8729858398438,0.08888901025056839,0.8676807880401611,0.04342908412218094
/tmp/drone_acoustic_2026w14_phase1_downloads/raw/crema_d/audios/1009_IEO_FEA_LO.wav,FEA,emergency,emergency,0.07050970941781998,448.4465026855469,573.0509033203125,0.4934748411178589,0.49768173694610596,0.008836750872433186
/tmp/drone_acoustic_2026w14_phase1_downloads/raw/crema_d/audios/1009_IEO_FEA_MD.wav,FEA,emergency,emergency,0.46193963289260864,686.8571166992188,671.6822509765625,0.11689319461584091,0.8598771691322327,0.023228174075484276
/tmp/drone_acoustic_2026w14_phase1_downloads/raw/crema_d/audios/1009_IEO_NEU_XX.wav,NEU,normal,normal,0.0622878260910511,340.6410217285156,455.2470703125,0.6055905222892761,0.38195914030075073,0.012439724989235401
/tmp/drone_acoustic_2026w14_phase1_downloads/raw/crema_d/audios/1009_IOM_ANG_XX.wav,ANG,emergency,emergency,1.805639624595642,735.8579711914062,580.0095825195312,0.11978582292795181,0.8022329807281494,0.07797259837388992
/tmp/drone_acoustic_2026w14_phase1_downloads/raw/crema_d/audios/1009_IOM_FEA_XX.wav,FEA,emergency,emergency,0.17950402200222015,422.1017150878906,466.111328125,0.34015756845474243,0.597018837928772,0.06282193958759308
/tmp/drone_acoustic_2026w14_phase1_downloads/raw/crema_d/audios/1009_IOM_NEU_XX.wav,NEU,normal,normal,0.09604333341121674,389.7157287597656,436.840576171875,0.5348531603813171,0.4466354548931122,0.018508730456233025
/tmp/drone_acoustic_2026w14_phase1_downloads/raw/crema_d/audios/1009_ITH_ANG_XX.wav,ANG,emergency,emergency,0.6253424882888794,749.4054565429688,667.9978637695312,0.255329430103302,0.6976263523101807,0.04703971743583679
/tmp/drone_acoustic_2026w14_phase1_downloads/raw/crema_d/audios/1009_ITH_FEA_XX.wav,FEA,emergency,emergency,1.3159005641937256,566.807861328125,584.266357421875,0.16805461049079895,0.8050597310066223,0.026884635910391808
/tmp/drone_acoustic_2026w14_phase1_downloads/raw/crema_d/audios/1009_ITH_NEU_XX.wav,NEU,normal,normal,0.06903601437807083,367.0538635253906,493.77655029296875,0.5992773175239563,0.3836457133293152,0.017071260139346123
/tmp/drone_acoustic_2026w14_phase1_downloads/raw/crema_d/audios/1009_ITS_ANG_XX.wav,ANG,emergency,emergency,0.19728322327136993,900.9562377929688,790.55419921875,0.4574489891529083,0.4159713685512543,0.12656456232070923
/tmp/drone_acoustic_2026w14_phase1_downloads/raw/crema_d/audios/1009_ITS_FEA_XX.wav,FEA,emergency,emergency,0.12389959394931793,667.5514526367188,694.1008911132812,0.3662511706352234,0.5621185302734375,0.07159864902496338
/tmp/drone_acoustic_2026w14_phase1_downloads/raw/crema_d/audios/1009_ITS_NEU_XX.wav,NEU,normal,normal,0.027118321508169174,574.3583984375,650.8726806640625,0.6388911604881287,0.3136749863624573,0.04742910712957382
/tmp/drone_acoustic_2026w14_phase1_downloads/raw/crema_d/audios/1009_IWL_ANG_XX.wav,ANG,emergency,emergency,0.36231499910354614,566.6212768554688,504.5409240722656,0.1789878010749817,0.7679160833358765,0.05309462547302246
/tmp/drone_acoustic_2026w14_phase1_downloads/raw/crema_d/audios/1009_IWL_FEA_XX.wav,FEA,emergency,emergency,0.2066594958305359,617.868896484375,547.3798828125,0.30124542117118835,0.6715234518051147,0.027229592204093933
/tmp/drone_acoustic_2026w14_phase1_downloads/raw/crema_d/audios/1009_IWL_NEU_XX.wav,NEU,normal,normal,0.046008650213479996,356.1940612792969,364.1300048828125,0.38689133524894714,0.605604887008667,0.007500250358134508
/tmp/drone_acoustic_2026w14_phase1_downloads/raw/crema_d/audios/1009_IWW_ANG_XX.wav,ANG,emergency,emergency,0.5870502591133118,895.6307373046875,686.9940185546875,0.07828908413648605,0.8414938449859619,0.08021324127912521
/tmp/drone_acoustic_2026w14_phase1_downloads/raw/crema_d/audios/1009_IWW_FEA_XX.wav,FEA,emergency,emergency,0.08639362454414368,470.7781677246094,513.1346435546875,0.19205759465694427,0.7939527034759521,0.013983418233692646
/tmp/drone_acoustic_2026w14_phase1_downloads/raw/crema_d/audios/1009_IWW_NEU_XX.wav,NEU,normal,normal,0.01588570699095726,389.5912780761719,497.5454406738281,0.6989417672157288,0.29487505555152893,0.006177206058055162
/tmp/drone_acoustic_2026w14_phase1_downloads/raw/crema_d/audios/1009_TAI_ANG_XX.wav,ANG,emergency,emergency,0.19949877262115479,913.60205078125,705.8153076171875,0.24131329357624054,0.7095320224761963,0.049149855971336365
/tmp/drone_acoustic_2026w14_phase1_downloads/raw/crema_d/audios/1009_TAI_FEA_XX.wav,FEA,emergency,emergency,0.37797749042510986,590.0234375,565.6237182617188,0.2305835336446762,0.7507356405258179,0.018676266074180603
/tmp/drone_acoustic_2026w14_phase1_downloads/raw/crema_d/audios/1009_TAI_NEU_XX.wav,NEU,normal,normal,0.01682959869503975,515.0184936523438,536.9736328125,0.40285977721214294,0.5842594504356384,0.012879065237939358
/tmp/drone_acoustic_2026w14_phase1_downloads/raw/crema_d/audios/1009_TIE_ANG_XX.wav,ANG,emergency,emergency,1.4919406175613403,783.4994506835938,746.2027587890625,0.07225243747234344,0.895479679107666,0.03226707875728607
/tmp/drone_acoustic_2026w14_phase1_downloads/raw/crema_d/audios/1009_TIE_FEA_XX.wav,FEA,emergency,emergency,0.43408963084220886,530.2522583007812,583.5086669921875,0.27478256821632385,0.6828174591064453,0.04238757863640785
/tmp/drone_acoustic_2026w14_phase1_downloads/raw/crema_d/audios/1009_TIE_NEU_XX.wav,NEU,normal,normal,0.1420295089483261,421.755615234375,570.5276489257812,0.38916516304016113,0.5895154476165771,0.02130061388015747
/tmp/drone_acoustic_2026w14_phase1_downloads/raw/crema_d/audios/1009_TSI_ANG_XX.wav,ANG,emergency,emergency,0.38473793864250183,1544.5958251953125,1120.9688720703125,0.08181808143854141,0.829892635345459,0.08826975524425507
/tmp/drone_acoustic_2026w14_phase1_downloads/raw/crema_d/audios/1009_TSI_FEA_XX.wav,FEA,emergency,emergency,0.13139601051807404,825.3763427734375,855.150146484375,0.17065781354904175,0.7792337536811829,0.05007624253630638
/tmp/drone_acoustic_2026w14_phase1_downloads/raw/crema_d/audios/1009_TSI_NEU_XX.wav,NEU,normal,normal,0.028986850753426552,986.6480712890625,853.5783081054688,0.5884199142456055,0.30067873001098633,0.11086512356996536
/tmp/drone_acoustic_2026w14_phase1_downloads/raw/crema_d/audios/1009_WSI_ANG_XX.wav,ANG,emergency,emergency,0.609413206577301,1371.3013916015625,856.8602905273438,0.14312833547592163,0.7594473958015442,0.0973861888051033
/tmp/drone_acoustic_2026w14_phase1_downloads/raw/crema_d/audios/1009_WSI_FEA_XX.wav,FEA,emergency,emergency,0.840965211391449,1066.064697265625,798.3720703125,0.26498258113861084,0.6440372467041016,0.09097057580947876
/tmp/drone_acoustic_2026w14_phase1_downloads/raw/crema_d/audios/1009_WSI_NEU_XX.wav,NEU,normal,normal,0.2091911882162094,704.1243896484375,671.2177734375,0.4450533390045166,0.5329040884971619,0.022008417174220085
/tmp/drone_acoustic_2026w14_phase1_downloads/raw/crema_d/audios/1010_DFA_ANG_XX.wav,ANG,emergency,emergency,0.2052563577890396,847.8800048828125,818.2113037109375,0.10353180021047592,0.808801531791687,0.08766192942857742
/tmp/drone_acoustic_2026w14_phase1_downloads/raw/crema_d/audios/1010_DFA_FEA_XX.wav,FEA,emergency,emergency,0.019846871495246887,535.3743286132812,590.8643188476562,0.3373112380504608,0.647405207157135,0.015272378921508789
/tmp/drone_acoustic_2026w14_phase1_downloads/raw/crema_d/audios/1010_DFA_NEU_XX.wav,NEU,normal,normal,0.036229025572538376,520.0974731445312,711.0355224609375,0.6820026636123657,0.2873988449573517,0.030592042952775955
/tmp/drone_acoustic_2026w14_phase1_downloads/raw/crema_d/audios/1010_IEO_ANG_HI.wav,ANG,emergency,emergency,0.5230817198753357,1038.7742919921875,798.71875,0.0438249409198761,0.7890769839286804,0.16709667444229126
/tmp/drone_acoustic_2026w14_phase1_downloads/raw/crema_d/audios/1010_IEO_ANG_LO.wav,ANG,emergency,emergency,0.1318608671426773,505.4471130371094,566.4882202148438,0.33939188718795776,0.6433594822883606,0.017245644703507423
/tmp/drone_acoustic_2026w14_phase1_downloads/raw/crema_d/audios/1010_IEO_ANG_MD.wav,ANG,emergency,emergency,0.4255610704421997,736.9774169921875,691.3280029296875,0.10137057304382324,0.8330161571502686,0.06561177223920822
/tmp/drone_acoustic_2026w14_phase1_downloads/raw/crema_d/audios/1010_IEO_FEA_HI.wav,FEA,emergency,emergency,1.442409634590149,759.8511352539062,667.24072265625,0.025810034945607185,0.8148365616798401,0.15935127437114716
/tmp/drone_acoustic_2026w14_phase1_downloads/raw/crema_d/audios/1010_IEO_FEA_LO.wav,FEA,emergency,emergency,0.04181947559118271,435.70172119140625,497.1627197265625,0.7986109256744385,0.18544386327266693,0.015917912125587463
/tmp/drone_acoustic_2026w14_phase1_downloads/raw/crema_d/audios/1010_IEO_FEA_MD.wav,FEA,emergency,emergency,0.06170673668384552,361.582275390625,453.46820068359375,0.6402639150619507,0.3477835953235626,0.011946771293878555
/tmp/drone_acoustic_2026w14_phase1_downloads/raw/crema_d/audios/1010_IEO_NEU_XX.wav,NEU,normal,normal,0.017619596794247627,430.5433654785156,500.423095703125,0.7907944917678833,0.1873154491186142,0.021798742935061455
/tmp/drone_acoustic_2026w14_phase1_downloads/raw/crema_d/audios/1010_IOM_ANG_XX.wav,ANG,emergency,emergency,0.2954782247543335,491.2026062011719,549.4459838867188,0.49303752183914185,0.44921353459358215,0.05773644149303436
/tmp/drone_acoustic_2026w14_phase1_downloads/raw/crema_d/audios/1010_IOM_FEA_XX.wav,FEA,emergency,emergency,0.007972179912030697,274.16326904296875,366.0517578125,0.9686284065246582,0.025284333154559135,0.006076314952224493
/tmp/drone_acoustic_2026w14_phase1_downloads/raw/crema_d/audios/1010_IOM_NEU_XX.wav,NEU,normal,normal,0.030321765691041946,323.61126708984375,369.51080322265625,0.725207507610321,0.2700706124305725,0.004717108327895403
/tmp/drone_acoustic_2026w14_phase1_downloads/raw/crema_d/audios/1010_ITH_ANG_XX.wav,ANG,emergency,emergency,0.2398844063282013,586.4617309570312,656.5328979492188,0.24912376701831818,0.6688154339790344,0.08204109221696854
/tmp/drone_acoustic_2026w14_phase1_downloads/raw/crema_d/audios/1010_ITH_FEA_XX.wav,FEA,emergency,emergency,0.4088714122772217,667.6572875976562,689.0639038085938,0.20405636727809906,0.7513957023620605,0.044509157538414
/tmp/drone_acoustic_2026w14_phase1_downloads/raw/crema_d/audios/1010_ITH_NEU_XX.wav,NEU,normal,normal,0.04435250535607338,498.9495544433594,604.4237670898438,0.5289693474769592,0.4484378397464752,0.022578008472919464
/tmp/drone_acoustic_2026w14_phase1_downloads/raw/crema_d/audios/1010_ITS_ANG_XX.wav,ANG,emergency,emergency,0.1393822282552719,682.7257690429688,677.5559692382812,0.3888559937477112,0.5403951406478882,0.07073911279439926
/tmp/drone_acoustic_2026w14_phase1_downloads/raw/crema_d/audios/1010_ITS_FEA_XX.wav,FEA,emergency,emergency,0.10817518085241318,561.4586181640625,621.7362060546875,0.36641502380371094,0.5768448710441589,0.056725457310676575
/tmp/drone_acoustic_2026w14_phase1_downloads/raw/crema_d/audios/1010_ITS_NEU_XX.wav,NEU,normal,normal,0.007121498230844736,469.7771911621094,568.0843505859375,0.8151258826255798,0.16423174738883972,0.02059262990951538
/tmp/drone_acoustic_2026w14_phase1_downloads/raw/crema_d/audios/1010_IWL_ANG_XX.wav,ANG,emergency,emergency,0.2838192582130432,625.524169921875,534.5802612304688,0.2530558705329895,0.6953641772270203,0.051571913063526154
/tmp/drone_acoustic_2026w14_phase1_downloads/raw/crema_d/audios/1010_IWL_FEA_XX.wav,FEA,emergency,emergency,0.0988796204328537,429.2986145019531,418.7596435546875,0.4604046642780304,0.5284843444824219,0.011108831502497196
/tmp/drone_acoustic_2026w14_phase1_downloads/raw/crema_d/audios/1010_IWL_NEU_XX.wav,NEU,normal,normal,0.033266715705394745,315.5443115234375,382.5846252441406,0.7583642601966858,0.23614229261875153,0.005489636678248644
/tmp/drone_acoustic_2026w14_phase1_downloads/raw/crema_d/audios/1010_IWW_ANG_XX.wav,ANG,emergency,emergency,0.22146955132484436,746.899169921875,721.036376953125,0.15957111120224,0.7903347015380859,0.050085633993148804
/tmp/drone_acoustic_2026w14_phase1_downloads/raw/crema_d/audios/1010_IWW_FEA_XX.wav,FEA,emergency,emergency,0.048668377101421356,396.268310546875,515.8543090820312,0.5862728357315063,0.39931032061576843,0.01438105572015047
/tmp/drone_acoustic_2026w14_phase1_downloads/raw/crema_d/audios/1010_IWW_NEU_XX.wav,NEU,normal,normal,0.014756676740944386,399.289794921875,511.4072570800781,0.756479024887085,0.22791153192520142,0.015602649189531803
/tmp/drone_acoustic_2026w14_phase1_downloads/raw/crema_d/audios/1010_MTI_ANG_XX.wav,ANG,emergency,emergency,0.192695751786232,550.7752685546875,578.5537109375,0.2522469162940979,0.7226541638374329,0.025089340284466743
/tmp/drone_acoustic_2026w14_phase1_downloads/raw/crema_d/audios/1010_MTI_FEA_XX.wav,FEA,emergency,emergency,0.031798336654901505,421.1088562011719,469.0831604003906,0.752350389957428,0.24004043638706207,0.0075964233838021755
/tmp/drone_acoustic_2026w14_phase1_downloads/raw/crema_d/audios/1010_MTI_NEU_XX.wav,NEU,normal,normal,0.03091249242424965,419.4973449707031,414.0094909667969,0.6250718235969543,0.36630386114120483,0.008620921522378922
/tmp/drone_acoustic_2026w14_phase1_downloads/raw/crema_d/audios/1010_TAI_ANG_XX.wav,ANG,emergency,emergency,0.14720545709133148,667.2012329101562,694.2841796875,0.1769193410873413,0.7382177114486694,0.08485697954893112
/tmp/drone_acoustic_2026w14_phase1_downloads/raw/crema_d/audios/1010_TAI_FEA_XX.wav,FEA,emergency,emergency,0.05228087306022644,507.72174072265625,599.6524658203125,0.3791174292564392,0.5968008637428284,0.024074802175164223
/tmp/drone_acoustic_2026w14_phase1_downloads/raw/crema_d/audios/1010_TAI_NEU_XX.wav,NEU,normal,normal,0.017249003052711487,374.14080810546875,496.6488342285156,0.6742267608642578,0.3152100443840027,0.010554387234151363
/tmp/drone_acoustic_2026w14_phase1_downloads/raw/crema_d/audios/1010_TIE_ANG_XX.wav,ANG,emergency,emergency,0.6577301025390625,638.1427001953125,716.7114868164062,0.21891102194786072,0.5772218704223633,0.20386093854904175
/tmp/drone_acoustic_2026w14_phase1_downloads/raw/crema_d/audios/1010_TIE_FEA_XX.wav,FEA,emergency,emergency,0.10603228956460953,507.77435302734375,568.9119873046875,0.16421864926815033,0.8108643889427185,0.024914603680372238
/tmp/drone_acoustic_2026w14_phase1_downloads/raw/crema_d/audios/1010_TIE_NEU_XX.wav,NEU,normal,normal,0.018766162917017937,361.2298889160156,482.4486999511719,0.698800802230835,0.28657805919647217,0.014608794823288918
/tmp/drone_acoustic_2026w14_phase1_downloads/raw/crema_d/audios/1010_TSI_ANG_XX.wav,ANG,emergency,emergency,0.18688514828681946,1329.6201171875,1050.55859375,0.18479126691818237,0.6984707713127136,0.11670634895563126
/tmp/drone_acoustic_2026w14_phase1_downloads/raw/crema_d/audios/1010_TSI_FEA_XX.wav,FEA,emergency,emergency,0.15427662432193756,1196.7330322265625,1007.2420654296875,0.3766343593597412,0.49538174271583557,0.12791411578655243
/tmp/drone_acoustic_2026w14_phase1_downloads/raw/crema_d/audios/1010_TSI_NEU_XX.wav,NEU,normal,normal,0.03203172981739044,998.9265747070312,946.1751098632812,0.44420328736305237,0.4663947820663452,0.0893600583076477
/tmp/drone_acoustic_2026w14_phase1_downloads/raw/crema_d/audios/1010_WSI_ANG_XX.wav,ANG,emergency,emergency,0.4183078110218048,1073.753662109375,863.7218017578125,0.14385832846164703,0.7860756516456604,0.0700385570526123
/tmp/drone_acoustic_2026w14_phase1_downloads/raw/crema_d/audios/1010_WSI_FEA_XX.wav,FEA,emergency,emergency,0.14413319528102875,579.8612670898438,595.1907348632812,0.4031428098678589,0.5798670053482056,0.01698898710310459
/tmp/drone_acoustic_2026w14_phase1_downloads/raw/crema_d/audios/1010_WSI_NEU_XX.wav,NEU,normal,normal,0.047406647354364395,618.9209594726562,675.4364624023438,0.6913497447967529,0.27868714928627014,0.029921723529696465
/tmp/drone_acoustic_2026w14_phase1_downloads/raw/crema_d/audios/1011_DFA_ANG_XX.wav,ANG,emergency,emergency,0.20703810453414917,603.9187622070312,629.0657958984375,0.15879443287849426,0.7336417436599731,0.10756013542413712
/tmp/drone_acoustic_2026w14_phase1_downloads/raw/crema_d/audios/1011_DFA_FEA_XX.wav,FEA,emergency,emergency,0.02753720059990883,285.57269287109375,465.8753356933594,0.8587054014205933,0.12122679501771927,0.020028358325362206
/tmp/drone_acoustic_2026w14_phase1_downloads/raw/crema_d/audios/1011_DFA_NEU_XX.wav,NEU,normal,normal,0.03099829889833927,323.3717956542969,423.98480224609375,0.5127540826797485,0.47685471177101135,0.010383804328739643
/tmp/drone_acoustic_2026w14_phase1_downloads/raw/crema_d/audios/1011_IEO_ANG_HI.wav,ANG,emergency,emergency,0.4332827925682068,937.361083984375,757.6072387695312,0.10951308906078339,0.7646456956863403,0.12583813071250916
/tmp/drone_acoustic_2026w14_phase1_downloads/raw/crema_d/audios/1011_IEO_ANG_LO.wav,ANG,emergency,emergency,0.3789375424385071,547.586669921875,538.7886352539062,0.10136385262012482,0.8439114689826965,0.05472337454557419
/tmp/drone_acoustic_2026w14_phase1_downloads/raw/crema_d/audios/1011_IEO_ANG_MD.wav,ANG,emergency,emergency,0.3849407136440277,717.2513427734375,665.011474609375,0.15241581201553345,0.7696073651313782,0.07797155529260635
/tmp/drone_acoustic_2026w14_phase1_downloads/raw/crema_d/audios/1011_IEO_FEA_HI.wav,FEA,emergency,emergency,0.4297851622104645,456.9605407714844,528.0757446289062,0.15598554909229279,0.7928993105888367,0.051112156361341476
/tmp/drone_acoustic_2026w14_phase1_downloads/raw/crema_d/audios/1011_IEO_FEA_LO.wav,FEA,emergency,emergency,0.0483267642557621,403.30609130859375,522.9160766601562,0.5216163992881775,0.466397225856781,0.011975949630141258
/tmp/drone_acoustic_2026w14_phase1_downloads/raw/crema_d/audios/1011_IEO_FEA_MD.wav,FEA,emergency,emergency,0.020144540816545486,340.2455139160156,447.334716796875,0.6246873736381531,0.3658014237880707,0.009502937085926533
/tmp/drone_acoustic_2026w14_phase1_downloads/raw/crema_d/audios/1011_IEO_NEU_XX.wav,NEU,normal,normal,0.021630821749567986,349.79156494140625,432.5552978515625,0.5585358142852783,0.43487998843193054,0.006546777673065662
/tmp/drone_acoustic_2026w14_phase1_downloads/raw/crema_d/audios/1011_IOM_ANG_XX.wav,ANG,emergency,emergency,0.21767978370189667,653.91162109375,698.9600219726562,0.2307354062795639,0.6434929966926575,0.12576979398727417
/tmp/drone_acoustic_2026w14_phase1_downloads/raw/crema_d/audios/1011_IOM_FEA_XX.wav,FEA,emergency,emergency,0.02609497867524624,328.114013671875,403.7168884277344,0.5448475480079651,0.44603341817855835,0.009114676155149937
/tmp/drone_acoustic_2026w14_phase1_downloads/raw/crema_d/audios/1011_IOM_NEU_XX.wav,NEU,normal,normal,0.03014719858765602,291.0798645019531,383.3105163574219,0.6351287364959717,0.356093168258667,0.008772698231041431
/tmp/drone_acoustic_2026w14_phase1_downloads/raw/crema_d/audios/1011_ITH_ANG_XX.wav,ANG,emergency,emergency,0.3563890755176544,598.1964721679688,641.8651123046875,0.1715604066848755,0.7238336801528931,0.10459998995065689
/tmp/drone_acoustic_2026w14_phase1_downloads/raw/crema_d/audios/1011_ITH_FEA_XX.wav,FEA,emergency,emergency,0.03398830443620682,366.7265625,517.5894165039062,0.8169891238212585,0.1582956314086914,0.024693982675671577
/tmp/drone_acoustic_2026w14_phase1_downloads/raw/crema_d/audios/1011_ITH_NEU_XX.wav,NEU,normal,normal,0.13626933097839355,357.1710510253906,423.0992431640625,0.37036171555519104,0.6016851663589478,0.027947213500738144
/tmp/drone_acoustic_2026w14_phase1_downloads/raw/crema_d/audios/1011_ITS_ANG_XX.wav,ANG,emergency,emergency,0.13352395594120026,637.8502197265625,675.2991943359375,0.39548012614250183,0.510673463344574,0.0938323512673378
/tmp/drone_acoustic_2026w14_phase1_downloads/raw/crema_d/audios/1011_ITS_FEA_XX.wav,FEA,emergency,emergency,0.0313153974711895,378.581787109375,552.3751831054688,0.8110543489456177,0.1604492962360382,0.02846553549170494
/tmp/drone_acoustic_2026w14_phase1_downloads/raw/crema_d/audios/1011_ITS_NEU_XX.wav,NEU,normal,normal,0.042061034590005875,450.9327392578125,584.0714721679688,0.5558788180351257,0.4086151719093323,0.03549138084053993
/tmp/drone_acoustic_2026w14_phase1_downloads/raw/crema_d/audios/1011_IWL_ANG_XX.wav,ANG,emergency,emergency,0.15736933052539825,520.0394287109375,523.6055297851562,0.22310331463813782,0.7137665152549744,0.06312635540962219
/tmp/drone_acoustic_2026w14_phase1_downloads/raw/crema_d/audios/1011_IWL_FEA_XX.wav,FEA,emergency,emergency,0.06441641598939896,367.88409423828125,458.8129577636719,0.6138610243797302,0.3802134394645691,0.005920961499214172
/tmp/drone_acoustic_2026w14_phase1_downloads/raw/crema_d/audios/1011_IWL_NEU_XX.wav,NEU,normal,normal,0.060183148831129074,319.7695617675781,370.87664794921875,0.5349220633506775,0.45429909229278564,0.010775591246783733
/tmp/drone_acoustic_2026w14_phase1_downloads/raw/crema_d/audios/1011_IWW_ANG_XX.wav,ANG,emergency,emergency,0.06691471487283707,438.2196044921875,498.9165954589844,0.2521916329860687,0.7168598771095276,0.03094392456114292
/tmp/drone_acoustic_2026w14_phase1_downloads/raw/crema_d/audios/1011_IWW_FEA_XX.wav,FEA,emergency,emergency,0.017350971698760986,296.9215087890625,472.0141296386719,0.8101118206977844,0.18139438331127167,0.008481877855956554
/tmp/drone_acoustic_2026w14_phase1_downloads/raw/crema_d/audios/1011_IWW_NEU_XX.wav,NEU,normal,normal,0.020551495254039764,315.39385986328125,404.4554443359375,0.5123100280761719,0.48077309131622314,0.006913764867931604
/tmp/drone_acoustic_2026w14_phase1_downloads/raw/crema_d/audios/1011_MTI_ANG_XX.wav,ANG,emergency,emergency,0.13025632500648499,571.8192749023438,616.1050415039062,0.13150785863399506,0.8189226388931274,0.049566492438316345
/tmp/drone_acoustic_2026w14_phase1_downloads/raw/crema_d/audios/1011_MTI_FEA_XX.wav,FEA,emergency,emergency,0.06588892638683319,345.52899169921875,413.2787170410156,0.695340633392334,0.29712730646133423,0.007528666872531176
/tmp/drone_acoustic_2026w14_phase1_downloads/raw/crema_d/audios/1011_MTI_NEU_XX.wav,NEU,normal,normal,0.04222443699836731,314.0839538574219,362.3728942871094,0.6282661557197571,0.35269299149513245,0.019035663455724716
/tmp/drone_acoustic_2026w14_phase1_downloads/raw/crema_d/audios/1011_TAI_ANG_XX.wav,ANG,emergency,emergency,0.08504024893045425,640.7149658203125,725.2350463867188,0.11233177781105042,0.8280180096626282,0.0596470944583416
/tmp/drone_acoustic_2026w14_phase1_downloads/raw/crema_d/audios/1011_TAI_FEA_XX.wav,FEA,emergency,emergency,0.019954843446612358,464.03692626953125,567.4068603515625,0.5442145466804504,0.441008597612381,0.01477245893329382
/tmp/drone_acoustic_2026w14_phase1_downloads/raw/crema_d/audios/1011_TAI_NEU_XX.wav,NEU,normal,normal,0.081032395362854,342.2284240722656,439.6748962402344,0.5824336409568787,0.3728419542312622,0.04471436142921448
/tmp/drone_acoustic_2026w14_phase1_downloads/raw/crema_d/audios/1011_TIE_ANG_XX.wav,ANG,emergency,emergency,0.3931606709957123,505.18023681640625,591.1130981445312,0.23526687920093536,0.5712218880653381,0.19350241124629974
/tmp/drone_acoustic_2026w14_phase1_downloads/raw/crema_d/audios/1011_TIE_FEA_XX.wav,FEA,emergency,emergency,0.0868731215596199,357.8923645019531,457.3002014160156,0.4042907953262329,0.5641424655914307,0.03155374899506569
/tmp/drone_acoustic_2026w14_phase1_downloads/raw/crema_d/audios/1011_TIE_NEU_XX.wav,NEU,normal,normal,0.07775961607694626,339.13934326171875,439.76226806640625,0.43742743134498596,0.5332704782485962,0.029272455722093582
/tmp/drone_acoustic_2026w14_phase1_downloads/raw/crema_d/audios/1011_TSI_ANG_XX.wav,ANG,emergency,emergency,0.1182132363319397,1019.9365234375,857.6454467773438,0.27382180094718933,0.6492835879325867,0.07683655619621277
/tmp/drone_acoustic_2026w14_phase1_downloads/raw/crema_d/audios/1011_TSI_FEA_XX.wav,FEA,emergency,emergency,0.04299921914935112,629.7198486328125,759.5371704101562,0.7616950869560242,0.19365189969539642,0.04447401687502861
/tmp/drone_acoustic_2026w14_phase1_downloads/raw/crema_d/audios/1011_TSI_NEU_XX.wav,NEU,normal,normal,0.025022905319929123,471.0012512207031,672.3991088867188,0.688878059387207,0.2837699353694916,0.02727886475622654
/tmp/drone_acoustic_2026w14_phase1_downloads/raw/crema_d/audios/1011_WSI_ANG_XX.wav,ANG,emergency,emergency,0.4229520261287689,833.0511474609375,770.4656372070312,0.12496966868638992,0.7963905334472656,0.07863453030586243
/tmp/drone_acoustic_2026w14_phase1_downloads/raw/crema_d/audios/1011_WSI_FEA_XX.wav,FEA,emergency,emergency,0.07149104028940201,461.7842712402344,564.5074462890625,0.467263400554657,0.5152493119239807,0.017476150766015053
/tmp/drone_acoustic_2026w14_phase1_downloads/raw/crema_d/audios/1011_WSI_NEU_XX.wav,NEU,normal,normal,0.07978232204914093,405.49896240234375,512.7081298828125,0.5384812951087952,0.44836217164993286,0.013138657435774803
/tmp/drone_acoustic_2026w14_phase1_downloads/raw/crema_d/audios/1012_DFA_ANG_XX.wav,ANG,emergency,emergency,0.09733893722295761,662.98095703125,631.5922241210938,0.09993866831064224,0.868294894695282,0.031761534512043
/tmp/drone_acoustic_2026w14_phase1_downloads/raw/crema_d/audios/1012_DFA_FEA_XX.wav,FEA,emergency,emergency,0.03858209028840065,463.2336730957031,472.48712158203125,0.28861698508262634,0.7028270959854126,0.008548612706363201
/tmp/drone_acoustic_2026w14_phase1_downloads/raw/crema_d/audios/1012_DFA_NEU_XX.wav,NEU,normal,normal,0.1696394681930542,473.6350402832031,532.6404418945312,0.20501330494880676,0.7614648342132568,0.033515166491270065
/tmp/drone_acoustic_2026w14_phase1_downloads/raw/crema_d/audios/1012_IEO_ANG_HI.wav,ANG,emergency,emergency,0.8453241586685181,654.684814453125,591.2642211914062,0.06317240744829178,0.7976052165031433,0.13921117782592773
/tmp/drone_acoustic_2026w14_phase1_downloads/raw/crema_d/audios/1012_IEO_ANG_LO.wav,ANG,emergency,emergency,0.30123695731163025,362.4759216308594,387.644287109375,0.4141217768192291,0.5739549398422241,0.011918085627257824
/tmp/drone_acoustic_2026w14_phase1_downloads/raw/crema_d/audios/1012_IEO_ANG_MD.wav,ANG,emergency,emergency,0.23348446190357208,428.41949462890625,388.6601257324219,0.20287463068962097,0.7774869799613953,0.019621646031737328
/tmp/drone_acoustic_2026w14_phase1_downloads/raw/crema_d/audios/1012_IEO_FEA_HI.wav,FEA,emergency,emergency,0.7124917507171631,461.96746826171875,475.8040466308594,0.19079074263572693,0.7469567060470581,0.06225164979696274
/tmp/drone_acoustic_2026w14_phase1_downloads/raw/crema_d/audios/1012_IEO_FEA_LO.wav,FEA,emergency,emergency,0.03923824056982994,307.87261962890625,362.0490417480469,0.44950875639915466,0.5474401712417603,0.0030465268064290285
/tmp/drone_acoustic_2026w14_phase1_downloads/raw/crema_d/audios/1012_IEO_FEA_MD.wav,FEA,emergency,emergency,0.47479015588760376,342.9103088378906,355.7252197265625,0.24449053406715393,0.7254189848899841,0.030082931742072105
/tmp/drone_acoustic_2026w14_phase1_downloads/raw/crema_d/audios/1012_IEO_NEU_XX.wav,NEU,normal,normal,0.06580305099487305,394.6488952636719,417.5923156738281,0.5550256967544556,0.43071249127388,0.014252259396016598
/tmp/drone_acoustic_2026w14_phase1_downloads/raw/crema_d/audios/1012_IOM_ANG_XX.wav,ANG,emergency,emergency,0.22448650002479553,593.353759765625,560.9064331054688,0.20447072386741638,0.7384752035140991,0.05704842507839203
/tmp/drone_acoustic_2026w14_phase1_downloads/raw/crema_d/audios/1012_IOM_FEA_XX.wav,FEA,emergency,emergency,0.044076766818761826,358.5765075683594,329.7124328613281,0.29381027817726135,0.7014092803001404,0.004778027534484863
/tmp/drone_acoustic_2026w14_phase1_downloads/raw/crema_d/audios/1012_IOM_NEU_XX.wav,NEU,normal,normal,0.1901538223028183,432.2735595703125,422.79119873046875,0.37558794021606445,0.6043506860733032,0.02004963718354702
/tmp/drone_acoustic_2026w14_phase1_downloads/raw/crema_d/audios/1012_ITH_ANG_XX.wav,ANG,emergency,emergency,1.095975637435913,685.4889526367188,592.4029541015625,0.17759057879447937,0.7254472374916077,0.09695559740066528
/tmp/drone_acoustic_2026w14_phase1_downloads/raw/crema_d/audios/1012_ITH_FEA_XX.wav,FEA,emergency,emergency,0.12192149460315704,429.92431640625,529.5460205078125,0.5225511193275452,0.4460592269897461,0.03137672320008278
/tmp/drone_acoustic_2026w14_phase1_downloads/raw/crema_d/audios/1012_ITH_NEU_XX.wav,NEU,normal,normal,0.43220415711402893,440.3261413574219,391.08905029296875,0.3559674918651581,0.627449631690979,0.016579721122980118
/tmp/drone_acoustic_2026w14_phase1_downloads/raw/crema_d/audios/1012_ITS_ANG_XX.wav,ANG,emergency,emergency,0.14938955008983612,643.5064086914062,634.7158203125,0.425971657037735,0.45746931433677673,0.11654429137706757
/tmp/drone_acoustic_2026w14_phase1_downloads/raw/crema_d/audios/1012_ITS_FEA_XX.wav,FEA,emergency,emergency,0.03208080679178238,563.8919677734375,590.18505859375,0.4497296214103699,0.5250554084777832,0.02519148960709572
/tmp/drone_acoustic_2026w14_phase1_downloads/raw/crema_d/audios/1012_ITS_NEU_XX.wav,NEU,normal,normal,0.03092488832771778,519.7280883789062,568.4818115234375,0.3803682327270508,0.5987468361854553,0.02082250453531742
/tmp/drone_acoustic_2026w14_phase1_downloads/raw/crema_d/audios/1012_IWL_ANG_XX.wav,ANG,emergency,emergency,0.43777191638946533,521.6007690429688,399.1935729980469,0.20017896592617035,0.7673540115356445,0.032463762909173965
/tmp/drone_acoustic_2026w14_phase1_downloads/raw/crema_d/audios/1012_IWL_FEA_XX.wav,FEA,emergency,emergency,0.1166820377111435,479.3840637207031,399.58587646484375,0.2636416256427765,0.7177824974060059,0.01857476867735386
/tmp/drone_acoustic_2026w14_phase1_downloads/raw/crema_d/audios/1012_IWL_NEU_XX.wav,NEU,normal,normal,0.10228940844535828,448.125,370.9909973144531,0.40542879700660706,0.5836192965507507,0.010948674753308296
/tmp/drone_acoustic_2026w14_phase1_downloads/raw/crema_d/audios/1012_IWW_ANG_XX.wav,ANG,emergency,emergency,0.11338350176811218,562.11767578125,596.0545654296875,0.62080979347229,0.3381413519382477,0.04102881997823715
/tmp/drone_acoustic_2026w14_phase1_downloads/raw/crema_d/audios/1012_IWW_FEA_XX.wav,FEA,emergency,emergency,0.11109017580747604,389.758056640625,446.5694580078125,0.6623538732528687,0.3241129219532013,0.013478919863700867
/tmp/drone_acoustic_2026w14_phase1_downloads/raw/crema_d/audios/1012_IWW_NEU_XX.wav,NEU,normal,normal,0.0694216936826706,406.25506591796875,429.7862854003906,0.6383825540542603,0.3526967763900757,0.008914608508348465
/tmp/drone_acoustic_2026w14_phase1_downloads/raw/crema_d/audios/1012_MTI_ANG_XX.wav,ANG,emergency,emergency,0.26800116896629333,533.6906127929688,429.17987060546875,0.36669784784317017,0.6050868630409241,0.028211267665028572
/tmp/drone_acoustic_2026w14_phase1_downloads/raw/crema_d/audios/1012_MTI_FEA_XX.wav,FEA,emergency,emergency,0.043083805590867996,443.5144348144531,366.58563232421875,0.2231307476758957,0.7709937691688538,0.005847815424203873
/tmp/drone_acoustic_2026w14_phase1_downloads/raw/crema_d/audios/1012_MTI_NEU_XX.wav,NEU,normal,normal,0.11362069845199585,482.588134765625,423.1243591308594,0.39782825112342834,0.5804398059844971,0.021718472242355347
/tmp/drone_acoustic_2026w14_phase1_downloads/raw/crema_d/audios/1012_TAI_ANG_XX.wav,ANG,emergency,emergency,0.06726633757352829,502.6755676269531,505.5887756347656,0.3563382923603058,0.6281576156616211,0.015500560402870178
/tmp/drone_acoustic_2026w14_phase1_downloads/raw/crema_d/audios/1012_TAI_FEA_XX.wav,FEA,emergency,emergency,0.03440958261489868,465.9775390625,534.816162109375,0.5827663540840149,0.4048019349575043,0.012411371804773808
/tmp/drone_acoustic_2026w14_phase1_downloads/raw/crema_d/audios/1012_TAI_NEU_XX.wav,NEU,normal,normal,0.02656867727637291,375.8875427246094,415.7017517089844,0.2669050991535187,0.7165625691413879,0.016529960557818413
/tmp/drone_acoustic_2026w14_phase1_downloads/raw/crema_d/audios/1012_TIE_ANG_XX.wav,ANG,emergency,emergency,0.8473324179649353,554.6243286132812,567.3662109375,0.23126785457134247,0.6818040609359741,0.08690919727087021
/tmp/drone_acoustic_2026w14_phase1_downloads/raw/crema_d/audios/1012_TIE_FEA_XX.wav,FEA,emergency,emergency,0.5311227440834045,404.46868896484375,397.7074279785156,0.2508549392223358,0.7041040062904358,0.0450335256755352
/tmp/drone_acoustic_2026w14_phase1_downloads/raw/crema_d/audios/1012_TIE_NEU_XX.wav,NEU,normal,normal,0.16755306720733643,368.8183898925781,382.0341491699219,0.5453974604606628,0.43579673767089844,0.018789570778608322
/tmp/drone_acoustic_2026w14_phase1_downloads/raw/crema_d/audios/1012_TSI_ANG_XX.wav,ANG,emergency,emergency,0.12263697385787964,953.220947265625,983.2206420898438,0.14317819476127625,0.8199820518493652,0.03680289536714554
/tmp/drone_acoustic_2026w14_phase1_downloads/raw/crema_d/audios/1012_TSI_FEA_XX.wav,FEA,emergency,emergency,0.04083218052983284,942.1873168945312,814.7501220703125,0.2324846386909485,0.731724739074707,0.035561949014663696
/tmp/drone_acoustic_2026w14_phase1_downloads/raw/crema_d/audios/1012_TSI_NEU_XX.wav,NEU,normal,normal,0.07666777819395065,806.58984375,939.8762817382812,0.28110188245773315,0.6787379384040833,0.04004945978522301
/tmp/drone_acoustic_2026w14_phase1_downloads/raw/crema_d/audios/1012_WSI_ANG_XX.wav,ANG,emergency,emergency,0.2818948030471802,989.747314453125,902.4866333007812,0.14781807363033295,0.7999618053436279,0.05219975486397743
/tmp/drone_acoustic_2026w14_phase1_downloads/raw/crema_d/audios/1012_WSI_FEA_XX.wav,FEA,emergency,emergency,0.14481180906295776,647.1953735351562,642.5300903320312,0.22457589209079742,0.7648818492889404,0.010532181710004807
/tmp/drone_acoustic_2026w14_phase1_downloads/raw/crema_d/audios/1012_WSI_NEU_XX.wav,NEU,normal,normal,0.33690595626831055,585.4491577148438,641.875732421875,0.28831833600997925,0.6962850093841553,0.015345281921327114
/tmp/drone_acoustic_2026w14_phase1_downloads/raw/crema_d/audios/1013_DFA_ANG_XX.wav,ANG,emergency,emergency,0.40256115794181824,991.9324340820312,849.2108764648438,0.24843962490558624,0.6072807908058167,0.14425034821033478
/tmp/drone_acoustic_2026w14_phase1_downloads/raw/crema_d/audios/1013_DFA_FEA_XX.wav,FEA,emergency,emergency,0.023148110136389732,314.38909912109375,460.9371337890625,0.8015780448913574,0.1818804293870926,0.016525767743587494
/tmp/drone_acoustic_2026w14_phase1_downloads/raw/crema_d/audios/1013_DFA_NEU_XX.wav,NEU,normal,normal,0.047268182039260864,360.8050231933594,451.33837890625,0.43662455677986145,0.5487017035484314,0.01465985830873251
/tmp/drone_acoustic_2026w14_phase1_downloads/raw/crema_d/audios/1013_IEO_ANG_HI.wav,ANG,emergency,emergency,0.6327935457229614,773.0638427734375,721.3890991210938,0.11092555522918701,0.7906284332275391,0.09843333065509796
/tmp/drone_acoustic_2026w14_phase1_downloads/raw/crema_d/audios/1013_IEO_ANG_LO.wav,ANG,emergency,emergency,1.1215449571609497,667.9979858398438,601.110595703125,0.14038865268230438,0.841576337814331,0.018033092841506004
/tmp/drone_acoustic_2026w14_phase1_downloads/raw/crema_d/audios/1013_IEO_ANG_MD.wav,ANG,emergency,emergency,0.9183124303817749,715.4683837890625,622.56396484375,0.15321801602840424,0.8198346495628357,0.026943987235426903
/tmp/drone_acoustic_2026w14_phase1_downloads/raw/crema_d/audios/1013_IEO_FEA_HI.wav,FEA,emergency,emergency,1.427847146987915,667.8365478515625,688.2543334960938,0.11892424523830414,0.8204169869422913,0.060645218938589096
/tmp/drone_acoustic_2026w14_phase1_downloads/raw/crema_d/audios/1013_IEO_FEA_LO.wav,FEA,emergency,emergency,0.01427442766726017,241.56227111816406,362.665771484375,0.8618596792221069,0.1342080682516098,0.003911510109901428
/tmp/drone_acoustic_2026w14_phase1_downloads/raw/crema_d/audios/1013_IEO_FEA_MD.wav,FEA,emergency,emergency,0.037690769881010056,262.39794921875,400.00244140625,0.8151166439056396,0.18008728325366974,0.0047469534911215305
/tmp/drone_acoustic_2026w14_phase1_downloads/raw/crema_d/audios/1013_IEO_NEU_XX.wav,NEU,normal,normal,0.03698936849832535,325.80975341796875,408.82757568359375,0.36456018686294556,0.6285476088523865,0.006876482628285885
/tmp/drone_acoustic_2026w14_phase1_downloads/raw/crema_d/audios/1013_IOM_ANG_XX.wav,ANG,emergency,emergency,0.5752180218696594,811.1316528320312,648.2486572265625,0.340721070766449,0.5556643009185791,0.1036088839173317
/tmp/drone_acoustic_2026w14_phase1_downloads/raw/crema_d/audios/1013_IOM_FEA_XX.wav,FEA,emergency,emergency,0.010310966521501541,273.3431396484375,360.73095703125,0.9632608890533447,0.031220292672514915,0.005510502960532904
/tmp/drone_acoustic_2026w14_phase1_downloads/raw/crema_d/audios/1013_IOM_NEU_XX.wav,NEU,normal,normal,0.15484406054019928,391.6885681152344,402.60687255859375,0.4467865228652954,0.5402723550796509,0.012933447025716305
/tmp/drone_acoustic_2026w14_phase1_downloads/raw/crema_d/audios/1013_ITH_ANG_XX.wav,ANG,emergency,emergency,0.7545362114906311,700.936279296875,741.333251953125,0.2661305367946625,0.6382550001144409,0.09559790045022964
/tmp/drone_acoustic_2026w14_phase1_downloads/raw/crema_d/audios/1013_ITH_FEA_XX.wav,FEA,emergency,emergency,0.06436005234718323,376.454345703125,555.8438720703125,0.645571768283844,0.3319617509841919,0.022456252947449684
/tmp/drone_acoustic_2026w14_phase1_downloads/raw/crema_d/audios/1013_ITH_NEU_XX.wav,NEU,normal,normal,0.029072260484099388,363.5762023925781,426.9839782714844,0.5052253007888794,0.4818528890609741,0.012914979830384254
/tmp/drone_acoustic_2026w14_phase1_downloads/raw/crema_d/audios/1013_ITS_ANG_XX.wav,ANG,emergency,emergency,0.4755299389362335,847.1659545898438,757.4239501953125,0.43161672353744507,0.2998221516609192,0.2685428559780121
/tmp/drone_acoustic_2026w14_phase1_downloads/raw/crema_d/audios/1013_ITS_FEA_XX.wav,FEA,emergency,emergency,0.011171255260705948,372.4316711425781,565.599365234375,0.9162857532501221,0.05565876141190529,0.028040634468197823
/tmp/drone_acoustic_2026w14_phase1_downloads/raw/crema_d/audios/1013_ITS_NEU_XX.wav,NEU,normal,normal,0.015676623210310936,396.8636474609375,515.1535034179688,0.7968634366989136,0.18673761188983917,0.016389239579439163
/tmp/drone_acoustic_2026w14_phase1_downloads/raw/crema_d/audios/1013_IWL_ANG_XX.wav,ANG,emergency,emergency,0.3827572464942932,783.899169921875,631.8621826171875,0.3760716915130615,0.5427906513214111,0.08113278448581696
/tmp/drone_acoustic_2026w14_phase1_downloads/raw/crema_d/audios/1013_IWL_FEA_XX.wav,FEA,emergency,emergency,0.008769797161221504,277.92340087890625,334.1786804199219,0.9207506775856018,0.07695446163415909,0.0022901641204953194
/tmp/drone_acoustic_2026w14_phase1_downloads/raw/crema_d/audios/1013_IWL_NEU_XX.wav,NEU,normal,normal,0.05213882774114609,391.41986083984375,343.05224609375,0.5065809488296509,0.48679351806640625,0.006623550783842802
/tmp/drone_acoustic_2026w14_phase1_downloads/raw/crema_d/audios/1013_IWW_ANG_XX.wav,ANG,emergency,emergency,0.13720548152923584,716.4611206054688,702.5596313476562,0.5655992031097412,0.35358908772468567,0.08076014369726181
/tmp/drone_acoustic_2026w14_phase1_downloads/raw/crema_d/audios/1013_IWW_FEA_XX.wav,FEA,emergency,emergency,0.031753700226545334,402.8249816894531,580.7865600585938,0.8835592269897461,0.0926767960190773,0.023745819926261902
/tmp/drone_acoustic_2026w14_phase1_downloads/raw/crema_d/audios/1013_IWW_NEU_XX.wav,NEU,normal,normal,0.03223114460706711,373.78912353515625,473.7432556152344,0.5560517311096191,0.43624526262283325,0.007695206440985203
/tmp/drone_acoustic_2026w14_phase1_downloads/raw/crema_d/audios/1013_MTI_ANG_XX.wav,ANG,emergency,emergency,0.32268181443214417,736.1978149414062,616.580322265625,0.15660054981708527,0.7958528399467468,0.047540921717882156
/tmp/drone_acoustic_2026w14_phase1_downloads/raw/crema_d/audios/1013_MTI_FEA_XX.wav,FEA,emergency,emergency,0.015641888603568077,312.7298889160156,376.5292663574219,0.855394184589386,0.13507753610610962,0.009505042806267738
/tmp/drone_acoustic_2026w14_phase1_downloads/raw/crema_d/audios/1013_MTI_NEU_XX.wav,NEU,normal,normal,0.07328133285045624,393.85406494140625,406.89349365234375,0.6282665133476257,0.3631221055984497,0.00860663689672947
/tmp/drone_acoustic_2026w14_phase1_downloads/raw/crema_d/audios/1013_TAI_ANG_XX.wav,ANG,emergency,emergency,0.280104398727417,930.8995361328125,811.4915161132812,0.0903051570057869,0.7577208876609802,0.1519518494606018
/tmp/drone_acoustic_2026w14_phase1_downloads/raw/crema_d/audios/1013_TAI_FEA_XX.wav,FEA,emergency,emergency,0.018372956663370132,341.9560546875,528.2470703125,0.8816962838172913,0.09907229989767075,0.0192048829048872
/tmp/drone_acoustic_2026w14_phase1_downloads/raw/crema_d/audios/1013_TAI_NEU_XX.wav,NEU,normal,normal,0.04004442319273949,364.01611328125,434.8943176269531,0.5567144155502319,0.42710080742836,0.01617482118308544
/tmp/drone_acoustic_2026w14_phase1_downloads/raw/crema_d/audios/1013_TIE_ANG_XX.wav,ANG,emergency,emergency,1.1590608358383179,798.5466918945312,734.457275390625,0.14550648629665375,0.7157647013664246,0.13869459927082062
/tmp/drone_acoustic_2026w14_phase1_downloads/raw/crema_d/audios/1013_TIE_FEA_XX.wav,FEA,emergency,emergency,0.2331511676311493,399.1910705566406,489.1565856933594,0.2926315367221832,0.6690739393234253,0.03828825056552887
/tmp/drone_acoustic_2026w14_phase1_downloads/raw/crema_d/audios/1013_TIE_NEU_XX.wav,NEU,normal,normal,0.08831025660037994,398.0498352050781,413.4527893066406,0.33603787422180176,0.649884045124054,0.014064532704651356
/tmp/drone_acoustic_2026w14_phase1_downloads/raw/crema_d/audios/1013_TSI_ANG_XX.wav,ANG,emergency,emergency,0.29310208559036255,1464.6331787109375,1064.4539794921875,0.2505193054676056,0.6338376998901367,0.11562279611825943
/tmp/drone_acoustic_2026w14_phase1_downloads/raw/crema_d/audios/1013_TSI_FEA_XX.wav,FEA,emergency,emergency,0.02187947742640972,764.90234375,917.841064453125,0.7985391020774841,0.11655186861753464,0.08479908108711243
/tmp/drone_acoustic_2026w14_phase1_downloads/raw/crema_d/audios/1013_TSI_NEU_XX.wav,NEU,normal,normal,0.03232788294553757,798.6575317382812,814.9675903320312,0.5953158736228943,0.35099074244499207,0.053678736090660095
/tmp/drone_acoustic_2026w14_phase1_downloads/raw/crema_d/audios/1013_WSI_ANG_XX.wav,ANG,emergency,emergency,0.8513723015785217,1251.8367919921875,800.7708740234375,0.15062059462070465,0.7614347338676453,0.08793776482343674
/tmp/drone_acoustic_2026w14_phase1_downloads/raw/crema_d/audios/1013_WSI_FEA_XX.wav,FEA,emergency,emergency,0.01980237103998661,469.6805725097656,594.1712646484375,0.8737890124320984,0.10057446360588074,0.02560613863170147
/tmp/drone_acoustic_2026w14_phase1_downloads/raw/crema_d/audios/1013_WSI_NEU_XX.wav,NEU,normal,normal,0.14142060279846191,646.7325439453125,771.2421875,0.4745064973831177,0.5043100118637085,0.021120497956871986
/tmp/drone_acoustic_2026w14_phase1_downloads/raw/crema_d/audios/1014_DFA_ANG_XX.wav,ANG,emergency,emergency,0.9608355164527893,1120.54248046875,872.358154296875,0.25142228603363037,0.449766606092453,0.29880383610725403
/tmp/drone_acoustic_2026w14_phase1_downloads/raw/crema_d/audios/1014_DFA_FEA_XX.wav,FEA,emergency,emergency,0.3068227469921112,402.3822937011719,527.1361083984375,0.44689565896987915,0.4503553509712219,0.10273296386003494
/tmp/drone_acoustic_2026w14_phase1_downloads/raw/crema_d/audios/1014_DFA_NEU_XX.wav,NEU,normal,normal,0.18201512098312378,443.5274658203125,557.3460693359375,0.34287717938423157,0.5833179354667664,0.07380028069019318
/tmp/drone_acoustic_2026w14_phase1_downloads/raw/crema_d/audios/1014_IEO_ANG_HI.wav,ANG,emergency,emergency,0.49063485860824585,1088.173828125,787.4553833007812,0.123251773416996,0.7428320050239563,0.1339070051908493
/tmp/drone_acoustic_2026w14_phase1_downloads/raw/crema_d/audios/1014_IEO_ANG_LO.wav,ANG,emergency,emergency,0.23321373760700226,638.9649047851562,608.109375,0.1758607029914856,0.7711620926856995,0.05296937748789787
/tmp/drone_acoustic_2026w14_phase1_downloads/raw/crema_d/audios/1014_IEO_ANG_MD.wav,ANG,emergency,emergency,0.23718078434467316,768.962158203125,673.5975341796875,0.18223771452903748,0.7542411684989929,0.06350379437208176
/tmp/drone_acoustic_2026w14_phase1_downloads/raw/crema_d/audios/1014_IEO_FEA_HI.wav,FEA,emergency,emergency,0.2394070327281952,754.2394409179688,812.834716796875,0.2810426652431488,0.6609135866165161,0.058037690818309784
/tmp/drone_acoustic_2026w14_phase1_downloads/raw/crema_d/audios/1014_IEO_FEA_LO.wav,FEA,emergency,emergency,0.04372886195778847,442.4540710449219,562.8591918945312,0.5655320882797241,0.40784329175949097,0.026583220809698105
/tmp/drone_acoustic_2026w14_phase1_downloads/raw/crema_d/audios/1014_IEO_FEA_MD.wav,FEA,emergency,emergency,0.07060900330543518,419.109130859375,429.82208251953125,0.2830083966255188,0.6987757682800293,0.018212074413895607
/tmp/drone_acoustic_2026w14_phase1_downloads/raw/crema_d/audios/1014_IEO_NEU_XX.wav,NEU,normal,normal,0.036933284252882004,507.85302734375,467.69384765625,0.36918526887893677,0.6054043769836426,0.02539675496518612
/tmp/drone_acoustic_2026w14_phase1_downloads/raw/crema_d/audios/1014_IOM_ANG_XX.wav,ANG,emergency,emergency,0.34778252243995667,650.12353515625,647.9700927734375,0.3131203055381775,0.5687307715415955,0.11814390122890472
/tmp/drone_acoustic_2026w14_phase1_downloads/raw/crema_d/audios/1014_IOM_FEA_XX.wav,FEA,emergency,emergency,0.16135935485363007,367.53521728515625,457.07415771484375,0.6979398131370544,0.2111182063817978,0.09093914926052094
/tmp/drone_acoustic_2026w14_phase1_downloads/raw/crema_d/audios/1014_IOM_NEU_XX.wav,NEU,normal,normal,0.2614727020263672,433.66070556640625,482.1878356933594,0.5674777626991272,0.3795360028743744,0.05298185721039772
/tmp/drone_acoustic_2026w14_phase1_downloads/raw/crema_d/audios/1014_ITH_ANG_XX.wav,ANG,emergency,emergency,0.4474399983882904,600.0474243164062,699.1934204101562,0.32830774784088135,0.5069580674171448,0.16472086310386658
/tmp/drone_acoustic_2026w14_phase1_downloads/raw/crema_d/audios/1014_ITH_FEA_XX.wav,FEA,emergency,emergency,0.3148331642150879,489.6387023925781,549.4679565429688,0.22646735608577728,0.6913503408432007,0.08217000961303711
/tmp/drone_acoustic_2026w14_phase1_downloads/raw/crema_d/audios/1014_ITH_NEU_XX.wav,NEU,normal,normal,0.2094237357378006,501.7147216796875,539.1896362304688,0.2071787416934967,0.7208150625228882,0.07200188934803009
/tmp/drone_acoustic_2026w14_phase1_downloads/raw/crema_d/audios/1014_ITS_ANG_XX.wav,ANG,emergency,emergency,0.1189965307712555,840.9644775390625,752.0714111328125,0.6172568798065186,0.2797044813632965,0.1029377281665802
/tmp/drone_acoustic_2026w14_phase1_downloads/raw/crema_d/audios/1014_ITS_FEA_XX.wav,FEA,emergency,emergency,0.04631173610687256,380.54559326171875,499.4138488769531,0.7072684168815613,0.26844272017478943,0.024281535297632217
/tmp/drone_acoustic_2026w14_phase1_downloads/raw/crema_d/audios/1014_ITS_NEU_XX.wav,NEU,normal,normal,0.09979332238435745,609.3732299804688,672.43115234375,0.5092360973358154,0.41642671823501587,0.07432764023542404
/tmp/drone_acoustic_2026w14_phase1_downloads/raw/crema_d/audios/1014_IWL_ANG_XX.wav,ANG,emergency,emergency,0.24490278959274292,631.4420166015625,542.9185791015625,0.3106689751148224,0.6033760905265808,0.08595199137926102
/tmp/drone_acoustic_2026w14_phase1_downloads/raw/crema_d/audios/1014_IWL_FEA_XX.wav,FEA,emergency,emergency,0.0883869081735611,326.74609375,386.65618896484375,0.5902971029281616,0.3981064558029175,0.011593587696552277
/tmp/drone_acoustic_2026w14_phase1_downloads/raw/crema_d/audios/1014_IWL_NEU_XX.wav,NEU,normal,normal,0.14448830485343933,460.7768859863281,462.46942138671875,0.4908961355686188,0.4396175444126129,0.0694834515452385
/tmp/drone_acoustic_2026w14_phase1_downloads/raw/crema_d/audios/1014_IWW_ANG_XX.wav,ANG,emergency,emergency,0.48106709122657776,810.6552124023438,692.425048828125,0.3290102481842041,0.5061526894569397,0.164795383810997
/tmp/drone_acoustic_2026w14_phase1_downloads/raw/crema_d/audios/1014_IWW_FEA_XX.wav,FEA,emergency,emergency,0.12545956671237946,607.1754760742188,589.8566284179688,0.41300007700920105,0.5382401943206787,0.04861157760024071
/tmp/drone_acoustic_2026w14_phase1_downloads/raw/crema_d/audios/1014_IWW_NEU_XX.wav,NEU,normal,normal,0.1295713186264038,627.6905517578125,613.0762939453125,0.517987847328186,0.42789867520332336,0.05410079285502434
/tmp/drone_acoustic_2026w14_phase1_downloads/raw/crema_d/audios/1014_MTI_ANG_XX.wav,ANG,emergency,emergency,0.1600741297006607,631.490478515625,582.2965698242188,0.2088039070367813,0.7619855999946594,0.0292092002928257
/tmp/drone_acoustic_2026w14_phase1_downloads/raw/crema_d/audios/1014_MTI_FEA_XX.wav,FEA,emergency,emergency,0.04141731560230255,323.61627197265625,385.28546142578125,0.41884347796440125,0.5768147110939026,0.004333617631345987
/tmp/drone_acoustic_2026w14_phase1_downloads/raw/crema_d/audios/1014_MTI_NEU_XX.wav,NEU,normal,normal,0.11521995812654495,482.78692626953125,470.6031188964844,0.41812849044799805,0.5361659526824951,0.04570310190320015
/tmp/drone_acoustic_2026w14_phase1_downloads/raw/crema_d/audios/1014_TAI_ANG_XX.wav,ANG,emergency,emergency,0.14632053673267365,940.6618041992188,831.82861328125,0.2939482629299164,0.6098117232322693,0.09621202200651169
/tmp/drone_acoustic_2026w14_phase1_downloads/raw/crema_d/audios/1014_TAI_FEA_XX.wav,FEA,emergency,emergency,0.012748992070555687,400.5418395996094,497.2330017089844,0.2776627838611603,0.7145107388496399,0.007815496064722538
/tmp/drone_acoustic_2026w14_phase1_downloads/raw/crema_d/audios/1014_TAI_NEU_XX.wav,NEU,normal,normal,0.14080846309661865,649.0286254882812,656.0332641601562,0.42957088351249695,0.4893277883529663,0.08109106868505478
/tmp/drone_acoustic_2026w14_phase1_downloads/raw/crema_d/audios/1014_TIE_ANG_XX.wav,ANG,emergency,emergency,1.3928544521331787,912.650390625,784.479736328125,0.12503379583358765,0.5586909651756287,0.31626683473587036
/tmp/drone_acoustic_2026w14_phase1_downloads/raw/crema_d/audios/1014_TIE_FEA_XX.wav,FEA,emergency,emergency,0.23067569732666016,457.6930236816406,596.0185546875,0.2879282534122467,0.6636793613433838,0.048364996910095215
/tmp/drone_acoustic_2026w14_phase1_downloads/raw/crema_d/audios/1014_TIE_NEU_XX.wav,NEU,normal,normal,0.19900241494178772,539.5780639648438,566.1950073242188,0.36227473616600037,0.5643155574798584,0.07340706139802933
/tmp/drone_acoustic_2026w14_phase1_downloads/raw/crema_d/audios/1014_TSI_ANG_XX.wav,ANG,emergency,emergency,0.22433553636074066,1283.0491943359375,917.9328002929688,0.6605389714241028,0.1923256367444992,0.14708390831947327
/tmp/drone_acoustic_2026w14_phase1_downloads/raw/crema_d/audios/1014_TSI_FEA_XX.wav,FEA,emergency,emergency,0.0750185176730156,845.8211669921875,761.5838012695312,0.4762928783893585,0.39171406626701355,0.13118678331375122
/tmp/drone_acoustic_2026w14_phase1_downloads/raw/crema_d/audios/1014_TSI_NEU_XX.wav,NEU,normal,normal,0.06543612480163574,1149.174560546875,845.7075805664062,0.31384408473968506,0.5777561664581299,0.10784945636987686
/tmp/drone_acoustic_2026w14_phase1_downloads/raw/crema_d/audios/1014_WSI_ANG_XX.wav,ANG,emergency,emergency,0.34215590357780457,1345.13232421875,792.0421752929688,0.2177146077156067,0.6316071152687073,0.15064771473407745
/tmp/drone_acoustic_2026w14_phase1_downloads/raw/crema_d/audios/1014_WSI_FEA_XX.wav,FEA,emergency,emergency,0.0709381252527237,580.7716674804688,592.8687744140625,0.5840458273887634,0.36165210604667664,0.054250407963991165
/tmp/drone_acoustic_2026w14_phase1_downloads/raw/crema_d/audios/1014_WSI_NEU_XX.wav,NEU,normal,normal,0.15439613163471222,1044.3887939453125,768.9686889648438,0.27380043268203735,0.680419921875,0.04572988301515579
/tmp/drone_acoustic_2026w14_phase1_downloads/raw/crema_d/audios/1015_DFA_ANG_XX.wav,ANG,emergency,emergency,0.20093561708927155,485.0457458496094,604.7092895507812,0.23684248328208923,0.6892306208610535,0.07392185926437378
/tmp/drone_acoustic_2026w14_phase1_downloads/raw/crema_d/audios/1015_DFA_FEA_XX.wav,FEA,emergency,emergency,0.045056264847517014,358.2020263671875,493.4101867675781,0.7770156860351562,0.19438503682613373,0.028588153421878815
/tmp/drone_acoustic_2026w14_phase1_downloads/raw/crema_d/audios/1015_DFA_NEU_XX.wav,NEU,normal,normal,0.019034869968891144,347.6744079589844,450.2527160644531,0.3934464752674103,0.6013312935829163,0.005218916572630405
/tmp/drone_acoustic_2026w14_phase1_downloads/raw/crema_d/audios/1015_IEO_ANG_HI.wav,ANG,emergency,emergency,0.39358144998550415,715.09619140625,669.8373413085938,0.2592574656009674,0.6518610119819641,0.0888524129986763
/tmp/drone_acoustic_2026w14_phase1_downloads/raw/crema_d/audios/1015_IEO_ANG_LO.wav,ANG,emergency,emergency,0.1458619087934494,586.8455810546875,528.740478515625,0.19197526574134827,0.7873930931091309,0.020618431270122528
/tmp/drone_acoustic_2026w14_phase1_downloads/raw/crema_d/audios/1015_IEO_ANG_MD.wav,ANG,emergency,emergency,0.09047413617372513,509.8332824707031,540.5818481445312,0.4110468924045563,0.5704654455184937,0.018473077565431595
/tmp/drone_acoustic_2026w14_phase1_downloads/raw/crema_d/audios/1015_IEO_FEA_HI.wav,FEA,emergency,emergency,0.2721801996231079,521.3145751953125,568.8817749023438,0.2833569347858429,0.6852545142173767,0.03138578683137894
/tmp/drone_acoustic_2026w14_phase1_downloads/raw/crema_d/audios/1015_IEO_FEA_LO.wav,FEA,emergency,emergency,0.0410119965672493,371.325439453125,508.93377685546875,0.7393428683280945,0.251979261636734,0.00866531953215599
/tmp/drone_acoustic_2026w14_phase1_downloads/raw/crema_d/audios/1015_IEO_FEA_MD.wav,FEA,emergency,emergency,0.04959109425544739,367.82952880859375,485.77166748046875,0.6035068035125732,0.37343937158584595,0.023047247901558876
/tmp/drone_acoustic_2026w14_phase1_downloads/raw/crema_d/audios/1015_IEO_NEU_XX.wav,NEU,normal,normal,0.02847142703831196,332.5281982421875,436.15277099609375,0.3767351806163788,0.6153557300567627,0.007907706312835217
/tmp/drone_acoustic_2026w14_phase1_downloads/raw/crema_d/audios/1015_IOM_ANG_XX.wav,ANG,emergency,emergency,0.02247249335050583,333.1316223144531,425.5305480957031,0.849581778049469,0.14030134677886963,0.010110328905284405
/tmp/drone_acoustic_2026w14_phase1_downloads/raw/crema_d/audios/1015_IOM_FEA_XX.wav,FEA,emergency,emergency,0.021206479519605637,296.54571533203125,437.1042785644531,0.7506259679794312,0.2416493445634842,0.007719428278505802
/tmp/drone_acoustic_2026w14_phase1_downloads/raw/crema_d/audios/1015_IOM_NEU_XX.wav,NEU,normal,normal,0.01960899867117405,303.0195007324219,383.9557800292969,0.7739233374595642,0.21979741752147675,0.006275209132581949
/tmp/drone_acoustic_2026w14_phase1_downloads/raw/crema_d/audios/1015_ITH_ANG_XX.wav,ANG,emergency,emergency,0.1869358867406845,402.5960998535156,567.147216796875,0.21322540938854218,0.7545762658119202,0.03218451142311096
/tmp/drone_acoustic_2026w14_phase1_downloads/raw/crema_d/audios/1015_ITH_FEA_XX.wav,FEA,emergency,emergency,0.027930647134780884,300.54827880859375,403.107177734375,0.6831340789794922,0.30931830406188965,0.007539256475865841
/tmp/drone_acoustic_2026w14_phase1_downloads/raw/crema_d/audios/1015_ITH_NEU_XX.wav,NEU,normal,normal,0.04207364469766617,280.3794250488281,383.8947448730469,0.7254796624183655,0.2594815790653229,0.015032351948320866
/tmp/drone_acoustic_2026w14_phase1_downloads/raw/crema_d/audios/1015_ITS_ANG_XX.wav,ANG,emergency,emergency,0.09463609009981155,748.3763427734375,665.8892822265625,0.7887693643569946,0.10236795991659164,0.10864467918872833
/tmp/drone_acoustic_2026w14_phase1_downloads/raw/crema_d/audios/1015_ITS_FEA_XX.wav,FEA,emergency,emergency,0.033346302807331085,393.7577819824219,544.7077026367188,0.8727144598960876,0.09288842231035233,0.03437906503677368
/tmp/drone_acoustic_2026w14_phase1_downloads/raw/crema_d/audios/1015_ITS_NEU_XX.wav,NEU,normal,normal,0.032808974385261536,394.4040832519531,515.6221923828125,0.8636499047279358,0.11109770834445953,0.025244003161787987
/tmp/drone_acoustic_2026w14_phase1_downloads/raw/crema_d/audios/1015_IWL_ANG_XX.wav,ANG,emergency,emergency,0.11279887706041336,433.5960388183594,467.4694519042969,0.617782711982727,0.3695109784603119,0.01270316168665886
/tmp/drone_acoustic_2026w14_phase1_downloads/raw/crema_d/audios/1015_IWL_FEA_XX.wav,FEA,emergency,emergency,0.04280851036310196,408.7312316894531,543.0223999023438,0.7418931722640991,0.24644719064235687,0.011651220731437206
/tmp/drone_acoustic_2026w14_phase1_downloads/raw/crema_d/audios/1015_IWL_NEU_XX.wav,NEU,normal,normal,0.03251746669411659,341.79815673828125,388.4997863769531,0.5939316749572754,0.4004317820072174,0.005632488988339901
/tmp/drone_acoustic_2026w14_phase1_downloads/raw/crema_d/audios/1015_IWW_ANG_XX.wav,ANG,emergency,emergency,0.05282825231552124,480.3250427246094,611.5941772460938,0.6981624960899353,0.23707479238510132,0.0646229088306427
/tmp/drone_acoustic_2026w14_phase1_downloads/raw/crema_d/audios/1015_IWW_FEA_XX.wav,FEA,emergency,emergency,0.04666781798005104,425.56646728515625,614.121826171875,0.7861500382423401,0.1912277787923813,0.022600896656513214
/tmp/drone_acoustic_2026w14_phase1_downloads/raw/crema_d/audios/1015_IWW_NEU_XX.wav,NEU,normal,normal,0.014407248236238956,323.0870361328125,425.300537109375,0.6422829627990723,0.3517858684062958,0.005922586191445589
/tmp/drone_acoustic_2026w14_phase1_downloads/raw/crema_d/audios/1015_MTI_ANG_XX.wav,ANG,emergency,emergency,0.04054754599928856,424.5344543457031,404.675048828125,0.3423892855644226,0.650891125202179,0.006717722862958908
/tmp/drone_acoustic_2026w14_phase1_downloads/raw/crema_d/audios/1015_MTI_FEA_XX.wav,FEA,emergency,emergency,0.030147666111588478,360.30010986328125,407.8597412109375,0.5814129710197449,0.4085320234298706,0.010051194578409195
/tmp/drone_acoustic_2026w14_phase1_downloads/raw/crema_d/audios/1015_MTI_NEU_XX.wav,NEU,normal,normal,0.03498143330216408,321.803466796875,351.02508544921875,0.8440840244293213,0.1473313719034195,0.008575073443353176
/tmp/drone_acoustic_2026w14_phase1_downloads/raw/crema_d/audios/1015_TAI_ANG_XX.wav,ANG,emergency,emergency,0.09164881706237793,515.5526123046875,560.1753540039062,0.14084042608737946,0.816366970539093,0.042789820581674576
/tmp/drone_acoustic_2026w14_phase1_downloads/raw/crema_d/audios/1015_TAI_FEA_XX.wav,FEA,emergency,emergency,0.026721080765128136,428.2200927734375,509.5129699707031,0.7776005268096924,0.2050517052412033,0.01734044961631298
/tmp/drone_acoustic_2026w14_phase1_downloads/raw/crema_d/audios/1015_TAI_NEU_XX.wav,NEU,normal,normal,0.05733862519264221,407.3800354003906,482.141845703125,0.44703683257102966,0.5428340435028076,0.010126523673534393
/tmp/drone_acoustic_2026w14_phase1_downloads/raw/crema_d/audios/1015_TIE_ANG_XX.wav,ANG,emergency,emergency,0.2573550343513489,548.0067138671875,592.0397338867188,0.17345736920833588,0.746890664100647,0.07961352169513702
/tmp/drone_acoustic_2026w14_phase1_downloads/raw/crema_d/audios/1015_TIE_FEA_XX.wav,FEA,emergency,emergency,0.08780629187822342,350.5505676269531,507.23602294921875,0.4665588438510895,0.5186099410057068,0.014798133634030819
/tmp/drone_acoustic_2026w14_phase1_downloads/raw/crema_d/audios/1015_TIE_NEU_XX.wav,NEU,normal,normal,0.03678722307085991,378.09869384765625,559.7025146484375,0.3406124711036682,0.648097574710846,0.011275730095803738
/tmp/drone_acoustic_2026w14_phase1_downloads/raw/crema_d/audios/1015_TSI_ANG_XX.wav,ANG,emergency,emergency,0.12162414193153381,1262.5238037109375,859.5208740234375,0.2882951498031616,0.5697964429855347,0.1418006718158722
/tmp/drone_acoustic_2026w14_phase1_downloads/raw/crema_d/audios/1015_TSI_FEA_XX.wav,FEA,emergency,emergency,0.042886972427368164,1088.0093994140625,944.18798828125,0.6708303093910217,0.24326886236667633,0.08580014854669571
/tmp/drone_acoustic_2026w14_phase1_downloads/raw/crema_d/audios/1015_TSI_NEU_XX.wav,NEU,normal,normal,0.022013438865542412,857.40673828125,916.0279541015625,0.7498557567596436,0.18482744693756104,0.06520935148000717
/tmp/drone_acoustic_2026w14_phase1_downloads/raw/crema_d/audios/1015_WSI_ANG_XX.wav,ANG,emergency,emergency,0.19383293390274048,787.8096313476562,673.5313720703125,0.22984813153743744,0.7303672432899475,0.039743613451719284
/tmp/drone_acoustic_2026w14_phase1_downloads/raw/crema_d/audios/1015_WSI_FEA_XX.wav,FEA,emergency,emergency,0.06289365887641907,542.19873046875,634.2118530273438,0.7010757327079773,0.2714512050151825,0.02743702009320259
/tmp/drone_acoustic_2026w14_phase1_downloads/raw/crema_d/audios/1015_WSI_NEU_XX.wav,NEU,normal,normal,0.060569487512111664,371.14398193359375,452.2745361328125,0.5658262372016907,0.4161393344402313,0.018016906455159187
/tmp/drone_acoustic_2026w14_phase1_downloads/raw/crema_d/audios/1016_DFA_ANG_XX.wav,ANG,emergency,emergency,0.4229661524295807,634.7213745117188,620.858642578125,0.20805417001247406,0.7082096338272095,0.08373445272445679
/tmp/drone_acoustic_2026w14_phase1_downloads/raw/crema_d/audios/1016_DFA_FEA_XX.wav,FEA,emergency,emergency,0.10110461711883545,499.6164855957031,672.9999389648438,0.803443431854248,0.10309240221977234,0.09340345114469528
/tmp/drone_acoustic_2026w14_phase1_downloads/raw/crema_d/audios/1016_DFA_NEU_XX.wav,NEU,normal,normal,0.040766093879938126,373.2786865234375,437.73712158203125,0.40664711594581604,0.5861868262290955,0.0071615902706980705
/tmp/drone_acoustic_2026w14_phase1_downloads/raw/crema_d/audios/1016_IEO_ANG_HI.wav,ANG,emergency,emergency,0.20852608978748322,823.8814086914062,624.8832397460938,0.17364449799060822,0.7791804671287537,0.04717143252491951
/tmp/drone_acoustic_2026w14_phase1_downloads/raw/crema_d/audios/1016_IEO_ANG_LO.wav,ANG,emergency,emergency,0.09448257088661194,411.1677551269531,387.0244445800781,0.33068138360977173,0.6623708009719849,0.006945331115275621
/tmp/drone_acoustic_2026w14_phase1_downloads/raw/crema_d/audios/1016_IEO_ANG_MD.wav,ANG,emergency,emergency,0.18144960701465607,486.0084228515625,429.99896240234375,0.28483349084854126,0.7053976655006409,0.009767938405275345
/tmp/drone_acoustic_2026w14_phase1_downloads/raw/crema_d/audios/1016_IEO_FEA_HI.wav,FEA,emergency,emergency,0.04694515839219093,514.3909301757812,541.8609619140625,0.7758170962333679,0.19547051191329956,0.028697868809103966
/tmp/drone_acoustic_2026w14_phase1_downloads/raw/crema_d/audios/1016_IEO_FEA_LO.wav,FEA,emergency,emergency,0.03174736723303795,365.9816589355469,406.2281799316406,0.553135335445404,0.43455079197883606,0.012300504371523857
/tmp/drone_acoustic_2026w14_phase1_downloads/raw/crema_d/audios/1016_IEO_FEA_MD.wav,FEA,emergency,emergency,0.05409678444266319,392.7883605957031,428.2071228027344,0.5354775786399841,0.4510270953178406,0.013492430560290813
/tmp/drone_acoustic_2026w14_phase1_downloads/raw/crema_d/audios/1016_IEO_NEU_XX.wav,NEU,normal,normal,0.09680400788784027,387.92449951171875,403.7056884765625,0.5799593925476074,0.40701010823249817,0.013015572912991047
/tmp/drone_acoustic_2026w14_phase1_downloads/raw/crema_d/audios/1016_IOM_ANG_XX.wav,ANG,emergency,emergency,0.1488499939441681,396.78277587890625,461.67303466796875,0.5727340579032898,0.3728387951850891,0.054426610469818115
/tmp/drone_acoustic_2026w14_phase1_downloads/raw/crema_d/audios/1016_IOM_FEA_XX.wav,FEA,emergency,emergency,0.04606422036886215,349.4582824707031,376.4996337890625,0.5255820751190186,0.45830026268959045,0.016116930171847343
/tmp/drone_acoustic_2026w14_phase1_downloads/raw/crema_d/audios/1016_IOM_NEU_XX.wav,NEU,normal,normal,0.050093505531549454,306.16778564453125,365.6985778808594,0.677121639251709,0.3136160969734192,0.009260670281946659
/tmp/drone_acoustic_2026w14_phase1_downloads/raw/crema_d/audios/1016_ITH_ANG_XX.wav,ANG,emergency,emergency,0.42876243591308594,534.5704345703125,564.0486450195312,0.2147972732782364,0.706227719783783,0.07897388935089111
/tmp/drone_acoustic_2026w14_phase1_downloads/raw/crema_d/audios/1016_ITH_FEA_XX.wav,FEA,emergency,emergency,0.06484292447566986,447.6986389160156,437.08099365234375,0.4715000092983246,0.5172109007835388,0.011286857537925243
/tmp/drone_acoustic_2026w14_phase1_downloads/raw/crema_d/audios/1016_ITH_NEU_XX.wav,NEU,normal,normal,0.04033484682440758,366.88641357421875,434.7132873535156,0.6317374110221863,0.35690781474113464,0.011351827532052994
/tmp/drone_acoustic_2026w14_phase1_downloads/raw/crema_d/audios/1016_ITS_ANG_XX.wav,ANG,emergency,emergency,0.14672847092151642,763.6369018554688,663.9513549804688,0.5800647735595703,0.32237088680267334,0.0975567102432251
/tmp/drone_acoustic_2026w14_phase1_downloads/raw/crema_d/audios/1016_ITS_FEA_XX.wav,FEA,emergency,emergency,0.06772365421056747,675.3828735351562,681.52734375,0.7570134997367859,0.12571072578430176,0.11723873019218445
/tmp/drone_acoustic_2026w14_phase1_downloads/raw/crema_d/audios/1016_ITS_NEU_XX.wav,NEU,normal,normal,0.0603642575442791,627.9942626953125,695.1437377929688,0.4661845564842224,0.4983997344970703,0.03535516932606697
/tmp/drone_acoustic_2026w14_phase1_downloads/raw/crema_d/audios/1016_IWL_ANG_XX.wav,ANG,emergency,emergency,0.17301823198795319,580.6483154296875,515.7496337890625,0.20591869950294495,0.7575857639312744,0.03649206832051277
/tmp/drone_acoustic_2026w14_phase1_downloads/raw/crema_d/audios/1016_IWL_FEA_XX.wav,FEA,emergency,emergency,0.06856199353933334,399.80718994140625,419.69268798828125,0.24302102625370026,0.7406317591667175,0.016346260905265808
/tmp/drone_acoustic_2026w14_phase1_downloads/raw/crema_d/audios/1016_IWL_NEU_XX.wav,NEU,normal,normal,0.05766872316598892,344.7109069824219,357.1087646484375,0.516556978225708,0.4784505069255829,0.004990489222109318
/tmp/drone_acoustic_2026w14_phase1_downloads/raw/crema_d/audios/1016_IWW_ANG_XX.wav,ANG,emergency,emergency,0.22583512961864471,571.333740234375,598.3445434570312,0.3760685920715332,0.5529379844665527,0.07083270698785782
/tmp/drone_acoustic_2026w14_phase1_downloads/raw/crema_d/audios/1016_IWW_FEA_XX.wav,FEA,emergency,emergency,0.02765933983027935,554.3126220703125,578.9046020507812,0.8950514197349548,0.06490036100149155,0.03984909877181053
/tmp/drone_acoustic_2026w14_phase1_downloads/raw/crema_d/audios/1016_IWW_NEU_XX.wav,NEU,normal,normal,0.02131219580769539,389.10308837890625,448.4836730957031,0.7017515301704407,0.29213592410087585,0.006106134504079819
/tmp/drone_acoustic_2026w14_phase1_downloads/raw/crema_d/audios/1016_MTI_ANG_XX.wav,ANG,emergency,emergency,0.17661195993423462,488.4673156738281,472.14471435546875,0.33853867650032043,0.6067914366722107,0.0546686016023159
/tmp/drone_acoustic_2026w14_phase1_downloads/raw/crema_d/audios/1016_MTI_FEA_XX.wav,FEA,emergency,emergency,0.04168486222624779,347.0301818847656,260.264404296875,0.6301032900810242,0.3671874403953552,0.002708291634917259
/tmp/drone_acoustic_2026w14_phase1_downloads/raw/crema_d/audios/1016_MTI_NEU_XX.wav,NEU,normal,normal,0.028492910787463188,338.0504150390625,291.9322814941406,0.6602968573570251,0.33637702465057373,0.0033250031992793083
/tmp/drone_acoustic_2026w14_phase1_downloads/raw/crema_d/audios/1016_TAI_ANG_XX.wav,ANG,emergency,emergency,0.1778150200843811,759.8959350585938,623.4992065429688,0.4639691710472107,0.4506894648075104,0.08526108413934708
/tmp/drone_acoustic_2026w14_phase1_downloads/raw/crema_d/audios/1016_TAI_FEA_XX.wav,FEA,emergency,emergency,0.023826656863093376,495.5081787109375,566.2886962890625,0.7832874655723572,0.18409180641174316,0.032565467059612274
/tmp/drone_acoustic_2026w14_phase1_downloads/raw/crema_d/audios/1016_TAI_NEU_XX.wav,NEU,normal,normal,0.0329994298517704,352.87811279296875,445.146240234375,0.7235636115074158,0.26805758476257324,0.008362824097275734
/tmp/drone_acoustic_2026w14_phase1_downloads/raw/crema_d/audios/1016_TIE_ANG_XX.wav,ANG,emergency,emergency,0.25435808300971985,602.3585815429688,516.5570068359375,0.22409197688102722,0.7233417630195618,0.05255880579352379
/tmp/drone_acoustic_2026w14_phase1_downloads/raw/crema_d/audios/1016_TIE_FEA_XX.wav,FEA,emergency,emergency,0.12108515202999115,505.7076721191406,512.7299194335938,0.24336905777454376,0.7290247678756714,0.02759985253214836
/tmp/drone_acoustic_2026w14_phase1_downloads/raw/crema_d/audios/1016_TIE_NEU_XX.wav,NEU,normal,normal,0.11346332728862762,398.8108215332031,495.7926330566406,0.3505956530570984,0.6202394962310791,0.029155703261494637
/tmp/drone_acoustic_2026w14_phase1_downloads/raw/crema_d/audios/1016_TSI_ANG_XX.wav,ANG,emergency,emergency,0.20777179300785065,1541.5108642578125,887.3726806640625,0.1517942100763321,0.7513894438743591,0.09675594419240952
/tmp/drone_acoustic_2026w14_phase1_downloads/raw/crema_d/audios/1016_TSI_FEA_XX.wav,FEA,emergency,emergency,0.10224638879299164,1168.64208984375,784.8453369140625,0.5425147414207458,0.15671980381011963,0.3003477454185486
/tmp/drone_acoustic_2026w14_phase1_downloads/raw/crema_d/audios/1016_TSI_NEU_XX.wav,NEU,normal,normal,0.09988681226968765,1189.1656494140625,902.7133178710938,0.38583436608314514,0.46897876262664795,0.1445540338754654
/tmp/drone_acoustic_2026w14_phase1_downloads/raw/crema_d/audios/1016_WSI_ANG_XX.wav,ANG,emergency,emergency,0.3000209331512451,1070.068115234375,737.0731201171875,0.16197963058948517,0.78762286901474,0.05038989335298538
/tmp/drone_acoustic_2026w14_phase1_downloads/raw/crema_d/audios/1016_WSI_FEA_XX.wav,FEA,emergency,emergency,0.0853482186794281,775.24462890625,647.5848999023438,0.6249873042106628,0.2904098331928253,0.08454670011997223
/tmp/drone_acoustic_2026w14_phase1_downloads/raw/crema_d/audios/1016_WSI_NEU_XX.wav,NEU,normal,normal,0.07945730537176132,575.2730712890625,549.01513671875,0.3730951249599457,0.6155179142951965,0.01130150817334652
/tmp/drone_acoustic_2026w14_phase1_downloads/raw/crema_d/audios/1017_DFA_ANG_XX.wav,ANG,emergency,emergency,0.041278477758169174,400.7102355957031,410.87579345703125,0.20904125273227692,0.7776795625686646,0.013276780024170876
/tmp/drone_acoustic_2026w14_phase1_downloads/raw/crema_d/audios/1017_DFA_FEA_XX.wav,FEA,emergency,emergency,0.01483921892940998,357.26507568359375,399.07818603515625,0.39316099882125854,0.5996413826942444,0.007194753736257553
/tmp/drone_acoustic_2026w14_phase1_downloads/raw/crema_d/audios/1017_DFA_NEU_XX.wav,NEU,normal,normal,0.023312881588935852,356.5806579589844,385.0380554199219,0.2891727387905121,0.7055200934410095,0.005306322127580643
/tmp/drone_acoustic_2026w14_phase1_downloads/raw/crema_d/audios/1017_IEO_ANG_HI.wav,ANG,emergency,emergency,0.07245484739542007,649.1956176757812,592.8579711914062,0.37105071544647217,0.6060218811035156,0.02290409803390503
/tmp/drone_acoustic_2026w14_phase1_downloads/raw/crema_d/audios/1017_IEO_ANG_LO.wav,ANG,emergency,emergency,0.07793577760457993,551.919189453125,507.2945556640625,0.17354950308799744,0.8196532130241394,0.00679601589217782
/tmp/drone_acoustic_2026w14_phase1_downloads/raw/crema_d/audios/1017_IEO_ANG_MD.wav,ANG,emergency,emergency,0.04476749524474144,418.5563049316406,447.3204650878906,0.1714906543493271,0.8233246803283691,0.005182729102671146
/tmp/drone_acoustic_2026w14_phase1_downloads/raw/crema_d/audios/1017_IEO_FEA_HI.wav,FEA,emergency,emergency,0.0604218915104866,453.8862609863281,562.6376953125,0.6565833687782288,0.31293773651123047,0.030432160943746567
/tmp/drone_acoustic_2026w14_phase1_downloads/raw/crema_d/audios/1017_IEO_FEA_LO.wav,FEA,emergency,emergency,0.011701356619596481,282.7956237792969,350.4025573730469,0.5810120105743408,0.4159456491470337,0.0030352589674293995
/tmp/drone_acoustic_2026w14_phase1_downloads/raw/crema_d/audios/1017_IEO_FEA_MD.wav,FEA,emergency,emergency,0.016045529395341873,309.5596618652344,423.75592041015625,0.6253770589828491,0.3628378212451935,0.01173985656350851
/tmp/drone_acoustic_2026w14_phase1_downloads/raw/crema_d/audios/1017_IEO_NEU_XX.wav,NEU,normal,normal,0.03509892523288727,379.4795227050781,422.724609375,0.4751098155975342,0.5166329145431519,0.008243214339017868
/tmp/drone_acoustic_2026w14_phase1_downloads/raw/crema_d/audios/1017_IOM_ANG_XX.wav,ANG,emergency,emergency,0.05575815588235855,362.16546630859375,397.6541442871094,0.38899847865104675,0.5996854305267334,0.011314153671264648
/tmp/drone_acoustic_2026w14_phase1_downloads/raw/crema_d/audios/1017_IOM_FEA_XX.wav,FEA,emergency,emergency,0.02003612369298935,292.4010925292969,283.6827697753906,0.746891438961029,0.24918535351753235,0.003918670583516359
/tmp/drone_acoustic_2026w14_phase1_downloads/raw/crema_d/audios/1017_IOM_NEU_XX.wav,NEU,normal,normal,0.016583429649472237,329.3887023925781,346.12701416015625,0.2757928669452667,0.7201789021492004,0.004027361515909433
/tmp/drone_acoustic_2026w14_phase1_downloads/raw/crema_d/audios/1017_ITH_ANG_XX.wav,ANG,emergency,emergency,0.06629613786935806,408.465576171875,464.4142761230469,0.4035365581512451,0.5745294094085693,0.02192675694823265
/tmp/drone_acoustic_2026w14_phase1_downloads/raw/crema_d/audios/1017_ITH_FEA_XX.wav,FEA,emergency,emergency,0.0449860654771328,332.1324157714844,432.65985107421875,0.4763306677341461,0.5142658352851868,0.00939488410949707
/tmp/drone_acoustic_2026w14_phase1_downloads/raw/crema_d/audios/1017_ITH_NEU_XX.wav,NEU,normal,normal,0.04724343866109848,354.25982666015625,413.5159606933594,0.4158450663089752,0.5689105987548828,0.0152393514290452
/tmp/drone_acoustic_2026w14_phase1_downloads/raw/crema_d/audios/1017_ITS_ANG_XX.wav,ANG,emergency,emergency,0.02933291718363762,364.95220947265625,506.4901123046875,0.7632419466972351,0.2159923017024994,0.02075018361210823
/tmp/drone_acoustic_2026w14_phase1_downloads/raw/crema_d/audios/1017_ITS_FEA_XX.wav,FEA,emergency,emergency,0.03449980169534683,526.5729370117188,654.0169677734375,0.8979898691177368,0.06383208185434341,0.038133200258016586
/tmp/drone_acoustic_2026w14_phase1_downloads/raw/crema_d/audios/1017_ITS_NEU_XX.wav,NEU,normal,normal,0.030229708179831505,421.4434814453125,555.4201049804688,0.8343431353569031,0.13962002098560333,0.026025930419564247
/tmp/drone_acoustic_2026w14_phase1_downloads/raw/crema_d/audios/1017_IWL_ANG_XX.wav,ANG,emergency,emergency,0.025780009105801582,410.611083984375,330.20819091796875,0.2641361653804779,0.7306853532791138,0.005176806356757879
/tmp/drone_acoustic_2026w14_phase1_downloads/raw/crema_d/audios/1017_IWL_FEA_XX.wav,FEA,emergency,emergency,0.026180705055594444,381.3664855957031,327.67901611328125,0.2639060914516449,0.7307268977165222,0.005365767050534487
/tmp/drone_acoustic_2026w14_phase1_downloads/raw/crema_d/audios/1017_IWL_NEU_XX.wav,NEU,normal,normal,0.023405997082591057,357.03082275390625,304.8568420410156,0.33695074915885925,0.6597733497619629,0.0032738549634814262
/tmp/drone_acoustic_2026w14_phase1_downloads/raw/crema_d/audios/1017_IWW_ANG_XX.wav,ANG,emergency,emergency,0.020355530083179474,338.4300231933594,439.45196533203125,0.8697532415390015,0.11455712467432022,0.015681499615311623
/tmp/drone_acoustic_2026w14_phase1_downloads/raw/crema_d/audios/1017_IWW_FEA_XX.wav,FEA,emergency,emergency,0.020355530083179474,338.4300231933594,439.45196533203125,0.8697532415390015,0.11455712467432022,0.015681499615311623
/tmp/drone_acoustic_2026w14_phase1_downloads/raw/crema_d/audios/1017_IWW_NEU_XX.wav,NEU,normal,normal,0.03085714392364025,448.0382080078125,508.76092529296875,0.6028282642364502,0.383065402507782,0.014097360894083977
/tmp/drone_acoustic_2026w14_phase1_downloads/raw/crema_d/audios/1017_MTI_ANG_XX.wav,ANG,emergency,emergency,0.03525487706065178,402.71600341796875,368.13458251953125,0.6225998401641846,0.366508811712265,0.010888124816119671
/tmp/drone_acoustic_2026w14_phase1_downloads/raw/crema_d/audios/1017_MTI_FEA_XX.wav,FEA,emergency,emergency,0.006390325725078583,315.9441223144531,340.55645751953125,0.6667559742927551,0.3286488652229309,0.004585344344377518
/tmp/drone_acoustic_2026w14_phase1_downloads/raw/crema_d/audios/1017_MTI_NEU_XX.wav,NEU,normal,normal,0.037106867879629135,375.26171875,339.7832336425781,0.4947933256626129,0.4975596070289612,0.007644280791282654
/tmp/drone_acoustic_2026w14_phase1_downloads/raw/crema_d/audios/1017_TAI_ANG_XX.wav,ANG,emergency,emergency,0.015402266755700111,509.1021728515625,580.585693359375,0.25683167576789856,0.7373993396759033,0.0057672057300806046
/tmp/drone_acoustic_2026w14_phase1_downloads/raw/crema_d/audios/1017_TAI_FEA_XX.wav,FEA,emergency,emergency,0.014727129600942135,401.04669189453125,466.0845031738281,0.4216020107269287,0.5719980597496033,0.0063964747823774815
/tmp/drone_acoustic_2026w14_phase1_downloads/raw/crema_d/audios/1017_TAI_NEU_XX.wav,NEU,normal,normal,0.023908907547593117,332.8755798339844,374.8432922363281,0.6440444588661194,0.34903982281684875,0.006903821602463722
/tmp/drone_acoustic_2026w14_phase1_downloads/raw/crema_d/audios/1017_TIE_ANG_XX.wav,ANG,emergency,emergency,0.06532266736030579,362.72430419921875,518.2744750976562,0.5003209114074707,0.4824221432209015,0.017242075875401497
/tmp/drone_acoustic_2026w14_phase1_downloads/raw/crema_d/audios/1017_TIE_FEA_XX.wav,FEA,emergency,emergency,0.08946575969457626,428.32843017578125,487.20068359375,0.4871487021446228,0.4907282292842865,0.022112995386123657
/tmp/drone_acoustic_2026w14_phase1_downloads/raw/crema_d/audios/1017_TIE_NEU_XX.wav,NEU,normal,normal,0.05132990702986717,321.09600830078125,377.6009521484375,0.3958052396774292,0.5968246459960938,0.0073637934401631355
/tmp/drone_acoustic_2026w14_phase1_downloads/raw/crema_d/audios/1017_TSI_ANG_XX.wav,ANG,emergency,emergency,0.04659615457057953,848.16796875,987.8890991210938,0.5464629530906677,0.4141808748245239,0.03933343663811684
/tmp/drone_acoustic_2026w14_phase1_downloads/raw/crema_d/audios/1017_TSI_FEA_XX.wav,FEA,emergency,emergency,0.07238326221704483,843.176513671875,824.4921264648438,0.595572292804718,0.34924909472465515,0.05510833486914635
/tmp/drone_acoustic_2026w14_phase1_downloads/raw/crema_d/audios/1017_TSI_NEU_XX.wav,NEU,normal,normal,0.07667548954486847,918.59375,895.5091552734375,0.5873007774353027,0.36582785844802856,0.046827610582113266
/tmp/drone_acoustic_2026w14_phase1_downloads/raw/crema_d/audios/1017_WSI_ANG_XX.wav,ANG,emergency,emergency,0.06023881584405899,819.6347045898438,746.48974609375,0.30027446150779724,0.6837349534034729,0.015974154695868492
/tmp/drone_acoustic_2026w14_phase1_downloads/raw/crema_d/audios/1017_WSI_FEA_XX.wav,FEA,emergency,emergency,0.05900423973798752,592.6702270507812,589.41552734375,0.39911291003227234,0.5837633609771729,0.017112139612436295
/tmp/drone_acoustic_2026w14_phase1_downloads/raw/crema_d/audios/1017_WSI_NEU_XX.wav,NEU,normal,normal,0.13360510766506195,591.782958984375,581.5144653320312,0.3551371991634369,0.6202346682548523,0.024616938084363937
/tmp/drone_acoustic_2026w14_phase1_downloads/raw/crema_d/audios/1018_DFA_ANG_XX.wav,ANG,emergency,emergency,0.5600096583366394,740.9061279296875,791.3635864257812,0.19814804196357727,0.7321867346763611,0.06966181099414825
/tmp/drone_acoustic_2026w14_phase1_downloads/raw/crema_d/audios/1018_DFA_FEA_XX.wav,FEA,emergency,emergency,0.09889901429414749,376.9960021972656,434.1056213378906,0.311836302280426,0.6668144464492798,0.02134731598198414
/tmp/drone_acoustic_2026w14_phase1_downloads/raw/crema_d/audios/1018_DFA_NEU_XX.wav,NEU,normal,normal,0.06123713403940201,358.7275085449219,467.6388244628906,0.5260199308395386,0.4621163606643677,0.011856905184686184
/tmp/drone_acoustic_2026w14_phase1_downloads/raw/crema_d/audios/1018_IEO_ANG_HI.wav,ANG,emergency,emergency,1.4263828992843628,652.4910278320312,632.419189453125,0.05115264654159546,0.8786765933036804,0.07016782462596893
/tmp/drone_acoustic_2026w14_phase1_downloads/raw/crema_d/audios/1018_IEO_ANG_LO.wav,ANG,emergency,emergency,0.23648656904697418,452.64739990234375,466.28564453125,0.433104932308197,0.5505073070526123,0.016385985538363457
/tmp/drone_acoustic_2026w14_phase1_downloads/raw/crema_d/audios/1018_IEO_ANG_MD.wav,ANG,emergency,emergency,0.215586319565773,588.48779296875,545.1682739257812,0.21148931980133057,0.7611883878707886,0.027315786108374596
/tmp/drone_acoustic_2026w14_phase1_downloads/raw/crema_d/audios/1018_IEO_FEA_HI.wav,FEA,emergency,emergency,0.19719146192073822,483.1280822753906,513.2589721679688,0.1584305614233017,0.8185057044029236,0.02305920422077179
/tmp/drone_acoustic_2026w14_phase1_downloads/raw/crema_d/audios/1018_IEO_FEA_LO.wav,FEA,emergency,emergency,0.09769339859485626,322.0335388183594,430.3153991699219,0.5346332788467407,0.4607774317264557,0.004577625077217817
/tmp/drone_acoustic_2026w14_phase1_downloads/raw/crema_d/audios/1018_IEO_FEA_MD.wav,FEA,emergency,emergency,0.04140187054872513,303.8246154785156,419.1423645019531,0.5477352738380432,0.44893401861190796,0.0033259056508541107
/tmp/drone_acoustic_2026w14_phase1_downloads/raw/crema_d/audios/1018_IEO_NEU_XX.wav,NEU,normal,normal,0.07573560625314713,352.86468505859375,464.66009521484375,0.5936182737350464,0.39817336201667786,0.00818061362951994
/tmp/drone_acoustic_2026w14_phase1_downloads/raw/crema_d/audios/1018_IOM_ANG_XX.wav,ANG,emergency,emergency,0.4515576660633087,524.8821411132812,496.81201171875,0.4155777096748352,0.5446070432662964,0.039811596274375916
/tmp/drone_acoustic_2026w14_phase1_downloads/raw/crema_d/audios/1018_IOM_FEA_XX.wav,FEA,emergency,emergency,0.04528271406888962,299.9915771484375,346.21728515625,0.6711899638175964,0.31376907229423523,0.015039652585983276
/tmp/drone_acoustic_2026w14_phase1_downloads/raw/crema_d/audios/1018_IOM_NEU_XX.wav,NEU,normal,normal,0.11739617586135864,348.74200439453125,414.0460205078125,0.6445532441139221,0.3388753831386566,0.016562316566705704
/tmp/drone_acoustic_2026w14_phase1_downloads/raw/crema_d/audios/1018_ITH_ANG_XX.wav,ANG,emergency,emergency,0.5955801606178284,573.0846557617188,569.0223388671875,0.2693650424480438,0.6749359369277954,0.05569464713335037
/tmp/drone_acoustic_2026w14_phase1_downloads/raw/crema_d/audios/1018_ITH_FEA_XX.wav,FEA,emergency,emergency,0.2388731986284256,470.74578857421875,508.5539855957031,0.2488856017589569,0.7105499505996704,0.04055086523294449
/tmp/drone_acoustic_2026w14_phase1_downloads/raw/crema_d/audios/1018_ITH_NEU_XX.wav,NEU,normal,normal,0.11401548981666565,396.7303466796875,462.3269958496094,0.5556169152259827,0.42460861802101135,0.019768523052334785
/tmp/drone_acoustic_2026w14_phase1_downloads/raw/crema_d/audios/1018_ITS_ANG_XX.wav,ANG,emergency,emergency,0.09979090839624405,728.8191528320312,737.6388549804688,0.5202896595001221,0.38814976811408997,0.09151364117860794
/tmp/drone_acoustic_2026w14_phase1_downloads/raw/crema_d/audios/1018_ITS_FEA_XX.wav,FEA,emergency,emergency,0.07765895873308182,526.9927368164062,612.224853515625,0.5869134664535522,0.3465607166290283,0.06646590679883957
/tmp/drone_acoustic_2026w14_phase1_downloads/raw/crema_d/audios/1018_ITS_NEU_XX.wav,NEU,normal,normal,0.02084224484860897,382.2578125,473.8637390136719,0.7340914011001587,0.2426227629184723,0.02326839417219162
/tmp/drone_acoustic_2026w14_phase1_downloads/raw/crema_d/audios/1018_IWL_ANG_XX.wav,ANG,emergency,emergency,0.11218589544296265,496.7888488769531,438.6468200683594,0.40435802936553955,0.5731531977653503,0.022486325353384018
/tmp/drone_acoustic_2026w14_phase1_downloads/raw/crema_d/audios/1018_IWL_FEA_XX.wav,FEA,emergency,emergency,0.0752522349357605,429.7413024902344,385.40020751953125,0.20772558450698853,0.7825667262077332,0.009706934913992882
/tmp/drone_acoustic_2026w14_phase1_downloads/raw/crema_d/audios/1018_IWL_NEU_XX.wav,NEU,normal,normal,0.07371847331523895,348.8216857910156,359.7100830078125,0.508421778678894,0.4838072955608368,0.0077672358602285385
/tmp/drone_acoustic_2026w14_phase1_downloads/raw/crema_d/audios/1018_IWW_ANG_XX.wav,ANG,emergency,emergency,0.14150549471378326,638.5796508789062,661.4361572265625,0.32180747389793396,0.6544973850250244,0.023673344403505325
/tmp/drone_acoustic_2026w14_phase1_downloads/raw/crema_d/audios/1018_IWW_FEA_XX.wav,FEA,emergency,emergency,0.05162988603115082,468.64520263671875,558.1875610351562,0.53156578540802,0.45544105768203735,0.012982679530978203
/tmp/drone_acoustic_2026w14_phase1_downloads/raw/crema_d/audios/1018_IWW_NEU_XX.wav,NEU,normal,normal,0.0341368094086647,389.01763916015625,483.37646484375,0.5342754125595093,0.45870739221572876,0.006996225565671921
/tmp/drone_acoustic_2026w14_phase1_downloads/raw/crema_d/audios/1018_MTI_ANG_XX.wav,ANG,emergency,emergency,0.17351765930652618,496.7911376953125,470.30572509765625,0.35707008838653564,0.6225469708442688,0.020379438996315002
/tmp/drone_acoustic_2026w14_phase1_downloads/raw/crema_d/audios/1018_MTI_FEA_XX.wav,FEA,emergency,emergency,0.08290541172027588,502.6671142578125,462.7633972167969,0.5792942643165588,0.4095873236656189,0.011106668040156364
/tmp/drone_acoustic_2026w14_phase1_downloads/raw/crema_d/audios/1018_MTI_NEU_XX.wav,NEU,normal,normal,0.09700196981430054,372.9659423828125,415.79962158203125,0.5853137969970703,0.4016422629356384,0.013030345551669598
/tmp/drone_acoustic_2026w14_phase1_downloads/raw/crema_d/audios/1018_TAI_ANG_XX.wav,ANG,emergency,emergency,0.12316375225782394,610.813232421875,712.1820678710938,0.24838338792324066,0.7154058218002319,0.03620375320315361
/tmp/drone_acoustic_2026w14_phase1_downloads/raw/crema_d/audios/1018_TAI_FEA_XX.wav,FEA,emergency,emergency,0.05498107895255089,554.975341796875,577.382080078125,0.3399542570114136,0.6383475065231323,0.021686848253011703
/tmp/drone_acoustic_2026w14_phase1_downloads/raw/crema_d/audios/1018_TAI_NEU_XX.wav,NEU,normal,normal,0.03467411547899246,350.9416809082031,476.9420166015625,0.688569962978363,0.2926127314567566,0.01880733110010624
/tmp/drone_acoustic_2026w14_phase1_downloads/raw/crema_d/audios/1018_TIE_ANG_XX.wav,ANG,emergency,emergency,0.7351808547973633,582.0153198242188,591.9241333007812,0.2741316556930542,0.631813108921051,0.09405133128166199
/tmp/drone_acoustic_2026w14_phase1_downloads/raw/crema_d/audios/1018_TIE_FEA_XX.wav,FEA,emergency,emergency,0.18506895005702972,349.7600402832031,437.56121826171875,0.4273281991481781,0.551240861415863,0.02142220549285412
/tmp/drone_acoustic_2026w14_phase1_downloads/raw/crema_d/audios/1018_TIE_NEU_XX.wav,NEU,normal,normal,0.08564547449350357,373.8679504394531,447.8006896972656,0.5063298940658569,0.4800472855567932,0.013617223128676414
/tmp/drone_acoustic_2026w14_phase1_downloads/raw/crema_d/audios/1018_TSI_ANG_XX.wav,ANG,emergency,emergency,0.1557093858718872,1475.1536865234375,1094.142333984375,0.20483949780464172,0.6722174882888794,0.12268037348985672
/tmp/drone_acoustic_2026w14_phase1_downloads/raw/crema_d/audios/1018_TSI_FEA_XX.wav,FEA,emergency,emergency,0.0904974564909935,1046.4002685546875,933.7384643554688,0.4763822853565216,0.43707525730133057,0.0864262580871582
/tmp/drone_acoustic_2026w14_phase1_downloads/raw/crema_d/audios/1018_TSI_NEU_XX.wav,NEU,normal,normal,0.10333418101072311,1197.36376953125,1030.0582275390625,0.5544261932373047,0.31046900153160095,0.13479653000831604
/tmp/drone_acoustic_2026w14_phase1_downloads/raw/crema_d/audios/1018_WSI_ANG_XX.wav,ANG,emergency,emergency,0.32630518078804016,1191.9111328125,836.03662109375,0.20264306664466858,0.7227948904037476,0.07454271614551544
/tmp/drone_acoustic_2026w14_phase1_downloads/raw/crema_d/audios/1018_WSI_FEA_XX.wav,FEA,emergency,emergency,0.10529924184083939,1019.8403930664062,788.5838623046875,0.37847816944122314,0.5810270309448242,0.040368352085351944
/tmp/drone_acoustic_2026w14_phase1_downloads/raw/crema_d/audios/1018_WSI_NEU_XX.wav,NEU,normal,normal,0.1580953598022461,705.22119140625,708.6481323242188,0.3726668953895569,0.5912370085716248,0.03596903756260872
/tmp/drone_acoustic_2026w14_phase1_downloads/raw/crema_d/audios/1019_DFA_ANG_XX.wav,ANG,emergency,emergency,0.12679924070835114,746.5846557617188,709.97021484375,0.3019523024559021,0.6375163197517395,0.06051183119416237
/tmp/drone_acoustic_2026w14_phase1_downloads/raw/crema_d/audios/1019_DFA_FEA_XX.wav,FEA,emergency,emergency,0.06642232090234756,380.4311218261719,510.44256591796875,0.6663007140159607,0.31033721566200256,0.0233547892421484
/tmp/drone_acoustic_2026w14_phase1_downloads/raw/crema_d/audios/1019_DFA_NEU_XX.wav,NEU,normal,normal,0.0717826783657074,445.35015869140625,550.1328125,0.343894362449646,0.6268576383590698,0.029241304844617844
/tmp/drone_acoustic_2026w14_phase1_downloads/raw/crema_d/audios/1019_IEO_ANG_HI.wav,ANG,emergency,emergency,0.18219596147537231,672.3507690429688,698.2218017578125,0.2615338861942291,0.688945472240448,0.04945715144276619
/tmp/drone_acoustic_2026w14_phase1_downloads/raw/crema_d/audios/1019_IEO_ANG_LO.wav,ANG,emergency,emergency,0.10441002994775772,651.819091796875,673.4893798828125,0.3017025887966156,0.6753981113433838,0.02288414165377617
/tmp/drone_acoustic_2026w14_phase1_downloads/raw/crema_d/audios/1019_IEO_ANG_MD.wav,ANG,emergency,emergency,0.10026820749044418,629.3773803710938,628.7818603515625,0.2988227903842926,0.6788328886032104,0.022292722016572952
/tmp/drone_acoustic_2026w14_phase1_downloads/raw/crema_d/audios/1019_IEO_FEA_HI.wav,FEA,emergency,emergency,0.030881427228450775,397.08331298828125,464.2554931640625,0.3417430818080902,0.6431415677070618,0.015100404620170593
/tmp/drone_acoustic_2026w14_phase1_downloads/raw/crema_d/audios/1019_IEO_FEA_LO.wav,FEA,emergency,emergency,0.04047992080450058,359.4866638183594,411.7809753417969,0.49015703797340393,0.504655122756958,0.005178601015359163
/tmp/drone_acoustic_2026w14_phase1_downloads/raw/crema_d/audios/1019_IEO_FEA_MD.wav,FEA,emergency,emergency,0.07433708012104034,579.6450805664062,583.0765380859375,0.2944754362106323,0.6926281452178955,0.01287421490997076
/tmp/drone_acoustic_2026w14_phase1_downloads/raw/crema_d/audios/1019_IEO_NEU_XX.wav,NEU,normal,normal,0.03793065994977951,414.3913879394531,460.46527099609375,0.24128319323062897,0.7511105537414551,0.007587275933474302
/tmp/drone_acoustic_2026w14_phase1_downloads/raw/crema_d/audios/1019_IOM_ANG_XX.wav,ANG,emergency,emergency,0.10643831640481949,559.8511962890625,535.1886596679688,0.3766723871231079,0.5660461187362671,0.057273801416158676
/tmp/drone_acoustic_2026w14_phase1_downloads/raw/crema_d/audios/1019_IOM_FEA_XX.wav,FEA,emergency,emergency,0.06725751608610153,466.8629455566406,450.0102233886719,0.5055868029594421,0.4707512855529785,0.02365383878350258
/tmp/drone_acoustic_2026w14_phase1_downloads/raw/crema_d/audios/1019_IOM_NEU_XX.wav,NEU,normal,normal,0.057886987924575806,362.6636962890625,393.7957458496094,0.34672725200653076,0.642475962638855,0.010792861692607403
/tmp/drone_acoustic_2026w14_phase1_downloads/raw/crema_d/audios/1019_ITS_ANG_XX.wav,ANG,emergency,emergency,0.04467198625206947,693.9674072265625,707.5891723632812,0.5403276085853577,0.43289995193481445,0.02675984986126423
/tmp/drone_acoustic_2026w14_phase1_downloads/raw/crema_d/audios/1019_ITS_FEA_XX.wav,FEA,emergency,emergency,0.033439166843891144,526.4259643554688,640.5481567382812,0.6776769161224365,0.2987760305404663,0.023486215621232986
/tmp/drone_acoustic_2026w14_phase1_downloads/raw/crema_d/audios/1019_ITS_NEU_XX.wav,NEU,normal,normal,0.06864285469055176,519.5712280273438,635.9266357421875,0.6359769701957703,0.3259983956813812,0.03801342844963074
/tmp/drone_acoustic_2026w14_phase1_downloads/raw/crema_d/audios/1019_IWL_ANG_XX.wav,ANG,emergency,emergency,0.07162206619977951,479.4958190917969,481.5688781738281,0.2723013162612915,0.7106301188468933,0.01706688292324543
/tmp/drone_acoustic_2026w14_phase1_downloads/raw/crema_d/audios/1019_IWL_FEA_XX.wav,FEA,emergency,emergency,0.041589658707380295,403.1813049316406,351.8294677734375,0.519726037979126,0.46858540177345276,0.01168736070394516
/tmp/drone_acoustic_2026w14_phase1_downloads/raw/crema_d/audios/1019_IWL_NEU_XX.wav,NEU,normal,normal,0.04944754019379616,385.21490478515625,359.2765197753906,0.4489095211029053,0.538994550704956,0.01208944246172905
/tmp/drone_acoustic_2026w14_phase1_downloads/raw/crema_d/audios/1019_IWW_ANG_XX.wav,ANG,emergency,emergency,0.07065221667289734,660.5228271484375,606.5938720703125,0.30705150961875916,0.6678124070167542,0.02509869821369648
/tmp/drone_acoustic_2026w14_phase1_downloads/raw/crema_d/audios/1019_IWW_FEA_XX.wav,FEA,emergency,emergency,0.07923602312803268,490.2523193359375,447.2713317871094,0.36258938908576965,0.6230754256248474,0.014321688562631607
/tmp/drone_acoustic_2026w14_phase1_downloads/raw/crema_d/audios/1019_IWW_NEU_XX.wav,NEU,normal,normal,0.04356418177485466,412.9575500488281,473.5500793457031,0.48657429218292236,0.5030189752578735,0.010396555997431278
/tmp/drone_acoustic_2026w14_phase1_downloads/raw/crema_d/audios/1019_MTI_ANG_XX.wav,ANG,emergency,emergency,0.044783417135477066,539.3042602539062,519.7489013671875,0.34718772768974304,0.6186245679855347,0.034184642136096954
/tmp/drone_acoustic_2026w14_phase1_downloads/raw/crema_d/audios/1019_MTI_FEA_XX.wav,FEA,emergency,emergency,0.024990249425172806,348.0358581542969,366.2978515625,0.6666193604469299,0.32734373211860657,0.006031798664480448
/tmp/drone_acoustic_2026w14_phase1_downloads/raw/crema_d/audios/1019_MTI_NEU_XX.wav,NEU,normal,normal,0.05351032316684723,435.66033935546875,420.84027099609375,0.3481842577457428,0.6366586089134216,0.015153794549405575
/tmp/drone_acoustic_2026w14_phase1_downloads/raw/crema_d/audios/1019_TAI_ANG_XX.wav,ANG,emergency,emergency,0.056409500539302826,539.7488403320312,635.5913696289062,0.29174739122390747,0.6767411828041077,0.03150049224495888
/tmp/drone_acoustic_2026w14_phase1_downloads/raw/crema_d/audios/1019_TAI_FEA_XX.wav,FEA,emergency,emergency,0.02096947282552719,441.6458435058594,504.4335632324219,0.5460847616195679,0.44265156984329224,0.011258182115852833
/tmp/drone_acoustic_2026w14_phase1_downloads/raw/crema_d/audios/1019_TAI_NEU_XX.wav,NEU,normal,normal,0.052384208887815475,435.879150390625,513.6803588867188,0.5773317217826843,0.3906956911087036,0.0319674126803875
/tmp/drone_acoustic_2026w14_phase1_downloads/raw/crema_d/audios/1019_TIE_ANG_XX.wav,ANG,emergency,emergency,0.21808859705924988,684.1458740234375,636.6898193359375,0.41373738646507263,0.5285362601280212,0.057722873985767365
/tmp/drone_acoustic_2026w14_phase1_downloads/raw/crema_d/audios/1019_TIE_FEA_XX.wav,FEA,emergency,emergency,0.08445489406585693,318.0149230957031,399.4191589355469,0.6257414817810059,0.3564530909061432,0.01780170202255249
/tmp/drone_acoustic_2026w14_phase1_downloads/raw/crema_d/audios/1019_TIE_NEU_XX.wav,NEU,normal,normal,0.09688694030046463,374.9012145996094,394.1599426269531,0.36793163418769836,0.6095192432403564,0.022546198219060898
/tmp/drone_acoustic_2026w14_phase1_downloads/raw/crema_d/audios/1019_TSI_ANG_XX.wav,ANG,emergency,emergency,0.04477574676275253,1285.867431640625,1057.5887451171875,0.39187243580818176,0.5658333897590637,0.04224841669201851
/tmp/drone_acoustic_2026w14_phase1_downloads/raw/crema_d/audios/1019_TSI_FEA_XX.wav,FEA,emergency,emergency,0.10195297747850418,1031.476806640625,942.75634765625,0.6320788264274597,0.29605400562286377,0.07169400155544281
/tmp/drone_acoustic_2026w14_phase1_downloads/raw/crema_d/audios/1019_TSI_NEU_XX.wav,NEU,normal,normal,0.07434289157390594,959.3707885742188,969.9312133789062,0.7184705138206482,0.22039857506752014,0.060997407883405685
/tmp/drone_acoustic_2026w14_phase1_downloads/raw/crema_d/audios/1019_WSI_ANG_XX.wav,ANG,emergency,emergency,0.081230528652668,1051.203857421875,706.4388427734375,0.45225682854652405,0.5060809850692749,0.04161708429455757
/tmp/drone_acoustic_2026w14_phase1_downloads/raw/crema_d/audios/1019_WSI_FEA_XX.wav,FEA,emergency,emergency,0.07963497936725616,659.3181762695312,624.2291259765625,0.5302307605743408,0.4334939420223236,0.03622004762291908
/tmp/drone_acoustic_2026w14_phase1_downloads/raw/crema_d/audios/1019_WSI_NEU_XX.wav,NEU,normal,normal,0.15278977155685425,586.0422973632812,663.607666015625,0.3795931339263916,0.5969880819320679,0.023406222462654114
/tmp/drone_acoustic_2026w14_phase1_downloads/raw/crema_d/audios/1020_DFA_ANG_XX.wav,ANG,emergency,emergency,0.054077595472335815,546.9714965820312,581.43359375,0.2684434950351715,0.7163393497467041,0.01521337777376175
/tmp/drone_acoustic_2026w14_phase1_downloads/raw/crema_d/audios/1020_DFA_FEA_XX.wav,FEA,emergency,emergency,0.0544990710914135,465.7544250488281,493.872314453125,0.26636356115341187,0.721492350101471,0.01214249525219202
/tmp/drone_acoustic_2026w14_phase1_downloads/raw/crema_d/audios/1020_DFA_NEU_XX.wav,NEU,normal,normal,0.020676760002970695,363.4295654296875,419.6319580078125,0.5849201083183289,0.40817052125930786,0.0069053382612764835
/tmp/drone_acoustic_2026w14_phase1_downloads/raw/crema_d/audios/1020_IEO_ANG_HI.wav,ANG,emergency,emergency,0.3846169114112854,630.4611206054688,494.171875,0.08096611499786377,0.9071452021598816,0.011883622966706753
/tmp/drone_acoustic_2026w14_phase1_downloads/raw/crema_d/audios/1020_IEO_ANG_LO.wav,ANG,emergency,emergency,0.048635873943567276,480.53778076171875,499.8251037597656,0.4999643862247467,0.4931580126285553,0.006859367247670889
/tmp/drone_acoustic_2026w14_phase1_downloads/raw/crema_d/audios/1020_IEO_ANG_MD.wav,ANG,emergency,emergency,0.04811868444085121,429.8112487792969,472.95648193359375,0.5105662941932678,0.482635498046875,0.006755328271538019
/tmp/drone_acoustic_2026w14_phase1_downloads/raw/crema_d/audios/1020_IEO_FEA_HI.wav,FEA,emergency,emergency,0.12736240029335022,600.0469360351562,571.481689453125,0.2642648220062256,0.7274749279022217,0.008255474269390106
/tmp/drone_acoustic_2026w14_phase1_downloads/raw/crema_d/audios/1020_IEO_FEA_LO.wav,FEA,emergency,emergency,0.039977360516786575,379.4333190917969,446.98480224609375,0.5486677289009094,0.44321408867836,0.008078441023826599
/tmp/drone_acoustic_2026w14_phase1_downloads/raw/crema_d/audios/1020_IEO_FEA_MD.wav,FEA,emergency,emergency,0.026297040283679962,381.66375732421875,434.8763732910156,0.18792268633842468,0.8081254959106445,0.003947960212826729
/tmp/drone_acoustic_2026w14_phase1_downloads/raw/crema_d/audios/1020_IEO_NEU_XX.wav,NEU,normal,normal,0.026085490360856056,339.0379333496094,404.8150939941406,0.5485618710517883,0.4452578127384186,0.006158313248306513
/tmp/drone_acoustic_2026w14_phase1_downloads/raw/crema_d/audios/1020_IOM_ANG_XX.wav,ANG,emergency,emergency,0.06376835703849792,497.68133544921875,380.1173400878906,0.35429099202156067,0.6356863379478455,0.010021776892244816
/tmp/drone_acoustic_2026w14_phase1_downloads/raw/crema_d/audios/1020_IOM_FEA_XX.wav,FEA,emergency,emergency,0.013418440707027912,288.54632568359375,312.62176513671875,0.4847071170806885,0.5127761960029602,0.0025153537280857563
/tmp/drone_acoustic_2026w14_phase1_downloads/raw/crema_d/audios/1020_IOM_NEU_XX.wav,NEU,normal,normal,0.05032999813556671,373.9646301269531,385.4269104003906,0.50566166639328,0.486348032951355,0.007986976765096188
/tmp/drone_acoustic_2026w14_phase1_downloads/raw/crema_d/audios/1020_ITH_ANG_XX.wav,ANG,emergency,emergency,0.1078551709651947,566.881591796875,554.982421875,0.28731298446655273,0.6969775557518005,0.015705376863479614
/tmp/drone_acoustic_2026w14_phase1_downloads/raw/crema_d/audios/1020_ITH_FEA_XX.wav,FEA,emergency,emergency,0.0138527387753129,362.59832763671875,489.23699951171875,0.7290083765983582,0.2564762234687805,0.014482655562460423
/tmp/drone_acoustic_2026w14_phase1_downloads/raw/crema_d/audios/1020_ITH_NEU_XX.wav,NEU,normal,normal,0.029278689995408058,336.17681884765625,379.9530334472656,0.642796516418457,0.34809011220932007,0.009097528643906116
/tmp/drone_acoustic_2026w14_phase1_downloads/raw/crema_d/audios/1020_ITS_ANG_XX.wav,ANG,emergency,emergency,0.14292001724243164,611.7066040039062,602.7674560546875,0.43993374705314636,0.5289302468299866,0.0311180017888546
/tmp/drone_acoustic_2026w14_phase1_downloads/raw/crema_d/audios/1020_ITS_FEA_XX.wav,FEA,emergency,emergency,0.009082905016839504,325.3768310546875,492.8848876953125,0.8553504347801208,0.1342000663280487,0.010409160517156124
/tmp/drone_acoustic_2026w14_phase1_downloads/raw/crema_d/audios/1020_ITS_NEU_XX.wav,NEU,normal,normal,0.024588357657194138,460.17529296875,563.7328491210938,0.6740099191665649,0.3072318434715271,0.018744034692645073
/tmp/drone_acoustic_2026w14_phase1_downloads/raw/crema_d/audios/1020_IWL_ANG_XX.wav,ANG,emergency,emergency,0.09513771533966064,484.7892761230469,359.83697509765625,0.5315127372741699,0.46137645840644836,0.007108865771442652
/tmp/drone_acoustic_2026w14_phase1_downloads/raw/crema_d/audios/1020_IWL_FEA_XX.wav,FEA,emergency,emergency,0.09485046565532684,345.9923095703125,361.58056640625,0.45219939947128296,0.5442196130752563,0.003567999694496393
/tmp/drone_acoustic_2026w14_phase1_downloads/raw/crema_d/audios/1020_IWL_NEU_XX.wav,NEU,normal,normal,0.06602780520915985,335.7558898925781,320.9310607910156,0.45984622836112976,0.533767580986023,0.006383124738931656
/tmp/drone_acoustic_2026w14_phase1_downloads/raw/crema_d/audios/1020_IWW_ANG_XX.wav,ANG,emergency,emergency,0.0482412688434124,605.467529296875,554.9854736328125,0.56006920337677,0.43182697892189026,0.008081791922450066
/tmp/drone_acoustic_2026w14_phase1_downloads/raw/crema_d/audios/1020_IWW_FEA_XX.wav,FEA,emergency,emergency,0.01375863328576088,388.25115966796875,474.9386901855469,0.8087052702903748,0.18443790078163147,0.006801526993513107
/tmp/drone_acoustic_2026w14_phase1_downloads/raw/crema_d/audios/1020_IWW_NEU_XX.wav,NEU,normal,normal,0.04626385495066643,401.2875061035156,454.5696105957031,0.531376838684082,0.46398916840553284,0.004503287840634584
/tmp/drone_acoustic_2026w14_phase1_downloads/raw/crema_d/audios/1020_MTI_ANG_XX.wav,ANG,emergency,emergency,0.03241268917918205,465.2142639160156,340.4659118652344,0.26018810272216797,0.7339497804641724,0.005859673954546452
/tmp/drone_acoustic_2026w14_phase1_downloads/raw/crema_d/audios/1020_MTI_FEA_XX.wav,FEA,emergency,emergency,0.018519649282097816,371.6600036621094,358.7530517578125,0.5518099069595337,0.44675979018211365,0.0014293037820607424
/tmp/drone_acoustic_2026w14_phase1_downloads/raw/crema_d/audios/1020_MTI_NEU_XX.wav,NEU,normal,normal,0.03628218546509743,353.599365234375,349.119140625,0.5861467123031616,0.4048943817615509,0.008955622091889381
/tmp/drone_acoustic_2026w14_phase1_downloads/raw/crema_d/audios/1020_TAI_ANG_XX.wav,ANG,emergency,emergency,0.06481383740901947,564.0231323242188,598.6587524414062,0.337756872177124,0.6511160135269165,0.011122796684503555
/tmp/drone_acoustic_2026w14_phase1_downloads/raw/crema_d/audios/1020_TAI_FEA_XX.wav,FEA,emergency,emergency,0.011717798188328743,345.8304443359375,427.3849182128906,0.6850070357322693,0.3107130527496338,0.00426406180486083
/tmp/drone_acoustic_2026w14_phase1_downloads/raw/crema_d/audios/1020_TAI_NEU_XX.wav,NEU,normal,normal,0.01628001220524311,367.25830078125,449.2220764160156,0.4829225242137909,0.5104142427444458,0.006644267123192549
/tmp/drone_acoustic_2026w14_phase1_downloads/raw/crema_d/audios/1020_TIE_ANG_XX.wav,ANG,emergency,emergency,0.07254991680383682,625.7577514648438,633.8729248046875,0.20191290974617004,0.7655049562454224,0.03257501497864723
/tmp/drone_acoustic_2026w14_phase1_downloads/raw/crema_d/audios/1020_TIE_FEA_XX.wav,FEA,emergency,emergency,0.017855314537882805,355.1424865722656,463.8978576660156,0.5381395816802979,0.4538864493370056,0.007915642112493515
/tmp/drone_acoustic_2026w14_phase1_downloads/raw/crema_d/audios/1020_TIE_NEU_XX.wav,NEU,normal,normal,0.045657481998205185,304.4971008300781,413.5592346191406,0.4917493760585785,0.49420738220214844,0.014036564156413078
/tmp/drone_acoustic_2026w14_phase1_downloads/raw/crema_d/audios/1020_TSI_ANG_XX.wav,ANG,emergency,emergency,0.07694540172815323,1363.3204345703125,1138.070068359375,0.38149508833885193,0.571109414100647,0.04729124903678894
/tmp/drone_acoustic_2026w14_phase1_downloads/raw/crema_d/audios/1020_TSI_FEA_XX.wav,FEA,emergency,emergency,0.03347363322973251,570.8837280273438,801.488525390625,0.8780815005302429,0.05928564444184303,0.062339186668395996
/tmp/drone_acoustic_2026w14_phase1_downloads/raw/crema_d/audios/1020_TSI_NEU_XX.wav,NEU,normal,normal,0.01639498397707939,816.8762817382812,1026.6676025390625,0.8131303787231445,0.15630902349948883,0.03019455075263977
/tmp/drone_acoustic_2026w14_phase1_downloads/raw/crema_d/audios/1020_WSI_ANG_XX.wav,ANG,emergency,emergency,0.07687507569789886,1033.3892822265625,755.2560424804688,0.3010750710964203,0.6719014644622803,0.02700173482298851
/tmp/drone_acoustic_2026w14_phase1_downloads/raw/crema_d/audios/1020_WSI_FEA_XX.wav,FEA,emergency,emergency,0.01813983917236328,439.8705139160156,562.7603759765625,0.5440077185630798,0.4447767734527588,0.011192351579666138
/tmp/drone_acoustic_2026w14_phase1_downloads/raw/crema_d/audios/1020_WSI_NEU_XX.wav,NEU,normal,normal,0.0688680112361908,451.88153076171875,569.725341796875,0.5717328190803528,0.4145267903804779,0.013676272705197334
/tmp/drone_acoustic_2026w14_phase1_downloads/raw/crema_d/audios/1021_DFA_ANG_XX.wav,ANG,emergency,emergency,0.05029657110571861,496.66064453125,617.8558349609375,0.30714330077171326,0.6719455122947693,0.020903196185827255
/tmp/drone_acoustic_2026w14_phase1_downloads/raw/crema_d/audios/1021_DFA_FEA_XX.wav,FEA,emergency,emergency,0.016330638900399208,251.0957794189453,402.1301574707031,0.8613050580024719,0.13052025437355042,0.00815019104629755
/tmp/drone_acoustic_2026w14_phase1_downloads/raw/crema_d/audios/1021_DFA_NEU_XX.wav,NEU,normal,normal,0.03746986389160156,336.4725341796875,484.9396057128906,0.39291876554489136,0.590544581413269,0.01650753989815712
/tmp/drone_acoustic_2026w14_phase1_downloads/raw/crema_d/audios/1021_IEO_ANG_HI.wav,ANG,emergency,emergency,0.36821436882019043,681.6609497070312,649.5027465820312,0.12546227872371674,0.8239992260932922,0.05053061991930008
/tmp/drone_acoustic_2026w14_phase1_downloads/raw/crema_d/audios/1021_IEO_ANG_LO.wav,ANG,emergency,emergency,0.19563248753547668,465.20458984375,539.979736328125,0.28152164816856384,0.6994379758834839,0.01903359964489937
/tmp/drone_acoustic_2026w14_phase1_downloads/raw/crema_d/audios/1021_IEO_ANG_MD.wav,ANG,emergency,emergency,0.21424078941345215,536.9921264648438,615.029541015625,0.4231642186641693,0.5549184679985046,0.021893315017223358
/tmp/drone_acoustic_2026w14_phase1_downloads/raw/crema_d/audios/1021_IEO_FEA_HI.wav,FEA,emergency,emergency,0.14403490722179413,356.7628479003906,502.0888366699219,0.6498722434043884,0.34458816051483154,0.005508709698915482
/tmp/drone_acoustic_2026w14_phase1_downloads/raw/crema_d/audios/1021_IEO_FEA_LO.wav,FEA,emergency,emergency,0.06107187643647194,385.4282531738281,489.09783935546875,0.4400727450847626,0.5512686371803284,0.008622130379080772
/tmp/drone_acoustic_2026w14_phase1_downloads/raw/crema_d/audios/1021_IEO_FEA_MD.wav,FEA,emergency,emergency,0.028400616720318794,315.1308898925781,434.52740478515625,0.6717274785041809,0.3214142620563507,0.006812006235122681
/tmp/drone_acoustic_2026w14_phase1_downloads/raw/crema_d/audios/1021_IEO_NEU_XX.wav,NEU,normal,normal,0.07598192244768143,390.98455810546875,490.4287109375,0.4542056620121002,0.5344887971878052,0.011267605237662792
/tmp/drone_acoustic_2026w14_phase1_downloads/raw/crema_d/audios/1021_IOM_ANG_XX.wav,ANG,emergency,emergency,0.20457401871681213,604.5699462890625,594.1212158203125,0.5989844799041748,0.3306633532047272,0.07035078853368759
/tmp/drone_acoustic_2026w14_phase1_downloads/raw/crema_d/audios/1021_IOM_FEA_XX.wav,FEA,emergency,emergency,0.022516075521707535,313.10235595703125,381.4132995605469,0.6184372901916504,0.3767506182193756,0.004809532314538956
/tmp/drone_acoustic_2026w14_phase1_downloads/raw/crema_d/audios/1021_IOM_NEU_XX.wav,NEU,normal,normal,0.24285587668418884,431.1775817871094,485.6233825683594,0.5944622159004211,0.35759255290031433,0.047943346202373505
/tmp/drone_acoustic_2026w14_phase1_downloads/raw/crema_d/audios/1021_ITH_ANG_XX.wav,ANG,emergency,emergency,0.18744120001792908,590.5230712890625,680.1878662109375,0.4418678283691406,0.5081210732460022,0.04999181628227234
/tmp/drone_acoustic_2026w14_phase1_downloads/raw/crema_d/audios/1021_ITH_FEA_XX.wav,FEA,emergency,emergency,0.01732565276324749,273.9025573730469,418.4140930175781,0.9025492668151855,0.09055207669734955,0.0068792784586548805
/tmp/drone_acoustic_2026w14_phase1_downloads/raw/crema_d/audios/1021_ITH_NEU_XX.wav,NEU,normal,normal,0.05960014462471008,414.7010498046875,493.4149475097656,0.34151291847229004,0.6376204490661621,0.02085835486650467
/tmp/drone_acoustic_2026w14_phase1_downloads/raw/crema_d/audios/1021_ITS_ANG_XX.wav,ANG,emergency,emergency,0.14377573132514954,647.8695678710938,695.981689453125,0.5622284412384033,0.3335130512714386,0.10421142727136612
/tmp/drone_acoustic_2026w14_phase1_downloads/raw/crema_d/audios/1021_ITS_FEA_XX.wav,FEA,emergency,emergency,0.007161536253988743,419.1215515136719,557.137451171875,0.8877670764923096,0.10084273666143417,0.011371341533958912
/tmp/drone_acoustic_2026w14_phase1_downloads/raw/crema_d/audios/1021_ITS_NEU_XX.wav,NEU,normal,normal,0.03563529998064041,514.676513671875,660.8890991210938,0.6927734017372131,0.274215966463089,0.03298499807715416
/tmp/drone_acoustic_2026w14_phase1_downloads/raw/crema_d/audios/1021_IWL_ANG_XX.wav,ANG,emergency,emergency,0.19419901072978973,518.892333984375,497.172119140625,0.38118135929107666,0.5803616046905518,0.03845538571476936
/tmp/drone_acoustic_2026w14_phase1_downloads/raw/crema_d/audios/1021_IWL_FEA_XX.wav,FEA,emergency,emergency,0.04093177244067192,285.8868408203125,358.6837158203125,0.8568786978721619,0.14097067713737488,0.0021409050095826387
/tmp/drone_acoustic_2026w14_phase1_downloads/raw/crema_d/audios/1021_IWL_NEU_XX.wav,NEU,normal,normal,0.07450394332408905,312.0670166015625,391.7235412597656,0.535749077796936,0.4580371677875519,0.006200735457241535
/tmp/drone_acoustic_2026w14_phase1_downloads/raw/crema_d/audios/1021_IWW_ANG_XX.wav,ANG,emergency,emergency,0.08102557808160782,576.2785034179688,610.3604736328125,0.27893027663230896,0.6913064122200012,0.029747700318694115
/tmp/drone_acoustic_2026w14_phase1_downloads/raw/crema_d/audios/1021_IWW_FEA_XX.wav,FEA,emergency,emergency,0.024471044540405273,313.0594177246094,474.8274841308594,0.8629317879676819,0.1302817314863205,0.006761076394468546
/tmp/drone_acoustic_2026w14_phase1_downloads/raw/crema_d/audios/1021_IWW_NEU_XX.wav,NEU,normal,normal,0.04360513761639595,413.7808532714844,572.1126708984375,0.39616236090660095,0.5908455848693848,0.012961125932633877
/tmp/drone_acoustic_2026w14_phase1_downloads/raw/crema_d/audios/1021_MTI_ANG_XX.wav,ANG,emergency,emergency,0.08496084064245224,445.0997314453125,482.3709411621094,0.35598286986351013,0.6349650025367737,0.009047451429069042
/tmp/drone_acoustic_2026w14_phase1_downloads/raw/crema_d/audios/1021_MTI_FEA_XX.wav,FEA,emergency,emergency,0.021959377452731133,303.26239013671875,395.5036315917969,0.8432552814483643,0.14306452870368958,0.013669506646692753
/tmp/drone_acoustic_2026w14_phase1_downloads/raw/crema_d/audios/1021_MTI_NEU_XX.wav,NEU,normal,normal,0.10557142645120621,410.6043701171875,452.6132507324219,0.5001935362815857,0.46848851442337036,0.03129999712109566
/tmp/drone_acoustic_2026w14_phase1_downloads/raw/crema_d/audios/1021_TAI_ANG_XX.wav,ANG,emergency,emergency,0.022938614711165428,454.4969177246094,587.2726440429688,0.4499932825565338,0.5346860885620117,0.015311278402805328
/tmp/drone_acoustic_2026w14_phase1_downloads/raw/crema_d/audios/1021_TAI_FEA_XX.wav,FEA,emergency,emergency,0.007989529520273209,277.141845703125,408.7991943359375,0.8318344354629517,0.16325172781944275,0.004889751318842173
/tmp/drone_acoustic_2026w14_phase1_downloads/raw/crema_d/audios/1021_TAI_NEU_XX.wav,NEU,normal,normal,0.054121389985084534,381.83416748046875,551.76513671875,0.4312637746334076,0.5296721458435059,0.03905569389462471
/tmp/drone_acoustic_2026w14_phase1_downloads/raw/crema_d/audios/1021_TIE_ANG_XX.wav,ANG,emergency,emergency,0.5033815503120422,649.3575439453125,767.37255859375,0.28079405426979065,0.5833725333213806,0.1357084959745407
/tmp/drone_acoustic_2026w14_phase1_downloads/raw/crema_d/audios/1021_TIE_FEA_XX.wav,FEA,emergency,emergency,0.05142853781580925,326.2610778808594,430.1785583496094,0.6970728039741516,0.29307663440704346,0.009832742623984814
/tmp/drone_acoustic_2026w14_phase1_downloads/raw/crema_d/audios/1021_TIE_NEU_XX.wav,NEU,normal,normal,0.11840767413377762,368.1128845214844,440.2772521972656,0.3791017532348633,0.5870196223258972,0.03386858478188515
/tmp/drone_acoustic_2026w14_phase1_downloads/raw/crema_d/audios/1021_TSI_ANG_XX.wav,ANG,emergency,emergency,0.06301705539226532,1325.634765625,1094.2342529296875,0.19255484640598297,0.7527775764465332,0.05462079867720604
/tmp/drone_acoustic_2026w14_phase1_downloads/raw/crema_d/audios/1021_TSI_FEA_XX.wav,FEA,emergency,emergency,0.008317939005792141,555.1103515625,824.6868896484375,0.3314163386821747,0.6508769989013672,0.017666183412075043
/tmp/drone_acoustic_2026w14_phase1_downloads/raw/crema_d/audios/1021_TSI_NEU_XX.wav,NEU,normal,normal,0.021277951076626778,621.2697143554688,828.1369018554688,0.7139602303504944,0.23507939279079437,0.050555191934108734
/tmp/drone_acoustic_2026w14_phase1_downloads/raw/crema_d/audios/1021_WSI_ANG_XX.wav,ANG,emergency,emergency,0.20140154659748077,1001.0142822265625,784.4403686523438,0.2761622965335846,0.6904672384262085,0.03333504870533943
/tmp/drone_acoustic_2026w14_phase1_downloads/raw/crema_d/audios/1021_WSI_FEA_XX.wav,FEA,emergency,emergency,0.024097619578242302,340.5269470214844,517.9395751953125,0.8629204034805298,0.12939244508743286,0.007517421152442694
/tmp/drone_acoustic_2026w14_phase1_downloads/raw/crema_d/audios/1021_WSI_NEU_XX.wav,NEU,normal,normal,0.08659941703081131,490.3841247558594,601.7423706054688,0.6969652771949768,0.2945316731929779,0.008482566103339195
/tmp/drone_acoustic_2026w14_phase1_downloads/raw/crema_d/audios/1022_DFA_ANG_XX.wav,ANG,emergency,emergency,0.3180619478225708,645.386474609375,727.2940673828125,0.20815229415893555,0.6821807622909546,0.10966607928276062
/tmp/drone_acoustic_2026w14_phase1_downloads/raw/crema_d/audios/1022_DFA_FEA_XX.wav,FEA,emergency,emergency,0.03121047280728817,317.634521484375,426.76422119140625,0.6987751126289368,0.2929942011833191,0.008225205354392529
/tmp/drone_acoustic_2026w14_phase1_downloads/raw/crema_d/audios/1022_DFA_NEU_XX.wav,NEU,normal,normal,0.08001523464918137,433.0534973144531,543.2716674804688,0.4846131503582001,0.4769524931907654,0.03843219205737114
/tmp/drone_acoustic_2026w14_phase1_downloads/raw/crema_d/audios/1022_IEO_ANG_HI.wav,ANG,emergency,emergency,0.3432169556617737,1148.665283203125,770.3410034179688,0.04183684289455414,0.8783355951309204,0.07980068773031235
/tmp/drone_acoustic_2026w14_phase1_downloads/raw/crema_d/audios/1022_IEO_ANG_LO.wav,ANG,emergency,emergency,0.22608044743537903,726.2025146484375,679.418212890625,0.17658662796020508,0.7719401121139526,0.051455218344926834
/tmp/drone_acoustic_2026w14_phase1_downloads/raw/crema_d/audios/1022_IEO_ANG_MD.wav,ANG,emergency,emergency,0.11499699205160141,605.3390502929688,564.4379272460938,0.09588096290826797,0.887643575668335,0.016471102833747864
/tmp/drone_acoustic_2026w14_phase1_downloads/raw/crema_d/audios/1022_IEO_FEA_HI.wav,FEA,emergency,emergency,0.029147395864129066,426.15228271484375,493.469482421875,0.24482963979244232,0.739862859249115,0.015296192839741707
/tmp/drone_acoustic_2026w14_phase1_downloads/raw/crema_d/audios/1022_IEO_FEA_LO.wav,FEA,emergency,emergency,0.06402561068534851,436.1321105957031,500.6635437011719,0.5712210536003113,0.4135555922985077,0.015209034085273743
/tmp/drone_acoustic_2026w14_phase1_downloads/raw/crema_d/audios/1022_IEO_FEA_MD.wav,FEA,emergency,emergency,0.03649360314011574,299.94122314453125,430.9570007324219,0.6777353882789612,0.31163325905799866,0.010615196079015732
/tmp/drone_acoustic_2026w14_phase1_downloads/raw/crema_d/audios/1022_IEO_NEU_XX.wav,NEU,normal,normal,0.061245422810316086,449.0723571777344,477.4511413574219,0.40095531940460205,0.5841697454452515,0.014845870435237885
/tmp/drone_acoustic_2026w14_phase1_downloads/raw/crema_d/audios/1022_IOM_ANG_XX.wav,ANG,emergency,emergency,0.32274696230888367,601.7114868164062,641.5602416992188,0.1861596703529358,0.7064992189407349,0.10733986645936966
/tmp/drone_acoustic_2026w14_phase1_downloads/raw/crema_d/audios/1022_IOM_FEA_XX.wav,FEA,emergency,emergency,0.02776133269071579,313.4312438964844,350.802978515625,0.8313791751861572,0.16171787679195404,0.006899727042764425
/tmp/drone_acoustic_2026w14_phase1_downloads/raw/crema_d/audios/1022_IOM_NEU_XX.wav,NEU,normal,normal,0.059187524020671844,357.5767517089844,427.81982421875,0.6004035472869873,0.3785467743873596,0.021047936752438545
/tmp/drone_acoustic_2026w14_phase1_downloads/raw/crema_d/audios/1022_ITH_ANG_XX.wav,ANG,emergency,emergency,0.28420954942703247,653.5584106445312,659.6950073242188,0.1300036609172821,0.7844528555870056,0.08554034680128098
/tmp/drone_acoustic_2026w14_phase1_downloads/raw/crema_d/audios/1022_ITH_FEA_XX.wav,FEA,emergency,emergency,0.033291589468717575,335.52288818359375,421.4060363769531,0.6442983150482178,0.34175193309783936,0.013948855921626091
/tmp/drone_acoustic_2026w14_phase1_downloads/raw/crema_d/audios/1022_ITH_NEU_XX.wav,NEU,normal,normal,0.10955450683832169,463.2749328613281,475.4354553222656,0.2508662939071655,0.7181415557861328,0.030990678817033768
/tmp/drone_acoustic_2026w14_phase1_downloads/raw/crema_d/audios/1022_ITS_ANG_XX.wav,ANG,emergency,emergency,0.2064359337091446,885.346435546875,820.6434326171875,0.18610648810863495,0.686269998550415,0.1275978535413742
/tmp/drone_acoustic_2026w14_phase1_downloads/raw/crema_d/audios/1022_ITS_FEA_XX.wav,FEA,emergency,emergency,0.04018403962254524,372.1654968261719,495.8552551269531,0.720581591129303,0.24354268610477448,0.03586912900209427
/tmp/drone_acoustic_2026w14_phase1_downloads/raw/crema_d/audios/1022_ITS_NEU_XX.wav,NEU,normal,normal,0.04715679585933685,544.557373046875,611.5508422851562,0.518348753452301,0.44325217604637146,0.0383891724050045
/tmp/drone_acoustic_2026w14_phase1_downloads/raw/crema_d/audios/1022_IWL_ANG_XX.wav,ANG,emergency,emergency,0.30524733662605286,651.6702880859375,560.5457153320312,0.2165282815694809,0.7106705904006958,0.07279907912015915
/tmp/drone_acoustic_2026w14_phase1_downloads/raw/crema_d/audios/1022_IWL_FEA_XX.wav,FEA,emergency,emergency,0.02298565022647381,338.82025146484375,350.348388671875,0.3882220983505249,0.605948805809021,0.005828784313052893
/tmp/drone_acoustic_2026w14_phase1_downloads/raw/crema_d/audios/1022_IWL_NEU_XX.wav,NEU,normal,normal,0.03959166258573532,353.67022705078125,369.9084777832031,0.5663857460021973,0.4215967357158661,0.01201389916241169
/tmp/drone_acoustic_2026w14_phase1_downloads/raw/crema_d/audios/1022_IWW_ANG_XX.wav,ANG,emergency,emergency,0.14831683039665222,779.3142700195312,718.6362915039062,0.1663663387298584,0.7483915686607361,0.08523152768611908
/tmp/drone_acoustic_2026w14_phase1_downloads/raw/crema_d/audios/1022_IWW_FEA_XX.wav,FEA,emergency,emergency,0.06444122642278671,378.49334716796875,474.0838928222656,0.559631884098053,0.4250560402870178,0.015308473259210587
/tmp/drone_acoustic_2026w14_phase1_downloads/raw/crema_d/audios/1022_IWW_NEU_XX.wav,NEU,normal,normal,0.04904184490442276,472.3476867675781,497.6934814453125,0.5798667669296265,0.40486040711402893,0.015268673188984394
/tmp/drone_acoustic_2026w14_phase1_downloads/raw/crema_d/audios/1022_MTI_ANG_XX.wav,ANG,emergency,emergency,0.175519198179245,644.662841796875,607.9546508789062,0.1776716113090515,0.7602695226669312,0.06205819174647331
/tmp/drone_acoustic_2026w14_phase1_downloads/raw/crema_d/audios/1022_MTI_FEA_XX.wav,FEA,emergency,emergency,0.04502544924616814,361.6913146972656,367.6845397949219,0.29452425241470337,0.6981549859046936,0.007319705095142126
/tmp/drone_acoustic_2026w14_phase1_downloads/raw/crema_d/audios/1022_MTI_NEU_XX.wav,NEU,normal,normal,0.05450718104839325,411.5370178222656,376.9443664550781,0.4994460940361023,0.4876364469528198,0.01291617751121521
/tmp/drone_acoustic_2026w14_phase1_downloads/raw/crema_d/audios/1022_TAI_ANG_XX.wav,ANG,emergency,emergency,0.1847560703754425,914.65576171875,796.6862182617188,0.2134738266468048,0.7105266451835632,0.0759645476937294
/tmp/drone_acoustic_2026w14_phase1_downloads/raw/crema_d/audios/1022_TAI_FEA_XX.wav,FEA,emergency,emergency,0.03385186567902565,542.1172485351562,608.5303955078125,0.4462049603462219,0.5330224633216858,0.020734524354338646
/tmp/drone_acoustic_2026w14_phase1_downloads/raw/crema_d/audios/1022_TAI_NEU_XX.wav,NEU,normal,normal,0.03875875473022461,510.3915100097656,547.7051391601562,0.4494238495826721,0.53030925989151,0.02025175653398037
/tmp/drone_acoustic_2026w14_phase1_downloads/raw/crema_d/audios/1022_TIE_ANG_XX.wav,ANG,emergency,emergency,0.42145705223083496,558.097900390625,613.9453735351562,0.18530310690402985,0.7110372185707092,0.1036328375339508
/tmp/drone_acoustic_2026w14_phase1_downloads/raw/crema_d/audios/1022_TIE_FEA_XX.wav,FEA,emergency,emergency,0.06209881231188774,312.0030212402344,412.4906311035156,0.6345007419586182,0.34905579686164856,0.016440095379948616
/tmp/drone_acoustic_2026w14_phase1_downloads/raw/crema_d/audios/1022_TIE_NEU_XX.wav,NEU,normal,normal,0.15375195443630219,389.3968505859375,441.45184326171875,0.2606653869152069,0.6831201910972595,0.056212447583675385
/tmp/drone_acoustic_2026w14_phase1_downloads/raw/crema_d/audios/1022_TSI_ANG_XX.wav,ANG,emergency,emergency,0.1603912115097046,2021.72802734375,1099.1646728515625,0.09055057168006897,0.7857896685600281,0.1235482469201088
/tmp/drone_acoustic_2026w14_phase1_downloads/raw/crema_d/audios/1022_TSI_FEA_XX.wav,FEA,emergency,emergency,0.05129972845315933,1048.142333984375,880.5514526367188,0.4387882649898529,0.4690462052822113,0.09214755892753601
/tmp/drone_acoustic_2026w14_phase1_downloads/raw/crema_d/audios/1022_TSI_NEU_XX.wav,NEU,normal,normal,0.04731452837586403,1325.3599853515625,974.1907958984375,0.6263719201087952,0.2983899712562561,0.0752209797501564
/tmp/drone_acoustic_2026w14_phase1_downloads/raw/crema_d/audios/1022_WSI_ANG_XX.wav,ANG,emergency,emergency,0.332017719745636,1216.3251953125,693.1058349609375,0.11200277507305145,0.8244262933731079,0.06356652826070786
/tmp/drone_acoustic_2026w14_phase1_downloads/raw/crema_d/audios/1022_WSI_FEA_XX.wav,FEA,emergency,emergency,0.05571530759334564,491.9178771972656,541.9932861328125,0.5578871369361877,0.40729910135269165,0.03479590266942978
/tmp/drone_acoustic_2026w14_phase1_downloads/raw/crema_d/audios/1022_WSI_NEU_XX.wav,NEU,normal,normal,0.07491428405046463,633.1287231445312,614.745361328125,0.2926163971424103,0.6933598518371582,0.014018968679010868
/tmp/drone_acoustic_2026w14_phase1_downloads/raw/crema_d/audios/1023_DFA_ANG_XX.wav,ANG,emergency,emergency,0.30375367403030396,579.2100219726562,527.30126953125,0.24963845312595367,0.7201976776123047,0.03016049787402153
/tmp/drone_acoustic_2026w14_phase1_downloads/raw/crema_d/audios/1023_DFA_FEA_XX.wav,FEA,emergency,emergency,0.07039867341518402,432.4632568359375,485.7221984863281,0.4976443350315094,0.47764766216278076,0.02470306307077408
/tmp/drone_acoustic_2026w14_phase1_downloads/raw/crema_d/audios/1023_DFA_NEU_XX.wav,NEU,normal,normal,0.04282467067241669,403.2537536621094,511.5281982421875,0.3590037524700165,0.6245612502098083,0.016431618481874466
/tmp/drone_acoustic_2026w14_phase1_downloads/raw/crema_d/audios/1023_IEO_ANG_HI.wav,ANG,emergency,emergency,0.4226120114326477,776.9879760742188,643.63671875,0.04193982854485512,0.8906298279762268,0.06742537021636963
/tmp/drone_acoustic_2026w14_phase1_downloads/raw/crema_d/audios/1023_IEO_ANG_LO.wav,ANG,emergency,emergency,0.100945845246315,439.9811096191406,418.2197265625,0.14448946714401245,0.8489058613777161,0.006601275410503149
/tmp/drone_acoustic_2026w14_phase1_downloads/raw/crema_d/audios/1023_IEO_ANG_MD.wav,ANG,emergency,emergency,0.25418519973754883,558.7630615234375,570.4725952148438,0.22177618741989136,0.7564845085144043,0.021737199276685715
/tmp/drone_acoustic_2026w14_phase1_downloads/raw/crema_d/audios/1023_IEO_FEA_HI.wav,FEA,emergency,emergency,0.25619855523109436,426.00115966796875,489.3189392089844,0.328345388174057,0.6588941216468811,0.012756680138409138
/tmp/drone_acoustic_2026w14_phase1_downloads/raw/crema_d/audios/1023_IEO_FEA_LO.wav,FEA,emergency,emergency,0.06893928349018097,393.1273193359375,450.7820739746094,0.6479158401489258,0.3426295220851898,0.009444549679756165
/tmp/drone_acoustic_2026w14_phase1_downloads/raw/crema_d/audios/1023_IEO_FEA_MD.wav,FEA,emergency,emergency,0.0691160187125206,333.3843078613281,451.9952087402344,0.6736999750137329,0.3167825937271118,0.00950500275939703
/tmp/drone_acoustic_2026w14_phase1_downloads/raw/crema_d/audios/1023_IEO_NEU_XX.wav,NEU,normal,normal,0.044989362359046936,404.6635437011719,492.6637878417969,0.5293176770210266,0.45682212710380554,0.013810524716973305
/tmp/drone_acoustic_2026w14_phase1_downloads/raw/crema_d/audios/1023_IOM_ANG_XX.wav,ANG,emergency,emergency,0.16544461250305176,586.203857421875,545.679931640625,0.24998334050178528,0.6912258267402649,0.05877832695841789
/tmp/drone_acoustic_2026w14_phase1_downloads/raw/crema_d/audios/1023_IOM_FEA_XX.wav,FEA,emergency,emergency,0.07548163831233978,354.8770446777344,384.99658203125,0.5037122964859009,0.4761747121810913,0.020111262798309326
/tmp/drone_acoustic_2026w14_phase1_downloads/raw/crema_d/audios/1023_IOM_NEU_XX.wav,NEU,normal,normal,0.09432203322649002,360.1806640625,358.8947448730469,0.5579394698143005,0.43468496203422546,0.007373733911663294
/tmp/drone_acoustic_2026w14_phase1_downloads/raw/crema_d/audios/1023_ITH_ANG_XX.wav,ANG,emergency,emergency,0.6201539635658264,647.2825317382812,579.3370361328125,0.2627008855342865,0.6945800185203552,0.04271367937326431
/tmp/drone_acoustic_2026w14_phase1_downloads/raw/crema_d/audios/1023_ITH_FEA_XX.wav,FEA,emergency,emergency,0.1373155117034912,516.4838256835938,495.1585388183594,0.4021463096141815,0.5732802152633667,0.024563705548644066
/tmp/drone_acoustic_2026w14_phase1_downloads/raw/crema_d/audios/1023_ITH_NEU_XX.wav,NEU,normal,normal,0.04464457184076309,383.05804443359375,391.6554260253906,0.27413085103034973,0.7143936157226562,0.01147406455129385
/tmp/drone_acoustic_2026w14_phase1_downloads/raw/crema_d/audios/1023_ITS_ANG_XX.wav,ANG,emergency,emergency,0.08967681229114532,826.1987915039062,701.604736328125,0.4958782196044922,0.44891947507858276,0.05515985190868378
/tmp/drone_acoustic_2026w14_phase1_downloads/raw/crema_d/audios/1023_ITS_FEA_XX.wav,FEA,emergency,emergency,0.02508031763136387,731.1658325195312,723.9395751953125,0.7173523306846619,0.24144840240478516,0.04094811901450157
/tmp/drone_acoustic_2026w14_phase1_downloads/raw/crema_d/audios/1023_ITS_NEU_XX.wav,NEU,normal,normal,0.04375474527478218,587.1124877929688,653.0823364257812,0.5071513056755066,0.46179458498954773,0.031016496941447258
/tmp/drone_acoustic_2026w14_phase1_downloads/raw/crema_d/audios/1023_IWL_ANG_XX.wav,ANG,emergency,emergency,0.33096009492874146,567.762451171875,450.6808166503906,0.2794351875782013,0.6999342441558838,0.02062886580824852
/tmp/drone_acoustic_2026w14_phase1_downloads/raw/crema_d/audios/1023_IWL_FEA_XX.wav,FEA,emergency,emergency,0.07784456014633179,417.40045166015625,384.93377685546875,0.6190739870071411,0.3704415559768677,0.010483326390385628
/tmp/drone_acoustic_2026w14_phase1_downloads/raw/crema_d/audios/1023_IWL_NEU_XX.wav,NEU,normal,normal,0.05237598344683647,408.2103576660156,333.7317810058594,0.4177361726760864,0.5778586864471436,0.004401700105518103
/tmp/drone_acoustic_2026w14_phase1_downloads/raw/crema_d/audios/1023_IWW_ANG_XX.wav,ANG,emergency,emergency,0.08622552454471588,701.564208984375,537.1742553710938,0.11693961918354034,0.8676624298095703,0.015387026593089104
/tmp/drone_acoustic_2026w14_phase1_downloads/raw/crema_d/audios/1023_IWW_FEA_XX.wav,FEA,emergency,emergency,0.03413945809006691,580.6157836914062,564.3907470703125,0.39683797955513,0.5876469016075134,0.015498491004109383
/tmp/drone_acoustic_2026w14_phase1_downloads/raw/crema_d/audios/1023_IWW_NEU_XX.wav,NEU,normal,normal,0.03902451694011688,472.96044921875,483.7265930175781,0.45191892981529236,0.5401829481124878,0.007892467081546783
/tmp/drone_acoustic_2026w14_phase1_downloads/raw/crema_d/audios/1023_MTI_ANG_XX.wav,ANG,emergency,emergency,0.05108170583844185,576.4884643554688,458.0648193359375,0.25968998670578003,0.7190331816673279,0.02127598039805889
/tmp/drone_acoustic_2026w14_phase1_downloads/raw/crema_d/audios/1023_MTI_FEA_XX.wav,FEA,emergency,emergency,0.03354131430387497,448.1354675292969,394.079345703125,0.5571644306182861,0.4321998953819275,0.01063381414860487
/tmp/drone_acoustic_2026w14_phase1_downloads/raw/crema_d/audios/1023_MTI_NEU_XX.wav,NEU,normal,normal,0.05437517538666725,418.0427551269531,373.1983947753906,0.5685046315193176,0.4145843982696533,0.016909653320908546
/tmp/drone_acoustic_2026w14_phase1_downloads/raw/crema_d/audios/1023_TAI_ANG_XX.wav,ANG,emergency,emergency,0.03432527929544449,641.247314453125,577.0678100585938,0.1607028990983963,0.82485032081604,0.014442411251366138
/tmp/drone_acoustic_2026w14_phase1_downloads/raw/crema_d/audios/1023_TAI_FEA_XX.wav,FEA,emergency,emergency,0.10457436740398407,563.3201904296875,600.5760498046875,0.32839909195899963,0.6422244906425476,0.02936212159693241
/tmp/drone_acoustic_2026w14_phase1_downloads/raw/crema_d/audios/1023_TAI_NEU_XX.wav,NEU,normal,normal,0.014726684428751469,447.64312744140625,454.53546142578125,0.3856392204761505,0.6090035438537598,0.005354530178010464
/tmp/drone_acoustic_2026w14_phase1_downloads/raw/crema_d/audios/1023_TIE_ANG_XX.wav,ANG,emergency,emergency,0.4827015995979309,553.18505859375,571.7343139648438,0.3124346137046814,0.6376689076423645,0.04988052695989609
/tmp/drone_acoustic_2026w14_phase1_downloads/raw/crema_d/audios/1023_TIE_FEA_XX.wav,FEA,emergency,emergency,0.1787634938955307,446.53179931640625,549.1452026367188,0.36633649468421936,0.6040877103805542,0.02957119047641754
/tmp/drone_acoustic_2026w14_phase1_downloads/raw/crema_d/audios/1023_TIE_NEU_XX.wav,NEU,normal,normal,0.03384720906615257,368.23565673828125,437.0433654785156,0.35676613450050354,0.6301400661468506,0.013090857304632664
/tmp/drone_acoustic_2026w14_phase1_downloads/raw/crema_d/audios/1023_TSI_ANG_XX.wav,ANG,emergency,emergency,0.06698935478925705,1347.4501953125,1064.616455078125,0.4320695698261261,0.520614743232727,0.04725581407546997
/tmp/drone_acoustic_2026w14_phase1_downloads/raw/crema_d/audios/1023_TSI_FEA_XX.wav,FEA,emergency,emergency,0.04545312747359276,1057.253662109375,949.7584838867188,0.25005659461021423,0.7206076383590698,0.02920038066804409
/tmp/drone_acoustic_2026w14_phase1_downloads/raw/crema_d/audios/1023_TSI_NEU_XX.wav,NEU,normal,normal,0.01901969499886036,1135.11865234375,952.7120971679688,0.2584156394004822,0.7144885659217834,0.02706388384103775
/tmp/drone_acoustic_2026w14_phase1_downloads/raw/crema_d/audios/1023_WSI_ANG_XX.wav,ANG,emergency,emergency,0.25178271532058716,1038.9278564453125,724.6192016601562,0.2461525946855545,0.7406944632530212,0.013126090168952942
/tmp/drone_acoustic_2026w14_phase1_downloads/raw/crema_d/audios/1023_WSI_FEA_XX.wav,FEA,emergency,emergency,0.176937073469162,956.4483642578125,828.94482421875,0.2010020911693573,0.7821155190467834,0.016864540055394173
/tmp/drone_acoustic_2026w14_phase1_downloads/raw/crema_d/audios/1023_WSI_NEU_XX.wav,NEU,normal,normal,0.1385352909564972,685.7948608398438,662.2815551757812,0.34922322630882263,0.634623646736145,0.01613685116171837
/tmp/drone_acoustic_2026w14_phase1_downloads/raw/crema_d/audios/1024_DFA_ANG_XX.wav,ANG,emergency,emergency,0.14595352113246918,526.825927734375,616.9268798828125,0.4958250820636749,0.4578063189983368,0.04636380821466446
/tmp/drone_acoustic_2026w14_phase1_downloads/raw/crema_d/audios/1024_DFA_FEA_XX.wav,FEA,emergency,emergency,0.16357600688934326,531.2933349609375,681.4131469726562,0.7689998149871826,0.12060869485139847,0.11035555601119995
/tmp/drone_acoustic_2026w14_phase1_downloads/raw/crema_d/audios/1024_DFA_NEU_XX.wav,NEU,normal,normal,0.030804835259914398,329.8782043457031,454.1832275390625,0.5308014154434204,0.4566313624382019,0.012563830241560936
/tmp/drone_acoustic_2026w14_phase1_downloads/raw/crema_d/audios/1024_IEO_ANG_HI.wav,ANG,emergency,emergency,0.25205621123313904,754.149169921875,743.6190185546875,0.2686234414577484,0.6599804162979126,0.07138615846633911
/tmp/drone_acoustic_2026w14_phase1_downloads/raw/crema_d/audios/1024_IEO_ANG_LO.wav,ANG,emergency,emergency,0.1007734015583992,569.8505859375,565.2819213867188,0.4045005738735199,0.5779111981391907,0.01743169128894806
/tmp/drone_acoustic_2026w14_phase1_downloads/raw/crema_d/audios/1024_IEO_ANG_MD.wav,ANG,emergency,emergency,0.06059179827570915,559.5031127929688,587.18603515625,0.6393401026725769,0.33463674783706665,0.025914032012224197
/tmp/drone_acoustic_2026w14_phase1_downloads/raw/crema_d/audios/1024_IEO_FEA_HI.wav,FEA,emergency,emergency,0.27056288719177246,538.9977416992188,535.502197265625,0.46225133538246155,0.5056132674217224,0.032041020691394806
/tmp/drone_acoustic_2026w14_phase1_downloads/raw/crema_d/audios/1024_IEO_FEA_LO.wav,FEA,emergency,emergency,0.04443647339940071,476.5146789550781,609.6353759765625,0.7062998414039612,0.2507144808769226,0.04276782274246216
/tmp/drone_acoustic_2026w14_phase1_downloads/raw/crema_d/audios/1024_IEO_FEA_MD.wav,FEA,emergency,emergency,0.035061661154031754,366.63372802734375,486.602783203125,0.8112493753433228,0.15071704983711243,0.037769049406051636
/tmp/drone_acoustic_2026w14_phase1_downloads/raw/crema_d/audios/1024_IEO_NEU_XX.wav,NEU,normal,normal,0.045116301625967026,379.98779296875,446.5989990234375,0.6352750062942505,0.3483399450778961,0.016363495960831642
/tmp/drone_acoustic_2026w14_phase1_downloads/raw/crema_d/audios/1024_IOM_ANG_XX.wav,ANG,emergency,emergency,0.12911471724510193,424.4256591796875,461.9021911621094,0.6819382309913635,0.29403576254844666,0.024021737277507782
/tmp/drone_acoustic_2026w14_phase1_downloads/raw/crema_d/audios/1024_IOM_FEA_XX.wav,FEA,emergency,emergency,0.01829485595226288,246.6869659423828,364.78509521484375,0.9348719120025635,0.053032346069812775,0.012084949761629105
/tmp/drone_acoustic_2026w14_phase1_downloads/raw/crema_d/audios/1024_IOM_NEU_XX.wav,NEU,normal,normal,0.021466786041855812,282.0899963378906,314.2120056152344,0.9123494625091553,0.0827462375164032,0.004897742532193661
/tmp/drone_acoustic_2026w14_phase1_downloads/raw/crema_d/audios/1024_ITH_ANG_XX.wav,ANG,emergency,emergency,0.15371428430080414,500.3470764160156,574.833984375,0.5898358821868896,0.3511759042739868,0.05897853523492813
/tmp/drone_acoustic_2026w14_phase1_downloads/raw/crema_d/audios/1024_ITH_FEA_XX.wav,FEA,emergency,emergency,0.07399510592222214,414.99334716796875,639.1099853515625,0.8408515453338623,0.10844394564628601,0.050664883106946945
/tmp/drone_acoustic_2026w14_phase1_downloads/raw/crema_d/audios/1024_ITH_NEU_XX.wav,NEU,normal,normal,0.03487463295459747,304.4778747558594,429.986572265625,0.7667533159255981,0.21942564845085144,0.01380239985883236
/tmp/drone_acoustic_2026w14_phase1_downloads/raw/crema_d/audios/1024_ITS_ANG_XX.wav,ANG,emergency,emergency,0.07299960404634476,621.8280639648438,647.8303833007812,0.5537812113761902,0.4153531491756439,0.03083750791847706
/tmp/drone_acoustic_2026w14_phase1_downloads/raw/crema_d/audios/1024_ITS_FEA_XX.wav,FEA,emergency,emergency,0.02941790409386158,741.950439453125,700.6373291015625,0.8777691721916199,0.03787064179778099,0.08356411755084991
/tmp/drone_acoustic_2026w14_phase1_downloads/raw/crema_d/audios/1024_ITS_NEU_XX.wav,NEU,normal,normal,0.01849079132080078,509.49261474609375,585.4877319335938,0.6818872690200806,0.29071810841560364,0.027102550491690636
/tmp/drone_acoustic_2026w14_phase1_downloads/raw/crema_d/audios/1024_IWL_ANG_XX.wav,ANG,emergency,emergency,0.12097511440515518,454.33489990234375,390.1407775878906,0.4997117817401886,0.4815009832382202,0.018781224265694618
/tmp/drone_acoustic_2026w14_phase1_downloads/raw/crema_d/audios/1024_IWL_FEA_XX.wav,FEA,emergency,emergency,0.03640929237008095,350.5409851074219,399.7283020019531,0.7833513021469116,0.198479562997818,0.018163543194532394
/tmp/drone_acoustic_2026w14_phase1_downloads/raw/crema_d/audios/1024_IWL_NEU_XX.wav,NEU,normal,normal,0.039472758769989014,354.4112243652344,304.462890625,0.571483850479126,0.4252694547176361,0.003242193954065442
/tmp/drone_acoustic_2026w14_phase1_downloads/raw/crema_d/audios/1024_IWW_ANG_XX.wav,ANG,emergency,emergency,0.01880335621535778,391.1244201660156,439.1507263183594,0.8775553107261658,0.11472051590681076,0.007704347837716341
/tmp/drone_acoustic_2026w14_phase1_downloads/raw/crema_d/audios/1024_IWW_FEA_XX.wav,FEA,emergency,emergency,0.027431512251496315,737.8742065429688,759.041015625,0.8750444650650024,0.08018510043621063,0.044617801904678345
/tmp/drone_acoustic_2026w14_phase1_downloads/raw/crema_d/audios/1024_IWW_NEU_XX.wav,NEU,normal,normal,0.011552264913916588,317.48956298828125,496.615234375,0.9128711223602295,0.07946676015853882,0.007623772136867046
/tmp/drone_acoustic_2026w14_phase1_downloads/raw/crema_d/audios/1024_MTI_ANG_XX.wav,ANG,emergency,emergency,0.0268471110612154,403.0331115722656,363.5509033203125,0.8073327541351318,0.1805882751941681,0.012075034901499748
/tmp/drone_acoustic_2026w14_phase1_downloads/raw/crema_d/audios/1024_MTI_FEA_XX.wav,FEA,emergency,emergency,0.02446891739964485,364.77630615234375,448.7784118652344,0.660430371761322,0.3314526677131653,0.00811211671680212
/tmp/drone_acoustic_2026w14_phase1_downloads/raw/crema_d/audios/1024_MTI_NEU_XX.wav,NEU,normal,normal,0.02338165044784546,318.3836975097656,349.0891418457031,0.819552481174469,0.1747010350227356,0.0057374099269509315
/tmp/drone_acoustic_2026w14_phase1_downloads/raw/crema_d/audios/1024_TAI_ANG_XX.wav,ANG,emergency,emergency,0.06448181718587875,636.7637939453125,659.3165283203125,0.3402880132198334,0.636181652545929,0.023521045222878456
/tmp/drone_acoustic_2026w14_phase1_downloads/raw/crema_d/audios/1024_TAI_FEA_XX.wav,FEA,emergency,emergency,0.045340389013290405,533.9856567382812,729.5995483398438,0.7667276263237,0.18740729987621307,0.04554407671093941
/tmp/drone_acoustic_2026w14_phase1_downloads/raw/crema_d/audios/1024_TAI_NEU_XX.wav,NEU,normal,normal,0.0290321446955204,386.3785705566406,504.708251953125,0.843748152256012,0.14003746211528778,0.016189543530344963
/tmp/drone_acoustic_2026w14_phase1_downloads/raw/crema_d/audios/1024_TIE_ANG_XX.wav,ANG,emergency,emergency,0.06507918238639832,563.1441650390625,630.3193359375,0.514805257320404,0.4447818398475647,0.04030711576342583
/tmp/drone_acoustic_2026w14_phase1_downloads/raw/crema_d/audios/1024_TIE_FEA_XX.wav,FEA,emergency,emergency,0.11373664438724518,586.0493774414062,611.4434814453125,0.8000383973121643,0.12103714793920517,0.07864522188901901
/tmp/drone_acoustic_2026w14_phase1_downloads/raw/crema_d/audios/1024_TIE_NEU_XX.wav,NEU,normal,normal,0.03911373019218445,329.623779296875,500.3097839355469,0.6959071159362793,0.28264501690864563,0.021427016705274582
/tmp/drone_acoustic_2026w14_phase1_downloads/raw/crema_d/audios/1024_TSI_ANG_XX.wav,ANG,emergency,emergency,0.06269524991512299,1545.287353515625,1075.7200927734375,0.21406695246696472,0.6673725843429565,0.11750926822423935
/tmp/drone_acoustic_2026w14_phase1_downloads/raw/crema_d/audios/1024_TSI_FEA_XX.wav,FEA,emergency,emergency,0.11213035881519318,1563.2701416015625,1176.6346435546875,0.4739992022514343,0.15726236999034882,0.36721837520599365
/tmp/drone_acoustic_2026w14_phase1_downloads/raw/crema_d/audios/1024_TSI_NEU_XX.wav,NEU,normal,normal,0.05497455969452858,1239.5108642578125,1121.6973876953125,0.5198882818222046,0.3490169048309326,0.1295585036277771
/tmp/drone_acoustic_2026w14_phase1_downloads/raw/crema_d/audios/1024_WSI_ANG_XX.wav,ANG,emergency,emergency,0.16428077220916748,1016.3936767578125,842.5437622070312,0.4939720332622528,0.44941073656082153,0.05648861452937126
/tmp/drone_acoustic_2026w14_phase1_downloads/raw/crema_d/audios/1024_WSI_FEA_XX.wav,FEA,emergency,emergency,0.03319280594587326,835.578857421875,729.7517700195312,0.8714038729667664,0.05084129422903061,0.07714688777923584
/tmp/drone_acoustic_2026w14_phase1_downloads/raw/crema_d/audios/1024_WSI_NEU_XX.wav,NEU,normal,normal,0.05849375203251839,676.8102416992188,728.551513671875,0.7682725191116333,0.17789779603481293,0.053722504526376724
/tmp/drone_acoustic_2026w14_phase1_downloads/raw/crema_d/audios/1025_DFA_ANG_XX.wav,ANG,emergency,emergency,0.05920255929231644,474.5582275390625,579.8899536132812,0.41960835456848145,0.5609351992607117,0.019450467079877853
/tmp/drone_acoustic_2026w14_phase1_downloads/raw/crema_d/audios/1025_IEO_ANG_LO.wav,ANG,emergency,emergency,0.17482705414295197,412.0176696777344,477.5106506347656,0.6423214673995972,0.33556148409843445,0.022073518484830856
/tmp/drone_acoustic_2026w14_phase1_downloads/raw/crema_d/audios/1025_IEO_ANG_MD.wav,ANG,emergency,emergency,0.14491000771522522,601.2080688476562,588.0706176757812,0.19807200133800507,0.7789794206619263,0.022928157821297646
/tmp/drone_acoustic_2026w14_phase1_downloads/raw/crema_d/audios/1025_IEO_FEA_HI.wav,FEA,emergency,emergency,0.13021279871463776,501.2497253417969,558.7311401367188,0.6023058295249939,0.3860090374946594,0.011658134870231152
/tmp/drone_acoustic_2026w14_phase1_downloads/raw/crema_d/audios/1025_IEO_FEA_LO.wav,FEA,emergency,emergency,0.01731974259018898,270.9718017578125,406.2503662109375,0.8267440795898438,0.1672823578119278,0.005946172401309013
/tmp/drone_acoustic_2026w14_phase1_downloads/raw/crema_d/audios/1025_IEO_FEA_MD.wav,FEA,emergency,emergency,0.023486129939556122,257.7582702636719,434.6524658203125,0.8963005542755127,0.09333723783493042,0.010298119857907295
/tmp/drone_acoustic_2026w14_phase1_downloads/raw/crema_d/audios/1025_IEO_NEU_XX.wav,NEU,normal,normal,0.036351874470710754,375.3118896484375,493.046875,0.7451258301734924,0.23164933919906616,0.023217210546135902
/tmp/drone_acoustic_2026w14_phase1_downloads/raw/crema_d/audios/1025_IOM_ANG_XX.wav,ANG,emergency,emergency,1.2384922504425049,644.5677490234375,548.3866577148438,0.23518283665180206,0.7146559357643127,0.05012637376785278
/tmp/drone_acoustic_2026w14_phase1_downloads/raw/crema_d/audios/1025_IOM_FEA_XX.wav,FEA,emergency,emergency,0.01651543192565441,298.2704772949219,399.82373046875,0.9401138424873352,0.04740304499864578,0.012473867274820805
/tmp/drone_acoustic_2026w14_phase1_downloads/raw/crema_d/audios/1025_IOM_NEU_XX.wav,NEU,normal,normal,0.033754702657461166,362.7558288574219,416.67474365234375,0.7093374133110046,0.281390905380249,0.00926540233194828
/tmp/drone_acoustic_2026w14_phase1_downloads/raw/crema_d/audios/1025_ITH_ANG_XX.wav,ANG,emergency,emergency,0.17224976420402527,500.1561584472656,537.8977661132812,0.4254071116447449,0.5350601077079773,0.03952468931674957
/tmp/drone_acoustic_2026w14_phase1_downloads/raw/crema_d/audios/1025_ITH_FEA_XX.wav,FEA,emergency,emergency,0.054604899138212204,350.9649963378906,542.3353881835938,0.8823902010917664,0.0776221975684166,0.03993326798081398
/tmp/drone_acoustic_2026w14_phase1_downloads/raw/crema_d/audios/1025_ITH_NEU_XX.wav,NEU,normal,normal,0.055590879172086716,359.9913330078125,465.9718322753906,0.7059646844863892,0.27796006202697754,0.016056757420301437
/tmp/drone_acoustic_2026w14_phase1_downloads/raw/crema_d/audios/1025_ITS_ANG_XX.wav,ANG,emergency,emergency,0.047455936670303345,649.953857421875,770.4142456054688,0.7523090243339539,0.2061450183391571,0.04152538999915123
/tmp/drone_acoustic_2026w14_phase1_downloads/raw/crema_d/audios/1025_ITS_FEA_XX.wav,FEA,emergency,emergency,0.01941954903304577,481.875244140625,684.0663452148438,0.9093855619430542,0.044008463621139526,0.04647704213857651
/tmp/drone_acoustic_2026w14_phase1_downloads/raw/crema_d/audios/1025_ITS_NEU_XX.wav,NEU,normal,normal,0.023319920524954796,616.7100830078125,660.9714965820312,0.7777994275093079,0.18961352109909058,0.03245487064123154
/tmp/drone_acoustic_2026w14_phase1_downloads/raw/crema_d/audios/1025_IWL_ANG_XX.wav,ANG,emergency,emergency,0.08933562785387039,430.6046142578125,368.8258972167969,0.49179282784461975,0.5008122324943542,0.0073929703794419765
/tmp/drone_acoustic_2026w14_phase1_downloads/raw/crema_d/audios/1025_IWL_FEA_XX.wav,FEA,emergency,emergency,0.02348065748810768,264.8454895019531,393.1207275390625,0.9089133143424988,0.08428991585969925,0.00678276177495718
/tmp/drone_acoustic_2026w14_phase1_downloads/raw/crema_d/audios/1025_IWL_NEU_XX.wav,NEU,normal,normal,0.0341283455491066,315.55047607421875,382.7242736816406,0.7843366861343384,0.209546759724617,0.006108306348323822
/tmp/drone_acoustic_2026w14_phase1_downloads/raw/crema_d/audios/1025_IWW_ANG_XX.wav,ANG,emergency,emergency,0.22663968801498413,674.8093872070312,594.8614501953125,0.5210699439048767,0.4548415541648865,0.0240790918469429
/tmp/drone_acoustic_2026w14_phase1_downloads/raw/crema_d/audios/1025_IWW_FEA_XX.wav,FEA,emergency,emergency,0.02223644033074379,431.48968505859375,586.5003662109375,0.8743714690208435,0.09474611282348633,0.03084024228155613
/tmp/drone_acoustic_2026w14_phase1_downloads/raw/crema_d/audios/1025_IWW_NEU_XX.wav,NEU,normal,normal,0.024483492597937584,378.61712646484375,484.34600830078125,0.6954038739204407,0.2943626642227173,0.010219210758805275
/tmp/drone_acoustic_2026w14_phase1_downloads/raw/crema_d/audios/1025_MTI_ANG_XX.wav,ANG,emergency,emergency,0.04825543984770775,422.62908935546875,386.3396911621094,0.6409767270088196,0.35043174028396606,0.008583401329815388
/tmp/drone_acoustic_2026w14_phase1_downloads/raw/crema_d/audios/1025_MTI_FEA_XX.wav,FEA,emergency,emergency,0.016781793907284737,280.6333312988281,397.5294189453125,0.9012543559074402,0.08935858309268951,0.009356305003166199
/tmp/drone_acoustic_2026w14_phase1_downloads/raw/crema_d/audios/1025_MTI_NEU_XX.wav,NEU,normal,normal,0.023000629618763924,323.35504150390625,397.31512451171875,0.8087676167488098,0.1808096021413803,0.010406546294689178
/tmp/drone_acoustic_2026w14_phase1_downloads/raw/crema_d/audios/1025_TAI_ANG_XX.wav,ANG,emergency,emergency,0.05350356549024582,460.7104187011719,624.0582275390625,0.4151681065559387,0.5588474273681641,0.025969786569476128
/tmp/drone_acoustic_2026w14_phase1_downloads/raw/crema_d/audios/1025_TAI_FEA_XX.wav,FEA,emergency,emergency,0.015006732195615768,408.2162170410156,594.042724609375,0.9024376273155212,0.055782500654459,0.04174905642867088
/tmp/drone_acoustic_2026w14_phase1_downloads/raw/crema_d/audios/1025_TAI_NEU_XX.wav,NEU,normal,normal,0.023379934951663017,441.19842529296875,568.1646118164062,0.6714268326759338,0.31082433462142944,0.017729662358760834
/tmp/drone_acoustic_2026w14_phase1_downloads/raw/crema_d/audios/1025_TIE_ANG_XX.wav,ANG,emergency,emergency,0.23569424450397491,582.3553466796875,665.2981567382812,0.4552324116230011,0.49889901280403137,0.045832689851522446
/tmp/drone_acoustic_2026w14_phase1_downloads/raw/crema_d/audios/1025_TIE_FEA_XX.wav,FEA,emergency,emergency,0.05833732709288597,376.3000793457031,512.728271484375,0.7842549085617065,0.18029901385307312,0.035403456538915634
/tmp/drone_acoustic_2026w14_phase1_downloads/raw/crema_d/audios/1025_TIE_NEU_XX.wav,NEU,normal,normal,0.04134337604045868,350.65570068359375,495.2137145996094,0.5001779198646545,0.4776305556297302,0.022100266069173813
/tmp/drone_acoustic_2026w14_phase1_downloads/raw/crema_d/audios/1025_TSI_ANG_XX.wav,ANG,emergency,emergency,0.11064960807561874,1086.9259033203125,1157.4918212890625,0.319168359041214,0.6366313695907593,0.04412078484892845
/tmp/drone_acoustic_2026w14_phase1_downloads/raw/crema_d/audios/1025_TSI_FEA_XX.wav,FEA,emergency,emergency,0.03775249794125557,955.249755859375,972.1742553710938,0.7941744923591614,0.04016377404332161,0.16507455706596375
/tmp/drone_acoustic_2026w14_phase1_downloads/raw/crema_d/audios/1025_TSI_NEU_XX.wav,NEU,normal,normal,0.030730407685041428,1105.6383056640625,1016.11181640625,0.7069391012191772,0.11516563594341278,0.17756520211696625
/tmp/drone_acoustic_2026w14_phase1_downloads/raw/crema_d/audios/1025_WSI_ANG_XX.wav,ANG,emergency,emergency,0.18802540004253387,1054.1595458984375,907.5791015625,0.4209485650062561,0.524315595626831,0.054705943912267685
/tmp/drone_acoustic_2026w14_phase1_downloads/raw/crema_d/audios/1025_WSI_FEA_XX.wav,FEA,emergency,emergency,0.033119332045316696,505.1755676269531,755.5801391601562,0.8912607431411743,0.07120237499475479,0.03748832270503044
/tmp/drone_acoustic_2026w14_phase1_downloads/raw/crema_d/audios/1025_WSI_NEU_XX.wav,NEU,normal,normal,0.08678465336561203,674.2442016601562,715.6908569335938,0.6792192459106445,0.27870285511016846,0.041769593954086304
/tmp/drone_acoustic_2026w14_phase1_downloads/raw/crema_d/audios/1026_DFA_ANG_XX.wav,ANG,emergency,emergency,0.26640042662620544,672.2550048828125,573.9174194335938,0.13855105638504028,0.7717142701148987,0.08972927182912827
/tmp/drone_acoustic_2026w14_phase1_downloads/raw/crema_d/audios/1026_DFA_FEA_XX.wav,FEA,emergency,emergency,0.04209385812282562,378.5489196777344,414.7807922363281,0.5991414189338684,0.3814074993133545,0.019447296857833862
/tmp/drone_acoustic_2026w14_phase1_downloads/raw/crema_d/audios/1026_DFA_NEU_XX.wav,NEU,normal,normal,0.018650146201252937,427.6974182128906,423.9537353515625,0.3155430853366852,0.6798261404037476,0.004628471098840237
/tmp/drone_acoustic_2026w14_phase1_downloads/raw/crema_d/audios/1026_IEO_ANG_HI.wav,ANG,emergency,emergency,0.2726466655731201,924.6092529296875,732.3862915039062,0.21967683732509613,0.6262825727462769,0.15402843058109283
/tmp/drone_acoustic_2026w14_phase1_downloads/raw/crema_d/audios/1026_IEO_ANG_LO.wav,ANG,emergency,emergency,0.06776115298271179,534.2185668945312,545.595458984375,0.20168526470661163,0.791693925857544,0.006619481835514307
/tmp/drone_acoustic_2026w14_phase1_downloads/raw/crema_d/audios/1026_IEO_ANG_MD.wav,ANG,emergency,emergency,0.1537517011165619,562.3557739257812,545.695068359375,0.2915012836456299,0.6880732774734497,0.02042212523519993
/tmp/drone_acoustic_2026w14_phase1_downloads/raw/crema_d/audios/1026_IEO_FEA_HI.wav,FEA,emergency,emergency,0.09979429841041565,501.6392517089844,534.8350830078125,0.09560827910900116,0.8795076012611389,0.024877456948161125
/tmp/drone_acoustic_2026w14_phase1_downloads/raw/crema_d/audios/1026_IEO_FEA_LO.wav,FEA,emergency,emergency,0.03450581431388855,351.38934326171875,491.2501220703125,0.4638547897338867,0.5269942283630371,0.009144916199147701
/tmp/drone_acoustic_2026w14_phase1_downloads/raw/crema_d/audios/1026_IEO_FEA_MD.wav,FEA,emergency,emergency,0.043990608304739,473.06634521484375,497.15924072265625,0.18973371386528015,0.7994042038917542,0.010856964625418186
/tmp/drone_acoustic_2026w14_phase1_downloads/raw/crema_d/audios/1026_IEO_NEU_XX.wav,NEU,normal,normal,0.024956537410616875,342.7340393066406,410.7577819824219,0.4263342618942261,0.5666995644569397,0.006961465813219547
/tmp/drone_acoustic_2026w14_phase1_downloads/raw/crema_d/audios/1026_IOM_ANG_XX.wav,ANG,emergency,emergency,0.15258659422397614,503.23944091796875,474.9541015625,0.44514885544776917,0.47967296838760376,0.07517435401678085
/tmp/drone_acoustic_2026w14_phase1_downloads/raw/crema_d/audios/1026_IOM_FEA_XX.wav,FEA,emergency,emergency,0.02828415483236313,299.32177734375,294.69793701171875,0.8543020486831665,0.12782073020935059,0.017873719334602356
/tmp/drone_acoustic_2026w14_phase1_downloads/raw/crema_d/audios/1026_IOM_NEU_XX.wav,NEU,normal,normal,0.044297244399785995,316.3020935058594,334.9265441894531,0.4665386378765106,0.5286835432052612,0.0047753481194376945
/tmp/drone_acoustic_2026w14_phase1_downloads/raw/crema_d/audios/1026_ITH_ANG_XX.wav,ANG,emergency,emergency,0.15449903905391693,525.3765258789062,504.8260498046875,0.1337219774723053,0.8251426815986633,0.04113038256764412
/tmp/drone_acoustic_2026w14_phase1_downloads/raw/crema_d/audios/1026_ITH_FEA_XX.wav,FEA,emergency,emergency,0.02973666973412037,309.3051452636719,386.2477111816406,0.43527111411094666,0.5560937523841858,0.00862690806388855
/tmp/drone_acoustic_2026w14_phase1_downloads/raw/crema_d/audios/1026_ITH_NEU_XX.wav,NEU,normal,normal,0.08313935250043869,430.4433288574219,442.7476806640625,0.3008716106414795,0.6863755583763123,0.012748641893267632
/tmp/drone_acoustic_2026w14_phase1_downloads/raw/crema_d/audios/1026_ITS_ANG_XX.wav,ANG,emergency,emergency,0.14708863198757172,789.6258544921875,604.6085205078125,0.39308732748031616,0.5378541946411133,0.0690167024731636
/tmp/drone_acoustic_2026w14_phase1_downloads/raw/crema_d/audios/1026_ITS_FEA_XX.wav,FEA,emergency,emergency,0.019404496997594833,352.7545471191406,524.0648803710938,0.9431880116462708,0.032781004905700684,0.02401518076658249
/tmp/drone_acoustic_2026w14_phase1_downloads/raw/crema_d/audios/1026_ITS_NEU_XX.wav,NEU,normal,normal,0.04422735795378685,435.07965087890625,511.2312316894531,0.65395587682724,0.3264046311378479,0.019616829231381416
/tmp/drone_acoustic_2026w14_phase1_downloads/raw/crema_d/audios/1026_IWL_ANG_XX.wav,ANG,emergency,emergency,0.13135887682437897,644.6581420898438,533.623291015625,0.28120115399360657,0.6763150691986084,0.042480167001485825
/tmp/drone_acoustic_2026w14_phase1_downloads/raw/crema_d/audios/1026_IWL_FEA_XX.wav,FEA,emergency,emergency,0.08600625395774841,577.60986328125,523.93115234375,0.0885964184999466,0.8928653597831726,0.018535923212766647
/tmp/drone_acoustic_2026w14_phase1_downloads/raw/crema_d/audios/1026_IWL_NEU_XX.wav,NEU,normal,normal,0.02683110721409321,342.8672790527344,317.7852478027344,0.46477022767066956,0.5325895547866821,0.0026378147304058075
/tmp/drone_acoustic_2026w14_phase1_downloads/raw/crema_d/audios/1026_IWW_ANG_XX.wav,ANG,emergency,emergency,0.19124536216259003,590.1337280273438,560.1419677734375,0.42756181955337524,0.5312950015068054,0.041114691644907
/tmp/drone_acoustic_2026w14_phase1_downloads/raw/crema_d/audios/1026_IWW_FEA_XX.wav,FEA,emergency,emergency,0.025867067277431488,390.338623046875,490.9918212890625,0.7461073398590088,0.2399889975786209,0.013744940049946308
/tmp/drone_acoustic_2026w14_phase1_downloads/raw/crema_d/audios/1026_IWW_NEU_XX.wav,NEU,normal,normal,0.04760242998600006,398.31842041015625,415.4892272949219,0.4750906825065613,0.5204038023948669,0.004497133661061525
/tmp/drone_acoustic_2026w14_phase1_downloads/raw/crema_d/audios/1026_MTI_ANG_XX.wav,ANG,emergency,emergency,0.08938607573509216,509.2080383300781,439.9355163574219,0.2995058298110962,0.6514817476272583,0.049009378999471664
/tmp/drone_acoustic_2026w14_phase1_downloads/raw/crema_d/audios/1026_MTI_FEA_XX.wav,FEA,emergency,emergency,0.0071196965873241425,334.3308410644531,353.0370788574219,0.61408531665802,0.38359320163726807,0.0023168325424194336
/tmp/drone_acoustic_2026w14_phase1_downloads/raw/crema_d/audios/1026_MTI_NEU_XX.wav,NEU,normal,normal,0.009504436515271664,359.80609130859375,313.4507141113281,0.629631519317627,0.3658454120159149,0.004521115683019161
/tmp/drone_acoustic_2026w14_phase1_downloads/raw/crema_d/audios/1026_TAI_ANG_XX.wav,ANG,emergency,emergency,0.04430621117353439,602.30810546875,596.8126220703125,0.20948386192321777,0.7582948803901672,0.03221284598112106
/tmp/drone_acoustic_2026w14_phase1_downloads/raw/crema_d/audios/1026_TAI_FEA_XX.wav,FEA,emergency,emergency,0.020692817866802216,360.52239990234375,460.3680114746094,0.6714226007461548,0.31430956721305847,0.014248793944716454
/tmp/drone_acoustic_2026w14_phase1_downloads/raw/crema_d/audios/1026_TAI_NEU_XX.wav,NEU,normal,normal,0.022779488936066628,416.25372314453125,504.3205871582031,0.5633667707443237,0.42654186487197876,0.01008154172450304
/tmp/drone_acoustic_2026w14_phase1_downloads/raw/crema_d/audios/1026_TIE_ANG_XX.wav,ANG,emergency,emergency,0.5163400173187256,639.0457763671875,642.1117553710938,0.1718946397304535,0.6774377822875977,0.1506616324186325
/tmp/drone_acoustic_2026w14_phase1_downloads/raw/crema_d/audios/1026_TIE_FEA_XX.wav,FEA,emergency,emergency,0.37861502170562744,503.6453552246094,518.0184936523438,0.14355571568012238,0.8045594692230225,0.051860157400369644
/tmp/drone_acoustic_2026w14_phase1_downloads/raw/crema_d/audios/1026_TIE_NEU_XX.wav,NEU,normal,normal,0.025195756927132607,325.2167663574219,390.81890869140625,0.40252378582954407,0.5913415551185608,0.006128407083451748
/tmp/drone_acoustic_2026w14_phase1_downloads/raw/crema_d/audios/1026_TSI_ANG_XX.wav,ANG,emergency,emergency,0.11140942573547363,1138.53564453125,960.9805297851562,0.13644510507583618,0.817327618598938,0.04615228250622749
/tmp/drone_acoustic_2026w14_phase1_downloads/raw/crema_d/audios/1026_TSI_FEA_XX.wav,FEA,emergency,emergency,0.041518911719322205,1110.859375,958.6685180664062,0.2621884047985077,0.69245445728302,0.04523991420865059
/tmp/drone_acoustic_2026w14_phase1_downloads/raw/crema_d/audios/1026_TSI_NEU_XX.wav,NEU,normal,normal,0.05181208625435829,765.3964233398438,788.8933715820312,0.5838701128959656,0.36461886763572693,0.05127093195915222
/tmp/drone_acoustic_2026w14_phase1_downloads/raw/crema_d/audios/1026_WSI_ANG_XX.wav,ANG,emergency,emergency,0.2602599263191223,1237.815673828125,812.063720703125,0.1301741600036621,0.7944811582565308,0.07531481236219406
/tmp/drone_acoustic_2026w14_phase1_downloads/raw/crema_d/audios/1026_WSI_FEA_XX.wav,FEA,emergency,emergency,0.0436071902513504,623.9475708007812,663.5521850585938,0.48635274171829224,0.49716511368751526,0.01644248701632023
/tmp/drone_acoustic_2026w14_phase1_downloads/raw/crema_d/audios/1026_WSI_NEU_XX.wav,NEU,normal,normal,0.0805588886141777,639.766845703125,674.3290405273438,0.42357972264289856,0.5631479620933533,0.01325888093560934
/tmp/drone_acoustic_2026w14_phase1_downloads/raw/crema_d/audios/1027_DFA_ANG_XX.wav,ANG,emergency,emergency,0.29579997062683105,701.9873657226562,601.0770874023438,0.11852054297924042,0.7627149224281311,0.11876219511032104
/tmp/drone_acoustic_2026w14_phase1_downloads/raw/crema_d/audios/1027_DFA_FEA_XX.wav,FEA,emergency,emergency,0.06278923153877258,341.5910949707031,429.1940002441406,0.2996465265750885,0.6719390153884888,0.02840998023748398
/tmp/drone_acoustic_2026w14_phase1_downloads/raw/crema_d/audios/1027_DFA_NEU_XX.wav,NEU,normal,normal,0.05543414130806923,363.74835205078125,471.61260986328125,0.5502070188522339,0.42389291524887085,0.025896944105625153
/tmp/drone_acoustic_2026w14_phase1_downloads/raw/crema_d/audios/1027_IEO_ANG_HI.wav,ANG,emergency,emergency,0.7177356481552124,805.3056030273438,739.9934692382812,0.09069055318832397,0.7757957577705383,0.13350056111812592
/tmp/drone_acoustic_2026w14_phase1_downloads/raw/crema_d/audios/1027_IEO_ANG_LO.wav,ANG,emergency,emergency,0.06859289854764938,326.0543518066406,431.8749694824219,0.41218405961990356,0.580702543258667,0.00710350601002574
/tmp/drone_acoustic_2026w14_phase1_downloads/raw/crema_d/audios/1027_IEO_ANG_MD.wav,ANG,emergency,emergency,0.17028194665908813,522.3602905273438,516.4115600585938,0.049945518374443054,0.9170618057250977,0.032982733100652695
/tmp/drone_acoustic_2026w14_phase1_downloads/raw/crema_d/audios/1027_IEO_FEA_HI.wav,FEA,emergency,emergency,0.20999498665332794,512.782958984375,599.8422241210938,0.10219970345497131,0.8427679538726807,0.05503035709261894
/tmp/drone_acoustic_2026w14_phase1_downloads/raw/crema_d/audios/1027_IEO_FEA_LO.wav,FEA,emergency,emergency,0.0268508680164814,288.2309875488281,447.1014404296875,0.777286946773529,0.21220175921916962,0.010455776005983353
/tmp/drone_acoustic_2026w14_phase1_downloads/raw/crema_d/audios/1027_IEO_FEA_MD.wav,FEA,emergency,emergency,0.08305216580629349,343.5641784667969,462.4430847167969,0.45304203033447266,0.5349408388137817,0.012004105374217033
/tmp/drone_acoustic_2026w14_phase1_downloads/raw/crema_d/audios/1027_IEO_NEU_XX.wav,NEU,normal,normal,0.0697672963142395,330.84185791015625,452.6507568359375,0.5132240056991577,0.47022348642349243,0.016495002433657646
/tmp/drone_acoustic_2026w14_phase1_downloads/raw/crema_d/audios/1027_IOM_ANG_XX.wav,ANG,emergency,emergency,0.5590240359306335,690.9885864257812,685.4049072265625,0.3446434736251831,0.4871898889541626,0.16814778745174408
/tmp/drone_acoustic_2026w14_phase1_downloads/raw/crema_d/audios/1027_IOM_FEA_XX.wav,FEA,emergency,emergency,0.08666661381721497,332.69635009765625,415.9456787109375,0.7343379259109497,0.24657614529132843,0.019083864986896515
/tmp/drone_acoustic_2026w14_phase1_downloads/raw/crema_d/audios/1027_IOM_NEU_XX.wav,NEU,normal,normal,0.06062925234436989,277.4718017578125,323.6368408203125,0.7187914848327637,0.2731207311153412,0.008079895749688148
/tmp/drone_acoustic_2026w14_phase1_downloads/raw/crema_d/audios/1027_ITH_ANG_XX.wav,ANG,emergency,emergency,0.22175182402133942,630.3031616210938,618.6561279296875,0.14300401508808136,0.7911924123764038,0.06580086052417755
/tmp/drone_acoustic_2026w14_phase1_downloads/raw/crema_d/audios/1027_ITH_FEA_XX.wav,FEA,emergency,emergency,0.15186606347560883,346.5397644042969,478.3630065917969,0.5636677742004395,0.41230282187461853,0.024018023163080215
/tmp/drone_acoustic_2026w14_phase1_downloads/raw/crema_d/audios/1027_ITH_NEU_XX.wav,NEU,normal,normal,0.09145624935626984,344.24298095703125,430.1279296875,0.43367481231689453,0.5440949201583862,0.022218570113182068
/tmp/drone_acoustic_2026w14_phase1_downloads/raw/crema_d/audios/1027_ITS_ANG_XX.wav,ANG,emergency,emergency,0.051295626908540726,753.3576049804688,669.3267822265625,0.187317356467247,0.7869171500205994,0.025615548714995384
/tmp/drone_acoustic_2026w14_phase1_downloads/raw/crema_d/audios/1027_ITS_FEA_XX.wav,FEA,emergency,emergency,0.019187236204743385,504.3022766113281,598.1590576171875,0.8087779879570007,0.16953204572200775,0.02166968211531639
/tmp/drone_acoustic_2026w14_phase1_downloads/raw/crema_d/audios/1027_ITS_NEU_XX.wav,NEU,normal,normal,0.015776216983795166,468.4768981933594,639.0114135742188,0.8797917366027832,0.1052246168255806,0.01497751846909523
/tmp/drone_acoustic_2026w14_phase1_downloads/raw/crema_d/audios/1027_IWL_ANG_XX.wav,ANG,emergency,emergency,0.6739587783813477,720.056396484375,615.6259765625,0.16225096583366394,0.754894495010376,0.08284914493560791
/tmp/drone_acoustic_2026w14_phase1_downloads/raw/crema_d/audios/1027_IWL_FEA_XX.wav,FEA,emergency,emergency,0.05090150609612465,304.1657409667969,360.6312255859375,0.6756876111030579,0.31664079427719116,0.007665751501917839
/tmp/drone_acoustic_2026w14_phase1_downloads/raw/crema_d/audios/1027_IWL_NEU_XX.wav,NEU,normal,normal,0.04759136587381363,329.5723876953125,354.3378601074219,0.5387498736381531,0.4540504217147827,0.007195573300123215
/tmp/drone_acoustic_2026w14_phase1_downloads/raw/crema_d/audios/1027_IWW_ANG_XX.wav,ANG,emergency,emergency,0.0983848124742508,644.0033569335938,684.3018798828125,0.40522655844688416,0.5419154167175293,0.0527733713388443
/tmp/drone_acoustic_2026w14_phase1_downloads/raw/crema_d/audios/1027_IWW_FEA_XX.wav,FEA,emergency,emergency,0.03895359858870506,484.8474426269531,603.6680908203125,0.5936930775642395,0.3843829035758972,0.02184121310710907
/tmp/drone_acoustic_2026w14_phase1_downloads/raw/crema_d/audios/1027_IWW_NEU_XX.wav,NEU,normal,normal,0.036569464951753616,359.34722900390625,480.3035888671875,0.6513083577156067,0.33772870898246765,0.010929727926850319
/tmp/drone_acoustic_2026w14_phase1_downloads/raw/crema_d/audios/1027_MTI_ANG_XX.wav,ANG,emergency,emergency,0.09254185855388641,523.6467895507812,476.2227478027344,0.24259084463119507,0.7263201475143433,0.03108755685389042
/tmp/drone_acoustic_2026w14_phase1_downloads/raw/crema_d/audios/1027_MTI_FEA_XX.wav,FEA,emergency,emergency,0.08661992847919464,301.5110778808594,351.5306701660156,0.6192087531089783,0.3777011036872864,0.003084988798946142
/tmp/drone_acoustic_2026w14_phase1_downloads/raw/crema_d/audios/1027_MTI_NEU_XX.wav,NEU,normal,normal,0.0647948756814003,364.359619140625,330.9407043457031,0.682891309261322,0.31097134947776794,0.00613443972542882
/tmp/drone_acoustic_2026w14_phase1_downloads/raw/crema_d/audios/1027_TAI_ANG_XX.wav,ANG,emergency,emergency,0.09933658689260483,570.081787109375,544.0070190429688,0.047200437635183334,0.9105373620986938,0.04225879907608032
/tmp/drone_acoustic_2026w14_phase1_downloads/raw/crema_d/audios/1027_TAI_FEA_XX.wav,FEA,emergency,emergency,0.007927139289677143,434.2093505859375,523.4689331054688,0.16796264052391052,0.827933669090271,0.004102684091776609
/tmp/drone_acoustic_2026w14_phase1_downloads/raw/crema_d/audios/1027_TAI_NEU_XX.wav,NEU,normal,normal,0.030327029526233673,344.7364807128906,431.2255554199219,0.5760409235954285,0.41392701864242554,0.01002422347664833
/tmp/drone_acoustic_2026w14_phase1_downloads/raw/crema_d/audios/1027_TIE_ANG_XX.wav,ANG,emergency,emergency,0.3624134361743927,492.2653503417969,509.6697692871094,0.17796815931797028,0.7513262629508972,0.07070133090019226
/tmp/drone_acoustic_2026w14_phase1_downloads/raw/crema_d/audios/1027_TIE_FEA_XX.wav,FEA,emergency,emergency,0.06696442514657974,312.4822692871094,426.9151916503906,0.5320232510566711,0.4506855607032776,0.017283253371715546
/tmp/drone_acoustic_2026w14_phase1_downloads/raw/crema_d/audios/1027_TIE_NEU_XX.wav,NEU,normal,normal,0.06726126372814178,335.6413269042969,464.3078308105469,0.4948475956916809,0.4866042137145996,0.018528278917074203
/tmp/drone_acoustic_2026w14_phase1_downloads/raw/crema_d/audios/1027_TSI_ANG_XX.wav,ANG,emergency,emergency,0.1687835156917572,1397.5069580078125,1049.79345703125,0.1403973549604416,0.7869260311126709,0.07263238728046417
/tmp/drone_acoustic_2026w14_phase1_downloads/raw/crema_d/audios/1027_TSI_FEA_XX.wav,FEA,emergency,emergency,0.05799240991473198,874.8467407226562,865.5237426757812,0.6174978613853455,0.28944066166877747,0.09277476370334625
/tmp/drone_acoustic_2026w14_phase1_downloads/raw/crema_d/audios/1027_TSI_NEU_XX.wav,NEU,normal,normal,0.04685671627521515,855.349365234375,933.158935546875,0.6824429631233215,0.25743865966796875,0.059942666441202164
/tmp/drone_acoustic_2026w14_phase1_downloads/raw/crema_d/audios/1027_WSI_ANG_XX.wav,ANG,emergency,emergency,0.41630715131759644,1053.4560546875,861.193359375,0.2311769425868988,0.70186448097229,0.0669444352388382
/tmp/drone_acoustic_2026w14_phase1_downloads/raw/crema_d/audios/1027_WSI_FEA_XX.wav,FEA,emergency,emergency,0.03798103705048561,472.04180908203125,562.730712890625,0.5045153498649597,0.48398926854133606,0.011480146087706089
/tmp/drone_acoustic_2026w14_phase1_downloads/raw/crema_d/audios/1027_WSI_NEU_XX.wav,NEU,normal,normal,0.048499174416065216,462.9364318847656,575.65380859375,0.6816821098327637,0.3046870529651642,0.0135950967669487
/tmp/drone_acoustic_2026w14_phase1_downloads/raw/crema_d/audios/1028_DFA_ANG_XX.wav,ANG,emergency,emergency,0.1406099945306778,745.96044921875,703.5059204101562,0.11484658718109131,0.8294603824615479,0.05568515881896019
/tmp/drone_acoustic_2026w14_phase1_downloads/raw/crema_d/audios/1028_DFA_FEA_XX.wav,FEA,emergency,emergency,0.03765968605875969,386.67425537109375,464.0370178222656,0.6949726939201355,0.2893997132778168,0.015606897883117199
/tmp/drone_acoustic_2026w14_phase1_downloads/raw/crema_d/audios/1028_DFA_NEU_XX.wav,NEU,normal,normal,0.0447094589471817,378.42047119140625,528.3106689453125,0.5945400595664978,0.38308945298194885,0.022357633337378502
/tmp/drone_acoustic_2026w14_phase1_downloads/raw/crema_d/audios/1028_IEO_ANG_HI.wav,ANG,emergency,emergency,1.1084343194961548,874.2916870117188,751.6456298828125,0.06255237013101578,0.8550281524658203,0.08239869028329849
/tmp/drone_acoustic_2026w14_phase1_downloads/raw/crema_d/audios/1028_IEO_ANG_LO.wav,ANG,emergency,emergency,0.33466458320617676,506.5170593261719,525.507568359375,0.2755844295024872,0.6924960613250732,0.031913165003061295
/tmp/drone_acoustic_2026w14_phase1_downloads/raw/crema_d/audios/1028_IEO_ANG_MD.wav,ANG,emergency,emergency,0.13933613896369934,475.85699462890625,509.41351318359375,0.3510289788246155,0.6219872832298279,0.026977207511663437
/tmp/drone_acoustic_2026w14_phase1_downloads/raw/crema_d/audios/1028_IEO_FEA_HI.wav,FEA,emergency,emergency,0.29194527864456177,582.17138671875,603.8084716796875,0.29754117131233215,0.6412197947502136,0.061227474361658096
/tmp/drone_acoustic_2026w14_phase1_downloads/raw/crema_d/audios/1028_IEO_FEA_LO.wav,FEA,emergency,emergency,0.025029685348272324,301.1403503417969,420.4850158691406,0.7635668516159058,0.229120135307312,0.007279376033693552
/tmp/drone_acoustic_2026w14_phase1_downloads/raw/crema_d/audios/1028_IEO_FEA_MD.wav,FEA,emergency,emergency,0.015773579478263855,247.31607055664062,414.9045104980469,0.8785799741744995,0.11197517812252045,0.009407835081219673
/tmp/drone_acoustic_2026w14_phase1_downloads/raw/crema_d/audios/1028_IEO_NEU_XX.wav,NEU,normal,normal,0.026493221521377563,312.4216003417969,416.9423522949219,0.6168405413627625,0.375310480594635,0.007837703451514244
/tmp/drone_acoustic_2026w14_phase1_downloads/raw/crema_d/audios/1028_IOM_ANG_XX.wav,ANG,emergency,emergency,0.6714030504226685,622.7091064453125,542.1517944335938,0.2388036847114563,0.685331404209137,0.07585438340902328
/tmp/drone_acoustic_2026w14_phase1_downloads/raw/crema_d/audios/1028_IOM_FEA_XX.wav,FEA,emergency,emergency,0.06439004838466644,490.3889465332031,369.77679443359375,0.6051680445671082,0.37804847955703735,0.016780022531747818
/tmp/drone_acoustic_2026w14_phase1_downloads/raw/crema_d/audios/1028_IOM_NEU_XX.wav,NEU,normal,normal,0.15340766310691833,445.5465393066406,408.4288330078125,0.5158499479293823,0.4707690179347992,0.013373653404414654
/tmp/drone_acoustic_2026w14_phase1_downloads/raw/crema_d/audios/1028_ITH_ANG_XX.wav,ANG,emergency,emergency,0.5283061265945435,634.2755126953125,628.3558349609375,0.13709940016269684,0.7510482668876648,0.11184311658143997
/tmp/drone_acoustic_2026w14_phase1_downloads/raw/crema_d/audios/1028_ITH_FEA_XX.wav,FEA,emergency,emergency,0.02714855968952179,309.3106994628906,368.0978088378906,0.9105545282363892,0.08151555806398392,0.007924303412437439
/tmp/drone_acoustic_2026w14_phase1_downloads/raw/crema_d/audios/1028_ITH_NEU_XX.wav,NEU,normal,normal,0.05243448168039322,311.9114074707031,413.2621765136719,0.7755739092826843,0.21358123421669006,0.010830825194716454
/tmp/drone_acoustic_2026w14_phase1_downloads/raw/crema_d/audios/1028_ITS_ANG_XX.wav,ANG,emergency,emergency,0.6099873781204224,776.700439453125,745.722900390625,0.26294755935668945,0.59645676612854,0.14055092632770538
/tmp/drone_acoustic_2026w14_phase1_downloads/raw/crema_d/audios/1028_ITS_FEA_XX.wav,FEA,emergency,emergency,0.006176295690238476,456.4380798339844,547.678466796875,0.9303299188613892,0.06261032819747925,0.0070443605072796345
/tmp/drone_acoustic_2026w14_phase1_downloads/raw/crema_d/audios/1028_ITS_NEU_XX.wav,NEU,normal,normal,0.02222719043493271,394.09210205078125,539.94970703125,0.8269105553627014,0.15900260210037231,0.014052453450858593
/tmp/drone_acoustic_2026w14_phase1_downloads/raw/crema_d/audios/1028_IWL_ANG_XX.wav,ANG,emergency,emergency,0.25243762135505676,605.8087158203125,550.2976684570312,0.3230789005756378,0.5876189470291138,0.08929262310266495
/tmp/drone_acoustic_2026w14_phase1_downloads/raw/crema_d/audios/1028_IWL_FEA_XX.wav,FEA,emergency,emergency,0.02289559878408909,339.1377868652344,321.5715637207031,0.8169671297073364,0.17938324809074402,0.0036464796867221594
/tmp/drone_acoustic_2026w14_phase1_downloads/raw/crema_d/audios/1028_IWL_NEU_XX.wav,NEU,normal,normal,0.057305630296468735,329.9194641113281,367.00811767578125,0.6758622527122498,0.3171456456184387,0.006979807745665312
/tmp/drone_acoustic_2026w14_phase1_downloads/raw/crema_d/audios/1028_IWW_ANG_XX.wav,ANG,emergency,emergency,0.44094255566596985,521.6232299804688,583.0989990234375,0.17883403599262238,0.7415700554847717,0.07958187162876129
/tmp/drone_acoustic_2026w14_phase1_downloads/raw/crema_d/audios/1028_IWW_FEA_XX.wav,FEA,emergency,emergency,0.03240437060594559,425.6238708496094,343.23162841796875,0.6000382304191589,0.39381155371665955,0.006146373692899942
/tmp/drone_acoustic_2026w14_phase1_downloads/raw/crema_d/audios/1028_IWW_NEU_XX.wav,NEU,normal,normal,0.04338344186544418,374.1247863769531,491.7018737792969,0.50332111120224,0.4868027865886688,0.009856471791863441
/tmp/drone_acoustic_2026w14_phase1_downloads/raw/crema_d/audios/1028_MTI_ANG_XX.wav,ANG,emergency,emergency,0.2209862470626831,520.0161743164062,439.0819091796875,0.2758885622024536,0.6461828947067261,0.0779225304722786
/tmp/drone_acoustic_2026w14_phase1_downloads/raw/crema_d/audios/1028_MTI_FEA_XX.wav,FEA,emergency,emergency,0.01210907194763422,319.466552734375,303.55108642578125,0.9110757112503052,0.08490926772356033,0.004011883400380611
/tmp/drone_acoustic_2026w14_phase1_downloads/raw/crema_d/audios/1028_MTI_NEU_XX.wav,NEU,normal,normal,0.04242147505283356,364.9887390136719,380.7408142089844,0.6823999285697937,0.30782124400138855,0.009759522043168545
/tmp/drone_acoustic_2026w14_phase1_downloads/raw/crema_d/audios/1028_TAI_ANG_XX.wav,ANG,emergency,emergency,0.17667679488658905,644.6412353515625,663.5052490234375,0.1347949057817459,0.7889881730079651,0.07620410621166229
/tmp/drone_acoustic_2026w14_phase1_downloads/raw/crema_d/audios/1028_TAI_FEA_XX.wav,FEA,emergency,emergency,0.008151598274707794,333.6740417480469,408.74127197265625,0.8067646026611328,0.19014552235603333,0.0030844309367239475
/tmp/drone_acoustic_2026w14_phase1_downloads/raw/crema_d/audios/1028_TAI_NEU_XX.wav,NEU,normal,normal,0.02700771763920784,378.1753845214844,477.56280517578125,0.5130403637886047,0.46954628825187683,0.017399219796061516
/tmp/drone_acoustic_2026w14_phase1_downloads/raw/crema_d/audios/1028_TIE_ANG_XX.wav,ANG,emergency,emergency,0.7568517923355103,568.72412109375,587.406005859375,0.1276881992816925,0.7507942318916321,0.12151254713535309
/tmp/drone_acoustic_2026w14_phase1_downloads/raw/crema_d/audios/1028_TIE_FEA_XX.wav,FEA,emergency,emergency,0.11476307362318039,353.5025634765625,409.2960510253906,0.538073718547821,0.4306880533695221,0.031229520216584206
/tmp/drone_acoustic_2026w14_phase1_downloads/raw/crema_d/audios/1028_TIE_NEU_XX.wav,NEU,normal,normal,0.018986189737915993,312.02838134765625,421.86846923828125,0.6714445948600769,0.3196924328804016,0.008792649023234844
/tmp/drone_acoustic_2026w14_phase1_downloads/raw/crema_d/audios/1028_TSI_ANG_XX.wav,ANG,emergency,emergency,0.27752506732940674,1610.965576171875,1189.9422607421875,0.19000300765037537,0.7419022917747498,0.06794310361146927
/tmp/drone_acoustic_2026w14_phase1_downloads/raw/crema_d/audios/1028_TSI_FEA_XX.wav,FEA,emergency,emergency,0.016183357685804367,529.7610473632812,758.8240356445312,0.9384168386459351,0.033542852848768234,0.027989665046334267
/tmp/drone_acoustic_2026w14_phase1_downloads/raw/crema_d/audios/1028_TSI_NEU_XX.wav,NEU,normal,normal,0.021814733743667603,684.6659545898438,839.4739379882812,0.4144338071346283,0.554009199142456,0.03136959299445152
/tmp/drone_acoustic_2026w14_phase1_downloads/raw/crema_d/audios/1028_WSI_ANG_XX.wav,ANG,emergency,emergency,0.18045127391815186,795.2676391601562,850.1661376953125,0.36390015482902527,0.582038402557373,0.05405227467417717
/tmp/drone_acoustic_2026w14_phase1_downloads/raw/crema_d/audios/1028_WSI_FEA_XX.wav,FEA,emergency,emergency,0.027338888496160507,414.9081726074219,515.969970703125,0.8570694923400879,0.13315759599208832,0.009747983887791634
/tmp/drone_acoustic_2026w14_phase1_downloads/raw/crema_d/audios/1028_WSI_NEU_XX.wav,NEU,normal,normal,0.06779833883047104,436.4124755859375,517.44775390625,0.5546634197235107,0.4308944046497345,0.014420283026993275
/tmp/drone_acoustic_2026w14_phase1_downloads/raw/crema_d/audios/1029_DFA_ANG_XX.wav,ANG,emergency,emergency,0.31711116433143616,880.55615234375,804.8413696289062,0.19440145790576935,0.6911724209785461,0.11442244052886963
/tmp/drone_acoustic_2026w14_phase1_downloads/raw/crema_d/audios/1029_DFA_FEA_XX.wav,FEA,emergency,emergency,0.8052913546562195,1025.7835693359375,859.1495971679688,0.1616845726966858,0.5902029275894165,0.24810294806957245
/tmp/drone_acoustic_2026w14_phase1_downloads/raw/crema_d/audios/1029_DFA_NEU_XX.wav,NEU,normal,normal,0.09000255167484283,426.5245361328125,547.0142211914062,0.41478291153907776,0.5606378316879272,0.024575507268309593
/tmp/drone_acoustic_2026w14_phase1_downloads/raw/crema_d/audios/1029_IEO_ANG_HI.wav,ANG,emergency,emergency,2.6539876461029053,1073.7396240234375,662.6206665039062,0.054158829152584076,0.7215496897697449,0.22425678372383118
/tmp/drone_acoustic_2026w14_phase1_downloads/raw/crema_d/audios/1029_IEO_ANG_LO.wav,ANG,emergency,emergency,0.2741956114768982,560.771728515625,553.041015625,0.19351094961166382,0.7824861407279968,0.023992441594600677
/tmp/drone_acoustic_2026w14_phase1_downloads/raw/crema_d/audios/1029_IEO_ANG_MD.wav,ANG,emergency,emergency,1.6296178102493286,692.4009399414062,626.5076293945312,0.19203905761241913,0.7714903950691223,0.03646893426775932
/tmp/drone_acoustic_2026w14_phase1_downloads/raw/crema_d/audios/1029_IEO_FEA_HI.wav,FEA,emergency,emergency,0.47877997159957886,726.910400390625,552.6762084960938,0.01491603534668684,0.9069114327430725,0.07816790789365768
/tmp/drone_acoustic_2026w14_phase1_downloads/raw/crema_d/audios/1029_IEO_FEA_LO.wav,FEA,emergency,emergency,0.01912526786327362,310.53045654296875,486.7646179199219,0.7675296068191528,0.22691012918949127,0.005546375643461943
/tmp/drone_acoustic_2026w14_phase1_downloads/raw/crema_d/audios/1029_IEO_FEA_MD.wav,FEA,emergency,emergency,0.02686852589249611,326.2117919921875,482.71954345703125,0.8287966251373291,0.16260874271392822,0.00858287699520588
/tmp/drone_acoustic_2026w14_phase1_downloads/raw/crema_d/audios/1029_IEO_NEU_XX.wav,NEU,normal,normal,0.07815411686897278,357.7369079589844,510.0298767089844,0.4144913852214813,0.5753283500671387,0.01017568726092577
/tmp/drone_acoustic_2026w14_phase1_downloads/raw/crema_d/audios/1029_IOM_ANG_XX.wav,ANG,emergency,emergency,0.7949399948120117,638.2560424804688,563.4276733398438,0.344983845949173,0.5746538639068604,0.08035804331302643
/tmp/drone_acoustic_2026w14_phase1_downloads/raw/crema_d/audios/1029_IOM_FEA_XX.wav,FEA,emergency,emergency,0.029887709766626358,378.2866516113281,356.5888366699219,0.8854157328605652,0.1121574342250824,0.0024249241687357426
/tmp/drone_acoustic_2026w14_phase1_downloads/raw/crema_d/audios/1029_IOM_NEU_XX.wav,NEU,normal,normal,0.06950216740369797,430.0901794433594,449.6076965332031,0.7069554328918457,0.2795858681201935,0.013452989980578423
/tmp/drone_acoustic_2026w14_phase1_downloads/raw/crema_d/audios/1029_ITH_ANG_XX.wav,ANG,emergency,emergency,1.8744659423828125,762.5025634765625,675.7139892578125,0.11945545673370361,0.7147684693336487,0.16576817631721497
/tmp/drone_acoustic_2026w14_phase1_downloads/raw/crema_d/audios/1029_ITH_FEA_XX.wav,FEA,emergency,emergency,1.2999181747436523,656.97412109375,648.3567504882812,0.24299649894237518,0.7345983982086182,0.022402020171284676
/tmp/drone_acoustic_2026w14_phase1_downloads/raw/crema_d/audios/1029_ITH_NEU_XX.wav,NEU,normal,normal,0.19712521135807037,456.90118408203125,508.9027404785156,0.3799706697463989,0.5955102443695068,0.02451375499367714
/tmp/drone_acoustic_2026w14_phase1_downloads/raw/crema_d/audios/1029_ITS_ANG_XX.wav,ANG,emergency,emergency,0.4264639914035797,967.4192504882812,761.246826171875,0.3997943699359894,0.50006502866745,0.1001337394118309
/tmp/drone_acoustic_2026w14_phase1_downloads/raw/crema_d/audios/1029_ITS_FEA_XX.wav,FEA,emergency,emergency,0.27123820781707764,1111.3055419921875,878.6295776367188,0.034396540373563766,0.8532587885856628,0.11233874410390854
/tmp/drone_acoustic_2026w14_phase1_downloads/raw/crema_d/audios/1029_ITS_NEU_XX.wav,NEU,normal,normal,0.12207216024398804,675.0278930664062,660.2142944335938,0.32587090134620667,0.6087350249290466,0.06537462025880814
/tmp/drone_acoustic_2026w14_phase1_downloads/raw/crema_d/audios/1029_IWL_ANG_XX.wav,ANG,emergency,emergency,0.2191266119480133,645.3589477539062,513.54345703125,0.6059651374816895,0.33737388253211975,0.05665888264775276
/tmp/drone_acoustic_2026w14_phase1_downloads/raw/crema_d/audios/1029_IWL_FEA_XX.wav,FEA,emergency,emergency,0.7614427208900452,889.0320434570312,638.2656860351562,0.22912199795246124,0.7472889423370361,0.023587487637996674
/tmp/drone_acoustic_2026w14_phase1_downloads/raw/crema_d/audios/1029_IWL_NEU_XX.wav,NEU,normal,normal,0.24830472469329834,452.36700439453125,491.7568054199219,0.48461130261421204,0.49954161047935486,0.015845175832509995
/tmp/drone_acoustic_2026w14_phase1_downloads/raw/crema_d/audios/1029_IWW_ANG_XX.wav,ANG,emergency,emergency,0.10431760549545288,640.805908203125,671.169189453125,0.5544737577438354,0.4301161766052246,0.01540728285908699
/tmp/drone_acoustic_2026w14_phase1_downloads/raw/crema_d/audios/1029_IWW_FEA_XX.wav,FEA,emergency,emergency,0.01922079734504223,509.4559631347656,626.4530639648438,0.9249539375305176,0.059758737683296204,0.015258760191500187
/tmp/drone_acoustic_2026w14_phase1_downloads/raw/crema_d/audios/1029_IWW_NEU_XX.wav,NEU,normal,normal,0.06871427595615387,503.4650573730469,567.58984375,0.5263972282409668,0.46346214413642883,0.010132092982530594
/tmp/drone_acoustic_2026w14_phase1_downloads/raw/crema_d/audios/1029_MTI_ANG_XX.wav,ANG,emergency,emergency,0.51068115234375,673.0863647460938,624.7269897460938,0.13766463100910187,0.8073450922966003,0.05498577654361725
/tmp/drone_acoustic_2026w14_phase1_downloads/raw/crema_d/audios/1029_MTI_FEA_XX.wav,FEA,emergency,emergency,0.9802780747413635,735.5822143554688,628.7239379882812,0.2852799892425537,0.6207078695297241,0.09400889277458191
/tmp/drone_acoustic_2026w14_phase1_downloads/raw/crema_d/audios/1029_MTI_NEU_XX.wav,NEU,normal,normal,0.08424358069896698,483.6338195800781,502.6431884765625,0.7075199484825134,0.27410969138145447,0.01836603507399559
/tmp/drone_acoustic_2026w14_phase1_downloads/raw/crema_d/audios/1029_TAI_ANG_XX.wav,ANG,emergency,emergency,0.5223736763000488,830.9173583984375,770.614013671875,0.16304686665534973,0.6961002349853516,0.14084084331989288
/tmp/drone_acoustic_2026w14_phase1_downloads/raw/crema_d/audios/1029_TAI_FEA_XX.wav,FEA,emergency,emergency,0.026165900751948357,560.0484008789062,604.0692749023438,0.8505007028579712,0.12641498446464539,0.023062052205204964
/tmp/drone_acoustic_2026w14_phase1_downloads/raw/crema_d/audios/1029_TAI_NEU_XX.wav,NEU,normal,normal,0.04582107067108154,463.2142333984375,522.8206787109375,0.48202937841415405,0.4975109100341797,0.020451491698622704
/tmp/drone_acoustic_2026w14_phase1_downloads/raw/crema_d/audios/1029_TIE_ANG_XX.wav,ANG,emergency,emergency,1.839362621307373,647.8046875,589.1254272460938,0.1452004611492157,0.4809856414794922,0.37379759550094604
/tmp/drone_acoustic_2026w14_phase1_downloads/raw/crema_d/audios/1029_TIE_FEA_XX.wav,FEA,emergency,emergency,0.05806705355644226,420.8147277832031,505.1497497558594,0.6088075637817383,0.37092283368110657,0.020264005288481712
/tmp/drone_acoustic_2026w14_phase1_downloads/raw/crema_d/audios/1029_TIE_NEU_XX.wav,NEU,normal,normal,0.0845324844121933,392.08404541015625,451.77496337890625,0.32841265201568604,0.631381094455719,0.04020196571946144
/tmp/drone_acoustic_2026w14_phase1_downloads/raw/crema_d/audios/1029_TSI_ANG_XX.wav,ANG,emergency,emergency,0.6545217633247375,1568.8779296875,1125.658203125,0.0993109866976738,0.70296311378479,0.1976460963487625
/tmp/drone_acoustic_2026w14_phase1_downloads/raw/crema_d/audios/1029_TSI_FEA_XX.wav,FEA,emergency,emergency,0.2812376916408539,1300.9366455078125,1102.7996826171875,0.2916507124900818,0.6153174638748169,0.09299805015325546
/tmp/drone_acoustic_2026w14_phase1_downloads/raw/crema_d/audios/1029_TSI_NEU_XX.wav,NEU,normal,normal,0.08320625871419907,1627.00341796875,1215.5401611328125,0.3823276460170746,0.544804573059082,0.07251649349927902
/tmp/drone_acoustic_2026w14_phase1_downloads/raw/crema_d/audios/1029_WSI_ANG_XX.wav,ANG,emergency,emergency,2.4734859466552734,1505.482666015625,969.417236328125,0.16902561485767365,0.6601294279098511,0.17083688080310822
/tmp/drone_acoustic_2026w14_phase1_downloads/raw/crema_d/audios/1029_WSI_FEA_XX.wav,FEA,emergency,emergency,0.7097429037094116,1211.2996826171875,912.8471069335938,0.031009962782263756,0.8042759299278259,0.16468779742717743
/tmp/drone_acoustic_2026w14_phase1_downloads/raw/crema_d/audios/1029_WSI_NEU_XX.wav,NEU,normal,normal,0.3229728639125824,828.3950805664062,794.0872192382812,0.3957346975803375,0.5825785994529724,0.021643701940774918
/tmp/drone_acoustic_2026w14_phase1_downloads/raw/crema_d/audios/1030_DFA_ANG_XX.wav,ANG,emergency,emergency,0.47239771485328674,735.0648803710938,709.7610473632812,0.11893492937088013,0.676146388053894,0.20491597056388855
/tmp/drone_acoustic_2026w14_phase1_downloads/raw/crema_d/audios/1030_DFA_FEA_XX.wav,FEA,emergency,emergency,0.05194305256009102,373.6316833496094,499.8343811035156,0.5448388457298279,0.4363815188407898,0.01877576671540737
/tmp/drone_acoustic_2026w14_phase1_downloads/raw/crema_d/audios/1030_DFA_NEU_XX.wav,NEU,normal,normal,0.034276705235242844,356.990966796875,533.1331176757812,0.4517923891544342,0.539634108543396,0.008565082214772701
/tmp/drone_acoustic_2026w14_phase1_downloads/raw/crema_d/audios/1030_IEO_ANG_HI.wav,ANG,emergency,emergency,0.5059432983398438,842.252197265625,776.6160278320312,0.3002792298793793,0.6131350994110107,0.08657903969287872
/tmp/drone_acoustic_2026w14_phase1_downloads/raw/crema_d/audios/1030_IEO_ANG_LO.wav,ANG,emergency,emergency,0.12289958447217941,540.8192138671875,505.708251953125,0.2286793291568756,0.761282742023468,0.010032513178884983
/tmp/drone_acoustic_2026w14_phase1_downloads/raw/crema_d/audios/1030_IEO_ANG_MD.wav,ANG,emergency,emergency,0.1722663938999176,617.6969604492188,617.8190307617188,0.2943471372127533,0.6549230217933655,0.050723712891340256
/tmp/drone_acoustic_2026w14_phase1_downloads/raw/crema_d/audios/1030_IEO_FEA_HI.wav,FEA,emergency,emergency,0.08674979209899902,682.5818481445312,762.9845581054688,0.6067801713943481,0.3853042721748352,0.007911982014775276
/tmp/drone_acoustic_2026w14_phase1_downloads/raw/crema_d/audios/1030_IEO_FEA_LO.wav,FEA,emergency,emergency,0.04210349917411804,326.8421630859375,445.51715087890625,0.803055465221405,0.1925932765007019,0.004328048788011074
/tmp/drone_acoustic_2026w14_phase1_downloads/raw/crema_d/audios/1030_IEO_FEA_MD.wav,FEA,emergency,emergency,0.025281943380832672,320.6952209472656,485.6646728515625,0.7886027097702026,0.20587527751922607,0.005500127095729113
/tmp/drone_acoustic_2026w14_phase1_downloads/raw/crema_d/audios/1030_IEO_NEU_XX.wav,NEU,normal,normal,0.02345398999750614,383.1693420410156,457.2827453613281,0.5942924618721008,0.4010253846645355,0.004673025570809841
/tmp/drone_acoustic_2026w14_phase1_downloads/raw/crema_d/audios/1030_IOM_ANG_XX.wav,ANG,emergency,emergency,0.20540297031402588,464.18878173828125,531.2133178710938,0.44394537806510925,0.5107219815254211,0.04531792923808098
/tmp/drone_acoustic_2026w14_phase1_downloads/raw/crema_d/audios/1030_IOM_FEA_XX.wav,FEA,emergency,emergency,0.006975572556257248,279.86541748046875,385.54449462890625,0.9481415152549744,0.04949277639389038,0.00235564773902297
/tmp/drone_acoustic_2026w14_phase1_downloads/raw/crema_d/audios/1030_IOM_NEU_XX.wav,NEU,normal,normal,0.02482582814991474,327.7467346191406,427.8268737792969,0.8325629234313965,0.16307516396045685,0.004354048520326614
/tmp/drone_acoustic_2026w14_phase1_downloads/raw/crema_d/audios/1030_ITH_ANG_XX.wav,ANG,emergency,emergency,0.6806349754333496,614.0773315429688,591.991455078125,0.1570603847503662,0.7970054745674133,0.045931410044431686
/tmp/drone_acoustic_2026w14_phase1_downloads/raw/crema_d/audios/1030_ITH_FEA_XX.wav,FEA,emergency,emergency,0.24382038414478302,564.33447265625,612.3676147460938,0.3309086859226227,0.635658860206604,0.03343108296394348
/tmp/drone_acoustic_2026w14_phase1_downloads/raw/crema_d/audios/1030_ITH_NEU_XX.wav,NEU,normal,normal,0.06388262659311295,431.3567810058594,509.8813171386719,0.5390288829803467,0.4394747316837311,0.02148924022912979
/tmp/drone_acoustic_2026w14_phase1_downloads/raw/crema_d/audios/1030_ITS_ANG_XX.wav,ANG,emergency,emergency,0.07122097909450531,764.6929931640625,810.5682983398438,0.5823294520378113,0.36870554089546204,0.048962488770484924
/tmp/drone_acoustic_2026w14_phase1_downloads/raw/crema_d/audios/1030_ITS_FEA_XX.wav,FEA,emergency,emergency,0.010062506422400475,579.8438110351562,705.4810180664062,0.801306962966919,0.18780501186847687,0.010880647227168083
/tmp/drone_acoustic_2026w14_phase1_downloads/raw/crema_d/audios/1030_ITS_NEU_XX.wav,NEU,normal,normal,0.013917382806539536,559.745361328125,607.036865234375,0.8098089098930359,0.16220468282699585,0.027896473184227943
/tmp/drone_acoustic_2026w14_phase1_downloads/raw/crema_d/audios/1030_IWL_ANG_XX.wav,ANG,emergency,emergency,0.5177561640739441,652.23291015625,556.4935302734375,0.30615609884262085,0.6399007439613342,0.053935661911964417
/tmp/drone_acoustic_2026w14_phase1_downloads/raw/crema_d/audios/1030_IWL_FEA_XX.wav,FEA,emergency,emergency,0.38377150893211365,523.708740234375,484.91162109375,0.3552319407463074,0.5899571776390076,0.05480973422527313
/tmp/drone_acoustic_2026w14_phase1_downloads/raw/crema_d/audios/1030_IWL_NEU_XX.wav,NEU,normal,normal,0.051048409193754196,398.96221923828125,383.995849609375,0.5289157629013062,0.4640164375305176,0.007064112462103367
/tmp/drone_acoustic_2026w14_phase1_downloads/raw/crema_d/audios/1030_IWW_ANG_XX.wav,ANG,emergency,emergency,0.1108919233083725,588.6741943359375,645.2748413085938,0.3287835419178009,0.6341702342033386,0.03703600540757179
/tmp/drone_acoustic_2026w14_phase1_downloads/raw/crema_d/audios/1030_IWW_FEA_XX.wav,FEA,emergency,emergency,0.024119731038808823,373.6983947753906,489.14581298828125,0.644742488861084,0.34832054376602173,0.006921791937202215
/tmp/drone_acoustic_2026w14_phase1_downloads/raw/crema_d/audios/1030_IWW_NEU_XX.wav,NEU,normal,normal,0.026599176228046417,426.0885009765625,498.120849609375,0.7085557579994202,0.28538158535957336,0.006055634003132582
/tmp/drone_acoustic_2026w14_phase1_downloads/raw/crema_d/audios/1030_MTI_ANG_XX.wav,ANG,emergency,emergency,0.13293389976024628,570.62353515625,460.2845153808594,0.40280377864837646,0.5819578170776367,0.01523655652999878
/tmp/drone_acoustic_2026w14_phase1_downloads/raw/crema_d/audios/1030_MTI_FEA_XX.wav,FEA,emergency,emergency,0.16450975835323334,488.3296813964844,504.846923828125,0.6024397015571594,0.3899634778499603,0.00759365689009428
/tmp/drone_acoustic_2026w14_phase1_downloads/raw/crema_d/audios/1030_MTI_NEU_XX.wav,NEU,normal,normal,0.15846309065818787,531.25390625,477.30694580078125,0.6051470041275024,0.35961318016052246,0.03523104637861252
/tmp/drone_acoustic_2026w14_phase1_downloads/raw/crema_d/audios/1030_TAI_ANG_XX.wav,ANG,emergency,emergency,0.10878241807222366,697.3211669921875,744.4036254882812,0.20150600373744965,0.7366054654121399,0.06187770143151283
/tmp/drone_acoustic_2026w14_phase1_downloads/raw/crema_d/audios/1030_TAI_FEA_XX.wav,FEA,emergency,emergency,0.12439244240522385,603.57666015625,649.963134765625,0.4387311637401581,0.5353199243545532,0.025943510234355927
/tmp/drone_acoustic_2026w14_phase1_downloads/raw/crema_d/audios/1030_TAI_NEU_XX.wav,NEU,normal,normal,0.06886056065559387,438.2081604003906,542.4400634765625,0.6437525749206543,0.3294393718242645,0.02680213376879692
/tmp/drone_acoustic_2026w14_phase1_downloads/raw/crema_d/audios/1030_TIE_ANG_XX.wav,ANG,emergency,emergency,0.5668244361877441,515.3574829101562,559.1919555664062,0.18075941503047943,0.6742931604385376,0.14494432508945465
/tmp/drone_acoustic_2026w14_phase1_downloads/raw/crema_d/audios/1030_TIE_FEA_XX.wav,FEA,emergency,emergency,0.07817742228507996,386.06719970703125,470.7490234375,0.46096211671829224,0.5188058614730835,0.020227719098329544
/tmp/drone_acoustic_2026w14_phase1_downloads/raw/crema_d/audios/1030_TIE_NEU_XX.wav,NEU,normal,normal,0.14483770728111267,366.5406799316406,465.8829040527344,0.512746274471283,0.46533817052841187,0.02190602943301201
/tmp/drone_acoustic_2026w14_phase1_downloads/raw/crema_d/audios/1030_TSI_ANG_XX.wav,ANG,emergency,emergency,0.4514462351799011,1117.44287109375,1014.0540161132812,0.16586536169052124,0.7474245429039001,0.08669660985469818
/tmp/drone_acoustic_2026w14_phase1_downloads/raw/crema_d/audios/1030_TSI_FEA_XX.wav,FEA,emergency,emergency,0.09294780343770981,802.0860595703125,905.9383544921875,0.3817707598209381,0.6001595854759216,0.01804976724088192
/tmp/drone_acoustic_2026w14_phase1_downloads/raw/crema_d/audios/1030_TSI_NEU_XX.wav,NEU,normal,normal,0.01946023479104042,552.967529296875,785.2288208007812,0.7356563210487366,0.24527280032634735,0.019054127857089043
/tmp/drone_acoustic_2026w14_phase1_downloads/raw/crema_d/audios/1030_WSI_ANG_XX.wav,ANG,emergency,emergency,0.6901506781578064,958.279296875,844.1936645507812,0.2859140634536743,0.6707639694213867,0.043319620192050934
/tmp/drone_acoustic_2026w14_phase1_downloads/raw/crema_d/audios/1030_WSI_FEA_XX.wav,FEA,emergency,emergency,0.22319327294826508,736.3453369140625,776.5228271484375,0.3500482738018036,0.6117823123931885,0.03816210851073265
/tmp/drone_acoustic_2026w14_phase1_downloads/raw/crema_d/audios/1030_WSI_NEU_XX.wav,NEU,normal,normal,0.11208692193031311,495.3298034667969,643.072265625,0.3924364447593689,0.5962984561920166,0.011254332959651947
/tmp/drone_acoustic_2026w14_phase1_downloads/raw/crema_d/audios/1031_DFA_ANG_XX.wav,ANG,emergency,emergency,0.2780695855617523,499.9775085449219,592.6969604492188,0.3537464737892151,0.5126117467880249,0.1336325705051422
/tmp/drone_acoustic_2026w14_phase1_downloads/raw/crema_d/audios/1031_DFA_FEA_XX.wav,FEA,emergency,emergency,0.04397263005375862,403.6710205078125,468.299560546875,0.5577402114868164,0.42496123909950256,0.01729767397046089
/tmp/drone_acoustic_2026w14_phase1_downloads/raw/crema_d/audios/1031_DFA_NEU_XX.wav,NEU,normal,normal,0.04679550230503082,318.1836242675781,477.95623779296875,0.574458122253418,0.40582308173179626,0.01970597915351391
/tmp/drone_acoustic_2026w14_phase1_downloads/raw/crema_d/audios/1031_IEO_ANG_HI.wav,ANG,emergency,emergency,0.3979284465312958,719.0054321289062,691.66943359375,0.08212301880121231,0.8425427079200745,0.07532399147748947
/tmp/drone_acoustic_2026w14_phase1_downloads/raw/crema_d/audios/1031_IEO_ANG_LO.wav,ANG,emergency,emergency,0.4553236961364746,565.62548828125,664.1051635742188,0.3034002482891083,0.574641764163971,0.12194313108921051
/tmp/drone_acoustic_2026w14_phase1_downloads/raw/crema_d/audios/1031_IEO_ANG_MD.wav,ANG,emergency,emergency,0.09632483869791031,532.0773315429688,549.6376953125,0.19125886261463165,0.7860361933708191,0.022693216800689697
/tmp/drone_acoustic_2026w14_phase1_downloads/raw/crema_d/audios/1031_IEO_FEA_HI.wav,FEA,emergency,emergency,0.28785234689712524,653.3704223632812,629.7671508789062,0.12450991570949554,0.8223685026168823,0.05311507731676102
/tmp/drone_acoustic_2026w14_phase1_downloads/raw/crema_d/audios/1031_IEO_FEA_LO.wav,FEA,emergency,emergency,0.04186573624610901,315.3374938964844,457.5845947265625,0.5681624412536621,0.42594921588897705,0.005863358732312918
/tmp/drone_acoustic_2026w14_phase1_downloads/raw/crema_d/audios/1031_IEO_FEA_MD.wav,FEA,emergency,emergency,0.06456157565116882,334.32147216796875,489.63818359375,0.6531363129615784,0.33798128366470337,0.008866189047694206
/tmp/drone_acoustic_2026w14_phase1_downloads/raw/crema_d/audios/1031_IEO_NEU_XX.wav,NEU,normal,normal,0.04564404860138893,341.1660461425781,489.86102294921875,0.670445442199707,0.31046390533447266,0.019083980470895767
/tmp/drone_acoustic_2026w14_phase1_downloads/raw/crema_d/audios/1031_IOM_ANG_XX.wav,ANG,emergency,emergency,0.287994384765625,433.137939453125,541.63525390625,0.5724035501480103,0.3434160351753235,0.08417712152004242
/tmp/drone_acoustic_2026w14_phase1_downloads/raw/crema_d/audios/1031_IOM_FEA_XX.wav,FEA,emergency,emergency,0.04604167863726616,296.3445129394531,375.5057067871094,0.7570920586585999,0.23080085217952728,0.012105684727430344
/tmp/drone_acoustic_2026w14_phase1_downloads/raw/crema_d/audios/1031_IOM_NEU_XX.wav,NEU,normal,normal,0.15320119261741638,372.12115478515625,472.1988830566406,0.5661600232124329,0.383942186832428,0.04989221319556236
/tmp/drone_acoustic_2026w14_phase1_downloads/raw/crema_d/audios/1031_ITH_ANG_XX.wav,ANG,emergency,emergency,0.20732556283473969,417.83673095703125,513.3739624023438,0.3708409368991852,0.5474918484687805,0.08166252076625824
/tmp/drone_acoustic_2026w14_phase1_downloads/raw/crema_d/audios/1031_ITH_FEA_XX.wav,FEA,emergency,emergency,0.03870660066604614,291.43280029296875,415.5528869628906,0.776313841342926,0.21221494674682617,0.01144765131175518
/tmp/drone_acoustic_2026w14_phase1_downloads/raw/crema_d/audios/1031_ITH_NEU_XX.wav,NEU,normal,normal,0.0921567901968956,369.360107421875,468.3880310058594,0.4740932285785675,0.4900760054588318,0.03582795336842537
/tmp/drone_acoustic_2026w14_phase1_downloads/raw/crema_d/audios/1031_ITS_ANG_XX.wav,ANG,emergency,emergency,0.24494171142578125,594.405029296875,689.5166625976562,0.5841577649116516,0.24133293330669403,0.17444013059139252
/tmp/drone_acoustic_2026w14_phase1_downloads/raw/crema_d/audios/1031_ITS_FEA_XX.wav,FEA,emergency,emergency,0.022003846243023872,434.6248779296875,529.4505004882812,0.8744932413101196,0.09965381026268005,0.02583281509578228
/tmp/drone_acoustic_2026w14_phase1_downloads/raw/crema_d/audios/1031_ITS_NEU_XX.wav,NEU,normal,normal,0.05072109401226044,416.9315490722656,598.793701171875,0.677221417427063,0.28939011693000793,0.03334049507975578
/tmp/drone_acoustic_2026w14_phase1_downloads/raw/crema_d/audios/1031_IWL_ANG_XX.wav,ANG,emergency,emergency,0.12141600996255875,446.6526794433594,485.5294189453125,0.5285338163375854,0.42792901396751404,0.043533239513635635
/tmp/drone_acoustic_2026w14_phase1_downloads/raw/crema_d/audios/1031_IWL_FEA_XX.wav,FEA,emergency,emergency,0.02727457694709301,312.7203063964844,383.7097473144531,0.6708511710166931,0.32453104853630066,0.004614017438143492
/tmp/drone_acoustic_2026w14_phase1_downloads/raw/crema_d/audios/1031_IWL_NEU_XX.wav,NEU,normal,normal,0.05832026153802872,336.6943664550781,405.4488220214844,0.7085406184196472,0.27902135252952576,0.012434180825948715
/tmp/drone_acoustic_2026w14_phase1_downloads/raw/crema_d/audios/1031_IWW_ANG_XX.wav,ANG,emergency,emergency,0.13031065464019775,465.1985168457031,614.55224609375,0.6875520944595337,0.2396220713853836,0.07280170172452927
/tmp/drone_acoustic_2026w14_phase1_downloads/raw/crema_d/audios/1031_IWW_FEA_XX.wav,FEA,emergency,emergency,0.026099536567926407,315.5397644042969,413.63092041015625,0.8080737590789795,0.18524856865406036,0.00665634498000145
/tmp/drone_acoustic_2026w14_phase1_downloads/raw/crema_d/audios/1031_IWW_NEU_XX.wav,NEU,normal,normal,0.055825285613536835,374.02740478515625,508.6687927246094,0.6433778405189514,0.3271876275539398,0.029422882944345474
/tmp/drone_acoustic_2026w14_phase1_downloads/raw/crema_d/audios/1031_MTI_ANG_XX.wav,ANG,emergency,emergency,0.1296595185995102,387.1960144042969,444.6195983886719,0.5513715147972107,0.4231739640235901,0.025447186082601547
/tmp/drone_acoustic_2026w14_phase1_downloads/raw/crema_d/audios/1031_MTI_FEA_XX.wav,FEA,emergency,emergency,0.0697469487786293,320.0614929199219,374.3952941894531,0.6687890887260437,0.3283025920391083,0.0029029829893261194
/tmp/drone_acoustic_2026w14_phase1_downloads/raw/crema_d/audios/1031_MTI_NEU_XX.wav,NEU,normal,normal,0.10387284308671951,362.7925720214844,420.9786376953125,0.6732235550880432,0.286618709564209,0.04015141725540161
/tmp/drone_acoustic_2026w14_phase1_downloads/raw/crema_d/audios/1031_TAI_ANG_XX.wav,ANG,emergency,emergency,0.11423583328723907,459.3084716796875,570.7884521484375,0.474334716796875,0.46024882793426514,0.06541231274604797
/tmp/drone_acoustic_2026w14_phase1_downloads/raw/crema_d/audios/1031_TAI_FEA_XX.wav,FEA,emergency,emergency,0.01875886134803295,344.6884765625,454.5687255859375,0.8344662189483643,0.15671736001968384,0.00881204567849636
/tmp/drone_acoustic_2026w14_phase1_downloads/raw/crema_d/audios/1031_TAI_NEU_XX.wav,NEU,normal,normal,0.052456144243478775,366.9639587402344,509.32330322265625,0.7361934185028076,0.2352648228406906,0.028518131002783775
/tmp/drone_acoustic_2026w14_phase1_downloads/raw/crema_d/audios/1031_TIE_ANG_XX.wav,ANG,emergency,emergency,0.1802491396665573,387.3203430175781,545.903564453125,0.3202974796295166,0.6179389357566833,0.06174842640757561
/tmp/drone_acoustic_2026w14_phase1_downloads/raw/crema_d/audios/1031_TIE_FEA_XX.wav,FEA,emergency,emergency,0.09091309458017349,329.9260559082031,449.3370361328125,0.5854455828666687,0.39945557713508606,0.01509515568614006
/tmp/drone_acoustic_2026w14_phase1_downloads/raw/crema_d/audios/1031_TIE_NEU_XX.wav,NEU,normal,normal,0.0885581523180008,359.35772705078125,472.0023498535156,0.5352783799171448,0.44800424575805664,0.016698820516467094
/tmp/drone_acoustic_2026w14_phase1_downloads/raw/crema_d/audios/1031_TSI_ANG_XX.wav,ANG,emergency,emergency,0.12327984720468521,858.5628051757812,968.3358154296875,0.6788439154624939,0.2725027799606323,0.0485585480928421
/tmp/drone_acoustic_2026w14_phase1_downloads/raw/crema_d/audios/1031_TSI_FEA_XX.wav,FEA,emergency,emergency,0.03525413200259209,667.1935424804688,822.469482421875,0.9130852818489075,0.062146447598934174,0.02474590390920639
/tmp/drone_acoustic_2026w14_phase1_downloads/raw/crema_d/audios/1031_TSI_NEU_XX.wav,NEU,normal,normal,0.02608470804989338,486.0137023925781,725.4545288085938,0.9251822829246521,0.04708170145750046,0.027696065604686737
/tmp/drone_acoustic_2026w14_phase1_downloads/raw/crema_d/audios/1031_WSI_ANG_XX.wav,ANG,emergency,emergency,0.25379231572151184,576.7020874023438,686.5714111328125,0.2477097362279892,0.7148146033287048,0.03746803477406502
/tmp/drone_acoustic_2026w14_phase1_downloads/raw/crema_d/audios/1031_WSI_FEA_XX.wav,FEA,emergency,emergency,0.06567533314228058,576.0510864257812,633.0840454101562,0.47559621930122375,0.513316810131073,0.011077511124312878
/tmp/drone_acoustic_2026w14_phase1_downloads/raw/crema_d/audios/1031_WSI_NEU_XX.wav,NEU,normal,normal,0.052290014922618866,368.3798522949219,500.46728515625,0.536737322807312,0.4526151716709137,0.010643900372087955
/tmp/drone_acoustic_2026w14_phase1_downloads/raw/crema_d/audios/1032_DFA_ANG_XX.wav,ANG,emergency,emergency,0.04582596942782402,465.0035400390625,541.8097534179688,0.5020714402198792,0.4829121232032776,0.015014643780887127
/tmp/drone_acoustic_2026w14_phase1_downloads/raw/crema_d/audios/1032_DFA_FEA_XX.wav,FEA,emergency,emergency,0.03521033003926277,353.87646484375,509.03387451171875,0.7974954843521118,0.19088925421237946,0.011604774743318558
/tmp/drone_acoustic_2026w14_phase1_downloads/raw/crema_d/audios/1032_DFA_NEU_XX.wav,NEU,normal,normal,0.03832904249429703,317.9676208496094,429.7034912109375,0.6566838026046753,0.33671846985816956,0.006593228317797184
/tmp/drone_acoustic_2026w14_phase1_downloads/raw/crema_d/audios/1032_IEO_ANG_HI.wav,ANG,emergency,emergency,0.25172173976898193,810.5507202148438,754.9501953125,0.1147635281085968,0.7902854681015015,0.09493795037269592
/tmp/drone_acoustic_2026w14_phase1_downloads/raw/crema_d/audios/1032_IEO_ANG_LO.wav,ANG,emergency,emergency,0.07397089898586273,595.0413818359375,547.0667724609375,0.19505465030670166,0.7992612719535828,0.005680103786289692
/tmp/drone_acoustic_2026w14_phase1_downloads/raw/crema_d/audios/1032_IEO_ANG_MD.wav,ANG,emergency,emergency,0.1240847185254097,626.427978515625,691.0933837890625,0.2908580005168915,0.672031044960022,0.03710855543613434
/tmp/drone_acoustic_2026w14_phase1_downloads/raw/crema_d/audios/1032_IEO_FEA_HI.wav,FEA,emergency,emergency,0.1552456170320511,612.4376220703125,688.7872924804688,0.37022826075553894,0.5906433463096619,0.03912276402115822
/tmp/drone_acoustic_2026w14_phase1_downloads/raw/crema_d/audios/1032_IEO_FEA_LO.wav,FEA,emergency,emergency,0.024874107912182808,360.3351135253906,571.7234497070312,0.7489598989486694,0.24018698930740356,0.010805892758071423
/tmp/drone_acoustic_2026w14_phase1_downloads/raw/crema_d/audios/1032_IEO_FEA_MD.wav,FEA,emergency,emergency,0.03146103769540787,593.4440307617188,635.327880859375,0.6121893525123596,0.3625478148460388,0.025240998715162277
/tmp/drone_acoustic_2026w14_phase1_downloads/raw/crema_d/audios/1032_IEO_NEU_XX.wav,NEU,normal,normal,0.02456681989133358,381.9761657714844,509.15960693359375,0.5916501879692078,0.40432310104370117,0.00401745829731226
/tmp/drone_acoustic_2026w14_phase1_downloads/raw/crema_d/audios/1032_IOM_ANG_XX.wav,ANG,emergency,emergency,0.05847874656319618,421.5265808105469,427.9032897949219,0.4694826900959015,0.512157142162323,0.018359417095780373
/tmp/drone_acoustic_2026w14_phase1_downloads/raw/crema_d/audios/1032_IOM_FEA_XX.wav,FEA,emergency,emergency,0.01678660325706005,268.91864013671875,420.4088439941406,0.8539348244667053,0.14194469153881073,0.004108306020498276
/tmp/drone_acoustic_2026w14_phase1_downloads/raw/crema_d/audios/1032_IOM_NEU_XX.wav,NEU,normal,normal,0.028915198519825935,316.3013000488281,402.7920227050781,0.5983193516731262,0.3971642851829529,0.0045112608931958675
/tmp/drone_acoustic_2026w14_phase1_downloads/raw/crema_d/audios/1032_ITH_ANG_XX.wav,ANG,emergency,emergency,0.08004936575889587,468.7167053222656,527.8349609375,0.5014832615852356,0.47738924622535706,0.021123996004462242
/tmp/drone_acoustic_2026w14_phase1_downloads/raw/crema_d/audios/1032_ITH_FEA_XX.wav,FEA,emergency,emergency,0.0504344142973423,349.7190246582031,502.02105712890625,0.6763656735420227,0.3090898394584656,0.014535724185407162
/tmp/drone_acoustic_2026w14_phase1_downloads/raw/crema_d/audios/1032_ITH_NEU_XX.wav,NEU,normal,normal,0.030499277636408806,401.4570007324219,449.58941650390625,0.6630922555923462,0.32638585567474365,0.01051978301256895
/tmp/drone_acoustic_2026w14_phase1_downloads/raw/crema_d/audios/1032_ITS_ANG_XX.wav,ANG,emergency,emergency,0.04590914398431778,775.4087524414062,744.2156372070312,0.3844868242740631,0.6006674766540527,0.014834428206086159
/tmp/drone_acoustic_2026w14_phase1_downloads/raw/crema_d/audios/1032_ITS_FEA_XX.wav,FEA,emergency,emergency,0.01763383485376835,497.9930114746094,725.4843139648438,0.8820252418518066,0.10064917802810669,0.017304224893450737
/tmp/drone_acoustic_2026w14_phase1_downloads/raw/crema_d/audios/1032_ITS_NEU_XX.wav,NEU,normal,normal,0.029440987855196,458.8958435058594,609.8733520507812,0.7942804098129272,0.19650211930274963,0.009214394725859165
/tmp/drone_acoustic_2026w14_phase1_downloads/raw/crema_d/audios/1032_IWL_ANG_XX.wav,ANG,emergency,emergency,0.07559947669506073,382.5623779296875,382.8939514160156,0.4142928719520569,0.5790525674819946,0.006652298849076033
/tmp/drone_acoustic_2026w14_phase1_downloads/raw/crema_d/audios/1032_IWL_FEA_XX.wav,FEA,emergency,emergency,0.032377224415540695,382.2694091796875,474.4180908203125,0.7603068351745605,0.23259247839450836,0.007095314096659422
/tmp/drone_acoustic_2026w14_phase1_downloads/raw/crema_d/audios/1032_IWL_NEU_XX.wav,NEU,normal,normal,0.040636856108903885,368.4914855957031,391.2720947265625,0.4284389317035675,0.5661188364028931,0.005439820699393749
/tmp/drone_acoustic_2026w14_phase1_downloads/raw/crema_d/audios/1032_IWW_ANG_XX.wav,ANG,emergency,emergency,0.06330648064613342,426.0473327636719,478.5548400878906,0.502184271812439,0.48848819732666016,0.009325370192527771
/tmp/drone_acoustic_2026w14_phase1_downloads/raw/crema_d/audios/1032_IWW_FEA_XX.wav,FEA,emergency,emergency,0.034466732293367386,306.49896240234375,460.0136413574219,0.7204611897468567,0.27130043506622314,0.008195333182811737
/tmp/drone_acoustic_2026w14_phase1_downloads/raw/crema_d/audios/1032_IWW_NEU_XX.wav,NEU,normal,normal,0.027317415922880173,348.8945007324219,431.1881103515625,0.6292003393173218,0.366741806268692,0.004053838551044464
/tmp/drone_acoustic_2026w14_phase1_downloads/raw/crema_d/audios/1032_MTI_ANG_XX.wav,ANG,emergency,emergency,0.012766499072313309,380.5242004394531,419.19964599609375,0.7187507748603821,0.2757568955421448,0.005465049296617508
/tmp/drone_acoustic_2026w14_phase1_downloads/raw/crema_d/audios/1032_MTI_FEA_XX.wav,FEA,emergency,emergency,0.01827835477888584,293.2043762207031,413.7143249511719,0.8334365487098694,0.16106407344341278,0.0054879640229046345
/tmp/drone_acoustic_2026w14_phase1_downloads/raw/crema_d/audios/1032_MTI_NEU_XX.wav,NEU,normal,normal,0.05341717228293419,359.2462158203125,381.7550048828125,0.6746186017990112,0.31942540407180786,0.005948382429778576
/tmp/drone_acoustic_2026w14_phase1_downloads/raw/crema_d/audios/1032_TAI_ANG_XX.wav,ANG,emergency,emergency,0.040373820811510086,624.8821411132812,702.1539916992188,0.7702566385269165,0.21904870867729187,0.010679788887500763
/tmp/drone_acoustic_2026w14_phase1_downloads/raw/crema_d/audios/1032_TAI_FEA_XX.wav,FEA,emergency,emergency,0.022594690322875977,383.8751220703125,566.9382934570312,0.7700185775756836,0.21777048707008362,0.012193283997476101
/tmp/drone_acoustic_2026w14_phase1_downloads/raw/crema_d/audios/1032_TAI_NEU_XX.wav,NEU,normal,normal,0.028281083330512047,363.9968566894531,486.9256286621094,0.8205813765525818,0.1733875572681427,0.006026268936693668
/tmp/drone_acoustic_2026w14_phase1_downloads/raw/crema_d/audios/1032_TIE_ANG_XX.wav,ANG,emergency,emergency,0.179976686835289,501.7724914550781,686.9110717773438,0.1905057728290558,0.7592400312423706,0.05025005340576172
/tmp/drone_acoustic_2026w14_phase1_downloads/raw/crema_d/audios/1032_TIE_FEA_XX.wav,FEA,emergency,emergency,0.052187614142894745,355.3966979980469,577.6510009765625,0.512814998626709,0.46912696957588196,0.018043188378214836
/tmp/drone_acoustic_2026w14_phase1_downloads/raw/crema_d/audios/1032_TIE_NEU_XX.wav,NEU,normal,normal,0.027702417224645615,322.980712890625,445.41656494140625,0.5042354464530945,0.4892781674861908,0.00647421320900321
/tmp/drone_acoustic_2026w14_phase1_downloads/raw/crema_d/audios/1032_TSI_ANG_XX.wav,ANG,emergency,emergency,0.04318435117602348,956.017578125,831.5332641601562,0.7021766901016235,0.2822306454181671,0.015575675293803215
/tmp/drone_acoustic_2026w14_phase1_downloads/raw/crema_d/audios/1032_TSI_FEA_XX.wav,FEA,emergency,emergency,0.061173852533102036,796.2974243164062,845.077880859375,0.8436722159385681,0.10658400505781174,0.04960544779896736
/tmp/drone_acoustic_2026w14_phase1_downloads/raw/crema_d/audios/1032_TSI_NEU_XX.wav,NEU,normal,normal,0.017241744324564934,770.6607055664062,900.7704467773438,0.8825139999389648,0.10575029999017715,0.011714213527739048
/tmp/drone_acoustic_2026w14_phase1_downloads/raw/crema_d/audios/1032_WSI_ANG_XX.wav,ANG,emergency,emergency,0.13442502915859222,776.6721801757812,754.5161743164062,0.32991284132003784,0.6543772220611572,0.01570800133049488
/tmp/drone_acoustic_2026w14_phase1_downloads/raw/crema_d/audios/1032_WSI_FEA_XX.wav,FEA,emergency,emergency,0.062386494129896164,399.1938171386719,557.4193725585938,0.6270983815193176,0.3615618646144867,0.011331562884151936
/tmp/drone_acoustic_2026w14_phase1_downloads/raw/crema_d/audios/1032_WSI_NEU_XX.wav,NEU,normal,normal,0.03750354051589966,392.7685852050781,543.8338012695312,0.5987560153007507,0.3933699131011963,0.007861149497330189
/tmp/drone_acoustic_2026w14_phase1_downloads/raw/crema_d/audios/1033_DFA_ANG_XX.wav,ANG,emergency,emergency,0.2066604197025299,549.5061645507812,611.6521606445312,0.34366634488105774,0.53678959608078,0.11954086273908615
/tmp/drone_acoustic_2026w14_phase1_downloads/raw/crema_d/audios/1033_DFA_FEA_XX.wav,FEA,emergency,emergency,0.06331822276115417,483.95587158203125,584.5562133789062,0.4814826548099518,0.4882623851299286,0.03025105595588684
/tmp/drone_acoustic_2026w14_phase1_downloads/raw/crema_d/audios/1033_DFA_NEU_XX.wav,NEU,normal,normal,0.11326944828033447,364.73046875,495.37091064453125,0.3743644058704376,0.5862910151481628,0.039340272545814514
/tmp/drone_acoustic_2026w14_phase1_downloads/raw/crema_d/audios/1033_IEO_ANG_HI.wav,ANG,emergency,emergency,0.46150216460227966,704.3701171875,729.7863159179688,0.23782096803188324,0.6410552859306335,0.12110625952482224
/tmp/drone_acoustic_2026w14_phase1_downloads/raw/crema_d/audios/1033_IEO_ANG_LO.wav,ANG,emergency,emergency,0.1369524896144867,484.1039123535156,555.3928833007812,0.22254030406475067,0.7562220096588135,0.021235335618257523
/tmp/drone_acoustic_2026w14_phase1_downloads/raw/crema_d/audios/1033_IEO_ANG_MD.wav,ANG,emergency,emergency,0.2598823606967926,534.3929443359375,573.41357421875,0.3254512548446655,0.6298001408576965,0.044721782207489014
/tmp/drone_acoustic_2026w14_phase1_downloads/raw/crema_d/audios/1033_IEO_FEA_HI.wav,FEA,emergency,emergency,0.241024911403656,604.623046875,650.4122314453125,0.16487303376197815,0.8125831484794617,0.022528482601046562
/tmp/drone_acoustic_2026w14_phase1_downloads/raw/crema_d/audios/1033_IEO_FEA_LO.wav,FEA,emergency,emergency,0.049072932451963425,388.27752685546875,556.0164184570312,0.5935401320457458,0.3958752453327179,0.010573330335319042
/tmp/drone_acoustic_2026w14_phase1_downloads/raw/crema_d/audios/1033_IEO_FEA_MD.wav,FEA,emergency,emergency,0.04507185518741608,524.0005493164062,629.2643432617188,0.348524808883667,0.6423817873001099,0.009087269194424152
/tmp/drone_acoustic_2026w14_phase1_downloads/raw/crema_d/audios/1033_IEO_NEU_XX.wav,NEU,normal,normal,0.08642897754907608,367.4698486328125,455.2528076171875,0.5523338913917542,0.4343194365501404,0.013341270387172699
/tmp/drone_acoustic_2026w14_phase1_downloads/raw/crema_d/audios/1033_IOM_ANG_XX.wav,ANG,emergency,emergency,0.1775984764099121,399.9028015136719,504.6830749511719,0.5041821599006653,0.4256588816642761,0.07015744596719742
/tmp/drone_acoustic_2026w14_phase1_downloads/raw/crema_d/audios/1033_IOM_FEA_XX.wav,FEA,emergency,emergency,0.052259575575590134,288.2328186035156,357.5887145996094,0.7894190549850464,0.2020246684551239,0.008554455824196339
/tmp/drone_acoustic_2026w14_phase1_downloads/raw/crema_d/audios/1033_IOM_NEU_XX.wav,NEU,normal,normal,0.06796082109212875,340.28643798828125,413.2687683105469,0.6799024343490601,0.29942479729652405,0.0206703320145607
/tmp/drone_acoustic_2026w14_phase1_downloads/raw/crema_d/audios/1033_ITH_ANG_XX.wav,ANG,emergency,emergency,0.5592041611671448,536.0831909179688,624.5497436523438,0.17941218614578247,0.635150671005249,0.18542830646038055
/tmp/drone_acoustic_2026w14_phase1_downloads/raw/crema_d/audios/1033_ITH_FEA_XX.wav,FEA,emergency,emergency,0.1002015620470047,495.2419128417969,617.8455810546875,0.746651828289032,0.18476496636867523,0.06855817884206772
/tmp/drone_acoustic_2026w14_phase1_downloads/raw/crema_d/audios/1033_ITH_NEU_XX.wav,NEU,normal,normal,0.16601131856441498,413.3437194824219,523.0599365234375,0.16279098391532898,0.7868585586547852,0.05034809932112694
/tmp/drone_acoustic_2026w14_phase1_downloads/raw/crema_d/audios/1033_ITS_ANG_XX.wav,ANG,emergency,emergency,0.33825594186782837,844.477783203125,774.636474609375,0.422336608171463,0.38414111733436584,0.19349101185798645
/tmp/drone_acoustic_2026w14_phase1_downloads/raw/crema_d/audios/1033_ITS_FEA_XX.wav,FEA,emergency,emergency,0.041933029890060425,615.4492797851562,709.0701904296875,0.7246106266975403,0.2196073979139328,0.055609993636608124
/tmp/drone_acoustic_2026w14_phase1_downloads/raw/crema_d/audios/1033_ITS_NEU_XX.wav,NEU,normal,normal,0.1411663442850113,546.5767211914062,643.165771484375,0.4317384660243988,0.49889758229255676,0.06935681402683258
/tmp/drone_acoustic_2026w14_phase1_downloads/raw/crema_d/audios/1033_IWL_ANG_XX.wav,ANG,emergency,emergency,0.16291013360023499,536.6956787109375,519.6708374023438,0.2715563178062439,0.6574386954307556,0.07100005447864532
/tmp/drone_acoustic_2026w14_phase1_downloads/raw/crema_d/audios/1033_IWL_FEA_XX.wav,FEA,emergency,emergency,0.056379400193691254,343.69342041015625,389.8813171386719,0.6416777968406677,0.35452255606651306,0.0037969080731272697
/tmp/drone_acoustic_2026w14_phase1_downloads/raw/crema_d/audios/1033_IWL_NEU_XX.wav,NEU,normal,normal,0.10279104858636856,380.89263916015625,425.63873291015625,0.3854109048843384,0.5896050333976746,0.02498278208076954
/tmp/drone_acoustic_2026w14_phase1_downloads/raw/crema_d/audios/1033_IWW_ANG_XX.wav,ANG,emergency,emergency,0.15139515697956085,756.068359375,679.5309448242188,0.4986973702907562,0.4631606936454773,0.038119278848171234
/tmp/drone_acoustic_2026w14_phase1_downloads/raw/crema_d/audios/1033_IWW_FEA_XX.wav,FEA,emergency,emergency,0.08767931163311005,541.4263916015625,592.5061645507812,0.6597700119018555,0.315644234418869,0.024564849212765694
/tmp/drone_acoustic_2026w14_phase1_downloads/raw/crema_d/audios/1033_IWW_NEU_XX.wav,NEU,normal,normal,0.11491265892982483,562.489501953125,596.9943237304688,0.49688395857810974,0.48424655199050903,0.018855834379792213
/tmp/drone_acoustic_2026w14_phase1_downloads/raw/crema_d/audios/1033_MTI_ANG_XX.wav,ANG,emergency,emergency,0.1728278398513794,565.5352172851562,579.1454467773438,0.3068660795688629,0.615053117275238,0.07807767391204834
/tmp/drone_acoustic_2026w14_phase1_downloads/raw/crema_d/audios/1033_MTI_FEA_XX.wav,FEA,emergency,emergency,0.07955010235309601,440.37542724609375,457.971923828125,0.43158990144729614,0.5632034540176392,0.005205020308494568
/tmp/drone_acoustic_2026w14_phase1_downloads/raw/crema_d/audios/1033_MTI_NEU_XX.wav,NEU,normal,normal,0.16719652712345123,449.0242004394531,477.9129943847656,0.6030807495117188,0.3268895149230957,0.07002736628055573
/tmp/drone_acoustic_2026w14_phase1_downloads/raw/crema_d/audios/1033_TAI_ANG_XX.wav,ANG,emergency,emergency,0.1781548410654068,633.55078125,732.4817504882812,0.3417206108570099,0.572002649307251,0.08627380430698395
/tmp/drone_acoustic_2026w14_phase1_downloads/raw/crema_d/audios/1033_TAI_FEA_XX.wav,FEA,emergency,emergency,0.05990010127425194,637.8716430664062,647.3975219726562,0.5377510190010071,0.43814903497695923,0.024087904021143913
/tmp/drone_acoustic_2026w14_phase1_downloads/raw/crema_d/audios/1033_TAI_NEU_XX.wav,NEU,normal,normal,0.10135382413864136,400.10772705078125,526.5199584960938,0.6435872912406921,0.3152073323726654,0.04120175540447235
/tmp/drone_acoustic_2026w14_phase1_downloads/raw/crema_d/audios/1033_TIE_ANG_XX.wav,ANG,emergency,emergency,0.38568082451820374,622.7843017578125,693.593994140625,0.20684368908405304,0.7111996412277222,0.08194074034690857
/tmp/drone_acoustic_2026w14_phase1_downloads/raw/crema_d/audios/1033_TIE_FEA_XX.wav,FEA,emergency,emergency,0.06862644851207733,363.8818054199219,523.6162719726562,0.5663498044013977,0.4117636978626251,0.021872978657484055
/tmp/drone_acoustic_2026w14_phase1_downloads/raw/crema_d/audios/1033_TIE_NEU_XX.wav,NEU,normal,normal,0.14396820962429047,394.32647705078125,506.0400085449219,0.3237132430076599,0.6437469720840454,0.032535288482904434
/tmp/drone_acoustic_2026w14_phase1_downloads/raw/crema_d/audios/1033_TSI_ANG_XX.wav,ANG,emergency,emergency,0.11683204770088196,1526.9676513671875,1094.2091064453125,0.5098790526390076,0.4213769733905792,0.06864649057388306
/tmp/drone_acoustic_2026w14_phase1_downloads/raw/crema_d/audios/1033_TSI_FEA_XX.wav,FEA,emergency,emergency,0.10543129593133926,1162.0792236328125,911.6683959960938,0.3640053868293762,0.5442969799041748,0.09141461551189423
/tmp/drone_acoustic_2026w14_phase1_downloads/raw/crema_d/audios/1033_TSI_NEU_XX.wav,NEU,normal,normal,0.12020895630121231,870.4208374023438,841.1669311523438,0.7206581234931946,0.18734534084796906,0.09188009053468704
/tmp/drone_acoustic_2026w14_phase1_downloads/raw/crema_d/audios/1033_WSI_ANG_XX.wav,ANG,emergency,emergency,0.2277367264032364,1171.11865234375,821.0550537109375,0.21838510036468506,0.7353343367576599,0.046265602111816406
/tmp/drone_acoustic_2026w14_phase1_downloads/raw/crema_d/audios/1033_WSI_FEA_XX.wav,FEA,emergency,emergency,0.13328726589679718,587.8125610351562,576.110107421875,0.39690008759498596,0.5847147703170776,0.0183712150901556
/tmp/drone_acoustic_2026w14_phase1_downloads/raw/crema_d/audios/1033_WSI_NEU_XX.wav,NEU,normal,normal,0.12854424118995667,859.3991088867188,691.72802734375,0.16041265428066254,0.8155458569526672,0.024035941809415817
/tmp/drone_acoustic_2026w14_phase1_downloads/raw/crema_d/audios/1034_DFA_ANG_XX.wav,ANG,emergency,emergency,0.17851755023002625,554.7857055664062,575.618408203125,0.21177735924720764,0.726107120513916,0.06211458146572113
/tmp/drone_acoustic_2026w14_phase1_downloads/raw/crema_d/audios/1034_DFA_FEA_XX.wav,FEA,emergency,emergency,0.06576339900493622,345.9615173339844,461.9137268066406,0.7191275358200073,0.25915926694869995,0.021710781380534172
/tmp/drone_acoustic_2026w14_phase1_downloads/raw/crema_d/audios/1034_DFA_NEU_XX.wav,NEU,normal,normal,0.041166987270116806,342.84600830078125,433.7015686035156,0.7229115962982178,0.2597575783729553,0.017327500507235527
/tmp/drone_acoustic_2026w14_phase1_downloads/raw/crema_d/audios/1034_IEO_ANG_HI.wav,ANG,emergency,emergency,0.3469809889793396,716.9776611328125,681.5034790039062,0.1670723408460617,0.7837275862693787,0.049197789281606674
/tmp/drone_acoustic_2026w14_phase1_downloads/raw/crema_d/audios/1034_IEO_ANG_LO.wav,ANG,emergency,emergency,0.04405518248677254,351.33673095703125,482.5544128417969,0.44200724363327026,0.5528995990753174,0.005081127397716045
/tmp/drone_acoustic_2026w14_phase1_downloads/raw/crema_d/audios/1034_IEO_ANG_MD.wav,ANG,emergency,emergency,0.16483280062675476,546.3191528320312,554.0678100585938,0.1486455500125885,0.8223392963409424,0.02901384048163891
/tmp/drone_acoustic_2026w14_phase1_downloads/raw/crema_d/audios/1034_IEO_FEA_HI.wav,FEA,emergency,emergency,0.318473219871521,770.2672729492188,655.6331787109375,0.13226443529129028,0.8220946192741394,0.04562758654356003
/tmp/drone_acoustic_2026w14_phase1_downloads/raw/crema_d/audios/1034_IEO_FEA_LO.wav,FEA,emergency,emergency,0.04401131719350815,339.9472961425781,450.0603332519531,0.6495856046676636,0.34168174862861633,0.008725319989025593
/tmp/drone_acoustic_2026w14_phase1_downloads/raw/crema_d/audios/1034_IEO_FEA_MD.wav,FEA,emergency,emergency,0.20877085626125336,564.56494140625,585.8268432617188,0.17391259968280792,0.8042489886283875,0.02183554694056511
/tmp/drone_acoustic_2026w14_phase1_downloads/raw/crema_d/audios/1034_IEO_NEU_XX.wav,NEU,normal,normal,0.04075310379266739,326.137939453125,404.3570251464844,0.4512491524219513,0.5433419942855835,0.005404199473559856
/tmp/drone_acoustic_2026w14_phase1_downloads/raw/crema_d/audios/1034_IOM_ANG_XX.wav,ANG,emergency,emergency,0.1834690421819687,496.8518981933594,548.6218872070312,0.4816078245639801,0.4446060359477997,0.07378558814525604
/tmp/drone_acoustic_2026w14_phase1_downloads/raw/crema_d/audios/1034_IOM_FEA_XX.wav,FEA,emergency,emergency,0.025898486375808716,286.2882385253906,405.61309814453125,0.7597155570983887,0.23128074407577515,0.008999623358249664
/tmp/drone_acoustic_2026w14_phase1_downloads/raw/crema_d/audios/1034_IOM_NEU_XX.wav,NEU,normal,normal,0.03391673415899277,316.0450439453125,386.0110168457031,0.7589917182922363,0.23293837904930115,0.00806672777980566
/tmp/drone_acoustic_2026w14_phase1_downloads/raw/crema_d/audios/1034_ITH_ANG_XX.wav,ANG,emergency,emergency,0.11723385006189346,440.1504211425781,488.5166015625,0.399143785238266,0.5768856406211853,0.023968826979398727
/tmp/drone_acoustic_2026w14_phase1_downloads/raw/crema_d/audios/1034_ITH_FEA_XX.wav,FEA,emergency,emergency,0.08202628791332245,364.5742492675781,435.31219482421875,0.46451622247695923,0.5171489715576172,0.018330885097384453
/tmp/drone_acoustic_2026w14_phase1_downloads/raw/crema_d/audios/1034_ITH_NEU_XX.wav,NEU,normal,normal,0.03934336453676224,321.6247253417969,382.3241882324219,0.5072487592697144,0.48182621598243713,0.010917875915765762
/tmp/drone_acoustic_2026w14_phase1_downloads/raw/crema_d/audios/1034_ITS_ANG_XX.wav,ANG,emergency,emergency,0.11972733587026596,609.608642578125,720.7344360351562,0.6064942479133606,0.312889039516449,0.08061253279447556
/tmp/drone_acoustic_2026w14_phase1_downloads/raw/crema_d/audios/1034_ITS_FEA_XX.wav,FEA,emergency,emergency,0.04586048796772957,364.8099365234375,526.7047119140625,0.860688328742981,0.1130397692322731,0.026255691424012184
/tmp/drone_acoustic_2026w14_phase1_downloads/raw/crema_d/audios/1034_ITS_NEU_XX.wav,NEU,normal,normal,0.06275127083063126,377.63909912109375,519.2156372070312,0.7275127172470093,0.24500641226768494,0.02747461199760437
/tmp/drone_acoustic_2026w14_phase1_downloads/raw/crema_d/audios/1034_IWL_ANG_XX.wav,ANG,emergency,emergency,0.034869641065597534,443.43853759765625,398.0188903808594,0.5775530338287354,0.41604378819465637,0.006402804981917143
/tmp/drone_acoustic_2026w14_phase1_downloads/raw/crema_d/audios/1034_IWL_FEA_XX.wav,FEA,emergency,emergency,0.026611628010869026,304.6038513183594,370.66278076171875,0.7612183690071106,0.23304319381713867,0.005735797807574272
/tmp/drone_acoustic_2026w14_phase1_downloads/raw/crema_d/audios/1034_IWL_NEU_XX.wav,NEU,normal,normal,0.027189666405320168,334.0204162597656,380.66156005859375,0.6012566685676575,0.3898259103298187,0.008914795704185963
/tmp/drone_acoustic_2026w14_phase1_downloads/raw/crema_d/audios/1034_IWW_ANG_XX.wav,ANG,emergency,emergency,0.05828191339969635,394.1500244140625,432.22589111328125,0.6537264585494995,0.33385539054870605,0.012417260557413101
/tmp/drone_acoustic_2026w14_phase1_downloads/raw/crema_d/audios/1034_IWW_FEA_XX.wav,FEA,emergency,emergency,0.09540829062461853,392.6949462890625,511.5755615234375,0.4858008623123169,0.4996519982814789,0.014540741220116615
/tmp/drone_acoustic_2026w14_phase1_downloads/raw/crema_d/audios/1034_IWW_NEU_XX.wav,NEU,normal,normal,0.018745407462120056,320.05401611328125,404.4738464355469,0.7730905413627625,0.22101813554763794,0.005884959828108549
/tmp/drone_acoustic_2026w14_phase1_downloads/raw/crema_d/audios/1034_MTI_ANG_XX.wav,ANG,emergency,emergency,0.07413284480571747,415.5625915527344,395.891845703125,0.5433505773544312,0.43383586406707764,0.022812966257333755
/tmp/drone_acoustic_2026w14_phase1_downloads/raw/crema_d/audios/1034_MTI_FEA_XX.wav,FEA,emergency,emergency,0.03577638044953346,315.0961608886719,374.38287353515625,0.7008004784584045,0.28873613476753235,0.010461886413395405
/tmp/drone_acoustic_2026w14_phase1_downloads/raw/crema_d/audios/1034_MTI_NEU_XX.wav,NEU,normal,normal,0.017671339213848114,297.8855895996094,360.2501220703125,0.878618597984314,0.11616598814725876,0.005210018716752529
/tmp/drone_acoustic_2026w14_phase1_downloads/raw/crema_d/audios/1034_TAI_ANG_XX.wav,ANG,emergency,emergency,0.051524605602025986,496.8251647949219,584.9473266601562,0.36886265873908997,0.6122219562530518,0.018914224579930305
/tmp/drone_acoustic_2026w14_phase1_downloads/raw/crema_d/audios/1034_TAI_FEA_XX.wav,FEA,emergency,emergency,0.04130711406469345,365.5383605957031,500.86322021484375,0.7744864821434021,0.2122437208890915,0.013261966407299042
/tmp/drone_acoustic_2026w14_phase1_downloads/raw/crema_d/audios/1034_TAI_NEU_XX.wav,NEU,normal,normal,0.03356323391199112,343.41815185546875,442.8996276855469,0.7484092116355896,0.2430160939693451,0.008568651042878628
/tmp/drone_acoustic_2026w14_phase1_downloads/raw/crema_d/audios/1034_TIE_ANG_XX.wav,ANG,emergency,emergency,0.07297499477863312,453.79754638671875,501.7040100097656,0.36273297667503357,0.6192508339881897,0.018014119938015938
/tmp/drone_acoustic_2026w14_phase1_downloads/raw/crema_d/audios/1034_TIE_FEA_XX.wav,FEA,emergency,emergency,0.1822233349084854,422.9397277832031,493.95318603515625,0.31356072425842285,0.6535781621932983,0.032858721911907196
/tmp/drone_acoustic_2026w14_phase1_downloads/raw/crema_d/audios/1034_TIE_NEU_XX.wav,NEU,normal,normal,0.032135263085365295,316.7076721191406,417.62713623046875,0.7280409336090088,0.26532164216041565,0.006630823481827974
/tmp/drone_acoustic_2026w14_phase1_downloads/raw/crema_d/audios/1034_TSI_ANG_XX.wav,ANG,emergency,emergency,0.12994059920310974,902.8604736328125,904.7681884765625,0.6973657011985779,0.21652719378471375,0.08605863153934479
/tmp/drone_acoustic_2026w14_phase1_downloads/raw/crema_d/audios/1034_TSI_FEA_XX.wav,FEA,emergency,emergency,0.05397653579711914,480.21734619140625,673.594970703125,0.8394187688827515,0.12745806574821472,0.033098042011260986
/tmp/drone_acoustic_2026w14_phase1_downloads/raw/crema_d/audios/1034_TSI_NEU_XX.wav,NEU,normal,normal,0.05954094976186752,565.6347045898438,712.4930419921875,0.8433542251586914,0.13346081972122192,0.023174358531832695
/tmp/drone_acoustic_2026w14_phase1_downloads/raw/crema_d/audios/1034_WSI_ANG_XX.wav,ANG,emergency,emergency,0.08365069329738617,587.791259765625,681.2036743164062,0.7313308715820312,0.22497901320457458,0.043665140867233276
/tmp/drone_acoustic_2026w14_phase1_downloads/raw/crema_d/audios/1034_WSI_FEA_XX.wav,FEA,emergency,emergency,0.0566210001707077,327.8550720214844,522.4498901367188,0.6436432003974915,0.34120848774909973,0.015119688585400581
/tmp/drone_acoustic_2026w14_phase1_downloads/raw/crema_d/audios/1034_WSI_NEU_XX.wav,NEU,normal,normal,0.03674866631627083,347.26458740234375,454.55499267578125,0.40410295128822327,0.5880704522132874,0.007823401130735874
/tmp/drone_acoustic_2026w14_phase1_downloads/raw/crema_d/audios/1035_DFA_ANG_XX.wav,ANG,emergency,emergency,0.5760012865066528,612.2193603515625,637.2841186523438,0.2105323076248169,0.5684818625450134,0.22097906470298767
/tmp/drone_acoustic_2026w14_phase1_downloads/raw/crema_d/audios/1035_DFA_FEA_XX.wav,FEA,emergency,emergency,0.0493537075817585,330.93804931640625,508.6453857421875,0.8559830784797668,0.11136210709810257,0.03263993188738823
/tmp/drone_acoustic_2026w14_phase1_downloads/raw/crema_d/audios/1035_DFA_NEU_XX.wav,NEU,normal,normal,0.03863575682044029,323.4407653808594,477.6811218261719,0.6989348530769348,0.2853471040725708,0.015703780576586723
/tmp/drone_acoustic_2026w14_phase1_downloads/raw/crema_d/audios/1035_IEO_ANG_HI.wav,ANG,emergency,emergency,0.4152134358882904,689.4287719726562,675.0134887695312,0.18717578053474426,0.7454056143760681,0.06741493940353394
/tmp/drone_acoustic_2026w14_phase1_downloads/raw/crema_d/audios/1035_IEO_ANG_LO.wav,ANG,emergency,emergency,0.3127496838569641,582.5806274414062,647.03271484375,0.20867586135864258,0.747376024723053,0.04394473508000374
/tmp/drone_acoustic_2026w14_phase1_downloads/raw/crema_d/audios/1035_IEO_ANG_MD.wav,ANG,emergency,emergency,0.5613303184509277,615.198486328125,706.8328857421875,0.2069634646177292,0.6232793927192688,0.16968753933906555
/tmp/drone_acoustic_2026w14_phase1_downloads/raw/crema_d/audios/1035_IEO_FEA_HI.wav,FEA,emergency,emergency,0.36088448762893677,678.5720825195312,703.4081420898438,0.1071452721953392,0.8413193225860596,0.05153259262442589
/tmp/drone_acoustic_2026w14_phase1_downloads/raw/crema_d/audios/1035_IEO_FEA_LO.wav,FEA,emergency,emergency,0.09301447868347168,341.9113464355469,514.0716552734375,0.42416900396347046,0.5654634237289429,0.010355319827795029
/tmp/drone_acoustic_2026w14_phase1_downloads/raw/crema_d/audios/1035_IEO_FEA_MD.wav,FEA,emergency,emergency,0.11136475205421448,378.89508056640625,505.1049499511719,0.17463502287864685,0.8113749623298645,0.013987616635859013
/tmp/drone_acoustic_2026w14_phase1_downloads/raw/crema_d/audios/1035_IEO_NEU_XX.wav,NEU,normal,normal,0.028593193739652634,328.8776550292969,512.3533325195312,0.6401455998420715,0.3462156057357788,0.013623235747218132
/tmp/drone_acoustic_2026w14_phase1_downloads/raw/crema_d/audios/1035_IOM_ANG_XX.wav,ANG,emergency,emergency,0.2715420424938202,438.85040283203125,505.4052734375,0.46955710649490356,0.470746248960495,0.059694916009902954
/tmp/drone_acoustic_2026w14_phase1_downloads/raw/crema_d/audios/1035_IOM_FEA_XX.wav,FEA,emergency,emergency,0.009192545898258686,254.44483947753906,392.165283203125,0.9617612361907959,0.03255822882056236,0.0056753032840788364
/tmp/drone_acoustic_2026w14_phase1_downloads/raw/crema_d/audios/1035_IOM_NEU_XX.wav,NEU,normal,normal,0.01987886242568493,287.9116516113281,351.97808837890625,0.773342490196228,0.22242581844329834,0.004225342068821192
/tmp/drone_acoustic_2026w14_phase1_downloads/raw/crema_d/audios/1035_ITH_ANG_XX.wav,ANG,emergency,emergency,0.3612825572490692,534.6715698242188,575.6098022460938,0.23997540771961212,0.6696912050247192,0.09033104032278061
/tmp/drone_acoustic_2026w14_phase1_downloads/raw/crema_d/audios/1035_ITH_FEA_XX.wav,FEA,emergency,emergency,0.09829369932413101,357.8617858886719,593.1790771484375,0.8063849806785583,0.17333537340164185,0.0202501080930233
/tmp/drone_acoustic_2026w14_phase1_downloads/raw/crema_d/audios/1035_ITH_NEU_XX.wav,NEU,normal,normal,0.07571879029273987,335.7678527832031,447.447509765625,0.46848681569099426,0.5182685852050781,0.013241076841950417
/tmp/drone_acoustic_2026w14_phase1_downloads/raw/crema_d/audios/1035_ITS_ANG_XX.wav,ANG,emergency,emergency,0.2213968187570572,591.56298828125,664.3551025390625,0.25619447231292725,0.6489991545677185,0.09479545056819916
/tmp/drone_acoustic_2026w14_phase1_downloads/raw/crema_d/audios/1035_ITS_FEA_XX.wav,FEA,emergency,emergency,0.013936796225607395,586.8556518554688,696.6748046875,0.7927075028419495,0.1875963658094406,0.01963058114051819
/tmp/drone_acoustic_2026w14_phase1_downloads/raw/crema_d/audios/1035_ITS_NEU_XX.wav,NEU,normal,normal,0.02250525914132595,349.077392578125,500.92041015625,0.8413819670677185,0.14641597867012024,0.012186653912067413
/tmp/drone_acoustic_2026w14_phase1_downloads/raw/crema_d/audios/1035_IWL_ANG_XX.wav,ANG,emergency,emergency,0.17168889939785004,493.1344299316406,504.5645446777344,0.2520621716976166,0.7129808068275452,0.03495338186621666
/tmp/drone_acoustic_2026w14_phase1_downloads/raw/crema_d/audios/1035_IWL_FEA_XX.wav,FEA,emergency,emergency,0.07678592205047607,310.8908386230469,371.8467102050781,0.5554007887840271,0.43544578552246094,0.009150136262178421
/tmp/drone_acoustic_2026w14_phase1_downloads/raw/crema_d/audios/1035_IWL_NEU_XX.wav,NEU,normal,normal,0.06582062691450119,319.9106140136719,382.18682861328125,0.5605683326721191,0.4334518015384674,0.005976952146738768
/tmp/drone_acoustic_2026w14_phase1_downloads/raw/crema_d/audios/1035_IWW_ANG_XX.wav,ANG,emergency,emergency,0.17467880249023438,628.3809814453125,685.2329711914062,0.3498647212982178,0.6075011491775513,0.04261958971619606
/tmp/drone_acoustic_2026w14_phase1_downloads/raw/crema_d/audios/1035_IWW_FEA_XX.wav,FEA,emergency,emergency,0.020010028034448624,318.05242919921875,450.9555969238281,0.8530583381652832,0.1378406137228012,0.009092270396649837
/tmp/drone_acoustic_2026w14_phase1_downloads/raw/crema_d/audios/1035_IWW_NEU_XX.wav,NEU,normal,normal,0.037122514098882675,342.7893981933594,449.2511901855469,0.6526997089385986,0.34197309613227844,0.005320749711245298
/tmp/drone_acoustic_2026w14_phase1_downloads/raw/crema_d/audios/1035_MTI_ANG_XX.wav,ANG,emergency,emergency,0.07965026050806046,459.1791687011719,457.38641357421875,0.3420645594596863,0.6481669545173645,0.009766965173184872
/tmp/drone_acoustic_2026w14_phase1_downloads/raw/crema_d/audios/1035_MTI_FEA_XX.wav,FEA,emergency,emergency,0.027904663234949112,352.7772216796875,430.6560363769531,0.665613055229187,0.3283396363258362,0.006039695348590612
/tmp/drone_acoustic_2026w14_phase1_downloads/raw/crema_d/audios/1035_MTI_NEU_XX.wav,NEU,normal,normal,0.07908390462398529,348.8833923339844,401.93115234375,0.49193766713142395,0.49867966771125793,0.009379241615533829
/tmp/drone_acoustic_2026w14_phase1_downloads/raw/crema_d/audios/1035_TAI_ANG_XX.wav,ANG,emergency,emergency,0.15056294202804565,645.9506225585938,664.988037109375,0.17440415918827057,0.7468544840812683,0.07873258739709854
/tmp/drone_acoustic_2026w14_phase1_downloads/raw/crema_d/audios/1035_TAI_FEA_XX.wav,FEA,emergency,emergency,0.031781405210494995,365.7755432128906,511.92364501953125,0.6372257471084595,0.35301637649536133,0.009740746580064297
/tmp/drone_acoustic_2026w14_phase1_downloads/raw/crema_d/audios/1035_TAI_NEU_XX.wav,NEU,normal,normal,0.05434117093682289,366.9036865234375,453.2562561035156,0.6252855062484741,0.35900431871414185,0.015706155449151993
/tmp/drone_acoustic_2026w14_phase1_downloads/raw/crema_d/audios/1035_TIE_ANG_XX.wav,ANG,emergency,emergency,0.5838034749031067,644.5140991210938,723.564208984375,0.2606167793273926,0.5857599973678589,0.15361233055591583
/tmp/drone_acoustic_2026w14_phase1_downloads/raw/crema_d/audios/1035_TIE_FEA_XX.wav,FEA,emergency,emergency,0.29784587025642395,517.9532470703125,601.9352416992188,0.3567870855331421,0.5842793583869934,0.058921776711940765
/tmp/drone_acoustic_2026w14_phase1_downloads/raw/crema_d/audios/1035_TIE_NEU_XX.wav,NEU,normal,normal,0.043935567140579224,331.2866516113281,488.44732666015625,0.6254469156265259,0.36233487725257874,0.012196210213005543
/tmp/drone_acoustic_2026w14_phase1_downloads/raw/crema_d/audios/1035_TSI_ANG_XX.wav,ANG,emergency,emergency,0.26659896969795227,1010.6268310546875,933.7687377929688,0.1413956582546234,0.8061434626579285,0.05244952812790871
/tmp/drone_acoustic_2026w14_phase1_downloads/raw/crema_d/audios/1035_TSI_FEA_XX.wav,FEA,emergency,emergency,0.10864471644163132,1092.835693359375,909.6715087890625,0.7416818141937256,0.11804917454719543,0.14007721841335297
/tmp/drone_acoustic_2026w14_phase1_downloads/raw/crema_d/audios/1035_TSI_NEU_XX.wav,NEU,normal,normal,0.03907601907849312,507.2928161621094,754.1924438476562,0.7972947359085083,0.1783141791820526,0.02437431737780571
/tmp/drone_acoustic_2026w14_phase1_downloads/raw/crema_d/audios/1035_WSI_ANG_XX.wav,ANG,emergency,emergency,0.3977743685245514,865.5855712890625,827.9967651367188,0.17806828022003174,0.7199319005012512,0.10199300199747086
/tmp/drone_acoustic_2026w14_phase1_downloads/raw/crema_d/audios/1035_WSI_FEA_XX.wav,FEA,emergency,emergency,0.03784714266657829,633.0770874023438,644.58837890625,0.7909348011016846,0.1842963844537735,0.024741552770137787
/tmp/drone_acoustic_2026w14_phase1_downloads/raw/crema_d/audios/1035_WSI_NEU_XX.wav,NEU,normal,normal,0.04205208271741867,426.0467529296875,597.1300659179688,0.5764628052711487,0.4136781394481659,0.009852670133113861
/tmp/drone_acoustic_2026w14_phase1_downloads/raw/crema_d/audios/1036_DFA_ANG_XX.wav,ANG,emergency,emergency,0.11647394299507141,608.9317016601562,617.7099609375,0.34370097517967224,0.6315746307373047,0.0247236005961895
/tmp/drone_acoustic_2026w14_phase1_downloads/raw/crema_d/audios/1036_DFA_FEA_XX.wav,FEA,emergency,emergency,0.0454295314848423,338.1518249511719,413.3551025390625,0.7240439653396606,0.2697834074497223,0.006172242108732462
/tmp/drone_acoustic_2026w14_phase1_downloads/raw/crema_d/audios/1036_DFA_NEU_XX.wav,NEU,normal,normal,0.028136467561125755,355.439453125,444.60443115234375,0.32145053148269653,0.6701799035072327,0.008367308415472507
/tmp/drone_acoustic_2026w14_phase1_downloads/raw/crema_d/audios/1036_IEO_ANG_HI.wav,ANG,emergency,emergency,0.1799584925174713,562.3981323242188,557.8402709960938,0.33136123418807983,0.620040774345398,0.04859546944499016
/tmp/drone_acoustic_2026w14_phase1_downloads/raw/crema_d/audios/1036_IEO_ANG_LO.wav,ANG,emergency,emergency,0.06374277919530869,631.6605224609375,645.669677734375,0.3298303484916687,0.645991861820221,0.024166587740182877
/tmp/drone_acoustic_2026w14_phase1_downloads/raw/crema_d/audios/1036_IEO_ANG_MD.wav,ANG,emergency,emergency,0.1548764556646347,579.373046875,564.0037841796875,0.20487357676029205,0.7861983776092529,0.008924908004701138
/tmp/drone_acoustic_2026w14_phase1_downloads/raw/crema_d/audios/1036_IEO_FEA_HI.wav,FEA,emergency,emergency,0.15453994274139404,541.6065063476562,499.228759765625,0.40967968106269836,0.5761678218841553,0.014144972898066044
/tmp/drone_acoustic_2026w14_phase1_downloads/raw/crema_d/audios/1036_IEO_FEA_LO.wav,FEA,emergency,emergency,0.03093237616121769,451.7574157714844,488.2575988769531,0.6306925415992737,0.36088210344314575,0.008384784683585167
/tmp/drone_acoustic_2026w14_phase1_downloads/raw/crema_d/audios/1036_IEO_FEA_MD.wav,FEA,emergency,emergency,0.07022104412317276,453.119140625,504.0063171386719,0.5966867804527283,0.39453867077827454,0.008773225359618664
/tmp/drone_acoustic_2026w14_phase1_downloads/raw/crema_d/audios/1036_IEO_NEU_XX.wav,NEU,normal,normal,0.024190831929445267,439.7647399902344,533.5280151367188,0.5966948866844177,0.3939054012298584,0.00938578974455595
/tmp/drone_acoustic_2026w14_phase1_downloads/raw/crema_d/audios/1036_IOM_ANG_XX.wav,ANG,emergency,emergency,0.018342969939112663,367.5239562988281,376.06231689453125,0.512904167175293,0.47961893677711487,0.007474817335605621
/tmp/drone_acoustic_2026w14_phase1_downloads/raw/crema_d/audios/1036_IOM_FEA_XX.wav,FEA,emergency,emergency,0.011854281648993492,347.3821105957031,378.8395690917969,0.6449230909347534,0.3500020205974579,0.005074307322502136
/tmp/drone_acoustic_2026w14_phase1_downloads/raw/crema_d/audios/1036_IOM_NEU_XX.wav,NEU,normal,normal,0.013133497908711433,299.03656005859375,359.94427490234375,0.8416252136230469,0.156127467751503,0.0022428256925195456
/tmp/drone_acoustic_2026w14_phase1_downloads/raw/crema_d/audios/1036_ITH_ANG_XX.wav,ANG,emergency,emergency,0.10937424749135971,571.5536499023438,579.9642944335938,0.21364159882068634,0.756658136844635,0.029699236154556274
/tmp/drone_acoustic_2026w14_phase1_downloads/raw/crema_d/audios/1036_ITH_FEA_XX.wav,FEA,emergency,emergency,0.04823784530162811,407.9442138671875,410.14910888671875,0.4689711034297943,0.5241864919662476,0.0068415324203670025
/tmp/drone_acoustic_2026w14_phase1_downloads/raw/crema_d/audios/1036_ITH_NEU_XX.wav,NEU,normal,normal,0.06449724733829498,384.8728942871094,430.6919250488281,0.19216567277908325,0.8005663156509399,0.007263651117682457
/tmp/drone_acoustic_2026w14_phase1_downloads/raw/crema_d/audios/1036_ITS_ANG_XX.wav,ANG,emergency,emergency,0.1010429635643959,690.298095703125,684.3092651367188,0.42003732919692993,0.5405980944633484,0.03935679793357849
/tmp/drone_acoustic_2026w14_phase1_downloads/raw/crema_d/audios/1036_ITS_FEA_XX.wav,FEA,emergency,emergency,0.021369291469454765,459.6397399902344,554.71533203125,0.7054110765457153,0.28295403718948364,0.011620276607573032
/tmp/drone_acoustic_2026w14_phase1_downloads/raw/crema_d/audios/1036_ITS_NEU_XX.wav,NEU,normal,normal,0.024364469572901726,604.7890625,651.6624145507812,0.560714602470398,0.4086049497127533,0.030616244301199913
/tmp/drone_acoustic_2026w14_phase1_downloads/raw/crema_d/audios/1036_IWL_ANG_XX.wav,ANG,emergency,emergency,0.10000351816415787,474.9559326171875,418.944580078125,0.23846039175987244,0.7498161792755127,0.011723008938133717
/tmp/drone_acoustic_2026w14_phase1_downloads/raw/crema_d/audios/1036_IWL_FEA_XX.wav,FEA,emergency,emergency,0.03126925230026245,383.8083801269531,362.686767578125,0.4467925429344177,0.550068736076355,0.0031386599875986576
/tmp/drone_acoustic_2026w14_phase1_downloads/raw/crema_d/audios/1036_IWL_NEU_XX.wav,NEU,normal,normal,0.030218767002224922,336.2413024902344,362.5275573730469,0.3726746141910553,0.6243270039558411,0.0029971166513860226
/tmp/drone_acoustic_2026w14_phase1_downloads/raw/crema_d/audios/1036_IWW_ANG_XX.wav,ANG,emergency,emergency,0.0383119136095047,586.2689208984375,638.5550537109375,0.7192732691764832,0.2654162645339966,0.01529365312308073
/tmp/drone_acoustic_2026w14_phase1_downloads/raw/crema_d/audios/1036_IWW_FEA_XX.wav,FEA,emergency,emergency,0.0177018940448761,384.1737060546875,463.8244934082031,0.5539255142211914,0.441432923078537,0.00464080972597003
/tmp/drone_acoustic_2026w14_phase1_downloads/raw/crema_d/audios/1036_IWW_NEU_XX.wav,NEU,normal,normal,0.010322783142328262,340.37237548828125,484.5520935058594,0.8081625699996948,0.18756824731826782,0.004263542126864195
/tmp/drone_acoustic_2026w14_phase1_downloads/raw/crema_d/audios/1036_MTI_ANG_XX.wav,ANG,emergency,emergency,0.0231226347386837,407.8764953613281,391.5243835449219,0.5675323009490967,0.4206954836845398,0.011771372519433498
/tmp/drone_acoustic_2026w14_phase1_downloads/raw/crema_d/audios/1036_MTI_FEA_XX.wav,FEA,emergency,emergency,0.005915921181440353,394.4285583496094,335.1286315917969,0.6014295816421509,0.3961329758167267,0.0024370865430682898
/tmp/drone_acoustic_2026w14_phase1_downloads/raw/crema_d/audios/1036_MTI_NEU_XX.wav,NEU,normal,normal,0.013083445839583874,343.6305847167969,364.8440856933594,0.7670896053314209,0.2299855500459671,0.002923880238085985
/tmp/drone_acoustic_2026w14_phase1_downloads/raw/crema_d/audios/1036_TAI_ANG_XX.wav,ANG,emergency,emergency,0.08393081277608871,471.3429260253906,572.7699584960938,0.4317058324813843,0.5091068744659424,0.05918680876493454
/tmp/drone_acoustic_2026w14_phase1_downloads/raw/crema_d/audios/1036_TAI_FEA_XX.wav,FEA,emergency,emergency,0.014437930658459663,407.8050842285156,466.661376953125,0.5857241749763489,0.4089069962501526,0.005366495810449123
/tmp/drone_acoustic_2026w14_phase1_downloads/raw/crema_d/audios/1036_TAI_NEU_XX.wav,NEU,normal,normal,0.033101268112659454,393.1825866699219,469.7311096191406,0.8223809599876404,0.1650097519159317,0.012605191208422184
/tmp/drone_acoustic_2026w14_phase1_downloads/raw/crema_d/audios/1036_TIE_ANG_XX.wav,ANG,emergency,emergency,0.028426621109247208,522.757568359375,672.6838989257812,0.4478324055671692,0.5326511859893799,0.019508223980665207
/tmp/drone_acoustic_2026w14_phase1_downloads/raw/crema_d/audios/1036_TIE_FEA_XX.wav,FEA,emergency,emergency,0.03438369929790497,362.4637145996094,410.49249267578125,0.6258611679077148,0.36727938055992126,0.006857584696263075
/tmp/drone_acoustic_2026w14_phase1_downloads/raw/crema_d/audios/1036_TIE_NEU_XX.wav,NEU,normal,normal,0.028248852118849754,405.2950134277344,465.14111328125,0.6618388891220093,0.32858049869537354,0.009576181881129742
/tmp/drone_acoustic_2026w14_phase1_downloads/raw/crema_d/audios/1036_TSI_ANG_XX.wav,ANG,emergency,emergency,0.16721144318580627,1207.8189697265625,922.7618408203125,0.23567204177379608,0.7253879904747009,0.038916319608688354
/tmp/drone_acoustic_2026w14_phase1_downloads/raw/crema_d/audios/1036_TSI_FEA_XX.wav,FEA,emergency,emergency,0.06916692107915878,950.3040161132812,903.4130249023438,0.3637044429779053,0.6145340800285339,0.021748406812548637
/tmp/drone_acoustic_2026w14_phase1_downloads/raw/crema_d/audios/1036_TSI_NEU_XX.wav,NEU,normal,normal,0.03484276309609413,882.2922973632812,866.8970947265625,0.8447385430335999,0.0967298299074173,0.05839312821626663
/tmp/drone_acoustic_2026w14_phase1_downloads/raw/crema_d/audios/1036_WSI_ANG_XX.wav,ANG,emergency,emergency,0.20143719017505646,921.1441650390625,715.3086547851562,0.22896428406238556,0.7467476725578308,0.0242791548371315
/tmp/drone_acoustic_2026w14_phase1_downloads/raw/crema_d/audios/1036_WSI_FEA_XX.wav,FEA,emergency,emergency,0.07755263149738312,542.69384765625,622.3994140625,0.47936177253723145,0.5082899332046509,0.012337026186287403
/tmp/drone_acoustic_2026w14_phase1_downloads/raw/crema_d/audios/1036_WSI_NEU_XX.wav,NEU,normal,normal,0.05887838825583458,469.0375061035156,586.2562255859375,0.3999539315700531,0.5830023288726807,0.01702900603413582
/tmp/drone_acoustic_2026w14_phase1_downloads/raw/crema_d/audios/1037_DFA_ANG_XX.wav,ANG,emergency,emergency,0.06416094303131104,592.4318237304688,606.2293090820312,0.4549995958805084,0.5233857035636902,0.0216135885566473
/tmp/drone_acoustic_2026w14_phase1_downloads/raw/crema_d/audios/1037_DFA_FEA_XX.wav,FEA,emergency,emergency,0.1352664977312088,576.0140380859375,690.452392578125,0.7125676870346069,0.18622775375843048,0.10115961730480194
/tmp/drone_acoustic_2026w14_phase1_downloads/raw/crema_d/audios/1037_DFA_NEU_XX.wav,NEU,normal,normal,0.03474554046988487,399.9231262207031,429.020751953125,0.5823783874511719,0.41049185395240784,0.007126216776669025
/tmp/drone_acoustic_2026w14_phase1_downloads/raw/crema_d/audios/1037_IEO_ANG_HI.wav,ANG,emergency,emergency,1.0366395711898804,889.2130737304688,659.6284790039062,0.06790613383054733,0.8812236189842224,0.05086542293429375
/tmp/drone_acoustic_2026w14_phase1_downloads/raw/crema_d/audios/1037_IEO_ANG_LO.wav,ANG,emergency,emergency,0.1889926642179489,578.12109375,530.888427734375,0.22497549653053284,0.7703184485435486,0.004704666323959827
/tmp/drone_acoustic_2026w14_phase1_downloads/raw/crema_d/audios/1037_IEO_ANG_MD.wav,ANG,emergency,emergency,0.2256048619747162,651.3231811523438,540.1973876953125,0.21262776851654053,0.7690142393112183,0.018356848508119583
/tmp/drone_acoustic_2026w14_phase1_downloads/raw/crema_d/audios/1037_IEO_FEA_HI.wav,FEA,emergency,emergency,0.05699729546904564,592.00634765625,600.6220092773438,0.7297969460487366,0.2661338448524475,0.00406733900308609
/tmp/drone_acoustic_2026w14_phase1_downloads/raw/crema_d/audios/1037_IEO_FEA_LO.wav,FEA,emergency,emergency,0.028171787038445473,282.98541259765625,460.53375244140625,0.8224936723709106,0.1704961061477661,0.007001695688813925
/tmp/drone_acoustic_2026w14_phase1_downloads/raw/crema_d/audios/1037_IEO_FEA_MD.wav,FEA,emergency,emergency,0.03413350135087967,392.2357482910156,514.2553100585938,0.7075178623199463,0.2843891978263855,0.008054502308368683
/tmp/drone_acoustic_2026w14_phase1_downloads/raw/crema_d/audios/1037_IEO_NEU_XX.wav,NEU,normal,normal,0.07950015366077423,393.4027404785156,476.15155029296875,0.3016258478164673,0.6947118639945984,0.003656901651993394
/tmp/drone_acoustic_2026w14_phase1_downloads/raw/crema_d/audios/1037_IOM_ANG_XX.wav,ANG,emergency,emergency,0.961338460445404,599.131591796875,468.3626708984375,0.2299872189760208,0.7330173254013062,0.03699488937854767
/tmp/drone_acoustic_2026w14_phase1_downloads/raw/crema_d/audios/1037_IOM_FEA_XX.wav,FEA,emergency,emergency,0.024074574932456017,290.8602600097656,437.9996643066406,0.9395105838775635,0.045951828360557556,0.014515554532408714
/tmp/drone_acoustic_2026w14_phase1_downloads/raw/crema_d/audios/1037_IOM_NEU_XX.wav,NEU,normal,normal,0.03604210913181305,346.35186767578125,340.4154357910156,0.5438205003738403,0.45234256982803345,0.003833844792097807
/tmp/drone_acoustic_2026w14_phase1_downloads/raw/crema_d/audios/1037_ITH_ANG_XX.wav,ANG,emergency,emergency,0.20106543600559235,538.5977172851562,544.1756591796875,0.3731636106967926,0.602616548538208,0.024218793958425522
/tmp/drone_acoustic_2026w14_phase1_downloads/raw/crema_d/audios/1037_ITH_FEA_XX.wav,FEA,emergency,emergency,0.019665000960230827,422.3576965332031,603.2320556640625,0.914405107498169,0.0700564831495285,0.015523268841207027
/tmp/drone_acoustic_2026w14_phase1_downloads/raw/crema_d/audios/1037_ITH_NEU_XX.wav,NEU,normal,normal,0.026655012741684914,334.85107421875,417.483154296875,0.6908746361732483,0.30374810099601746,0.005371311213821173
/tmp/drone_acoustic_2026w14_phase1_downloads/raw/crema_d/audios/1037_ITS_ANG_XX.wav,ANG,emergency,emergency,0.08368058502674103,833.8170166015625,746.3707885742188,0.5682399272918701,0.40620559453964233,0.025541456416249275
/tmp/drone_acoustic_2026w14_phase1_downloads/raw/crema_d/audios/1037_ITS_FEA_XX.wav,FEA,emergency,emergency,0.006961028557270765,611.984619140625,755.2225341796875,0.9645808339118958,0.020263034850358963,0.01510382816195488
/tmp/drone_acoustic_2026w14_phase1_downloads/raw/crema_d/audios/1037_ITS_NEU_XX.wav,NEU,normal,normal,0.015456290915608406,524.5659790039062,567.6207275390625,0.6548357009887695,0.3339007496833801,0.01125304214656353
/tmp/drone_acoustic_2026w14_phase1_downloads/raw/crema_d/audios/1037_IWL_ANG_XX.wav,ANG,emergency,emergency,0.09545755386352539,482.55645751953125,358.9314880371094,0.3749617040157318,0.6219765543937683,0.0030613807030022144
/tmp/drone_acoustic_2026w14_phase1_downloads/raw/crema_d/audios/1037_IWL_FEA_XX.wav,FEA,emergency,emergency,0.029477108269929886,323.4566345214844,392.865234375,0.8121840357780457,0.18511635065078735,0.0026957287918776274
/tmp/drone_acoustic_2026w14_phase1_downloads/raw/crema_d/audios/1037_IWL_NEU_XX.wav,NEU,normal,normal,0.04165200889110565,356.8570556640625,359.4270324707031,0.763400673866272,0.2323368638753891,0.004258601926267147
/tmp/drone_acoustic_2026w14_phase1_downloads/raw/crema_d/audios/1037_IWW_ANG_XX.wav,ANG,emergency,emergency,0.37482839822769165,633.7237548828125,499.1697692871094,0.2520899772644043,0.7407476305961609,0.007160661742091179
/tmp/drone_acoustic_2026w14_phase1_downloads/raw/crema_d/audios/1037_IWW_FEA_XX.wav,FEA,emergency,emergency,0.030009675770998,447.7706604003906,541.8922119140625,0.6529216766357422,0.34044012427330017,0.0066243913024663925
/tmp/drone_acoustic_2026w14_phase1_downloads/raw/crema_d/audios/1037_IWW_NEU_XX.wav,NEU,normal,normal,0.018358895555138588,397.8001708984375,514.0726928710938,0.7742224931716919,0.219492107629776,0.0062734768725931644
/tmp/drone_acoustic_2026w14_phase1_downloads/raw/crema_d/audios/1037_MTI_ANG_XX.wav,ANG,emergency,emergency,0.06827645748853683,461.462158203125,394.8299560546875,0.592049777507782,0.40102124214172363,0.006927970331162214
/tmp/drone_acoustic_2026w14_phase1_downloads/raw/crema_d/audios/1037_MTI_FEA_XX.wav,FEA,emergency,emergency,0.026120269671082497,321.6598815917969,441.060791015625,0.9416421055793762,0.04457263648509979,0.01376518327742815
/tmp/drone_acoustic_2026w14_phase1_downloads/raw/crema_d/audios/1037_MTI_NEU_XX.wav,NEU,normal,normal,0.029759377241134644,350.77520751953125,364.3677978515625,0.7588592171669006,0.23597222566604614,0.00516753364354372
/tmp/drone_acoustic_2026w14_phase1_downloads/raw/crema_d/audios/1037_TAI_ANG_XX.wav,ANG,emergency,emergency,0.09166235476732254,730.1815185546875,700.506103515625,0.2715044915676117,0.703144371509552,0.02534659206867218
/tmp/drone_acoustic_2026w14_phase1_downloads/raw/crema_d/audios/1037_TAI_FEA_XX.wav,FEA,emergency,emergency,0.03205845132470131,575.4647827148438,726.5955810546875,0.7788388133049011,0.1743210256099701,0.04682299867272377
/tmp/drone_acoustic_2026w14_phase1_downloads/raw/crema_d/audios/1037_TAI_NEU_XX.wav,NEU,normal,normal,0.02148538827896118,458.4606628417969,534.8173828125,0.5451274514198303,0.44765937328338623,0.007205963600426912
/tmp/drone_acoustic_2026w14_phase1_downloads/raw/crema_d/audios/1037_TIE_ANG_XX.wav,ANG,emergency,emergency,0.8067163825035095,718.535888671875,674.2122802734375,0.13012684881687164,0.7279969453811646,0.14187517762184143
/tmp/drone_acoustic_2026w14_phase1_downloads/raw/crema_d/audios/1037_TIE_FEA_XX.wav,FEA,emergency,emergency,0.012188260443508625,357.3160705566406,546.0547485351562,0.8558370471000671,0.1356147825717926,0.008526608347892761
/tmp/drone_acoustic_2026w14_phase1_downloads/raw/crema_d/audios/1037_TIE_NEU_XX.wav,NEU,normal,normal,0.0375090092420578,395.5444030761719,487.08648681640625,0.3754851520061493,0.6174380779266357,0.007058283779770136
/tmp/drone_acoustic_2026w14_phase1_downloads/raw/crema_d/audios/1037_TSI_ANG_XX.wav,ANG,emergency,emergency,0.0714140310883522,1171.9248046875,1087.021728515625,0.42964181303977966,0.540416419506073,0.029884956777095795
/tmp/drone_acoustic_2026w14_phase1_downloads/raw/crema_d/audios/1037_TSI_FEA_XX.wav,FEA,emergency,emergency,0.04551217705011368,954.4461669921875,912.6065673828125,0.8638467192649841,0.029802704229950905,0.10606204718351364
/tmp/drone_acoustic_2026w14_phase1_downloads/raw/crema_d/audios/1037_TSI_NEU_XX.wav,NEU,normal,normal,0.030246729031205177,583.9943237304688,772.1488037109375,0.5621687769889832,0.41274338960647583,0.024878256022930145
/tmp/drone_acoustic_2026w14_phase1_downloads/raw/crema_d/audios/1037_WSI_ANG_XX.wav,ANG,emergency,emergency,0.13634507358074188,786.307373046875,657.2637329101562,0.49894100427627563,0.4832213819026947,0.017741985619068146
/tmp/drone_acoustic_2026w14_phase1_downloads/raw/crema_d/audios/1037_WSI_FEA_XX.wav,FEA,emergency,emergency,0.15407849848270416,759.4246826171875,725.2777709960938,0.6034042835235596,0.38147905468940735,0.015071548521518707
/tmp/drone_acoustic_2026w14_phase1_downloads/raw/crema_d/audios/1037_WSI_NEU_XX.wav,NEU,normal,normal,0.20859473943710327,585.6300659179688,583.6434326171875,0.42503300309181213,0.5672669410705566,0.007677051704376936
/tmp/drone_acoustic_2026w14_phase1_downloads/raw/crema_d/audios/1038_DFA_ANG_XX.wav,ANG,emergency,emergency,0.20621362328529358,842.8336791992188,802.8861694335938,0.28737547993659973,0.6392375230789185,0.07338117808103561
/tmp/drone_acoustic_2026w14_phase1_downloads/raw/crema_d/audios/1038_DFA_FEA_XX.wav,FEA,emergency,emergency,0.07438165694475174,481.3267517089844,605.8200073242188,0.27948278188705444,0.7005025744438171,0.020010992884635925
/tmp/drone_acoustic_2026w14_phase1_downloads/raw/crema_d/audios/1038_DFA_NEU_XX.wav,NEU,normal,normal,0.05638875067234039,473.0041198730469,592.8370971679688,0.44427579641342163,0.5341299176216125,0.021589748561382294
/tmp/drone_acoustic_2026w14_phase1_downloads/raw/crema_d/audios/1038_IEO_ANG_HI.wav,ANG,emergency,emergency,0.39145368337631226,943.2440185546875,729.4802856445312,0.1267216056585312,0.8063618540763855,0.06691344082355499
/tmp/drone_acoustic_2026w14_phase1_downloads/raw/crema_d/audios/1038_IEO_ANG_LO.wav,ANG,emergency,emergency,0.26270878314971924,555.8704223632812,556.4658813476562,0.27870285511016846,0.7037795782089233,0.017515553161501884
/tmp/drone_acoustic_2026w14_phase1_downloads/raw/crema_d/audios/1038_IEO_ANG_MD.wav,ANG,emergency,emergency,0.38110584020614624,760.4108276367188,688.0191650390625,0.0646258145570755,0.9044591784477234,0.03090522065758705
/tmp/drone_acoustic_2026w14_phase1_downloads/raw/crema_d/audios/1038_IEO_FEA_HI.wav,FEA,emergency,emergency,0.10854718089103699,597.9108276367188,593.491943359375,0.07213800400495529,0.9190210700035095,0.008834941312670708
/tmp/drone_acoustic_2026w14_phase1_downloads/raw/crema_d/audios/1038_IEO_FEA_LO.wav,FEA,emergency,emergency,0.02279350720345974,304.8495788574219,497.8670654296875,0.8456013798713684,0.14299549162387848,0.011350096203386784
/tmp/drone_acoustic_2026w14_phase1_downloads/raw/crema_d/audios/1038_IEO_FEA_MD.wav,FEA,emergency,emergency,0.06656091660261154,424.0430603027344,515.0667114257812,0.4345870018005371,0.5531399846076965,0.012263942509889603
/tmp/drone_acoustic_2026w14_phase1_downloads/raw/crema_d/audios/1038_IEO_NEU_XX.wav,NEU,normal,normal,0.04628907889127731,404.9036560058594,489.9078063964844,0.41703855991363525,0.5754357576370239,0.0075069391168653965
/tmp/drone_acoustic_2026w14_phase1_downloads/raw/crema_d/audios/1038_IOM_ANG_XX.wav,ANG,emergency,emergency,0.1580311357975006,565.312255859375,620.18359375,0.6307162642478943,0.30896326899528503,0.06031433492898941
/tmp/drone_acoustic_2026w14_phase1_downloads/raw/crema_d/audios/1038_IOM_FEA_XX.wav,FEA,emergency,emergency,0.010651752352714539,356.5483703613281,404.0539855957031,0.8499776124954224,0.14382855594158173,0.006192835047841072
/tmp/drone_acoustic_2026w14_phase1_downloads/raw/crema_d/audios/1038_IOM_NEU_XX.wav,NEU,normal,normal,0.05228571593761444,365.1122741699219,428.64215087890625,0.7157679796218872,0.27161169052124023,0.012614146806299686
/tmp/drone_acoustic_2026w14_phase1_downloads/raw/crema_d/audios/1038_ITH_ANG_XX.wav,ANG,emergency,emergency,0.20482908189296722,637.8712158203125,668.9361572265625,0.3765503168106079,0.5917327404022217,0.03171448037028313
/tmp/drone_acoustic_2026w14_phase1_downloads/raw/crema_d/audios/1038_ITH_FEA_XX.wav,FEA,emergency,emergency,0.09099412709474564,495.37530517578125,589.6605224609375,0.5058867335319519,0.4754028916358948,0.018705449998378754
/tmp/drone_acoustic_2026w14_phase1_downloads/raw/crema_d/audios/1038_ITH_NEU_XX.wav,NEU,normal,normal,0.07934310287237167,405.5636901855469,507.78631591796875,0.359512597322464,0.623557984828949,0.01692570559680462
/tmp/drone_acoustic_2026w14_phase1_downloads/raw/crema_d/audios/1038_ITS_ANG_XX.wav,ANG,emergency,emergency,0.029800618067383766,1010.4127197265625,823.916748046875,0.7678995728492737,0.20654194056987762,0.025550350546836853
/tmp/drone_acoustic_2026w14_phase1_downloads/raw/crema_d/audios/1038_ITS_FEA_XX.wav,FEA,emergency,emergency,0.01582431048154831,637.6195678710938,673.58251953125,0.8067575097084045,0.16933491826057434,0.023881342262029648
/tmp/drone_acoustic_2026w14_phase1_downloads/raw/crema_d/audios/1038_ITS_NEU_XX.wav,NEU,normal,normal,0.033419281244277954,604.904052734375,681.97509765625,0.7107961177825928,0.2628728747367859,0.02631014585494995
/tmp/drone_acoustic_2026w14_phase1_downloads/raw/crema_d/audios/1038_IWL_ANG_XX.wav,ANG,emergency,emergency,0.3041608929634094,580.831787109375,459.0247802734375,0.3436529338359833,0.634678065776825,0.021667703986167908
/tmp/drone_acoustic_2026w14_phase1_downloads/raw/crema_d/audios/1038_IWL_FEA_XX.wav,FEA,emergency,emergency,0.05558258667588234,432.6634216308594,385.1514587402344,0.6251239776611328,0.3682483732700348,0.0066255987621843815
/tmp/drone_acoustic_2026w14_phase1_downloads/raw/crema_d/audios/1038_IWL_NEU_XX.wav,NEU,normal,normal,0.12742462754249573,389.2410888671875,391.62640380859375,0.4774147868156433,0.5130821466445923,0.00949841272085905
/tmp/drone_acoustic_2026w14_phase1_downloads/raw/crema_d/audios/1038_IWW_ANG_XX.wav,ANG,emergency,emergency,0.27338922023773193,647.8389892578125,653.4093017578125,0.39997315406799316,0.5666865110397339,0.03331180661916733
/tmp/drone_acoustic_2026w14_phase1_downloads/raw/crema_d/audios/1038_IWW_FEA_XX.wav,FEA,emergency,emergency,0.019807633012533188,532.7501831054688,601.0237426757812,0.7357409596443176,0.2536722719669342,0.01058289036154747
/tmp/drone_acoustic_2026w14_phase1_downloads/raw/crema_d/audios/1038_IWW_NEU_XX.wav,NEU,normal,normal,0.02956387773156166,493.04876708984375,553.1390991210938,0.6337023973464966,0.356301873922348,0.009988000616431236
/tmp/drone_acoustic_2026w14_phase1_downloads/raw/crema_d/audios/1038_MTI_ANG_XX.wav,ANG,emergency,emergency,0.2094036042690277,538.9934692382812,489.50396728515625,0.3233659565448761,0.662227988243103,0.014404753223061562
/tmp/drone_acoustic_2026w14_phase1_downloads/raw/crema_d/audios/1038_MTI_FEA_XX.wav,FEA,emergency,emergency,0.07998966425657272,405.7205810546875,409.6766357421875,0.5667954683303833,0.4195767939090729,0.013625317253172398
/tmp/drone_acoustic_2026w14_phase1_downloads/raw/crema_d/audios/1038_MTI_NEU_XX.wav,NEU,normal,normal,0.05606071278452873,393.9747619628906,415.4757385253906,0.5576760172843933,0.43449705839157104,0.007821908220648766
/tmp/drone_acoustic_2026w14_phase1_downloads/raw/crema_d/audios/1038_TAI_ANG_XX.wav,ANG,emergency,emergency,0.044293150305747986,689.0780029296875,742.0214233398438,0.41761428117752075,0.5584924221038818,0.02388915792107582
/tmp/drone_acoustic_2026w14_phase1_downloads/raw/crema_d/audios/1038_TAI_FEA_XX.wav,FEA,emergency,emergency,0.022492723539471626,498.8753967285156,622.7200317382812,0.50025874376297,0.4853932857513428,0.014339514076709747
/tmp/drone_acoustic_2026w14_phase1_downloads/raw/crema_d/audios/1038_TAI_NEU_XX.wav,NEU,normal,normal,0.03729381039738655,391.9353942871094,526.3800659179688,0.5485599040985107,0.4323289692401886,0.019106490537524223
/tmp/drone_acoustic_2026w14_phase1_downloads/raw/crema_d/audios/1038_TIE_ANG_XX.wav,ANG,emergency,emergency,0.1528310775756836,504.6416015625,560.7461547851562,0.3296433687210083,0.6264727115631104,0.043877556920051575
/tmp/drone_acoustic_2026w14_phase1_downloads/raw/crema_d/audios/1038_TIE_FEA_XX.wav,FEA,emergency,emergency,0.03334277495741844,369.2052001953125,518.1344604492188,0.7923012375831604,0.18706566095352173,0.020616358146071434
/tmp/drone_acoustic_2026w14_phase1_downloads/raw/crema_d/audios/1038_TIE_NEU_XX.wav,NEU,normal,normal,0.04569006711244583,397.6499938964844,528.7683715820312,0.48544371128082275,0.4984971880912781,0.01604067161679268
/tmp/drone_acoustic_2026w14_phase1_downloads/raw/crema_d/audios/1038_TSI_ANG_XX.wav,ANG,emergency,emergency,0.11762624233961105,1107.125732421875,1006.119873046875,0.5148247480392456,0.439097136259079,0.046039924025535583
/tmp/drone_acoustic_2026w14_phase1_downloads/raw/crema_d/audios/1038_TSI_FEA_XX.wav,FEA,emergency,emergency,0.08370184153318405,595.3055419921875,786.7528686523438,0.4280152916908264,0.5361566543579102,0.035809170454740524
/tmp/drone_acoustic_2026w14_phase1_downloads/raw/crema_d/audios/1038_TSI_NEU_XX.wav,NEU,normal,normal,0.041534487158060074,779.4981689453125,868.8011474609375,0.7734256982803345,0.16302667558193207,0.06347762048244476
/tmp/drone_acoustic_2026w14_phase1_downloads/raw/crema_d/audios/1038_WSI_ANG_XX.wav,ANG,emergency,emergency,0.46485334634780884,1215.3990478515625,812.3914794921875,0.26624274253845215,0.7027522921562195,0.030995698645710945
/tmp/drone_acoustic_2026w14_phase1_downloads/raw/crema_d/audios/1038_WSI_FEA_XX.wav,FEA,emergency,emergency,0.09115426987409592,807.4737548828125,665.7774658203125,0.41061052680015564,0.5621932148933411,0.02718237042427063
/tmp/drone_acoustic_2026w14_phase1_downloads/raw/crema_d/audios/1038_WSI_NEU_XX.wav,NEU,normal,normal,0.11751033365726471,883.5488891601562,744.5380249023438,0.49882152676582336,0.473057359457016,0.028068963438272476
/tmp/drone_acoustic_2026w14_phase1_downloads/raw/crema_d/audios/1039_DFA_ANG_XX.wav,ANG,emergency,emergency,0.4317990243434906,673.3245849609375,654.427734375,0.2328500896692276,0.6129103302955627,0.15423892438411713
/tmp/drone_acoustic_2026w14_phase1_downloads/raw/crema_d/audios/1039_DFA_FEA_XX.wav,FEA,emergency,emergency,0.006919995881617069,271.9652404785156,367.2494812011719,0.9700589179992676,0.026341257616877556,0.0035959663800895214
/tmp/drone_acoustic_2026w14_phase1_downloads/raw/crema_d/audios/1039_DFA_NEU_XX.wav,NEU,normal,normal,0.028037719428539276,320.20758056640625,438.9370422363281,0.7525038123130798,0.2338535189628601,0.013638067059218884
/tmp/drone_acoustic_2026w14_phase1_downloads/raw/crema_d/audios/1039_IEO_ANG_HI.wav,ANG,emergency,emergency,0.698113203048706,714.5586547851562,655.8587036132812,0.13910475373268127,0.7624524831771851,0.09843903034925461
/tmp/drone_acoustic_2026w14_phase1_downloads/raw/crema_d/audios/1039_IEO_ANG_LO.wav,ANG,emergency,emergency,0.04503642022609711,389.30682373046875,481.4864501953125,0.6014149785041809,0.3789852261543274,0.019591759890317917
/tmp/drone_acoustic_2026w14_phase1_downloads/raw/crema_d/audios/1039_IEO_ANG_MD.wav,ANG,emergency,emergency,0.23346315324306488,509.591064453125,572.7508544921875,0.3199003040790558,0.616910457611084,0.0631876289844513
/tmp/drone_acoustic_2026w14_phase1_downloads/raw/crema_d/audios/1039_IEO_FEA_HI.wav,FEA,emergency,emergency,0.21591816842556,470.2207336425781,547.4556884765625,0.253643274307251,0.689787745475769,0.05656782165169716
/tmp/drone_acoustic_2026w14_phase1_downloads/raw/crema_d/audios/1039_IEO_FEA_LO.wav,FEA,emergency,emergency,0.047328971326351166,427.4521789550781,496.38720703125,0.5642866492271423,0.4219280183315277,0.013781554065644741
/tmp/drone_acoustic_2026w14_phase1_downloads/raw/crema_d/audios/1039_IEO_FEA_MD.wav,FEA,emergency,emergency,0.05842973664402962,360.4218444824219,454.8318176269531,0.42290443181991577,0.5626279711723328,0.014467308297753334
/tmp/drone_acoustic_2026w14_phase1_downloads/raw/crema_d/audios/1039_IEO_NEU_XX.wav,NEU,normal,normal,0.024041635915637016,316.1752624511719,446.82598876953125,0.8376650214195251,0.14993500709533691,0.012388303875923157
/tmp/drone_acoustic_2026w14_phase1_downloads/raw/crema_d/audios/1039_IOM_ANG_XX.wav,ANG,emergency,emergency,0.4383285939693451,566.8973999023438,584.6781005859375,0.4810960292816162,0.2651997208595276,0.2537028193473816
/tmp/drone_acoustic_2026w14_phase1_downloads/raw/crema_d/audios/1039_IOM_FEA_XX.wav,FEA,emergency,emergency,0.010646798647940159,257.9007263183594,294.6869201660156,0.9185799956321716,0.07973039150238037,0.0016875371802598238
/tmp/drone_acoustic_2026w14_phase1_downloads/raw/crema_d/audios/1039_IOM_NEU_XX.wav,NEU,normal,normal,0.009581902995705605,284.0397033691406,332.47564697265625,0.7647486925125122,0.22962059080600739,0.005626749712973833
/tmp/drone_acoustic_2026w14_phase1_downloads/raw/crema_d/audios/1039_ITH_ANG_XX.wav,ANG,emergency,emergency,0.49427178502082825,651.0009155273438,569.1647338867188,0.1700335294008255,0.7135570049285889,0.11640772223472595
/tmp/drone_acoustic_2026w14_phase1_downloads/raw/crema_d/audios/1039_ITH_FEA_XX.wav,FEA,emergency,emergency,0.043167028576135635,323.3773193359375,435.9371032714844,0.6663220524787903,0.3200565278530121,0.01361729484051466
/tmp/drone_acoustic_2026w14_phase1_downloads/raw/crema_d/audios/1039_ITH_NEU_XX.wav,NEU,normal,normal,0.04197169095277786,377.17620849609375,456.74615478515625,0.4633672535419464,0.5193061828613281,0.017322935163974762
/tmp/drone_acoustic_2026w14_phase1_downloads/raw/crema_d/audios/1039_ITS_ANG_XX.wav,ANG,emergency,emergency,0.12900526821613312,851.0941772460938,761.3104858398438,0.7555878758430481,0.1522238701581955,0.09217566251754761
/tmp/drone_acoustic_2026w14_phase1_downloads/raw/crema_d/audios/1039_ITS_FEA_XX.wav,FEA,emergency,emergency,0.0489971823990345,514.7371215820312,563.0990600585938,0.8563539981842041,0.08559470623731613,0.05803057923913002
/tmp/drone_acoustic_2026w14_phase1_downloads/raw/crema_d/audios/1039_ITS_NEU_XX.wav,NEU,normal,normal,0.041461311280727386,467.52911376953125,584.5216674804688,0.7728155851364136,0.19111689925193787,0.0360557846724987
/tmp/drone_acoustic_2026w14_phase1_downloads/raw/crema_d/audios/1039_IWL_ANG_XX.wav,ANG,emergency,emergency,0.2141609489917755,511.8051452636719,498.7307434082031,0.4232040047645569,0.5020599961280823,0.07473528385162354
/tmp/drone_acoustic_2026w14_phase1_downloads/raw/crema_d/audios/1039_IWL_FEA_XX.wav,FEA,emergency,emergency,0.029739735648036003,319.34722900390625,304.90057373046875,0.7858961820602417,0.2086954563856125,0.0054071941412985325
/tmp/drone_acoustic_2026w14_phase1_downloads/raw/crema_d/audios/1039_IWL_NEU_XX.wav,NEU,normal,normal,0.03918449580669403,335.11492919921875,366.9935607910156,0.6245346069335938,0.3581880033016205,0.017274480313062668
/tmp/drone_acoustic_2026w14_phase1_downloads/raw/crema_d/audios/1039_IWW_ANG_XX.wav,ANG,emergency,emergency,0.23087288439273834,596.3493041992188,586.0404663085938,0.3147474229335785,0.6345148086547852,0.05073481425642967
/tmp/drone_acoustic_2026w14_phase1_downloads/raw/crema_d/audios/1039_IWW_FEA_XX.wav,FEA,emergency,emergency,0.010846894234418869,389.51727294921875,511.6676940917969,0.8804107904434204,0.1128477230668068,0.006739241536706686
/tmp/drone_acoustic_2026w14_phase1_downloads/raw/crema_d/audios/1039_IWW_NEU_XX.wav,NEU,normal,normal,0.014313659630715847,337.6676940917969,434.2367248535156,0.8419777750968933,0.14915995299816132,0.008859063498675823
/tmp/drone_acoustic_2026w14_phase1_downloads/raw/crema_d/audios/1039_MTI_ANG_XX.wav,ANG,emergency,emergency,0.2622007131576538,548.2971801757812,524.9168090820312,0.33970147371292114,0.568905234336853,0.09139256179332733
/tmp/drone_acoustic_2026w14_phase1_downloads/raw/crema_d/audios/1039_MTI_FEA_XX.wav,FEA,emergency,emergency,0.01204155944287777,297.0581359863281,302.1315002441406,0.9549708366394043,0.04183076322078705,0.0031945377122610807
/tmp/drone_acoustic_2026w14_phase1_downloads/raw/crema_d/audios/1039_MTI_NEU_XX.wav,NEU,normal,normal,0.045750901103019714,344.7933349609375,349.7879638671875,0.7075125575065613,0.2868424355983734,0.005643691401928663
/tmp/drone_acoustic_2026w14_phase1_downloads/raw/crema_d/audios/1039_TAI_ANG_XX.wav,ANG,emergency,emergency,0.17929255962371826,631.51904296875,658.1806640625,0.323320597410202,0.6170236468315125,0.059653088450431824
/tmp/drone_acoustic_2026w14_phase1_downloads/raw/crema_d/audios/1039_TAI_FEA_XX.wav,FEA,emergency,emergency,0.012190941721200943,420.2804260253906,442.3929443359375,0.9591480493545532,0.024643104523420334,0.016196276992559433
/tmp/drone_acoustic_2026w14_phase1_downloads/raw/crema_d/audios/1039_TAI_NEU_XX.wav,NEU,normal,normal,0.04325197637081146,408.490234375,520.0059204101562,0.8381821513175964,0.13450217247009277,0.02730991505086422
/tmp/drone_acoustic_2026w14_phase1_downloads/raw/crema_d/audios/1039_TIE_ANG_XX.wav,ANG,emergency,emergency,0.39193230867385864,689.0493774414062,696.3803100585938,0.3740995228290558,0.4873146414756775,0.13858169317245483
/tmp/drone_acoustic_2026w14_phase1_downloads/raw/crema_d/audios/1039_TIE_FEA_XX.wav,FEA,emergency,emergency,0.02355393022298813,363.5370178222656,424.3481750488281,0.7851322889328003,0.20603962242603302,0.008825037628412247
/tmp/drone_acoustic_2026w14_phase1_downloads/raw/crema_d/audios/1039_TIE_NEU_XX.wav,NEU,normal,normal,0.08239631354808807,332.9821472167969,403.66461181640625,0.5549803376197815,0.41067755222320557,0.03434107452630997
/tmp/drone_acoustic_2026w14_phase1_downloads/raw/crema_d/audios/1039_TSI_ANG_XX.wav,ANG,emergency,emergency,0.23536857962608337,1271.8134765625,867.727294921875,0.5582526326179504,0.3288683593273163,0.1128121167421341
/tmp/drone_acoustic_2026w14_phase1_downloads/raw/crema_d/audios/1039_TSI_FEA_XX.wav,FEA,emergency,emergency,0.03125735744833946,570.4571533203125,647.135986328125,0.8663775324821472,0.10630624741315842,0.02731136791408062
/tmp/drone_acoustic_2026w14_phase1_downloads/raw/crema_d/audios/1039_TSI_NEU_XX.wav,NEU,normal,normal,0.03816407173871994,673.4434814453125,733.0562133789062,0.7876977920532227,0.16961076855659485,0.04268069565296173
/tmp/drone_acoustic_2026w14_phase1_downloads/raw/crema_d/audios/1039_WSI_ANG_XX.wav,ANG,emergency,emergency,0.42974209785461426,1223.77880859375,839.9793090820312,0.20972155034542084,0.661379337310791,0.1288934350013733
/tmp/drone_acoustic_2026w14_phase1_downloads/raw/crema_d/audios/1039_WSI_FEA_XX.wav,FEA,emergency,emergency,0.02038477174937725,402.6752624511719,537.1262817382812,0.9106475710868835,0.07238242775201797,0.01694287173449993
/tmp/drone_acoustic_2026w14_phase1_downloads/raw/crema_d/audios/1039_WSI_NEU_XX.wav,NEU,normal,normal,0.03587071970105171,510.5859069824219,579.0667114257812,0.4469403922557831,0.5356395244598389,0.017413539811968803
/tmp/drone_acoustic_2026w14_phase1_downloads/raw/crema_d/audios/1040_DFA_ANG_XX.wav,ANG,emergency,emergency,0.06325685977935791,452.0645751953125,547.34912109375,0.32249966263771057,0.6590207815170288,0.018478121608495712
/tmp/drone_acoustic_2026w14_phase1_downloads/raw/crema_d/audios/1040_DFA_FEA_XX.wav,FEA,emergency,emergency,0.02228369377553463,300.1636047363281,450.93804931640625,0.8453885912895203,0.14067523181438446,0.01393033191561699
/tmp/drone_acoustic_2026w14_phase1_downloads/raw/crema_d/audios/1040_DFA_NEU_XX.wav,NEU,normal,normal,0.06645228713750839,388.7084045410156,505.70013427734375,0.4869139790534973,0.4934270977973938,0.019649764522910118
/tmp/drone_acoustic_2026w14_phase1_downloads/raw/crema_d/audios/1040_IEO_ANG_HI.wav,ANG,emergency,emergency,0.7550120949745178,991.405517578125,748.0478515625,0.18159139156341553,0.6795198917388916,0.1388818472623825
/tmp/drone_acoustic_2026w14_phase1_downloads/raw/crema_d/audios/1040_IEO_ANG_LO.wav,ANG,emergency,emergency,0.09145427495241165,402.89593505859375,461.1320495605469,0.357815682888031,0.6366563439369202,0.005526378285139799
/tmp/drone_acoustic_2026w14_phase1_downloads/raw/crema_d/audios/1040_IEO_ANG_MD.wav,ANG,emergency,emergency,0.297161340713501,704.5048828125,691.0029296875,0.22203072905540466,0.7526211738586426,0.025345763191580772
/tmp/drone_acoustic_2026w14_phase1_downloads/raw/crema_d/audios/1040_IEO_FEA_HI.wav,FEA,emergency,emergency,0.06840448081493378,553.3086547851562,657.7188110351562,0.4286198914051056,0.5630000233650208,0.008379645645618439
/tmp/drone_acoustic_2026w14_phase1_downloads/raw/crema_d/audios/1040_IEO_FEA_LO.wav,FEA,emergency,emergency,0.014513369649648666,295.2809753417969,453.8262634277344,0.9324451088905334,0.06287964433431625,0.004657052457332611
/tmp/drone_acoustic_2026w14_phase1_downloads/raw/crema_d/audios/1040_IEO_FEA_MD.wav,FEA,emergency,emergency,0.07673092931509018,394.6148986816406,544.7621459960938,0.7421478629112244,0.2506014406681061,0.00724521279335022
/tmp/drone_acoustic_2026w14_phase1_downloads/raw/crema_d/audios/1040_IEO_NEU_XX.wav,NEU,normal,normal,0.04307783395051956,384.2344665527344,506.25433349609375,0.2972467541694641,0.694262683391571,0.008482085540890694
/tmp/drone_acoustic_2026w14_phase1_downloads/raw/crema_d/audios/1040_IOM_ANG_XX.wav,ANG,emergency,emergency,0.1356864869594574,458.4300842285156,511.5482177734375,0.606147050857544,0.34566962718963623,0.048177991062402725
/tmp/drone_acoustic_2026w14_phase1_downloads/raw/crema_d/audios/1040_IOM_FEA_XX.wav,FEA,emergency,emergency,0.004327809438109398,274.8229064941406,381.759765625,0.9750262498855591,0.022860277444124222,0.002110440284013748
/tmp/drone_acoustic_2026w14_phase1_downloads/raw/crema_d/audios/1040_IOM_NEU_XX.wav,NEU,normal,normal,0.031139809638261795,305.4091491699219,387.3284606933594,0.7555555105209351,0.23977293074131012,0.004666747525334358
/tmp/drone_acoustic_2026w14_phase1_downloads/raw/crema_d/audios/1040_ITH_ANG_XX.wav,ANG,emergency,emergency,0.22295208275318146,520.3346557617188,578.1576538085938,0.3191017806529999,0.6455168724060059,0.03537360206246376
/tmp/drone_acoustic_2026w14_phase1_downloads/raw/crema_d/audios/1040_ITH_FEA_XX.wav,FEA,emergency,emergency,0.01623968966305256,264.275634765625,410.56707763671875,0.9106033444404602,0.07994801551103592,0.009439761750400066
/tmp/drone_acoustic_2026w14_phase1_downloads/raw/crema_d/audios/1040_ITH_NEU_XX.wav,NEU,normal,normal,0.08931168913841248,371.49273681640625,472.80859375,0.5910750031471252,0.3897927701473236,0.019121268764138222
/tmp/drone_acoustic_2026w14_phase1_downloads/raw/crema_d/audios/1040_ITS_ANG_XX.wav,ANG,emergency,emergency,0.060442399233579636,654.0361938476562,664.6873168945312,0.6332293152809143,0.3303753137588501,0.03635093942284584
/tmp/drone_acoustic_2026w14_phase1_downloads/raw/crema_d/audios/1040_ITS_FEA_XX.wav,FEA,emergency,emergency,0.016485927626490593,429.35369873046875,590.868896484375,0.9317368268966675,0.04077448695898056,0.027413152158260345
/tmp/drone_acoustic_2026w14_phase1_downloads/raw/crema_d/audios/1040_ITS_NEU_XX.wav,NEU,normal,normal,0.04287321865558624,448.18402099609375,602.3211059570312,0.7874497771263123,0.18800503015518188,0.024535156786441803
/tmp/drone_acoustic_2026w14_phase1_downloads/raw/crema_d/audios/1040_IWL_ANG_XX.wav,ANG,emergency,emergency,0.16820421814918518,469.17181396484375,441.8310852050781,0.5103240013122559,0.47313404083251953,0.01654117926955223
/tmp/drone_acoustic_2026w14_phase1_downloads/raw/crema_d/audios/1040_IWL_FEA_XX.wav,FEA,emergency,emergency,0.10238181054592133,350.3710632324219,421.5139465332031,0.6814777255058289,0.3119086027145386,0.006611219607293606
/tmp/drone_acoustic_2026w14_phase1_downloads/raw/crema_d/audios/1040_IWL_NEU_XX.wav,NEU,normal,normal,0.06362224370241165,332.1828308105469,392.02838134765625,0.730078935623169,0.2624317705631256,0.007483859080821276
/tmp/drone_acoustic_2026w14_phase1_downloads/raw/crema_d/audios/1040_IWW_ANG_XX.wav,ANG,emergency,emergency,0.10673724859952927,525.8365478515625,606.4016723632812,0.45782947540283203,0.529629647731781,0.012528213672339916
/tmp/drone_acoustic_2026w14_phase1_downloads/raw/crema_d/audios/1040_IWW_FEA_XX.wav,FEA,emergency,emergency,0.016417747363448143,289.9808654785156,496.7871398925781,0.8253994584083557,0.16126978397369385,0.013278931379318237
/tmp/drone_acoustic_2026w14_phase1_downloads/raw/crema_d/audios/1040_IWW_NEU_XX.wav,NEU,normal,normal,0.03194601088762283,331.79071044921875,453.64923095703125,0.8312054872512817,0.16340668499469757,0.005380796734243631
/tmp/drone_acoustic_2026w14_phase1_downloads/raw/crema_d/audios/1040_MTI_ANG_XX.wav,ANG,emergency,emergency,0.12623174488544464,515.77734375,482.26171875,0.26179239153862,0.7293300628662109,0.008876369334757328
/tmp/drone_acoustic_2026w14_phase1_downloads/raw/crema_d/audios/1040_MTI_FEA_XX.wav,FEA,emergency,emergency,0.02313058078289032,332.11395263671875,420.8180847167969,0.7795882821083069,0.21630191802978516,0.004104121588170528
/tmp/drone_acoustic_2026w14_phase1_downloads/raw/crema_d/audios/1040_MTI_NEU_XX.wav,NEU,normal,normal,0.08854718506336212,345.1545715332031,412.247802734375,0.7298873066902161,0.2607934772968292,0.009316276758909225
/tmp/drone_acoustic_2026w14_phase1_downloads/raw/crema_d/audios/1040_TAI_ANG_XX.wav,ANG,emergency,emergency,0.031248603016138077,469.1570739746094,602.1248779296875,0.6436638832092285,0.34120067954063416,0.015131459571421146
/tmp/drone_acoustic_2026w14_phase1_downloads/raw/crema_d/audios/1040_TAI_FEA_XX.wav,FEA,emergency,emergency,0.01107554230839014,380.1939392089844,555.0598754882812,0.8885762095451355,0.10154030472040176,0.009862253442406654
/tmp/drone_acoustic_2026w14_phase1_downloads/raw/crema_d/audios/1040_TAI_NEU_XX.wav,NEU,normal,normal,0.043250806629657745,375.6268005371094,495.7533264160156,0.7452123165130615,0.2397773712873459,0.015006007626652718
/tmp/drone_acoustic_2026w14_phase1_downloads/raw/crema_d/audios/1040_TIE_ANG_XX.wav,ANG,emergency,emergency,0.15039171278476715,506.38714599609375,592.1731567382812,0.3905634880065918,0.5739896893501282,0.035420261323451996
/tmp/drone_acoustic_2026w14_phase1_downloads/raw/crema_d/audios/1040_TIE_FEA_XX.wav,FEA,emergency,emergency,0.061112359166145325,373.03411865234375,478.7359313964844,0.668427050113678,0.3180106282234192,0.013542650267481804
/tmp/drone_acoustic_2026w14_phase1_downloads/raw/crema_d/audios/1040_TIE_NEU_XX.wav,NEU,normal,normal,0.06027930974960327,346.4722595214844,480.500732421875,0.6760650277137756,0.3071439564228058,0.016770077869296074
/tmp/drone_acoustic_2026w14_phase1_downloads/raw/crema_d/audios/1040_TSI_ANG_XX.wav,ANG,emergency,emergency,0.11179995536804199,1252.443603515625,1053.550048828125,0.5421196818351746,0.41376519203186035,0.04389665648341179
/tmp/drone_acoustic_2026w14_phase1_downloads/raw/crema_d/audios/1040_TSI_FEA_XX.wav,FEA,emergency,emergency,0.04299486055970192,855.7423095703125,891.111328125,0.7189100384712219,0.19902288913726807,0.08186113834381104
/tmp/drone_acoustic_2026w14_phase1_downloads/raw/crema_d/audios/1040_TSI_NEU_XX.wav,NEU,normal,normal,0.0442822091281414,666.3418579101562,827.3836059570312,0.6991741061210632,0.26419612765312195,0.03645601123571396
/tmp/drone_acoustic_2026w14_phase1_downloads/raw/crema_d/audios/1040_WSI_ANG_XX.wav,ANG,emergency,emergency,0.29315757751464844,997.0511474609375,795.5176391601562,0.40366649627685547,0.569756805896759,0.02656358666718006
/tmp/drone_acoustic_2026w14_phase1_downloads/raw/crema_d/audios/1040_WSI_FEA_XX.wav,FEA,emergency,emergency,0.0785239115357399,630.6889038085938,693.3135986328125,0.5878710150718689,0.39537325501441956,0.016739197075366974
/tmp/drone_acoustic_2026w14_phase1_downloads/raw/crema_d/audios/1040_WSI_NEU_XX.wav,NEU,normal,normal,0.06789404153823853,495.4415283203125,613.8410034179688,0.6217630505561829,0.36626866459846497,0.011951358988881111
/tmp/drone_acoustic_2026w14_phase1_downloads/raw/crema_d/audios/1041_DFA_ANG_XX.wav,ANG,emergency,emergency,0.19416600465774536,524.8728637695312,521.275634765625,0.3889595568180084,0.5544406771659851,0.05659669637680054
/tmp/drone_acoustic_2026w14_phase1_downloads/raw/crema_d/audios/1041_DFA_FEA_XX.wav,FEA,emergency,emergency,0.048335812985897064,320.49273681640625,502.6410217285156,0.8325503468513489,0.14295239746570587,0.024482550099492073
/tmp/drone_acoustic_2026w14_phase1_downloads/raw/crema_d/audios/1041_DFA_NEU_XX.wav,NEU,normal,normal,0.024201709777116776,395.0645446777344,511.28533935546875,0.632598876953125,0.35893765091896057,0.008455634117126465
/tmp/drone_acoustic_2026w14_phase1_downloads/raw/crema_d/audios/1041_IEO_ANG_HI.wav,ANG,emergency,emergency,0.27020975947380066,559.5457153320312,514.5977172851562,0.09185213595628738,0.8770520687103271,0.031092584133148193
/tmp/drone_acoustic_2026w14_phase1_downloads/raw/crema_d/audios/1041_IEO_ANG_LO.wav,ANG,emergency,emergency,0.08903121948242188,460.75103759765625,492.56427001953125,0.42665785551071167,0.5666235685348511,0.006710877176374197
/tmp/drone_acoustic_2026w14_phase1_downloads/raw/crema_d/audios/1041_IEO_ANG_MD.wav,ANG,emergency,emergency,0.10321411490440369,461.67694091796875,480.0470275878906,0.30716001987457275,0.6874674558639526,0.005371903069317341
/tmp/drone_acoustic_2026w14_phase1_downloads/raw/crema_d/audios/1041_IEO_FEA_HI.wav,FEA,emergency,emergency,0.07011790573596954,407.9470520019531,502.63128662109375,0.5434364080429077,0.4501974880695343,0.006362958811223507
/tmp/drone_acoustic_2026w14_phase1_downloads/raw/crema_d/audios/1041_IEO_FEA_LO.wav,FEA,emergency,emergency,0.03125040978193283,286.7986755371094,450.0963439941406,0.7597595453262329,0.23192930221557617,0.008282266557216644
/tmp/drone_acoustic_2026w14_phase1_downloads/raw/crema_d/audios/1041_IEO_FEA_MD.wav,FEA,emergency,emergency,0.034546446055173874,345.6039123535156,468.22705078125,0.5207259058952332,0.47282853722572327,0.006431609857827425
/tmp/drone_acoustic_2026w14_phase1_downloads/raw/crema_d/audios/1041_IEO_NEU_XX.wav,NEU,normal,normal,0.018260041251778603,292.329345703125,455.5719909667969,0.772720992565155,0.21808433532714844,0.009183738380670547
/tmp/drone_acoustic_2026w14_phase1_downloads/raw/crema_d/audios/1041_IOM_ANG_XX.wav,ANG,emergency,emergency,0.11668267846107483,391.9533386230469,389.22125244140625,0.4742758870124817,0.5038542747497559,0.021867793053388596
/tmp/drone_acoustic_2026w14_phase1_downloads/raw/crema_d/audios/1041_IOM_FEA_XX.wav,FEA,emergency,emergency,0.041003961116075516,309.56524658203125,356.1546936035156,0.5744709968566895,0.42010068893432617,0.0054274145513772964
/tmp/drone_acoustic_2026w14_phase1_downloads/raw/crema_d/audios/1041_IOM_NEU_XX.wav,NEU,normal,normal,0.02182774804532528,273.5858459472656,335.6792297363281,0.7078113555908203,0.2891292870044708,0.0030499903950840235
/tmp/drone_acoustic_2026w14_phase1_downloads/raw/crema_d/audios/1041_ITH_ANG_XX.wav,ANG,emergency,emergency,0.2316838651895523,600.5199584960938,608.1966552734375,0.22692911326885223,0.744958221912384,0.028110481798648834
/tmp/drone_acoustic_2026w14_phase1_downloads/raw/crema_d/audios/1041_ITH_FEA_XX.wav,FEA,emergency,emergency,0.07597793638706207,337.8032531738281,519.2413330078125,0.7501674294471741,0.22129860520362854,0.028522280976176262
/tmp/drone_acoustic_2026w14_phase1_downloads/raw/crema_d/audios/1041_ITH_NEU_XX.wav,NEU,normal,normal,0.03865251690149307,323.1568603515625,430.4385070800781,0.585048496723175,0.4042559266090393,0.010687445290386677
/tmp/drone_acoustic_2026w14_phase1_downloads/raw/crema_d/audios/1041_ITS_ANG_XX.wav,ANG,emergency,emergency,0.08636350929737091,750.0203857421875,632.6791381835938,0.34660810232162476,0.5970509648323059,0.05631089583039284
/tmp/drone_acoustic_2026w14_phase1_downloads/raw/crema_d/audios/1041_ITS_FEA_XX.wav,FEA,emergency,emergency,0.1305442750453949,486.6405029296875,614.029296875,0.7426002621650696,0.12484638392925262,0.13248980045318604
/tmp/drone_acoustic_2026w14_phase1_downloads/raw/crema_d/audios/1041_ITS_NEU_XX.wav,NEU,normal,normal,0.026256203651428223,419.2239990234375,520.1245727539062,0.805060863494873,0.1723754107952118,0.02252586930990219
/tmp/drone_acoustic_2026w14_phase1_downloads/raw/crema_d/audios/1041_IWL_ANG_XX.wav,ANG,emergency,emergency,0.22975626587867737,543.6663208007812,477.96624755859375,0.2386212944984436,0.731062114238739,0.030314302071928978
/tmp/drone_acoustic_2026w14_phase1_downloads/raw/crema_d/audios/1041_IWL_FEA_XX.wav,FEA,emergency,emergency,0.06060332804918289,394.7769470214844,376.0946044921875,0.5032339096069336,0.49244511127471924,0.004317908082157373
/tmp/drone_acoustic_2026w14_phase1_downloads/raw/crema_d/audios/1041_IWL_NEU_XX.wav,NEU,normal,normal,0.04368580877780914,335.45733642578125,362.8751525878906,0.5886797308921814,0.4075399339199066,0.0037773028016090393
/tmp/drone_acoustic_2026w14_phase1_downloads/raw/crema_d/audios/1041_IWW_ANG_XX.wav,ANG,emergency,emergency,0.2376471608877182,572.484619140625,581.2672729492188,0.22417692840099335,0.7436031103134155,0.03219341114163399
/tmp/drone_acoustic_2026w14_phase1_downloads/raw/crema_d/audios/1041_IWW_FEA_XX.wav,FEA,emergency,emergency,0.0597163550555706,396.322998046875,532.8104248046875,0.7674016356468201,0.18573005497455597,0.046821072697639465
/tmp/drone_acoustic_2026w14_phase1_downloads/raw/crema_d/audios/1041_IWW_NEU_XX.wav,NEU,normal,normal,0.025208378210663795,333.5594482421875,457.896484375,0.7282969951629639,0.26229622960090637,0.00938427820801735
/tmp/drone_acoustic_2026w14_phase1_downloads/raw/crema_d/audios/1041_MTI_ANG_XX.wav,ANG,emergency,emergency,0.19207358360290527,478.58831787109375,477.5875549316406,0.4727320969104767,0.5088709592819214,0.01839202456176281
/tmp/drone_acoustic_2026w14_phase1_downloads/raw/crema_d/audios/1041_MTI_FEA_XX.wav,FEA,emergency,emergency,0.020983362570405006,322.8381042480469,413.56793212890625,0.7426747679710388,0.24949994683265686,0.00780854607000947
/tmp/drone_acoustic_2026w14_phase1_downloads/raw/crema_d/audios/1041_MTI_NEU_XX.wav,NEU,normal,normal,0.03075467236340046,357.5561828613281,381.1155090332031,0.5747682452201843,0.4204387664794922,0.004789980128407478
/tmp/drone_acoustic_2026w14_phase1_downloads/raw/crema_d/audios/1041_TAI_ANG_XX.wav,ANG,emergency,emergency,0.10251066833734512,507.37078857421875,562.1484375,0.31424689292907715,0.6626511216163635,0.023099204525351524
/tmp/drone_acoustic_2026w14_phase1_downloads/raw/crema_d/audios/1041_TAI_FEA_XX.wav,FEA,emergency,emergency,0.013645324856042862,317.9479064941406,476.6906433105469,0.7401594519615173,0.2513640522956848,0.008459439501166344
/tmp/drone_acoustic_2026w14_phase1_downloads/raw/crema_d/audios/1041_TAI_NEU_XX.wav,NEU,normal,normal,0.02654716745018959,371.428955078125,429.6236877441406,0.5313963890075684,0.4603513181209564,0.008245693519711494
/tmp/drone_acoustic_2026w14_phase1_downloads/raw/crema_d/audios/1041_TIE_ANG_XX.wav,ANG,emergency,emergency,0.5338205695152283,611.6121215820312,647.9183959960938,0.22392216324806213,0.7307785153388977,0.04529482126235962
/tmp/drone_acoustic_2026w14_phase1_downloads/raw/crema_d/audios/1041_TIE_FEA_XX.wav,FEA,emergency,emergency,0.03441091999411583,340.9684753417969,501.21514892578125,0.6690261363983154,0.3169487714767456,0.014011877588927746
/tmp/drone_acoustic_2026w14_phase1_downloads/raw/crema_d/audios/1041_TIE_NEU_XX.wav,NEU,normal,normal,0.031336572021245956,300.5442199707031,455.10986328125,0.6405462026596069,0.3511960506439209,0.00823809951543808
/tmp/drone_acoustic_2026w14_phase1_downloads/raw/crema_d/audios/1041_TSI_ANG_XX.wav,ANG,emergency,emergency,0.11783900111913681,1208.3896484375,902.25927734375,0.2574863135814667,0.7069855332374573,0.03549202159047127
/tmp/drone_acoustic_2026w14_phase1_downloads/raw/crema_d/audios/1041_TSI_FEA_XX.wav,FEA,emergency,emergency,0.20478247106075287,893.41845703125,862.641845703125,0.5653340220451355,0.14614148437976837,0.2880299389362335
/tmp/drone_acoustic_2026w14_phase1_downloads/raw/crema_d/audios/1041_TSI_NEU_XX.wav,NEU,normal,normal,0.05504418909549713,669.3844604492188,824.0098266601562,0.6112823486328125,0.33330920338630676,0.05536535009741783
/tmp/drone_acoustic_2026w14_phase1_downloads/raw/crema_d/audios/1041_WSI_ANG_XX.wav,ANG,emergency,emergency,0.2461552917957306,982.9224853515625,779.1632690429688,0.2115151286125183,0.7501938343048096,0.03827378526329994
/tmp/drone_acoustic_2026w14_phase1_downloads/raw/crema_d/audios/1041_WSI_FEA_XX.wav,FEA,emergency,emergency,0.10136239230632782,428.7767028808594,547.2160034179688,0.7834945917129517,0.13265380263328552,0.08381745964288712
/tmp/drone_acoustic_2026w14_phase1_downloads/raw/crema_d/audios/1041_WSI_NEU_XX.wav,NEU,normal,normal,0.04728059843182564,448.17034912109375,556.9585571289062,0.5879978537559509,0.3852839469909668,0.02671053633093834
/tmp/drone_acoustic_2026w14_phase1_downloads/raw/crema_d/audios/1042_DFA_ANG_XX.wav,ANG,emergency,emergency,0.0720072016119957,563.4329833984375,596.4622802734375,0.5620611906051636,0.4074402451515198,0.030495457351207733
/tmp/drone_acoustic_2026w14_phase1_downloads/raw/crema_d/audios/1042_DFA_FEA_XX.wav,FEA,emergency,emergency,0.06907927244901657,482.6791076660156,606.7673950195312,0.7853696346282959,0.18867576122283936,0.025953635573387146
/tmp/drone_acoustic_2026w14_phase1_downloads/raw/crema_d/audios/1042_DFA_NEU_XX.wav,NEU,normal,normal,0.04617052152752876,415.8642578125,574.5279541015625,0.7542715668678284,0.22282619774341583,0.022898374125361443
/tmp/drone_acoustic_2026w14_phase1_downloads/raw/crema_d/audios/1042_IEO_ANG_HI.wav,ANG,emergency,emergency,0.519359290599823,657.8033447265625,580.9415283203125,0.1432798206806183,0.8217636346817017,0.03494813293218613
/tmp/drone_acoustic_2026w14_phase1_downloads/raw/crema_d/audios/1042_IEO_ANG_LO.wav,ANG,emergency,emergency,0.15095844864845276,478.6864013671875,526.8482666015625,0.31194010376930237,0.6448510885238647,0.0432061031460762
/tmp/drone_acoustic_2026w14_phase1_downloads/raw/crema_d/audios/1042_IEO_ANG_MD.wav,ANG,emergency,emergency,0.2501418888568878,481.010986328125,459.4457092285156,0.1841713935136795,0.8101906776428223,0.005637502763420343
/tmp/drone_acoustic_2026w14_phase1_downloads/raw/crema_d/audios/1042_IEO_FEA_HI.wav,FEA,emergency,emergency,0.14858028292655945,507.5406799316406,469.3486022949219,0.11635781079530716,0.8758540749549866,0.0077879768796265125
/tmp/drone_acoustic_2026w14_phase1_downloads/raw/crema_d/audios/1042_IEO_FEA_LO.wav,FEA,emergency,emergency,0.02148350514471531,357.36065673828125,444.28314208984375,0.7279700040817261,0.2658192813396454,0.006208254490047693
/tmp/drone_acoustic_2026w14_phase1_downloads/raw/crema_d/audios/1042_IEO_FEA_MD.wav,FEA,emergency,emergency,0.04640096798539162,352.8780517578125,444.6416931152344,0.631499707698822,0.35764962434768677,0.01084812916815281
/tmp/drone_acoustic_2026w14_phase1_downloads/raw/crema_d/audios/1042_IEO_NEU_XX.wav,NEU,normal,normal,0.034733470529317856,359.8147888183594,485.1551513671875,0.5915046334266663,0.38563475012779236,0.022853471338748932
/tmp/drone_acoustic_2026w14_phase1_downloads/raw/crema_d/audios/1042_IOM_ANG_XX.wav,ANG,emergency,emergency,0.11694507300853729,397.7540283203125,449.6514587402344,0.3603188693523407,0.6157280206680298,0.023952333256602287
/tmp/drone_acoustic_2026w14_phase1_downloads/raw/crema_d/audios/1042_IOM_FEA_XX.wav,FEA,emergency,emergency,0.09140647202730179,373.14501953125,427.2720947265625,0.5155473947525024,0.47172319889068604,0.01272889319807291
/tmp/drone_acoustic_2026w14_phase1_downloads/raw/crema_d/audios/1042_IOM_NEU_XX.wav,NEU,normal,normal,0.044743217527866364,363.3971252441406,396.08087158203125,0.7435757517814636,0.24206778407096863,0.01435418613255024
/tmp/drone_acoustic_2026w14_phase1_downloads/raw/crema_d/audios/1042_ITH_ANG_XX.wav,ANG,emergency,emergency,0.28616783022880554,544.8339233398438,576.93359375,0.17292430996894836,0.7639436721801758,0.06313151866197586
/tmp/drone_acoustic_2026w14_phase1_downloads/raw/crema_d/audios/1042_ITH_FEA_XX.wav,FEA,emergency,emergency,0.20405343174934387,423.5217590332031,550.3439331054688,0.5024915337562561,0.4432407319545746,0.054266683757305145
/tmp/drone_acoustic_2026w14_phase1_downloads/raw/crema_d/audios/1042_ITH_NEU_XX.wav,NEU,normal,normal,0.09555919468402863,452.7614440917969,518.4417724609375,0.345321923494339,0.6193313002586365,0.035341594368219376
/tmp/drone_acoustic_2026w14_phase1_downloads/raw/crema_d/audios/1042_ITS_ANG_XX.wav,ANG,emergency,emergency,0.12838555872440338,682.7796630859375,691.4404907226562,0.665462076663971,0.24524621665477753,0.0892786979675293
/tmp/drone_acoustic_2026w14_phase1_downloads/raw/crema_d/audios/1042_ITS_FEA_XX.wav,FEA,emergency,emergency,0.049176428467035294,438.2360534667969,530.7782592773438,0.844361424446106,0.13096465170383453,0.02467082068324089
/tmp/drone_acoustic_2026w14_phase1_downloads/raw/crema_d/audios/1042_ITS_NEU_XX.wav,NEU,normal,normal,0.05008186772465706,550.63525390625,627.48876953125,0.610456645488739,0.35792914032936096,0.0316079743206501
/tmp/drone_acoustic_2026w14_phase1_downloads/raw/crema_d/audios/1042_IWL_ANG_XX.wav,ANG,emergency,emergency,0.13296213746070862,466.4585876464844,417.18438720703125,0.5941084027290344,0.3884478807449341,0.017443237826228142
/tmp/drone_acoustic_2026w14_phase1_downloads/raw/crema_d/audios/1042_IWL_FEA_XX.wav,FEA,emergency,emergency,0.08802622556686401,419.9860534667969,379.955322265625,0.46436238288879395,0.5238593220710754,0.011777963489294052
/tmp/drone_acoustic_2026w14_phase1_downloads/raw/crema_d/audios/1042_IWL_NEU_XX.wav,NEU,normal,normal,0.06883876770734787,366.3273620605469,327.61114501953125,0.4390926957130432,0.5539741516113281,0.006932019256055355
/tmp/drone_acoustic_2026w14_phase1_downloads/raw/crema_d/audios/1042_IWW_ANG_XX.wav,ANG,emergency,emergency,0.09794112294912338,454.3626403808594,522.9608154296875,0.41167309880256653,0.5682637095451355,0.020058246329426765
/tmp/drone_acoustic_2026w14_phase1_downloads/raw/crema_d/audios/1042_IWW_FEA_XX.wav,FEA,emergency,emergency,0.055187515914440155,369.1168518066406,394.3312683105469,0.716941773891449,0.27861925959587097,0.004437277093529701
/tmp/drone_acoustic_2026w14_phase1_downloads/raw/crema_d/audios/1042_IWW_NEU_XX.wav,NEU,normal,normal,0.02373581938445568,341.82305908203125,415.117919921875,0.6828212738037109,0.31241825222969055,0.004758048336952925
/tmp/drone_acoustic_2026w14_phase1_downloads/raw/crema_d/audios/1042_MTI_ANG_XX.wav,ANG,emergency,emergency,0.09825540333986282,462.28875732421875,445.643798828125,0.5723659992218018,0.3862287104129791,0.04140401631593704
/tmp/drone_acoustic_2026w14_phase1_downloads/raw/crema_d/audios/1042_MTI_FEA_XX.wav,FEA,emergency,emergency,0.0833306685090065,447.07965087890625,459.9917907714844,0.4274154305458069,0.5564337372779846,0.016149885952472687
/tmp/drone_acoustic_2026w14_phase1_downloads/raw/crema_d/audios/1042_MTI_NEU_XX.wav,NEU,normal,normal,0.04426093399524689,417.2682189941406,391.8562927246094,0.73940509557724,0.23911479115486145,0.02147754095494747
/tmp/drone_acoustic_2026w14_phase1_downloads/raw/crema_d/audios/1042_TAI_ANG_XX.wav,ANG,emergency,emergency,0.06882061064243317,552.9880981445312,610.6492919921875,0.5619973540306091,0.40516194701194763,0.032837994396686554
/tmp/drone_acoustic_2026w14_phase1_downloads/raw/crema_d/audios/1042_TAI_FEA_XX.wav,FEA,emergency,emergency,0.05655462667346001,417.10736083984375,453.5997314453125,0.7265079617500305,0.26163309812545776,0.01185830868780613
/tmp/drone_acoustic_2026w14_phase1_downloads/raw/crema_d/audios/1042_TAI_NEU_XX.wav,NEU,normal,normal,0.02773168496787548,381.3555908203125,505.4605407714844,0.85012286901474,0.13658519089221954,0.013288691639900208
/tmp/drone_acoustic_2026w14_phase1_downloads/raw/crema_d/audios/1042_TIE_ANG_XX.wav,ANG,emergency,emergency,0.12897691130638123,568.7681884765625,603.2952880859375,0.23217007517814636,0.7270529270172119,0.040775079280138016
/tmp/drone_acoustic_2026w14_phase1_downloads/raw/crema_d/audios/1042_TIE_FEA_XX.wav,FEA,emergency,emergency,0.07372010499238968,354.6311340332031,475.3526611328125,0.6736024022102356,0.3116464912891388,0.01474685501307249
/tmp/drone_acoustic_2026w14_phase1_downloads/raw/crema_d/audios/1042_TIE_NEU_XX.wav,NEU,normal,normal,0.04901709035038948,363.1033020019531,452.64849853515625,0.6187419891357422,0.3686121702194214,0.012640484608709812
/tmp/drone_acoustic_2026w14_phase1_downloads/raw/crema_d/audios/1042_TSI_ANG_XX.wav,ANG,emergency,emergency,0.13907523453235626,1003.1279296875,894.3729858398438,0.7126452922821045,0.21719121932983398,0.07013273239135742
/tmp/drone_acoustic_2026w14_phase1_downloads/raw/crema_d/audios/1042_TSI_FEA_XX.wav,FEA,emergency,emergency,0.055471379309892654,634.8465576171875,742.5006713867188,0.3115430772304535,0.6742975115776062,0.01414787769317627
/tmp/drone_acoustic_2026w14_phase1_downloads/raw/crema_d/audios/1042_TSI_NEU_XX.wav,NEU,normal,normal,0.053683847188949585,607.7471313476562,720.3721923828125,0.8560429215431213,0.11934848874807358,0.02459297515451908
/tmp/drone_acoustic_2026w14_phase1_downloads/raw/crema_d/audios/1042_WSI_ANG_XX.wav,ANG,emergency,emergency,0.2139131873846054,743.4076538085938,702.5830078125,0.3424277603626251,0.6260965466499329,0.031470492482185364
/tmp/drone_acoustic_2026w14_phase1_downloads/raw/crema_d/audios/1042_WSI_FEA_XX.wav,FEA,emergency,emergency,0.22327879071235657,573.6259765625,647.929443359375,0.48078668117523193,0.5082746148109436,0.010937167331576347
/tmp/drone_acoustic_2026w14_phase1_downloads/raw/crema_d/audios/1042_WSI_NEU_XX.wav,NEU,normal,normal,0.08029864728450775,690.5441284179688,647.8994140625,0.5780836343765259,0.41261863708496094,0.009294706396758556
/tmp/drone_acoustic_2026w14_phase1_downloads/raw/crema_d/audios/1043_DFA_ANG_XX.wav,ANG,emergency,emergency,0.7922415733337402,801.5284423828125,781.1781005859375,0.2653389871120453,0.6449850797653198,0.08966930210590363
/tmp/drone_acoustic_2026w14_phase1_downloads/raw/crema_d/audios/1043_DFA_FEA_XX.wav,FEA,emergency,emergency,0.07634016126394272,440.65338134765625,524.3707885742188,0.33185771107673645,0.6287162899971008,0.03942505270242691
/tmp/drone_acoustic_2026w14_phase1_downloads/raw/crema_d/audios/1043_DFA_NEU_XX.wav,NEU,normal,normal,0.0696166455745697,414.7025451660156,500.50579833984375,0.6312220692634583,0.3491658866405487,0.019599709659814835
/tmp/drone_acoustic_2026w14_phase1_downloads/raw/crema_d/audios/1043_IEO_ANG_HI.wav,ANG,emergency,emergency,0.14182884991168976,549.000244140625,530.4544677734375,0.3250848650932312,0.6647639274597168,0.010149537585675716
/tmp/drone_acoustic_2026w14_phase1_downloads/raw/crema_d/audios/1043_IEO_ANG_LO.wav,ANG,emergency,emergency,0.1656694859266281,407.5583801269531,469.50872802734375,0.5286486148834229,0.4610603451728821,0.01027555763721466
/tmp/drone_acoustic_2026w14_phase1_downloads/raw/crema_d/audios/1043_IEO_ANG_MD.wav,ANG,emergency,emergency,0.096873439848423,454.5943603515625,527.747314453125,0.4552260935306549,0.5302627682685852,0.014492969959974289
/tmp/drone_acoustic_2026w14_phase1_downloads/raw/crema_d/audios/1043_IEO_FEA_HI.wav,FEA,emergency,emergency,0.5360683798789978,487.7415771484375,505.5912780761719,0.27370017766952515,0.7147982120513916,0.01149745099246502
/tmp/drone_acoustic_2026w14_phase1_downloads/raw/crema_d/audios/1043_IEO_FEA_LO.wav,FEA,emergency,emergency,0.11170247942209244,333.18414306640625,500.3250732421875,0.770733654499054,0.21673119068145752,0.012522585690021515
/tmp/drone_acoustic_2026w14_phase1_downloads/raw/crema_d/audios/1043_IEO_FEA_MD.wav,FEA,emergency,emergency,0.10829111188650131,404.7044677734375,516.3512573242188,0.5117475390434265,0.47531020641326904,0.012933670543134212
/tmp/drone_acoustic_2026w14_phase1_downloads/raw/crema_d/audios/1043_IEO_NEU_XX.wav,NEU,normal,normal,0.13786965608596802,390.1952209472656,478.8763122558594,0.5459206104278564,0.4379732310771942,0.016092928126454353
/tmp/drone_acoustic_2026w14_phase1_downloads/raw/crema_d/audios/1043_IOM_ANG_XX.wav,ANG,emergency,emergency,0.27992039918899536,528.07861328125,512.25,0.5048241019248962,0.44822147488594055,0.046950966119766235
/tmp/drone_acoustic_2026w14_phase1_downloads/raw/crema_d/audios/1043_IOM_FEA_XX.wav,FEA,emergency,emergency,0.15600907802581787,450.6430358886719,516.5189208984375,0.4675586521625519,0.4782865643501282,0.054153382778167725
/tmp/drone_acoustic_2026w14_phase1_downloads/raw/crema_d/audios/1043_IOM_NEU_XX.wav,NEU,normal,normal,0.10370133072137833,394.0879211425781,412.578369140625,0.6359771490097046,0.3457660377025604,0.01825307495892048
/tmp/drone_acoustic_2026w14_phase1_downloads/raw/crema_d/audios/1043_ITH_ANG_XX.wav,ANG,emergency,emergency,0.30116814374923706,604.5723876953125,555.0186767578125,0.4581283926963806,0.5222668051719666,0.019601063802838326
/tmp/drone_acoustic_2026w14_phase1_downloads/raw/crema_d/audios/1043_ITH_FEA_XX.wav,FEA,emergency,emergency,0.10189884155988693,364.4058532714844,514.5159912109375,0.6261307597160339,0.35306820273399353,0.020779600366950035
/tmp/drone_acoustic_2026w14_phase1_downloads/raw/crema_d/audios/1043_ITH_NEU_XX.wav,NEU,normal,normal,0.15496832132339478,391.2351989746094,478.7637023925781,0.57467120885849,0.39560380578041077,0.029719924554228783
/tmp/drone_acoustic_2026w14_phase1_downloads/raw/crema_d/audios/1043_ITS_ANG_XX.wav,ANG,emergency,emergency,0.10044895857572556,700.917724609375,710.956787109375,0.6681638956069946,0.26243269443511963,0.06938493996858597
/tmp/drone_acoustic_2026w14_phase1_downloads/raw/crema_d/audios/1043_ITS_FEA_XX.wav,FEA,emergency,emergency,0.023535460233688354,391.0102233886719,526.3531494140625,0.6001536250114441,0.38698849081993103,0.01284596137702465
/tmp/drone_acoustic_2026w14_phase1_downloads/raw/crema_d/audios/1043_ITS_NEU_XX.wav,NEU,normal,normal,0.05711700767278671,516.6055908203125,671.456787109375,0.6727094054222107,0.29443997144699097,0.032836344093084335
/tmp/drone_acoustic_2026w14_phase1_downloads/raw/crema_d/audios/1043_IWL_ANG_XX.wav,ANG,emergency,emergency,0.2614790201187134,548.435546875,459.8643493652344,0.48184290528297424,0.48750239610671997,0.03064875304698944
/tmp/drone_acoustic_2026w14_phase1_downloads/raw/crema_d/audios/1043_IWL_FEA_XX.wav,FEA,emergency,emergency,0.09519006311893463,428.30474853515625,397.8893127441406,0.4675186276435852,0.5219565033912659,0.010523449629545212
/tmp/drone_acoustic_2026w14_phase1_downloads/raw/crema_d/audios/1043_IWL_NEU_XX.wav,NEU,normal,normal,0.07208715379238129,390.4190979003906,388.6986389160156,0.5907995104789734,0.3997516632080078,0.009443528018891811
/tmp/drone_acoustic_2026w14_phase1_downloads/raw/crema_d/audios/1043_IWW_ANG_XX.wav,ANG,emergency,emergency,0.16729554533958435,576.6669311523438,580.2109985351562,0.37090012431144714,0.6164323687553406,0.012662888504564762
/tmp/drone_acoustic_2026w14_phase1_downloads/raw/crema_d/audios/1043_IWW_FEA_XX.wav,FEA,emergency,emergency,0.14176201820373535,476.95733642578125,549.6748657226562,0.5355992317199707,0.44509831070899963,0.019285088405013084
/tmp/drone_acoustic_2026w14_phase1_downloads/raw/crema_d/audios/1043_IWW_NEU_XX.wav,NEU,normal,normal,0.07638822495937347,439.6856384277344,503.4798889160156,0.5784343481063843,0.4120854139328003,0.009467019699513912
/tmp/drone_acoustic_2026w14_phase1_downloads/raw/crema_d/audios/1043_MTI_ANG_XX.wav,ANG,emergency,emergency,0.256539523601532,552.0664672851562,480.21875,0.37400975823402405,0.6136771440505981,0.012310085818171501
/tmp/drone_acoustic_2026w14_phase1_downloads/raw/crema_d/audios/1043_MTI_FEA_XX.wav,FEA,emergency,emergency,0.08138124644756317,473.3018493652344,443.47662353515625,0.6151098608970642,0.37853530049324036,0.006351890042424202
/tmp/drone_acoustic_2026w14_phase1_downloads/raw/crema_d/audios/1043_MTI_NEU_XX.wav,NEU,normal,normal,0.08925456553697586,400.9554443359375,398.73126220703125,0.6000036597251892,0.3889565169811249,0.011034988798201084
/tmp/drone_acoustic_2026w14_phase1_downloads/raw/crema_d/audios/1043_TAI_ANG_XX.wav,ANG,emergency,emergency,0.08038311451673508,620.6922607421875,646.7998657226562,0.4697706997394562,0.49209049344062805,0.03812560439109802
/tmp/drone_acoustic_2026w14_phase1_downloads/raw/crema_d/audios/1043_TAI_FEA_XX.wav,FEA,emergency,emergency,0.05112294852733612,410.3127746582031,547.9306030273438,0.5983837842941284,0.37581464648246765,0.025792185217142105
/tmp/drone_acoustic_2026w14_phase1_downloads/raw/crema_d/audios/1043_TAI_NEU_XX.wav,NEU,normal,normal,0.040005434304475784,404.08502197265625,487.9939270019531,0.6892969608306885,0.28947511315345764,0.02121918275952339
/tmp/drone_acoustic_2026w14_phase1_downloads/raw/crema_d/audios/1043_TIE_ANG_XX.wav,ANG,emergency,emergency,0.3697326183319092,488.8084716796875,621.3584594726562,0.3499513864517212,0.5874694585800171,0.06254643946886063
/tmp/drone_acoustic_2026w14_phase1_downloads/raw/crema_d/audios/1043_TIE_FEA_XX.wav,FEA,emergency,emergency,0.24478639662265778,478.3243103027344,581.499755859375,0.42992258071899414,0.5206089019775391,0.04945702105760574
/tmp/drone_acoustic_2026w14_phase1_downloads/raw/crema_d/audios/1043_TIE_NEU_XX.wav,NEU,normal,normal,0.12150731682777405,373.4917297363281,463.2281799316406,0.675003170967102,0.30258283019065857,0.022402292117476463
/tmp/drone_acoustic_2026w14_phase1_downloads/raw/crema_d/audios/1043_TSI_ANG_XX.wav,ANG,emergency,emergency,0.28348013758659363,1017.5477294921875,928.364013671875,0.5515252947807312,0.4041219651699066,0.0442948192358017
/tmp/drone_acoustic_2026w14_phase1_downloads/raw/crema_d/audios/1043_TSI_FEA_XX.wav,FEA,emergency,emergency,0.05445992946624756,841.1961669921875,855.0543212890625,0.8452368974685669,0.1243240162730217,0.030408093705773354
/tmp/drone_acoustic_2026w14_phase1_downloads/raw/crema_d/audios/1043_TSI_NEU_XX.wav,NEU,normal,normal,0.041123710572719574,750.4755859375,889.1063232421875,0.5582144856452942,0.4146636128425598,0.02695286087691784
/tmp/drone_acoustic_2026w14_phase1_downloads/raw/crema_d/audios/1043_WSI_ANG_XX.wav,ANG,emergency,emergency,1.184126853942871,1154.72021484375,1007.5092163085938,0.21399182081222534,0.7312552332878113,0.05474125221371651
/tmp/drone_acoustic_2026w14_phase1_downloads/raw/crema_d/audios/1043_WSI_FEA_XX.wav,FEA,emergency,emergency,0.24777069687843323,808.0252075195312,817.6475830078125,0.5477234721183777,0.4107353389263153,0.04153257980942726
/tmp/drone_acoustic_2026w14_phase1_downloads/raw/crema_d/audios/1043_WSI_NEU_XX.wav,NEU,normal,normal,0.21905617415905,531.1591186523438,637.92626953125,0.4399329423904419,0.5465759634971619,0.013485513627529144
/tmp/drone_acoustic_2026w14_phase1_downloads/raw/crema_d/audios/1044_DFA_ANG_XX.wav,ANG,emergency,emergency,0.30284997820854187,788.3336181640625,789.115966796875,0.26446640491485596,0.6084529161453247,0.12707281112670898
/tmp/drone_acoustic_2026w14_phase1_downloads/raw/crema_d/audios/1044_DFA_FEA_XX.wav,FEA,emergency,emergency,0.0935831293463707,380.6952209472656,481.3861999511719,0.30781736969947815,0.6606181859970093,0.031561173498630524
/tmp/drone_acoustic_2026w14_phase1_downloads/raw/crema_d/audios/1044_DFA_NEU_XX.wav,NEU,normal,normal,0.06553871184587479,463.3915100097656,568.139404296875,0.37224864959716797,0.6120905876159668,0.01565803959965706
/tmp/drone_acoustic_2026w14_phase1_downloads/raw/crema_d/audios/1044_IEO_ANG_HI.wav,ANG,emergency,emergency,0.6194268465042114,774.8577880859375,724.81494140625,0.16212128102779388,0.7641096711158752,0.07376603782176971
/tmp/drone_acoustic_2026w14_phase1_downloads/raw/crema_d/audios/1044_IEO_ANG_LO.wav,ANG,emergency,emergency,0.2229347825050354,399.3890686035156,481.5626220703125,0.2696572542190552,0.7073962688446045,0.022943535819649696
/tmp/drone_acoustic_2026w14_phase1_downloads/raw/crema_d/audios/1044_IEO_ANG_MD.wav,ANG,emergency,emergency,0.2501823604106903,533.3383178710938,531.454833984375,0.1645684540271759,0.8159980773925781,0.019425516948103905
/tmp/drone_acoustic_2026w14_phase1_downloads/raw/crema_d/audios/1044_IEO_FEA_HI.wav,FEA,emergency,emergency,0.2503596544265747,575.9887084960938,625.3798217773438,0.20774926245212555,0.780867338180542,0.011381863616406918
/tmp/drone_acoustic_2026w14_phase1_downloads/raw/crema_d/audios/1044_IEO_FEA_LO.wav,FEA,emergency,emergency,0.0903783068060875,349.0802001953125,478.2016906738281,0.5505574941635132,0.44447049498558044,0.004965813830494881
/tmp/drone_acoustic_2026w14_phase1_downloads/raw/crema_d/audios/1044_IEO_FEA_MD.wav,FEA,emergency,emergency,0.04265133664011955,302.2987976074219,441.813232421875,0.6936686635017395,0.30053019523620605,0.00578171806409955
/tmp/drone_acoustic_2026w14_phase1_downloads/raw/crema_d/audios/1044_IEO_NEU_XX.wav,NEU,normal,normal,0.13544096052646637,407.80242919921875,461.9772644042969,0.3605842590332031,0.6325635313987732,0.006848827004432678
/tmp/drone_acoustic_2026w14_phase1_downloads/raw/crema_d/audios/1044_IOM_ANG_XX.wav,ANG,emergency,emergency,0.11578914523124695,384.6048583984375,454.3009948730469,0.6310120224952698,0.3367224335670471,0.03226407989859581
/tmp/drone_acoustic_2026w14_phase1_downloads/raw/crema_d/audios/1044_IOM_FEA_XX.wav,FEA,emergency,emergency,0.08389060199260712,329.560302734375,407.9718322753906,0.6300012469291687,0.3512885868549347,0.01870899088680744
/tmp/drone_acoustic_2026w14_phase1_downloads/raw/crema_d/audios/1044_IOM_NEU_XX.wav,NEU,normal,normal,0.05357065796852112,343.05657958984375,465.03399658203125,0.6714967489242554,0.31748852133750916,0.01101002935320139
/tmp/drone_acoustic_2026w14_phase1_downloads/raw/crema_d/audios/1044_ITH_ANG_XX.wav,ANG,emergency,emergency,0.2564598619937897,509.5318298339844,571.0355834960938,0.2027205377817154,0.7471228837966919,0.050153762102127075
/tmp/drone_acoustic_2026w14_phase1_downloads/raw/crema_d/audios/1044_ITH_FEA_XX.wav,FEA,emergency,emergency,0.12031581997871399,331.5557861328125,484.8863830566406,0.6541271805763245,0.3208249807357788,0.025041287764906883
/tmp/drone_acoustic_2026w14_phase1_downloads/raw/crema_d/audios/1044_ITH_NEU_XX.wav,NEU,normal,normal,0.29049021005630493,466.91973876953125,573.4583740234375,0.26973193883895874,0.694119393825531,0.0361446887254715
/tmp/drone_acoustic_2026w14_phase1_downloads/raw/crema_d/audios/1044_ITS_ANG_XX.wav,ANG,emergency,emergency,0.18623867630958557,691.9442749023438,684.1497802734375,0.5601725578308105,0.3587225377559662,0.08106695115566254
/tmp/drone_acoustic_2026w14_phase1_downloads/raw/crema_d/audios/1044_ITS_FEA_XX.wav,FEA,emergency,emergency,0.04398036748170853,544.675537109375,652.7046508789062,0.36367031931877136,0.6224167943000793,0.013903763145208359
/tmp/drone_acoustic_2026w14_phase1_downloads/raw/crema_d/audios/1044_ITS_NEU_XX.wav,NEU,normal,normal,0.12525300681591034,599.7990112304688,679.4511108398438,0.5953854918479919,0.36423051357269287,0.040322136133909225
/tmp/drone_acoustic_2026w14_phase1_downloads/raw/crema_d/audios/1044_IWL_ANG_XX.wav,ANG,emergency,emergency,0.5152497887611389,538.9990844726562,516.963623046875,0.14205649495124817,0.8046256303787231,0.05331544950604439
/tmp/drone_acoustic_2026w14_phase1_downloads/raw/crema_d/audios/1044_IWL_FEA_XX.wav,FEA,emergency,emergency,0.14389824867248535,436.6156311035156,478.5125732421875,0.4440717399120331,0.5387144684791565,0.017212511971592903
/tmp/drone_acoustic_2026w14_phase1_downloads/raw/crema_d/audios/1044_IWL_NEU_XX.wav,NEU,normal,normal,0.05527060478925705,406.8416442871094,456.9820861816406,0.5073856711387634,0.4835299253463745,0.00907958298921585
/tmp/drone_acoustic_2026w14_phase1_downloads/raw/crema_d/audios/1044_IWW_ANG_XX.wav,ANG,emergency,emergency,0.0756072998046875,422.00653076171875,519.3077392578125,0.46070396900177,0.5234301090240479,0.01586049422621727
/tmp/drone_acoustic_2026w14_phase1_downloads/raw/crema_d/audios/1044_IWW_FEA_XX.wav,FEA,emergency,emergency,0.4830656945705414,416.37261962890625,541.8177490234375,0.30275052785873413,0.6786231398582458,0.01862209104001522
/tmp/drone_acoustic_2026w14_phase1_downloads/raw/crema_d/audios/1044_IWW_NEU_XX.wav,NEU,normal,normal,0.08463433384895325,464.30865478515625,570.9382934570312,0.5635245442390442,0.42548829317092896,0.010983237065374851
/tmp/drone_acoustic_2026w14_phase1_downloads/raw/crema_d/audios/1044_MTI_ANG_XX.wav,ANG,emergency,emergency,0.12587197124958038,433.5071716308594,427.5837097167969,0.24192966520786285,0.7533402442932129,0.004729242995381355
/tmp/drone_acoustic_2026w14_phase1_downloads/raw/crema_d/audios/1044_MTI_FEA_XX.wav,FEA,emergency,emergency,0.029649309813976288,314.2388916015625,345.81634521484375,0.7187836766242981,0.27892327308654785,0.0022921080235391855
/tmp/drone_acoustic_2026w14_phase1_downloads/raw/crema_d/audios/1044_MTI_NEU_XX.wav,NEU,normal,normal,0.031061718240380287,394.5483703613281,415.16693115234375,0.5126010775566101,0.47803282737731934,0.009359831921756268
/tmp/drone_acoustic_2026w14_phase1_downloads/raw/crema_d/audios/1044_TAI_ANG_XX.wav,ANG,emergency,emergency,0.052655912935733795,586.1715087890625,671.8972778320312,0.5304732918739319,0.4508964717388153,0.01862650364637375
/tmp/drone_acoustic_2026w14_phase1_downloads/raw/crema_d/audios/1044_TAI_FEA_XX.wav,FEA,emergency,emergency,0.03979235142469406,584.2391357421875,653.53466796875,0.7724848389625549,0.18316082656383514,0.044295117259025574
/tmp/drone_acoustic_2026w14_phase1_downloads/raw/crema_d/audios/1044_TAI_NEU_XX.wav,NEU,normal,normal,0.028960322961211205,387.2812805175781,518.6380615234375,0.7009950280189514,0.28629910945892334,0.012700682505965233
/tmp/drone_acoustic_2026w14_phase1_downloads/raw/crema_d/audios/1044_TIE_ANG_XX.wav,ANG,emergency,emergency,0.11820729076862335,472.389892578125,520.8025512695312,0.23855343461036682,0.7448405623435974,0.016600213944911957
/tmp/drone_acoustic_2026w14_phase1_downloads/raw/crema_d/audios/1044_TIE_FEA_XX.wav,FEA,emergency,emergency,0.09581771492958069,527.08740234375,657.1492309570312,0.39286163449287415,0.584406316280365,0.022719861939549446
/tmp/drone_acoustic_2026w14_phase1_downloads/raw/crema_d/audios/1044_TIE_NEU_XX.wav,NEU,normal,normal,0.16908080875873566,400.2532958984375,497.83807373046875,0.33364367485046387,0.6354843378067017,0.030868932604789734
/tmp/drone_acoustic_2026w14_phase1_downloads/raw/crema_d/audios/1044_TSI_ANG_XX.wav,ANG,emergency,emergency,0.18330878019332886,1187.4625244140625,896.6181640625,0.16284048557281494,0.7814475893974304,0.055679235607385635
/tmp/drone_acoustic_2026w14_phase1_downloads/raw/crema_d/audios/1044_TSI_FEA_XX.wav,FEA,emergency,emergency,0.09963943064212799,833.0440063476562,817.2136840820312,0.6520775556564331,0.2608809173107147,0.08680719137191772
/tmp/drone_acoustic_2026w14_phase1_downloads/raw/crema_d/audios/1044_TSI_NEU_XX.wav,NEU,normal,normal,0.04717828333377838,810.2581176757812,834.9114990234375,0.7283181548118591,0.23461902141571045,0.037033237516880035
/tmp/drone_acoustic_2026w14_phase1_downloads/raw/crema_d/audios/1044_WSI_ANG_XX.wav,ANG,emergency,emergency,0.5496958494186401,1147.3826904296875,816.1007690429688,0.36604321002960205,0.5728392004966736,0.061107419431209564
/tmp/drone_acoustic_2026w14_phase1_downloads/raw/crema_d/audios/1044_WSI_FEA_XX.wav,FEA,emergency,emergency,0.15429052710533142,724.8609008789062,724.0748901367188,0.29531580209732056,0.682176411151886,0.02249831147491932
/tmp/drone_acoustic_2026w14_phase1_downloads/raw/crema_d/audios/1044_WSI_NEU_XX.wav,NEU,normal,normal,0.27062860131263733,558.9324951171875,652.686279296875,0.3624597191810608,0.6214906573295593,0.01603449508547783
/tmp/drone_acoustic_2026w14_phase1_downloads/raw/crema_d/audios/1045_DFA_ANG_XX.wav,ANG,emergency,emergency,0.12330872565507889,452.91241455078125,484.39520263671875,0.2213364988565445,0.7520179748535156,0.026643306016921997
/tmp/drone_acoustic_2026w14_phase1_downloads/raw/crema_d/audios/1045_DFA_FEA_XX.wav,FEA,emergency,emergency,0.02467668429017067,321.373779296875,489.8501892089844,0.8292680978775024,0.152730330824852,0.017970265820622444
/tmp/drone_acoustic_2026w14_phase1_downloads/raw/crema_d/audios/1045_DFA_NEU_XX.wav,NEU,normal,normal,0.06001267582178116,424.7416687011719,504.0299987792969,0.28594285249710083,0.7020982503890991,0.011951387859880924
/tmp/drone_acoustic_2026w14_phase1_downloads/raw/crema_d/audios/1045_IEO_ANG_HI.wav,ANG,emergency,emergency,1.083829402923584,864.546875,831.4749755859375,0.10267414152622223,0.7672844529151917,0.13002441823482513
/tmp/drone_acoustic_2026w14_phase1_downloads/raw/crema_d/audios/1045_IEO_ANG_LO.wav,ANG,emergency,emergency,0.05933035537600517,536.5665283203125,559.9490966796875,0.31855279207229614,0.6651560068130493,0.016285361722111702
/tmp/drone_acoustic_2026w14_phase1_downloads/raw/crema_d/audios/1045_IEO_ANG_MD.wav,ANG,emergency,emergency,0.09908653795719147,494.4840393066406,505.6426086425781,0.2864409387111664,0.6980530619621277,0.01550216693431139
/tmp/drone_acoustic_2026w14_phase1_downloads/raw/crema_d/audios/1045_IEO_FEA_HI.wav,FEA,emergency,emergency,0.18048648536205292,523.5880737304688,540.1095581054688,0.11913377046585083,0.8570493459701538,0.023814106360077858
/tmp/drone_acoustic_2026w14_phase1_downloads/raw/crema_d/audios/1045_IEO_FEA_LO.wav,FEA,emergency,emergency,0.04574538394808769,326.8760986328125,472.50054931640625,0.7016871571540833,0.2920325696468353,0.0062467437237501144
/tmp/drone_acoustic_2026w14_phase1_downloads/raw/crema_d/audios/1045_IEO_FEA_MD.wav,FEA,emergency,emergency,0.22315910458564758,500.1737976074219,580.6405639648438,0.13749893009662628,0.8471516370773315,0.01534490566700697
/tmp/drone_acoustic_2026w14_phase1_downloads/raw/crema_d/audios/1045_IEO_NEU_XX.wav,NEU,normal,normal,0.04524526745080948,375.31878662109375,475.20458984375,0.4241483509540558,0.569092333316803,0.006750303786247969
/tmp/drone_acoustic_2026w14_phase1_downloads/raw/crema_d/audios/1045_IOM_ANG_XX.wav,ANG,emergency,emergency,0.2054547667503357,488.98736572265625,492.2320251464844,0.3514435291290283,0.6065773963928223,0.04197819530963898
/tmp/drone_acoustic_2026w14_phase1_downloads/raw/crema_d/audios/1045_IOM_FEA_XX.wav,FEA,emergency,emergency,0.0431521050632,323.86004638671875,327.2967834472656,0.6390063166618347,0.35754522681236267,0.0034473007544875145
/tmp/drone_acoustic_2026w14_phase1_downloads/raw/crema_d/audios/1045_IOM_NEU_XX.wav,NEU,normal,normal,0.10587067902088165,362.2753601074219,375.25665283203125,0.5321394801139832,0.45868122577667236,0.009172944352030754
/tmp/drone_acoustic_2026w14_phase1_downloads/raw/crema_d/audios/1045_ITH_ANG_XX.wav,ANG,emergency,emergency,0.12642976641654968,437.99945068359375,465.4322204589844,0.26206013560295105,0.708113968372345,0.029819078743457794
/tmp/drone_acoustic_2026w14_phase1_downloads/raw/crema_d/audios/1045_ITH_FEA_XX.wav,FEA,emergency,emergency,0.015591880306601524,280.6423645019531,411.2187805175781,0.8463009595870972,0.1470637172460556,0.006623042747378349
/tmp/drone_acoustic_2026w14_phase1_downloads/raw/crema_d/audios/1045_ITH_NEU_XX.wav,NEU,normal,normal,0.09854856878519058,407.0837707519531,464.73974609375,0.4389340579509735,0.5377488136291504,0.023307425901293755
/tmp/drone_acoustic_2026w14_phase1_downloads/raw/crema_d/audios/1045_ITS_ANG_XX.wav,ANG,emergency,emergency,0.06399337947368622,549.3014526367188,624.7882690429688,0.5131375193595886,0.4498528838157654,0.03697272017598152
/tmp/drone_acoustic_2026w14_phase1_downloads/raw/crema_d/audios/1045_ITS_FEA_XX.wav,FEA,emergency,emergency,0.02882618084549904,409.2354736328125,539.9885864257812,0.6608828902244568,0.3259378671646118,0.013166074641048908
/tmp/drone_acoustic_2026w14_phase1_downloads/raw/crema_d/audios/1045_ITS_NEU_XX.wav,NEU,normal,normal,0.1089266762137413,592.7325439453125,671.3341674804688,0.4164424538612366,0.5524547696113586,0.03109724074602127
/tmp/drone_acoustic_2026w14_phase1_downloads/raw/crema_d/audios/1045_IWL_ANG_XX.wav,ANG,emergency,emergency,0.14352202415466309,472.4648742675781,377.37872314453125,0.1843588650226593,0.7998676300048828,0.01577291637659073
/tmp/drone_acoustic_2026w14_phase1_downloads/raw/crema_d/audios/1045_IWL_FEA_XX.wav,FEA,emergency,emergency,0.023705381900072098,300.54931640625,367.40850830078125,0.7874450087547302,0.20924969017505646,0.003283092053607106
/tmp/drone_acoustic_2026w14_phase1_downloads/raw/crema_d/audios/1045_IWL_NEU_XX.wav,NEU,normal,normal,0.10763758420944214,402.17279052734375,389.7362976074219,0.3170575201511383,0.6702061295509338,0.012732109986245632
/tmp/drone_acoustic_2026w14_phase1_downloads/raw/crema_d/audios/1045_IWW_ANG_XX.wav,ANG,emergency,emergency,0.09627523273229599,439.958984375,488.89208984375,0.2808506190776825,0.7069822549819946,0.012164427898824215
/tmp/drone_acoustic_2026w14_phase1_downloads/raw/crema_d/audios/1045_IWW_FEA_XX.wav,FEA,emergency,emergency,0.01694614253938198,293.2691345214844,465.4383850097656,0.8549169301986694,0.13576318323612213,0.009267217479646206
/tmp/drone_acoustic_2026w14_phase1_downloads/raw/crema_d/audios/1045_IWW_NEU_XX.wav,NEU,normal,normal,0.07207997143268585,471.9369201660156,502.66619873046875,0.45138847827911377,0.5341737270355225,0.014430063776671886
/tmp/drone_acoustic_2026w14_phase1_downloads/raw/crema_d/audios/1045_MTI_ANG_XX.wav,ANG,emergency,emergency,0.09908588975667953,483.66455078125,468.0299987792969,0.30184125900268555,0.6736013889312744,0.02455125004053116
/tmp/drone_acoustic_2026w14_phase1_downloads/raw/crema_d/audios/1045_MTI_FEA_XX.wav,FEA,emergency,emergency,0.029073400422930717,335.5752868652344,344.68536376953125,0.4927545189857483,0.503997802734375,0.003245856147259474
/tmp/drone_acoustic_2026w14_phase1_downloads/raw/crema_d/audios/1045_MTI_NEU_XX.wav,NEU,normal,normal,0.10935599356889725,403.8283386230469,413.0888366699219,0.48694977164268494,0.4840920567512512,0.028949018567800522
/tmp/drone_acoustic_2026w14_phase1_downloads/raw/crema_d/audios/1045_TAI_ANG_XX.wav,ANG,emergency,emergency,0.055985335260629654,531.7254028320312,558.1895141601562,0.2525106370449066,0.7343215942382812,0.013165980577468872
/tmp/drone_acoustic_2026w14_phase1_downloads/raw/crema_d/audios/1045_TAI_FEA_XX.wav,FEA,emergency,emergency,0.013671095483005047,307.0268249511719,464.0892333984375,0.8114752173423767,0.17986421287059784,0.008626095950603485
/tmp/drone_acoustic_2026w14_phase1_downloads/raw/crema_d/audios/1045_TAI_NEU_XX.wav,NEU,normal,normal,0.047700829803943634,469.4628601074219,553.4650268554688,0.38356736302375793,0.5880182981491089,0.0284116193652153
/tmp/drone_acoustic_2026w14_phase1_downloads/raw/crema_d/audios/1045_TIE_ANG_XX.wav,ANG,emergency,emergency,0.20700204372406006,577.9886474609375,608.1813354492188,0.2732012867927551,0.7058523893356323,0.02094273827970028
/tmp/drone_acoustic_2026w14_phase1_downloads/raw/crema_d/audios/1045_TIE_FEA_XX.wav,FEA,emergency,emergency,0.12482187896966934,439.9619445800781,485.40625,0.37506648898124695,0.6083747744560242,0.016556279733777046
/tmp/drone_acoustic_2026w14_phase1_downloads/raw/crema_d/audios/1045_TIE_NEU_XX.wav,NEU,normal,normal,0.08564385026693344,389.43414306640625,466.0848388671875,0.46297863125801086,0.5219836235046387,0.015032750554382801
/tmp/drone_acoustic_2026w14_phase1_downloads/raw/crema_d/audios/1045_TSI_ANG_XX.wav,ANG,emergency,emergency,0.062415845692157745,955.9036865234375,870.9368286132812,0.4398033022880554,0.513960599899292,0.04616767540574074
/tmp/drone_acoustic_2026w14_phase1_downloads/raw/crema_d/audios/1045_TSI_FEA_XX.wav,FEA,emergency,emergency,0.03131299465894699,481.7842712402344,685.2626953125,0.4467342495918274,0.5334250330924988,0.019822832196950912
/tmp/drone_acoustic_2026w14_phase1_downloads/raw/crema_d/audios/1045_TSI_NEU_XX.wav,NEU,normal,normal,0.033713798969984055,712.842041015625,805.1392822265625,0.48593226075172424,0.483871728181839,0.030172331258654594
/tmp/drone_acoustic_2026w14_phase1_downloads/raw/crema_d/audios/1045_WSI_ANG_XX.wav,ANG,emergency,emergency,0.390435129404068,619.19384765625,640.2726440429688,0.15445585548877716,0.8249170780181885,0.02062235213816166
/tmp/drone_acoustic_2026w14_phase1_downloads/raw/crema_d/audios/1045_WSI_FEA_XX.wav,FEA,emergency,emergency,0.03933737054467201,399.14935302734375,536.4493408203125,0.6214241981506348,0.36851176619529724,0.010028368793427944
/tmp/drone_acoustic_2026w14_phase1_downloads/raw/crema_d/audios/1045_WSI_NEU_XX.wav,NEU,normal,normal,0.20555993914604187,552.255859375,622.755126953125,0.39841341972351074,0.5839822888374329,0.017592625692486763
/tmp/drone_acoustic_2026w14_phase1_downloads/raw/crema_d/audios/1046_DFA_ANG_XX.wav,ANG,emergency,emergency,0.44124945998191833,738.3566284179688,744.4434204101562,0.22895975410938263,0.645092785358429,0.12594255805015564
/tmp/drone_acoustic_2026w14_phase1_downloads/raw/crema_d/audios/1046_DFA_FEA_XX.wav,FEA,emergency,emergency,0.23820798099040985,441.000244140625,491.8128662109375,0.39912647008895874,0.5310511589050293,0.06981551647186279
/tmp/drone_acoustic_2026w14_phase1_downloads/raw/crema_d/audios/1046_DFA_NEU_XX.wav,NEU,normal,normal,0.09254372119903564,405.1431884765625,491.1479797363281,0.556176483631134,0.41203534603118896,0.031783223152160645
/tmp/drone_acoustic_2026w14_phase1_downloads/raw/crema_d/audios/1046_IEO_ANG_HI.wav,ANG,emergency,emergency,1.1020114421844482,762.750732421875,683.8309326171875,0.09414022415876389,0.708462119102478,0.19737671315670013
/tmp/drone_acoustic_2026w14_phase1_downloads/raw/crema_d/audios/1046_IEO_ANG_LO.wav,ANG,emergency,emergency,0.08187591284513474,421.0399475097656,439.5552062988281,0.7135194540023804,0.27646517753601074,0.010011903941631317
/tmp/drone_acoustic_2026w14_phase1_downloads/raw/crema_d/audios/1046_IEO_ANG_MD.wav,ANG,emergency,emergency,0.11083193868398666,523.5692749023438,529.199951171875,0.5036658644676208,0.4794187843799591,0.016909698024392128
/tmp/drone_acoustic_2026w14_phase1_downloads/raw/crema_d/audios/1046_IEO_FEA_HI.wav,FEA,emergency,emergency,0.707612931728363,559.3057250976562,575.0436401367188,0.1767374724149704,0.7607558369636536,0.06250298023223877
/tmp/drone_acoustic_2026w14_phase1_downloads/raw/crema_d/audios/1046_IEO_FEA_LO.wav,FEA,emergency,emergency,0.02664071135222912,330.22589111328125,418.2173767089844,0.5308332443237305,0.46481409668922424,0.0043490370735526085
/tmp/drone_acoustic_2026w14_phase1_downloads/raw/crema_d/audios/1046_IEO_FEA_MD.wav,FEA,emergency,emergency,0.03253566846251488,337.3984680175781,463.80487060546875,0.7874539494514465,0.20578673481941223,0.0067504411563277245
/tmp/drone_acoustic_2026w14_phase1_downloads/raw/crema_d/audios/1046_IEO_NEU_XX.wav,NEU,normal,normal,0.04872164502739906,337.845458984375,388.75286865234375,0.6928636431694031,0.3034866750240326,0.003646082477644086
/tmp/drone_acoustic_2026w14_phase1_downloads/raw/crema_d/audios/1046_IOM_ANG_XX.wav,ANG,emergency,emergency,0.697849452495575,573.7566528320312,572.3734130859375,0.3369791805744171,0.5811044573783875,0.08191525936126709
/tmp/drone_acoustic_2026w14_phase1_downloads/raw/crema_d/audios/1046_IOM_FEA_XX.wav,FEA,emergency,emergency,0.02567221410572529,262.56341552734375,332.6053771972656,0.7755432724952698,0.2208917737007141,0.003552262671291828
/tmp/drone_acoustic_2026w14_phase1_downloads/raw/crema_d/audios/1046_IOM_NEU_XX.wav,NEU,normal,normal,0.23742473125457764,407.7687072753906,434.8663024902344,0.5504968166351318,0.429243803024292,0.020253652706742287
/tmp/drone_acoustic_2026w14_phase1_downloads/raw/crema_d/audios/1046_ITH_ANG_XX.wav,ANG,emergency,emergency,0.31186404824256897,510.5205078125,506.3037414550781,0.33260008692741394,0.5975227952003479,0.06987565755844116
/tmp/drone_acoustic_2026w14_phase1_downloads/raw/crema_d/audios/1046_ITH_FEA_XX.wav,FEA,emergency,emergency,0.27472344040870667,576.0401611328125,585.2061767578125,0.22837147116661072,0.7109218835830688,0.060696668922901154
/tmp/drone_acoustic_2026w14_phase1_downloads/raw/crema_d/audios/1046_ITH_NEU_XX.wav,NEU,normal,normal,0.09977329522371292,371.75799560546875,422.0581359863281,0.47864043712615967,0.5020348429679871,0.01932126097381115
/tmp/drone_acoustic_2026w14_phase1_downloads/raw/crema_d/audios/1046_ITS_ANG_XX.wav,ANG,emergency,emergency,0.47474539279937744,737.35986328125,760.0993041992188,0.40695711970329285,0.3258516490459442,0.26715147495269775
/tmp/drone_acoustic_2026w14_phase1_downloads/raw/crema_d/audios/1046_ITS_FEA_XX.wav,FEA,emergency,emergency,0.06135508418083191,519.282958984375,528.91796875,0.6643889546394348,0.2913602292537689,0.0442378930747509
/tmp/drone_acoustic_2026w14_phase1_downloads/raw/crema_d/audios/1046_ITS_NEU_XX.wav,NEU,normal,normal,0.02379445917904377,484.93023681640625,534.8134765625,0.5097783207893372,0.46156373620033264,0.02864004299044609
/tmp/drone_acoustic_2026w14_phase1_downloads/raw/crema_d/audios/1046_IWL_ANG_XX.wav,ANG,emergency,emergency,0.15309764444828033,628.7059936523438,514.5236206054688,0.3433191180229187,0.614230215549469,0.042449984699487686
/tmp/drone_acoustic_2026w14_phase1_downloads/raw/crema_d/audios/1046_IWL_FEA_XX.wav,FEA,emergency,emergency,0.22215040028095245,560.8109130859375,477.95458984375,0.23089660704135895,0.745660662651062,0.02344168722629547
/tmp/drone_acoustic_2026w14_phase1_downloads/raw/crema_d/audios/1046_IWL_NEU_XX.wav,NEU,normal,normal,0.06252003461122513,392.8265686035156,350.8236389160156,0.5844056010246277,0.4114334285259247,0.00415857695043087
/tmp/drone_acoustic_2026w14_phase1_downloads/raw/crema_d/audios/1046_IWW_ANG_XX.wav,ANG,emergency,emergency,0.16829857230186462,530.841552734375,516.1077880859375,0.3723238706588745,0.6064236164093018,0.021250184625387192
/tmp/drone_acoustic_2026w14_phase1_downloads/raw/crema_d/audios/1046_IWW_FEA_XX.wav,FEA,emergency,emergency,0.024067683145403862,333.6306457519531,308.5719909667969,0.6432941555976868,0.3533397614955902,0.003363600466400385
/tmp/drone_acoustic_2026w14_phase1_downloads/raw/crema_d/audios/1046_IWW_NEU_XX.wav,NEU,normal,normal,0.0538303405046463,388.80621337890625,471.8171081542969,0.5627118349075317,0.4304428696632385,0.006836348678916693
/tmp/drone_acoustic_2026w14_phase1_downloads/raw/crema_d/audios/1046_MTI_ANG_XX.wav,ANG,emergency,emergency,0.2462732046842575,547.8291015625,479.3512878417969,0.3774159550666809,0.602965772151947,0.019613143056631088
/tmp/drone_acoustic_2026w14_phase1_downloads/raw/crema_d/audios/1046_MTI_FEA_XX.wav,FEA,emergency,emergency,0.06674181669950485,446.4595031738281,443.3370361328125,0.603125810623169,0.3776947259902954,0.01913939230144024
/tmp/drone_acoustic_2026w14_phase1_downloads/raw/crema_d/audios/1046_MTI_NEU_XX.wav,NEU,normal,normal,0.05896935239434242,431.9618225097656,385.87548828125,0.6264834403991699,0.3581170439720154,0.015396750532090664
/tmp/drone_acoustic_2026w14_phase1_downloads/raw/crema_d/audios/1046_TAI_ANG_XX.wav,ANG,emergency,emergency,0.19728219509124756,507.7008361816406,580.2586059570312,0.25380638241767883,0.6884573101997375,0.05773413926362991
/tmp/drone_acoustic_2026w14_phase1_downloads/raw/crema_d/audios/1046_TAI_FEA_XX.wav,FEA,emergency,emergency,0.14999724924564362,491.4405212402344,543.51416015625,0.523258626461029,0.42626145482063293,0.05047811567783356
/tmp/drone_acoustic_2026w14_phase1_downloads/raw/crema_d/audios/1046_TAI_NEU_XX.wav,NEU,normal,normal,0.05601103976368904,404.90313720703125,455.45721435546875,0.6312316656112671,0.34884947538375854,0.019906971603631973
/tmp/drone_acoustic_2026w14_phase1_downloads/raw/crema_d/audios/1046_TIE_ANG_XX.wav,ANG,emergency,emergency,0.33952245116233826,597.9105224609375,645.9602661132812,0.28298529982566833,0.6257452964782715,0.09126543253660202
/tmp/drone_acoustic_2026w14_phase1_downloads/raw/crema_d/audios/1046_TIE_FEA_XX.wav,FEA,emergency,emergency,0.03642008453607559,366.06048583984375,472.6078186035156,0.6491501331329346,0.34022897481918335,0.010612037032842636
/tmp/drone_acoustic_2026w14_phase1_downloads/raw/crema_d/audios/1046_TIE_NEU_XX.wav,NEU,normal,normal,0.06559094041585922,385.0755615234375,483.7050476074219,0.669439971446991,0.30786600708961487,0.022671453654766083
/tmp/drone_acoustic_2026w14_phase1_downloads/raw/crema_d/audios/1046_TSI_ANG_XX.wav,ANG,emergency,emergency,0.20227016508579254,1168.3394775390625,948.2706298828125,0.25591328740119934,0.6588866114616394,0.08517272770404816
/tmp/drone_acoustic_2026w14_phase1_downloads/raw/crema_d/audios/1046_TSI_FEA_XX.wav,FEA,emergency,emergency,0.1414717137813568,729.2899780273438,820.184814453125,0.6862711310386658,0.27262094616889954,0.041089944541454315
/tmp/drone_acoustic_2026w14_phase1_downloads/raw/crema_d/audios/1046_TSI_NEU_XX.wav,NEU,normal,normal,0.012690366245806217,731.8839111328125,782.9656372070312,0.47955238819122314,0.4873543679714203,0.03302393853664398
/tmp/drone_acoustic_2026w14_phase1_downloads/raw/crema_d/audios/1046_WSI_ANG_XX.wav,ANG,emergency,emergency,0.41803431510925293,826.7648315429688,719.1090087890625,0.3841226398944855,0.5338132977485657,0.08206100761890411
/tmp/drone_acoustic_2026w14_phase1_downloads/raw/crema_d/audios/1046_WSI_FEA_XX.wav,FEA,emergency,emergency,0.3562910556793213,757.3695678710938,736.5806274414062,0.4909752309322357,0.45569097995758057,0.05333003029227257
/tmp/drone_acoustic_2026w14_phase1_downloads/raw/crema_d/audios/1046_WSI_NEU_XX.wav,NEU,normal,normal,0.22916747629642487,453.7045593261719,483.1560363769531,0.45435720682144165,0.5343251824378967,0.011302104219794273
/tmp/drone_acoustic_2026w14_phase1_downloads/raw/crema_d/audios/1047_DFA_ANG_XX.wav,ANG,emergency,emergency,0.7485087513923645,1018.0673217773438,824.6570434570312,0.13287489116191864,0.6380249857902527,0.2290899157524109
/tmp/drone_acoustic_2026w14_phase1_downloads/raw/crema_d/audios/1047_DFA_FEA_XX.wav,FEA,emergency,emergency,0.1101459488272667,501.6457214355469,562.3272094726562,0.7316911816596985,0.2079821228981018,0.06032085046172142
/tmp/drone_acoustic_2026w14_phase1_downloads/raw/crema_d/audios/1047_DFA_NEU_XX.wav,NEU,normal,normal,0.04629809036850929,335.8470764160156,461.35748291015625,0.7543642520904541,0.23134347796440125,0.014287281781435013
/tmp/drone_acoustic_2026w14_phase1_downloads/raw/crema_d/audios/1047_IEO_ANG_HI.wav,ANG,emergency,emergency,1.7464396953582764,770.5841674804688,701.0936279296875,0.07153553515672684,0.8496055006980896,0.07885710150003433
/tmp/drone_acoustic_2026w14_phase1_downloads/raw/crema_d/audios/1047_IEO_ANG_LO.wav,ANG,emergency,emergency,0.3874298334121704,580.5409545898438,492.7168273925781,0.1542382836341858,0.8302666544914246,0.01549171656370163
/tmp/drone_acoustic_2026w14_phase1_downloads/raw/crema_d/audios/1047_IEO_ANG_MD.wav,ANG,emergency,emergency,0.1159120500087738,393.7413024902344,484.7293701171875,0.40261074900627136,0.5869474411010742,0.010431294329464436
/tmp/drone_acoustic_2026w14_phase1_downloads/raw/crema_d/audios/1047_IEO_FEA_HI.wav,FEA,emergency,emergency,1.1695886850357056,853.1036987304688,693.8360595703125,0.054076142609119415,0.8527756929397583,0.09314507246017456
/tmp/drone_acoustic_2026w14_phase1_downloads/raw/crema_d/audios/1047_IEO_FEA_LO.wav,FEA,emergency,emergency,0.07908425480127335,378.3479919433594,488.5939636230469,0.5427432060241699,0.44964122772216797,0.007598311640322208
/tmp/drone_acoustic_2026w14_phase1_downloads/raw/crema_d/audios/1047_IEO_FEA_MD.wav,FEA,emergency,emergency,0.156998872756958,564.4608154296875,619.271240234375,0.6396501660346985,0.34280383586883545,0.01753753051161766
/tmp/drone_acoustic_2026w14_phase1_downloads/raw/crema_d/audios/1047_IEO_NEU_XX.wav,NEU,normal,normal,0.03516488894820213,378.50732421875,461.4312438964844,0.7475702166557312,0.24174699187278748,0.010662511922419071
/tmp/drone_acoustic_2026w14_phase1_downloads/raw/crema_d/audios/1047_IOM_ANG_XX.wav,ANG,emergency,emergency,1.214833378791809,683.095458984375,628.145263671875,0.14868104457855225,0.6469445824623108,0.2043607383966446
/tmp/drone_acoustic_2026w14_phase1_downloads/raw/crema_d/audios/1047_IOM_FEA_XX.wav,FEA,emergency,emergency,0.03121040016412735,324.2453918457031,400.3601379394531,0.8342470526695251,0.14876490831375122,0.01698499172925949
/tmp/drone_acoustic_2026w14_phase1_downloads/raw/crema_d/audios/1047_IOM_NEU_XX.wav,NEU,normal,normal,0.15515530109405518,329.61053466796875,406.377197265625,0.7257590293884277,0.2635059654712677,0.010723345912992954
/tmp/drone_acoustic_2026w14_phase1_downloads/raw/crema_d/audios/1047_ITH_ANG_XX.wav,ANG,emergency,emergency,0.9144996404647827,668.140380859375,646.1702880859375,0.26405635476112366,0.6387438178062439,0.09717430174350739
/tmp/drone_acoustic_2026w14_phase1_downloads/raw/crema_d/audios/1047_ITH_FEA_XX.wav,FEA,emergency,emergency,0.08946199715137482,404.0082092285156,542.8876953125,0.7551969289779663,0.22103533148765564,0.02375161089003086
/tmp/drone_acoustic_2026w14_phase1_downloads/raw/crema_d/audios/1047_ITH_NEU_XX.wav,NEU,normal,normal,0.16374696791172028,422.170166015625,494.5873718261719,0.4932049810886383,0.4721888303756714,0.034598227590322495
/tmp/drone_acoustic_2026w14_phase1_downloads/raw/crema_d/audios/1047_ITS_ANG_XX.wav,ANG,emergency,emergency,0.11877357959747314,723.3363647460938,708.7454833984375,0.6523784399032593,0.25150835514068604,0.09600920230150223
/tmp/drone_acoustic_2026w14_phase1_downloads/raw/crema_d/audios/1047_ITS_FEA_XX.wav,FEA,emergency,emergency,0.05699005722999573,382.0498352050781,552.0599975585938,0.6797035932540894,0.27957823872566223,0.040703289210796356
/tmp/drone_acoustic_2026w14_phase1_downloads/raw/crema_d/audios/1047_ITS_NEU_XX.wav,NEU,normal,normal,0.04027722775936127,474.37890625,615.2462768554688,0.7540654540061951,0.2143142819404602,0.03158411756157875
/tmp/drone_acoustic_2026w14_phase1_downloads/raw/crema_d/audios/1047_IWL_ANG_XX.wav,ANG,emergency,emergency,1.457753300666809,522.843017578125,432.5510559082031,0.2118852734565735,0.7409542202949524,0.04715719819068909
/tmp/drone_acoustic_2026w14_phase1_downloads/raw/crema_d/audios/1047_IWL_FEA_XX.wav,FEA,emergency,emergency,0.05371249094605446,354.95123291015625,397.3343200683594,0.5992963314056396,0.3971719443798065,0.003527851775288582
/tmp/drone_acoustic_2026w14_phase1_downloads/raw/crema_d/audios/1047_IWL_NEU_XX.wav,NEU,normal,normal,0.29718297719955444,428.5498046875,383.4383239746094,0.3582671284675598,0.6153191328048706,0.026408623903989792
/tmp/drone_acoustic_2026w14_phase1_downloads/raw/crema_d/audios/1047_IWW_ANG_XX.wav,ANG,emergency,emergency,0.13261829316616058,472.33746337890625,534.6476440429688,0.5270879864692688,0.4560309648513794,0.016864217817783356
/tmp/drone_acoustic_2026w14_phase1_downloads/raw/crema_d/audios/1047_IWW_FEA_XX.wav,FEA,emergency,emergency,0.04118208959698677,377.34893798828125,485.8092956542969,0.6951355934143066,0.2935669720172882,0.011289170011878014
/tmp/drone_acoustic_2026w14_phase1_downloads/raw/crema_d/audios/1047_IWW_NEU_XX.wav,NEU,normal,normal,0.10577324777841568,515.361083984375,616.7647094726562,0.6171995997428894,0.35418701171875,0.028575606644153595
/tmp/drone_acoustic_2026w14_phase1_downloads/raw/crema_d/audios/1047_MTI_ANG_XX.wav,ANG,emergency,emergency,0.08630213141441345,557.9027099609375,515.7713623046875,0.5228034257888794,0.4362342953681946,0.04095868021249771
/tmp/drone_acoustic_2026w14_phase1_downloads/raw/crema_d/audios/1047_MTI_FEA_XX.wav,FEA,emergency,emergency,0.03128446266055107,398.3010559082031,447.45965576171875,0.784299910068512,0.2108028531074524,0.004887435119599104
/tmp/drone_acoustic_2026w14_phase1_downloads/raw/crema_d/audios/1047_MTI_NEU_XX.wav,NEU,normal,normal,0.21193331480026245,427.2302551269531,451.5534362792969,0.6077151894569397,0.3474365770816803,0.044842325150966644
/tmp/drone_acoustic_2026w14_phase1_downloads/raw/crema_d/audios/1047_TAI_ANG_XX.wav,ANG,emergency,emergency,0.07614345848560333,658.3865966796875,662.3666381835938,0.17319312691688538,0.7883708477020264,0.03842860087752342
/tmp/drone_acoustic_2026w14_phase1_downloads/raw/crema_d/audios/1047_TAI_FEA_XX.wav,FEA,emergency,emergency,0.018503617495298386,418.84857177734375,541.6729125976562,0.706662118434906,0.2822180390357971,0.011113136075437069
/tmp/drone_acoustic_2026w14_phase1_downloads/raw/crema_d/audios/1047_TAI_NEU_XX.wav,NEU,normal,normal,0.08291821926832199,453.8063049316406,556.056640625,0.5606322884559631,0.38635581731796265,0.053002458065748215
/tmp/drone_acoustic_2026w14_phase1_downloads/raw/crema_d/audios/1047_TIE_ANG_XX.wav,ANG,emergency,emergency,1.4291256666183472,732.1511840820312,681.6397094726562,0.20196427404880524,0.5423301458358765,0.25568222999572754
/tmp/drone_acoustic_2026w14_phase1_downloads/raw/crema_d/audios/1047_TIE_FEA_XX.wav,FEA,emergency,emergency,0.10880614817142487,414.0889587402344,435.039306640625,0.5050697922706604,0.4518415927886963,0.04307633265852928
/tmp/drone_acoustic_2026w14_phase1_downloads/raw/crema_d/audios/1047_TIE_NEU_XX.wav,NEU,normal,normal,0.049348194152116776,370.7890319824219,445.9288330078125,0.574381411075592,0.4081469774246216,0.017452936619520187
/tmp/drone_acoustic_2026w14_phase1_downloads/raw/crema_d/audios/1047_TSI_ANG_XX.wav,ANG,emergency,emergency,0.26838934421539307,1251.3055419921875,1084.3243408203125,0.22589044272899628,0.6576562523841858,0.11643961071968079
/tmp/drone_acoustic_2026w14_phase1_downloads/raw/crema_d/audios/1047_TSI_FEA_XX.wav,FEA,emergency,emergency,0.10082913190126419,1092.8104248046875,984.4417724609375,0.4929979741573334,0.43674060702323914,0.0702168270945549
/tmp/drone_acoustic_2026w14_phase1_downloads/raw/crema_d/audios/1047_TSI_NEU_XX.wav,NEU,normal,normal,0.04469085857272148,733.6036376953125,836.7232055664062,0.7350829243659973,0.19621486961841583,0.06862062215805054
/tmp/drone_acoustic_2026w14_phase1_downloads/raw/crema_d/audios/1047_WSI_ANG_XX.wav,ANG,emergency,emergency,0.783519983291626,1108.090087890625,908.9990844726562,0.21949055790901184,0.7140101194381714,0.06648585945367813
/tmp/drone_acoustic_2026w14_phase1_downloads/raw/crema_d/audios/1047_WSI_FEA_XX.wav,FEA,emergency,emergency,0.10110891610383987,627.8515014648438,677.7808837890625,0.7712464928627014,0.19430628418922424,0.034418657422065735
/tmp/drone_acoustic_2026w14_phase1_downloads/raw/crema_d/audios/1047_WSI_NEU_XX.wav,NEU,normal,normal,0.2668107748031616,644.5550537109375,725.8890380859375,0.44691649079322815,0.5291532874107361,0.02386784553527832
/tmp/drone_acoustic_2026w14_phase1_downloads/raw/crema_d/audios/1048_DFA_ANG_XX.wav,ANG,emergency,emergency,0.16021770238876343,710.8529663085938,692.2489013671875,0.23597796261310577,0.6933574676513672,0.0706629604101181
/tmp/drone_acoustic_2026w14_phase1_downloads/raw/crema_d/audios/1048_DFA_FEA_XX.wav,FEA,emergency,emergency,0.02833688072860241,364.09881591796875,472.1701354980469,0.5005948543548584,0.48511311411857605,0.014289169572293758
/tmp/drone_acoustic_2026w14_phase1_downloads/raw/crema_d/audios/1048_DFA_NEU_XX.wav,NEU,normal,normal,0.03209249675273895,361.4234313964844,505.52691650390625,0.4815860688686371,0.5118536353111267,0.006555622909218073
/tmp/drone_acoustic_2026w14_phase1_downloads/raw/crema_d/audios/1048_IEO_ANG_HI.wav,ANG,emergency,emergency,0.6004417538642883,657.3867797851562,634.3936767578125,0.0886625126004219,0.8046877980232239,0.10664171725511551
/tmp/drone_acoustic_2026w14_phase1_downloads/raw/crema_d/audios/1048_IEO_ANG_LO.wav,ANG,emergency,emergency,0.08390233665704727,557.249755859375,607.074951171875,0.09277276694774628,0.8837055563926697,0.023518508300185204
/tmp/drone_acoustic_2026w14_phase1_downloads/raw/crema_d/audios/1048_IEO_ANG_MD.wav,ANG,emergency,emergency,0.3620687425136566,546.667236328125,615.3930053710938,0.055490974336862564,0.8724034428596497,0.07208756357431412
/tmp/drone_acoustic_2026w14_phase1_downloads/raw/crema_d/audios/1048_IEO_FEA_HI.wav,FEA,emergency,emergency,0.49095088243484497,869.8018798828125,814.4100341796875,0.06956809014081955,0.8751447200775146,0.05528607219457626
/tmp/drone_acoustic_2026w14_phase1_downloads/raw/crema_d/audios/1048_IEO_FEA_LO.wav,FEA,emergency,emergency,0.1329379379749298,535.5751342773438,635.8914794921875,0.6332520842552185,0.30832740664482117,0.058341871947050095
/tmp/drone_acoustic_2026w14_phase1_downloads/raw/crema_d/audios/1048_IEO_FEA_MD.wav,FEA,emergency,emergency,0.027807194739580154,626.9026489257812,655.912109375,0.0632212683558464,0.9310935735702515,0.00567964743822813
/tmp/drone_acoustic_2026w14_phase1_downloads/raw/crema_d/audios/1048_IEO_NEU_XX.wav,NEU,normal,normal,0.03794335201382637,422.8149108886719,488.1960144042969,0.34944483637809753,0.6382043361663818,0.012339569628238678
/tmp/drone_acoustic_2026w14_phase1_downloads/raw/crema_d/audios/1048_IOM_ANG_XX.wav,ANG,emergency,emergency,0.2296813279390335,583.41552734375,601.801025390625,0.4110933542251587,0.4996984899044037,0.08920679986476898
/tmp/drone_acoustic_2026w14_phase1_downloads/raw/crema_d/audios/1048_IOM_FEA_XX.wav,FEA,emergency,emergency,0.01313849352300167,279.0760192871094,390.6163635253906,0.8220880627632141,0.17579036951065063,0.0021184340585023165
/tmp/drone_acoustic_2026w14_phase1_downloads/raw/crema_d/audios/1048_IOM_NEU_XX.wav,NEU,normal,normal,0.07197419553995132,361.97515869140625,449.42681884765625,0.46986353397369385,0.5193104147911072,0.010821456089615822
/tmp/drone_acoustic_2026w14_phase1_downloads/raw/crema_d/audios/1048_ITH_ANG_XX.wav,ANG,emergency,emergency,0.28379982709884644,664.8367309570312,671.3997192382812,0.15067051351070404,0.7484268546104431,0.10090132057666779
/tmp/drone_acoustic_2026w14_phase1_downloads/raw/crema_d/audios/1048_ITH_FEA_XX.wav,FEA,emergency,emergency,0.07568062841892242,387.1081237792969,427.0730285644531,0.49044182896614075,0.4873094856739044,0.022247733548283577
/tmp/drone_acoustic_2026w14_phase1_downloads/raw/crema_d/audios/1048_ITH_NEU_XX.wav,NEU,normal,normal,0.04201408848166466,392.1711730957031,465.5311584472656,0.38473978638648987,0.6071385741233826,0.008120009675621986
/tmp/drone_acoustic_2026w14_phase1_downloads/raw/crema_d/audios/1048_ITS_ANG_XX.wav,ANG,emergency,emergency,0.06781014055013657,958.8760986328125,777.0258178710938,0.2106534093618393,0.7200444936752319,0.0691937655210495
/tmp/drone_acoustic_2026w14_phase1_downloads/raw/crema_d/audios/1048_ITS_FEA_XX.wav,FEA,emergency,emergency,0.03510201349854469,481.9214782714844,621.4025268554688,0.7881160378456116,0.15856137871742249,0.05328880250453949
/tmp/drone_acoustic_2026w14_phase1_downloads/raw/crema_d/audios/1048_ITS_NEU_XX.wav,NEU,normal,normal,0.03705725818872452,592.042724609375,696.2066040039062,0.4276637136936188,0.5385739803314209,0.03374139592051506
/tmp/drone_acoustic_2026w14_phase1_downloads/raw/crema_d/audios/1048_IWL_ANG_XX.wav,ANG,emergency,emergency,0.25153446197509766,629.8782958984375,603.480712890625,0.15633098781108856,0.7720378041267395,0.07162993401288986
/tmp/drone_acoustic_2026w14_phase1_downloads/raw/crema_d/audios/1048_IWL_FEA_XX.wav,FEA,emergency,emergency,0.042653728276491165,292.63330078125,386.5015869140625,0.7868983149528503,0.2086060494184494,0.0044875252060592175
/tmp/drone_acoustic_2026w14_phase1_downloads/raw/crema_d/audios/1048_IWL_NEU_XX.wav,NEU,normal,normal,0.04503581300377846,347.859130859375,381.0954284667969,0.6187999248504639,0.3761773705482483,0.005021866876631975
/tmp/drone_acoustic_2026w14_phase1_downloads/raw/crema_d/audios/1048_IWW_ANG_XX.wav,ANG,emergency,emergency,0.08427489548921585,754.8045654296875,707.537353515625,0.12678733468055725,0.8436492085456848,0.02955702319741249
/tmp/drone_acoustic_2026w14_phase1_downloads/raw/crema_d/audios/1048_IWW_FEA_XX.wav,FEA,emergency,emergency,0.02408498153090477,358.1961669921875,442.3730163574219,0.6670249700546265,0.32361993193626404,0.009348088875412941
/tmp/drone_acoustic_2026w14_phase1_downloads/raw/crema_d/audios/1048_IWW_NEU_XX.wav,NEU,normal,normal,0.031109193339943886,351.950439453125,464.6990661621094,0.5297383666038513,0.46525976061820984,0.00499477656558156
/tmp/drone_acoustic_2026w14_phase1_downloads/raw/crema_d/audios/1048_MTI_ANG_XX.wav,ANG,emergency,emergency,0.07656476646661758,529.0929565429688,562.6744995117188,0.2528526186943054,0.7214901447296143,0.025655589997768402
/tmp/drone_acoustic_2026w14_phase1_downloads/raw/crema_d/audios/1048_MTI_FEA_XX.wav,FEA,emergency,emergency,0.025130314752459526,307.5965270996094,404.82318115234375,0.7636663317680359,0.23118260502815247,0.0051407357677817345
/tmp/drone_acoustic_2026w14_phase1_downloads/raw/crema_d/audios/1048_MTI_NEU_XX.wav,NEU,normal,normal,0.0682145431637764,469.10369873046875,428.4434814453125,0.31656742095947266,0.6761902570724487,0.007237555459141731
/tmp/drone_acoustic_2026w14_phase1_downloads/raw/crema_d/audios/1048_TAI_ANG_XX.wav,ANG,emergency,emergency,0.07184430211782455,741.01806640625,750.4351196289062,0.3758668601512909,0.5864628553390503,0.0376630499958992
/tmp/drone_acoustic_2026w14_phase1_downloads/raw/crema_d/audios/1048_TAI_FEA_XX.wav,FEA,emergency,emergency,0.00926083605736494,385.9892578125,505.1183776855469,0.6109431385993958,0.3833247125148773,0.005725509021431208
/tmp/drone_acoustic_2026w14_phase1_downloads/raw/crema_d/audios/1048_TAI_NEU_XX.wav,NEU,normal,normal,0.03731268644332886,591.5018310546875,670.0234375,0.314545214176178,0.6716062426567078,0.01383703388273716
/tmp/drone_acoustic_2026w14_phase1_downloads/raw/crema_d/audios/1048_TIE_ANG_XX.wav,ANG,emergency,emergency,0.08491875976324081,514.9646606445312,568.9908447265625,0.34141287207603455,0.6235771179199219,0.03496619313955307
/tmp/drone_acoustic_2026w14_phase1_downloads/raw/crema_d/audios/1048_TIE_FEA_XX.wav,FEA,emergency,emergency,0.02915612794458866,339.5948181152344,484.36468505859375,0.5835883021354675,0.4098747670650482,0.0065229213796556
/tmp/drone_acoustic_2026w14_phase1_downloads/raw/crema_d/audios/1048_TIE_NEU_XX.wav,NEU,normal,normal,0.05149858072400093,390.44403076171875,539.6659545898438,0.43321943283081055,0.5490207672119141,0.017750147730112076
/tmp/drone_acoustic_2026w14_phase1_downloads/raw/crema_d/audios/1048_TSI_ANG_XX.wav,ANG,emergency,emergency,0.08617043495178223,1392.4346923828125,973.7772216796875,0.15355618298053741,0.7782799601554871,0.06801071763038635
/tmp/drone_acoustic_2026w14_phase1_downloads/raw/crema_d/audios/1048_TSI_FEA_XX.wav,FEA,emergency,emergency,0.05004853382706642,600.9078979492188,742.1472778320312,0.8561151623725891,0.05395258218050003,0.08974053710699081
/tmp/drone_acoustic_2026w14_phase1_downloads/raw/crema_d/audios/1048_TSI_NEU_XX.wav,NEU,normal,normal,0.048650968819856644,1093.96826171875,844.7013549804688,0.7662596106529236,0.1561334878206253,0.07755879312753677
/tmp/drone_acoustic_2026w14_phase1_downloads/raw/crema_d/audios/1048_WSI_ANG_XX.wav,ANG,emergency,emergency,0.156019926071167,945.1624755859375,657.6700439453125,0.28981995582580566,0.6648902297019958,0.04524495080113411
/tmp/drone_acoustic_2026w14_phase1_downloads/raw/crema_d/audios/1048_WSI_FEA_XX.wav,FEA,emergency,emergency,0.019548838958144188,422.7102966308594,541.4750366210938,0.6127658486366272,0.3815246820449829,0.00569681404158473
/tmp/drone_acoustic_2026w14_phase1_downloads/raw/crema_d/audios/1048_WSI_NEU_XX.wav,NEU,normal,normal,0.10948483645915985,629.096923828125,605.0104370117188,0.5467149615287781,0.43569517135620117,0.017587069422006607
/tmp/drone_acoustic_2026w14_phase1_downloads/raw/crema_d/audios/1049_DFA_ANG_XX.wav,ANG,emergency,emergency,0.09722048044204712,669.8095703125,683.8379516601562,0.19336402416229248,0.7763070464134216,0.030328337103128433
/tmp/drone_acoustic_2026w14_phase1_downloads/raw/crema_d/audios/1049_DFA_FEA_XX.wav,FEA,emergency,emergency,0.033313509076833725,475.410400390625,598.7606201171875,0.6425015330314636,0.33943822979927063,0.01805540733039379
/tmp/drone_acoustic_2026w14_phase1_downloads/raw/crema_d/audios/1049_DFA_NEU_XX.wav,NEU,normal,normal,0.06824541836977005,384.11480712890625,442.4263000488281,0.4242652654647827,0.5556563138961792,0.020075252279639244
/tmp/drone_acoustic_2026w14_phase1_downloads/raw/crema_d/audios/1049_IEO_ANG_HI.wav,ANG,emergency,emergency,0.8763123750686646,628.7767944335938,603.1226196289062,0.11468696594238281,0.8599196076393127,0.025389667600393295
/tmp/drone_acoustic_2026w14_phase1_downloads/raw/crema_d/audios/1049_IEO_ANG_LO.wav,ANG,emergency,emergency,0.29403698444366455,441.4549865722656,501.5809631347656,0.12863530218601227,0.8551000356674194,0.01624946855008602
/tmp/drone_acoustic_2026w14_phase1_downloads/raw/crema_d/audios/1049_IEO_ANG_MD.wav,ANG,emergency,emergency,0.37500444054603577,649.3609008789062,587.0748291015625,0.06620464473962784,0.9069333076477051,0.026859594509005547
/tmp/drone_acoustic_2026w14_phase1_downloads/raw/crema_d/audios/1049_IEO_FEA_HI.wav,FEA,emergency,emergency,0.3733121156692505,750.1619873046875,763.4865112304688,0.23296727240085602,0.7363183498382568,0.030708154663443565
/tmp/drone_acoustic_2026w14_phase1_downloads/raw/crema_d/audios/1049_IEO_FEA_LO.wav,FEA,emergency,emergency,0.047859806567430496,321.91632080078125,420.01885986328125,0.6702007055282593,0.32764309644699097,0.0021414996590465307
/tmp/drone_acoustic_2026w14_phase1_downloads/raw/crema_d/audios/1049_IEO_FEA_MD.wav,FEA,emergency,emergency,0.16514311730861664,580.6163940429688,632.5513305664062,0.541196882724762,0.4457932710647583,0.013007254339754581
/tmp/drone_acoustic_2026w14_phase1_downloads/raw/crema_d/audios/1049_IEO_NEU_XX.wav,NEU,normal,normal,0.08827869594097137,373.762939453125,441.0306091308594,0.4869130849838257,0.5065664052963257,0.00651509128510952
/tmp/drone_acoustic_2026w14_phase1_downloads/raw/crema_d/audios/1049_IOM_ANG_XX.wav,ANG,emergency,emergency,0.15663278102874756,601.9760131835938,596.18017578125,0.2234572321176529,0.704812228679657,0.07172880321741104
/tmp/drone_acoustic_2026w14_phase1_downloads/raw/crema_d/audios/1049_IOM_FEA_XX.wav,FEA,emergency,emergency,0.024166492745280266,328.2062683105469,390.8487854003906,0.8115923404693604,0.17761574685573578,0.010789002291858196
/tmp/drone_acoustic_2026w14_phase1_downloads/raw/crema_d/audios/1049_IOM_NEU_XX.wav,NEU,normal,normal,0.045457109808921814,375.6040344238281,367.2040100097656,0.31852489709854126,0.6722485423088074,0.009225692600011826
/tmp/drone_acoustic_2026w14_phase1_downloads/raw/crema_d/audios/1049_ITH_ANG_XX.wav,ANG,emergency,emergency,0.49620917439460754,666.2637939453125,657.4182739257812,0.2540489435195923,0.7225409150123596,0.02340826205909252
/tmp/drone_acoustic_2026w14_phase1_downloads/raw/crema_d/audios/1049_ITH_FEA_XX.wav,FEA,emergency,emergency,0.03422998636960983,338.2203674316406,453.705078125,0.8229889273643494,0.17095397412776947,0.006052012555301189
/tmp/drone_acoustic_2026w14_phase1_downloads/raw/crema_d/audios/1049_ITH_NEU_XX.wav,NEU,normal,normal,0.2023235410451889,466.72027587890625,414.5302429199219,0.4170575439929962,0.5697304010391235,0.013209505937993526
/tmp/drone_acoustic_2026w14_phase1_downloads/raw/crema_d/audios/1049_ITS_ANG_XX.wav,ANG,emergency,emergency,0.04831826686859131,772.5402221679688,719.3340454101562,0.4347025752067566,0.5384548902511597,0.026831356808543205
/tmp/drone_acoustic_2026w14_phase1_downloads/raw/crema_d/audios/1049_ITS_FEA_XX.wav,FEA,emergency,emergency,0.008428593166172504,355.0222473144531,504.819091796875,0.8502287268638611,0.14170114696025848,0.008024183101952076
/tmp/drone_acoustic_2026w14_phase1_downloads/raw/crema_d/audios/1049_ITS_NEU_XX.wav,NEU,normal,normal,0.06505856662988663,406.55072021484375,494.6362609863281,0.5329501628875732,0.42200160026550293,0.04504162445664406
/tmp/drone_acoustic_2026w14_phase1_downloads/raw/crema_d/audios/1049_IWL_ANG_XX.wav,ANG,emergency,emergency,0.3284795582294464,571.1749877929688,433.7348937988281,0.20036503672599792,0.7834315896034241,0.0162013191729784
/tmp/drone_acoustic_2026w14_phase1_downloads/raw/crema_d/audios/1049_IWL_FEA_XX.wav,FEA,emergency,emergency,0.06057576462626457,426.51751708984375,446.66033935546875,0.4949784576892853,0.49345090985298157,0.011568242684006691
/tmp/drone_acoustic_2026w14_phase1_downloads/raw/crema_d/audios/1049_IWL_NEU_XX.wav,NEU,normal,normal,0.0798952728509903,395.1731262207031,387.73785400390625,0.5751667022705078,0.40588051080703735,0.0189504511654377
/tmp/drone_acoustic_2026w14_phase1_downloads/raw/crema_d/audios/1049_IWW_ANG_XX.wav,ANG,emergency,emergency,0.5502593517303467,708.0779418945312,654.0850219726562,0.16671769320964813,0.8052242398262024,0.028054405003786087
/tmp/drone_acoustic_2026w14_phase1_downloads/raw/crema_d/audios/1049_IWW_FEA_XX.wav,FEA,emergency,emergency,0.03093230538070202,337.510009765625,387.0086364746094,0.7584434151649475,0.23734590411186218,0.004205089062452316
/tmp/drone_acoustic_2026w14_phase1_downloads/raw/crema_d/audios/1049_IWW_NEU_XX.wav,NEU,normal,normal,0.05141805484890938,405.8559265136719,434.22393798828125,0.7516889572143555,0.2429947853088379,0.005311308428645134
/tmp/drone_acoustic_2026w14_phase1_downloads/raw/crema_d/audios/1049_MTI_ANG_XX.wav,ANG,emergency,emergency,0.09618674963712692,563.7908325195312,492.7297058105469,0.062006887048482895,0.9196109771728516,0.01837676391005516
/tmp/drone_acoustic_2026w14_phase1_downloads/raw/crema_d/audios/1049_MTI_FEA_XX.wav,FEA,emergency,emergency,0.014410372823476791,342.7698974609375,355.0821228027344,0.7457882165908813,0.25157079100608826,0.0026396813336759806
/tmp/drone_acoustic_2026w14_phase1_downloads/raw/crema_d/audios/1049_MTI_NEU_XX.wav,NEU,normal,normal,0.05691992864012718,474.4795227050781,387.10546875,0.5340524911880493,0.4595780670642853,0.006366518791764975
/tmp/drone_acoustic_2026w14_phase1_downloads/raw/crema_d/audios/1049_TAI_ANG_XX.wav,ANG,emergency,emergency,0.06639609485864639,673.1350708007812,636.1279907226562,0.36322450637817383,0.6191586256027222,0.017614923417568207
/tmp/drone_acoustic_2026w14_phase1_downloads/raw/crema_d/audios/1049_TAI_FEA_XX.wav,FEA,emergency,emergency,0.02220277115702629,534.9689331054688,547.4005737304688,0.9153504371643066,0.07669660449028015,0.007943390868604183
/tmp/drone_acoustic_2026w14_phase1_downloads/raw/crema_d/audios/1049_TAI_NEU_XX.wav,NEU,normal,normal,0.05953039973974228,528.6791381835938,589.726806640625,0.4721538722515106,0.5094649195671082,0.01837295852601528
/tmp/drone_acoustic_2026w14_phase1_downloads/raw/crema_d/audios/1049_TIE_ANG_XX.wav,ANG,emergency,emergency,0.5613238215446472,571.0732421875,605.5564575195312,0.10534914582967758,0.83604496717453,0.05860348045825958
/tmp/drone_acoustic_2026w14_phase1_downloads/raw/crema_d/audios/1049_TIE_FEA_XX.wav,FEA,emergency,emergency,0.05712089315056801,369.0519714355469,497.3553161621094,0.6593557000160217,0.3224675953388214,0.018164921551942825
/tmp/drone_acoustic_2026w14_phase1_downloads/raw/crema_d/audios/1049_TIE_NEU_XX.wav,NEU,normal,normal,0.18748973309993744,363.7506103515625,443.65020751953125,0.4399764835834503,0.5330478549003601,0.026970399543642998
/tmp/drone_acoustic_2026w14_phase1_downloads/raw/crema_d/audios/1049_TSI_ANG_XX.wav,ANG,emergency,emergency,0.3334507942199707,886.0667114257812,906.80859375,0.38663655519485474,0.5739096999168396,0.039420660585165024
/tmp/drone_acoustic_2026w14_phase1_downloads/raw/crema_d/audios/1049_TSI_FEA_XX.wav,FEA,emergency,emergency,0.045590829104185104,625.58251953125,881.93408203125,0.4327942430973053,0.5452914834022522,0.021879544481635094
/tmp/drone_acoustic_2026w14_phase1_downloads/raw/crema_d/audios/1049_TSI_NEU_XX.wav,NEU,normal,normal,0.07658208161592484,614.5306396484375,764.046630859375,0.3197983205318451,0.6612842082977295,0.01890968717634678
/tmp/drone_acoustic_2026w14_phase1_downloads/raw/crema_d/audios/1049_WSI_ANG_XX.wav,ANG,emergency,emergency,0.6405097842216492,841.7456665039062,694.5864868164062,0.16778478026390076,0.8052663207054138,0.02694648876786232
/tmp/drone_acoustic_2026w14_phase1_downloads/raw/crema_d/audios/1049_WSI_FEA_XX.wav,FEA,emergency,emergency,0.02219916321337223,434.51934814453125,623.5211181640625,0.6938027143478394,0.2983728051185608,0.007811097428202629
/tmp/drone_acoustic_2026w14_phase1_downloads/raw/crema_d/audios/1049_WSI_NEU_XX.wav,NEU,normal,normal,0.14604105055332184,551.8795166015625,628.1741333007812,0.4854891300201416,0.4908791482448578,0.02362739108502865
/tmp/drone_acoustic_2026w14_phase1_downloads/raw/crema_d/audios/1050_DFA_ANG_XX.wav,ANG,emergency,emergency,0.3075769245624542,775.8161010742188,681.7225952148438,0.14784185588359833,0.7625986337661743,0.0895562469959259
/tmp/drone_acoustic_2026w14_phase1_downloads/raw/crema_d/audios/1050_DFA_FEA_XX.wav,FEA,emergency,emergency,0.024077288806438446,357.5698547363281,528.691162109375,0.8319306373596191,0.152584508061409,0.015477173961699009
/tmp/drone_acoustic_2026w14_phase1_downloads/raw/crema_d/audios/1050_DFA_NEU_XX.wav,NEU,normal,normal,0.07318178564310074,361.2949523925781,430.50213623046875,0.3880078196525574,0.6038179993629456,0.008172464556992054
/tmp/drone_acoustic_2026w14_phase1_downloads/raw/crema_d/audios/1050_IEO_ANG_HI.wav,ANG,emergency,emergency,0.3121013045310974,739.0960693359375,715.4435424804688,0.17648276686668396,0.7841780781745911,0.03933408483862877
/tmp/drone_acoustic_2026w14_phase1_downloads/raw/crema_d/audios/1050_IEO_ANG_LO.wav,ANG,emergency,emergency,0.14883588254451752,585.1392211914062,577.9136962890625,0.2475740611553192,0.7177297472953796,0.03469367325305939
/tmp/drone_acoustic_2026w14_phase1_downloads/raw/crema_d/audios/1050_IEO_ANG_MD.wav,ANG,emergency,emergency,0.23867778480052948,664.8380737304688,595.9300537109375,0.19828245043754578,0.7803032994270325,0.021409116685390472
/tmp/drone_acoustic_2026w14_phase1_downloads/raw/crema_d/audios/1050_IEO_FEA_HI.wav,FEA,emergency,emergency,0.3466963768005371,745.8583984375,655.2814331054688,0.40799322724342346,0.5584782361984253,0.033525500446558
/tmp/drone_acoustic_2026w14_phase1_downloads/raw/crema_d/audios/1050_IEO_FEA_LO.wav,FEA,emergency,emergency,0.09807533770799637,551.5797729492188,738.35400390625,0.7785562872886658,0.13295938074588776,0.08843515068292618
/tmp/drone_acoustic_2026w14_phase1_downloads/raw/crema_d/audios/1050_IEO_FEA_MD.wav,FEA,emergency,emergency,0.29188424348831177,653.9844360351562,642.799560546875,0.29581794142723083,0.6757543683052063,0.02842550352215767
/tmp/drone_acoustic_2026w14_phase1_downloads/raw/crema_d/audios/1050_IEO_NEU_XX.wav,NEU,normal,normal,0.05170007050037384,379.906005859375,491.7446594238281,0.4986397624015808,0.48581790924072266,0.01552246417850256
/tmp/drone_acoustic_2026w14_phase1_downloads/raw/crema_d/audios/1050_IOM_ANG_XX.wav,ANG,emergency,emergency,0.08724690973758698,449.4337463378906,397.5253601074219,0.4057028591632843,0.5763620138168335,0.01793294958770275
/tmp/drone_acoustic_2026w14_phase1_downloads/raw/crema_d/audios/1050_IOM_FEA_XX.wav,FEA,emergency,emergency,0.012257794849574566,296.4609680175781,385.8624572753906,0.8618588447570801,0.13288192451000214,0.0052502029575407505
/tmp/drone_acoustic_2026w14_phase1_downloads/raw/crema_d/audios/1050_IOM_NEU_XX.wav,NEU,normal,normal,0.017073996365070343,345.0472412109375,339.09088134765625,0.6623278856277466,0.3334135115146637,0.004252314101904631
/tmp/drone_acoustic_2026w14_phase1_downloads/raw/crema_d/audios/1050_ITH_ANG_XX.wav,ANG,emergency,emergency,0.4224545657634735,640.7548217773438,547.1021728515625,0.14969047904014587,0.775533139705658,0.07477235049009323
/tmp/drone_acoustic_2026w14_phase1_downloads/raw/crema_d/audios/1050_ITH_FEA_XX.wav,FEA,emergency,emergency,0.043355636298656464,333.1989440917969,517.9949951171875,0.6785929203033447,0.3102366328239441,0.011157350614666939
/tmp/drone_acoustic_2026w14_phase1_downloads/raw/crema_d/audios/1050_ITH_NEU_XX.wav,NEU,normal,normal,0.09752128273248672,409.0384521484375,418.26959228515625,0.35042402148246765,0.6361413598060608,0.013424601405858994
/tmp/drone_acoustic_2026w14_phase1_downloads/raw/crema_d/audios/1050_ITS_ANG_XX.wav,ANG,emergency,emergency,0.22030891478061676,615.17578125,624.7788696289062,0.22167620062828064,0.7236735224723816,0.05464702844619751
/tmp/drone_acoustic_2026w14_phase1_downloads/raw/crema_d/audios/1050_ITS_FEA_XX.wav,FEA,emergency,emergency,0.030902624130249023,514.2521362304688,649.4188232421875,0.7330734729766846,0.2353956699371338,0.03148341923952103
/tmp/drone_acoustic_2026w14_phase1_downloads/raw/crema_d/audios/1050_ITS_NEU_XX.wav,NEU,normal,normal,0.05150001868605614,467.0947570800781,536.0645141601562,0.6088075637817383,0.37478742003440857,0.01639402098953724
/tmp/drone_acoustic_2026w14_phase1_downloads/raw/crema_d/audios/1050_IWL_ANG_XX.wav,ANG,emergency,emergency,0.305161714553833,690.3253784179688,541.943359375,0.20930835604667664,0.7471745014190674,0.04351595416665077
/tmp/drone_acoustic_2026w14_phase1_downloads/raw/crema_d/audios/1050_IWL_FEA_XX.wav,FEA,emergency,emergency,0.03657158464193344,435.338134765625,552.6761474609375,0.7622735500335693,0.2310859113931656,0.006637088488787413
/tmp/drone_acoustic_2026w14_phase1_downloads/raw/crema_d/audios/1050_IWL_NEU_XX.wav,NEU,normal,normal,0.049661800265312195,354.27435302734375,330.5135192871094,0.3699228763580322,0.626300036907196,0.0037756410893052816
/tmp/drone_acoustic_2026w14_phase1_downloads/raw/crema_d/audios/1050_IWW_ANG_XX.wav,ANG,emergency,emergency,0.11044955998659134,564.6254272460938,603.26220703125,0.4312388300895691,0.5547120571136475,0.014040017500519753
/tmp/drone_acoustic_2026w14_phase1_downloads/raw/crema_d/audios/1050_IWW_FEA_XX.wav,FEA,emergency,emergency,0.017777344211935997,268.7392578125,474.1986999511719,0.9217976331710815,0.06854604929685593,0.009588245302438736
/tmp/drone_acoustic_2026w14_phase1_downloads/raw/crema_d/audios/1050_IWW_NEU_XX.wav,NEU,normal,normal,0.053106989711523056,385.2657775878906,444.4705810546875,0.49468544125556946,0.4956122934818268,0.009696556255221367
/tmp/drone_acoustic_2026w14_phase1_downloads/raw/crema_d/audios/1050_MTI_ANG_XX.wav,ANG,emergency,emergency,0.13818472623825073,543.5288696289062,513.4305419921875,0.2373473048210144,0.7302831411361694,0.0323684923350811
/tmp/drone_acoustic_2026w14_phase1_downloads/raw/crema_d/audios/1050_MTI_FEA_XX.wav,FEA,emergency,emergency,0.018687346950173378,443.7967529296875,487.1795349121094,0.5240076780319214,0.47123292088508606,0.004757232964038849
/tmp/drone_acoustic_2026w14_phase1_downloads/raw/crema_d/audios/1050_MTI_NEU_XX.wav,NEU,normal,normal,0.033535223454236984,352.9925231933594,331.7178649902344,0.6701374650001526,0.3248347342014313,0.005026211030781269
/tmp/drone_acoustic_2026w14_phase1_downloads/raw/crema_d/audios/1050_TAI_ANG_XX.wav,ANG,emergency,emergency,0.22016285359859467,778.439697265625,636.3518676757812,0.1554403305053711,0.7927258610725403,0.05183227360248566
/tmp/drone_acoustic_2026w14_phase1_downloads/raw/crema_d/audios/1050_TAI_FEA_XX.wav,FEA,emergency,emergency,0.014101571403443813,446.2776794433594,545.6507568359375,0.8450949788093567,0.14271146059036255,0.012182376347482204
/tmp/drone_acoustic_2026w14_phase1_downloads/raw/crema_d/audios/1050_TAI_NEU_XX.wav,NEU,normal,normal,0.0302544217556715,427.17474365234375,448.1086120605469,0.5377144813537598,0.45239055156707764,0.009891445748507977
/tmp/drone_acoustic_2026w14_phase1_downloads/raw/crema_d/audios/1050_TIE_ANG_XX.wav,ANG,emergency,emergency,0.30068501830101013,509.9398498535156,571.730224609375,0.24333900213241577,0.7066090106964111,0.05004684999585152
/tmp/drone_acoustic_2026w14_phase1_downloads/raw/crema_d/audios/1050_TIE_FEA_XX.wav,FEA,emergency,emergency,0.03122934326529503,341.2342224121094,464.0020751953125,0.5162738561630249,0.47630926966667175,0.007404967676848173
/tmp/drone_acoustic_2026w14_phase1_downloads/raw/crema_d/audios/1050_TIE_NEU_XX.wav,NEU,normal,normal,0.043778203427791595,418.2011413574219,486.34686279296875,0.27353033423423767,0.7154198288917542,0.011043516919016838
/tmp/drone_acoustic_2026w14_phase1_downloads/raw/crema_d/audios/1050_TSI_ANG_XX.wav,ANG,emergency,emergency,0.32138389348983765,838.4270629882812,849.2216186523438,0.20611630380153656,0.740074098110199,0.05380159616470337
/tmp/drone_acoustic_2026w14_phase1_downloads/raw/crema_d/audios/1050_TSI_FEA_XX.wav,FEA,emergency,emergency,0.04998668283224106,706.999755859375,915.1776733398438,0.8431253433227539,0.054621223360300064,0.10214812308549881
/tmp/drone_acoustic_2026w14_phase1_downloads/raw/crema_d/audios/1050_TSI_NEU_XX.wav,NEU,normal,normal,0.011662508361041546,803.9495239257812,892.1065063476562,0.611217200756073,0.3577326834201813,0.031033067032694817
/tmp/drone_acoustic_2026w14_phase1_downloads/raw/crema_d/audios/1050_WSI_ANG_XX.wav,ANG,emergency,emergency,0.30897945165634155,1041.2369384765625,765.0830078125,0.2400437891483307,0.7082997560501099,0.051649611443281174
/tmp/drone_acoustic_2026w14_phase1_downloads/raw/crema_d/audios/1050_WSI_FEA_XX.wav,FEA,emergency,emergency,0.033705830574035645,613.3657836914062,760.865234375,0.8571544885635376,0.09949932992458344,0.043246373534202576
/tmp/drone_acoustic_2026w14_phase1_downloads/raw/crema_d/audios/1050_WSI_NEU_XX.wav,NEU,normal,normal,0.05369172990322113,658.42236328125,620.4323120117188,0.2764117121696472,0.712382435798645,0.011194736696779728
/tmp/drone_acoustic_2026w14_phase1_downloads/raw/crema_d/audios/1051_DFA_ANG_XX.wav,ANG,emergency,emergency,0.13046430051326752,549.9288330078125,619.986328125,0.28343480825424194,0.6860585808753967,0.030503075569868088
/tmp/drone_acoustic_2026w14_phase1_downloads/raw/crema_d/audios/1051_DFA_FEA_XX.wav,FEA,emergency,emergency,0.1214093342423439,497.6509704589844,576.138671875,0.3864862620830536,0.589871346950531,0.023635871708393097
/tmp/drone_acoustic_2026w14_phase1_downloads/raw/crema_d/audios/1051_DFA_NEU_XX.wav,NEU,normal,normal,0.04665723070502281,358.96099853515625,428.7864074707031,0.5206671357154846,0.46797940135002136,0.011348769068717957
/tmp/drone_acoustic_2026w14_phase1_downloads/raw/crema_d/audios/1051_IEO_ANG_HI.wav,ANG,emergency,emergency,0.2617524266242981,1006.6712036132812,819.166015625,0.17061153054237366,0.7817128300666809,0.04766828939318657
/tmp/drone_acoustic_2026w14_phase1_downloads/raw/crema_d/audios/1051_IEO_ANG_LO.wav,ANG,emergency,emergency,0.09944144636392593,487.8900146484375,490.31622314453125,0.36017000675201416,0.6299756169319153,0.009851687587797642
/tmp/drone_acoustic_2026w14_phase1_downloads/raw/crema_d/audios/1051_IEO_ANG_MD.wav,ANG,emergency,emergency,0.15189513564109802,564.992919921875,570.1995239257812,0.24838358163833618,0.713910698890686,0.03769054636359215
/tmp/drone_acoustic_2026w14_phase1_downloads/raw/crema_d/audios/1051_IEO_FEA_HI.wav,FEA,emergency,emergency,0.06685470044612885,511.4132995605469,589.1510620117188,0.3949999213218689,0.5919429063796997,0.013021078892052174
/tmp/drone_acoustic_2026w14_phase1_downloads/raw/crema_d/audios/1051_IEO_FEA_LO.wav,FEA,emergency,emergency,0.05493544042110443,423.0711364746094,497.9851379394531,0.6029656529426575,0.3832750916481018,0.013752896338701248
/tmp/drone_acoustic_2026w14_phase1_downloads/raw/crema_d/audios/1051_IEO_FEA_MD.wav,FEA,emergency,emergency,0.03963180258870125,337.1585388183594,486.7077941894531,0.7007283568382263,0.2780148983001709,0.021238155663013458
/tmp/drone_acoustic_2026w14_phase1_downloads/raw/crema_d/audios/1051_IEO_NEU_XX.wav,NEU,normal,normal,0.04206343740224838,341.4154052734375,431.365234375,0.3116373121738434,0.681448221206665,0.006901920307427645
/tmp/drone_acoustic_2026w14_phase1_downloads/raw/crema_d/audios/1051_IOM_ANG_XX.wav,ANG,emergency,emergency,0.1795128881931305,471.86163330078125,450.96966552734375,0.37471887469291687,0.5799313187599182,0.0453474260866642
/tmp/drone_acoustic_2026w14_phase1_downloads/raw/crema_d/audios/1051_IOM_FEA_XX.wav,FEA,emergency,emergency,0.07366754859685898,433.1179504394531,502.7186279296875,0.780022919178009,0.190736785531044,0.029239054769277573
/tmp/drone_acoustic_2026w14_phase1_downloads/raw/crema_d/audios/1051_IOM_NEU_XX.wav,NEU,normal,normal,0.015003861859440804,280.1233825683594,309.6280822753906,0.7550551295280457,0.24163900315761566,0.0033036251552402973
/tmp/drone_acoustic_2026w14_phase1_downloads/raw/crema_d/audios/1051_ITH_ANG_XX.wav,ANG,emergency,emergency,0.1726701259613037,507.7218933105469,526.2342529296875,0.3231137692928314,0.6479628682136536,0.02892068587243557
/tmp/drone_acoustic_2026w14_phase1_downloads/raw/crema_d/audios/1051_ITH_FEA_XX.wav,FEA,emergency,emergency,0.18481500446796417,464.0047912597656,582.669677734375,0.322910338640213,0.6630927324295044,0.013991245999932289
/tmp/drone_acoustic_2026w14_phase1_downloads/raw/crema_d/audios/1051_ITH_NEU_XX.wav,NEU,normal,normal,0.06162852421402931,354.7837829589844,408.861083984375,0.44493216276168823,0.5435823798179626,0.01147582195699215
/tmp/drone_acoustic_2026w14_phase1_downloads/raw/crema_d/audios/1051_ITS_ANG_XX.wav,ANG,emergency,emergency,0.1019480749964714,625.3765258789062,625.21142578125,0.5128324031829834,0.4429281949996948,0.04421825706958771
/tmp/drone_acoustic_2026w14_phase1_downloads/raw/crema_d/audios/1051_ITS_FEA_XX.wav,FEA,emergency,emergency,0.21104282140731812,890.9131469726562,917.2128295898438,0.6431489586830139,0.1179412305355072,0.2384340614080429
/tmp/drone_acoustic_2026w14_phase1_downloads/raw/crema_d/audios/1051_ITS_NEU_XX.wav,NEU,normal,normal,0.04846489056944847,490.33624267578125,582.9804077148438,0.7391750812530518,0.22985009849071503,0.03096519596874714
/tmp/drone_acoustic_2026w14_phase1_downloads/raw/crema_d/audios/1051_IWL_ANG_XX.wav,ANG,emergency,emergency,0.29389438033103943,532.9444580078125,489.2737121582031,0.2311745584011078,0.7206425666809082,0.04817993938922882
/tmp/drone_acoustic_2026w14_phase1_downloads/raw/crema_d/audios/1051_IWL_FEA_XX.wav,FEA,emergency,emergency,0.02488013356924057,406.0574645996094,528.0868530273438,0.6411648988723755,0.3542832136154175,0.004546306096017361
/tmp/drone_acoustic_2026w14_phase1_downloads/raw/crema_d/audios/1051_IWL_NEU_XX.wav,NEU,normal,normal,0.04969386011362076,342.6282653808594,348.8582763671875,0.5478049516677856,0.4444241523742676,0.007769579533487558
/tmp/drone_acoustic_2026w14_phase1_downloads/raw/crema_d/audios/1051_IWW_ANG_XX.wav,ANG,emergency,emergency,0.10306936502456665,567.4323120117188,562.5703735351562,0.39466091990470886,0.5785361528396606,0.02679404988884926
/tmp/drone_acoustic_2026w14_phase1_downloads/raw/crema_d/audios/1051_IWW_FEA_XX.wav,FEA,emergency,emergency,0.10676157474517822,575.21435546875,671.8972778320312,0.4757797122001648,0.4872960150241852,0.036863189190626144
/tmp/drone_acoustic_2026w14_phase1_downloads/raw/crema_d/audios/1051_IWW_NEU_XX.wav,NEU,normal,normal,0.08331882208585739,403.38116455078125,443.9886779785156,0.5056819915771484,0.48707759380340576,0.007237459532916546
/tmp/drone_acoustic_2026w14_phase1_downloads/raw/crema_d/audios/1051_MTI_ANG_XX.wav,ANG,emergency,emergency,0.12209263443946838,506.4639587402344,515.02099609375,0.47479933500289917,0.49494487047195435,0.030252700671553612
/tmp/drone_acoustic_2026w14_phase1_downloads/raw/crema_d/audios/1051_MTI_FEA_XX.wav,FEA,emergency,emergency,0.044453058391809464,485.4615478515625,532.0504760742188,0.5221019983291626,0.46416664123535156,0.013729329220950603
/tmp/drone_acoustic_2026w14_phase1_downloads/raw/crema_d/audios/1051_MTI_NEU_XX.wav,NEU,normal,normal,0.06323137879371643,336.2153015136719,365.8542785644531,0.5625203847885132,0.432896226644516,0.004578619729727507
/tmp/drone_acoustic_2026w14_phase1_downloads/raw/crema_d/audios/1051_TAI_ANG_XX.wav,ANG,emergency,emergency,0.07827864587306976,566.5408325195312,625.8855590820312,0.2112002968788147,0.7521373629570007,0.036653898656368256
/tmp/drone_acoustic_2026w14_phase1_downloads/raw/crema_d/audios/1051_TAI_FEA_XX.wav,FEA,emergency,emergency,0.03983140364289284,500.5892333984375,662.3364868164062,0.29458513855934143,0.6880727410316467,0.01733820140361786
/tmp/drone_acoustic_2026w14_phase1_downloads/raw/crema_d/audios/1051_TAI_NEU_XX.wav,NEU,normal,normal,0.0688483864068985,368.6152648925781,469.8883361816406,0.6266821622848511,0.3547041416168213,0.01860998198390007
/tmp/drone_acoustic_2026w14_phase1_downloads/raw/crema_d/audios/1051_TIE_ANG_XX.wav,ANG,emergency,emergency,0.21992050111293793,608.70068359375,643.9672241210938,0.11773732304573059,0.8235052227973938,0.05874764546751976
/tmp/drone_acoustic_2026w14_phase1_downloads/raw/crema_d/audios/1051_TIE_FEA_XX.wav,FEA,emergency,emergency,0.10712036490440369,597.7462768554688,665.2265625,0.6532122492790222,0.2330154925584793,0.11352377384901047
/tmp/drone_acoustic_2026w14_phase1_downloads/raw/crema_d/audios/1051_TIE_NEU_XX.wav,NEU,normal,normal,0.03175683319568634,328.8854064941406,416.61785888671875,0.5183522701263428,0.47514548897743225,0.006491974461823702
/tmp/drone_acoustic_2026w14_phase1_downloads/raw/crema_d/audios/1051_TSI_ANG_XX.wav,ANG,emergency,emergency,0.14205926656723022,1291.3177490234375,874.2730712890625,0.3236497640609741,0.5865522623062134,0.08965557813644409
/tmp/drone_acoustic_2026w14_phase1_downloads/raw/crema_d/audios/1051_TSI_FEA_XX.wav,FEA,emergency,emergency,0.13271744549274445,1254.7071533203125,1004.0554809570312,0.4930572211742401,0.41716161370277405,0.089498370885849
/tmp/drone_acoustic_2026w14_phase1_downloads/raw/crema_d/audios/1051_TSI_NEU_XX.wav,NEU,normal,normal,0.096152663230896,840.2589111328125,837.1763305664062,0.7507304549217224,0.16784338653087616,0.08138380944728851
/tmp/drone_acoustic_2026w14_phase1_downloads/raw/crema_d/audios/1051_WSI_ANG_XX.wav,ANG,emergency,emergency,0.2907829284667969,987.8313598632812,701.1356811523438,0.37304022908210754,0.5783558487892151,0.048598527908325195
/tmp/drone_acoustic_2026w14_phase1_downloads/raw/crema_d/audios/1051_WSI_FEA_XX.wav,FEA,emergency,emergency,0.03489958122372627,848.2565307617188,764.0892333984375,0.8722978830337524,0.09259972721338272,0.035080768167972565
/tmp/drone_acoustic_2026w14_phase1_downloads/raw/crema_d/audios/1051_WSI_NEU_XX.wav,NEU,normal,normal,0.09317651391029358,550.5111083984375,604.2081909179688,0.4773182272911072,0.5028857588768005,0.019786683842539787
/tmp/drone_acoustic_2026w14_phase1_downloads/raw/crema_d/audios/1052_DFA_ANG_XX.wav,ANG,emergency,emergency,0.3763955235481262,1028.3970947265625,796.2561645507812,0.05847873166203499,0.8594178557395935,0.08209894597530365
/tmp/drone_acoustic_2026w14_phase1_downloads/raw/crema_d/audios/1052_DFA_FEA_XX.wav,FEA,emergency,emergency,0.09601940214633942,516.4779663085938,616.4745483398438,0.39945927262306213,0.5667563676834106,0.03377527371048927
/tmp/drone_acoustic_2026w14_phase1_downloads/raw/crema_d/audios/1052_DFA_NEU_XX.wav,NEU,normal,normal,0.08524605631828308,378.32843017578125,496.6860656738281,0.3284880220890045,0.6531311869621277,0.01837521232664585
/tmp/drone_acoustic_2026w14_phase1_downloads/raw/crema_d/audios/1052_IEO_ANG_HI.wav,ANG,emergency,emergency,0.44063201546669006,833.3652954101562,707.998046875,0.16080909967422485,0.7701024413108826,0.06908231973648071
/tmp/drone_acoustic_2026w14_phase1_downloads/raw/crema_d/audios/1052_IEO_ANG_LO.wav,ANG,emergency,emergency,0.1586250513792038,495.88739013671875,576.8384399414062,0.16772986948490143,0.805653989315033,0.026611803099513054
/tmp/drone_acoustic_2026w14_phase1_downloads/raw/crema_d/audios/1052_IEO_ANG_MD.wav,ANG,emergency,emergency,0.31266912817955017,592.7921142578125,631.6724243164062,0.13790328800678253,0.8022491335868835,0.05984135717153549
/tmp/drone_acoustic_2026w14_phase1_downloads/raw/crema_d/audios/1052_IEO_FEA_HI.wav,FEA,emergency,emergency,0.8250061869621277,646.9708251953125,676.993896484375,0.18554401397705078,0.7972172498703003,0.017235608771443367
/tmp/drone_acoustic_2026w14_phase1_downloads/raw/crema_d/audios/1052_IEO_FEA_LO.wav,FEA,emergency,emergency,0.02862272970378399,353.60699462890625,546.662841796875,0.646336019039154,0.33726680278778076,0.016322126612067223
/tmp/drone_acoustic_2026w14_phase1_downloads/raw/crema_d/audios/1052_IEO_FEA_MD.wav,FEA,emergency,emergency,0.031331535428762436,456.0591125488281,573.0755004882812,0.6020348072052002,0.3684135973453522,0.029531894251704216
/tmp/drone_acoustic_2026w14_phase1_downloads/raw/crema_d/audios/1052_IEO_NEU_XX.wav,NEU,normal,normal,0.04216667264699936,421.9737243652344,560.266357421875,0.43972352147102356,0.539983868598938,0.020283328369259834
/tmp/drone_acoustic_2026w14_phase1_downloads/raw/crema_d/audios/1052_IOM_ANG_XX.wav,ANG,emergency,emergency,0.2793221175670624,550.24609375,526.7008056640625,0.4276977479457855,0.514051079750061,0.05824697017669678
/tmp/drone_acoustic_2026w14_phase1_downloads/raw/crema_d/audios/1052_IOM_FEA_XX.wav,FEA,emergency,emergency,0.056103065609931946,293.0449523925781,398.5071105957031,0.530082106590271,0.45956623554229736,0.010347091592848301
/tmp/drone_acoustic_2026w14_phase1_downloads/raw/crema_d/audios/1052_IOM_NEU_XX.wav,NEU,normal,normal,0.027729175984859467,319.9928894042969,404.3671569824219,0.49568378925323486,0.4969240427017212,0.007386539131402969
/tmp/drone_acoustic_2026w14_phase1_downloads/raw/crema_d/audios/1052_ITH_ANG_XX.wav,ANG,emergency,emergency,0.6196943521499634,764.2205200195312,688.09814453125,0.2769429683685303,0.6466568112373352,0.07639431208372116
/tmp/drone_acoustic_2026w14_phase1_downloads/raw/crema_d/audios/1052_ITH_FEA_XX.wav,FEA,emergency,emergency,0.11257433891296387,387.3787841796875,469.6495666503906,0.4572107195854187,0.5078937411308289,0.034892573952674866
/tmp/drone_acoustic_2026w14_phase1_downloads/raw/crema_d/audios/1052_ITH_NEU_XX.wav,NEU,normal,normal,0.10747180134057999,431.8269958496094,476.8203430175781,0.30622273683547974,0.6798482537269592,0.013924294151365757
/tmp/drone_acoustic_2026w14_phase1_downloads/raw/crema_d/audios/1052_ITS_ANG_XX.wav,ANG,emergency,emergency,0.18956603109836578,827.9644775390625,739.129150390625,0.37935853004455566,0.495225191116333,0.12539416551589966
/tmp/drone_acoustic_2026w14_phase1_downloads/raw/crema_d/audios/1052_ITS_FEA_XX.wav,FEA,emergency,emergency,0.028390366584062576,431.4288330078125,599.33642578125,0.7068051099777222,0.27730652689933777,0.01587771065533161
/tmp/drone_acoustic_2026w14_phase1_downloads/raw/crema_d/audios/1052_ITS_NEU_XX.wav,NEU,normal,normal,0.016080651432275772,512.3809814453125,607.1427612304688,0.8129821419715881,0.16557712852954865,0.021382879465818405
/tmp/drone_acoustic_2026w14_phase1_downloads/raw/crema_d/audios/1052_IWL_ANG_XX.wav,ANG,emergency,emergency,0.33639970421791077,557.4746704101562,459.4490051269531,0.29277241230010986,0.6811162829399109,0.02610723115503788
/tmp/drone_acoustic_2026w14_phase1_downloads/raw/crema_d/audios/1052_IWL_FEA_XX.wav,FEA,emergency,emergency,0.07115229964256287,432.0999450683594,509.4114685058594,0.3137969672679901,0.6741219758987427,0.012077480554580688
/tmp/drone_acoustic_2026w14_phase1_downloads/raw/crema_d/audios/1052_IWL_NEU_XX.wav,NEU,normal,normal,0.039543259888887405,364.6322937011719,389.54241943359375,0.5101521015167236,0.48026973009109497,0.00957061629742384
/tmp/drone_acoustic_2026w14_phase1_downloads/raw/crema_d/audios/1052_IWW_ANG_XX.wav,ANG,emergency,emergency,0.12295843660831451,591.3911743164062,614.880615234375,0.3312535583972931,0.6421564817428589,0.026586906984448433
/tmp/drone_acoustic_2026w14_phase1_downloads/raw/crema_d/audios/1052_IWW_FEA_XX.wav,FEA,emergency,emergency,0.06813015788793564,397.3503723144531,497.45428466796875,0.4724529981613159,0.5173830986022949,0.010153375566005707
/tmp/drone_acoustic_2026w14_phase1_downloads/raw/crema_d/audios/1052_IWW_NEU_XX.wav,NEU,normal,normal,0.03460415452718735,386.5711975097656,496.2118225097656,0.46264857053756714,0.5303219556808472,0.007025569677352905
/tmp/drone_acoustic_2026w14_phase1_downloads/raw/crema_d/audios/1052_MTI_ANG_XX.wav,ANG,emergency,emergency,0.24529920518398285,588.0587158203125,515.5853271484375,0.11388982832431793,0.8678606152534485,0.018247921019792557
/tmp/drone_acoustic_2026w14_phase1_downloads/raw/crema_d/audios/1052_MTI_FEA_XX.wav,FEA,emergency,emergency,0.07665921747684479,474.4982604980469,524.7122802734375,0.31175631284713745,0.6734983921051025,0.01471304427832365
/tmp/drone_acoustic_2026w14_phase1_downloads/raw/crema_d/audios/1052_MTI_NEU_XX.wav,NEU,normal,normal,0.07634565234184265,385.7742614746094,463.888427734375,0.527703583240509,0.45978444814682007,0.012505026534199715
/tmp/drone_acoustic_2026w14_phase1_downloads/raw/crema_d/audios/1052_TAI_ANG_XX.wav,ANG,emergency,emergency,0.077303446829319,571.8670654296875,648.2543334960938,0.22096602618694305,0.7347807884216309,0.04424545168876648
/tmp/drone_acoustic_2026w14_phase1_downloads/raw/crema_d/audios/1052_TAI_FEA_XX.wav,FEA,emergency,emergency,0.054273560643196106,499.6070251464844,570.7033081054688,0.4017888009548187,0.5744432806968689,0.023759350180625916
/tmp/drone_acoustic_2026w14_phase1_downloads/raw/crema_d/audios/1052_TAI_NEU_XX.wav,NEU,normal,normal,0.019711343571543694,424.06182861328125,541.0747680664062,0.7713735699653625,0.21579155325889587,0.0128072714433074
/tmp/drone_acoustic_2026w14_phase1_downloads/raw/crema_d/audios/1052_TIE_ANG_XX.wav,ANG,emergency,emergency,0.4766533374786377,700.896728515625,731.8009033203125,0.12150061130523682,0.8258446455001831,0.05264836177229881
/tmp/drone_acoustic_2026w14_phase1_downloads/raw/crema_d/audios/1052_TIE_FEA_XX.wav,FEA,emergency,emergency,0.06768792122602463,399.3890686035156,559.22119140625,0.49793997406959534,0.48747897148132324,0.014572720974683762
/tmp/drone_acoustic_2026w14_phase1_downloads/raw/crema_d/audios/1052_TIE_NEU_XX.wav,NEU,normal,normal,0.062422215938568115,363.3509521484375,518.3487548828125,0.33376359939575195,0.6548787951469421,0.011333716101944447
/tmp/drone_acoustic_2026w14_phase1_downloads/raw/crema_d/audios/1052_TSI_ANG_XX.wav,ANG,emergency,emergency,0.3936626613140106,1065.449951171875,901.1117553710938,0.15738800168037415,0.7739494442939758,0.06859815865755081
/tmp/drone_acoustic_2026w14_phase1_downloads/raw/crema_d/audios/1052_TSI_FEA_XX.wav,FEA,emergency,emergency,0.09089455008506775,977.0618896484375,991.620361328125,0.7905234694480896,0.1595582515001297,0.049828097224235535
/tmp/drone_acoustic_2026w14_phase1_downloads/raw/crema_d/audios/1052_TSI_NEU_XX.wav,NEU,normal,normal,0.031115582212805748,839.8136596679688,867.2816772460938,0.5096300840377808,0.4395774304866791,0.05045945942401886
/tmp/drone_acoustic_2026w14_phase1_downloads/raw/crema_d/audios/1052_WSI_ANG_XX.wav,ANG,emergency,emergency,0.7068690657615662,1251.9981689453125,899.70166015625,0.14437377452850342,0.7932718992233276,0.062343042343854904
/tmp/drone_acoustic_2026w14_phase1_downloads/raw/crema_d/audios/1052_WSI_FEA_XX.wav,FEA,emergency,emergency,0.07664351910352707,550.5284423828125,615.9168090820312,0.6424625515937805,0.345680832862854,0.01181673165410757
/tmp/drone_acoustic_2026w14_phase1_downloads/raw/crema_d/audios/1052_WSI_NEU_XX.wav,NEU,normal,normal,0.06270591169595718,550.378173828125,674.3670043945312,0.5068649649620056,0.47980552911758423,0.013305144384503365
/tmp/drone_acoustic_2026w14_phase1_downloads/raw/crema_d/audios/1053_DFA_ANG_XX.wav,ANG,emergency,emergency,0.6538456082344055,898.621337890625,812.9168090820312,0.10004924237728119,0.7660565972328186,0.13389113545417786
/tmp/drone_acoustic_2026w14_phase1_downloads/raw/crema_d/audios/1053_DFA_FEA_XX.wav,FEA,emergency,emergency,0.39110222458839417,610.49755859375,586.9270629882812,0.14750955998897552,0.7992921471595764,0.05319654569029808
/tmp/drone_acoustic_2026w14_phase1_downloads/raw/crema_d/audios/1053_DFA_NEU_XX.wav,NEU,normal,normal,0.08432864397764206,469.02862548828125,500.27667236328125,0.27509787678718567,0.7040126919746399,0.02088507078588009
/tmp/drone_acoustic_2026w14_phase1_downloads/raw/crema_d/audios/1053_IEO_ANG_HI.wav,ANG,emergency,emergency,1.0897316932678223,795.41845703125,681.592529296875,0.056628547608852386,0.8285229206085205,0.11484313011169434
/tmp/drone_acoustic_2026w14_phase1_downloads/raw/crema_d/audios/1053_IEO_ANG_LO.wav,ANG,emergency,emergency,0.10967400670051575,402.8878173828125,489.3749694824219,0.5051299333572388,0.4811607897281647,0.013692235574126244
/tmp/drone_acoustic_2026w14_phase1_downloads/raw/crema_d/audios/1053_IEO_ANG_MD.wav,ANG,emergency,emergency,0.15256638824939728,525.9742431640625,540.0689697265625,0.36458832025527954,0.616367757320404,0.019041353836655617
/tmp/drone_acoustic_2026w14_phase1_downloads/raw/crema_d/audios/1053_IEO_FEA_HI.wav,FEA,emergency,emergency,0.35231396555900574,556.5022583007812,577.193115234375,0.21959012746810913,0.7575559020042419,0.022849896922707558
/tmp/drone_acoustic_2026w14_phase1_downloads/raw/crema_d/audios/1053_IEO_FEA_LO.wav,FEA,emergency,emergency,0.038054194301366806,312.1129150390625,478.362548828125,0.6452404260635376,0.3468594551086426,0.007852178066968918
/tmp/drone_acoustic_2026w14_phase1_downloads/raw/crema_d/audios/1053_IEO_FEA_MD.wav,FEA,emergency,emergency,0.04136497527360916,313.3345642089844,441.860595703125,0.7168498039245605,0.2776525616645813,0.005463351029902697
/tmp/drone_acoustic_2026w14_phase1_downloads/raw/crema_d/audios/1053_IEO_NEU_XX.wav,NEU,normal,normal,0.06184488162398338,366.91839599609375,447.1182556152344,0.5885259509086609,0.4055751860141754,0.005890467204153538
/tmp/drone_acoustic_2026w14_phase1_downloads/raw/crema_d/audios/1053_IOM_ANG_XX.wav,ANG,emergency,emergency,0.30217963457107544,634.6660766601562,604.530517578125,0.2524122893810272,0.6623244285583496,0.08526285737752914
/tmp/drone_acoustic_2026w14_phase1_downloads/raw/crema_d/audios/1053_IOM_FEA_XX.wav,FEA,emergency,emergency,0.08089443296194077,428.33807373046875,421.12353515625,0.4859440326690674,0.4938281774520874,0.0202268585562706
/tmp/drone_acoustic_2026w14_phase1_downloads/raw/crema_d/audios/1053_IOM_NEU_XX.wav,NEU,normal,normal,0.11404324322938919,457.0603942871094,378.11541748046875,0.6127761602401733,0.37426087260246277,0.012961442582309246
/tmp/drone_acoustic_2026w14_phase1_downloads/raw/crema_d/audios/1053_ITH_ANG_XX.wav,ANG,emergency,emergency,0.6925918459892273,633.5653686523438,569.4574584960938,0.24267658591270447,0.692065417766571,0.06525682657957077
/tmp/drone_acoustic_2026w14_phase1_downloads/raw/crema_d/audios/1053_ITH_FEA_XX.wav,FEA,emergency,emergency,0.3606541156768799,561.8311767578125,465.3761901855469,0.1997908502817154,0.7686924338340759,0.03151416406035423
/tmp/drone_acoustic_2026w14_phase1_downloads/raw/crema_d/audios/1053_ITH_NEU_XX.wav,NEU,normal,normal,0.13556629419326782,501.2010498046875,477.7330017089844,0.306174099445343,0.6696395874023438,0.024182388558983803
/tmp/drone_acoustic_2026w14_phase1_downloads/raw/crema_d/audios/1053_ITS_ANG_XX.wav,ANG,emergency,emergency,0.1882898360490799,837.8718872070312,679.3602905273438,0.36974552273750305,0.5184358358383179,0.11179707199335098
/tmp/drone_acoustic_2026w14_phase1_downloads/raw/crema_d/audios/1053_ITS_FEA_XX.wav,FEA,emergency,emergency,0.1222255676984787,624.8224487304688,622.9797973632812,0.40543198585510254,0.5118845105171204,0.08267096430063248
/tmp/drone_acoustic_2026w14_phase1_downloads/raw/crema_d/audios/1053_ITS_NEU_XX.wav,NEU,normal,normal,0.03154432401061058,584.5113525390625,670.5292358398438,0.5368325710296631,0.4316187798976898,0.031529806554317474
/tmp/drone_acoustic_2026w14_phase1_downloads/raw/crema_d/audios/1053_IWL_ANG_XX.wav,ANG,emergency,emergency,0.560867965221405,676.2452392578125,492.1291809082031,0.20712698996067047,0.747431218624115,0.04544106125831604
/tmp/drone_acoustic_2026w14_phase1_downloads/raw/crema_d/audios/1053_IWL_FEA_XX.wav,FEA,emergency,emergency,0.36617010831832886,676.0650024414062,454.5155334472656,0.24212278425693512,0.7233210802078247,0.03455548733472824
/tmp/drone_acoustic_2026w14_phase1_downloads/raw/crema_d/audios/1053_IWL_NEU_XX.wav,NEU,normal,normal,0.04623665660619736,398.8481750488281,356.84320068359375,0.5594281554222107,0.43330952525138855,0.007255255244672298
/tmp/drone_acoustic_2026w14_phase1_downloads/raw/crema_d/audios/1053_IWW_ANG_XX.wav,ANG,emergency,emergency,0.20447158813476562,791.23486328125,709.8284912109375,0.3018084168434143,0.6518009305000305,0.04638458415865898
/tmp/drone_acoustic_2026w14_phase1_downloads/raw/crema_d/audios/1053_IWW_FEA_XX.wav,FEA,emergency,emergency,0.0972057580947876,473.3987121582031,448.5610656738281,0.31553444266319275,0.672566831111908,0.011897065676748753
/tmp/drone_acoustic_2026w14_phase1_downloads/raw/crema_d/audios/1053_IWW_NEU_XX.wav,NEU,normal,normal,0.03518430516123772,483.3197021484375,604.34765625,0.5918144583702087,0.39057353138923645,0.017492102459073067
/tmp/drone_acoustic_2026w14_phase1_downloads/raw/crema_d/audios/1053_MTI_ANG_XX.wav,ANG,emergency,emergency,0.3005051612854004,599.8856811523438,484.23687744140625,0.2221217006444931,0.760831356048584,0.017046520486474037
/tmp/drone_acoustic_2026w14_phase1_downloads/raw/crema_d/audios/1053_MTI_FEA_XX.wav,FEA,emergency,emergency,0.16384205222129822,526.3756103515625,421.4919128417969,0.33046218752861023,0.6590610146522522,0.01047526765614748
/tmp/drone_acoustic_2026w14_phase1_downloads/raw/crema_d/audios/1053_MTI_NEU_XX.wav,NEU,normal,normal,0.06565363705158234,446.4398193359375,416.17578125,0.49064117670059204,0.49085623025894165,0.018497813493013382
/tmp/drone_acoustic_2026w14_phase1_downloads/raw/crema_d/audios/1053_TAI_ANG_XX.wav,ANG,emergency,emergency,0.14918619394302368,651.9515380859375,572.6643676757812,0.0808185338973999,0.8974741101264954,0.021703630685806274
/tmp/drone_acoustic_2026w14_phase1_downloads/raw/crema_d/audios/1053_TAI_FEA_XX.wav,FEA,emergency,emergency,0.09175291657447815,562.1131591796875,517.3345947265625,0.10018336027860641,0.8856217265129089,0.01419392041862011
/tmp/drone_acoustic_2026w14_phase1_downloads/raw/crema_d/audios/1053_TAI_NEU_XX.wav,NEU,normal,normal,0.07085230946540833,489.7944030761719,595.6837768554688,0.3290945887565613,0.6331888437271118,0.03768651932477951
/tmp/drone_acoustic_2026w14_phase1_downloads/raw/crema_d/audios/1053_TIE_ANG_XX.wav,ANG,emergency,emergency,1.2870217561721802,733.2376098632812,734.8411865234375,0.19083015620708466,0.6219995021820068,0.18716509640216827
/tmp/drone_acoustic_2026w14_phase1_downloads/raw/crema_d/audios/1053_TIE_FEA_XX.wav,FEA,emergency,emergency,0.5137668251991272,562.9447631835938,585.3961181640625,0.17817915976047516,0.7707979679107666,0.05102084204554558
/tmp/drone_acoustic_2026w14_phase1_downloads/raw/crema_d/audios/1053_TIE_NEU_XX.wav,NEU,normal,normal,0.09174789488315582,382.4284362792969,404.57513427734375,0.5312241911888123,0.45936450362205505,0.00939811673015356
/tmp/drone_acoustic_2026w14_phase1_downloads/raw/crema_d/audios/1053_TSI_ANG_XX.wav,ANG,emergency,emergency,0.2046947032213211,1328.443603515625,892.7264404296875,0.2380681037902832,0.5889036655426025,0.17297832667827606
/tmp/drone_acoustic_2026w14_phase1_downloads/raw/crema_d/audios/1053_TSI_FEA_XX.wav,FEA,emergency,emergency,0.1348745971918106,998.5553588867188,885.29931640625,0.44816702604293823,0.4850911498069763,0.06672545522451401
/tmp/drone_acoustic_2026w14_phase1_downloads/raw/crema_d/audios/1053_TSI_NEU_XX.wav,NEU,normal,normal,0.07288265973329544,1425.0224609375,956.9013061523438,0.3195514678955078,0.5223692655563354,0.15755754709243774
/tmp/drone_acoustic_2026w14_phase1_downloads/raw/crema_d/audios/1053_WSI_ANG_XX.wav,ANG,emergency,emergency,0.5602782964706421,1097.61279296875,803.4546508789062,0.254873663187027,0.6904094219207764,0.05470580980181694
/tmp/drone_acoustic_2026w14_phase1_downloads/raw/crema_d/audios/1053_WSI_FEA_XX.wav,FEA,emergency,emergency,0.25050675868988037,767.1635131835938,686.5321044921875,0.292270690202713,0.6508140563964844,0.05690925568342209
/tmp/drone_acoustic_2026w14_phase1_downloads/raw/crema_d/audios/1053_WSI_NEU_XX.wav,NEU,normal,normal,0.11493860930204391,646.5416870117188,665.4085083007812,0.4792190194129944,0.5017194747924805,0.01900208368897438
/tmp/drone_acoustic_2026w14_phase1_downloads/raw/crema_d/audios/1054_DFA_ANG_XX.wav,ANG,emergency,emergency,0.4104880392551422,756.5477905273438,667.698974609375,0.3763640820980072,0.49514544010162354,0.12847968935966492
/tmp/drone_acoustic_2026w14_phase1_downloads/raw/crema_d/audios/1054_DFA_FEA_XX.wav,FEA,emergency,emergency,0.05696108564734459,336.316162109375,509.7568054199219,0.7943147420883179,0.18463020026683807,0.021035583689808846
/tmp/drone_acoustic_2026w14_phase1_downloads/raw/crema_d/audios/1054_DFA_NEU_XX.wav,NEU,normal,normal,0.027460070326924324,334.14312744140625,484.58941650390625,0.708983838558197,0.2755777835845947,0.015399705618619919
/tmp/drone_acoustic_2026w14_phase1_downloads/raw/crema_d/audios/1054_IEO_ANG_HI.wav,ANG,emergency,emergency,0.6039564609527588,898.2591552734375,715.5924072265625,0.08943301439285278,0.8321001529693604,0.07845858484506607
/tmp/drone_acoustic_2026w14_phase1_downloads/raw/crema_d/audios/1054_IEO_ANG_LO.wav,ANG,emergency,emergency,0.3962605595588684,515.937255859375,502.7431640625,0.16082565486431122,0.8147632479667664,0.024406908079981804
/tmp/drone_acoustic_2026w14_phase1_downloads/raw/crema_d/audios/1054_IEO_ANG_MD.wav,ANG,emergency,emergency,0.09326553344726562,396.2319641113281,459.7694091796875,0.5639276504516602,0.4072107970714569,0.028850458562374115
/tmp/drone_acoustic_2026w14_phase1_downloads/raw/crema_d/audios/1054_IEO_FEA_HI.wav,FEA,emergency,emergency,0.29866474866867065,553.9568481445312,562.738525390625,0.2537628412246704,0.7218111753463745,0.024422356858849525
/tmp/drone_acoustic_2026w14_phase1_downloads/raw/crema_d/audios/1054_IEO_FEA_LO.wav,FEA,emergency,emergency,0.013920886442065239,250.9281768798828,410.3172302246094,0.9093350172042847,0.0849570706486702,0.005681721027940512
/tmp/drone_acoustic_2026w14_phase1_downloads/raw/crema_d/audios/1054_IEO_FEA_MD.wav,FEA,emergency,emergency,0.029159795492887497,286.3895263671875,466.7978210449219,0.8924362063407898,0.09348820149898529,0.013966372236609459
/tmp/drone_acoustic_2026w14_phase1_downloads/raw/crema_d/audios/1054_IEO_NEU_XX.wav,NEU,normal,normal,0.020148443058133125,291.0174560546875,412.93511962890625,0.7794626355171204,0.21419082581996918,0.006317576859146357
/tmp/drone_acoustic_2026w14_phase1_downloads/raw/crema_d/audios/1054_IOM_ANG_XX.wav,ANG,emergency,emergency,0.09347496926784515,481.9537658691406,400.5776672363281,0.4519149661064148,0.5201455950737,0.02793882228434086
/tmp/drone_acoustic_2026w14_phase1_downloads/raw/crema_d/audios/1054_IOM_FEA_XX.wav,FEA,emergency,emergency,0.01154602225869894,277.7655334472656,300.86956787109375,0.7438227534294128,0.2529605031013489,0.0032122195698320866
/tmp/drone_acoustic_2026w14_phase1_downloads/raw/crema_d/audios/1054_IOM_NEU_XX.wav,NEU,normal,normal,0.024108346551656723,293.47705078125,365.7217712402344,0.799981415271759,0.1925385594367981,0.007451825775206089
/tmp/drone_acoustic_2026w14_phase1_downloads/raw/crema_d/audios/1054_ITH_ANG_XX.wav,ANG,emergency,emergency,0.2649393677711487,616.6309204101562,559.1609497070312,0.29797831177711487,0.6565085053443909,0.04551165550947189
/tmp/drone_acoustic_2026w14_phase1_downloads/raw/crema_d/audios/1054_ITH_FEA_XX.wav,FEA,emergency,emergency,0.048237286508083344,388.6023864746094,625.1992797851562,0.8718589544296265,0.09293776005506516,0.03514721244573593
/tmp/drone_acoustic_2026w14_phase1_downloads/raw/crema_d/audios/1054_ITH_NEU_XX.wav,NEU,normal,normal,0.030113589018583298,343.5767517089844,444.8531799316406,0.6341458559036255,0.35022175312042236,0.01561521366238594
/tmp/drone_acoustic_2026w14_phase1_downloads/raw/crema_d/audios/1054_ITS_ANG_XX.wav,ANG,emergency,emergency,0.04572797566652298,660.35498046875,653.1380004882812,0.5432973504066467,0.418457955121994,0.0382186621427536
/tmp/drone_acoustic_2026w14_phase1_downloads/raw/crema_d/audios/1054_ITS_FEA_XX.wav,FEA,emergency,emergency,0.01899760589003563,474.6806945800781,630.160400390625,0.8492850065231323,0.1097790077328682,0.04089292138814926
/tmp/drone_acoustic_2026w14_phase1_downloads/raw/crema_d/audios/1054_ITS_NEU_XX.wav,NEU,normal,normal,0.022687627002596855,439.42144775390625,569.2272338867188,0.7064887285232544,0.2723342180252075,0.02115527354180813
/tmp/drone_acoustic_2026w14_phase1_downloads/raw/crema_d/audios/1054_IWL_ANG_XX.wav,ANG,emergency,emergency,0.11142170429229736,518.291259765625,475.66278076171875,0.3013140559196472,0.6649718284606934,0.0337132029235363
/tmp/drone_acoustic_2026w14_phase1_downloads/raw/crema_d/audios/1054_IWL_FEA_XX.wav,FEA,emergency,emergency,0.01660124398767948,269.5478820800781,364.7090759277344,0.7922789454460144,0.20372676849365234,0.0039863246493041515
/tmp/drone_acoustic_2026w14_phase1_downloads/raw/crema_d/audios/1054_IWL_NEU_XX.wav,NEU,normal,normal,0.032667141407728195,312.80035400390625,364.06817626953125,0.8134318590164185,0.18044337630271912,0.006089190021157265
/tmp/drone_acoustic_2026w14_phase1_downloads/raw/crema_d/audios/1054_IWW_ANG_XX.wav,ANG,emergency,emergency,0.08363950997591019,705.761962890625,582.2867431640625,0.40496501326560974,0.5587488412857056,0.03628348931670189
/tmp/drone_acoustic_2026w14_phase1_downloads/raw/crema_d/audios/1054_IWW_FEA_XX.wav,FEA,emergency,emergency,0.010540288873016834,331.1062927246094,492.9749755859375,0.8245046138763428,0.16540716588497162,0.010041484609246254
/tmp/drone_acoustic_2026w14_phase1_downloads/raw/crema_d/audios/1054_IWW_NEU_XX.wav,NEU,normal,normal,0.023464249446988106,319.3199768066406,438.9342956542969,0.7593681216239929,0.2331562638282776,0.0074323914013803005
/tmp/drone_acoustic_2026w14_phase1_downloads/raw/crema_d/audios/1054_MTI_ANG_XX.wav,ANG,emergency,emergency,0.03527981787919998,548.0270385742188,509.26385498046875,0.5441393256187439,0.44039082527160645,0.015467794612050056
/tmp/drone_acoustic_2026w14_phase1_downloads/raw/crema_d/audios/1054_MTI_FEA_XX.wav,FEA,emergency,emergency,0.024796942248940468,329.2513427734375,426.9001770019531,0.8911978602409363,0.09210160374641418,0.016640260815620422
/tmp/drone_acoustic_2026w14_phase1_downloads/raw/crema_d/audios/1054_MTI_NEU_XX.wav,NEU,normal,normal,0.021885035559535027,358.7461853027344,391.95440673828125,0.7566545605659485,0.23184926807880402,0.011471893638372421
/tmp/drone_acoustic_2026w14_phase1_downloads/raw/crema_d/audios/1054_TAI_ANG_XX.wav,ANG,emergency,emergency,0.07028728723526001,663.585693359375,662.8699951171875,0.43149715662002563,0.5430762767791748,0.025423072278499603
/tmp/drone_acoustic_2026w14_phase1_downloads/raw/crema_d/audios/1054_TAI_FEA_XX.wav,FEA,emergency,emergency,0.014202678576111794,284.9342041015625,503.3840026855469,0.9068703651428223,0.07727419584989548,0.015820186585187912
/tmp/drone_acoustic_2026w14_phase1_downloads/raw/crema_d/audios/1054_TAI_NEU_XX.wav,NEU,normal,normal,0.017328914254903793,352.4681701660156,487.157958984375,0.7808842062950134,0.2059561312198639,0.013127227313816547
/tmp/drone_acoustic_2026w14_phase1_downloads/raw/crema_d/audios/1054_TIE_ANG_XX.wav,ANG,emergency,emergency,0.1960633546113968,556.7880859375,625.1119384765625,0.3898043930530548,0.5497687458992004,0.060419999063014984
/tmp/drone_acoustic_2026w14_phase1_downloads/raw/crema_d/audios/1054_TIE_FEA_XX.wav,FEA,emergency,emergency,0.05470266938209534,356.23345947265625,480.772216796875,0.5752061009407043,0.41057634353637695,0.014196181669831276
/tmp/drone_acoustic_2026w14_phase1_downloads/raw/crema_d/audios/1054_TIE_NEU_XX.wav,NEU,normal,normal,0.015187950804829597,284.609619140625,416.4021911621094,0.8542583584785461,0.1372016817331314,0.008498515002429485
/tmp/drone_acoustic_2026w14_phase1_downloads/raw/crema_d/audios/1054_TSI_ANG_XX.wav,ANG,emergency,emergency,0.13584643602371216,1304.928466796875,1047.2725830078125,0.2210296392440796,0.7408297061920166,0.0380806066095829
/tmp/drone_acoustic_2026w14_phase1_downloads/raw/crema_d/audios/1054_TSI_FEA_XX.wav,FEA,emergency,emergency,0.02449999563395977,770.7470092773438,833.7076416015625,0.5393540859222412,0.41062429547309875,0.04989897459745407
/tmp/drone_acoustic_2026w14_phase1_downloads/raw/crema_d/audios/1054_TSI_NEU_XX.wav,NEU,normal,normal,0.025011546909809113,1173.7554931640625,1111.82666015625,0.6435374021530151,0.19326424598693848,0.1628413200378418
/tmp/drone_acoustic_2026w14_phase1_downloads/raw/crema_d/audios/1054_WSI_ANG_XX.wav,ANG,emergency,emergency,0.1865793913602829,1041.355712890625,810.81884765625,0.4389902949333191,0.5159571170806885,0.04503553733229637
/tmp/drone_acoustic_2026w14_phase1_downloads/raw/crema_d/audios/1054_WSI_FEA_XX.wav,FEA,emergency,emergency,0.02950313687324524,576.7899780273438,719.3457641601562,0.8751992583274841,0.06666282564401627,0.05794593319296837
/tmp/drone_acoustic_2026w14_phase1_downloads/raw/crema_d/audios/1054_WSI_NEU_XX.wav,NEU,normal,normal,0.04772220551967621,544.2577514648438,689.7195434570312,0.7346083521842957,0.24438156187534332,0.020972464233636856
/tmp/drone_acoustic_2026w14_phase1_downloads/raw/crema_d/audios/1055_DFA_ANG_XX.wav,ANG,emergency,emergency,0.4948228597640991,674.7632446289062,669.4461669921875,0.09291251003742218,0.8015003800392151,0.10558680444955826
/tmp/drone_acoustic_2026w14_phase1_downloads/raw/crema_d/audios/1055_DFA_FEA_XX.wav,FEA,emergency,emergency,1.0181154012680054,758.95556640625,656.1943969726562,0.020687954500317574,0.8960386514663696,0.08326742798089981
/tmp/drone_acoustic_2026w14_phase1_downloads/raw/crema_d/audios/1055_DFA_NEU_XX.wav,NEU,normal,normal,0.09250744432210922,392.4125671386719,499.6388244628906,0.45820343494415283,0.5309162139892578,0.010876398533582687
/tmp/drone_acoustic_2026w14_phase1_downloads/raw/crema_d/audios/1055_IEO_ANG_HI.wav,ANG,emergency,emergency,2.7446975708007812,1128.786376953125,750.8594970703125,0.05727748945355415,0.8147076964378357,0.12800782918930054
/tmp/drone_acoustic_2026w14_phase1_downloads/raw/crema_d/audios/1055_IEO_ANG_LO.wav,ANG,emergency,emergency,0.04950861632823944,462.47271728515625,488.3797607421875,0.6709494590759277,0.3138129413127899,0.015223320573568344
/tmp/drone_acoustic_2026w14_phase1_downloads/raw/crema_d/audios/1055_IEO_ANG_MD.wav,ANG,emergency,emergency,0.880973219871521,597.2466430664062,553.564453125,0.1291135996580124,0.8467550873756409,0.02411605790257454
/tmp/drone_acoustic_2026w14_phase1_downloads/raw/crema_d/audios/1055_IEO_FEA_HI.wav,FEA,emergency,emergency,1.3705247640609741,629.240234375,535.6563110351562,0.04275847226381302,0.9452779293060303,0.011955936439335346
/tmp/drone_acoustic_2026w14_phase1_downloads/raw/crema_d/audios/1055_IEO_FEA_LO.wav,FEA,emergency,emergency,0.04144727811217308,335.3312072753906,498.4411926269531,0.7988079190254211,0.19096115231513977,0.010193437337875366
/tmp/drone_acoustic_2026w14_phase1_downloads/raw/crema_d/audios/1055_IEO_FEA_MD.wav,FEA,emergency,emergency,0.03382645547389984,375.2521667480469,479.57733154296875,0.782610297203064,0.21005459129810333,0.007324949838221073
/tmp/drone_acoustic_2026w14_phase1_downloads/raw/crema_d/audios/1055_IEO_NEU_XX.wav,NEU,normal,normal,0.0461546927690506,394.96112060546875,525.7473754882812,0.7573213577270508,0.22773046791553497,0.014943839982151985
/tmp/drone_acoustic_2026w14_phase1_downloads/raw/crema_d/audios/1055_IOM_ANG_XX.wav,ANG,emergency,emergency,0.1167469397187233,359.086181640625,417.1921081542969,0.6430625915527344,0.32070159912109375,0.036231447011232376
/tmp/drone_acoustic_2026w14_phase1_downloads/raw/crema_d/audios/1055_IOM_FEA_XX.wav,FEA,emergency,emergency,0.3275606632232666,525.2894897460938,571.11962890625,0.24966321885585785,0.6473939418792725,0.10293664783239365
/tmp/drone_acoustic_2026w14_phase1_downloads/raw/crema_d/audios/1055_IOM_NEU_XX.wav,NEU,normal,normal,0.06146538630127907,342.4172058105469,412.8080749511719,0.745697021484375,0.24185556173324585,0.012433994561433792
/tmp/drone_acoustic_2026w14_phase1_downloads/raw/crema_d/audios/1055_ITH_ANG_XX.wav,ANG,emergency,emergency,0.27101922035217285,501.1324768066406,576.5245971679688,0.34245800971984863,0.6097195744514465,0.04781763628125191
/tmp/drone_acoustic_2026w14_phase1_downloads/raw/crema_d/audios/1055_ITH_FEA_XX.wav,FEA,emergency,emergency,0.3841695189476013,657.603759765625,533.2575073242188,0.08849487453699112,0.8011457920074463,0.1103573590517044
/tmp/drone_acoustic_2026w14_phase1_downloads/raw/crema_d/audios/1055_ITH_NEU_XX.wav,NEU,normal,normal,0.027771176770329475,343.708740234375,450.9443359375,0.7187838554382324,0.2727021276950836,0.008501489646732807
/tmp/drone_acoustic_2026w14_phase1_downloads/raw/crema_d/audios/1055_ITS_ANG_XX.wav,ANG,emergency,emergency,0.08790361881256104,728.1810913085938,666.4033813476562,0.584627628326416,0.3687219023704529,0.04664594307541847
/tmp/drone_acoustic_2026w14_phase1_downloads/raw/crema_d/audios/1055_ITS_FEA_XX.wav,FEA,emergency,emergency,0.18975894153118134,742.6412353515625,622.1864624023438,0.08889458328485489,0.8782540559768677,0.03285064920783043
/tmp/drone_acoustic_2026w14_phase1_downloads/raw/crema_d/audios/1055_ITS_NEU_XX.wav,NEU,normal,normal,0.03712266683578491,571.1121826171875,650.7083129882812,0.7024729251861572,0.2711508274078369,0.02624225988984108
/tmp/drone_acoustic_2026w14_phase1_downloads/raw/crema_d/audios/1055_IWL_ANG_XX.wav,ANG,emergency,emergency,0.585142970085144,559.9696655273438,455.7980651855469,0.17858868837356567,0.7854554057121277,0.035955410450696945
/tmp/drone_acoustic_2026w14_phase1_downloads/raw/crema_d/audios/1055_IWL_FEA_XX.wav,FEA,emergency,emergency,0.5066078305244446,727.2655639648438,539.8137817382812,0.2553860545158386,0.7055824995040894,0.03903097286820412
/tmp/drone_acoustic_2026w14_phase1_downloads/raw/crema_d/audios/1055_IWL_NEU_XX.wav,NEU,normal,normal,0.11375178396701813,356.1171875,381.2066955566406,0.6457332372665405,0.350077360868454,0.004185644909739494
/tmp/drone_acoustic_2026w14_phase1_downloads/raw/crema_d/audios/1055_IWW_ANG_XX.wav,ANG,emergency,emergency,0.11560868471860886,467.1430969238281,541.4452514648438,0.36568760871887207,0.6191283464431763,0.015171949751675129
/tmp/drone_acoustic_2026w14_phase1_downloads/raw/crema_d/audios/1055_IWW_FEA_XX.wav,FEA,emergency,emergency,0.08978106826543808,381.9088439941406,484.4882507324219,0.4275474548339844,0.56714928150177,0.00529463030397892
/tmp/drone_acoustic_2026w14_phase1_downloads/raw/crema_d/audios/1055_IWW_NEU_XX.wav,NEU,normal,normal,0.03994431719183922,416.75091552734375,508.83233642578125,0.7281231880187988,0.2613614797592163,0.010503568686544895
/tmp/drone_acoustic_2026w14_phase1_downloads/raw/crema_d/audios/1055_MTI_ANG_XX.wav,ANG,emergency,emergency,0.17092657089233398,468.87872314453125,458.1763000488281,0.2693938910961151,0.7096471190452576,0.02095559425652027
/tmp/drone_acoustic_2026w14_phase1_downloads/raw/crema_d/audios/1055_MTI_FEA_XX.wav,FEA,emergency,emergency,0.12793593108654022,419.0184020996094,419.7384033203125,0.21911843121051788,0.7724631428718567,0.008415707387030125
/tmp/drone_acoustic_2026w14_phase1_downloads/raw/crema_d/audios/1055_MTI_NEU_XX.wav,NEU,normal,normal,0.019078949466347694,328.4251403808594,365.6007080078125,0.8082895278930664,0.186651349067688,0.005036897026002407
/tmp/drone_acoustic_2026w14_phase1_downloads/raw/crema_d/audios/1055_TAI_ANG_XX.wav,ANG,emergency,emergency,0.1852579563856125,535.193603515625,594.3700561523438,0.2079170197248459,0.7785760760307312,0.01349710114300251
/tmp/drone_acoustic_2026w14_phase1_downloads/raw/crema_d/audios/1055_TAI_FEA_XX.wav,FEA,emergency,emergency,0.00925588607788086,384.68194580078125,534.2568359375,0.6777079701423645,0.31352680921554565,0.008750575594604015
/tmp/drone_acoustic_2026w14_phase1_downloads/raw/crema_d/audios/1055_TAI_NEU_XX.wav,NEU,normal,normal,0.02533910982310772,367.7672424316406,502.1956481933594,0.6086790561676025,0.3735053241252899,0.01779841259121895
/tmp/drone_acoustic_2026w14_phase1_downloads/raw/crema_d/audios/1055_TIE_ANG_XX.wav,ANG,emergency,emergency,0.7626175284385681,510.853515625,559.0430297851562,0.2771720588207245,0.6596933603286743,0.06312809884548187
/tmp/drone_acoustic_2026w14_phase1_downloads/raw/crema_d/audios/1055_TIE_FEA_XX.wav,FEA,emergency,emergency,0.5229585766792297,600.1185913085938,444.4389953613281,0.19696466624736786,0.7599079012870789,0.04312678799033165
/tmp/drone_acoustic_2026w14_phase1_downloads/raw/crema_d/audios/1055_TIE_NEU_XX.wav,NEU,normal,normal,0.06782147288322449,362.9077453613281,459.4350891113281,0.6157463192939758,0.37156790494918823,0.012667168863117695
/tmp/drone_acoustic_2026w14_phase1_downloads/raw/crema_d/audios/1055_TSI_ANG_XX.wav,ANG,emergency,emergency,0.7583692073822021,1140.571044921875,973.1297607421875,0.294757604598999,0.6205503940582275,0.08467525243759155
/tmp/drone_acoustic_2026w14_phase1_downloads/raw/crema_d/audios/1055_TSI_FEA_XX.wav,FEA,emergency,emergency,0.6010292768478394,1005.7567138671875,813.265380859375,0.0064249420538544655,0.8438566327095032,0.14970619976520538
/tmp/drone_acoustic_2026w14_phase1_downloads/raw/crema_d/audios/1055_TSI_NEU_XX.wav,NEU,normal,normal,0.06523376703262329,995.2233276367188,1029.957763671875,0.7066293358802795,0.2509089708328247,0.04210539534687996
/tmp/drone_acoustic_2026w14_phase1_downloads/raw/crema_d/audios/1055_WSI_ANG_XX.wav,ANG,emergency,emergency,0.5300817489624023,1186.6728515625,875.214111328125,0.2545057237148285,0.6998621821403503,0.04560387507081032
/tmp/drone_acoustic_2026w14_phase1_downloads/raw/crema_d/audios/1055_WSI_FEA_XX.wav,FEA,emergency,emergency,2.406069278717041,1165.4951171875,839.0138549804688,0.04625792056322098,0.8410172462463379,0.11272123456001282
/tmp/drone_acoustic_2026w14_phase1_downloads/raw/crema_d/audios/1055_WSI_NEU_XX.wav,NEU,normal,normal,0.2170141339302063,701.9041137695312,776.0432739257812,0.5530737638473511,0.4296431839466095,0.01719812862575054
/tmp/drone_acoustic_2026w14_phase1_downloads/raw/crema_d/audios/1056_DFA_ANG_XX.wav,ANG,emergency,emergency,0.5507141947746277,721.4613037109375,676.8311157226562,0.1282934546470642,0.6801578402519226,0.19153520464897156
/tmp/drone_acoustic_2026w14_phase1_downloads/raw/crema_d/audios/1056_DFA_FEA_XX.wav,FEA,emergency,emergency,0.03928542137145996,428.02740478515625,511.265869140625,0.4585733711719513,0.5211287140846252,0.020290937274694443
/tmp/drone_acoustic_2026w14_phase1_downloads/raw/crema_d/audios/1056_DFA_NEU_XX.wav,NEU,normal,normal,0.10163514316082001,468.3755798339844,616.6343994140625,0.4308355748653412,0.5225068926811218,0.04664872586727142
/tmp/drone_acoustic_2026w14_phase1_downloads/raw/crema_d/audios/1056_IEO_ANG_HI.wav,ANG,emergency,emergency,1.3366819620132446,990.1761474609375,787.6210327148438,0.1831197738647461,0.6208381056785583,0.1959993988275528
/tmp/drone_acoustic_2026w14_phase1_downloads/raw/crema_d/audios/1056_IEO_ANG_LO.wav,ANG,emergency,emergency,0.33295032382011414,766.9963989257812,763.3118286132812,0.494377464056015,0.43323835730552673,0.07236616313457489
/tmp/drone_acoustic_2026w14_phase1_downloads/raw/crema_d/audios/1056_IEO_ANG_MD.wav,ANG,emergency,emergency,0.6048632264137268,799.2910766601562,730.8349609375,0.08700687438249588,0.8274794816970825,0.08550836890935898
/tmp/drone_acoustic_2026w14_phase1_downloads/raw/crema_d/audios/1056_IEO_FEA_HI.wav,FEA,emergency,emergency,1.9438685178756714,615.9069213867188,619.5946044921875,0.1936948001384735,0.7921396493911743,0.014163976535201073
/tmp/drone_acoustic_2026w14_phase1_downloads/raw/crema_d/audios/1056_IEO_FEA_LO.wav,FEA,emergency,emergency,0.0809754952788353,664.5055541992188,801.727294921875,0.4220147132873535,0.5538656711578369,0.02411475218832493
/tmp/drone_acoustic_2026w14_phase1_downloads/raw/crema_d/audios/1056_IEO_FEA_MD.wav,FEA,emergency,emergency,1.3844082355499268,630.667236328125,697.8923950195312,0.2525448799133301,0.7208398580551147,0.02661069668829441
/tmp/drone_acoustic_2026w14_phase1_downloads/raw/crema_d/audios/1056_IEO_NEU_XX.wav,NEU,normal,normal,0.08567448705434799,482.8703308105469,587.9615478515625,0.6151620149612427,0.36252057552337646,0.0222484078258276
/tmp/drone_acoustic_2026w14_phase1_downloads/raw/crema_d/audios/1056_IOM_ANG_XX.wav,ANG,emergency,emergency,0.23068641126155853,671.6295776367188,633.1008911132812,0.6497371792793274,0.27177077531814575,0.07848220318555832
/tmp/drone_acoustic_2026w14_phase1_downloads/raw/crema_d/audios/1056_IOM_FEA_XX.wav,FEA,emergency,emergency,0.016530092805624008,288.29901123046875,408.2570495605469,0.9100350737571716,0.08221454918384552,0.00773265166208148
/tmp/drone_acoustic_2026w14_phase1_downloads/raw/crema_d/audios/1056_IOM_NEU_XX.wav,NEU,normal,normal,0.09766283631324768,405.6465759277344,459.04248046875,0.7819523811340332,0.20575940608978271,0.012285904958844185
/tmp/drone_acoustic_2026w14_phase1_downloads/raw/crema_d/audios/1056_ITH_ANG_XX.wav,ANG,emergency,emergency,0.8996450304985046,578.9246215820312,560.6298217773438,0.230497345328331,0.6781836748123169,0.09131276607513428
/tmp/drone_acoustic_2026w14_phase1_downloads/raw/crema_d/audios/1056_ITH_FEA_XX.wav,FEA,emergency,emergency,0.048889245837926865,351.4673156738281,513.6953735351562,0.7956134080886841,0.17526303231716156,0.029116474092006683
/tmp/drone_acoustic_2026w14_phase1_downloads/raw/crema_d/audios/1056_ITH_NEU_XX.wav,NEU,normal,normal,0.3947621285915375,535.318359375,599.7860717773438,0.38663890957832336,0.5353119969367981,0.07803908735513687
/tmp/drone_acoustic_2026w14_phase1_downloads/raw/crema_d/audios/1056_ITS_ANG_XX.wav,ANG,emergency,emergency,0.26066672801971436,672.8594360351562,650.8816528320312,0.45632684230804443,0.48434001207351685,0.0593206062912941
/tmp/drone_acoustic_2026w14_phase1_downloads/raw/crema_d/audios/1056_ITS_FEA_XX.wav,FEA,emergency,emergency,0.025117402896285057,607.9571533203125,704.3198852539062,0.4947408437728882,0.48416078090667725,0.021074289456009865
/tmp/drone_acoustic_2026w14_phase1_downloads/raw/crema_d/audios/1056_ITS_NEU_XX.wav,NEU,normal,normal,0.13608050346374512,511.6888732910156,627.3316650390625,0.6118592619895935,0.3398725390434265,0.048256851732730865
/tmp/drone_acoustic_2026w14_phase1_downloads/raw/crema_d/audios/1056_IWL_ANG_XX.wav,ANG,emergency,emergency,0.5933429002761841,602.8530883789062,532.954345703125,0.26913005113601685,0.6238694190979004,0.10699473321437836
/tmp/drone_acoustic_2026w14_phase1_downloads/raw/crema_d/audios/1056_IWL_FEA_XX.wav,FEA,emergency,emergency,0.07912322133779526,428.380615234375,454.1906433105469,0.4711155891418457,0.5135594606399536,0.015320753678679466
/tmp/drone_acoustic_2026w14_phase1_downloads/raw/crema_d/audios/1056_IWL_NEU_XX.wav,NEU,normal,normal,0.31530824303627014,511.75628662109375,472.05657958984375,0.3972932696342468,0.5378698706626892,0.06483381986618042
/tmp/drone_acoustic_2026w14_phase1_downloads/raw/crema_d/audios/1056_IWW_ANG_XX.wav,ANG,emergency,emergency,0.24406975507736206,614.535400390625,655.7796020507812,0.43383678793907166,0.5181894898414612,0.047948259860277176
/tmp/drone_acoustic_2026w14_phase1_downloads/raw/crema_d/audios/1056_IWW_FEA_XX.wav,FEA,emergency,emergency,0.020162571221590042,531.4832763671875,637.1058349609375,0.9019790887832642,0.08382851630449295,0.014186296612024307
/tmp/drone_acoustic_2026w14_phase1_downloads/raw/crema_d/audios/1056_IWW_NEU_XX.wav,NEU,normal,normal,0.0900229960680008,456.15155029296875,589.0233764648438,0.5602744221687317,0.42826905846595764,0.011446638964116573
/tmp/drone_acoustic_2026w14_phase1_downloads/raw/crema_d/audios/1056_MTI_ANG_XX.wav,ANG,emergency,emergency,0.32935112714767456,480.06451416015625,456.3890686035156,0.276556134223938,0.6456255912780762,0.07781092077493668
/tmp/drone_acoustic_2026w14_phase1_downloads/raw/crema_d/audios/1056_MTI_FEA_XX.wav,FEA,emergency,emergency,0.07463061809539795,483.3634948730469,431.7366943359375,0.7059561014175415,0.28987917304039,0.0041627222672104836
/tmp/drone_acoustic_2026w14_phase1_downloads/raw/crema_d/audios/1056_MTI_NEU_XX.wav,NEU,normal,normal,0.09531527012586594,491.9046630859375,458.2580261230469,0.523986279964447,0.4350414574146271,0.040963031351566315
/tmp/drone_acoustic_2026w14_phase1_downloads/raw/crema_d/audios/1056_TAI_ANG_XX.wav,ANG,emergency,emergency,0.3269725739955902,532.2189331054688,454.9501647949219,0.2744095027446747,0.6495487689971924,0.07603223621845245
/tmp/drone_acoustic_2026w14_phase1_downloads/raw/crema_d/audios/1056_TAI_FEA_XX.wav,FEA,emergency,emergency,0.06735008209943771,665.1083374023438,634.9718017578125,0.5924768447875977,0.3903767764568329,0.01714121177792549
/tmp/drone_acoustic_2026w14_phase1_downloads/raw/crema_d/audios/1056_TAI_NEU_XX.wav,NEU,normal,normal,0.08376620709896088,507.1834716796875,582.5496215820312,0.44585588574409485,0.5078293681144714,0.046309202909469604
/tmp/drone_acoustic_2026w14_phase1_downloads/raw/crema_d/audios/1056_TIE_ANG_XX.wav,ANG,emergency,emergency,0.497341126203537,751.2899169921875,793.548828125,0.2891896367073059,0.42167991399765015,0.2891175150871277
/tmp/drone_acoustic_2026w14_phase1_downloads/raw/crema_d/audios/1056_TIE_FEA_XX.wav,FEA,emergency,emergency,0.11529532819986343,452.33489990234375,556.9335327148438,0.5463454723358154,0.4269542694091797,0.02669070102274418
/tmp/drone_acoustic_2026w14_phase1_downloads/raw/crema_d/audios/1056_TIE_NEU_XX.wav,NEU,normal,normal,0.14962367713451385,397.61322021484375,541.7183837890625,0.5564934015274048,0.35223791003227234,0.09125833958387375
/tmp/drone_acoustic_2026w14_phase1_downloads/raw/crema_d/audios/1056_TSI_ANG_XX.wav,ANG,emergency,emergency,0.24730230867862701,1095.7799072265625,998.0813598632812,0.2595875859260559,0.6500322818756104,0.09036653488874435
/tmp/drone_acoustic_2026w14_phase1_downloads/raw/crema_d/audios/1056_TSI_FEA_XX.wav,FEA,emergency,emergency,0.04411546140909195,1323.2333984375,1244.0411376953125,0.6315920948982239,0.3298235237598419,0.03852827101945877
/tmp/drone_acoustic_2026w14_phase1_downloads/raw/crema_d/audios/1056_TSI_NEU_XX.wav,NEU,normal,normal,0.08264075219631195,1116.8004150390625,1103.6083984375,0.3434065282344818,0.6216221451759338,0.03494136407971382
/tmp/drone_acoustic_2026w14_phase1_downloads/raw/crema_d/audios/1056_WSI_ANG_XX.wav,ANG,emergency,emergency,0.6049565672874451,1069.7177734375,866.8701171875,0.4419121742248535,0.4800798296928406,0.07799415290355682
/tmp/drone_acoustic_2026w14_phase1_downloads/raw/crema_d/audios/1056_WSI_FEA_XX.wav,FEA,emergency,emergency,0.13754013180732727,725.2327880859375,701.6553344726562,0.5839561820030212,0.3944014608860016,0.021634412929415703
/tmp/drone_acoustic_2026w14_phase1_downloads/raw/crema_d/audios/1056_WSI_NEU_XX.wav,NEU,normal,normal,0.24352587759494781,592.5210571289062,665.7568969726562,0.296766072511673,0.6729554533958435,0.030276037752628326
/tmp/drone_acoustic_2026w14_phase1_downloads/raw/crema_d/audios/1057_DFA_ANG_XX.wav,ANG,emergency,emergency,0.10905434191226959,703.3734130859375,667.3701171875,0.40911397337913513,0.561872661113739,0.029012300074100494
/tmp/drone_acoustic_2026w14_phase1_downloads/raw/crema_d/audios/1057_DFA_FEA_XX.wav,FEA,emergency,emergency,0.05889631807804108,337.77508544921875,540.2348022460938,0.8813075423240662,0.08907616883516312,0.0295936930924654
/tmp/drone_acoustic_2026w14_phase1_downloads/raw/crema_d/audios/1057_DFA_NEU_XX.wav,NEU,normal,normal,0.0136970654129982,377.7916259765625,478.0254821777344,0.8729992508888245,0.11636840552091599,0.010626045055687428
/tmp/drone_acoustic_2026w14_phase1_downloads/raw/crema_d/audios/1057_IEO_ANG_HI.wav,ANG,emergency,emergency,0.2901606559753418,626.2364501953125,743.166015625,0.43358084559440613,0.4789474606513977,0.08746016770601273
/tmp/drone_acoustic_2026w14_phase1_downloads/raw/crema_d/audios/1057_IEO_ANG_LO.wav,ANG,emergency,emergency,0.09118445962667465,497.92401123046875,568.6361694335938,0.24027277529239655,0.7462735176086426,0.013448871672153473
/tmp/drone_acoustic_2026w14_phase1_downloads/raw/crema_d/audios/1057_IEO_ANG_MD.wav,ANG,emergency,emergency,0.1318480223417282,461.7304992675781,538.8488159179688,0.5031712651252747,0.4769054353237152,0.019915679469704628
/tmp/drone_acoustic_2026w14_phase1_downloads/raw/crema_d/audios/1057_IEO_FEA_HI.wav,FEA,emergency,emergency,0.15604494512081146,472.826904296875,670.502197265625,0.3984318971633911,0.5799980759620667,0.021567776799201965
/tmp/drone_acoustic_2026w14_phase1_downloads/raw/crema_d/audios/1057_IEO_FEA_LO.wav,FEA,emergency,emergency,0.05875910818576813,329.826904296875,494.22796630859375,0.8036400079727173,0.1887102723121643,0.007640533149242401
/tmp/drone_acoustic_2026w14_phase1_downloads/raw/crema_d/audios/1057_IEO_FEA_MD.wav,FEA,emergency,emergency,0.03550928831100464,329.9259338378906,486.5381774902344,0.7198866605758667,0.26996201276779175,0.01011732779443264
/tmp/drone_acoustic_2026w14_phase1_downloads/raw/crema_d/audios/1057_IEO_NEU_XX.wav,NEU,normal,normal,0.013735498301684856,347.658203125,450.6548767089844,0.6967282891273499,0.2980615198612213,0.0052070231176912785
/tmp/drone_acoustic_2026w14_phase1_downloads/raw/crema_d/audios/1057_IOM_ANG_XX.wav,ANG,emergency,emergency,0.04853488877415657,415.4725036621094,426.7004089355469,0.647236168384552,0.3363451659679413,0.01641659066081047
/tmp/drone_acoustic_2026w14_phase1_downloads/raw/crema_d/audios/1057_IOM_FEA_XX.wav,FEA,emergency,emergency,0.04885897785425186,321.583740234375,406.09844970703125,0.7690492272377014,0.22460582852363586,0.00634435610845685
/tmp/drone_acoustic_2026w14_phase1_downloads/raw/crema_d/audios/1057_IOM_NEU_XX.wav,NEU,normal,normal,0.012904193252325058,303.94476318359375,308.3226623535156,0.8602458238601685,0.13808777928352356,0.0016653497004881501
/tmp/drone_acoustic_2026w14_phase1_downloads/raw/crema_d/audios/1057_ITH_ANG_XX.wav,ANG,emergency,emergency,0.11019836366176605,580.7628784179688,637.6205444335938,0.23952172696590424,0.7277224063873291,0.032749343663454056
/tmp/drone_acoustic_2026w14_phase1_downloads/raw/crema_d/audios/1057_ITH_FEA_XX.wav,FEA,emergency,emergency,0.07593900710344315,329.2030029296875,539.46630859375,0.8566803932189941,0.09343952685594559,0.049852289259433746
/tmp/drone_acoustic_2026w14_phase1_downloads/raw/crema_d/audios/1057_ITH_NEU_XX.wav,NEU,normal,normal,0.04146518185734749,397.1492919921875,493.85150146484375,0.7556061148643494,0.22416919469833374,0.020204927772283554
/tmp/drone_acoustic_2026w14_phase1_downloads/raw/crema_d/audios/1057_ITS_ANG_XX.wav,ANG,emergency,emergency,0.07073402404785156,753.4429321289062,667.3335571289062,0.7963964343070984,0.1460774689912796,0.05748214200139046
/tmp/drone_acoustic_2026w14_phase1_downloads/raw/crema_d/audios/1057_ITS_FEA_XX.wav,FEA,emergency,emergency,0.04331246763467789,339.16864013671875,541.5397338867188,0.9106922149658203,0.052218034863471985,0.037036795169115067
/tmp/drone_acoustic_2026w14_phase1_downloads/raw/crema_d/audios/1057_ITS_NEU_XX.wav,NEU,normal,normal,0.036961037665605545,559.237548828125,665.5388793945312,0.8719490170478821,0.07970447838306427,0.04832366853952408
/tmp/drone_acoustic_2026w14_phase1_downloads/raw/crema_d/audios/1057_IWL_ANG_XX.wav,ANG,emergency,emergency,0.056853003799915314,481.8642272949219,434.0582275390625,0.4259377717971802,0.5592973828315735,0.014763995073735714
/tmp/drone_acoustic_2026w14_phase1_downloads/raw/crema_d/audios/1057_IWL_FEA_XX.wav,FEA,emergency,emergency,0.027410805225372314,303.6979064941406,408.3919677734375,0.8487838506698608,0.14616437256336212,0.005044968798756599
/tmp/drone_acoustic_2026w14_phase1_downloads/raw/crema_d/audios/1057_IWL_NEU_XX.wav,NEU,normal,normal,0.021545391529798508,346.4994201660156,381.32635498046875,0.646125078201294,0.3498707115650177,0.004002888221293688
/tmp/drone_acoustic_2026w14_phase1_downloads/raw/crema_d/audios/1057_IWW_ANG_XX.wav,ANG,emergency,emergency,0.04933491721749306,539.0809326171875,580.0065307617188,0.7450219988822937,0.23202097415924072,0.022943418473005295
/tmp/drone_acoustic_2026w14_phase1_downloads/raw/crema_d/audios/1057_IWW_FEA_XX.wav,FEA,emergency,emergency,0.04588186740875244,472.8166198730469,582.0320434570312,0.7266665697097778,0.18263648450374603,0.09034387022256851
/tmp/drone_acoustic_2026w14_phase1_downloads/raw/crema_d/audios/1057_IWW_NEU_XX.wav,NEU,normal,normal,0.018057333305478096,505.3172607421875,598.1895751953125,0.8848555088043213,0.09481144696474075,0.02030252479016781
/tmp/drone_acoustic_2026w14_phase1_downloads/raw/crema_d/audios/1057_MTI_ANG_XX.wav,ANG,emergency,emergency,0.03375852853059769,432.49969482421875,456.22943115234375,0.6445329189300537,0.33652594685554504,0.018940716981887817
/tmp/drone_acoustic_2026w14_phase1_downloads/raw/crema_d/audios/1057_MTI_FEA_XX.wav,FEA,emergency,emergency,0.014113753102719784,264.3683166503906,378.62249755859375,0.9345986843109131,0.06242294982075691,0.0029676498379558325
/tmp/drone_acoustic_2026w14_phase1_downloads/raw/crema_d/audios/1057_MTI_NEU_XX.wav,NEU,normal,normal,0.017581716179847717,365.3968505859375,381.1796875,0.6121175289154053,0.38151171803474426,0.006368512753397226
/tmp/drone_acoustic_2026w14_phase1_downloads/raw/crema_d/audios/1057_TAI_ANG_XX.wav,ANG,emergency,emergency,0.03731880709528923,592.71142578125,599.2960205078125,0.6862677931785583,0.2912617623806,0.022467762231826782
/tmp/drone_acoustic_2026w14_phase1_downloads/raw/crema_d/audios/1057_TAI_FEA_XX.wav,FEA,emergency,emergency,0.016885844990611076,359.458251953125,493.24444580078125,0.8833491206169128,0.10673387348651886,0.009904551319777966
/tmp/drone_acoustic_2026w14_phase1_downloads/raw/crema_d/audios/1057_TAI_NEU_XX.wav,NEU,normal,normal,0.02252975106239319,477.37091064453125,567.3743286132812,0.8297375440597534,0.1546616405248642,0.015574844554066658
/tmp/drone_acoustic_2026w14_phase1_downloads/raw/crema_d/audios/1057_TIE_ANG_XX.wav,ANG,emergency,emergency,0.3329632580280304,638.2578125,626.2691040039062,0.29996880888938904,0.6403769254684448,0.05963671952486038
/tmp/drone_acoustic_2026w14_phase1_downloads/raw/crema_d/audios/1057_TIE_FEA_XX.wav,FEA,emergency,emergency,0.0437009334564209,465.922607421875,566.3546142578125,0.34041962027549744,0.6399646997451782,0.01958678476512432
/tmp/drone_acoustic_2026w14_phase1_downloads/raw/crema_d/audios/1057_TIE_NEU_XX.wav,NEU,normal,normal,0.015535128302872181,361.28485107421875,504.8838806152344,0.8223429322242737,0.16871677339076996,0.008919390849769115
/tmp/drone_acoustic_2026w14_phase1_downloads/raw/crema_d/audios/1057_TSI_ANG_XX.wav,ANG,emergency,emergency,0.1421588957309723,1376.96484375,982.89306640625,0.39564186334609985,0.5110055208206177,0.09306983649730682
/tmp/drone_acoustic_2026w14_phase1_downloads/raw/crema_d/audios/1057_TSI_FEA_XX.wav,FEA,emergency,emergency,0.05413571000099182,1161.494873046875,787.1048583984375,0.3397700786590576,0.5508430004119873,0.10921643674373627
/tmp/drone_acoustic_2026w14_phase1_downloads/raw/crema_d/audios/1057_TSI_NEU_XX.wav,NEU,normal,normal,0.08669962733983994,1486.566162109375,933.25341796875,0.4161139726638794,0.4058302938938141,0.17740672826766968
/tmp/drone_acoustic_2026w14_phase1_downloads/raw/crema_d/audios/1057_WSI_ANG_XX.wav,ANG,emergency,emergency,0.14537109434604645,1084.6234130859375,681.7255859375,0.23049043118953705,0.7433362603187561,0.026135871186852455
/tmp/drone_acoustic_2026w14_phase1_downloads/raw/crema_d/audios/1057_WSI_FEA_XX.wav,FEA,emergency,emergency,0.046552788466215134,709.4373779296875,622.9370727539062,0.5496724247932434,0.4205673336982727,0.02974703721702099
/tmp/drone_acoustic_2026w14_phase1_downloads/raw/crema_d/audios/1057_WSI_NEU_XX.wav,NEU,normal,normal,0.050577424466609955,781.96240234375,665.3771362304688,0.6583698987960815,0.298812597990036,0.04280207306146622
/tmp/drone_acoustic_2026w14_phase1_downloads/raw/crema_d/audios/1058_DFA_ANG_XX.wav,ANG,emergency,emergency,0.76140296459198,675.2997436523438,704.0028686523438,0.202544704079628,0.6949383020401001,0.10251422226428986
/tmp/drone_acoustic_2026w14_phase1_downloads/raw/crema_d/audios/1058_DFA_FEA_XX.wav,FEA,emergency,emergency,0.3415152430534363,606.4561157226562,652.6763305664062,0.2396514117717743,0.7166213989257812,0.04372471943497658
/tmp/drone_acoustic_2026w14_phase1_downloads/raw/crema_d/audios/1058_DFA_NEU_XX.wav,NEU,normal,normal,0.16104164719581604,450.40789794921875,568.64111328125,0.36658942699432373,0.608100414276123,0.025305116549134254
/tmp/drone_acoustic_2026w14_phase1_downloads/raw/crema_d/audios/1058_IEO_ANG_HI.wav,ANG,emergency,emergency,1.572585940361023,1019.797607421875,716.916259765625,0.023552339524030685,0.8444646000862122,0.13198190927505493
/tmp/drone_acoustic_2026w14_phase1_downloads/raw/crema_d/audios/1058_IEO_ANG_LO.wav,ANG,emergency,emergency,0.07169780135154724,420.8905944824219,496.5115051269531,0.4742322564125061,0.5201813578605652,0.005579760763794184
/tmp/drone_acoustic_2026w14_phase1_downloads/raw/crema_d/audios/1058_IEO_ANG_MD.wav,ANG,emergency,emergency,2.309936761856079,772.8851318359375,680.1332397460938,0.03678712993860245,0.9237350225448608,0.03947486728429794
/tmp/drone_acoustic_2026w14_phase1_downloads/raw/crema_d/audios/1058_IEO_FEA_HI.wav,FEA,emergency,emergency,0.77670818567276,779.2084350585938,668.2218627929688,0.11495599150657654,0.8693550825119019,0.0156874842941761
/tmp/drone_acoustic_2026w14_phase1_downloads/raw/crema_d/audios/1058_IEO_FEA_LO.wav,FEA,emergency,emergency,0.11556025594472885,370.24639892578125,531.9290161132812,0.5209630131721497,0.4691360890865326,0.009885643608868122
/tmp/drone_acoustic_2026w14_phase1_downloads/raw/crema_d/audios/1058_IEO_FEA_MD.wav,FEA,emergency,emergency,0.1404987871646881,483.4467468261719,612.58740234375,0.41597142815589905,0.5690973401069641,0.01491126324981451
/tmp/drone_acoustic_2026w14_phase1_downloads/raw/crema_d/audios/1058_IEO_NEU_XX.wav,NEU,normal,normal,0.1823968142271042,419.6677551269531,444.6539001464844,0.2892422676086426,0.7000249028205872,0.01072892639786005
/tmp/drone_acoustic_2026w14_phase1_downloads/raw/crema_d/audios/1058_IOM_ANG_XX.wav,ANG,emergency,emergency,0.4345065951347351,512.8587036132812,590.4791259765625,0.3980100452899933,0.5607684850692749,0.041217103600502014
/tmp/drone_acoustic_2026w14_phase1_downloads/raw/crema_d/audios/1058_IOM_FEA_XX.wav,FEA,emergency,emergency,0.036292076110839844,354.2790222167969,360.876953125,0.778822124004364,0.2153152972459793,0.005860287230461836
/tmp/drone_acoustic_2026w14_phase1_downloads/raw/crema_d/audios/1058_IOM_NEU_XX.wav,NEU,normal,normal,0.16717341542243958,420.694580078125,452.2740783691406,0.6330442428588867,0.35159045457839966,0.015359790995717049
/tmp/drone_acoustic_2026w14_phase1_downloads/raw/crema_d/audios/1058_ITH_ANG_XX.wav,ANG,emergency,emergency,1.0625536441802979,661.2283325195312,677.6941528320312,0.19599615037441254,0.7523618340492249,0.05163825675845146
/tmp/drone_acoustic_2026w14_phase1_downloads/raw/crema_d/audios/1058_ITH_FEA_XX.wav,FEA,emergency,emergency,0.09439174085855484,524.1285400390625,670.9362182617188,0.6154424548149109,0.3490969240665436,0.035454001277685165
/tmp/drone_acoustic_2026w14_phase1_downloads/raw/crema_d/audios/1058_ITH_NEU_XX.wav,NEU,normal,normal,0.21738138794898987,469.35577392578125,550.4161376953125,0.4771994650363922,0.4895842671394348,0.03320788964629173
/tmp/drone_acoustic_2026w14_phase1_downloads/raw/crema_d/audios/1058_ITS_ANG_XX.wav,ANG,emergency,emergency,0.5839657783508301,581.104736328125,636.302490234375,0.26961570978164673,0.6469302773475647,0.08344672620296478
/tmp/drone_acoustic_2026w14_phase1_downloads/raw/crema_d/audios/1058_ITS_FEA_XX.wav,FEA,emergency,emergency,0.07422681897878647,683.1515502929688,694.0824584960938,0.701590895652771,0.2643550634384155,0.03404686227440834
/tmp/drone_acoustic_2026w14_phase1_downloads/raw/crema_d/audios/1058_ITS_NEU_XX.wav,NEU,normal,normal,0.060167424380779266,445.1991271972656,679.3008422851562,0.7092682123184204,0.25424066185951233,0.0364784300327301
/tmp/drone_acoustic_2026w14_phase1_downloads/raw/crema_d/audios/1058_IWL_ANG_XX.wav,ANG,emergency,emergency,0.7107444405555725,659.2122802734375,552.3529052734375,0.1933261603116989,0.7575661540031433,0.04910547286272049
/tmp/drone_acoustic_2026w14_phase1_downloads/raw/crema_d/audios/1058_IWL_FEA_XX.wav,FEA,emergency,emergency,0.525732696056366,684.3096313476562,574.0025634765625,0.20088177919387817,0.7854605317115784,0.013655925169587135
/tmp/drone_acoustic_2026w14_phase1_downloads/raw/crema_d/audios/1058_IWL_NEU_XX.wav,NEU,normal,normal,0.11076836287975311,412.8038635253906,439.8343505859375,0.44397562742233276,0.5456312298774719,0.010385315865278244
/tmp/drone_acoustic_2026w14_phase1_downloads/raw/crema_d/audios/1058_IWW_ANG_XX.wav,ANG,emergency,emergency,0.5471035242080688,756.2059326171875,652.6908569335938,0.1640123724937439,0.8127343058586121,0.023251589387655258
/tmp/drone_acoustic_2026w14_phase1_downloads/raw/crema_d/audios/1058_IWW_FEA_XX.wav,FEA,emergency,emergency,0.059370871633291245,613.6314697265625,744.3106079101562,0.7884684205055237,0.18945230543613434,0.022062968462705612
/tmp/drone_acoustic_2026w14_phase1_downloads/raw/crema_d/audios/1058_IWW_NEU_XX.wav,NEU,normal,normal,0.11528756469488144,514.1327514648438,528.658447265625,0.4626377522945404,0.53062903881073,0.006729890592396259
/tmp/drone_acoustic_2026w14_phase1_downloads/raw/crema_d/audios/1058_MTI_ANG_XX.wav,ANG,emergency,emergency,0.2779998481273651,543.6876220703125,476.6792907714844,0.3160005509853363,0.6640216112136841,0.019975779578089714
/tmp/drone_acoustic_2026w14_phase1_downloads/raw/crema_d/audios/1058_MTI_FEA_XX.wav,FEA,emergency,emergency,0.07163792103528976,599.29248046875,549.13525390625,0.49691611528396606,0.4937465786933899,0.00933607667684555
/tmp/drone_acoustic_2026w14_phase1_downloads/raw/crema_d/audios/1058_MTI_NEU_XX.wav,NEU,normal,normal,0.11383738368749619,433.3062744140625,461.8721923828125,0.5715579986572266,0.40070146322250366,0.02773403376340866
/tmp/drone_acoustic_2026w14_phase1_downloads/raw/crema_d/audios/1058_TAI_ANG_XX.wav,ANG,emergency,emergency,0.12295699119567871,739.1468505859375,691.264892578125,0.06303375214338303,0.9073251485824585,0.029639000073075294
/tmp/drone_acoustic_2026w14_phase1_downloads/raw/crema_d/audios/1058_TAI_FEA_XX.wav,FEA,emergency,emergency,0.07188855856657028,700.3140869140625,673.5499267578125,0.2758690118789673,0.7067678570747375,0.017360946163535118
/tmp/drone_acoustic_2026w14_phase1_downloads/raw/crema_d/audios/1058_TAI_NEU_XX.wav,NEU,normal,normal,0.05002012848854065,456.77484130859375,612.6437377929688,0.5909963846206665,0.38772982358932495,0.021266717463731766
/tmp/drone_acoustic_2026w14_phase1_downloads/raw/crema_d/audios/1058_TIE_ANG_XX.wav,ANG,emergency,emergency,1.0283576250076294,574.371826171875,635.9556274414062,0.10819267481565475,0.8019372820854187,0.08986451476812363
/tmp/drone_acoustic_2026w14_phase1_downloads/raw/crema_d/audios/1058_TIE_FEA_XX.wav,FEA,emergency,emergency,0.8256850242614746,501.2148132324219,613.3018188476562,0.20020729303359985,0.7612555027008057,0.03853416070342064
/tmp/drone_acoustic_2026w14_phase1_downloads/raw/crema_d/audios/1058_TIE_NEU_XX.wav,NEU,normal,normal,0.22341422736644745,430.7859802246094,539.0033569335938,0.32860812544822693,0.6383748054504395,0.033011388033628464
/tmp/drone_acoustic_2026w14_phase1_downloads/raw/crema_d/audios/1058_TSI_ANG_XX.wav,ANG,emergency,emergency,0.16787134110927582,1131.826416015625,1008.8101196289062,0.07787100225687027,0.8619410991668701,0.06017201766371727
/tmp/drone_acoustic_2026w14_phase1_downloads/raw/crema_d/audios/1058_TSI_FEA_XX.wav,FEA,emergency,emergency,0.09919227659702301,996.8316040039062,919.8580322265625,0.041907187551259995,0.9362707734107971,0.02181735262274742
/tmp/drone_acoustic_2026w14_phase1_downloads/raw/crema_d/audios/1058_TSI_NEU_XX.wav,NEU,normal,normal,0.2310156524181366,940.145263671875,1001.3419799804688,0.21403254568576813,0.7565266489982605,0.029413172975182533
/tmp/drone_acoustic_2026w14_phase1_downloads/raw/crema_d/audios/1058_WSI_ANG_XX.wav,ANG,emergency,emergency,1.490982174873352,993.6983032226562,840.5032348632812,0.07906724512577057,0.8753906488418579,0.0455377995967865
/tmp/drone_acoustic_2026w14_phase1_downloads/raw/crema_d/audios/1058_WSI_FEA_XX.wav,FEA,emergency,emergency,0.8134668469429016,1013.1527709960938,807.2019653320312,0.043419819325208664,0.9345886707305908,0.021989619359374046
/tmp/drone_acoustic_2026w14_phase1_downloads/raw/crema_d/audios/1058_WSI_NEU_XX.wav,NEU,normal,normal,0.2885592579841614,535.841552734375,644.0262451171875,0.4443211555480957,0.5442145466804504,0.011455100029706955
/tmp/drone_acoustic_2026w14_phase1_downloads/raw/crema_d/audios/1059_DFA_ANG_XX.wav,ANG,emergency,emergency,0.15806891024112701,762.9495849609375,694.5130004882812,0.13784022629261017,0.820546567440033,0.041600845754146576
/tmp/drone_acoustic_2026w14_phase1_downloads/raw/crema_d/audios/1059_DFA_FEA_XX.wav,FEA,emergency,emergency,0.11877161264419556,563.4017333984375,601.4280395507812,0.29212653636932373,0.6865414381027222,0.021330343559384346
/tmp/drone_acoustic_2026w14_phase1_downloads/raw/crema_d/audios/1059_DFA_NEU_XX.wav,NEU,normal,normal,0.04378468915820122,545.5134887695312,677.4267578125,0.33040210604667664,0.6556137204170227,0.013982328586280346
/tmp/drone_acoustic_2026w14_phase1_downloads/raw/crema_d/audios/1059_IEO_ANG_HI.wav,ANG,emergency,emergency,0.34099501371383667,675.623779296875,618.9061889648438,0.1351056843996048,0.8219785094261169,0.04290900006890297
/tmp/drone_acoustic_2026w14_phase1_downloads/raw/crema_d/audios/1059_IEO_ANG_LO.wav,ANG,emergency,emergency,0.1866435557603836,619.1768798828125,637.8225708007812,0.18388497829437256,0.7948941588401794,0.021216336637735367
/tmp/drone_acoustic_2026w14_phase1_downloads/raw/crema_d/audios/1059_IEO_ANG_MD.wav,ANG,emergency,emergency,0.39499443769454956,651.57861328125,643.97119140625,0.09745380282402039,0.8756029605865479,0.02693692035973072
/tmp/drone_acoustic_2026w14_phase1_downloads/raw/crema_d/audios/1059_IEO_FEA_HI.wav,FEA,emergency,emergency,0.6172292828559875,890.2451171875,716.452880859375,0.2674626111984253,0.7098224759101868,0.022705748677253723
/tmp/drone_acoustic_2026w14_phase1_downloads/raw/crema_d/audios/1059_IEO_FEA_LO.wav,FEA,emergency,emergency,0.1362958550453186,402.2557373046875,639.1738891601562,0.4546351134777069,0.5265646576881409,0.01877194456756115
/tmp/drone_acoustic_2026w14_phase1_downloads/raw/crema_d/audios/1059_IEO_FEA_MD.wav,FEA,emergency,emergency,0.08279433101415634,586.4989624023438,607.0326538085938,0.32371318340301514,0.6605204939842224,0.01576213724911213
/tmp/drone_acoustic_2026w14_phase1_downloads/raw/crema_d/audios/1059_IEO_NEU_XX.wav,NEU,normal,normal,0.055144838988780975,461.5443420410156,559.9617919921875,0.6807201504707336,0.28950291872024536,0.029716888442635536
/tmp/drone_acoustic_2026w14_phase1_downloads/raw/crema_d/audios/1059_IOM_ANG_XX.wav,ANG,emergency,emergency,0.39315590262413025,594.9153442382812,564.2173461914062,0.2568650245666504,0.6904950141906738,0.052635449916124344
/tmp/drone_acoustic_2026w14_phase1_downloads/raw/crema_d/audios/1059_IOM_FEA_XX.wav,FEA,emergency,emergency,0.04069254919886589,378.5530700683594,448.32293701171875,0.6766200661659241,0.3078683912754059,0.015504894778132439
/tmp/drone_acoustic_2026w14_phase1_downloads/raw/crema_d/audios/1059_IOM_NEU_XX.wav,NEU,normal,normal,0.08922707289457321,455.5960388183594,516.2346801757812,0.5015470385551453,0.4865119457244873,0.011935751885175705
/tmp/drone_acoustic_2026w14_phase1_downloads/raw/crema_d/audios/1059_ITH_ANG_XX.wav,ANG,emergency,emergency,0.5589807033538818,756.7008056640625,690.74560546875,0.1156296581029892,0.8010149598121643,0.08335115760564804
/tmp/drone_acoustic_2026w14_phase1_downloads/raw/crema_d/audios/1059_ITH_FEA_XX.wav,FEA,emergency,emergency,0.16052718460559845,574.5584106445312,577.4291381835938,0.2714970111846924,0.7028032541275024,0.025698374956846237
/tmp/drone_acoustic_2026w14_phase1_downloads/raw/crema_d/audios/1059_ITH_NEU_XX.wav,NEU,normal,normal,0.16406603157520294,545.332275390625,601.407958984375,0.38687512278556824,0.5814973711967468,0.0316205769777298
/tmp/drone_acoustic_2026w14_phase1_downloads/raw/crema_d/audios/1059_ITS_ANG_XX.wav,ANG,emergency,emergency,0.36915597319602966,1009.9339599609375,841.0410766601562,0.4258332848548889,0.46486759185791016,0.10917769372463226
/tmp/drone_acoustic_2026w14_phase1_downloads/raw/crema_d/audios/1059_ITS_FEA_XX.wav,FEA,emergency,emergency,0.06238832324743271,675.1528930664062,698.3795166015625,0.46158692240715027,0.5134115219116211,0.024992169812321663
/tmp/drone_acoustic_2026w14_phase1_downloads/raw/crema_d/audios/1059_ITS_NEU_XX.wav,NEU,normal,normal,0.06987851113080978,779.3447265625,725.0787963867188,0.34228572249412537,0.6221017241477966,0.035592954605817795
/tmp/drone_acoustic_2026w14_phase1_downloads/raw/crema_d/audios/1059_IWL_ANG_XX.wav,ANG,emergency,emergency,0.3136933743953705,612.6549072265625,483.7075500488281,0.15951699018478394,0.8156159520149231,0.024866154417395592
/tmp/drone_acoustic_2026w14_phase1_downloads/raw/crema_d/audios/1059_IWL_FEA_XX.wav,FEA,emergency,emergency,0.14995326101779938,612.6910400390625,501.12896728515625,0.17921026051044464,0.8099549412727356,0.010834363289177418
/tmp/drone_acoustic_2026w14_phase1_downloads/raw/crema_d/audios/1059_IWL_NEU_XX.wav,NEU,normal,normal,0.3277569115161896,486.21881103515625,421.9261779785156,0.2548254132270813,0.717751145362854,0.027423182502388954
/tmp/drone_acoustic_2026w14_phase1_downloads/raw/crema_d/audios/1059_IWW_ANG_XX.wav,ANG,emergency,emergency,0.14179250597953796,790.12158203125,707.2044067382812,0.179485023021698,0.8008972406387329,0.01958439312875271
/tmp/drone_acoustic_2026w14_phase1_downloads/raw/crema_d/audios/1059_IWW_FEA_XX.wav,FEA,emergency,emergency,0.07379637658596039,585.264892578125,631.2886352539062,0.42033153772354126,0.567068874835968,0.01258151140064001
/tmp/drone_acoustic_2026w14_phase1_downloads/raw/crema_d/audios/1059_IWW_NEU_XX.wav,NEU,normal,normal,0.11331645399332047,672.313232421875,683.9954833984375,0.5389822721481323,0.44018518924713135,0.02072853595018387
/tmp/drone_acoustic_2026w14_phase1_downloads/raw/crema_d/audios/1059_MTI_ANG_XX.wav,ANG,emergency,emergency,0.11085895448923111,545.3554077148438,482.70111083984375,0.27110815048217773,0.7083944082260132,0.020482610911130905
/tmp/drone_acoustic_2026w14_phase1_downloads/raw/crema_d/audios/1059_MTI_FEA_XX.wav,FEA,emergency,emergency,0.07851706445217133,593.8701171875,553.5054931640625,0.16110822558403015,0.8292052745819092,0.009678562171757221
/tmp/drone_acoustic_2026w14_phase1_downloads/raw/crema_d/audios/1059_MTI_NEU_XX.wav,NEU,normal,normal,0.07762330770492554,455.7272644042969,433.5616455078125,0.5525468587875366,0.42344117164611816,0.023961693048477173
/tmp/drone_acoustic_2026w14_phase1_downloads/raw/crema_d/audios/1059_TAI_ANG_XX.wav,ANG,emergency,emergency,0.12590272724628448,701.2656860351562,664.6023559570312,0.09301433712244034,0.879014253616333,0.027967719361186028
/tmp/drone_acoustic_2026w14_phase1_downloads/raw/crema_d/audios/1059_TAI_FEA_XX.wav,FEA,emergency,emergency,0.01405396033078432,604.975341796875,602.7872314453125,0.298499196767807,0.6969273686408997,0.004567782394587994
/tmp/drone_acoustic_2026w14_phase1_downloads/raw/crema_d/audios/1059_TAI_NEU_XX.wav,NEU,normal,normal,0.05364152789115906,603.3345336914062,630.4083862304688,0.2776101231575012,0.7085822224617004,0.01380539033561945
/tmp/drone_acoustic_2026w14_phase1_downloads/raw/crema_d/audios/1059_TIE_ANG_XX.wav,ANG,emergency,emergency,0.45991072058677673,890.4990234375,811.6048583984375,0.1508859097957611,0.75738126039505,0.09165022522211075
/tmp/drone_acoustic_2026w14_phase1_downloads/raw/crema_d/audios/1059_TIE_FEA_XX.wav,FEA,emergency,emergency,0.3611123561859131,671.01318359375,680.6005859375,0.3271386921405792,0.6481267213821411,0.02469201572239399
/tmp/drone_acoustic_2026w14_phase1_downloads/raw/crema_d/audios/1059_TIE_NEU_XX.wav,NEU,normal,normal,0.03471755608916283,478.9571228027344,604.0445556640625,0.34594660997390747,0.6386744976043701,0.015338364988565445
/tmp/drone_acoustic_2026w14_phase1_downloads/raw/crema_d/audios/1059_TSI_ANG_XX.wav,ANG,emergency,emergency,0.15100723505020142,1603.2294921875,1090.2296142578125,0.3169291317462921,0.6433255672454834,0.03967239707708359
/tmp/drone_acoustic_2026w14_phase1_downloads/raw/crema_d/audios/1059_TSI_FEA_XX.wav,FEA,emergency,emergency,0.07953798770904541,1388.3291015625,1084.458251953125,0.27013155817985535,0.6884512305259705,0.04137568175792694
/tmp/drone_acoustic_2026w14_phase1_downloads/raw/crema_d/audios/1059_TSI_NEU_XX.wav,NEU,normal,normal,0.06685427576303482,1552.901123046875,963.66015625,0.2448340654373169,0.6683383584022522,0.08658802509307861
/tmp/drone_acoustic_2026w14_phase1_downloads/raw/crema_d/audios/1059_WSI_ANG_XX.wav,ANG,emergency,emergency,0.28211477398872375,1230.839599609375,781.0888061523438,0.17048713564872742,0.8036977052688599,0.02581055834889412
/tmp/drone_acoustic_2026w14_phase1_downloads/raw/crema_d/audios/1059_WSI_FEA_XX.wav,FEA,emergency,emergency,0.04419759660959244,979.533447265625,675.9199829101562,0.32622644305229187,0.6536405682563782,0.02012038044631481
/tmp/drone_acoustic_2026w14_phase1_downloads/raw/crema_d/audios/1059_WSI_NEU_XX.wav,NEU,normal,normal,0.3007374405860901,987.232666015625,610.5403442382812,0.3146246373653412,0.6625916361808777,0.02276177890598774
/tmp/drone_acoustic_2026w14_phase1_downloads/raw/crema_d/audios/1060_DFA_ANG_XX.wav,ANG,emergency,emergency,0.20034649968147278,649.7138671875,627.00244140625,0.4339607059955597,0.47493699193000793,0.09110116958618164
/tmp/drone_acoustic_2026w14_phase1_downloads/raw/crema_d/audios/1060_DFA_FEA_XX.wav,FEA,emergency,emergency,0.04028448835015297,448.15673828125,596.7050170898438,0.7859223484992981,0.18046987056732178,0.03360015153884888
/tmp/drone_acoustic_2026w14_phase1_downloads/raw/crema_d/audios/1060_DFA_NEU_XX.wav,NEU,normal,normal,0.045544710010290146,494.4580993652344,649.3782348632812,0.6017473340034485,0.3737069368362427,0.02452997677028179
/tmp/drone_acoustic_2026w14_phase1_downloads/raw/crema_d/audios/1060_IEO_ANG_HI.wav,ANG,emergency,emergency,0.347470223903656,777.7545166015625,648.3547973632812,0.11844047158956528,0.8374878764152527,0.044068921357393265
/tmp/drone_acoustic_2026w14_phase1_downloads/raw/crema_d/audios/1060_IEO_ANG_LO.wav,ANG,emergency,emergency,0.1607990562915802,640.4923095703125,560.282470703125,0.3339136838912964,0.6546664237976074,0.011418713256716728
/tmp/drone_acoustic_2026w14_phase1_downloads/raw/crema_d/audios/1060_IEO_ANG_MD.wav,ANG,emergency,emergency,0.10766652226448059,506.2431640625,538.1541748046875,0.43299099802970886,0.5392176508903503,0.027787916362285614
/tmp/drone_acoustic_2026w14_phase1_downloads/raw/crema_d/audios/1060_IEO_FEA_HI.wav,FEA,emergency,emergency,0.26310011744499207,598.8875122070312,564.2413940429688,0.2336195707321167,0.7413837909698486,0.024993665516376495
/tmp/drone_acoustic_2026w14_phase1_downloads/raw/crema_d/audios/1060_IEO_FEA_LO.wav,FEA,emergency,emergency,0.03573867678642273,295.362060546875,484.5268249511719,0.8385434746742249,0.15158653259277344,0.009825370274484158
/tmp/drone_acoustic_2026w14_phase1_downloads/raw/crema_d/audios/1060_IEO_FEA_MD.wav,FEA,emergency,emergency,0.053123608231544495,351.30914306640625,534.2355346679688,0.7976061701774597,0.19193971157073975,0.010431532748043537
/tmp/drone_acoustic_2026w14_phase1_downloads/raw/crema_d/audios/1060_IEO_NEU_XX.wav,NEU,normal,normal,0.03781602904200554,402.3236999511719,522.9768676757812,0.7482989430427551,0.23733268678188324,0.014360376633703709
/tmp/drone_acoustic_2026w14_phase1_downloads/raw/crema_d/audios/1060_IOM_ANG_XX.wav,ANG,emergency,emergency,0.3654116690158844,552.4851684570312,526.1021118164062,0.44647178053855896,0.5175024271011353,0.03602249175310135
/tmp/drone_acoustic_2026w14_phase1_downloads/raw/crema_d/audios/1060_IOM_FEA_XX.wav,FEA,emergency,emergency,0.03611471876502037,395.0290222167969,443.1736145019531,0.8330625295639038,0.16129955649375916,0.005634129047393799
/tmp/drone_acoustic_2026w14_phase1_downloads/raw/crema_d/audios/1060_IOM_NEU_XX.wav,NEU,normal,normal,0.06152579188346863,424.787109375,481.5675354003906,0.7897852063179016,0.2014881670475006,0.00870245136320591
/tmp/drone_acoustic_2026w14_phase1_downloads/raw/crema_d/audios/1060_ITH_ANG_XX.wav,ANG,emergency,emergency,0.7419013977050781,617.5135498046875,578.404541015625,0.15388432145118713,0.7738446593284607,0.07226971536874771
/tmp/drone_acoustic_2026w14_phase1_downloads/raw/crema_d/audios/1060_ITH_FEA_XX.wav,FEA,emergency,emergency,0.089771568775177,382.5809020996094,506.359130859375,0.6025388836860657,0.38629549741744995,0.011159723624587059
/tmp/drone_acoustic_2026w14_phase1_downloads/raw/crema_d/audios/1060_ITH_NEU_XX.wav,NEU,normal,normal,0.060864876955747604,413.80828857421875,501.963623046875,0.6052753329277039,0.3815675675868988,0.013152020052075386
/tmp/drone_acoustic_2026w14_phase1_downloads/raw/crema_d/audios/1060_ITS_ANG_XX.wav,ANG,emergency,emergency,0.8569006323814392,746.7749633789062,704.390625,0.24997961521148682,0.674268901348114,0.07574976235628128
/tmp/drone_acoustic_2026w14_phase1_downloads/raw/crema_d/audios/1060_ITS_FEA_XX.wav,FEA,emergency,emergency,0.007158458698540926,435.4276123046875,601.6788330078125,0.9247023463249207,0.06639289855957031,0.008894617669284344
/tmp/drone_acoustic_2026w14_phase1_downloads/raw/crema_d/audios/1060_ITS_NEU_XX.wav,NEU,normal,normal,0.036696989089250565,445.7419128417969,603.7730712890625,0.805101215839386,0.17779073119163513,0.017077555879950523
/tmp/drone_acoustic_2026w14_phase1_downloads/raw/crema_d/audios/1060_IWL_ANG_XX.wav,ANG,emergency,emergency,0.8962926268577576,649.453125,410.0670471191406,0.16710080206394196,0.7920600175857544,0.04083896055817604
/tmp/drone_acoustic_2026w14_phase1_downloads/raw/crema_d/audios/1060_IWL_FEA_XX.wav,FEA,emergency,emergency,0.04208314046263695,325.958740234375,397.66802978515625,0.8301518559455872,0.1658688187599182,0.003974585793912411
/tmp/drone_acoustic_2026w14_phase1_downloads/raw/crema_d/audios/1060_IWL_NEU_XX.wav,NEU,normal,normal,0.1396501660346985,399.5403747558594,395.6300964355469,0.5733574032783508,0.4167725443840027,0.009860673919320107
/tmp/drone_acoustic_2026w14_phase1_downloads/raw/crema_d/audios/1060_IWW_ANG_XX.wav,ANG,emergency,emergency,0.30397528409957886,544.20947265625,503.842529296875,0.4125111699104309,0.5685774087905884,0.018910622224211693
/tmp/drone_acoustic_2026w14_phase1_downloads/raw/crema_d/audios/1060_IWW_FEA_XX.wav,FEA,emergency,emergency,0.024229463189840317,325.4497375488281,487.359130859375,0.9106458425521851,0.08193925768136978,0.007406121119856834
/tmp/drone_acoustic_2026w14_phase1_downloads/raw/crema_d/audios/1060_IWW_NEU_XX.wav,NEU,normal,normal,0.0446120910346508,424.3700256347656,569.725830078125,0.7523643970489502,0.23825198411941528,0.00936018954962492
/tmp/drone_acoustic_2026w14_phase1_downloads/raw/crema_d/audios/1060_MTI_ANG_XX.wav,ANG,emergency,emergency,0.2496139109134674,535.6173706054688,478.0368347167969,0.43182772397994995,0.5373611450195312,0.030810365453362465
/tmp/drone_acoustic_2026w14_phase1_downloads/raw/crema_d/audios/1060_MTI_FEA_XX.wav,FEA,emergency,emergency,0.016080094501376152,412.9394226074219,460.2410583496094,0.7984764575958252,0.19418567419052124,0.007333291694521904
/tmp/drone_acoustic_2026w14_phase1_downloads/raw/crema_d/audios/1060_MTI_NEU_XX.wav,NEU,normal,normal,0.04700819402933121,395.5838317871094,418.4107666015625,0.7632336020469666,0.22886237502098083,0.007897906936705112
/tmp/drone_acoustic_2026w14_phase1_downloads/raw/crema_d/audios/1060_TAI_ANG_XX.wav,ANG,emergency,emergency,0.1523735374212265,696.24853515625,623.30908203125,0.2358018159866333,0.7036386728286743,0.06055785343050957
/tmp/drone_acoustic_2026w14_phase1_downloads/raw/crema_d/audios/1060_TAI_FEA_XX.wav,FEA,emergency,emergency,0.02097884938120842,492.8577575683594,565.4132080078125,0.5984657406806946,0.39179596304893494,0.009733976796269417
/tmp/drone_acoustic_2026w14_phase1_downloads/raw/crema_d/audios/1060_TAI_NEU_XX.wav,NEU,normal,normal,0.02427772991359234,395.9040832519531,527.7070922851562,0.7843428254127502,0.20176051557064056,0.013890928588807583
/tmp/drone_acoustic_2026w14_phase1_downloads/raw/crema_d/audios/1060_TIE_ANG_XX.wav,ANG,emergency,emergency,0.15136319398880005,478.3843688964844,543.619873046875,0.20772582292556763,0.6905989050865173,0.10167258232831955
/tmp/drone_acoustic_2026w14_phase1_downloads/raw/crema_d/audios/1060_TIE_FEA_XX.wav,FEA,emergency,emergency,0.029936829581856728,338.06536865234375,496.9831848144531,0.680537760257721,0.30284205079078674,0.016604142263531685
/tmp/drone_acoustic_2026w14_phase1_downloads/raw/crema_d/audios/1060_TIE_NEU_XX.wav,NEU,normal,normal,0.02326928824186325,375.2659606933594,443.90399169921875,0.7008947730064392,0.29045459628105164,0.008642122149467468
/tmp/drone_acoustic_2026w14_phase1_downloads/raw/crema_d/audios/1060_TSI_ANG_XX.wav,ANG,emergency,emergency,0.2938140332698822,911.8568115234375,909.537353515625,0.29931214451789856,0.655771017074585,0.04491439461708069
/tmp/drone_acoustic_2026w14_phase1_downloads/raw/crema_d/audios/1060_TSI_FEA_XX.wav,FEA,emergency,emergency,0.01822826825082302,794.9258422851562,899.9071655273438,0.580625593662262,0.3911173343658447,0.02823871560394764
/tmp/drone_acoustic_2026w14_phase1_downloads/raw/crema_d/audios/1060_TSI_NEU_XX.wav,NEU,normal,normal,0.02296445146203041,518.7642211914062,800.0449829101562,0.7793080806732178,0.19720220565795898,0.023468900471925735
/tmp/drone_acoustic_2026w14_phase1_downloads/raw/crema_d/audios/1060_WSI_ANG_XX.wav,ANG,emergency,emergency,0.6341139674186707,724.4521484375,712.1722412109375,0.39672109484672546,0.5874901413917542,0.015787634998559952
/tmp/drone_acoustic_2026w14_phase1_downloads/raw/crema_d/audios/1060_WSI_FEA_XX.wav,FEA,emergency,emergency,0.034426018595695496,445.51580810546875,575.0946655273438,0.6916582584381104,0.29257795214653015,0.01575186289846897
/tmp/drone_acoustic_2026w14_phase1_downloads/raw/crema_d/audios/1060_WSI_NEU_XX.wav,NEU,normal,normal,0.04270812124013901,464.1609191894531,628.63134765625,0.70770663022995,0.27740755677223206,0.014865844510495663
/tmp/drone_acoustic_2026w14_phase1_downloads/raw/crema_d/audios/1061_DFA_ANG_XX.wav,ANG,emergency,emergency,0.28937864303588867,865.4749755859375,758.5037841796875,0.319884717464447,0.501774251461029,0.17833907902240753
/tmp/drone_acoustic_2026w14_phase1_downloads/raw/crema_d/audios/1061_DFA_FEA_XX.wav,FEA,emergency,emergency,0.027380015701055527,315.4100036621094,478.8731994628906,0.7816046476364136,0.201117143034935,0.017271684482693672
/tmp/drone_acoustic_2026w14_phase1_downloads/raw/crema_d/audios/1061_DFA_NEU_XX.wav,NEU,normal,normal,0.06425974518060684,475.5755920410156,605.59765625,0.4204830527305603,0.5508702993392944,0.02863738313317299
/tmp/drone_acoustic_2026w14_phase1_downloads/raw/crema_d/audios/1061_IEO_ANG_HI.wav,ANG,emergency,emergency,1.4623266458511353,902.6378784179688,702.3771362304688,0.12788186967372894,0.7978714108467102,0.07424002140760422
/tmp/drone_acoustic_2026w14_phase1_downloads/raw/crema_d/audios/1061_IEO_ANG_LO.wav,ANG,emergency,emergency,0.22152197360992432,576.0226440429688,590.4780883789062,0.3966527283191681,0.5902540683746338,0.013091141358017921
/tmp/drone_acoustic_2026w14_phase1_downloads/raw/crema_d/audios/1061_IEO_ANG_MD.wav,ANG,emergency,emergency,0.5151962637901306,656.19140625,601.2642822265625,0.17908288538455963,0.8055264949798584,0.015389160253107548
/tmp/drone_acoustic_2026w14_phase1_downloads/raw/crema_d/audios/1061_IEO_FEA_HI.wav,FEA,emergency,emergency,0.9293908476829529,614.1491088867188,628.9175415039062,0.10773468762636185,0.8771410584449768,0.01512233167886734
/tmp/drone_acoustic_2026w14_phase1_downloads/raw/crema_d/audios/1061_IEO_FEA_LO.wav,FEA,emergency,emergency,0.06004546955227852,297.1763610839844,503.03204345703125,0.8414631485939026,0.14953012764453888,0.008961845189332962
/tmp/drone_acoustic_2026w14_phase1_downloads/raw/crema_d/audios/1061_IEO_FEA_MD.wav,FEA,emergency,emergency,0.048791542649269104,320.4463806152344,552.7828979492188,0.8765386343002319,0.11044958978891373,0.012954440899193287
/tmp/drone_acoustic_2026w14_phase1_downloads/raw/crema_d/audios/1061_IEO_NEU_XX.wav,NEU,normal,normal,0.07793159782886505,399.8315734863281,582.475341796875,0.6849521398544312,0.2884402871131897,0.026587557047605515
/tmp/drone_acoustic_2026w14_phase1_downloads/raw/crema_d/audios/1061_IOM_ANG_XX.wav,ANG,emergency,emergency,0.16455724835395813,576.5350341796875,527.2622680664062,0.4335627555847168,0.5353701114654541,0.031066345050930977
/tmp/drone_acoustic_2026w14_phase1_downloads/raw/crema_d/audios/1061_IOM_FEA_XX.wav,FEA,emergency,emergency,0.05517372861504555,306.38134765625,454.01025390625,0.7453986406326294,0.2421097308397293,0.012487728148698807
/tmp/drone_acoustic_2026w14_phase1_downloads/raw/crema_d/audios/1061_IOM_NEU_XX.wav,NEU,normal,normal,0.04011266306042671,324.4625549316406,432.5023193359375,0.8533210158348083,0.13762465119361877,0.009038962423801422
/tmp/drone_acoustic_2026w14_phase1_downloads/raw/crema_d/audios/1061_ITH_ANG_XX.wav,ANG,emergency,emergency,0.219527468085289,628.860595703125,649.2178955078125,0.5452631711959839,0.4091227650642395,0.045608073472976685
/tmp/drone_acoustic_2026w14_phase1_downloads/raw/crema_d/audios/1061_ITH_FEA_XX.wav,FEA,emergency,emergency,0.0240333192050457,357.8869934082031,559.7472534179688,0.8757546544075012,0.10811309516429901,0.016107546165585518
/tmp/drone_acoustic_2026w14_phase1_downloads/raw/crema_d/audios/1061_ITH_NEU_XX.wav,NEU,normal,normal,0.07334887236356735,378.1592712402344,540.0152587890625,0.7222208976745605,0.23827968537807465,0.03948604315519333
/tmp/drone_acoustic_2026w14_phase1_downloads/raw/crema_d/audios/1061_ITS_ANG_XX.wav,ANG,emergency,emergency,0.11564945429563522,815.2487182617188,744.9142456054688,0.46211057901382446,0.4849563241004944,0.05291809141635895
/tmp/drone_acoustic_2026w14_phase1_downloads/raw/crema_d/audios/1061_ITS_FEA_XX.wav,FEA,emergency,emergency,0.013104898855090141,419.68994140625,626.5385131835938,0.9190355539321899,0.05065415799617767,0.030283913016319275
/tmp/drone_acoustic_2026w14_phase1_downloads/raw/crema_d/audios/1061_ITS_NEU_XX.wav,NEU,normal,normal,0.03754952922463417,624.9671630859375,736.0857543945312,0.8494642972946167,0.10916295647621155,0.041299786418676376
/tmp/drone_acoustic_2026w14_phase1_downloads/raw/crema_d/audios/1061_IWL_ANG_XX.wav,ANG,emergency,emergency,0.5067233443260193,629.0884399414062,466.9554138183594,0.22567667067050934,0.7536798715591431,0.020642679184675217
/tmp/drone_acoustic_2026w14_phase1_downloads/raw/crema_d/audios/1061_IWL_FEA_XX.wav,FEA,emergency,emergency,0.04158838838338852,312.3682861328125,448.8928527832031,0.7511864900588989,0.24287213385105133,0.005921709816902876
/tmp/drone_acoustic_2026w14_phase1_downloads/raw/crema_d/audios/1061_IWL_NEU_XX.wav,NEU,normal,normal,0.2364049106836319,409.7087097167969,438.6995544433594,0.41815829277038574,0.5690556764602661,0.012779700569808483
/tmp/drone_acoustic_2026w14_phase1_downloads/raw/crema_d/audios/1061_IWW_ANG_XX.wav,ANG,emergency,emergency,0.5258912444114685,504.0517883300781,566.6456298828125,0.43332964181900024,0.5498028993606567,0.01686202920973301
/tmp/drone_acoustic_2026w14_phase1_downloads/raw/crema_d/audios/1061_IWW_FEA_XX.wav,FEA,emergency,emergency,0.03513987362384796,343.0231628417969,571.1101684570312,0.7856152653694153,0.19247664511203766,0.021857406944036484
/tmp/drone_acoustic_2026w14_phase1_downloads/raw/crema_d/audios/1061_IWW_NEU_XX.wav,NEU,normal,normal,0.05184777453541756,485.05194091796875,701.825927734375,0.6858122944831848,0.2907526195049286,0.02341935969889164
/tmp/drone_acoustic_2026w14_phase1_downloads/raw/crema_d/audios/1061_MTI_ANG_XX.wav,ANG,emergency,emergency,0.6639765501022339,653.7857055664062,554.0723266601562,0.09376338124275208,0.8603875041007996,0.04584746062755585
/tmp/drone_acoustic_2026w14_phase1_downloads/raw/crema_d/audios/1061_MTI_FEA_XX.wav,FEA,emergency,emergency,0.030721833929419518,345.7320556640625,439.61865234375,0.8153419494628906,0.17502279579639435,0.009632504545152187
/tmp/drone_acoustic_2026w14_phase1_downloads/raw/crema_d/audios/1061_MTI_NEU_XX.wav,NEU,normal,normal,0.05466137453913689,323.58734130859375,449.83941650390625,0.7904999256134033,0.19720634818077087,0.012277391739189625
/tmp/drone_acoustic_2026w14_phase1_downloads/raw/crema_d/audios/1061_TAI_ANG_XX.wav,ANG,emergency,emergency,0.10214317589998245,672.0350341796875,714.185302734375,0.32689613103866577,0.6444159746170044,0.028682829812169075
/tmp/drone_acoustic_2026w14_phase1_downloads/raw/crema_d/audios/1061_TAI_FEA_XX.wav,FEA,emergency,emergency,0.02571110427379608,409.75390625,615.1057739257812,0.8255618810653687,0.15057645738124847,0.02382214367389679
/tmp/drone_acoustic_2026w14_phase1_downloads/raw/crema_d/audios/1061_TAI_NEU_XX.wav,NEU,normal,normal,0.04529421776533127,418.4062194824219,609.6338500976562,0.6886775493621826,0.28284505009651184,0.028463969007134438
/tmp/drone_acoustic_2026w14_phase1_downloads/raw/crema_d/audios/1061_TIE_ANG_XX.wav,ANG,emergency,emergency,1.1050814390182495,703.7767333984375,698.9951782226562,0.1743231564760208,0.6771626472473145,0.14850515127182007
/tmp/drone_acoustic_2026w14_phase1_downloads/raw/crema_d/audios/1061_TIE_FEA_XX.wav,FEA,emergency,emergency,0.0606987439095974,361.88494873046875,550.778076171875,0.6785523891448975,0.29835060238838196,0.023082947358489037
/tmp/drone_acoustic_2026w14_phase1_downloads/raw/crema_d/audios/1061_TIE_NEU_XX.wav,NEU,normal,normal,0.050402212888002396,299.9880065917969,523.6973266601562,0.7760452032089233,0.20348162949085236,0.020442916080355644
/tmp/drone_acoustic_2026w14_phase1_downloads/raw/crema_d/audios/1061_TSI_ANG_XX.wav,ANG,emergency,emergency,0.23837658762931824,1504.1015625,1117.6708984375,0.21126750111579895,0.6475341320037842,0.14111004769802094
/tmp/drone_acoustic_2026w14_phase1_downloads/raw/crema_d/audios/1061_TSI_FEA_XX.wav,FEA,emergency,emergency,0.03862716257572174,1036.7657470703125,957.9998779296875,0.7114750742912292,0.0991264060139656,0.18925078213214874
/tmp/drone_acoustic_2026w14_phase1_downloads/raw/crema_d/audios/1061_TSI_NEU_XX.wav,NEU,normal,normal,0.05970561504364014,1098.525390625,1052.7681884765625,0.6786823272705078,0.20423538982868195,0.11691317707300186
/tmp/drone_acoustic_2026w14_phase1_downloads/raw/crema_d/audios/1061_WSI_ANG_XX.wav,ANG,emergency,emergency,0.6455200910568237,1283.6676025390625,940.4317626953125,0.2080310434103012,0.7290505170822144,0.06291456520557404
/tmp/drone_acoustic_2026w14_phase1_downloads/raw/crema_d/audios/1061_WSI_FEA_XX.wav,FEA,emergency,emergency,0.05278274416923523,656.4745483398438,696.0994873046875,0.3952242136001587,0.5922507047653198,0.012520475313067436
/tmp/drone_acoustic_2026w14_phase1_downloads/raw/crema_d/audios/1061_WSI_NEU_XX.wav,NEU,normal,normal,0.04378720745444298,827.943603515625,832.4780883789062,0.5672711730003357,0.3884058892726898,0.04417889937758446
/tmp/drone_acoustic_2026w14_phase1_downloads/raw/crema_d/audios/1062_DFA_ANG_XX.wav,ANG,emergency,emergency,0.048534512519836426,617.2227172851562,541.9218139648438,0.15351136028766632,0.8380061388015747,0.008481954224407673
/tmp/drone_acoustic_2026w14_phase1_downloads/raw/crema_d/audios/1062_DFA_FEA_XX.wav,FEA,emergency,emergency,0.022129563614726067,313.13970947265625,469.8284912109375,0.8379513025283813,0.14541682600975037,0.016623536124825478
/tmp/drone_acoustic_2026w14_phase1_downloads/raw/crema_d/audios/1062_DFA_NEU_XX.wav,NEU,normal,normal,0.02005378156900406,339.9370422363281,396.45794677734375,0.3478054106235504,0.6489124894142151,0.003280076663941145
/tmp/drone_acoustic_2026w14_phase1_downloads/raw/crema_d/audios/1062_IEO_ANG_HI.wav,ANG,emergency,emergency,0.197356179356575,602.5444946289062,576.4635009765625,0.10947208851575851,0.8619812726974487,0.028545686975121498
/tmp/drone_acoustic_2026w14_phase1_downloads/raw/crema_d/audios/1062_IEO_ANG_LO.wav,ANG,emergency,emergency,0.0957673192024231,394.3143615722656,446.7651062011719,0.33617672324180603,0.6589971780776978,0.00482581602409482
/tmp/drone_acoustic_2026w14_phase1_downloads/raw/crema_d/audios/1062_IEO_ANG_MD.wav,ANG,emergency,emergency,0.10661184042692184,443.9914855957031,459.3922119140625,0.2854424715042114,0.7070572972297668,0.007499426603317261
/tmp/drone_acoustic_2026w14_phase1_downloads/raw/crema_d/audios/1062_IEO_FEA_HI.wav,FEA,emergency,emergency,0.1364871859550476,451.9319152832031,461.46026611328125,0.3344980478286743,0.6567335724830627,0.00876613799482584
/tmp/drone_acoustic_2026w14_phase1_downloads/raw/crema_d/audios/1062_IEO_FEA_LO.wav,FEA,emergency,emergency,0.03228570893406868,313.8865051269531,448.2008056640625,0.6147168874740601,0.3802530765533447,0.005026551894843578
/tmp/drone_acoustic_2026w14_phase1_downloads/raw/crema_d/audios/1062_IEO_FEA_MD.wav,FEA,emergency,emergency,0.01727190427482128,267.0397644042969,441.8339538574219,0.8070160746574402,0.18715153634548187,0.005821489728987217
/tmp/drone_acoustic_2026w14_phase1_downloads/raw/crema_d/audios/1062_IEO_NEU_XX.wav,NEU,normal,normal,0.02033349871635437,355.9897766113281,417.4848937988281,0.6699365377426147,0.32394665479660034,0.0061154235154390335
/tmp/drone_acoustic_2026w14_phase1_downloads/raw/crema_d/audios/1062_IOM_ANG_XX.wav,ANG,emergency,emergency,0.06585710495710373,420.5721435546875,318.8790588378906,0.4591493010520935,0.5301058888435364,0.010744359344244003
/tmp/drone_acoustic_2026w14_phase1_downloads/raw/crema_d/audios/1062_IOM_FEA_XX.wav,FEA,emergency,emergency,0.025287747383117676,279.4930725097656,332.2557067871094,0.7536624670028687,0.2424781620502472,0.0038565571885555983
/tmp/drone_acoustic_2026w14_phase1_downloads/raw/crema_d/audios/1062_IOM_NEU_XX.wav,NEU,normal,normal,0.062113385647535324,343.1823425292969,312.6733703613281,0.46513962745666504,0.5320109724998474,0.0028477455489337444
/tmp/drone_acoustic_2026w14_phase1_downloads/raw/crema_d/audios/1062_ITH_ANG_XX.wav,ANG,emergency,emergency,0.05313120037317276,483.6251220703125,437.49169921875,0.16616569459438324,0.8252667784690857,0.008567152544856071
/tmp/drone_acoustic_2026w14_phase1_downloads/raw/crema_d/audios/1062_ITH_FEA_XX.wav,FEA,emergency,emergency,0.01651434227824211,267.70733642578125,435.0783386230469,0.8369836807250977,0.15184669196605682,0.011161445640027523
/tmp/drone_acoustic_2026w14_phase1_downloads/raw/crema_d/audios/1062_ITH_NEU_XX.wav,NEU,normal,normal,0.024577971547842026,336.37451171875,372.8628845214844,0.3673975169658661,0.6284447908401489,0.004154609516263008
/tmp/drone_acoustic_2026w14_phase1_downloads/raw/crema_d/audios/1062_ITS_ANG_XX.wav,ANG,emergency,emergency,0.02576296776533127,514.0889282226562,449.3581848144531,0.1999773383140564,0.7907611727714539,0.00926125980913639
/tmp/drone_acoustic_2026w14_phase1_downloads/raw/crema_d/audios/1062_ITS_FEA_XX.wav,FEA,emergency,emergency,0.013828074559569359,421.5532531738281,547.2327270507812,0.825184166431427,0.15681417286396027,0.01798408478498459
/tmp/drone_acoustic_2026w14_phase1_downloads/raw/crema_d/audios/1062_ITS_NEU_XX.wav,NEU,normal,normal,0.020876718685030937,443.9959411621094,497.18084716796875,0.43046319484710693,0.5591254234313965,0.010399394668638706
/tmp/drone_acoustic_2026w14_phase1_downloads/raw/crema_d/audios/1062_IWL_ANG_XX.wav,ANG,emergency,emergency,0.13576573133468628,543.571533203125,455.136962890625,0.18836353719234467,0.7956965565681458,0.015939749777317047
/tmp/drone_acoustic_2026w14_phase1_downloads/raw/crema_d/audios/1062_IWL_FEA_XX.wav,FEA,emergency,emergency,0.011655584909021854,285.63970947265625,368.4617614746094,0.826299786567688,0.17094118893146515,0.002744589699432254
/tmp/drone_acoustic_2026w14_phase1_downloads/raw/crema_d/audios/1062_IWL_NEU_XX.wav,NEU,normal,normal,0.025139644742012024,365.5472412109375,317.02716064453125,0.4357295632362366,0.5618398785591125,0.0024291006848216057
/tmp/drone_acoustic_2026w14_phase1_downloads/raw/crema_d/audios/1062_IWW_ANG_XX.wav,ANG,emergency,emergency,0.04809439182281494,612.1795654296875,470.69769287109375,0.37873098254203796,0.6161231398582458,0.0051439618691802025
/tmp/drone_acoustic_2026w14_phase1_downloads/raw/crema_d/audios/1062_IWW_FEA_XX.wav,FEA,emergency,emergency,0.018699532374739647,349.8273620605469,460.7493591308594,0.7978807687759399,0.1917622685432434,0.010353024117648602
/tmp/drone_acoustic_2026w14_phase1_downloads/raw/crema_d/audios/1062_IWW_NEU_XX.wav,NEU,normal,normal,0.014678423292934895,421.2668151855469,427.1513977050781,0.49297624826431274,0.5041319727897644,0.0028901705518364906
/tmp/drone_acoustic_2026w14_phase1_downloads/raw/crema_d/audios/1062_MTI_ANG_XX.wav,ANG,emergency,emergency,0.08533400297164917,433.7769470214844,347.3823547363281,0.21935458481311798,0.7757739424705505,0.004871326964348555
/tmp/drone_acoustic_2026w14_phase1_downloads/raw/crema_d/audios/1062_MTI_FEA_XX.wav,FEA,emergency,emergency,0.01577022485435009,297.9189758300781,363.63885498046875,0.7575477361679077,0.23511245846748352,0.007335486821830273
/tmp/drone_acoustic_2026w14_phase1_downloads/raw/crema_d/audios/1062_MTI_NEU_XX.wav,NEU,normal,normal,0.03405696898698807,344.9833984375,338.9905700683594,0.5828914046287537,0.41149917244911194,0.005608554929494858
/tmp/drone_acoustic_2026w14_phase1_downloads/raw/crema_d/audios/1062_TAI_ANG_XX.wav,ANG,emergency,emergency,0.04077055677771568,527.1129150390625,459.87945556640625,0.27797719836235046,0.7187819480895996,0.0032403485383838415
/tmp/drone_acoustic_2026w14_phase1_downloads/raw/crema_d/audios/1062_TAI_FEA_XX.wav,FEA,emergency,emergency,0.014629017561674118,341.85540771484375,433.5310974121094,0.8084735870361328,0.1816624104976654,0.009849808178842068
/tmp/drone_acoustic_2026w14_phase1_downloads/raw/crema_d/audios/1062_TAI_NEU_XX.wav,NEU,normal,normal,0.010470086708664894,423.03204345703125,435.935791015625,0.4764948785305023,0.5196906328201294,0.003813286777585745
/tmp/drone_acoustic_2026w14_phase1_downloads/raw/crema_d/audios/1062_TIE_ANG_XX.wav,ANG,emergency,emergency,0.05959407985210419,443.2661437988281,489.0080261230469,0.17360948026180267,0.8127785325050354,0.013611256144940853
/tmp/drone_acoustic_2026w14_phase1_downloads/raw/crema_d/audios/1062_TIE_FEA_XX.wav,FEA,emergency,emergency,0.01740330085158348,323.1041564941406,433.2744140625,0.5078884959220886,0.4863438010215759,0.005761564709246159
/tmp/drone_acoustic_2026w14_phase1_downloads/raw/crema_d/audios/1062_TIE_NEU_XX.wav,NEU,normal,normal,0.021115975454449654,369.4674072265625,407.9737854003906,0.3742452561855316,0.6209805011749268,0.004772362299263477
/tmp/drone_acoustic_2026w14_phase1_downloads/raw/crema_d/audios/1062_TSI_ANG_XX.wav,ANG,emergency,emergency,0.026386180892586708,675.6753540039062,690.47998046875,0.21703004837036133,0.7766028642654419,0.006365017965435982
/tmp/drone_acoustic_2026w14_phase1_downloads/raw/crema_d/audios/1062_TSI_FEA_XX.wav,FEA,emergency,emergency,0.03417019918560982,705.204833984375,830.0526123046875,0.7549536228179932,0.20124992728233337,0.04378732666373253
/tmp/drone_acoustic_2026w14_phase1_downloads/raw/crema_d/audios/1062_TSI_NEU_XX.wav,NEU,normal,normal,0.040763676166534424,641.650146484375,750.6692504882812,0.7032329440116882,0.2601497769355774,0.03659619763493538
/tmp/drone_acoustic_2026w14_phase1_downloads/raw/crema_d/audios/1062_WSI_ANG_XX.wav,ANG,emergency,emergency,0.0868963673710823,599.6024169921875,505.6787109375,0.307961642742157,0.6849204301834106,0.007117053493857384
/tmp/drone_acoustic_2026w14_phase1_downloads/raw/crema_d/audios/1062_WSI_FEA_XX.wav,FEA,emergency,emergency,0.0458509586751461,598.5440673828125,645.3201293945312,0.5914408564567566,0.3981853425502777,0.01037148479372263
/tmp/drone_acoustic_2026w14_phase1_downloads/raw/crema_d/audios/1062_WSI_NEU_XX.wav,NEU,normal,normal,0.04608815908432007,518.2720947265625,556.0811157226562,0.4002680480480194,0.5955623388290405,0.004166873637586832
/tmp/drone_acoustic_2026w14_phase1_downloads/raw/crema_d/audios/1063_DFA_ANG_XX.wav,ANG,emergency,emergency,0.26706716418266296,651.0399780273438,651.6988525390625,0.16718535125255585,0.7006319761276245,0.13218167424201965
/tmp/drone_acoustic_2026w14_phase1_downloads/raw/crema_d/audios/1063_DFA_FEA_XX.wav,FEA,emergency,emergency,0.043656740337610245,409.4365539550781,520.3250732421875,0.45594653487205505,0.5217612981796265,0.02228950336575508
/tmp/drone_acoustic_2026w14_phase1_downloads/raw/crema_d/audios/1063_DFA_NEU_XX.wav,NEU,normal,normal,0.09493277221918106,392.4935302734375,497.4850158691406,0.504500150680542,0.45595782995224,0.039539847522974014
/tmp/drone_acoustic_2026w14_phase1_downloads/raw/crema_d/audios/1063_IEO_ANG_HI.wav,ANG,emergency,emergency,0.28470784425735474,736.8213500976562,656.2482299804688,0.05044817924499512,0.8700954914093018,0.07945176213979721
/tmp/drone_acoustic_2026w14_phase1_downloads/raw/crema_d/audios/1063_IEO_ANG_LO.wav,ANG,emergency,emergency,0.2712972164154053,497.9622497558594,513.0333251953125,0.41341426968574524,0.5731055736541748,0.013478212058544159
/tmp/drone_acoustic_2026w14_phase1_downloads/raw/crema_d/audios/1063_IEO_ANG_MD.wav,ANG,emergency,emergency,0.26673150062561035,461.6212463378906,479.8625183105469,0.25305724143981934,0.7261931896209717,0.020749105140566826
/tmp/drone_acoustic_2026w14_phase1_downloads/raw/crema_d/audios/1063_IEO_FEA_HI.wav,FEA,emergency,emergency,1.5099066495895386,836.3739624023438,778.8156127929688,0.19895456731319427,0.7217630743980408,0.07923116534948349
/tmp/drone_acoustic_2026w14_phase1_downloads/raw/crema_d/audios/1063_IEO_FEA_LO.wav,FEA,emergency,emergency,0.020933525636792183,355.14813232421875,524.05615234375,0.7962039709091187,0.18217822909355164,0.021592840552330017
/tmp/drone_acoustic_2026w14_phase1_downloads/raw/crema_d/audios/1063_IEO_FEA_MD.wav,FEA,emergency,emergency,0.04915376380085945,312.1164245605469,507.8236083984375,0.8523154854774475,0.13313482701778412,0.014516979455947876
/tmp/drone_acoustic_2026w14_phase1_downloads/raw/crema_d/audios/1063_IEO_NEU_XX.wav,NEU,normal,normal,0.06217014789581299,406.2002868652344,470.9859924316406,0.3044736683368683,0.6807857155799866,0.01469110231846571
/tmp/drone_acoustic_2026w14_phase1_downloads/raw/crema_d/audios/1063_IOM_ANG_XX.wav,ANG,emergency,emergency,0.6583594679832458,594.0429077148438,567.4985961914062,0.3257793188095093,0.41823214292526245,0.2559872269630432
/tmp/drone_acoustic_2026w14_phase1_downloads/raw/crema_d/audios/1063_IOM_FEA_XX.wav,FEA,emergency,emergency,0.007848725654184818,304.1858825683594,400.88751220703125,0.938755989074707,0.056954022496938705,0.004287790507078171
/tmp/drone_acoustic_2026w14_phase1_downloads/raw/crema_d/audios/1063_IOM_NEU_XX.wav,NEU,normal,normal,0.14293114840984344,393.49359130859375,448.03057861328125,0.36010241508483887,0.633311927318573,0.006579332984983921
/tmp/drone_acoustic_2026w14_phase1_downloads/raw/crema_d/audios/1063_ITH_ANG_XX.wav,ANG,emergency,emergency,0.6237139105796814,628.4254760742188,630.4718627929688,0.2785927355289459,0.5929375290870667,0.12846747040748596
/tmp/drone_acoustic_2026w14_phase1_downloads/raw/crema_d/audios/1063_ITH_FEA_XX.wav,FEA,emergency,emergency,0.0306662917137146,286.31854248046875,504.6425476074219,0.8933629989624023,0.09192456305027008,0.01470731757581234
/tmp/drone_acoustic_2026w14_phase1_downloads/raw/crema_d/audios/1063_ITH_NEU_XX.wav,NEU,normal,normal,0.17083367705345154,445.8793640136719,488.2427673339844,0.4045558571815491,0.5753576755523682,0.020080557093024254
/tmp/drone_acoustic_2026w14_phase1_downloads/raw/crema_d/audios/1063_ITS_ANG_XX.wav,ANG,emergency,emergency,0.7287939786911011,693.5843505859375,710.5200805664062,0.1518256962299347,0.7320694923400879,0.11610104888677597
/tmp/drone_acoustic_2026w14_phase1_downloads/raw/crema_d/audios/1063_ITS_FEA_XX.wav,FEA,emergency,emergency,0.06069902703166008,458.0921936035156,602.7402954101562,0.7754694819450378,0.19643914699554443,0.02807251736521721
/tmp/drone_acoustic_2026w14_phase1_downloads/raw/crema_d/audios/1063_ITS_NEU_XX.wav,NEU,normal,normal,0.11302292346954346,405.0910339355469,552.8716430664062,0.4873567521572113,0.47212687134742737,0.04050727188587189
/tmp/drone_acoustic_2026w14_phase1_downloads/raw/crema_d/audios/1063_IWL_ANG_XX.wav,ANG,emergency,emergency,0.9132533073425293,717.8981323242188,492.4734191894531,0.15404973924160004,0.8027355074882507,0.04321446642279625
/tmp/drone_acoustic_2026w14_phase1_downloads/raw/crema_d/audios/1063_IWL_FEA_XX.wav,FEA,emergency,emergency,0.016154233366250992,327.8845520019531,387.0699462890625,0.7767276763916016,0.22155892848968506,0.0017111971974372864
/tmp/drone_acoustic_2026w14_phase1_downloads/raw/crema_d/audios/1063_IWL_NEU_XX.wav,NEU,normal,normal,0.1750052571296692,439.7277526855469,380.1022033691406,0.344368577003479,0.644694447517395,0.010934232734143734
/tmp/drone_acoustic_2026w14_phase1_downloads/raw/crema_d/audios/1063_IWW_ANG_XX.wav,ANG,emergency,emergency,0.09395719319581985,548.58642578125,579.1416015625,0.3665422201156616,0.6178560256958008,0.015598760917782784
/tmp/drone_acoustic_2026w14_phase1_downloads/raw/crema_d/audios/1063_IWW_FEA_XX.wav,FEA,emergency,emergency,0.01839042454957962,444.90447998046875,651.4593505859375,0.8315780758857727,0.15779507160186768,0.010607198812067509
/tmp/drone_acoustic_2026w14_phase1_downloads/raw/crema_d/audios/1063_IWW_NEU_XX.wav,NEU,normal,normal,0.04114941135048866,421.87957763671875,497.4109191894531,0.5703986883163452,0.4253273606300354,0.004248721990734339
/tmp/drone_acoustic_2026w14_phase1_downloads/raw/crema_d/audios/1063_MTI_ANG_XX.wav,ANG,emergency,emergency,0.12478183209896088,482.9638366699219,454.96417236328125,0.3189900815486908,0.6430414915084839,0.037965547293424606
/tmp/drone_acoustic_2026w14_phase1_downloads/raw/crema_d/audios/1063_MTI_FEA_XX.wav,FEA,emergency,emergency,0.06293195486068726,315.49652099609375,399.9537353515625,0.688833475112915,0.30748143792152405,0.003681336296722293
/tmp/drone_acoustic_2026w14_phase1_downloads/raw/crema_d/audios/1063_MTI_NEU_XX.wav,NEU,normal,normal,0.09177093207836151,381.3486633300781,404.5048828125,0.5021941661834717,0.49232006072998047,0.005484364926815033
/tmp/drone_acoustic_2026w14_phase1_downloads/raw/crema_d/audios/1063_TAI_ANG_XX.wav,ANG,emergency,emergency,0.34566861391067505,725.7128295898438,643.6821899414062,0.3313363790512085,0.599398136138916,0.0692647323012352
/tmp/drone_acoustic_2026w14_phase1_downloads/raw/crema_d/audios/1063_TAI_FEA_XX.wav,FEA,emergency,emergency,0.005620045121759176,314.8846130371094,425.8694763183594,0.8505961298942566,0.14635613560676575,0.0030450145713984966
/tmp/drone_acoustic_2026w14_phase1_downloads/raw/crema_d/audios/1063_TAI_NEU_XX.wav,NEU,normal,normal,0.12908534705638885,480.49310302734375,551.1155395507812,0.49986764788627625,0.4249895513057709,0.07513443380594254
/tmp/drone_acoustic_2026w14_phase1_downloads/raw/crema_d/audios/1063_TIE_ANG_XX.wav,ANG,emergency,emergency,1.1728146076202393,658.3782348632812,717.5242309570312,0.13730549812316895,0.6066078543663025,0.25605493783950806
/tmp/drone_acoustic_2026w14_phase1_downloads/raw/crema_d/audios/1063_TIE_FEA_XX.wav,FEA,emergency,emergency,0.11980147659778595,391.8497619628906,561.1116333007812,0.5374284982681274,0.413511723279953,0.04904281720519066
/tmp/drone_acoustic_2026w14_phase1_downloads/raw/crema_d/audios/1063_TIE_NEU_XX.wav,NEU,normal,normal,0.1085924506187439,367.7179260253906,484.1660461425781,0.5397104620933533,0.4316953122615814,0.028583325445652008
/tmp/drone_acoustic_2026w14_phase1_downloads/raw/crema_d/audios/1063_TSI_ANG_XX.wav,ANG,emergency,emergency,0.3687131702899933,1087.808349609375,1054.5758056640625,0.09990896284580231,0.8267423510551453,0.07331469655036926
/tmp/drone_acoustic_2026w14_phase1_downloads/raw/crema_d/audios/1063_TSI_FEA_XX.wav,FEA,emergency,emergency,0.2232421189546585,909.484130859375,1058.1954345703125,0.4850941598415375,0.414346307516098,0.10051024705171585
/tmp/drone_acoustic_2026w14_phase1_downloads/raw/crema_d/audios/1063_TSI_NEU_XX.wav,NEU,normal,normal,0.0834190845489502,674.1758422851562,870.482421875,0.673164963722229,0.2734907567501068,0.053294312208890915
/tmp/drone_acoustic_2026w14_phase1_downloads/raw/crema_d/audios/1063_WSI_ANG_XX.wav,ANG,emergency,emergency,0.15568006038665771,1199.988525390625,888.804931640625,0.2911205589771271,0.6301313638687134,0.0787443071603775
/tmp/drone_acoustic_2026w14_phase1_downloads/raw/crema_d/audios/1063_WSI_FEA_XX.wav,FEA,emergency,emergency,0.17331092059612274,710.7427368164062,720.6106567382812,0.5021360516548157,0.4880233108997345,0.009831993840634823
/tmp/drone_acoustic_2026w14_phase1_downloads/raw/crema_d/audios/1063_WSI_NEU_XX.wav,NEU,normal,normal,0.0963846743106842,694.8030395507812,713.4536743164062,0.43069571256637573,0.5476140975952148,0.021565541625022888
/tmp/drone_acoustic_2026w14_phase1_downloads/raw/crema_d/audios/1064_DFA_ANG_XX.wav,ANG,emergency,emergency,0.4268265664577484,638.3724975585938,654.4530029296875,0.16919705271720886,0.7574872374534607,0.07331220805644989
/tmp/drone_acoustic_2026w14_phase1_downloads/raw/crema_d/audios/1064_DFA_FEA_XX.wav,FEA,emergency,emergency,0.2991200387477875,497.28594970703125,609.1934204101562,0.3703681230545044,0.5957849621772766,0.03383881226181984
/tmp/drone_acoustic_2026w14_phase1_downloads/raw/crema_d/audios/1064_DFA_NEU_XX.wav,NEU,normal,normal,0.06060032919049263,334.2592468261719,467.3827209472656,0.5795392394065857,0.40855926275253296,0.011896769516170025
/tmp/drone_acoustic_2026w14_phase1_downloads/raw/crema_d/audios/1064_IEO_ANG_HI.wav,ANG,emergency,emergency,0.5020613074302673,959.7146606445312,871.8384399414062,0.12497590482234955,0.7735241651535034,0.10148566216230392
/tmp/drone_acoustic_2026w14_phase1_downloads/raw/crema_d/audios/1064_IEO_ANG_LO.wav,ANG,emergency,emergency,0.07059957832098007,518.4420776367188,572.723876953125,0.16078339517116547,0.8123053312301636,0.026908406987786293
/tmp/drone_acoustic_2026w14_phase1_downloads/raw/crema_d/audios/1064_IEO_ANG_MD.wav,ANG,emergency,emergency,0.1479056179523468,607.4104614257812,674.2396240234375,0.16507184505462646,0.7792996764183044,0.05562266334891319
/tmp/drone_acoustic_2026w14_phase1_downloads/raw/crema_d/audios/1064_IEO_FEA_HI.wav,FEA,emergency,emergency,0.8024154901504517,660.4199829101562,702.1386108398438,0.22032767534255981,0.7591502070426941,0.02051258459687233
/tmp/drone_acoustic_2026w14_phase1_downloads/raw/crema_d/audios/1064_IEO_FEA_LO.wav,FEA,emergency,emergency,0.08500606566667557,417.8280944824219,593.2393798828125,0.28862932324409485,0.6907116770744324,0.020653359591960907
/tmp/drone_acoustic_2026w14_phase1_downloads/raw/crema_d/audios/1064_IEO_FEA_MD.wav,FEA,emergency,emergency,0.04354009032249451,419.6536865234375,657.0918579101562,0.6373578310012817,0.34840306639671326,0.01422266848385334
/tmp/drone_acoustic_2026w14_phase1_downloads/raw/crema_d/audios/1064_IEO_NEU_XX.wav,NEU,normal,normal,0.03738012537360191,379.05963134765625,516.4321899414062,0.6700035333633423,0.3222450017929077,0.007740076165646315
/tmp/drone_acoustic_2026w14_phase1_downloads/raw/crema_d/audios/1064_IOM_ANG_XX.wav,ANG,emergency,emergency,0.37700900435447693,632.5994873046875,669.7196655273438,0.2675347328186035,0.5904917120933533,0.1419687420129776
/tmp/drone_acoustic_2026w14_phase1_downloads/raw/crema_d/audios/1064_IOM_FEA_XX.wav,FEA,emergency,emergency,0.03971051052212715,324.4171447753906,449.67901611328125,0.8811640739440918,0.09714177995920181,0.021693328395485878
/tmp/drone_acoustic_2026w14_phase1_downloads/raw/crema_d/audios/1064_IOM_NEU_XX.wav,NEU,normal,normal,0.08944413810968399,350.55694580078125,440.1973876953125,0.7272164225578308,0.25236034393310547,0.020420553162693977
/tmp/drone_acoustic_2026w14_phase1_downloads/raw/crema_d/audios/1064_ITH_ANG_XX.wav,ANG,emergency,emergency,0.30239975452423096,551.6328735351562,672.3458862304688,0.3288523554801941,0.5918357372283936,0.07930435240268707
/tmp/drone_acoustic_2026w14_phase1_downloads/raw/crema_d/audios/1064_ITH_FEA_XX.wav,FEA,emergency,emergency,0.09338892996311188,380.19384765625,564.7329711914062,0.6464754939079285,0.33594465255737305,0.01757332868874073
/tmp/drone_acoustic_2026w14_phase1_downloads/raw/crema_d/audios/1064_ITH_NEU_XX.wav,NEU,normal,normal,0.1297600418329239,366.4361572265625,451.6510314941406,0.39656057953834534,0.5824483633041382,0.020987605676054955
/tmp/drone_acoustic_2026w14_phase1_downloads/raw/crema_d/audios/1064_ITS_ANG_XX.wav,ANG,emergency,emergency,0.16975411772727966,572.9839477539062,652.8394775390625,0.3284086287021637,0.6210776567459106,0.05050021409988403
/tmp/drone_acoustic_2026w14_phase1_downloads/raw/crema_d/audios/1064_ITS_FEA_XX.wav,FEA,emergency,emergency,0.1307343989610672,483.1187438964844,668.5231323242188,0.5613204836845398,0.3943376839160919,0.04432258382439613
/tmp/drone_acoustic_2026w14_phase1_downloads/raw/crema_d/audios/1064_ITS_NEU_XX.wav,NEU,normal,normal,0.0676167905330658,455.3413391113281,544.334228515625,0.6229612231254578,0.34972208738327026,0.02731100469827652
/tmp/drone_acoustic_2026w14_phase1_downloads/raw/crema_d/audios/1064_IWL_ANG_XX.wav,ANG,emergency,emergency,0.1285729706287384,400.9410705566406,477.8098449707031,0.34162071347236633,0.6244828104972839,0.03389370068907738
/tmp/drone_acoustic_2026w14_phase1_downloads/raw/crema_d/audios/1064_IWL_FEA_XX.wav,FEA,emergency,emergency,0.04579780623316765,331.92718505859375,477.85595703125,0.5327197909355164,0.4619942605495453,0.005284280516207218
/tmp/drone_acoustic_2026w14_phase1_downloads/raw/crema_d/audios/1064_IWL_NEU_XX.wav,NEU,normal,normal,0.07554866373538971,359.52215576171875,364.0977478027344,0.4994455873966217,0.48507678508758545,0.015475714579224586
/tmp/drone_acoustic_2026w14_phase1_downloads/raw/crema_d/audios/1064_IWW_ANG_XX.wav,ANG,emergency,emergency,0.20710542798042297,502.9482727050781,620.5013427734375,0.42463210225105286,0.5213295221328735,0.054033298045396805
/tmp/drone_acoustic_2026w14_phase1_downloads/raw/crema_d/audios/1064_IWW_FEA_XX.wav,FEA,emergency,emergency,0.03584836423397064,576.5692749023438,696.3102416992188,0.8516847491264343,0.1243576779961586,0.023865047842264175
/tmp/drone_acoustic_2026w14_phase1_downloads/raw/crema_d/audios/1064_IWW_NEU_XX.wav,NEU,normal,normal,0.05020398274064064,423.246826171875,530.5673828125,0.6939005851745605,0.29380473494529724,0.01228731032460928
/tmp/drone_acoustic_2026w14_phase1_downloads/raw/crema_d/audios/1064_MTI_ANG_XX.wav,ANG,emergency,emergency,0.05740984156727791,420.0622863769531,476.5584411621094,0.7236917018890381,0.2377876341342926,0.038517992943525314
/tmp/drone_acoustic_2026w14_phase1_downloads/raw/crema_d/audios/1064_MTI_FEA_XX.wav,FEA,emergency,emergency,0.007149297744035721,304.30279541015625,393.8721008300781,0.8084618449211121,0.1887938529253006,0.0027436353266239166
/tmp/drone_acoustic_2026w14_phase1_downloads/raw/crema_d/audios/1064_MTI_NEU_XX.wav,NEU,normal,normal,0.03844452276825905,362.39178466796875,396.9246520996094,0.8122769594192505,0.17053009569644928,0.01719031110405922
/tmp/drone_acoustic_2026w14_phase1_downloads/raw/crema_d/audios/1064_TAI_ANG_XX.wav,ANG,emergency,emergency,0.13740938901901245,666.3050537109375,720.3814697265625,0.3343910574913025,0.6232925057411194,0.0423114150762558
/tmp/drone_acoustic_2026w14_phase1_downloads/raw/crema_d/audios/1064_TAI_FEA_XX.wav,FEA,emergency,emergency,0.01927010528743267,697.9661254882812,740.8677978515625,0.6551375985145569,0.32951095700263977,0.015340536832809448
/tmp/drone_acoustic_2026w14_phase1_downloads/raw/crema_d/audios/1064_TAI_NEU_XX.wav,NEU,normal,normal,0.07298948615789413,432.71746826171875,546.1390380859375,0.6821443438529968,0.29423728585243225,0.023610567674040794
/tmp/drone_acoustic_2026w14_phase1_downloads/raw/crema_d/audios/1064_TIE_ANG_XX.wav,ANG,emergency,emergency,0.4326263666152954,738.2771606445312,739.2073364257812,0.20068734884262085,0.7302217483520508,0.06908546388149261
/tmp/drone_acoustic_2026w14_phase1_downloads/raw/crema_d/audios/1064_TIE_FEA_XX.wav,FEA,emergency,emergency,0.1351444274187088,439.4249572753906,589.7802124023438,0.3012239933013916,0.6696683764457703,0.02910483255982399
/tmp/drone_acoustic_2026w14_phase1_downloads/raw/crema_d/audios/1064_TIE_NEU_XX.wav,NEU,normal,normal,0.05966777354478836,359.2663269042969,512.5269165039062,0.5162954330444336,0.47120004892349243,0.012476875446736813
/tmp/drone_acoustic_2026w14_phase1_downloads/raw/crema_d/audios/1064_TSI_ANG_XX.wav,ANG,emergency,emergency,0.30219072103500366,1186.13330078125,929.2987060546875,0.21501736342906952,0.742138147354126,0.0428181067109108
/tmp/drone_acoustic_2026w14_phase1_downloads/raw/crema_d/audios/1064_TSI_FEA_XX.wav,FEA,emergency,emergency,0.09309439361095428,1012.8984375,956.369873046875,0.7791815400123596,0.16902199387550354,0.051652807742357254
/tmp/drone_acoustic_2026w14_phase1_downloads/raw/crema_d/audios/1064_TSI_NEU_XX.wav,NEU,normal,normal,0.055044662207365036,796.4719848632812,835.865966796875,0.828086256980896,0.14161445200443268,0.030274279415607452
/tmp/drone_acoustic_2026w14_phase1_downloads/raw/crema_d/audios/1064_WSI_ANG_XX.wav,ANG,emergency,emergency,0.5489398241043091,1235.461669921875,938.0936889648438,0.16687682271003723,0.750310480594635,0.08280449360609055
/tmp/drone_acoustic_2026w14_phase1_downloads/raw/crema_d/audios/1064_WSI_FEA_XX.wav,FEA,emergency,emergency,0.14966873824596405,714.6182861328125,650.1207885742188,0.45629629492759705,0.5152285695075989,0.028455810621380806
/tmp/drone_acoustic_2026w14_phase1_downloads/raw/crema_d/audios/1064_WSI_NEU_XX.wav,NEU,normal,normal,0.1828099489212036,699.0925903320312,713.3526611328125,0.26428672671318054,0.7040224671363831,0.03167920559644699
/tmp/drone_acoustic_2026w14_phase1_downloads/raw/crema_d/audios/1065_DFA_ANG_XX.wav,ANG,emergency,emergency,0.21222621202468872,566.716552734375,606.1944580078125,0.22279022634029388,0.7055059671401978,0.07170147448778152
/tmp/drone_acoustic_2026w14_phase1_downloads/raw/crema_d/audios/1065_DFA_FEA_XX.wav,FEA,emergency,emergency,0.07154528796672821,350.3675231933594,465.0187683105469,0.4486142098903656,0.516491174697876,0.03488888964056969
/tmp/drone_acoustic_2026w14_phase1_downloads/raw/crema_d/audios/1065_DFA_NEU_XX.wav,NEU,normal,normal,0.05510469898581505,366.9322509765625,447.5749206542969,0.4154052436351776,0.5659338235855103,0.018658483400940895
/tmp/drone_acoustic_2026w14_phase1_downloads/raw/crema_d/audios/1065_IEO_ANG_HI.wav,ANG,emergency,emergency,1.0805033445358276,896.5299072265625,825.574462890625,0.1351180374622345,0.7053537368774414,0.15952306985855103
/tmp/drone_acoustic_2026w14_phase1_downloads/raw/crema_d/audios/1065_IEO_ANG_LO.wav,ANG,emergency,emergency,0.1763104498386383,468.0365905761719,549.0155639648438,0.2044658362865448,0.774894118309021,0.0206371508538723
/tmp/drone_acoustic_2026w14_phase1_downloads/raw/crema_d/audios/1065_IEO_ANG_MD.wav,ANG,emergency,emergency,0.13482309877872467,541.566162109375,642.0512084960938,0.13215887546539307,0.8387895226478577,0.029050296172499657
/tmp/drone_acoustic_2026w14_phase1_downloads/raw/crema_d/audios/1065_IEO_FEA_HI.wav,FEA,emergency,emergency,0.1842760294675827,409.6895751953125,521.9302978515625,0.25057393312454224,0.7258543968200684,0.023565739393234253
/tmp/drone_acoustic_2026w14_phase1_downloads/raw/crema_d/audios/1065_IEO_FEA_LO.wav,FEA,emergency,emergency,0.07749901711940765,314.7066650390625,455.8788146972656,0.4631423056125641,0.5269649028778076,0.009863609448075294
/tmp/drone_acoustic_2026w14_phase1_downloads/raw/crema_d/audios/1065_IEO_FEA_MD.wav,FEA,emergency,emergency,0.0572381429374218,355.4591979980469,507.24261474609375,0.5369855761528015,0.4527554214000702,0.010239060036838055
/tmp/drone_acoustic_2026w14_phase1_downloads/raw/crema_d/audios/1065_IEO_NEU_XX.wav,NEU,normal,normal,0.07182278484106064,354.2782897949219,482.7250671386719,0.4268573522567749,0.5632354021072388,0.009889081120491028
/tmp/drone_acoustic_2026w14_phase1_downloads/raw/crema_d/audios/1065_IOM_ANG_XX.wav,ANG,emergency,emergency,0.18461973965168,536.2180786132812,581.9511108398438,0.28367117047309875,0.6328709721565247,0.08345571905374527
/tmp/drone_acoustic_2026w14_phase1_downloads/raw/crema_d/audios/1065_IOM_FEA_XX.wav,FEA,emergency,emergency,0.057440489530563354,326.2127685546875,397.7659912109375,0.3501785099506378,0.6267462372779846,0.023073701187968254
/tmp/drone_acoustic_2026w14_phase1_downloads/raw/crema_d/audios/1065_IOM_NEU_XX.wav,NEU,normal,normal,0.06990896910429001,313.1894836425781,388.22698974609375,0.5072169899940491,0.4827237129211426,0.010045495815575123
/tmp/drone_acoustic_2026w14_phase1_downloads/raw/crema_d/audios/1065_ITH_ANG_XX.wav,ANG,emergency,emergency,0.24619479477405548,570.8619995117188,600.888671875,0.30399414896965027,0.6340246200561523,0.06197899580001831
/tmp/drone_acoustic_2026w14_phase1_downloads/raw/crema_d/audios/1065_ITH_FEA_XX.wav,FEA,emergency,emergency,0.07610206305980682,304.85064697265625,442.952392578125,0.603801429271698,0.37247419357299805,0.02370930090546608
/tmp/drone_acoustic_2026w14_phase1_downloads/raw/crema_d/audios/1065_ITH_NEU_XX.wav,NEU,normal,normal,0.10537946969270706,328.6798095703125,428.74920654296875,0.3957996070384979,0.5536128282546997,0.050580643117427826
/tmp/drone_acoustic_2026w14_phase1_downloads/raw/crema_d/audios/1065_ITS_ANG_XX.wav,ANG,emergency,emergency,0.11973053961992264,629.9234008789062,681.3731689453125,0.4189371168613434,0.5313971638679504,0.049660876393318176
/tmp/drone_acoustic_2026w14_phase1_downloads/raw/crema_d/audios/1065_ITS_FEA_XX.wav,FEA,emergency,emergency,0.03870965912938118,375.2265319824219,552.5128173828125,0.7601183652877808,0.20886893570423126,0.030977599322795868
/tmp/drone_acoustic_2026w14_phase1_downloads/raw/crema_d/audios/1065_ITS_NEU_XX.wav,NEU,normal,normal,0.0709443986415863,425.38409423828125,580.1085815429688,0.618847668170929,0.34095969796180725,0.04018308222293854
/tmp/drone_acoustic_2026w14_phase1_downloads/raw/crema_d/audios/1065_IWL_ANG_XX.wav,ANG,emergency,emergency,0.2988519072532654,558.1619873046875,520.7026977539062,0.27873125672340393,0.6458680033683777,0.07539980858564377
/tmp/drone_acoustic_2026w14_phase1_downloads/raw/crema_d/audios/1065_IWL_FEA_XX.wav,FEA,emergency,emergency,0.04997294768691063,341.0354309082031,404.6183166503906,0.5385485291481018,0.4511653184890747,0.010281351394951344
/tmp/drone_acoustic_2026w14_phase1_downloads/raw/crema_d/audios/1065_IWL_NEU_XX.wav,NEU,normal,normal,0.11116036772727966,371.66778564453125,427.2237243652344,0.36247435212135315,0.6128765344619751,0.024641763418912888
/tmp/drone_acoustic_2026w14_phase1_downloads/raw/crema_d/audios/1065_IWW_ANG_XX.wav,ANG,emergency,emergency,0.06589511036872864,476.5477294921875,522.0927734375,0.13297466933727264,0.8429256677627563,0.024094486609101295
/tmp/drone_acoustic_2026w14_phase1_downloads/raw/crema_d/audios/1065_IWW_FEA_XX.wav,FEA,emergency,emergency,0.0557013563811779,356.02667236328125,470.2051086425781,0.6138761043548584,0.3739446699619293,0.012170301750302315
/tmp/drone_acoustic_2026w14_phase1_downloads/raw/crema_d/audios/1065_IWW_NEU_XX.wav,NEU,normal,normal,0.049473606050014496,374.3577575683594,500.51092529296875,0.5487101078033447,0.4403884708881378,0.01089372206479311
/tmp/drone_acoustic_2026w14_phase1_downloads/raw/crema_d/audios/1065_MTI_ANG_XX.wav,ANG,emergency,emergency,0.17572055757045746,542.2876586914062,553.9290771484375,0.23491276800632477,0.7068423628807068,0.058241892606019974
/tmp/drone_acoustic_2026w14_phase1_downloads/raw/crema_d/audios/1065_MTI_FEA_XX.wav,FEA,emergency,emergency,0.05375194549560547,293.1457214355469,402.0621032714844,0.3524673581123352,0.6430777907371521,0.004449795465916395
/tmp/drone_acoustic_2026w14_phase1_downloads/raw/crema_d/audios/1065_MTI_NEU_XX.wav,NEU,normal,normal,0.0680326521396637,337.1278076171875,393.64361572265625,0.5508129000663757,0.41887161135673523,0.030311748385429382
/tmp/drone_acoustic_2026w14_phase1_downloads/raw/crema_d/audios/1065_TAI_ANG_XX.wav,ANG,emergency,emergency,0.13732752203941345,696.9844360351562,674.9170532226562,0.21396778523921967,0.7299027442932129,0.056122224777936935
/tmp/drone_acoustic_2026w14_phase1_downloads/raw/crema_d/audios/1065_TAI_FEA_XX.wav,FEA,emergency,emergency,0.043988022953271866,410.8542175292969,549.5576782226562,0.3861137330532074,0.5930623412132263,0.020820314064621925
/tmp/drone_acoustic_2026w14_phase1_downloads/raw/crema_d/audios/1065_TAI_NEU_XX.wav,NEU,normal,normal,0.06532349437475204,440.4064636230469,555.4515380859375,0.3785800039768219,0.6000853776931763,0.02132776565849781
/tmp/drone_acoustic_2026w14_phase1_downloads/raw/crema_d/audios/1065_TIE_ANG_XX.wav,ANG,emergency,emergency,0.7401298880577087,732.0763549804688,690.6136474609375,0.1172465831041336,0.7498115301132202,0.13293583691120148
/tmp/drone_acoustic_2026w14_phase1_downloads/raw/crema_d/audios/1065_TIE_FEA_XX.wav,FEA,emergency,emergency,0.058617524802684784,317.1645812988281,474.593994140625,0.5416327714920044,0.4403091371059418,0.018039442598819733
/tmp/drone_acoustic_2026w14_phase1_downloads/raw/crema_d/audios/1065_TIE_NEU_XX.wav,NEU,normal,normal,0.03641025722026825,368.7996520996094,461.4713134765625,0.3129536509513855,0.6735287308692932,0.013509017415344715
/tmp/drone_acoustic_2026w14_phase1_downloads/raw/crema_d/audios/1065_TSI_ANG_XX.wav,ANG,emergency,emergency,0.11538948118686676,1012.1156616210938,955.5485229492188,0.08852096647024155,0.8711782693862915,0.04029195010662079
/tmp/drone_acoustic_2026w14_phase1_downloads/raw/crema_d/audios/1065_TSI_FEA_XX.wav,FEA,emergency,emergency,0.07305892556905746,589.2653198242188,752.9572143554688,0.5265700817108154,0.4006800651550293,0.07270674407482147
/tmp/drone_acoustic_2026w14_phase1_downloads/raw/crema_d/audios/1065_TSI_NEU_XX.wav,NEU,normal,normal,0.08285383880138397,839.399658203125,989.5281982421875,0.6249555945396423,0.31902962923049927,0.05598421394824982
/tmp/drone_acoustic_2026w14_phase1_downloads/raw/crema_d/audios/1065_WSI_ANG_XX.wav,ANG,emergency,emergency,0.2374371886253357,851.7481689453125,766.0679321289062,0.16646705567836761,0.7695240378379822,0.06400572508573532
/tmp/drone_acoustic_2026w14_phase1_downloads/raw/crema_d/audios/1065_WSI_FEA_XX.wav,FEA,emergency,emergency,0.11808473616838455,499.13311767578125,586.5126342773438,0.38852158188819885,0.5789538025856018,0.03251722455024719
/tmp/drone_acoustic_2026w14_phase1_downloads/raw/crema_d/audios/1065_WSI_NEU_XX.wav,NEU,normal,normal,0.1308550089597702,484.51605224609375,603.0143432617188,0.4960330128669739,0.47920137643814087,0.02475706674158573
/tmp/drone_acoustic_2026w14_phase1_downloads/raw/crema_d/audios/1066_DFA_ANG_XX.wav,ANG,emergency,emergency,0.33955153822898865,597.8410034179688,557.6348876953125,0.1736983358860016,0.7653096318244934,0.060989703983068466
/tmp/drone_acoustic_2026w14_phase1_downloads/raw/crema_d/audios/1066_DFA_FEA_XX.wav,FEA,emergency,emergency,0.057326629757881165,358.2084045410156,495.7979431152344,0.412631094455719,0.563109278678894,0.024252725765109062
/tmp/drone_acoustic_2026w14_phase1_downloads/raw/crema_d/audios/1066_DFA_NEU_XX.wav,NEU,normal,normal,0.049167610704898834,334.35760498046875,436.89678955078125,0.6784583330154419,0.31218504905700684,0.009342879056930542
/tmp/drone_acoustic_2026w14_phase1_downloads/raw/crema_d/audios/1066_IEO_ANG_HI.wav,ANG,emergency,emergency,0.28136754035949707,854.2698974609375,664.572265625,0.09104781597852707,0.8647698760032654,0.04417896270751953
/tmp/drone_acoustic_2026w14_phase1_downloads/raw/crema_d/audios/1066_IEO_ANG_LO.wav,ANG,emergency,emergency,0.150784432888031,517.0262451171875,538.3825073242188,0.24441254138946533,0.7473815083503723,0.008203543722629547
/tmp/drone_acoustic_2026w14_phase1_downloads/raw/crema_d/audios/1066_IEO_ANG_MD.wav,ANG,emergency,emergency,0.12003598362207413,579.3154296875,577.0242919921875,0.3075195252895355,0.6726334095001221,0.01984187215566635
/tmp/drone_acoustic_2026w14_phase1_downloads/raw/crema_d/audios/1066_IEO_FEA_HI.wav,FEA,emergency,emergency,0.24449694156646729,511.26617431640625,538.3823852539062,0.16109292209148407,0.8293750286102295,0.009531127288937569
/tmp/drone_acoustic_2026w14_phase1_downloads/raw/crema_d/audios/1066_IEO_FEA_LO.wav,FEA,emergency,emergency,0.04383042827248573,292.3855285644531,419.1821594238281,0.49472811818122864,0.49985742568969727,0.005406132433563471
/tmp/drone_acoustic_2026w14_phase1_downloads/raw/crema_d/audios/1066_IEO_FEA_MD.wav,FEA,emergency,emergency,0.03908475860953331,276.0694885253906,409.9088134765625,0.5966516137123108,0.39942747354507446,0.0039029614999890327
/tmp/drone_acoustic_2026w14_phase1_downloads/raw/crema_d/audios/1066_IEO_NEU_XX.wav,NEU,normal,normal,0.053553786128759384,339.2153625488281,455.9863586425781,0.3526408076286316,0.6373854279518127,0.009967470541596413
/tmp/drone_acoustic_2026w14_phase1_downloads/raw/crema_d/audios/1066_IOM_ANG_XX.wav,ANG,emergency,emergency,0.19182901084423065,448.0755310058594,414.8944396972656,0.587118923664093,0.3836676776409149,0.02921236865222454
/tmp/drone_acoustic_2026w14_phase1_downloads/raw/crema_d/audios/1066_IOM_FEA_XX.wav,FEA,emergency,emergency,0.02743580751121044,258.61358642578125,359.87188720703125,0.8690260052680969,0.12030871212482452,0.0106607461348176
/tmp/drone_acoustic_2026w14_phase1_downloads/raw/crema_d/audios/1066_IOM_NEU_XX.wav,NEU,normal,normal,0.12355396151542664,336.28228759765625,410.9440002441406,0.6672289967536926,0.3172404170036316,0.015524232760071754
/tmp/drone_acoustic_2026w14_phase1_downloads/raw/crema_d/audios/1066_ITH_ANG_XX.wav,ANG,emergency,emergency,0.09774766117334366,418.3735656738281,489.807861328125,0.4007294178009033,0.5753862857818604,0.02387811616063118
/tmp/drone_acoustic_2026w14_phase1_downloads/raw/crema_d/audios/1066_ITH_FEA_XX.wav,FEA,emergency,emergency,0.08294186741113663,309.8675537109375,432.85577392578125,0.6455626487731934,0.34313321113586426,0.011298373341560364
/tmp/drone_acoustic_2026w14_phase1_downloads/raw/crema_d/audios/1066_ITH_NEU_XX.wav,NEU,normal,normal,0.09694336354732513,395.6154479980469,456.0316467285156,0.5290329456329346,0.45139068365097046,0.01956658996641636
/tmp/drone_acoustic_2026w14_phase1_downloads/raw/crema_d/audios/1066_ITS_ANG_XX.wav,ANG,emergency,emergency,0.0911812111735344,658.7018432617188,688.018798828125,0.539768397808075,0.4097805321216583,0.050372593104839325
/tmp/drone_acoustic_2026w14_phase1_downloads/raw/crema_d/audios/1066_ITS_FEA_XX.wav,FEA,emergency,emergency,0.032615162432193756,440.6686706542969,569.989501953125,0.6785902976989746,0.287166565656662,0.03421902656555176
/tmp/drone_acoustic_2026w14_phase1_downloads/raw/crema_d/audios/1066_ITS_NEU_XX.wav,NEU,normal,normal,0.051901258528232574,421.7744140625,589.3973999023438,0.783606231212616,0.18319106101989746,0.03317399322986603
/tmp/drone_acoustic_2026w14_phase1_downloads/raw/crema_d/audios/1066_IWL_ANG_XX.wav,ANG,emergency,emergency,0.0943884551525116,525.9817504882812,467.46844482421875,0.37824758887290955,0.5984418988227844,0.023309551179409027
/tmp/drone_acoustic_2026w14_phase1_downloads/raw/crema_d/audios/1066_IWL_FEA_XX.wav,FEA,emergency,emergency,0.11836100369691849,349.0043029785156,412.44451904296875,0.46844735741615295,0.5251023173332214,0.006441138684749603
/tmp/drone_acoustic_2026w14_phase1_downloads/raw/crema_d/audios/1066_IWL_NEU_XX.wav,NEU,normal,normal,0.07588773965835571,393.9632873535156,420.27545166015625,0.4517025351524353,0.5404190421104431,0.007871856912970543
/tmp/drone_acoustic_2026w14_phase1_downloads/raw/crema_d/audios/1066_IWW_ANG_XX.wav,ANG,emergency,emergency,0.046018946915864944,464.7400817871094,504.7267761230469,0.5271375775337219,0.45898622274398804,0.013862990774214268
/tmp/drone_acoustic_2026w14_phase1_downloads/raw/crema_d/audios/1066_IWW_FEA_XX.wav,FEA,emergency,emergency,0.02983032539486885,382.95697021484375,506.3778381347656,0.7709404230117798,0.1827497035264969,0.046256981790065765
/tmp/drone_acoustic_2026w14_phase1_downloads/raw/crema_d/audios/1066_IWW_NEU_XX.wav,NEU,normal,normal,0.049555033445358276,374.704833984375,465.82574462890625,0.6165053248405457,0.37082600593566895,0.012659722939133644
/tmp/drone_acoustic_2026w14_phase1_downloads/raw/crema_d/audios/1066_MTI_ANG_XX.wav,ANG,emergency,emergency,0.2283308357000351,509.81640625,431.7768859863281,0.23950766026973724,0.7491809129714966,0.011308614164590836
/tmp/drone_acoustic_2026w14_phase1_downloads/raw/crema_d/audios/1066_MTI_FEA_XX.wav,FEA,emergency,emergency,0.15007595717906952,409.4287414550781,462.61285400390625,0.3761293888092041,0.6185235381126404,0.005336996167898178
/tmp/drone_acoustic_2026w14_phase1_downloads/raw/crema_d/audios/1066_MTI_NEU_XX.wav,NEU,normal,normal,0.1926814615726471,380.5947265625,434.1753845214844,0.5537070631980896,0.43905359506607056,0.0072319963946938515
/tmp/drone_acoustic_2026w14_phase1_downloads/raw/crema_d/audios/1066_TAI_ANG_XX.wav,ANG,emergency,emergency,0.029098834842443466,619.44921875,616.60302734375,0.30221617221832275,0.691798210144043,0.0059810662642121315
/tmp/drone_acoustic_2026w14_phase1_downloads/raw/crema_d/audios/1066_TAI_FEA_XX.wav,FEA,emergency,emergency,0.022165926173329353,456.54473876953125,608.7443237304688,0.7495219111442566,0.23601116240024567,0.01444300264120102
/tmp/drone_acoustic_2026w14_phase1_downloads/raw/crema_d/audios/1066_TAI_NEU_XX.wav,NEU,normal,normal,0.05480600520968437,443.8078308105469,534.1395874023438,0.6004926562309265,0.38573941588401794,0.013759467750787735
/tmp/drone_acoustic_2026w14_phase1_downloads/raw/crema_d/audios/1066_TIE_ANG_XX.wav,ANG,emergency,emergency,0.18601396679878235,414.8059387207031,492.3278503417969,0.30181440711021423,0.6573612093925476,0.04082181304693222
/tmp/drone_acoustic_2026w14_phase1_downloads/raw/crema_d/audios/1066_TIE_FEA_XX.wav,FEA,emergency,emergency,0.10189729928970337,401.668212890625,498.6477355957031,0.5322186946868896,0.4458034634590149,0.02195778675377369
/tmp/drone_acoustic_2026w14_phase1_downloads/raw/crema_d/audios/1066_TIE_NEU_XX.wav,NEU,normal,normal,0.13346707820892334,342.0319519042969,471.8860778808594,0.5632556676864624,0.41179394721984863,0.024942075833678246
/tmp/drone_acoustic_2026w14_phase1_downloads/raw/crema_d/audios/1066_TSI_ANG_XX.wav,ANG,emergency,emergency,0.10112370550632477,1374.4498291015625,913.0007934570312,0.21774354577064514,0.7183352708816528,0.0638541728258133
/tmp/drone_acoustic_2026w14_phase1_downloads/raw/crema_d/audios/1066_TSI_FEA_XX.wav,FEA,emergency,emergency,0.0812881737947464,1212.0911865234375,955.9802856445312,0.5344784259796143,0.37361302971839905,0.0918503999710083
/tmp/drone_acoustic_2026w14_phase1_downloads/raw/crema_d/audios/1066_TSI_NEU_XX.wav,NEU,normal,normal,0.0651877224445343,775.4369506835938,862.3378295898438,0.7745984792709351,0.1741393506526947,0.05122789368033409
/tmp/drone_acoustic_2026w14_phase1_downloads/raw/crema_d/audios/1066_WSI_ANG_XX.wav,ANG,emergency,emergency,0.36307385563850403,1154.2332763671875,761.5471801757812,0.1478201001882553,0.8267574906349182,0.025415299460291862
/tmp/drone_acoustic_2026w14_phase1_downloads/raw/crema_d/audios/1066_WSI_FEA_XX.wav,FEA,emergency,emergency,0.16171137988567352,640.8786010742188,651.480224609375,0.3819354176521301,0.5910957455635071,0.02695632539689541
/tmp/drone_acoustic_2026w14_phase1_downloads/raw/crema_d/audios/1066_WSI_NEU_XX.wav,NEU,normal,normal,0.30232974886894226,637.1253051757812,681.7091064453125,0.36825719475746155,0.6121572256088257,0.01957632787525654
/tmp/drone_acoustic_2026w14_phase1_downloads/raw/crema_d/audios/1067_DFA_ANG_XX.wav,ANG,emergency,emergency,0.04473152011632919,479.4666442871094,522.1292724609375,0.2481061816215515,0.7395405173301697,0.01235034316778183
/tmp/drone_acoustic_2026w14_phase1_downloads/raw/crema_d/audios/1067_DFA_FEA_XX.wav,FEA,emergency,emergency,0.04269392788410187,337.367919921875,435.1438903808594,0.5686650276184082,0.41921573877334595,0.012115305289626122
/tmp/drone_acoustic_2026w14_phase1_downloads/raw/crema_d/audios/1067_DFA_NEU_XX.wav,NEU,normal,normal,0.04069795086979866,288.8442687988281,435.45745849609375,0.6504815220832825,0.3433097004890442,0.006206847727298737
/tmp/drone_acoustic_2026w14_phase1_downloads/raw/crema_d/audios/1067_IEO_ANG_HI.wav,ANG,emergency,emergency,0.29950717091560364,648.6555786132812,577.477294921875,0.11729218810796738,0.8403556942939758,0.04234728217124939
/tmp/drone_acoustic_2026w14_phase1_downloads/raw/crema_d/audios/1067_IEO_ANG_LO.wav,ANG,emergency,emergency,0.0357402004301548,479.78448486328125,495.0774841308594,0.5573278665542603,0.4367954432964325,0.005869300104677677
/tmp/drone_acoustic_2026w14_phase1_downloads/raw/crema_d/audios/1067_IEO_ANG_MD.wav,ANG,emergency,emergency,0.031055107712745667,450.1473083496094,487.32879638671875,0.3869747519493103,0.6074407696723938,0.005572121124714613
/tmp/drone_acoustic_2026w14_phase1_downloads/raw/crema_d/audios/1067_IEO_FEA_HI.wav,FEA,emergency,emergency,0.043763287365436554,455.3957214355469,515.3037109375,0.28273317217826843,0.7118692398071289,0.005396271124482155
/tmp/drone_acoustic_2026w14_phase1_downloads/raw/crema_d/audios/1067_IEO_FEA_LO.wav,FEA,emergency,emergency,0.01653202623128891,458.98260498046875,556.7673950195312,0.6749693751335144,0.3122512698173523,0.012775243259966373
/tmp/drone_acoustic_2026w14_phase1_downloads/raw/crema_d/audios/1067_IEO_FEA_MD.wav,FEA,emergency,emergency,0.04526685178279877,460.50592041015625,533.0521850585938,0.567010760307312,0.4235081672668457,0.009477030485868454
/tmp/drone_acoustic_2026w14_phase1_downloads/raw/crema_d/audios/1067_IEO_NEU_XX.wav,NEU,normal,normal,0.022158833220601082,390.9905090332031,493.9330749511719,0.6778919696807861,0.30820056796073914,0.013896392658352852
/tmp/drone_acoustic_2026w14_phase1_downloads/raw/crema_d/audios/1067_IOM_ANG_XX.wav,ANG,emergency,emergency,0.05118633061647415,446.3293151855469,387.0561828613281,0.5725691914558411,0.4137105941772461,0.013714304193854332
/tmp/drone_acoustic_2026w14_phase1_downloads/raw/crema_d/audios/1067_IOM_FEA_XX.wav,FEA,emergency,emergency,0.023670749738812447,315.3085632324219,323.42681884765625,0.8001587986946106,0.1951361447572708,0.004701297264546156
/tmp/drone_acoustic_2026w14_phase1_downloads/raw/crema_d/audios/1067_IOM_NEU_XX.wav,NEU,normal,normal,0.03824407607316971,298.0813293457031,338.89874267578125,0.7512843012809753,0.24329663813114166,0.005416355561465025
/tmp/drone_acoustic_2026w14_phase1_downloads/raw/crema_d/audios/1067_ITH_ANG_XX.wav,ANG,emergency,emergency,0.05538579449057579,522.5014038085938,543.44482421875,0.4519387185573578,0.526293933391571,0.021762611344456673
/tmp/drone_acoustic_2026w14_phase1_downloads/raw/crema_d/audios/1067_ITH_FEA_XX.wav,FEA,emergency,emergency,0.054355330765247345,348.7103271484375,488.7530212402344,0.7801516056060791,0.19836188852787018,0.021482044830918312
/tmp/drone_acoustic_2026w14_phase1_downloads/raw/crema_d/audios/1067_ITH_NEU_XX.wav,NEU,normal,normal,0.04469858855009079,352.83734130859375,446.4878234863281,0.6171454191207886,0.3736187815666199,0.009228949435055256
/tmp/drone_acoustic_2026w14_phase1_downloads/raw/crema_d/audios/1067_ITS_ANG_XX.wav,ANG,emergency,emergency,0.018203096464276314,632.03857421875,640.2598876953125,0.5534937977790833,0.4315773546695709,0.014917764812707901
/tmp/drone_acoustic_2026w14_phase1_downloads/raw/crema_d/audios/1067_ITS_FEA_XX.wav,FEA,emergency,emergency,0.020222816616296768,577.927978515625,650.11279296875,0.9315618872642517,0.039486296474933624,0.02889139950275421
/tmp/drone_acoustic_2026w14_phase1_downloads/raw/crema_d/audios/1067_ITS_NEU_XX.wav,NEU,normal,normal,0.03904761001467705,472.9559020996094,574.7442016601562,0.8052868247032166,0.1577880084514618,0.03688954934477806
/tmp/drone_acoustic_2026w14_phase1_downloads/raw/crema_d/audios/1067_IWL_ANG_XX.wav,ANG,emergency,emergency,0.02704988606274128,442.44384765625,357.4217224121094,0.3261661231517792,0.670538604259491,0.00329374591819942
/tmp/drone_acoustic_2026w14_phase1_downloads/raw/crema_d/audios/1067_IWL_FEA_XX.wav,FEA,emergency,emergency,0.011650885455310345,325.2471923828125,361.34942626953125,0.8598722219467163,0.13793547451496124,0.002186830621212721
/tmp/drone_acoustic_2026w14_phase1_downloads/raw/crema_d/audios/1067_IWL_NEU_XX.wav,NEU,normal,normal,0.028107739984989166,317.2043151855469,368.27215576171875,0.7590137720108032,0.23574426770210266,0.005239407531917095
/tmp/drone_acoustic_2026w14_phase1_downloads/raw/crema_d/audios/1067_IWW_ANG_XX.wav,ANG,emergency,emergency,0.021453820168972015,383.0600891113281,502.94061279296875,0.888362467288971,0.092306949198246,0.019311871379613876
/tmp/drone_acoustic_2026w14_phase1_downloads/raw/crema_d/audios/1067_IWW_FEA_XX.wav,FEA,emergency,emergency,0.013168550096452236,313.75628662109375,414.4102783203125,0.9017727375030518,0.08994480967521667,0.008257497102022171
/tmp/drone_acoustic_2026w14_phase1_downloads/raw/crema_d/audios/1067_IWW_NEU_XX.wav,NEU,normal,normal,0.013814855366945267,373.687744140625,438.8083190917969,0.8435357809066772,0.1495046466588974,0.00691942498087883
/tmp/drone_acoustic_2026w14_phase1_downloads/raw/crema_d/audios/1067_MTI_ANG_XX.wav,ANG,emergency,emergency,0.04486628994345665,443.3466796875,411.3291931152344,0.4763520061969757,0.5143721103668213,0.009272032417356968
/tmp/drone_acoustic_2026w14_phase1_downloads/raw/crema_d/audios/1067_MTI_FEA_XX.wav,FEA,emergency,emergency,0.01421429868787527,330.8911437988281,330.3694763183594,0.7658952474594116,0.23089712858200073,0.003202308202162385
/tmp/drone_acoustic_2026w14_phase1_downloads/raw/crema_d/audios/1067_MTI_NEU_XX.wav,NEU,normal,normal,0.015735836699604988,336.2021789550781,351.34197998046875,0.6671640276908875,0.3280079662799835,0.004824065137654543
/tmp/drone_acoustic_2026w14_phase1_downloads/raw/crema_d/audios/1067_TAI_ANG_XX.wav,ANG,emergency,emergency,0.02693546749651432,580.9073486328125,567.3483276367188,0.4088320732116699,0.5760787129402161,0.015084872953593731
/tmp/drone_acoustic_2026w14_phase1_downloads/raw/crema_d/audios/1067_TAI_FEA_XX.wav,FEA,emergency,emergency,0.01638796739280224,395.90594482421875,490.0235595703125,0.8019993901252747,0.18907321989536285,0.008916256949305534
/tmp/drone_acoustic_2026w14_phase1_downloads/raw/crema_d/audios/1067_TAI_NEU_XX.wav,NEU,normal,normal,0.016758272424340248,345.7114562988281,426.52178955078125,0.8667057156562805,0.12492837756872177,0.008346227928996086
/tmp/drone_acoustic_2026w14_phase1_downloads/raw/crema_d/audios/1067_TIE_ANG_XX.wav,ANG,emergency,emergency,0.07039172947406769,513.3794555664062,578.9486694335938,0.3001149594783783,0.67709881067276,0.02277887426316738
/tmp/drone_acoustic_2026w14_phase1_downloads/raw/crema_d/audios/1067_TIE_FEA_XX.wav,FEA,emergency,emergency,0.034152109175920486,368.3494567871094,480.4543151855469,0.7353227734565735,0.2511380910873413,0.013526787981390953
/tmp/drone_acoustic_2026w14_phase1_downloads/raw/crema_d/audios/1067_TIE_NEU_XX.wav,NEU,normal,normal,0.025279788300395012,374.6725769042969,474.15936279296875,0.44061166048049927,0.5525169968605042,0.00686519593000412
/tmp/drone_acoustic_2026w14_phase1_downloads/raw/crema_d/audios/1067_TSI_ANG_XX.wav,ANG,emergency,emergency,0.05002569779753685,971.2056884765625,877.0225830078125,0.23198361694812775,0.7494763135910034,0.018501373007893562
/tmp/drone_acoustic_2026w14_phase1_downloads/raw/crema_d/audios/1067_TSI_FEA_XX.wav,FEA,emergency,emergency,0.03692815080285072,838.1345825195312,769.7974243164062,0.7988009452819824,0.15858446061611176,0.04256152734160423
/tmp/drone_acoustic_2026w14_phase1_downloads/raw/crema_d/audios/1067_TSI_NEU_XX.wav,NEU,normal,normal,0.08339979499578476,913.6066284179688,855.54931640625,0.7258152365684509,0.19633862376213074,0.07780084758996964
/tmp/drone_acoustic_2026w14_phase1_downloads/raw/crema_d/audios/1067_WSI_ANG_XX.wav,ANG,emergency,emergency,0.09590829908847809,860.92626953125,644.2915649414062,0.21552929282188416,0.7633164525032043,0.021150730550289154
/tmp/drone_acoustic_2026w14_phase1_downloads/raw/crema_d/audios/1067_WSI_FEA_XX.wav,FEA,emergency,emergency,0.04014984518289566,659.3800048828125,623.415283203125,0.8161352872848511,0.1647264063358307,0.01911783590912819
/tmp/drone_acoustic_2026w14_phase1_downloads/raw/crema_d/audios/1067_WSI_NEU_XX.wav,NEU,normal,normal,0.020361248403787613,437.97320556640625,549.8124389648438,0.6961551904678345,0.2840997278690338,0.01968265511095524
/tmp/drone_acoustic_2026w14_phase1_downloads/raw/crema_d/audios/1068_DFA_ANG_XX.wav,ANG,emergency,emergency,0.1902730017900467,790.3397827148438,806.723388671875,0.24976976215839386,0.6696487069129944,0.08057797700166702
/tmp/drone_acoustic_2026w14_phase1_downloads/raw/crema_d/audios/1068_DFA_FEA_XX.wav,FEA,emergency,emergency,0.04755145683884621,329.3616638183594,489.0920104980469,0.8372367024421692,0.14126722514629364,0.021485161036252975
/tmp/drone_acoustic_2026w14_phase1_downloads/raw/crema_d/audios/1068_DFA_NEU_XX.wav,NEU,normal,normal,0.05236886814236641,412.4913330078125,533.0706787109375,0.6799712181091309,0.29860013723373413,0.02142312563955784
/tmp/drone_acoustic_2026w14_phase1_downloads/raw/crema_d/audios/1068_IEO_ANG_HI.wav,ANG,emergency,emergency,0.3813592195510864,672.782470703125,637.3964233398438,0.2909505367279053,0.6013895273208618,0.10765364021062851
/tmp/drone_acoustic_2026w14_phase1_downloads/raw/crema_d/audios/1068_IEO_ANG_LO.wav,ANG,emergency,emergency,0.17835716903209686,437.44366455078125,536.6297607421875,0.2863234281539917,0.674168050289154,0.039506737142801285
/tmp/drone_acoustic_2026w14_phase1_downloads/raw/crema_d/audios/1068_IEO_ANG_MD.wav,ANG,emergency,emergency,0.2664012014865875,620.3748168945312,595.6905517578125,0.1264527142047882,0.8303737044334412,0.043172307312488556
/tmp/drone_acoustic_2026w14_phase1_downloads/raw/crema_d/audios/1068_IEO_FEA_HI.wav,FEA,emergency,emergency,0.07613811641931534,661.9763793945312,705.7002563476562,0.39763933420181274,0.5749220848083496,0.027416246011853218
/tmp/drone_acoustic_2026w14_phase1_downloads/raw/crema_d/audios/1068_IEO_FEA_LO.wav,FEA,emergency,emergency,0.03602445870637894,260.1812438964844,443.56097412109375,0.8672844767570496,0.12376044690608978,0.008917934261262417
/tmp/drone_acoustic_2026w14_phase1_downloads/raw/crema_d/audios/1068_IEO_FEA_MD.wav,FEA,emergency,emergency,0.03705786541104317,304.376708984375,482.55517578125,0.6013925075531006,0.3915099501609802,0.007094225846230984
/tmp/drone_acoustic_2026w14_phase1_downloads/raw/crema_d/audios/1068_IEO_NEU_XX.wav,NEU,normal,normal,0.025699708610773087,283.571044921875,437.5015563964844,0.4803534746170044,0.513086199760437,0.006543412804603577
/tmp/drone_acoustic_2026w14_phase1_downloads/raw/crema_d/audios/1068_IOM_ANG_XX.wav,ANG,emergency,emergency,0.09867479652166367,404.1918029785156,516.259521484375,0.6081311702728271,0.3473260700702667,0.04453776031732559
/tmp/drone_acoustic_2026w14_phase1_downloads/raw/crema_d/audios/1068_IOM_FEA_XX.wav,FEA,emergency,emergency,0.015648001804947853,284.2630310058594,453.8836669921875,0.9121326208114624,0.07894522696733475,0.008911951445043087
/tmp/drone_acoustic_2026w14_phase1_downloads/raw/crema_d/audios/1068_IOM_NEU_XX.wav,NEU,normal,normal,0.042436257004737854,347.3189392089844,412.703369140625,0.7524366974830627,0.22852614521980286,0.019032500684261322
/tmp/drone_acoustic_2026w14_phase1_downloads/raw/crema_d/audios/1068_ITH_ANG_XX.wav,ANG,emergency,emergency,0.419006884098053,627.7183227539062,673.4395141601562,0.23084716498851776,0.6906207799911499,0.07852623611688614
/tmp/drone_acoustic_2026w14_phase1_downloads/raw/crema_d/audios/1068_ITH_FEA_XX.wav,FEA,emergency,emergency,0.12414437532424927,366.9896545410156,567.9161987304688,0.8032501339912415,0.14099815487861633,0.05571379512548447
/tmp/drone_acoustic_2026w14_phase1_downloads/raw/crema_d/audios/1068_ITH_NEU_XX.wav,NEU,normal,normal,0.08852051943540573,315.0869445800781,444.7342834472656,0.5656722187995911,0.40937474370002747,0.024943780153989792
/tmp/drone_acoustic_2026w14_phase1_downloads/raw/crema_d/audios/1068_ITS_ANG_XX.wav,ANG,emergency,emergency,0.20660743117332458,594.1983642578125,677.9541625976562,0.3742632567882538,0.5411995053291321,0.08453157544136047
/tmp/drone_acoustic_2026w14_phase1_downloads/raw/crema_d/audios/1068_ITS_FEA_XX.wav,FEA,emergency,emergency,0.02868814580142498,361.8960876464844,579.5068359375,0.8698070645332336,0.11212174594402313,0.01805773191154003
/tmp/drone_acoustic_2026w14_phase1_downloads/raw/crema_d/audios/1068_ITS_NEU_XX.wav,NEU,normal,normal,0.05002849921584129,443.9226989746094,598.5199584960938,0.770531177520752,0.19993460178375244,0.029506558552384377
/tmp/drone_acoustic_2026w14_phase1_downloads/raw/crema_d/audios/1068_IWL_ANG_XX.wav,ANG,emergency,emergency,0.20515911281108856,507.4060974121094,489.0469970703125,0.307813823223114,0.6512499451637268,0.04093498736619949
/tmp/drone_acoustic_2026w14_phase1_downloads/raw/crema_d/audios/1068_IWL_FEA_XX.wav,FEA,emergency,emergency,0.0651203840970993,452.4666748046875,539.3798217773438,0.6668106913566589,0.31812745332717896,0.015059626661241055
/tmp/drone_acoustic_2026w14_phase1_downloads/raw/crema_d/audios/1068_IWL_NEU_XX.wav,NEU,normal,normal,0.04293602332472801,333.9656066894531,366.5841979980469,0.6990663409233093,0.2936739921569824,0.007252672221511602
/tmp/drone_acoustic_2026w14_phase1_downloads/raw/crema_d/audios/1068_IWW_ANG_XX.wav,ANG,emergency,emergency,0.22137154638767242,416.42413330078125,476.33441162109375,0.32290947437286377,0.6595298647880554,0.017556417733430862
/tmp/drone_acoustic_2026w14_phase1_downloads/raw/crema_d/audios/1068_IWW_FEA_XX.wav,FEA,emergency,emergency,0.09152845293283463,420.65960693359375,509.2092590332031,0.40267685055732727,0.5862585306167603,0.011060149408876896
/tmp/drone_acoustic_2026w14_phase1_downloads/raw/crema_d/audios/1068_IWW_NEU_XX.wav,NEU,normal,normal,0.047803767025470734,366.47760009765625,477.5897521972656,0.7753885388374329,0.21084918081760406,0.013755593448877335
/tmp/drone_acoustic_2026w14_phase1_downloads/raw/crema_d/audios/1068_MTI_ANG_XX.wav,ANG,emergency,emergency,0.12142103165388107,450.37518310546875,496.4439697265625,0.2973449230194092,0.677649736404419,0.025004062801599503
/tmp/drone_acoustic_2026w14_phase1_downloads/raw/crema_d/audios/1068_MTI_FEA_XX.wav,FEA,emergency,emergency,0.029971376061439514,328.4996337890625,451.2928771972656,0.8108512759208679,0.1778024137020111,0.011339087970554829
/tmp/drone_acoustic_2026w14_phase1_downloads/raw/crema_d/audios/1068_MTI_NEU_XX.wav,NEU,normal,normal,0.03742003068327904,329.0661926269531,411.46209716796875,0.66929030418396,0.31199777126312256,0.018706943839788437
/tmp/drone_acoustic_2026w14_phase1_downloads/raw/crema_d/audios/1068_TAI_ANG_XX.wav,ANG,emergency,emergency,0.09246493875980377,496.29998779296875,625.4778442382812,0.35620948672294617,0.5979928374290466,0.04579383134841919
/tmp/drone_acoustic_2026w14_phase1_downloads/raw/crema_d/audios/1068_TAI_FEA_XX.wav,FEA,emergency,emergency,0.039548225700855255,356.2240295410156,572.2802734375,0.8089151382446289,0.1745939999818802,0.01643526181578636
/tmp/drone_acoustic_2026w14_phase1_downloads/raw/crema_d/audios/1068_TAI_NEU_XX.wav,NEU,normal,normal,0.03767438232898712,347.5577087402344,475.91534423828125,0.650120198726654,0.329123318195343,0.020750219002366066
/tmp/drone_acoustic_2026w14_phase1_downloads/raw/crema_d/audios/1068_TIE_ANG_XX.wav,ANG,emergency,emergency,0.15963074564933777,516.59228515625,629.7405395507812,0.24205735325813293,0.7001030445098877,0.05783482640981674
/tmp/drone_acoustic_2026w14_phase1_downloads/raw/crema_d/audios/1068_TIE_FEA_XX.wav,FEA,emergency,emergency,0.09566711634397507,345.3534240722656,479.18145751953125,0.559171199798584,0.4165368676185608,0.024289198219776154
/tmp/drone_acoustic_2026w14_phase1_downloads/raw/crema_d/audios/1068_TIE_NEU_XX.wav,NEU,normal,normal,0.09391714632511139,339.4484558105469,429.50457763671875,0.47394099831581116,0.5146534442901611,0.011399617418646812
/tmp/drone_acoustic_2026w14_phase1_downloads/raw/crema_d/audios/1068_TSI_ANG_XX.wav,ANG,emergency,emergency,0.34276291728019714,1078.8060302734375,930.2333984375,0.4908345341682434,0.4525723159313202,0.05654408782720566
/tmp/drone_acoustic_2026w14_phase1_downloads/raw/crema_d/audios/1068_TSI_FEA_XX.wav,FEA,emergency,emergency,0.06277493387460709,592.643798828125,791.7122802734375,0.7845615744590759,0.17840000987052917,0.03701944649219513
/tmp/drone_acoustic_2026w14_phase1_downloads/raw/crema_d/audios/1068_TSI_NEU_XX.wav,NEU,normal,normal,0.03164156898856163,517.7968139648438,745.1707153320312,0.8883336186408997,0.08460374176502228,0.027041060850024223
/tmp/drone_acoustic_2026w14_phase1_downloads/raw/crema_d/audios/1068_WSI_ANG_XX.wav,ANG,emergency,emergency,0.45482659339904785,830.5484008789062,724.6793823242188,0.2786133587360382,0.6294741630554199,0.09190624952316284
/tmp/drone_acoustic_2026w14_phase1_downloads/raw/crema_d/audios/1068_WSI_FEA_XX.wav,FEA,emergency,emergency,0.13909617066383362,493.9539489746094,680.3494873046875,0.4408528208732605,0.5268262028694153,0.032306913286447525
/tmp/drone_acoustic_2026w14_phase1_downloads/raw/crema_d/audios/1068_WSI_NEU_XX.wav,NEU,normal,normal,0.13122916221618652,471.2603454589844,580.541015625,0.5744770169258118,0.40692758560180664,0.01857845112681389
/tmp/drone_acoustic_2026w14_phase1_downloads/raw/crema_d/audios/1069_DFA_ANG_XX.wav,ANG,emergency,emergency,0.10366349667310715,610.5850830078125,603.2610473632812,0.41094666719436646,0.558417797088623,0.030632462352514267
/tmp/drone_acoustic_2026w14_phase1_downloads/raw/crema_d/audios/1069_DFA_FEA_XX.wav,FEA,emergency,emergency,0.0330328568816185,347.91217041015625,489.2386474609375,0.8064254522323608,0.17205440998077393,0.021516166627407074
/tmp/drone_acoustic_2026w14_phase1_downloads/raw/crema_d/audios/1069_DFA_NEU_XX.wav,NEU,normal,normal,0.044723741710186005,485.17144775390625,569.3143310546875,0.44893142580986023,0.5368773341178894,0.014188660308718681
/tmp/drone_acoustic_2026w14_phase1_downloads/raw/crema_d/audios/1069_IEO_ANG_HI.wav,ANG,emergency,emergency,0.20404808223247528,724.1986694335938,633.95751953125,0.14338050782680511,0.8235493302345276,0.03306862711906433
/tmp/drone_acoustic_2026w14_phase1_downloads/raw/crema_d/audios/1069_IEO_ANG_LO.wav,ANG,emergency,emergency,0.037996936589479446,504.5689392089844,562.7727661132812,0.49805378913879395,0.4855543076992035,0.016381459310650826
/tmp/drone_acoustic_2026w14_phase1_downloads/raw/crema_d/audios/1069_IEO_ANG_MD.wav,ANG,emergency,emergency,0.068306103348732,529.2890625,520.4215698242188,0.21029911935329437,0.7824972867965698,0.007202598266303539
/tmp/drone_acoustic_2026w14_phase1_downloads/raw/crema_d/audios/1069_IEO_FEA_HI.wav,FEA,emergency,emergency,0.21660950779914856,664.3109741210938,699.4567260742188,0.189075767993927,0.791648805141449,0.019273461773991585
/tmp/drone_acoustic_2026w14_phase1_downloads/raw/crema_d/audios/1069_IEO_FEA_LO.wav,FEA,emergency,emergency,0.04794633761048317,373.91046142578125,511.23486328125,0.6685646772384644,0.32363492250442505,0.007790286559611559
/tmp/drone_acoustic_2026w14_phase1_downloads/raw/crema_d/audios/1069_IEO_FEA_MD.wav,FEA,emergency,emergency,0.08393232524394989,396.1538391113281,481.79827880859375,0.329588919878006,0.6629574298858643,0.007452751509845257
/tmp/drone_acoustic_2026w14_phase1_downloads/raw/crema_d/audios/1069_IEO_NEU_XX.wav,NEU,normal,normal,0.02703104168176651,369.7893981933594,437.6684875488281,0.24950385093688965,0.7458027005195618,0.004691787529736757
/tmp/drone_acoustic_2026w14_phase1_downloads/raw/crema_d/audios/1069_IOM_ANG_XX.wav,ANG,emergency,emergency,0.08141716569662094,422.241943359375,404.42529296875,0.5021535754203796,0.4810687303543091,0.01677606999874115
/tmp/drone_acoustic_2026w14_phase1_downloads/raw/crema_d/audios/1069_IOM_FEA_XX.wav,FEA,emergency,emergency,0.017309915274381638,274.1322326660156,370.4071044921875,0.8537535667419434,0.14137688279151917,0.004863043315708637
/tmp/drone_acoustic_2026w14_phase1_downloads/raw/crema_d/audios/1069_IOM_NEU_XX.wav,NEU,normal,normal,0.06206151098012924,374.3043212890625,344.2712097167969,0.3948875069618225,0.5977024435997009,0.007409335114061832
/tmp/drone_acoustic_2026w14_phase1_downloads/raw/crema_d/audios/1069_ITH_ANG_XX.wav,ANG,emergency,emergency,0.20764081180095673,567.6339721679688,568.3370361328125,0.24561437964439392,0.7233823537826538,0.03100038319826126
/tmp/drone_acoustic_2026w14_phase1_downloads/raw/crema_d/audios/1069_ITH_FEA_XX.wav,FEA,emergency,emergency,0.07820973545312881,332.8291931152344,523.8110961914062,0.8173010349273682,0.149911031126976,0.03274790570139885
/tmp/drone_acoustic_2026w14_phase1_downloads/raw/crema_d/audios/1069_ITH_NEU_XX.wav,NEU,normal,normal,0.07931473851203918,425.4239196777344,528.6798706054688,0.3568522036075592,0.6305482983589172,0.01259573083370924
/tmp/drone_acoustic_2026w14_phase1_downloads/raw/crema_d/audios/1069_ITS_ANG_XX.wav,ANG,emergency,emergency,0.0656820610165596,724.1597290039062,636.7210083007812,0.6439387202262878,0.3206643760204315,0.035394132137298584
/tmp/drone_acoustic_2026w14_phase1_downloads/raw/crema_d/audios/1069_ITS_FEA_XX.wav,FEA,emergency,emergency,0.056918080896139145,473.0024108886719,557.9615478515625,0.6520619988441467,0.31371912360191345,0.0341925285756588
/tmp/drone_acoustic_2026w14_phase1_downloads/raw/crema_d/audios/1069_ITS_NEU_XX.wav,NEU,normal,normal,0.06465798616409302,558.0496215820312,597.9314575195312,0.4804868698120117,0.4970303773880005,0.02247384749352932
/tmp/drone_acoustic_2026w14_phase1_downloads/raw/crema_d/audios/1069_IWL_ANG_XX.wav,ANG,emergency,emergency,0.039579592645168304,459.8968811035156,366.89385986328125,0.38596728444099426,0.6075592041015625,0.006471364758908749
/tmp/drone_acoustic_2026w14_phase1_downloads/raw/crema_d/audios/1069_IWL_FEA_XX.wav,FEA,emergency,emergency,0.07342317700386047,514.5337524414062,469.0501403808594,0.20846669375896454,0.782807469367981,0.008724922314286232
/tmp/drone_acoustic_2026w14_phase1_downloads/raw/crema_d/audios/1069_IWL_NEU_XX.wav,NEU,normal,normal,0.07363858073949814,381.5572509765625,394.7281188964844,0.4305570721626282,0.5620872378349304,0.007354328874498606
/tmp/drone_acoustic_2026w14_phase1_downloads/raw/crema_d/audios/1069_IWW_ANG_XX.wav,ANG,emergency,emergency,0.2942415475845337,704.051513671875,569.4454956054688,0.5044856071472168,0.4715041220188141,0.024007346481084824
/tmp/drone_acoustic_2026w14_phase1_downloads/raw/crema_d/audios/1069_IWW_FEA_XX.wav,FEA,emergency,emergency,0.05526633560657501,423.3434753417969,615.6593627929688,0.7414023280143738,0.2328609973192215,0.02569412626326084
/tmp/drone_acoustic_2026w14_phase1_downloads/raw/crema_d/audios/1069_IWW_NEU_XX.wav,NEU,normal,normal,0.044898588210344315,463.9308776855469,556.7213745117188,0.6913459300994873,0.2953643500804901,0.01327467430382967
/tmp/drone_acoustic_2026w14_phase1_downloads/raw/crema_d/audios/1069_MTI_ANG_XX.wav,ANG,emergency,emergency,0.015979290008544922,515.656982421875,432.4763488769531,0.6177750825881958,0.3759721517562866,0.006252189166843891
/tmp/drone_acoustic_2026w14_phase1_downloads/raw/crema_d/audios/1069_MTI_FEA_XX.wav,FEA,emergency,emergency,0.01595533825457096,363.06640625,351.4508056640625,0.544579029083252,0.4491962790489197,0.006223453674465418
/tmp/drone_acoustic_2026w14_phase1_downloads/raw/crema_d/audios/1069_MTI_NEU_XX.wav,NEU,normal,normal,0.05801980942487717,381.92144775390625,407.5992126464844,0.7416645884513855,0.22629094123840332,0.03204169124364853
/tmp/drone_acoustic_2026w14_phase1_downloads/raw/crema_d/audios/1069_TAI_ANG_XX.wav,ANG,emergency,emergency,0.019464436918497086,654.0205078125,592.7272338867188,0.641250729560852,0.3507601022720337,0.007987766526639462
/tmp/drone_acoustic_2026w14_phase1_downloads/raw/crema_d/audios/1069_TAI_FEA_XX.wav,FEA,emergency,emergency,0.10971077531576157,461.274169921875,515.447509765625,0.3528544306755066,0.604536235332489,0.04260729253292084
/tmp/drone_acoustic_2026w14_phase1_downloads/raw/crema_d/audios/1069_TAI_NEU_XX.wav,NEU,normal,normal,0.037109844386577606,417.0956726074219,474.12615966796875,0.7590296268463135,0.2340598702430725,0.006903751753270626
/tmp/drone_acoustic_2026w14_phase1_downloads/raw/crema_d/audios/1069_TIE_ANG_XX.wav,ANG,emergency,emergency,0.11505374312400818,690.8921508789062,672.4209594726562,0.2597811818122864,0.7035043835639954,0.03670532628893852
/tmp/drone_acoustic_2026w14_phase1_downloads/raw/crema_d/audios/1069_TIE_FEA_XX.wav,FEA,emergency,emergency,0.03273851051926613,478.40911865234375,574.41796875,0.44625404477119446,0.5444355607032776,0.009306532330811024
/tmp/drone_acoustic_2026w14_phase1_downloads/raw/crema_d/audios/1069_TIE_NEU_XX.wav,NEU,normal,normal,0.03426240757107735,440.60888671875,521.2274169921875,0.4580164849758148,0.5325855016708374,0.009395255707204342
/tmp/drone_acoustic_2026w14_phase1_downloads/raw/crema_d/audios/1069_TSI_ANG_XX.wav,ANG,emergency,emergency,0.12900571525096893,1103.9168701171875,927.328857421875,0.15637490153312683,0.8083764910697937,0.03523894399404526
/tmp/drone_acoustic_2026w14_phase1_downloads/raw/crema_d/audios/1069_TSI_FEA_XX.wav,FEA,emergency,emergency,0.11478367447853088,758.6222534179688,817.994140625,0.5734056830406189,0.395498126745224,0.03107399120926857
/tmp/drone_acoustic_2026w14_phase1_downloads/raw/crema_d/audios/1069_TSI_NEU_XX.wav,NEU,normal,normal,0.05804939568042755,1142.1407470703125,958.6111450195312,0.6215082406997681,0.3404737412929535,0.03796955570578575
/tmp/drone_acoustic_2026w14_phase1_downloads/raw/crema_d/audios/1069_WSI_ANG_XX.wav,ANG,emergency,emergency,0.22023819386959076,1491.47412109375,889.8369750976562,0.37418606877326965,0.5915892124176025,0.0342169851064682
/tmp/drone_acoustic_2026w14_phase1_downloads/raw/crema_d/audios/1069_WSI_FEA_XX.wav,FEA,emergency,emergency,0.07140922546386719,880.335693359375,755.4016723632812,0.25254809856414795,0.7325051426887512,0.014938179403543472
/tmp/drone_acoustic_2026w14_phase1_downloads/raw/crema_d/audios/1069_WSI_NEU_XX.wav,NEU,normal,normal,0.06559433043003082,808.2433471679688,663.1182250976562,0.5653358101844788,0.426800012588501,0.007860704325139523
/tmp/drone_acoustic_2026w14_phase1_downloads/raw/crema_d/audios/1070_DFA_ANG_XX.wav,ANG,emergency,emergency,0.16686192154884338,605.613525390625,635.9259643554688,0.3213578164577484,0.6100452542304993,0.0685943141579628
/tmp/drone_acoustic_2026w14_phase1_downloads/raw/crema_d/audios/1070_DFA_FEA_XX.wav,FEA,emergency,emergency,0.041041698306798935,363.3733215332031,460.6160888671875,0.6700952053070068,0.3176880478858948,0.012214680202305317
/tmp/drone_acoustic_2026w14_phase1_downloads/raw/crema_d/audios/1070_DFA_NEU_XX.wav,NEU,normal,normal,0.04832109436392784,386.81390380859375,512.5533447265625,0.5980061888694763,0.38664108514785767,0.0153496777638793
/tmp/drone_acoustic_2026w14_phase1_downloads/raw/crema_d/audios/1070_IEO_ANG_HI.wav,ANG,emergency,emergency,0.360031396150589,695.1893310546875,678.2106323242188,0.03937552124261856,0.8887227177619934,0.07189870625734329
/tmp/drone_acoustic_2026w14_phase1_downloads/raw/crema_d/audios/1070_IEO_ANG_LO.wav,ANG,emergency,emergency,0.27197811007499695,631.4481811523438,650.4098510742188,0.21537922322750092,0.759410560131073,0.0252053402364254
/tmp/drone_acoustic_2026w14_phase1_downloads/raw/crema_d/audios/1070_IEO_ANG_MD.wav,ANG,emergency,emergency,0.16077060997486115,657.4453735351562,643.7552490234375,0.27741411328315735,0.6696205139160156,0.05294366553425789
/tmp/drone_acoustic_2026w14_phase1_downloads/raw/crema_d/audios/1070_IEO_FEA_HI.wav,FEA,emergency,emergency,0.1979963183403015,402.592529296875,491.9649963378906,0.4341127872467041,0.5464828610420227,0.019403347745537758
/tmp/drone_acoustic_2026w14_phase1_downloads/raw/crema_d/audios/1070_IEO_FEA_LO.wav,FEA,emergency,emergency,0.05824830010533333,390.0336608886719,500.5798034667969,0.4859096109867096,0.5026884078979492,0.011353909969329834
/tmp/drone_acoustic_2026w14_phase1_downloads/raw/crema_d/audios/1070_IEO_FEA_MD.wav,FEA,emergency,emergency,0.18567733466625214,440.498046875,504.0225524902344,0.5408392548561096,0.42343786358833313,0.035718221217393875
/tmp/drone_acoustic_2026w14_phase1_downloads/raw/crema_d/audios/1070_IEO_NEU_XX.wav,NEU,normal,normal,0.04690438136458397,320.963623046875,451.60467529296875,0.6693031191825867,0.31588342785835266,0.01480891928076744
/tmp/drone_acoustic_2026w14_phase1_downloads/raw/crema_d/audios/1070_IOM_ANG_XX.wav,ANG,emergency,emergency,0.1642366349697113,521.7037963867188,600.5707397460938,0.6149091124534607,0.2941458523273468,0.09094410389661789
/tmp/drone_acoustic_2026w14_phase1_downloads/raw/crema_d/audios/1070_IOM_FEA_XX.wav,FEA,emergency,emergency,0.03008926659822464,299.0992126464844,326.1595764160156,0.5360410213470459,0.46042510867118835,0.0035332522820681334
/tmp/drone_acoustic_2026w14_phase1_downloads/raw/crema_d/audios/1070_IOM_NEU_XX.wav,NEU,normal,normal,0.10648532211780548,346.15875244140625,427.313720703125,0.6861974596977234,0.2872527837753296,0.02654849737882614
/tmp/drone_acoustic_2026w14_phase1_downloads/raw/crema_d/audios/1070_ITH_ANG_XX.wav,ANG,emergency,emergency,0.1915716677904129,643.2958374023438,646.6884155273438,0.26314276456832886,0.6729207038879395,0.06393299251794815
/tmp/drone_acoustic_2026w14_phase1_downloads/raw/crema_d/audios/1070_ITH_FEA_XX.wav,FEA,emergency,emergency,0.04525626078248024,332.363037109375,435.7347717285156,0.5434253215789795,0.44669628143310547,0.009864838793873787
/tmp/drone_acoustic_2026w14_phase1_downloads/raw/crema_d/audios/1070_ITH_NEU_XX.wav,NEU,normal,normal,0.15074001252651215,461.9970703125,552.8259887695312,0.3203199505805969,0.6326242685317993,0.04705159366130829
/tmp/drone_acoustic_2026w14_phase1_downloads/raw/crema_d/audios/1070_ITS_ANG_XX.wav,ANG,emergency,emergency,0.15732382237911224,768.7211303710938,709.2938232421875,0.5339187383651733,0.39519017934799194,0.07086978107690811
/tmp/drone_acoustic_2026w14_phase1_downloads/raw/crema_d/audios/1070_ITS_FEA_XX.wav,FEA,emergency,emergency,0.028543684631586075,675.8822631835938,684.8074951171875,0.7738837599754333,0.20288503170013428,0.023217616602778435
/tmp/drone_acoustic_2026w14_phase1_downloads/raw/crema_d/audios/1070_ITS_NEU_XX.wav,NEU,normal,normal,0.08487409353256226,603.5455322265625,660.2393188476562,0.5365169048309326,0.41075900197029114,0.05261055752635002
/tmp/drone_acoustic_2026w14_phase1_downloads/raw/crema_d/audios/1070_IWL_ANG_XX.wav,ANG,emergency,emergency,0.20940029621124268,612.5319213867188,554.7274169921875,0.342844694852829,0.5800282955169678,0.07712475955486298
/tmp/drone_acoustic_2026w14_phase1_downloads/raw/crema_d/audios/1070_IWL_FEA_XX.wav,FEA,emergency,emergency,0.04500829800963402,320.6859436035156,372.15850830078125,0.6198216080665588,0.3727315366268158,0.007439892273396254
/tmp/drone_acoustic_2026w14_phase1_downloads/raw/crema_d/audios/1070_IWL_NEU_XX.wav,NEU,normal,normal,0.06406624615192413,392.7021484375,404.2030944824219,0.4998857378959656,0.4838562607765198,0.016255928203463554
/tmp/drone_acoustic_2026w14_phase1_downloads/raw/crema_d/audios/1070_IWW_ANG_XX.wav,ANG,emergency,emergency,0.11442060023546219,560.765625,654.539306640625,0.44117891788482666,0.5027860999107361,0.056028932332992554
/tmp/drone_acoustic_2026w14_phase1_downloads/raw/crema_d/audios/1070_IWW_FEA_XX.wav,FEA,emergency,emergency,0.030129317194223404,462.9073181152344,584.4921264648438,0.6677282452583313,0.32015079259872437,0.01210919301956892
/tmp/drone_acoustic_2026w14_phase1_downloads/raw/crema_d/audios/1070_IWW_NEU_XX.wav,NEU,normal,normal,0.053806837648153305,448.8406677246094,560.7745361328125,0.6765464544296265,0.2954292297363281,0.027988126501441002
/tmp/drone_acoustic_2026w14_phase1_downloads/raw/crema_d/audios/1070_MTI_ANG_XX.wav,ANG,emergency,emergency,0.1118951141834259,507.8074035644531,550.855224609375,0.5687903761863708,0.3729049563407898,0.058299507945775986
/tmp/drone_acoustic_2026w14_phase1_downloads/raw/crema_d/audios/1070_MTI_FEA_XX.wav,FEA,emergency,emergency,0.047746170312166214,377.89727783203125,448.92779541015625,0.6390028595924377,0.340687096118927,0.020307932049036026
/tmp/drone_acoustic_2026w14_phase1_downloads/raw/crema_d/audios/1070_MTI_NEU_XX.wav,NEU,normal,normal,0.059234313666820526,435.0434875488281,421.92333984375,0.6874725818634033,0.28708356618881226,0.025423305109143257
/tmp/drone_acoustic_2026w14_phase1_downloads/raw/crema_d/audios/1070_TAI_ANG_XX.wav,ANG,emergency,emergency,0.09153375774621964,495.6817321777344,546.30810546875,0.061140671372413635,0.8975906372070312,0.04126216098666191
/tmp/drone_acoustic_2026w14_phase1_downloads/raw/crema_d/audios/1070_TAI_FEA_XX.wav,FEA,emergency,emergency,0.053232334554195404,632.3533325195312,617.8341064453125,0.38319703936576843,0.5986537337303162,0.01800473965704441
/tmp/drone_acoustic_2026w14_phase1_downloads/raw/crema_d/audios/1070_TAI_NEU_XX.wav,NEU,normal,normal,0.08886311203241348,507.01629638671875,581.814697265625,0.541785478591919,0.4201631247997284,0.03804636374115944
/tmp/drone_acoustic_2026w14_phase1_downloads/raw/crema_d/audios/1070_TIE_ANG_XX.wav,ANG,emergency,emergency,0.3006264865398407,801.232666015625,817.7572631835938,0.23088796436786652,0.6640894412994385,0.10501255840063095
/tmp/drone_acoustic_2026w14_phase1_downloads/raw/crema_d/audios/1070_TIE_FEA_XX.wav,FEA,emergency,emergency,0.1614270955324173,413.0121154785156,483.717529296875,0.4333699643611908,0.5415259003639221,0.02508215792477131
/tmp/drone_acoustic_2026w14_phase1_downloads/raw/crema_d/audios/1070_TIE_NEU_XX.wav,NEU,normal,normal,0.08466288447380066,423.19488525390625,493.3753967285156,0.4169498085975647,0.5584316253662109,0.024611055850982666
/tmp/drone_acoustic_2026w14_phase1_downloads/raw/crema_d/audios/1070_TSI_ANG_XX.wav,ANG,emergency,emergency,0.07176003605127335,1285.735595703125,950.8717041015625,0.6892353892326355,0.25783979892730713,0.052859701216220856
/tmp/drone_acoustic_2026w14_phase1_downloads/raw/crema_d/audios/1070_TSI_FEA_XX.wav,FEA,emergency,emergency,0.07670643925666809,1186.3170166015625,880.2877807617188,0.7015853524208069,0.2020806223154068,0.09605598449707031
/tmp/drone_acoustic_2026w14_phase1_downloads/raw/crema_d/audios/1070_TSI_NEU_XX.wav,NEU,normal,normal,0.05078715831041336,1267.0423583984375,897.3441772460938,0.8011600375175476,0.0811450332403183,0.11754196137189865
/tmp/drone_acoustic_2026w14_phase1_downloads/raw/crema_d/audios/1070_WSI_ANG_XX.wav,ANG,emergency,emergency,0.1654578149318695,1137.18505859375,769.9146728515625,0.3220081627368927,0.6244190335273743,0.05354772135615349
/tmp/drone_acoustic_2026w14_phase1_downloads/raw/crema_d/audios/1070_WSI_FEA_XX.wav,FEA,emergency,emergency,0.036155879497528076,690.5015258789062,656.8785400390625,0.6611179709434509,0.3069780170917511,0.031283412128686905
/tmp/drone_acoustic_2026w14_phase1_downloads/raw/crema_d/audios/1070_WSI_NEU_XX.wav,NEU,normal,normal,0.09313692897558212,758.0107421875,666.6212768554688,0.4342975318431854,0.5256722569465637,0.03999999165534973
/tmp/drone_acoustic_2026w14_phase1_downloads/raw/crema_d/audios/1071_DFA_ANG_XX.wav,ANG,emergency,emergency,0.0549587607383728,466.81396484375,562.7938842773438,0.4254486560821533,0.5596843361854553,0.014860204420983791
/tmp/drone_acoustic_2026w14_phase1_downloads/raw/crema_d/audios/1071_DFA_FEA_XX.wav,FEA,emergency,emergency,0.03230758756399155,325.9049987792969,364.1126403808594,0.35582444071769714,0.6365538239479065,0.007620357908308506
/tmp/drone_acoustic_2026w14_phase1_downloads/raw/crema_d/audios/1071_DFA_NEU_XX.wav,NEU,normal,normal,0.027572911232709885,345.6874084472656,443.0135803222656,0.4731428921222687,0.5195205807685852,0.007331506814807653
/tmp/drone_acoustic_2026w14_phase1_downloads/raw/crema_d/audios/1071_IEO_ANG_HI.wav,ANG,emergency,emergency,0.20536787807941437,588.927001953125,591.5794677734375,0.20731505751609802,0.7343564629554749,0.05832328647375107
/tmp/drone_acoustic_2026w14_phase1_downloads/raw/crema_d/audios/1071_IEO_ANG_LO.wav,ANG,emergency,emergency,0.04900849610567093,407.4286193847656,456.056396484375,0.4244765043258667,0.5695721507072449,0.005945517681539059
/tmp/drone_acoustic_2026w14_phase1_downloads/raw/crema_d/audios/1071_IEO_ANG_MD.wav,ANG,emergency,emergency,0.15104320645332336,515.5316772460938,443.03961181640625,0.13500957190990448,0.8601962327957153,0.00479243416339159
/tmp/drone_acoustic_2026w14_phase1_downloads/raw/crema_d/audios/1071_IEO_FEA_HI.wav,FEA,emergency,emergency,0.15762093663215637,474.3032531738281,512.90576171875,0.2674020230770111,0.7192479968070984,0.013348462991416454
/tmp/drone_acoustic_2026w14_phase1_downloads/raw/crema_d/audios/1071_IEO_FEA_LO.wav,FEA,emergency,emergency,0.02705981954932213,327.6771240234375,451.45770263671875,0.6820408701896667,0.30953624844551086,0.008400407619774342
/tmp/drone_acoustic_2026w14_phase1_downloads/raw/crema_d/audios/1071_IEO_FEA_MD.wav,FEA,emergency,emergency,0.03172536566853523,339.83074951171875,503.9064636230469,0.7887876033782959,0.19568561017513275,0.01548445038497448
/tmp/drone_acoustic_2026w14_phase1_downloads/raw/crema_d/audios/1071_IEO_NEU_XX.wav,NEU,normal,normal,0.018803000450134277,339.5894775390625,434.6990661621094,0.6490761041641235,0.34521281719207764,0.005697050131857395
/tmp/drone_acoustic_2026w14_phase1_downloads/raw/crema_d/audios/1071_IOM_ANG_XX.wav,ANG,emergency,emergency,0.04472583904862404,422.5055847167969,377.3674011230469,0.3928675949573517,0.5918822288513184,0.015248948708176613
/tmp/drone_acoustic_2026w14_phase1_downloads/raw/crema_d/audios/1071_IOM_FEA_XX.wav,FEA,emergency,emergency,0.013632471673190594,264.1346740722656,330.99798583984375,0.7958632707595825,0.20107702910900116,0.003043966367840767
/tmp/drone_acoustic_2026w14_phase1_downloads/raw/crema_d/audios/1071_IOM_NEU_XX.wav,NEU,normal,normal,0.016084596514701843,279.80145263671875,328.7463073730469,0.7412790656089783,0.25630584359169006,0.0024051701184362173
/tmp/drone_acoustic_2026w14_phase1_downloads/raw/crema_d/audios/1071_ITH_ANG_XX.wav,ANG,emergency,emergency,0.08568177372217178,452.1913146972656,480.6689147949219,0.4178973436355591,0.5649997591972351,0.01709725894033909
/tmp/drone_acoustic_2026w14_phase1_downloads/raw/crema_d/audios/1071_ITH_FEA_XX.wav,FEA,emergency,emergency,0.10785927623510361,451.3666687011719,726.5892333984375,0.7968392968177795,0.15365658700466156,0.04940056800842285
/tmp/drone_acoustic_2026w14_phase1_downloads/raw/crema_d/audios/1071_ITH_NEU_XX.wav,NEU,normal,normal,0.06591140478849411,363.5249938964844,354.2699890136719,0.41622430086135864,0.578231692314148,0.005539983045309782
/tmp/drone_acoustic_2026w14_phase1_downloads/raw/crema_d/audios/1071_ITS_ANG_XX.wav,ANG,emergency,emergency,0.041196174919605255,463.20489501953125,551.2496948242188,0.5198369026184082,0.4651391804218292,0.015014061704277992
/tmp/drone_acoustic_2026w14_phase1_downloads/raw/crema_d/audios/1071_ITS_FEA_XX.wav,FEA,emergency,emergency,0.032994527369737625,565.5187377929688,671.4822998046875,0.5299447178840637,0.4323035776615143,0.03771929442882538
/tmp/drone_acoustic_2026w14_phase1_downloads/raw/crema_d/audios/1071_ITS_NEU_XX.wav,NEU,normal,normal,0.020476024597883224,540.4703979492188,601.8108520507812,0.7066476345062256,0.2726762890815735,0.020648986101150513
/tmp/drone_acoustic_2026w14_phase1_downloads/raw/crema_d/audios/1071_IWL_ANG_XX.wav,ANG,emergency,emergency,0.05765920877456665,494.65228271484375,379.7724609375,0.21594132483005524,0.7772074341773987,0.006850894074887037
/tmp/drone_acoustic_2026w14_phase1_downloads/raw/crema_d/audios/1071_IWL_FEA_XX.wav,FEA,emergency,emergency,0.04434151202440262,365.3111267089844,411.08978271484375,0.684994101524353,0.31220531463623047,0.0027976883575320244
/tmp/drone_acoustic_2026w14_phase1_downloads/raw/crema_d/audios/1071_IWL_NEU_XX.wav,NEU,normal,normal,0.030182847753167152,353.0291442871094,328.1803283691406,0.4735376834869385,0.5242468118667603,0.002213413594290614
/tmp/drone_acoustic_2026w14_phase1_downloads/raw/crema_d/audios/1071_IWW_ANG_XX.wav,ANG,emergency,emergency,0.05670276656746864,645.5098266601562,607.2389526367188,0.6495184302330017,0.33927249908447266,0.011115806177258492
/tmp/drone_acoustic_2026w14_phase1_downloads/raw/crema_d/audios/1071_IWW_FEA_XX.wav,FEA,emergency,emergency,0.01196369994431734,295.8048095703125,432.7623291015625,0.8433516025543213,0.14940975606441498,0.007213386241346598
/tmp/drone_acoustic_2026w14_phase1_downloads/raw/crema_d/audios/1071_IWW_NEU_XX.wav,NEU,normal,normal,0.017500171437859535,323.574951171875,424.1782531738281,0.7556314468383789,0.23781394958496094,0.006532671395689249
/tmp/drone_acoustic_2026w14_phase1_downloads/raw/crema_d/audios/1071_MTI_ANG_XX.wav,ANG,emergency,emergency,0.0868564322590828,419.0890808105469,345.23931884765625,0.29090529680252075,0.7027528882026672,0.006340973079204559
/tmp/drone_acoustic_2026w14_phase1_downloads/raw/crema_d/audios/1071_MTI_FEA_XX.wav,FEA,emergency,emergency,0.014433681964874268,368.82220458984375,403.5207824707031,0.8544668555259705,0.1415761560201645,0.003951403312385082
/tmp/drone_acoustic_2026w14_phase1_downloads/raw/crema_d/audios/1071_MTI_NEU_XX.wav,NEU,normal,normal,0.0551229752600193,351.39129638671875,331.2772216796875,0.5557968020439148,0.4400600790977478,0.004138311371207237
/tmp/drone_acoustic_2026w14_phase1_downloads/raw/crema_d/audios/1071_TAI_ANG_XX.wav,ANG,emergency,emergency,0.015239027328789234,420.0944519042969,509.6976623535156,0.4559824466705322,0.5347304940223694,0.00928101222962141
/tmp/drone_acoustic_2026w14_phase1_downloads/raw/crema_d/audios/1071_TAI_FEA_XX.wav,FEA,emergency,emergency,0.006880853325128555,275.1823425292969,341.8705749511719,0.816926121711731,0.17865733802318573,0.004400971345603466
/tmp/drone_acoustic_2026w14_phase1_downloads/raw/crema_d/audios/1071_TAI_NEU_XX.wav,NEU,normal,normal,0.010484857484698296,296.3385314941406,368.2911682128906,0.7070982456207275,0.28813958168029785,0.004749609157443047
/tmp/drone_acoustic_2026w14_phase1_downloads/raw/crema_d/audios/1071_TIE_ANG_XX.wav,ANG,emergency,emergency,0.1650117188692093,490.53173828125,516.41357421875,0.29324689507484436,0.6681298613548279,0.03861251100897789
/tmp/drone_acoustic_2026w14_phase1_downloads/raw/crema_d/audios/1071_TIE_FEA_XX.wav,FEA,emergency,emergency,0.025133009999990463,324.9431457519531,419.1487731933594,0.5759952664375305,0.4161478281021118,0.007848018780350685
/tmp/drone_acoustic_2026w14_phase1_downloads/raw/crema_d/audios/1071_TIE_NEU_XX.wav,NEU,normal,normal,0.03334565833210945,321.37310791015625,374.0123291015625,0.37258291244506836,0.6215104460716248,0.0059036510065197945
/tmp/drone_acoustic_2026w14_phase1_downloads/raw/crema_d/audios/1071_TSI_ANG_XX.wav,ANG,emergency,emergency,0.16834518313407898,1431.93701171875,1004.20703125,0.5355508327484131,0.3865269124507904,0.07782123237848282
/tmp/drone_acoustic_2026w14_phase1_downloads/raw/crema_d/audios/1071_TSI_FEA_XX.wav,FEA,emergency,emergency,0.04391088709235191,747.1502075195312,744.4888305664062,0.731869101524353,0.22843356430530548,0.039499204605817795
/tmp/drone_acoustic_2026w14_phase1_downloads/raw/crema_d/audios/1071_TSI_NEU_XX.wav,NEU,normal,normal,0.03543125092983246,833.5001220703125,796.6372680664062,0.6017916798591614,0.3176070749759674,0.08055490255355835
/tmp/drone_acoustic_2026w14_phase1_downloads/raw/crema_d/audios/1071_WSI_ANG_XX.wav,ANG,emergency,emergency,0.0929197296500206,836.9088134765625,694.0040283203125,0.3142845034599304,0.6733514666557312,0.012353641912341118
/tmp/drone_acoustic_2026w14_phase1_downloads/raw/crema_d/audios/1071_WSI_FEA_XX.wav,FEA,emergency,emergency,0.10782206803560257,551.8519897460938,554.068359375,0.40022769570350647,0.5850314497947693,0.014738911762833595
/tmp/drone_acoustic_2026w14_phase1_downloads/raw/crema_d/audios/1071_WSI_NEU_XX.wav,NEU,normal,normal,0.043826498091220856,563.244873046875,565.6472778320312,0.4190733730792999,0.5734111666679382,0.007471158634871244
/tmp/drone_acoustic_2026w14_phase1_downloads/raw/crema_d/audios/1072_DFA_ANG_XX.wav,ANG,emergency,emergency,0.15878158807754517,486.48785400390625,591.1021118164062,0.16807901859283447,0.8038428425788879,0.028075216338038445
/tmp/drone_acoustic_2026w14_phase1_downloads/raw/crema_d/audios/1072_DFA_FEA_XX.wav,FEA,emergency,emergency,0.15604759752750397,429.2347106933594,508.2537841796875,0.6613608002662659,0.30079877376556396,0.03783809393644333
/tmp/drone_acoustic_2026w14_phase1_downloads/raw/crema_d/audios/1072_DFA_NEU_XX.wav,NEU,normal,normal,0.06213489547371864,376.47393798828125,485.9501037597656,0.6665310263633728,0.31255513429641724,0.020908115431666374
/tmp/drone_acoustic_2026w14_phase1_downloads/raw/crema_d/audios/1072_IEO_ANG_HI.wav,ANG,emergency,emergency,0.35171106457710266,688.819091796875,575.4172973632812,0.24650941789150238,0.7079275250434875,0.045558102428913116
/tmp/drone_acoustic_2026w14_phase1_downloads/raw/crema_d/audios/1072_IEO_ANG_LO.wav,ANG,emergency,emergency,0.15279579162597656,470.7303466796875,445.2049560546875,0.2700769007205963,0.7222113013267517,0.007709082681685686
/tmp/drone_acoustic_2026w14_phase1_downloads/raw/crema_d/audios/1072_IEO_ANG_MD.wav,ANG,emergency,emergency,0.7072547078132629,677.5790405273438,532.2808227539062,0.1575271338224411,0.8098576664924622,0.032614391297101974
/tmp/drone_acoustic_2026w14_phase1_downloads/raw/crema_d/audios/1072_IEO_FEA_HI.wav,FEA,emergency,emergency,0.3479653596878052,630.0789794921875,586.1779174804688,0.326325923204422,0.6460489630699158,0.027622703462839127
/tmp/drone_acoustic_2026w14_phase1_downloads/raw/crema_d/audios/1072_IEO_FEA_LO.wav,FEA,emergency,emergency,0.07961224019527435,355.0946960449219,460.87939453125,0.710845947265625,0.2854372560977936,0.0037115321028977633
/tmp/drone_acoustic_2026w14_phase1_downloads/raw/crema_d/audios/1072_IEO_FEA_MD.wav,FEA,emergency,emergency,0.07280315458774567,460.93475341796875,602.7208251953125,0.695509135723114,0.28815194964408875,0.016324035823345184
/tmp/drone_acoustic_2026w14_phase1_downloads/raw/crema_d/audios/1072_IEO_NEU_XX.wav,NEU,normal,normal,0.06771636754274368,494.883544921875,544.0965576171875,0.6077704429626465,0.3768578767776489,0.015365577302873135
/tmp/drone_acoustic_2026w14_phase1_downloads/raw/crema_d/audios/1072_IOM_ANG_XX.wav,ANG,emergency,emergency,0.3778532147407532,509.4065856933594,474.811767578125,0.25154149532318115,0.6969430446624756,0.05151362717151642
/tmp/drone_acoustic_2026w14_phase1_downloads/raw/crema_d/audios/1072_IOM_FEA_XX.wav,FEA,emergency,emergency,0.022422775626182556,303.52752685546875,343.9455871582031,0.8908407688140869,0.1057572141289711,0.003400755813345313
/tmp/drone_acoustic_2026w14_phase1_downloads/raw/crema_d/audios/1072_IOM_NEU_XX.wav,NEU,normal,normal,0.1249488964676857,357.6021728515625,375.2966613769531,0.6575879454612732,0.33334460854530334,0.009065596386790276
/tmp/drone_acoustic_2026w14_phase1_downloads/raw/crema_d/audios/1072_ITH_ANG_XX.wav,ANG,emergency,emergency,0.3012736141681671,633.3872680664062,593.0216064453125,0.434011310338974,0.4803493916988373,0.08563725650310516
/tmp/drone_acoustic_2026w14_phase1_downloads/raw/crema_d/audios/1072_ITH_FEA_XX.wav,FEA,emergency,emergency,0.07384684681892395,444.3161926269531,482.9704284667969,0.7232609987258911,0.25033339858055115,0.026403145864605904
/tmp/drone_acoustic_2026w14_phase1_downloads/raw/crema_d/audios/1072_ITH_NEU_XX.wav,NEU,normal,normal,0.08146606385707855,351.8095703125,453.37408447265625,0.7397241592407227,0.23959846794605255,0.02067001909017563
/tmp/drone_acoustic_2026w14_phase1_downloads/raw/crema_d/audios/1072_ITS_ANG_XX.wav,ANG,emergency,emergency,0.3996087610721588,555.0156860351562,594.0657958984375,0.36891791224479675,0.4881078898906708,0.1429654359817505
/tmp/drone_acoustic_2026w14_phase1_downloads/raw/crema_d/audios/1072_ITS_FEA_XX.wav,FEA,emergency,emergency,0.03177768737077713,524.6656494140625,566.7268676757812,0.8874803781509399,0.09711528569459915,0.015403525903820992
/tmp/drone_acoustic_2026w14_phase1_downloads/raw/crema_d/audios/1072_ITS_NEU_XX.wav,NEU,normal,normal,0.020603079348802567,514.8388061523438,651.3584594726562,0.856224775314331,0.12328466773033142,0.020478034391999245
/tmp/drone_acoustic_2026w14_phase1_downloads/raw/crema_d/audios/1072_IWL_ANG_XX.wav,ANG,emergency,emergency,0.3056778311729431,531.4869384765625,434.32373046875,0.4264147877693176,0.5357818007469177,0.03780216723680496
/tmp/drone_acoustic_2026w14_phase1_downloads/raw/crema_d/audios/1072_IWL_FEA_XX.wav,FEA,emergency,emergency,0.05950289964675903,439.1426086425781,416.9292297363281,0.21024009585380554,0.7793014049530029,0.010457691736519337
/tmp/drone_acoustic_2026w14_phase1_downloads/raw/crema_d/audios/1072_IWL_NEU_XX.wav,NEU,normal,normal,0.3401697278022766,387.3173522949219,372.57073974609375,0.3522185683250427,0.6371554732322693,0.01062486320734024
/tmp/drone_acoustic_2026w14_phase1_downloads/raw/crema_d/audios/1072_IWW_ANG_XX.wav,ANG,emergency,emergency,0.11556946486234665,463.94793701171875,475.0245361328125,0.26052480936050415,0.7159465551376343,0.023525550961494446
/tmp/drone_acoustic_2026w14_phase1_downloads/raw/crema_d/audios/1072_IWW_FEA_XX.wav,FEA,emergency,emergency,0.05881444737315178,401.7486877441406,506.51806640625,0.4024702310562134,0.584983229637146,0.012539139948785305
/tmp/drone_acoustic_2026w14_phase1_downloads/raw/crema_d/audios/1072_IWW_NEU_XX.wav,NEU,normal,normal,0.03613916411995888,369.635986328125,457.8902893066406,0.481084942817688,0.5123984813690186,0.0065065352246165276
/tmp/drone_acoustic_2026w14_phase1_downloads/raw/crema_d/audios/1072_MTI_ANG_XX.wav,ANG,emergency,emergency,0.09544634073972702,537.458984375,496.3841247558594,0.5018844604492188,0.4424198567867279,0.05569469928741455
/tmp/drone_acoustic_2026w14_phase1_downloads/raw/crema_d/audios/1072_MTI_FEA_XX.wav,FEA,emergency,emergency,0.03216712176799774,354.2989196777344,379.9644775390625,0.6847547888755798,0.31038182973861694,0.004856784362345934
/tmp/drone_acoustic_2026w14_phase1_downloads/raw/crema_d/audios/1072_MTI_NEU_XX.wav,NEU,normal,normal,0.06119862198829651,361.7281799316406,368.0206604003906,0.6674530506134033,0.31693151593208313,0.01561286486685276
/tmp/drone_acoustic_2026w14_phase1_downloads/raw/crema_d/audios/1072_TAI_ANG_XX.wav,ANG,emergency,emergency,0.2022661566734314,625.1952514648438,559.874267578125,0.09282561391592026,0.8348148465156555,0.07235760241746902
/tmp/drone_acoustic_2026w14_phase1_downloads/raw/crema_d/audios/1072_TAI_FEA_XX.wav,FEA,emergency,emergency,0.018422793596982956,358.79644775390625,443.95989990234375,0.6718827486038208,0.31802898645401,0.010084687732160091
/tmp/drone_acoustic_2026w14_phase1_downloads/raw/crema_d/audios/1072_TAI_NEU_XX.wav,NEU,normal,normal,0.03645806014537811,410.4913330078125,538.1917724609375,0.6522935628890991,0.33284470438957214,0.014855660498142242
/tmp/drone_acoustic_2026w14_phase1_downloads/raw/crema_d/audios/1072_TIE_ANG_XX.wav,ANG,emergency,emergency,0.7383718490600586,500.6260070800781,534.5679931640625,0.1539807766675949,0.7188343405723572,0.12717761099338531
/tmp/drone_acoustic_2026w14_phase1_downloads/raw/crema_d/audios/1072_TIE_FEA_XX.wav,FEA,emergency,emergency,0.44954511523246765,439.20355224609375,518.2448120117188,0.3417885899543762,0.5830593705177307,0.07515078783035278
/tmp/drone_acoustic_2026w14_phase1_downloads/raw/crema_d/audios/1072_TIE_NEU_XX.wav,NEU,normal,normal,0.14365337789058685,339.9037780761719,461.787353515625,0.6003392934799194,0.38553735613822937,0.01411319337785244
/tmp/drone_acoustic_2026w14_phase1_downloads/raw/crema_d/audios/1072_TSI_ANG_XX.wav,ANG,emergency,emergency,0.1144605353474617,1024.1749267578125,893.0507202148438,0.16992047429084778,0.791687548160553,0.03837709128856659
/tmp/drone_acoustic_2026w14_phase1_downloads/raw/crema_d/audios/1072_TSI_FEA_XX.wav,FEA,emergency,emergency,0.06278758496046066,737.3601684570312,755.8720703125,0.7823272943496704,0.17083916068077087,0.04682910442352295
/tmp/drone_acoustic_2026w14_phase1_downloads/raw/crema_d/audios/1072_TSI_NEU_XX.wav,NEU,normal,normal,0.04511840268969536,854.1226806640625,972.2056884765625,0.7234853506088257,0.2413257360458374,0.03516540676355362
/tmp/drone_acoustic_2026w14_phase1_downloads/raw/crema_d/audios/1072_WSI_ANG_XX.wav,ANG,emergency,emergency,0.22418677806854248,652.2503051757812,726.0245971679688,0.4775060713291168,0.4954504668712616,0.027034690603613853
/tmp/drone_acoustic_2026w14_phase1_downloads/raw/crema_d/audios/1072_WSI_FEA_XX.wav,FEA,emergency,emergency,0.21712081134319305,1104.077880859375,793.83349609375,0.29815781116485596,0.6656858325004578,0.036150574684143066
/tmp/drone_acoustic_2026w14_phase1_downloads/raw/crema_d/audios/1072_WSI_NEU_XX.wav,NEU,normal,normal,0.04933325573801994,565.07568359375,646.9566650390625,0.6534947156906128,0.33426064252853394,0.012229284271597862
/tmp/drone_acoustic_2026w14_phase1_downloads/raw/crema_d/audios/1073_DFA_ANG_XX.wav,ANG,emergency,emergency,0.5351971983909607,647.6918334960938,675.5245971679688,0.2632370591163635,0.5654152035713196,0.17134520411491394
/tmp/drone_acoustic_2026w14_phase1_downloads/raw/crema_d/audios/1073_DFA_FEA_XX.wav,FEA,emergency,emergency,0.05229831486940384,365.734619140625,452.0224609375,0.4962063133716583,0.4840148389339447,0.019772790372371674
/tmp/drone_acoustic_2026w14_phase1_downloads/raw/crema_d/audios/1073_DFA_NEU_XX.wav,NEU,normal,normal,0.06086679548025131,386.55499267578125,474.0025634765625,0.669421374797821,0.3142090141773224,0.01636790670454502
/tmp/drone_acoustic_2026w14_phase1_downloads/raw/crema_d/audios/1073_IEO_ANG_HI.wav,ANG,emergency,emergency,1.1474753618240356,741.7258911132812,643.4937133789062,0.1599828600883484,0.7415557503700256,0.098423071205616
/tmp/drone_acoustic_2026w14_phase1_downloads/raw/crema_d/audios/1073_IEO_ANG_LO.wav,ANG,emergency,emergency,0.15509957075119019,628.8062744140625,595.7581176757812,0.6366764903068542,0.3372891843318939,0.026031218469142914
/tmp/drone_acoustic_2026w14_phase1_downloads/raw/crema_d/audios/1073_IEO_ANG_MD.wav,ANG,emergency,emergency,0.3765316307544708,697.7869873046875,602.2156372070312,0.30283939838409424,0.6668024063110352,0.0302411001175642
/tmp/drone_acoustic_2026w14_phase1_downloads/raw/crema_d/audios/1073_IEO_FEA_HI.wav,FEA,emergency,emergency,0.23629555106163025,502.08905029296875,573.0833740234375,0.1966274529695511,0.7533297538757324,0.050036463886499405
/tmp/drone_acoustic_2026w14_phase1_downloads/raw/crema_d/audios/1073_IEO_FEA_LO.wav,FEA,emergency,emergency,0.09690612554550171,327.6353454589844,429.7041320800781,0.4527733325958252,0.5435226559638977,0.0036988321226090193
/tmp/drone_acoustic_2026w14_phase1_downloads/raw/crema_d/audios/1073_IEO_FEA_MD.wav,FEA,emergency,emergency,0.061356984078884125,358.17694091796875,471.80859375,0.6296685934066772,0.36503544449806213,0.005280097480863333
/tmp/drone_acoustic_2026w14_phase1_downloads/raw/crema_d/audios/1073_IEO_NEU_XX.wav,NEU,normal,normal,0.06786112487316132,348.5486145019531,461.74383544921875,0.6107311844825745,0.3802308440208435,0.009026262909173965
/tmp/drone_acoustic_2026w14_phase1_downloads/raw/crema_d/audios/1073_IOM_ANG_XX.wav,ANG,emergency,emergency,0.13130620121955872,414.434814453125,506.15289306640625,0.6434101462364197,0.3123464584350586,0.04423748329281807
/tmp/drone_acoustic_2026w14_phase1_downloads/raw/crema_d/audios/1073_IOM_FEA_XX.wav,FEA,emergency,emergency,0.02833576127886772,334.9175109863281,437.7102966308594,0.875733494758606,0.1101362556219101,0.014099533669650555
/tmp/drone_acoustic_2026w14_phase1_downloads/raw/crema_d/audios/1073_IOM_NEU_XX.wav,NEU,normal,normal,0.05383959040045738,311.7937927246094,427.0250244140625,0.7669533491134644,0.21836768090724945,0.014677365310490131
/tmp/drone_acoustic_2026w14_phase1_downloads/raw/crema_d/audios/1073_ITH_ANG_XX.wav,ANG,emergency,emergency,0.4359603226184845,553.1536254882812,581.578369140625,0.20709797739982605,0.6904305815696716,0.1024709939956665
/tmp/drone_acoustic_2026w14_phase1_downloads/raw/crema_d/audios/1073_ITH_FEA_XX.wav,FEA,emergency,emergency,0.05984662473201752,309.35186767578125,417.9776611328125,0.7227485179901123,0.25579214096069336,0.021456295624375343
/tmp/drone_acoustic_2026w14_phase1_downloads/raw/crema_d/audios/1073_ITH_NEU_XX.wav,NEU,normal,normal,0.13460148870944977,398.32501220703125,461.39019775390625,0.3421711325645447,0.6276062726974487,0.03022005222737789
/tmp/drone_acoustic_2026w14_phase1_downloads/raw/crema_d/audios/1073_ITS_ANG_XX.wav,ANG,emergency,emergency,0.11971273273229599,661.2467651367188,708.9767456054688,0.3319331705570221,0.5697365999221802,0.09829302132129669
/tmp/drone_acoustic_2026w14_phase1_downloads/raw/crema_d/audios/1073_ITS_FEA_XX.wav,FEA,emergency,emergency,0.016180798411369324,497.6607666015625,605.6041870117188,0.8124843835830688,0.164937362074852,0.022512979805469513
/tmp/drone_acoustic_2026w14_phase1_downloads/raw/crema_d/audios/1073_ITS_NEU_XX.wav,NEU,normal,normal,0.03040079027414322,529.3826293945312,623.9512939453125,0.4658874571323395,0.5030418634414673,0.031013261526823044
/tmp/drone_acoustic_2026w14_phase1_downloads/raw/crema_d/audios/1073_IWL_ANG_XX.wav,ANG,emergency,emergency,0.4376010298728943,551.2457275390625,491.4905700683594,0.4123307466506958,0.5227920413017273,0.06487612426280975
/tmp/drone_acoustic_2026w14_phase1_downloads/raw/crema_d/audios/1073_IWL_FEA_XX.wav,FEA,emergency,emergency,0.04130994528532028,337.65948486328125,333.7218017578125,0.6683105230331421,0.3281514644622803,0.0035333633422851562
/tmp/drone_acoustic_2026w14_phase1_downloads/raw/crema_d/audios/1073_IWL_NEU_XX.wav,NEU,normal,normal,0.10495411604642868,358.1284484863281,361.0997009277344,0.6013069748878479,0.3859659731388092,0.0127260098233819
/tmp/drone_acoustic_2026w14_phase1_downloads/raw/crema_d/audios/1073_IWW_ANG_XX.wav,ANG,emergency,emergency,0.09685315191745758,522.594482421875,577.588134765625,0.39459964632987976,0.5751587152481079,0.03019832819700241
/tmp/drone_acoustic_2026w14_phase1_downloads/raw/crema_d/audios/1073_IWW_FEA_XX.wav,FEA,emergency,emergency,0.024359920993447304,363.7980651855469,435.8976745605469,0.6975458860397339,0.2914648950099945,0.010976318269968033
/tmp/drone_acoustic_2026w14_phase1_downloads/raw/crema_d/audios/1073_IWW_NEU_XX.wav,NEU,normal,normal,0.03430653735995293,389.4925842285156,480.4798278808594,0.691372811794281,0.30219027400016785,0.006432202644646168
/tmp/drone_acoustic_2026w14_phase1_downloads/raw/crema_d/audios/1073_MTI_ANG_XX.wav,ANG,emergency,emergency,0.22001850605010986,533.763671875,567.11181640625,0.3875323534011841,0.5649799704551697,0.047473762184381485
/tmp/drone_acoustic_2026w14_phase1_downloads/raw/crema_d/audios/1073_MTI_FEA_XX.wav,FEA,emergency,emergency,0.04146922752261162,396.3150634765625,398.9090270996094,0.6948373913764954,0.2978324592113495,0.0073267677798867226
/tmp/drone_acoustic_2026w14_phase1_downloads/raw/crema_d/audios/1073_MTI_NEU_XX.wav,NEU,normal,normal,0.0878983810544014,424.3445129394531,459.8427734375,0.5740357041358948,0.4080285131931305,0.017933804541826248
/tmp/drone_acoustic_2026w14_phase1_downloads/raw/crema_d/audios/1073_TAI_ANG_XX.wav,ANG,emergency,emergency,0.2045774757862091,583.03857421875,672.6543579101562,0.2940824031829834,0.6419488787651062,0.06396355479955673
/tmp/drone_acoustic_2026w14_phase1_downloads/raw/crema_d/audios/1073_TAI_FEA_XX.wav,FEA,emergency,emergency,0.0421668142080307,434.5850830078125,528.9168090820312,0.7305636405944824,0.24734225869178772,0.02208773046731949
/tmp/drone_acoustic_2026w14_phase1_downloads/raw/crema_d/audios/1073_TAI_NEU_XX.wav,NEU,normal,normal,0.04427998512983322,444.90118408203125,512.6376342773438,0.47281304001808167,0.5062133073806763,0.020962001755833626
/tmp/drone_acoustic_2026w14_phase1_downloads/raw/crema_d/audios/1073_TIE_ANG_XX.wav,ANG,emergency,emergency,0.5946073532104492,607.7023315429688,651.3792724609375,0.21259284019470215,0.6777016520500183,0.10967792570590973
/tmp/drone_acoustic_2026w14_phase1_downloads/raw/crema_d/audios/1073_TIE_FEA_XX.wav,FEA,emergency,emergency,0.04230856895446777,308.8056640625,433.06097412109375,0.6833652853965759,0.30590710043907166,0.010717226192355156
/tmp/drone_acoustic_2026w14_phase1_downloads/raw/crema_d/audios/1073_TIE_NEU_XX.wav,NEU,normal,normal,0.09718406945466995,384.7763671875,455.57879638671875,0.3958638906478882,0.5843022465705872,0.019828977063298225
/tmp/drone_acoustic_2026w14_phase1_downloads/raw/crema_d/audios/1073_TSI_ANG_XX.wav,ANG,emergency,emergency,0.47214147448539734,1170.198486328125,884.7935791015625,0.33963218331336975,0.5671955943107605,0.09304065257310867
/tmp/drone_acoustic_2026w14_phase1_downloads/raw/crema_d/audios/1073_TSI_FEA_XX.wav,FEA,emergency,emergency,0.027372419834136963,851.0536499023438,797.7218627929688,0.7468364834785461,0.21031533181667328,0.04268729314208031
/tmp/drone_acoustic_2026w14_phase1_downloads/raw/crema_d/audios/1073_TSI_NEU_XX.wav,NEU,normal,normal,0.05215032398700714,891.2455444335938,831.8201904296875,0.6240693926811218,0.3287665545940399,0.047031424939632416
/tmp/drone_acoustic_2026w14_phase1_downloads/raw/crema_d/audios/1073_WSI_ANG_XX.wav,ANG,emergency,emergency,0.3617632985115051,909.1754150390625,776.5010375976562,0.2633810341358185,0.6266595125198364,0.10994061082601547
/tmp/drone_acoustic_2026w14_phase1_downloads/raw/crema_d/audios/1073_WSI_FEA_XX.wav,FEA,emergency,emergency,0.059077728539705276,511.24761962890625,596.516845703125,0.7534564733505249,0.2265346199274063,0.019986970350146294
/tmp/drone_acoustic_2026w14_phase1_downloads/raw/crema_d/audios/1073_WSI_NEU_XX.wav,NEU,normal,normal,0.10647527873516083,571.8463745117188,654.8787841796875,0.6378965973854065,0.34400272369384766,0.01803697645664215
/tmp/drone_acoustic_2026w14_phase1_downloads/raw/crema_d/audios/1074_DFA_ANG_XX.wav,ANG,emergency,emergency,0.5927339792251587,678.3714599609375,663.2974853515625,0.09416023641824722,0.6764493584632874,0.22939014434814453
/tmp/drone_acoustic_2026w14_phase1_downloads/raw/crema_d/audios/1074_DFA_FEA_XX.wav,FEA,emergency,emergency,0.34454280138015747,502.3299865722656,576.5902709960938,0.22650018334388733,0.5840116143226624,0.18948471546173096
/tmp/drone_acoustic_2026w14_phase1_downloads/raw/crema_d/audios/1074_DFA_NEU_XX.wav,NEU,normal,normal,0.07145892828702927,388.7633056640625,495.94268798828125,0.5285518765449524,0.4458402395248413,0.02559954859316349
/tmp/drone_acoustic_2026w14_phase1_downloads/raw/crema_d/audios/1074_IEO_ANG_HI.wav,ANG,emergency,emergency,0.8656406998634338,882.5030517578125,808.7765502929688,0.15743833780288696,0.6870573163032532,0.15550224483013153
/tmp/drone_acoustic_2026w14_phase1_downloads/raw/crema_d/audios/1074_IEO_ANG_LO.wav,ANG,emergency,emergency,0.09026195853948593,572.1087646484375,526.002685546875,0.7017049789428711,0.2776809334754944,0.020611464977264404
/tmp/drone_acoustic_2026w14_phase1_downloads/raw/crema_d/audios/1074_IEO_ANG_MD.wav,ANG,emergency,emergency,0.30393484234809875,560.1242065429688,544.6448974609375,0.5009275674819946,0.4478244185447693,0.05124674737453461
/tmp/drone_acoustic_2026w14_phase1_downloads/raw/crema_d/audios/1074_IEO_FEA_HI.wav,FEA,emergency,emergency,1.5976107120513916,790.1810913085938,884.3594360351562,0.21520696580410004,0.6970337629318237,0.08775857836008072
/tmp/drone_acoustic_2026w14_phase1_downloads/raw/crema_d/audios/1074_IEO_FEA_LO.wav,FEA,emergency,emergency,0.09072044491767883,442.59576416015625,535.2239379882812,0.6172968745231628,0.37124478816986084,0.011452918872237206
/tmp/drone_acoustic_2026w14_phase1_downloads/raw/crema_d/audios/1074_IEO_FEA_MD.wav,FEA,emergency,emergency,0.13889245688915253,494.77325439453125,579.1514892578125,0.42123255133628845,0.5609039664268494,0.017859503626823425
/tmp/drone_acoustic_2026w14_phase1_downloads/raw/crema_d/audios/1074_IEO_NEU_XX.wav,NEU,normal,normal,0.06454180926084518,379.2938537597656,488.5317687988281,0.57529616355896,0.4140428900718689,0.010644262656569481
/tmp/drone_acoustic_2026w14_phase1_downloads/raw/crema_d/audios/1074_IOM_ANG_XX.wav,ANG,emergency,emergency,0.721757173538208,766.1943969726562,712.3626708984375,0.27252793312072754,0.5790910124778748,0.14837883412837982
/tmp/drone_acoustic_2026w14_phase1_downloads/raw/crema_d/audios/1074_IOM_FEA_XX.wav,FEA,emergency,emergency,0.14550499618053436,385.3486022949219,429.82769775390625,0.6221380233764648,0.3678888976573944,0.009968265891075134
/tmp/drone_acoustic_2026w14_phase1_downloads/raw/crema_d/audios/1074_IOM_NEU_XX.wav,NEU,normal,normal,0.3115890324115753,428.1779479980469,474.3179626464844,0.6116467118263245,0.37376493215560913,0.014580736868083477
/tmp/drone_acoustic_2026w14_phase1_downloads/raw/crema_d/audios/1074_ITH_ANG_XX.wav,ANG,emergency,emergency,2.1272144317626953,640.7432250976562,607.2161865234375,0.18625587224960327,0.7080011963844299,0.10574272274971008
/tmp/drone_acoustic_2026w14_phase1_downloads/raw/crema_d/audios/1074_ITH_FEA_XX.wav,FEA,emergency,emergency,0.11257512122392654,404.0462646484375,505.93963623046875,0.7208749055862427,0.24351471662521362,0.03559782728552818
/tmp/drone_acoustic_2026w14_phase1_downloads/raw/crema_d/audios/1074_ITH_NEU_XX.wav,NEU,normal,normal,0.25509244203567505,441.3804626464844,503.7237243652344,0.5077680349349976,0.45371007919311523,0.03851323574781418
/tmp/drone_acoustic_2026w14_phase1_downloads/raw/crema_d/audios/1074_ITS_ANG_XX.wav,ANG,emergency,emergency,0.48879295587539673,849.4493408203125,750.5826416015625,0.46387234330177307,0.4106013774871826,0.12552040815353394
/tmp/drone_acoustic_2026w14_phase1_downloads/raw/crema_d/audios/1074_ITS_FEA_XX.wav,FEA,emergency,emergency,0.10235381126403809,538.9679565429688,648.264892578125,0.41080936789512634,0.5292808413505554,0.05990813672542572
/tmp/drone_acoustic_2026w14_phase1_downloads/raw/crema_d/audios/1074_ITS_NEU_XX.wav,NEU,normal,normal,0.11247225105762482,480.7773132324219,639.9277954101562,0.4676203429698944,0.4863194525241852,0.046047769486904144
/tmp/drone_acoustic_2026w14_phase1_downloads/raw/crema_d/audios/1074_IWL_ANG_XX.wav,ANG,emergency,emergency,0.488524466753006,677.5252075195312,593.3239135742188,0.20164279639720917,0.6896864175796509,0.10867033898830414
/tmp/drone_acoustic_2026w14_phase1_downloads/raw/crema_d/audios/1074_IWL_FEA_XX.wav,FEA,emergency,emergency,0.09723471850156784,450.2950439453125,462.9775085449219,0.2750668525695801,0.70518958568573,0.01974138431251049
/tmp/drone_acoustic_2026w14_phase1_downloads/raw/crema_d/audios/1074_IWL_NEU_XX.wav,NEU,normal,normal,0.2234184592962265,395.27410888671875,394.0282897949219,0.5430073142051697,0.44354453682899475,0.01344415545463562
/tmp/drone_acoustic_2026w14_phase1_downloads/raw/crema_d/audios/1074_IWW_ANG_XX.wav,ANG,emergency,emergency,0.29994964599609375,576.5110473632812,591.4630126953125,0.22734113037586212,0.7226912975311279,0.04996056482195854
/tmp/drone_acoustic_2026w14_phase1_downloads/raw/crema_d/audios/1074_IWW_FEA_XX.wav,FEA,emergency,emergency,0.22577863931655884,457.6249694824219,541.4840698242188,0.6023395657539368,0.37717312574386597,0.02047521248459816
/tmp/drone_acoustic_2026w14_phase1_downloads/raw/crema_d/audios/1074_IWW_NEU_XX.wav,NEU,normal,normal,0.11263192445039749,430.40130615234375,497.53753662109375,0.537365734577179,0.45381757616996765,0.008809582330286503
/tmp/drone_acoustic_2026w14_phase1_downloads/raw/crema_d/audios/1074_MTI_ANG_XX.wav,ANG,emergency,emergency,0.14968165755271912,556.8193969726562,498.6488342285156,0.20328707993030548,0.7465706467628479,0.050138458609580994
/tmp/drone_acoustic_2026w14_phase1_downloads/raw/crema_d/audios/1074_MTI_FEA_XX.wav,FEA,emergency,emergency,0.19183285534381866,468.8719787597656,463.6894836425781,0.3354664444923401,0.6399778723716736,0.02455531246960163
/tmp/drone_acoustic_2026w14_phase1_downloads/raw/crema_d/audios/1074_MTI_NEU_XX.wav,NEU,normal,normal,0.12051495164632797,437.13934326171875,434.2716979980469,0.6136966943740845,0.36983075737953186,0.016468090936541557
/tmp/drone_acoustic_2026w14_phase1_downloads/raw/crema_d/audios/1074_TAI_ANG_XX.wav,ANG,emergency,emergency,0.27420613169670105,751.6932983398438,712.0891723632812,0.18041448295116425,0.7265760898590088,0.09300907701253891
/tmp/drone_acoustic_2026w14_phase1_downloads/raw/crema_d/audios/1074_TAI_FEA_XX.wav,FEA,emergency,emergency,0.07020395994186401,568.2083129882812,607.1871337890625,0.3637087643146515,0.6194216012954712,0.016867995262145996
/tmp/drone_acoustic_2026w14_phase1_downloads/raw/crema_d/audios/1074_TAI_NEU_XX.wav,NEU,normal,normal,0.0701664611697197,506.2314453125,586.0128784179688,0.299864262342453,0.6709327697753906,0.02920047752559185
/tmp/drone_acoustic_2026w14_phase1_downloads/raw/crema_d/audios/1074_TIE_ANG_XX.wav,ANG,emergency,emergency,1.5287795066833496,707.8286743164062,715.3861083984375,0.12321792542934418,0.592090904712677,0.2846641540527344
/tmp/drone_acoustic_2026w14_phase1_downloads/raw/crema_d/audios/1074_TIE_FEA_XX.wav,FEA,emergency,emergency,0.07073608785867691,324.55853271484375,494.55889892578125,0.8111254572868347,0.16743147373199463,0.021389052271842957
/tmp/drone_acoustic_2026w14_phase1_downloads/raw/crema_d/audios/1074_TIE_NEU_XX.wav,NEU,normal,normal,0.08122563362121582,355.0416564941406,456.2879638671875,0.6825090050697327,0.3006609082221985,0.016816282644867897
/tmp/drone_acoustic_2026w14_phase1_downloads/raw/crema_d/audios/1074_TSI_ANG_XX.wav,ANG,emergency,emergency,0.24750660359859467,1070.9520263671875,974.90478515625,0.14524894952774048,0.7511886358261108,0.10355246812105179
/tmp/drone_acoustic_2026w14_phase1_downloads/raw/crema_d/audios/1074_TSI_FEA_XX.wav,FEA,emergency,emergency,0.09929995983839035,667.7333984375,837.9134521484375,0.4159400165081024,0.5278640389442444,0.05617557466030121
/tmp/drone_acoustic_2026w14_phase1_downloads/raw/crema_d/audios/1074_TSI_NEU_XX.wav,NEU,normal,normal,0.06766178458929062,682.1950073242188,865.8994140625,0.43849360942840576,0.5256350636482239,0.03583879768848419
/tmp/drone_acoustic_2026w14_phase1_downloads/raw/crema_d/audios/1074_WSI_ANG_XX.wav,ANG,emergency,emergency,1.059978723526001,1010.4380493164062,877.516845703125,0.13007283210754395,0.7966456413269043,0.0732782781124115
/tmp/drone_acoustic_2026w14_phase1_downloads/raw/crema_d/audios/1074_WSI_FEA_XX.wav,FEA,emergency,emergency,0.2876911759376526,684.42333984375,756.6768798828125,0.2160940319299698,0.7171767354011536,0.06672311574220657
/tmp/drone_acoustic_2026w14_phase1_downloads/raw/crema_d/audios/1074_WSI_NEU_XX.wav,NEU,normal,normal,0.5076546669006348,521.1820678710938,618.0344848632812,0.3778019845485687,0.6051598787307739,0.01702546700835228
/tmp/drone_acoustic_2026w14_phase1_downloads/raw/crema_d/audios/1075_DFA_ANG_XX.wav,ANG,emergency,emergency,0.45020967721939087,589.6552124023438,608.9933471679688,0.2341417819261551,0.650952160358429,0.11490290611982346
/tmp/drone_acoustic_2026w14_phase1_downloads/raw/crema_d/audios/1075_DFA_FEA_XX.wav,FEA,emergency,emergency,0.014902627095580101,265.3675231933594,475.5224914550781,0.8748580813407898,0.11404857039451599,0.011071317829191685
/tmp/drone_acoustic_2026w14_phase1_downloads/raw/crema_d/audios/1075_DFA_NEU_XX.wav,NEU,normal,normal,0.06456155329942703,326.6447448730469,478.5687561035156,0.519486129283905,0.4595935344696045,0.02090776525437832
/tmp/drone_acoustic_2026w14_phase1_downloads/raw/crema_d/audios/1075_IEO_ANG_HI.wav,ANG,emergency,emergency,1.1172785758972168,806.8129272460938,693.315673828125,0.12322817742824554,0.736366868019104,0.14039534330368042
/tmp/drone_acoustic_2026w14_phase1_downloads/raw/crema_d/audios/1075_IEO_ANG_LO.wav,ANG,emergency,emergency,0.0631883442401886,393.200927734375,464.29583740234375,0.6107726097106934,0.3820437788963318,0.007164229638874531
/tmp/drone_acoustic_2026w14_phase1_downloads/raw/crema_d/audios/1075_IEO_ANG_MD.wav,ANG,emergency,emergency,0.2286415845155716,480.5133056640625,466.5817565917969,0.4153212010860443,0.5741350054740906,0.01054227165877819
/tmp/drone_acoustic_2026w14_phase1_downloads/raw/crema_d/audios/1075_IEO_FEA_HI.wav,FEA,emergency,emergency,1.8469469547271729,702.0535278320312,639.5506591796875,0.06314239650964737,0.9101848006248474,0.02666846103966236
/tmp/drone_acoustic_2026w14_phase1_downloads/raw/crema_d/audios/1075_IEO_FEA_LO.wav,FEA,emergency,emergency,0.03671015799045563,300.272705078125,465.1503601074219,0.8170610070228577,0.1758718639612198,0.007037158589810133
/tmp/drone_acoustic_2026w14_phase1_downloads/raw/crema_d/audios/1075_IEO_FEA_MD.wav,FEA,emergency,emergency,0.020107734948396683,279.3737487792969,435.9331359863281,0.6590736508369446,0.33558589220046997,0.00531483581289649
/tmp/drone_acoustic_2026w14_phase1_downloads/raw/crema_d/audios/1075_IEO_NEU_XX.wav,NEU,normal,normal,0.052157096564769745,376.281494140625,488.6187438964844,0.5646108388900757,0.4265208840370178,0.008860808797180653
/tmp/drone_acoustic_2026w14_phase1_downloads/raw/crema_d/audios/1075_IOM_ANG_XX.wav,ANG,emergency,emergency,0.25809553265571594,447.9875793457031,457.00079345703125,0.4640801250934601,0.5012678503990173,0.03465070202946663
/tmp/drone_acoustic_2026w14_phase1_downloads/raw/crema_d/audios/1075_IOM_FEA_XX.wav,FEA,emergency,emergency,0.012142826803028584,263.137451171875,400.9999084472656,0.9331344366073608,0.06113862246274948,0.005718506872653961
/tmp/drone_acoustic_2026w14_phase1_downloads/raw/crema_d/audios/1075_IOM_NEU_XX.wav,NEU,normal,normal,0.12667590379714966,353.9037780761719,369.66461181640625,0.506313145160675,0.48938652873039246,0.004298046231269836
/tmp/drone_acoustic_2026w14_phase1_downloads/raw/crema_d/audios/1075_ITH_ANG_XX.wav,ANG,emergency,emergency,0.41772568225860596,409.63262939453125,478.0186462402344,0.31586337089538574,0.6584569811820984,0.02567536197602749
/tmp/drone_acoustic_2026w14_phase1_downloads/raw/crema_d/audios/1075_ITH_FEA_XX.wav,FEA,emergency,emergency,0.014403892681002617,290.1798400878906,439.3418273925781,0.7555575966835022,0.23576894402503967,0.008642259053885937
/tmp/drone_acoustic_2026w14_phase1_downloads/raw/crema_d/audios/1075_ITH_NEU_XX.wav,NEU,normal,normal,0.13208390772342682,343.94207763671875,442.0779724121094,0.6706690788269043,0.31441235542297363,0.014895478263497353
/tmp/drone_acoustic_2026w14_phase1_downloads/raw/crema_d/audios/1075_ITS_ANG_XX.wav,ANG,emergency,emergency,0.0548507384955883,739.7521362304688,726.1766967773438,0.5669461488723755,0.3858650028705597,0.04718721657991409
/tmp/drone_acoustic_2026w14_phase1_downloads/raw/crema_d/audios/1075_ITS_FEA_XX.wav,FEA,emergency,emergency,0.007985400967299938,320.60748291015625,519.8847045898438,0.8920872211456299,0.09659784287214279,0.011304052546620369
/tmp/drone_acoustic_2026w14_phase1_downloads/raw/crema_d/audios/1075_ITS_NEU_XX.wav,NEU,normal,normal,0.03692340850830078,493.3542785644531,612.2923583984375,0.7427382469177246,0.23120002448558807,0.02603919245302677
/tmp/drone_acoustic_2026w14_phase1_downloads/raw/crema_d/audios/1075_IWL_ANG_XX.wav,ANG,emergency,emergency,0.24688200652599335,457.5576477050781,400.2405700683594,0.436618834733963,0.5365915298461914,0.026786979287862778
/tmp/drone_acoustic_2026w14_phase1_downloads/raw/crema_d/audios/1075_IWL_FEA_XX.wav,FEA,emergency,emergency,0.009673607535660267,242.13653564453125,367.9406433105469,0.9363030791282654,0.06007170304656029,0.0035914697218686342
/tmp/drone_acoustic_2026w14_phase1_downloads/raw/crema_d/audios/1075_IWL_NEU_XX.wav,NEU,normal,normal,0.07608047872781754,364.8760986328125,377.51837158203125,0.5512582659721375,0.4442647695541382,0.004461286123842001
/tmp/drone_acoustic_2026w14_phase1_downloads/raw/crema_d/audios/1075_IWW_ANG_XX.wav,ANG,emergency,emergency,0.16213077306747437,522.1473999023438,520.3954467773438,0.4098885953426361,0.5746046900749207,0.01550402119755745
/tmp/drone_acoustic_2026w14_phase1_downloads/raw/crema_d/audios/1075_IWW_FEA_XX.wav,FEA,emergency,emergency,0.01692940667271614,296.3098449707031,485.1316833496094,0.9000102281570435,0.08905557543039322,0.010915439575910568
/tmp/drone_acoustic_2026w14_phase1_downloads/raw/crema_d/audios/1075_IWW_NEU_XX.wav,NEU,normal,normal,0.06452075392007828,392.9130554199219,485.17645263671875,0.5173963904380798,0.4732986092567444,0.009298878721892834
/tmp/drone_acoustic_2026w14_phase1_downloads/raw/crema_d/audios/1075_MTI_ANG_XX.wav,ANG,emergency,emergency,0.07708144187927246,349.7967224121094,401.99273681640625,0.6648143529891968,0.33014675974845886,0.005036385729908943
/tmp/drone_acoustic_2026w14_phase1_downloads/raw/crema_d/audios/1075_MTI_FEA_XX.wav,FEA,emergency,emergency,0.01572646200656891,296.5616760253906,390.0115051269531,0.7908396124839783,0.20414382219314575,0.005009039305150509
/tmp/drone_acoustic_2026w14_phase1_downloads/raw/crema_d/audios/1075_MTI_NEU_XX.wav,NEU,normal,normal,0.11748197674751282,393.84515380859375,409.3987121582031,0.6724850535392761,0.31219834089279175,0.015299500897526741
/tmp/drone_acoustic_2026w14_phase1_downloads/raw/crema_d/audios/1075_TAI_ANG_XX.wav,ANG,emergency,emergency,0.034514520317316055,433.6172180175781,527.0450439453125,0.44331711530685425,0.5408376455307007,0.01584186963737011
/tmp/drone_acoustic_2026w14_phase1_downloads/raw/crema_d/audios/1075_TAI_FEA_XX.wav,FEA,emergency,emergency,0.009864275343716145,305.2380065917969,442.106689453125,0.7240256071090698,0.26958173513412476,0.006366377230733633
/tmp/drone_acoustic_2026w14_phase1_downloads/raw/crema_d/audios/1075_TAI_NEU_XX.wav,NEU,normal,normal,0.025113796815276146,373.4046325683594,503.6519775390625,0.6746370792388916,0.3130251169204712,0.012320112437009811
/tmp/drone_acoustic_2026w14_phase1_downloads/raw/crema_d/audios/1075_TIE_ANG_XX.wav,ANG,emergency,emergency,0.8949744701385498,603.17626953125,603.157958984375,0.24517689645290375,0.6983107328414917,0.05650535970926285
/tmp/drone_acoustic_2026w14_phase1_downloads/raw/crema_d/audios/1075_TIE_FEA_XX.wav,FEA,emergency,emergency,0.0893237367272377,308.70068359375,408.4122619628906,0.4825601577758789,0.4994407594203949,0.017985519021749496
/tmp/drone_acoustic_2026w14_phase1_downloads/raw/crema_d/audios/1075_TIE_NEU_XX.wav,NEU,normal,normal,0.05485546216368675,284.4871520996094,424.4852294921875,0.7922496199607849,0.19967162609100342,0.008067218586802483
/tmp/drone_acoustic_2026w14_phase1_downloads/raw/crema_d/audios/1075_TSI_ANG_XX.wav,ANG,emergency,emergency,0.2637375593185425,1323.2049560546875,1162.593505859375,0.21180690824985504,0.6969540119171143,0.09123006463050842
/tmp/drone_acoustic_2026w14_phase1_downloads/raw/crema_d/audios/1075_TSI_FEA_XX.wav,FEA,emergency,emergency,0.034611720591783524,629.15234375,844.4517822265625,0.6149816513061523,0.3455602824687958,0.03940427675843239
/tmp/drone_acoustic_2026w14_phase1_downloads/raw/crema_d/audios/1075_TSI_NEU_XX.wav,NEU,normal,normal,0.04880107194185257,670.1270751953125,907.20751953125,0.5825431942939758,0.39047861099243164,0.02695237286388874
/tmp/drone_acoustic_2026w14_phase1_downloads/raw/crema_d/audios/1075_WSI_ANG_XX.wav,ANG,emergency,emergency,0.9661971926689148,1004.0416259765625,864.1250610351562,0.20878909528255463,0.7427606582641602,0.04844319447875023
/tmp/drone_acoustic_2026w14_phase1_downloads/raw/crema_d/audios/1075_WSI_FEA_XX.wav,FEA,emergency,emergency,0.017879195511341095,296.3190612792969,479.0216369628906,0.8521438837051392,0.1412074714899063,0.006618192419409752
/tmp/drone_acoustic_2026w14_phase1_downloads/raw/crema_d/audios/1075_WSI_NEU_XX.wav,NEU,normal,normal,0.31490981578826904,525.5297241210938,695.1509399414062,0.4112342894077301,0.5644011497497559,0.024344544857740402
/tmp/drone_acoustic_2026w14_phase1_downloads/raw/crema_d/audios/1076_DFA_ANG_XX.wav,ANG,emergency,emergency,0.37027740478515625,657.1806030273438,693.9627075195312,0.31265467405319214,0.5526205897331238,0.1347218006849289
/tmp/drone_acoustic_2026w14_phase1_downloads/raw/crema_d/audios/1076_DFA_FEA_XX.wav,FEA,emergency,emergency,0.05115814507007599,400.9696350097656,518.5679321289062,0.604564368724823,0.3716730773448944,0.023754727095365524
/tmp/drone_acoustic_2026w14_phase1_downloads/raw/crema_d/audios/1076_DFA_NEU_XX.wav,NEU,normal,normal,0.09919152408838272,431.1556396484375,562.3136596679688,0.3261758089065552,0.646227240562439,0.027584997937083244
/tmp/drone_acoustic_2026w14_phase1_downloads/raw/crema_d/audios/1076_IEO_ANG_HI.wav,ANG,emergency,emergency,0.4789954125881195,814.466552734375,723.8193969726562,0.09041934460401535,0.7800740599632263,0.12950314581394196
/tmp/drone_acoustic_2026w14_phase1_downloads/raw/crema_d/audios/1076_IEO_ANG_LO.wav,ANG,emergency,emergency,0.8102102279663086,570.8264770507812,553.0352172851562,0.14315451681613922,0.8194800615310669,0.03736236318945885
/tmp/drone_acoustic_2026w14_phase1_downloads/raw/crema_d/audios/1076_IEO_ANG_MD.wav,ANG,emergency,emergency,0.4397674798965454,751.4505615234375,696.3445434570312,0.31888872385025024,0.606843113899231,0.07426214218139648
/tmp/drone_acoustic_2026w14_phase1_downloads/raw/crema_d/audios/1076_IEO_FEA_HI.wav,FEA,emergency,emergency,1.2083913087844849,1039.4705810546875,962.0885009765625,0.12552057206630707,0.8309446573257446,0.04351675137877464
/tmp/drone_acoustic_2026w14_phase1_downloads/raw/crema_d/audios/1076_IEO_FEA_LO.wav,FEA,emergency,emergency,0.04760995879769325,351.47607421875,485.9440612792969,0.7946016192436218,0.1992599070072174,0.0061294385232031345
/tmp/drone_acoustic_2026w14_phase1_downloads/raw/crema_d/audios/1076_IEO_FEA_MD.wav,FEA,emergency,emergency,0.18964430689811707,383.76483154296875,541.677490234375,0.5644006729125977,0.42428886890411377,0.011296268552541733
/tmp/drone_acoustic_2026w14_phase1_downloads/raw/crema_d/audios/1076_IEO_NEU_XX.wav,NEU,normal,normal,0.052944403141736984,503.2837219238281,585.4953002929688,0.6586244702339172,0.31193727254867554,0.029392320662736893
/tmp/drone_acoustic_2026w14_phase1_downloads/raw/crema_d/audios/1076_IOM_ANG_XX.wav,ANG,emergency,emergency,0.2718666195869446,517.6290893554688,596.9860229492188,0.3542686998844147,0.5658962726593018,0.07982800900936127
/tmp/drone_acoustic_2026w14_phase1_downloads/raw/crema_d/audios/1076_IOM_FEA_XX.wav,FEA,emergency,emergency,0.01069316454231739,283.8266906738281,381.3583984375,0.8473438024520874,0.14485348761081696,0.0077960598282516
/tmp/drone_acoustic_2026w14_phase1_downloads/raw/crema_d/audios/1076_IOM_NEU_XX.wav,NEU,normal,normal,0.2913616895675659,436.6398620605469,506.1122131347656,0.4573183059692383,0.49452295899391174,0.04815271496772766
/tmp/drone_acoustic_2026w14_phase1_downloads/raw/crema_d/audios/1076_ITH_ANG_XX.wav,ANG,emergency,emergency,0.47749146819114685,617.5477294921875,646.6798095703125,0.1972770094871521,0.7010898590087891,0.10162719339132309
/tmp/drone_acoustic_2026w14_phase1_downloads/raw/crema_d/audios/1076_ITH_FEA_XX.wav,FEA,emergency,emergency,0.21576164662837982,528.9568481445312,594.7919921875,0.3809776306152344,0.591725766658783,0.027290482074022293
/tmp/drone_acoustic_2026w14_phase1_downloads/raw/crema_d/audios/1076_ITH_NEU_XX.wav,NEU,normal,normal,0.30674102902412415,480.1770324707031,556.5689697265625,0.44756537675857544,0.4883037805557251,0.06411265581846237
/tmp/drone_acoustic_2026w14_phase1_downloads/raw/crema_d/audios/1076_ITS_ANG_XX.wav,ANG,emergency,emergency,0.2516399621963501,797.8367309570312,718.3257446289062,0.3438290059566498,0.5167306065559387,0.13937680423259735
/tmp/drone_acoustic_2026w14_phase1_downloads/raw/crema_d/audios/1076_ITS_FEA_XX.wav,FEA,emergency,emergency,0.07806174457073212,677.7114868164062,663.244140625,0.5537636876106262,0.4143485426902771,0.031780946999788284
/tmp/drone_acoustic_2026w14_phase1_downloads/raw/crema_d/audios/1076_IWL_ANG_XX.wav,ANG,emergency,emergency,0.1897849440574646,500.88641357421875,452.812255859375,0.40944311022758484,0.5739255547523499,0.01662919484078884
/tmp/drone_acoustic_2026w14_phase1_downloads/raw/crema_d/audios/1076_IWL_FEA_XX.wav,FEA,emergency,emergency,0.1313142478466034,398.55389404296875,433.9679870605469,0.4991295337677002,0.48764488101005554,0.013223188929259777
/tmp/drone_acoustic_2026w14_phase1_downloads/raw/crema_d/audios/1076_IWL_NEU_XX.wav,NEU,normal,normal,0.34297436475753784,428.7256164550781,496.6175231933594,0.33169448375701904,0.6417494416236877,0.02654794231057167
/tmp/drone_acoustic_2026w14_phase1_downloads/raw/crema_d/audios/1076_IWW_ANG_XX.wav,ANG,emergency,emergency,0.2538342773914337,829.1746215820312,744.6842041015625,0.34471601247787476,0.5984057784080505,0.05682650953531265
/tmp/drone_acoustic_2026w14_phase1_downloads/raw/crema_d/audios/1076_IWW_FEA_XX.wav,FEA,emergency,emergency,0.04570824280381203,454.9852600097656,575.2694091796875,0.7823881506919861,0.19110293686389923,0.026482651010155678
/tmp/drone_acoustic_2026w14_phase1_downloads/raw/crema_d/audios/1076_IWW_NEU_XX.wav,NEU,normal,normal,0.13307566940784454,486.2030029296875,587.4916381835938,0.6157335042953491,0.36332130432128906,0.0209311842918396
/tmp/drone_acoustic_2026w14_phase1_downloads/raw/crema_d/audios/1076_MTI_ANG_XX.wav,ANG,emergency,emergency,0.4602559208869934,572.608154296875,506.3655090332031,0.27108657360076904,0.6501089334487915,0.07879488170146942
/tmp/drone_acoustic_2026w14_phase1_downloads/raw/crema_d/audios/1076_MTI_FEA_XX.wav,FEA,emergency,emergency,0.06265241652727127,417.55419921875,477.5418701171875,0.6791554689407349,0.31551653146743774,0.0053107962012290955
/tmp/drone_acoustic_2026w14_phase1_downloads/raw/crema_d/audios/1076_MTI_NEU_XX.wav,NEU,normal,normal,0.12393252551555634,484.09625244140625,452.72772216796875,0.5406944751739502,0.4348500967025757,0.024449897930026054
/tmp/drone_acoustic_2026w14_phase1_downloads/raw/crema_d/audios/1076_TAI_ANG_XX.wav,ANG,emergency,emergency,0.1957916021347046,725.6192626953125,718.8657836914062,0.27194422483444214,0.6222549676895142,0.10578960180282593
/tmp/drone_acoustic_2026w14_phase1_downloads/raw/crema_d/audios/1076_TAI_FEA_XX.wav,FEA,emergency,emergency,0.13604174554347992,711.88134765625,836.5831909179688,0.1853739619255066,0.750569224357605,0.06405027210712433
/tmp/drone_acoustic_2026w14_phase1_downloads/raw/crema_d/audios/1076_TAI_NEU_XX.wav,NEU,normal,normal,0.12115253508090973,511.85894775390625,649.077392578125,0.5296312570571899,0.39994093775749207,0.0702599510550499
/tmp/drone_acoustic_2026w14_phase1_downloads/raw/crema_d/audios/1076_TIE_ANG_XX.wav,ANG,emergency,emergency,1.4093323945999146,647.7996826171875,678.05908203125,0.1768503487110138,0.5814484357833862,0.2416936457157135
/tmp/drone_acoustic_2026w14_phase1_downloads/raw/crema_d/audios/1076_TIE_FEA_XX.wav,FEA,emergency,emergency,0.09860946238040924,435.10137939453125,543.52001953125,0.5115927457809448,0.4636186361312866,0.024768272414803505
/tmp/drone_acoustic_2026w14_phase1_downloads/raw/crema_d/audios/1076_TIE_NEU_XX.wav,NEU,normal,normal,0.7754795551300049,441.7135925292969,522.27880859375,0.3530949056148529,0.5705273747444153,0.07635711133480072
/tmp/drone_acoustic_2026w14_phase1_downloads/raw/crema_d/audios/1076_TSI_ANG_XX.wav,ANG,emergency,emergency,0.15797941386699677,1539.529296875,1153.18603515625,0.16525451838970184,0.7608209252357483,0.07382798939943314
/tmp/drone_acoustic_2026w14_phase1_downloads/raw/crema_d/audios/1076_TSI_FEA_XX.wav,FEA,emergency,emergency,0.25988537073135376,1254.245849609375,1065.892333984375,0.38723424077033997,0.4641590714454651,0.14846232533454895
/tmp/drone_acoustic_2026w14_phase1_downloads/raw/crema_d/audios/1076_TSI_NEU_XX.wav,NEU,normal,normal,0.03779143467545509,1237.6324462890625,981.6936645507812,0.5563158392906189,0.3023781180381775,0.13997814059257507
/tmp/drone_acoustic_2026w14_phase1_downloads/raw/crema_d/audios/1076_WSI_ANG_XX.wav,ANG,emergency,emergency,2.414055109024048,1068.078857421875,933.5782470703125,0.09648247808218002,0.8614668846130371,0.04203824698925018
/tmp/drone_acoustic_2026w14_phase1_downloads/raw/crema_d/audios/1076_WSI_FEA_XX.wav,FEA,emergency,emergency,0.0990995392203331,738.0529174804688,782.9927368164062,0.4074339270591736,0.5710971355438232,0.021434040740132332
/tmp/drone_acoustic_2026w14_phase1_downloads/raw/crema_d/audios/1076_WSI_NEU_XX.wav,NEU,normal,normal,0.449617475271225,734.802734375,736.3348999023438,0.3367038667201996,0.6356961727142334,0.02754601277410984
/tmp/drone_acoustic_2026w14_phase1_downloads/raw/crema_d/audios/1077_DFA_ANG_XX.wav,ANG,emergency,emergency,0.07899285852909088,439.26947021484375,555.5509643554688,0.22018273174762726,0.7572782635688782,0.022538116201758385
/tmp/drone_acoustic_2026w14_phase1_downloads/raw/crema_d/audios/1077_DFA_FEA_XX.wav,FEA,emergency,emergency,0.029023639857769012,327.920654296875,465.6101989746094,0.6223645210266113,0.3646729588508606,0.012953796423971653
/tmp/drone_acoustic_2026w14_phase1_downloads/raw/crema_d/audios/1077_DFA_NEU_XX.wav,NEU,normal,normal,0.05097779259085655,414.1732177734375,469.09490966796875,0.46420714259147644,0.5267800092697144,0.009011023677885532
/tmp/drone_acoustic_2026w14_phase1_downloads/raw/crema_d/audios/1077_IEO_ANG_HI.wav,ANG,emergency,emergency,0.4213683009147644,818.6996459960938,762.9500122070312,0.13883250951766968,0.7468809485435486,0.11425922811031342
/tmp/drone_acoustic_2026w14_phase1_downloads/raw/crema_d/audios/1077_IEO_ANG_LO.wav,ANG,emergency,emergency,0.06333651393651962,509.7873840332031,542.964111328125,0.3332520127296448,0.6509584188461304,0.015786021947860718
/tmp/drone_acoustic_2026w14_phase1_downloads/raw/crema_d/audios/1077_IEO_ANG_MD.wav,ANG,emergency,emergency,0.09064765274524689,557.48291015625,568.215576171875,0.24186164140701294,0.7345679402351379,0.023566551506519318
/tmp/drone_acoustic_2026w14_phase1_downloads/raw/crema_d/audios/1077_IEO_FEA_HI.wav,FEA,emergency,emergency,0.11312760412693024,470.5264892578125,559.9972534179688,0.21710316836833954,0.7649753093719482,0.01791093870997429
/tmp/drone_acoustic_2026w14_phase1_downloads/raw/crema_d/audios/1077_IEO_FEA_LO.wav,FEA,emergency,emergency,0.030512472614645958,294.66717529296875,426.561279296875,0.5676047801971436,0.4291883707046509,0.003186478978022933
/tmp/drone_acoustic_2026w14_phase1_downloads/raw/crema_d/audios/1077_IEO_FEA_MD.wav,FEA,emergency,emergency,0.03899187967181206,369.2088317871094,441.46826171875,0.43300917744636536,0.5621680021286011,0.004815067630261183
/tmp/drone_acoustic_2026w14_phase1_downloads/raw/crema_d/audios/1077_IEO_NEU_XX.wav,NEU,normal,normal,0.02043713442981243,311.4451904296875,441.358154296875,0.7397552132606506,0.2562558948993683,0.003979109693318605
/tmp/drone_acoustic_2026w14_phase1_downloads/raw/crema_d/audios/1077_IOM_ANG_XX.wav,ANG,emergency,emergency,0.414468914270401,447.4422302246094,483.4527587890625,0.2998029589653015,0.6275270581245422,0.07266901433467865
/tmp/drone_acoustic_2026w14_phase1_downloads/raw/crema_d/audios/1077_IOM_FEA_XX.wav,FEA,emergency,emergency,0.18207085132598877,357.2075500488281,403.83697509765625,0.3380416929721832,0.6341233253479004,0.027834873646497726
/tmp/drone_acoustic_2026w14_phase1_downloads/raw/crema_d/audios/1077_IOM_NEU_XX.wav,NEU,normal,normal,0.14048193395137787,296.9225158691406,328.72882080078125,0.5544719099998474,0.44197747111320496,0.0035494689363986254
/tmp/drone_acoustic_2026w14_phase1_downloads/raw/crema_d/audios/1077_ITH_ANG_XX.wav,ANG,emergency,emergency,0.14583341777324677,549.7809448242188,572.4965209960938,0.17128700017929077,0.7890092134475708,0.03970262408256531
/tmp/drone_acoustic_2026w14_phase1_downloads/raw/crema_d/audios/1077_ITH_FEA_XX.wav,FEA,emergency,emergency,0.0715402215719223,345.6917724609375,396.4789733886719,0.2598329782485962,0.732159435749054,0.008006934076547623
/tmp/drone_acoustic_2026w14_phase1_downloads/raw/crema_d/audios/1077_ITH_NEU_XX.wav,NEU,normal,normal,0.09712430089712143,436.7428283691406,376.714111328125,0.21745172142982483,0.7628287076950073,0.019718483090400696
/tmp/drone_acoustic_2026w14_phase1_downloads/raw/crema_d/audios/1077_ITS_ANG_XX.wav,ANG,emergency,emergency,0.167719766497612,833.7094116210938,751.3580932617188,0.5660669803619385,0.3123900294303894,0.12143181264400482
/tmp/drone_acoustic_2026w14_phase1_downloads/raw/crema_d/audios/1077_ITS_FEA_XX.wav,FEA,emergency,emergency,0.01849335804581642,443.64276123046875,596.2091674804688,0.9448974132537842,0.03597890958189964,0.01908920705318451
/tmp/drone_acoustic_2026w14_phase1_downloads/raw/crema_d/audios/1077_ITS_NEU_XX.wav,NEU,normal,normal,0.0390191525220871,559.8161010742188,574.4147338867188,0.3838997483253479,0.595635712146759,0.020460406318306923
/tmp/drone_acoustic_2026w14_phase1_downloads/raw/crema_d/audios/1077_IWL_ANG_XX.wav,ANG,emergency,emergency,0.21138566732406616,583.5125122070312,490.67919921875,0.2622944712638855,0.695356011390686,0.04234752431511879
/tmp/drone_acoustic_2026w14_phase1_downloads/raw/crema_d/audios/1077_IWL_FEA_XX.wav,FEA,emergency,emergency,0.05111313238739967,350.5538330078125,341.0456848144531,0.3759769797325134,0.6174952387809753,0.006527358666062355
/tmp/drone_acoustic_2026w14_phase1_downloads/raw/crema_d/audios/1077_IWL_NEU_XX.wav,NEU,normal,normal,0.04439167305827141,379.5960998535156,354.7819519042969,0.37443849444389343,0.6207476258277893,0.004812923725694418
/tmp/drone_acoustic_2026w14_phase1_downloads/raw/crema_d/audios/1077_IWW_ANG_XX.wav,ANG,emergency,emergency,0.0646827220916748,660.7036743164062,659.3427124023438,0.582754909992218,0.4000489413738251,0.017186997458338737
/tmp/drone_acoustic_2026w14_phase1_downloads/raw/crema_d/audios/1077_IWW_FEA_XX.wav,FEA,emergency,emergency,0.046203166246414185,472.3826904296875,544.18359375,0.5059471726417542,0.48006248474121094,0.013988468796014786
/tmp/drone_acoustic_2026w14_phase1_downloads/raw/crema_d/audios/1077_IWW_NEU_XX.wav,NEU,normal,normal,0.023273833096027374,404.998779296875,498.3041687011719,0.6650328636169434,0.32894232869148254,0.006019105203449726
/tmp/drone_acoustic_2026w14_phase1_downloads/raw/crema_d/audios/1077_MTI_ANG_XX.wav,ANG,emergency,emergency,0.07411964237689972,396.2234802246094,386.3253479003906,0.3191607892513275,0.6637067198753357,0.017132138833403587
/tmp/drone_acoustic_2026w14_phase1_downloads/raw/crema_d/audios/1077_MTI_FEA_XX.wav,FEA,emergency,emergency,0.05989242345094681,338.5328674316406,316.3957824707031,0.4697502553462982,0.5279868245124817,0.0022613820619881153
/tmp/drone_acoustic_2026w14_phase1_downloads/raw/crema_d/audios/1077_MTI_NEU_XX.wav,NEU,normal,normal,0.1599716693162918,391.7529602050781,375.92266845703125,0.5370091795921326,0.43795785307884216,0.025031913071870804
/tmp/drone_acoustic_2026w14_phase1_downloads/raw/crema_d/audios/1077_TAI_ANG_XX.wav,ANG,emergency,emergency,0.062100496143102646,597.06396484375,674.3714599609375,0.187806636095047,0.769811749458313,0.04238088056445122
/tmp/drone_acoustic_2026w14_phase1_downloads/raw/crema_d/audios/1077_TAI_FEA_XX.wav,FEA,emergency,emergency,0.028391987085342407,336.34136962890625,448.6332092285156,0.6778779029846191,0.30403193831443787,0.01808750443160534
/tmp/drone_acoustic_2026w14_phase1_downloads/raw/crema_d/audios/1077_TAI_NEU_XX.wav,NEU,normal,normal,0.018755048513412476,346.8942565917969,412.7456359863281,0.7848090529441833,0.20604929327964783,0.009136681444942951
/tmp/drone_acoustic_2026w14_phase1_downloads/raw/crema_d/audios/1077_TIE_ANG_XX.wav,ANG,emergency,emergency,0.1529943346977234,518.86474609375,556.9984130859375,0.13937725126743317,0.8190149664878845,0.04159752279520035
/tmp/drone_acoustic_2026w14_phase1_downloads/raw/crema_d/audios/1077_TIE_FEA_XX.wav,FEA,emergency,emergency,0.04939056187868118,430.4244689941406,506.0128479003906,0.3554321229457855,0.629530668258667,0.015033945441246033
/tmp/drone_acoustic_2026w14_phase1_downloads/raw/crema_d/audios/1077_TIE_NEU_XX.wav,NEU,normal,normal,0.029656866565346718,331.1509094238281,410.03704833984375,0.4647740423679352,0.5294749140739441,0.0057481261901557446
/tmp/drone_acoustic_2026w14_phase1_downloads/raw/crema_d/audios/1077_TSI_ANG_XX.wav,ANG,emergency,emergency,0.11988008767366409,1401.4305419921875,866.517578125,0.6113570332527161,0.2970447838306427,0.0913490280508995
/tmp/drone_acoustic_2026w14_phase1_downloads/raw/crema_d/audios/1077_TSI_FEA_XX.wav,FEA,emergency,emergency,0.05038614198565483,1030.8702392578125,813.9989624023438,0.4681982696056366,0.483484148979187,0.048124805092811584
/tmp/drone_acoustic_2026w14_phase1_downloads/raw/crema_d/audios/1077_TSI_NEU_XX.wav,NEU,normal,normal,0.06259641796350479,875.4343872070312,758.9131469726562,0.7596057057380676,0.17684689164161682,0.0635187178850174
/tmp/drone_acoustic_2026w14_phase1_downloads/raw/crema_d/audios/1077_WSI_ANG_XX.wav,ANG,emergency,emergency,0.19012954831123352,1251.7022705078125,696.5712890625,0.1820378601551056,0.778716504573822,0.039155978709459305
/tmp/drone_acoustic_2026w14_phase1_downloads/raw/crema_d/audios/1077_WSI_FEA_XX.wav,FEA,emergency,emergency,0.06225595995783806,602.024169921875,584.025390625,0.42085182666778564,0.5578414797782898,0.021297017112374306
/tmp/drone_acoustic_2026w14_phase1_downloads/raw/crema_d/audios/1077_WSI_NEU_XX.wav,NEU,normal,normal,0.154555082321167,756.9902954101562,668.1488037109375,0.1954883188009262,0.7856771349906921,0.0188298262655735
/tmp/drone_acoustic_2026w14_phase1_downloads/raw/crema_d/audios/1078_DFA_ANG_XX.wav,ANG,emergency,emergency,0.39228466153144836,759.5408935546875,685.4813232421875,0.06570789217948914,0.8488808274269104,0.08540710061788559
/tmp/drone_acoustic_2026w14_phase1_downloads/raw/crema_d/audios/1078_DFA_FEA_XX.wav,FEA,emergency,emergency,0.055909909307956696,507.60260009765625,550.33935546875,0.675799548625946,0.30440157651901245,0.019794294610619545
/tmp/drone_acoustic_2026w14_phase1_downloads/raw/crema_d/audios/1078_DFA_NEU_XX.wav,NEU,normal,normal,0.04112912714481354,389.2146301269531,484.3419189453125,0.21350400149822235,0.7722939252853394,0.014197097159922123
/tmp/drone_acoustic_2026w14_phase1_downloads/raw/crema_d/audios/1078_IEO_ANG_HI.wav,ANG,emergency,emergency,0.5476924180984497,689.5064697265625,683.83203125,0.19443941116333008,0.6743064522743225,0.13124996423721313
/tmp/drone_acoustic_2026w14_phase1_downloads/raw/crema_d/audios/1078_IEO_ANG_LO.wav,ANG,emergency,emergency,0.1493564397096634,525.6432495117188,555.0604248046875,0.27251318097114563,0.7027742266654968,0.024697886779904366
/tmp/drone_acoustic_2026w14_phase1_downloads/raw/crema_d/audios/1078_IEO_ANG_MD.wav,ANG,emergency,emergency,0.42654600739479065,674.5999145507812,576.7255859375,0.26192528009414673,0.7009671330451965,0.037101808935403824
/tmp/drone_acoustic_2026w14_phase1_downloads/raw/crema_d/audios/1078_IEO_FEA_HI.wav,FEA,emergency,emergency,0.11119681596755981,520.0579223632812,476.63092041015625,0.2891148328781128,0.6962307691574097,0.014653357677161694
/tmp/drone_acoustic_2026w14_phase1_downloads/raw/crema_d/audios/1078_IEO_FEA_LO.wav,FEA,emergency,emergency,0.05622221902012825,399.32232666015625,529.3038330078125,0.4803465008735657,0.5125146508216858,0.007095182314515114
/tmp/drone_acoustic_2026w14_phase1_downloads/raw/crema_d/audios/1078_IEO_FEA_MD.wav,FEA,emergency,emergency,0.10196743160486221,493.45703125,536.324462890625,0.21178896725177765,0.7749091386795044,0.013293671421706676
/tmp/drone_acoustic_2026w14_phase1_downloads/raw/crema_d/audios/1078_IEO_NEU_XX.wav,NEU,normal,normal,0.053042661398649216,301.6309814453125,430.9534912109375,0.6258797645568848,0.36635586619377136,0.007753681857138872
/tmp/drone_acoustic_2026w14_phase1_downloads/raw/crema_d/audios/1078_IOM_ANG_XX.wav,ANG,emergency,emergency,0.5388683080673218,740.46240234375,634.1915893554688,0.22955746948719025,0.5814433693885803,0.18899860978126526
/tmp/drone_acoustic_2026w14_phase1_downloads/raw/crema_d/audios/1078_IOM_FEA_XX.wav,FEA,emergency,emergency,0.012586512602865696,337.1865539550781,401.73236083984375,0.4366074800491333,0.5560268759727478,0.007364955730736256
/tmp/drone_acoustic_2026w14_phase1_downloads/raw/crema_d/audios/1078_IOM_NEU_XX.wav,NEU,normal,normal,0.100474052131176,378.56512451171875,454.8954162597656,0.7087856531143188,0.27615272998809814,0.015055714175105095
/tmp/drone_acoustic_2026w14_phase1_downloads/raw/crema_d/audios/1078_ITH_ANG_XX.wav,ANG,emergency,emergency,0.392025351524353,679.2167358398438,614.3516845703125,0.22801074385643005,0.7398406267166138,0.03214732185006142
/tmp/drone_acoustic_2026w14_phase1_downloads/raw/crema_d/audios/1078_ITH_FEA_XX.wav,FEA,emergency,emergency,0.034022774547338486,331.62255859375,487.3713073730469,0.6690558195114136,0.3190365731716156,0.011877854354679585
/tmp/drone_acoustic_2026w14_phase1_downloads/raw/crema_d/audios/1078_ITH_NEU_XX.wav,NEU,normal,normal,0.185682013630867,432.69140625,432.9515075683594,0.2965835630893707,0.684211790561676,0.01920153573155403
/tmp/drone_acoustic_2026w14_phase1_downloads/raw/crema_d/audios/1078_ITS_ANG_XX.wav,ANG,emergency,emergency,0.11558644473552704,876.3120727539062,750.9635620117188,0.3588906228542328,0.5740014910697937,0.06709185987710953
/tmp/drone_acoustic_2026w14_phase1_downloads/raw/crema_d/audios/1078_ITS_FEA_XX.wav,FEA,emergency,emergency,0.012480348348617554,373.61004638671875,570.9442138671875,0.5788028240203857,0.41213127970695496,0.009061899036169052
/tmp/drone_acoustic_2026w14_phase1_downloads/raw/crema_d/audios/1078_ITS_NEU_XX.wav,NEU,normal,normal,0.03633648157119751,523.250732421875,610.9697265625,0.3925217390060425,0.5879355669021606,0.019522370770573616
/tmp/drone_acoustic_2026w14_phase1_downloads/raw/crema_d/audios/1078_IWL_ANG_XX.wav,ANG,emergency,emergency,0.29628267884254456,569.0260620117188,445.0381164550781,0.20962756872177124,0.763643205165863,0.02672862447798252
/tmp/drone_acoustic_2026w14_phase1_downloads/raw/crema_d/audios/1078_IWL_FEA_XX.wav,FEA,emergency,emergency,0.04380262643098831,419.8566589355469,351.4621887207031,0.5457885265350342,0.44971320033073425,0.0044970158487558365
/tmp/drone_acoustic_2026w14_phase1_downloads/raw/crema_d/audios/1078_IWL_NEU_XX.wav,NEU,normal,normal,0.09529698640108109,379.09991455078125,361.65167236328125,0.49489298462867737,0.496589332818985,0.00851390790194273
/tmp/drone_acoustic_2026w14_phase1_downloads/raw/crema_d/audios/1078_IWW_ANG_XX.wav,ANG,emergency,emergency,0.5149605870246887,661.5046997070312,643.814208984375,0.24059699475765228,0.7364989519119263,0.02289576828479767
/tmp/drone_acoustic_2026w14_phase1_downloads/raw/crema_d/audios/1078_IWW_FEA_XX.wav,FEA,emergency,emergency,0.02964245341718197,418.22088623046875,565.3469848632812,0.633953869342804,0.35432103276252747,0.011673826724290848
/tmp/drone_acoustic_2026w14_phase1_downloads/raw/crema_d/audios/1078_IWW_NEU_XX.wav,NEU,normal,normal,0.045819081366062164,419.87274169921875,514.92724609375,0.7389547824859619,0.25334110856056213,0.0076995184645056725
/tmp/drone_acoustic_2026w14_phase1_downloads/raw/crema_d/audios/1078_MTI_ANG_XX.wav,ANG,emergency,emergency,0.07631085067987442,590.4522705078125,528.9541625976562,0.24435828626155853,0.7350593209266663,0.020581437274813652
/tmp/drone_acoustic_2026w14_phase1_downloads/raw/crema_d/audios/1078_MTI_FEA_XX.wav,FEA,emergency,emergency,0.13790792226791382,456.5935974121094,445.7019958496094,0.3672252595424652,0.6196662187576294,0.013108043931424618
/tmp/drone_acoustic_2026w14_phase1_downloads/raw/crema_d/audios/1078_MTI_NEU_XX.wav,NEU,normal,normal,0.03105521760880947,419.9017333984375,419.73956298828125,0.5764326453208923,0.40641453862190247,0.0171490628272295
/tmp/drone_acoustic_2026w14_phase1_downloads/raw/crema_d/audios/1078_TAI_ANG_XX.wav,ANG,emergency,emergency,0.39697352051734924,634.4718627929688,600.3696899414062,0.0735001340508461,0.9110807776451111,0.015414416790008545
/tmp/drone_acoustic_2026w14_phase1_downloads/raw/crema_d/audios/1078_TAI_FEA_XX.wav,FEA,emergency,emergency,0.03373877331614494,633.510986328125,613.6361694335938,0.32305988669395447,0.668084979057312,0.008838843554258347
/tmp/drone_acoustic_2026w14_phase1_downloads/raw/crema_d/audios/1078_TAI_NEU_XX.wav,NEU,normal,normal,0.02672477625310421,434.139892578125,545.6411743164062,0.8061745762825012,0.1805281639099121,0.013287587091326714
/tmp/drone_acoustic_2026w14_phase1_downloads/raw/crema_d/audios/1078_TIE_ANG_XX.wav,ANG,emergency,emergency,0.690572202205658,679.7473754882812,709.8656616210938,0.10613730549812317,0.8423151969909668,0.05153955891728401
/tmp/drone_acoustic_2026w14_phase1_downloads/raw/crema_d/audios/1078_TIE_FEA_XX.wav,FEA,emergency,emergency,0.055772148072719574,378.4748229980469,542.1719360351562,0.5870130062103271,0.39850589632987976,0.014396228827536106
/tmp/drone_acoustic_2026w14_phase1_downloads/raw/crema_d/audios/1078_TIE_NEU_XX.wav,NEU,normal,normal,0.03408411145210266,331.1636047363281,442.7673645019531,0.6765097379684448,0.31621700525283813,0.007251336704939604
/tmp/drone_acoustic_2026w14_phase1_downloads/raw/crema_d/audios/1078_TSI_ANG_XX.wav,ANG,emergency,emergency,0.21696974337100983,1321.4083251953125,1082.1607666015625,0.21808108687400818,0.6511850953102112,0.13069933652877808
/tmp/drone_acoustic_2026w14_phase1_downloads/raw/crema_d/audios/1078_TSI_FEA_XX.wav,FEA,emergency,emergency,0.09141924977302551,819.4435424804688,791.881591796875,0.37778782844543457,0.5992547273635864,0.022941099479794502
/tmp/drone_acoustic_2026w14_phase1_downloads/raw/crema_d/audios/1078_TSI_NEU_XX.wav,NEU,normal,normal,0.008982149884104729,1005.914306640625,982.3897705078125,0.18454694747924805,0.799599289894104,0.01578027941286564
/tmp/drone_acoustic_2026w14_phase1_downloads/raw/crema_d/audios/1078_WSI_ANG_XX.wav,ANG,emergency,emergency,0.45992740988731384,1236.712158203125,839.437744140625,0.07403086125850677,0.8863932490348816,0.039553187787532806
/tmp/drone_acoustic_2026w14_phase1_downloads/raw/crema_d/audios/1078_WSI_FEA_XX.wav,FEA,emergency,emergency,0.3082958459854126,861.2557373046875,737.2944946289062,0.3943033218383789,0.5866869688034058,0.01898800954222679
/tmp/drone_acoustic_2026w14_phase1_downloads/raw/crema_d/audios/1078_WSI_NEU_XX.wav,NEU,normal,normal,0.09727337956428528,516.6116943359375,606.3051147460938,0.5710883736610413,0.4172036647796631,0.011685500852763653
/tmp/drone_acoustic_2026w14_phase1_downloads/raw/crema_d/audios/1079_DFA_ANG_XX.wav,ANG,emergency,emergency,0.39744043350219727,636.3431396484375,673.8175659179688,0.06766678392887115,0.8011998534202576,0.13113032281398773
/tmp/drone_acoustic_2026w14_phase1_downloads/raw/crema_d/audios/1079_DFA_FEA_XX.wav,FEA,emergency,emergency,0.5491396188735962,779.8232421875,736.4415283203125,0.015811773017048836,0.904930591583252,0.07925689220428467
/tmp/drone_acoustic_2026w14_phase1_downloads/raw/crema_d/audios/1079_DFA_NEU_XX.wav,NEU,normal,normal,0.07785096764564514,401.14117431640625,527.4579467773438,0.30677080154418945,0.6793020367622375,0.01391068659722805
/tmp/drone_acoustic_2026w14_phase1_downloads/raw/crema_d/audios/1079_IEO_ANG_HI.wav,ANG,emergency,emergency,3.140094757080078,1202.7462158203125,831.7828979492188,0.0031499227043241262,0.7480201721191406,0.24881292879581451
/tmp/drone_acoustic_2026w14_phase1_downloads/raw/crema_d/audios/1079_IEO_ANG_LO.wav,ANG,emergency,emergency,0.9571248888969421,855.0352783203125,724.9588623046875,0.071677066385746,0.8648200631141663,0.06349831074476242
/tmp/drone_acoustic_2026w14_phase1_downloads/raw/crema_d/audios/1079_IEO_ANG_MD.wav,ANG,emergency,emergency,0.5643804669380188,751.7598266601562,725.7456665039062,0.06622781604528427,0.8310449719429016,0.10272160917520523
/tmp/drone_acoustic_2026w14_phase1_downloads/raw/crema_d/audios/1079_IEO_FEA_HI.wav,FEA,emergency,emergency,1.2404004335403442,779.126220703125,666.2308349609375,0.002635140437632799,0.9408016800880432,0.05655933916568756
/tmp/drone_acoustic_2026w14_phase1_downloads/raw/crema_d/audios/1079_IEO_FEA_LO.wav,FEA,emergency,emergency,0.1437966674566269,666.7493286132812,731.7391967773438,0.25780418515205383,0.7293594479560852,0.012833274900913239
/tmp/drone_acoustic_2026w14_phase1_downloads/raw/crema_d/audios/1079_IEO_FEA_MD.wav,FEA,emergency,emergency,0.25852063298225403,427.58148193359375,530.2574462890625,0.28666263818740845,0.7008092403411865,0.012510051019489765
/tmp/drone_acoustic_2026w14_phase1_downloads/raw/crema_d/audios/1079_IEO_NEU_XX.wav,NEU,normal,normal,0.14576098322868347,370.2711181640625,509.4943542480469,0.2999011278152466,0.6846870183944702,0.01540231890976429
/tmp/drone_acoustic_2026w14_phase1_downloads/raw/crema_d/audios/1079_IOM_ANG_XX.wav,ANG,emergency,emergency,0.27626216411590576,554.4646606445312,503.48828125,0.41161835193634033,0.5210403203964233,0.06733942776918411
/tmp/drone_acoustic_2026w14_phase1_downloads/raw/crema_d/audios/1079_IOM_FEA_XX.wav,FEA,emergency,emergency,0.0364062525331974,351.4804382324219,470.64459228515625,0.5407186150550842,0.45187273621559143,0.007406009826809168
/tmp/drone_acoustic_2026w14_phase1_downloads/raw/crema_d/audios/1079_IOM_NEU_XX.wav,NEU,normal,normal,0.20979203283786774,397.4708251953125,441.512451171875,0.48275256156921387,0.48330894112586975,0.033921729773283005
/tmp/drone_acoustic_2026w14_phase1_downloads/raw/crema_d/audios/1079_ITH_ANG_XX.wav,ANG,emergency,emergency,0.18448783457279205,519.0094604492188,570.1560668945312,0.13237297534942627,0.7959539294242859,0.07167177647352219
/tmp/drone_acoustic_2026w14_phase1_downloads/raw/crema_d/audios/1079_ITH_FEA_XX.wav,FEA,emergency,emergency,0.2221831977367401,597.3619384765625,563.7686157226562,0.11031707376241684,0.8531355261802673,0.03654611110687256
/tmp/drone_acoustic_2026w14_phase1_downloads/raw/crema_d/audios/1079_ITH_NEU_XX.wav,NEU,normal,normal,0.08474981039762497,372.6321716308594,467.6906433105469,0.4672650992870331,0.5139886736869812,0.01872706413269043
/tmp/drone_acoustic_2026w14_phase1_downloads/raw/crema_d/audios/1079_ITS_ANG_XX.wav,ANG,emergency,emergency,0.15768063068389893,977.9451293945312,795.1509399414062,0.5536075234413147,0.30754944682121277,0.1387406587600708
/tmp/drone_acoustic_2026w14_phase1_downloads/raw/crema_d/audios/1079_ITS_FEA_XX.wav,FEA,emergency,emergency,0.10620616376399994,878.6351928710938,820.1430053710938,0.17089985311031342,0.7714126706123352,0.05768546834588051
/tmp/drone_acoustic_2026w14_phase1_downloads/raw/crema_d/audios/1079_ITS_NEU_XX.wav,NEU,normal,normal,0.048692669719457626,612.8674926757812,682.1387939453125,0.6744818091392517,0.278467059135437,0.047024957835674286
/tmp/drone_acoustic_2026w14_phase1_downloads/raw/crema_d/audios/1079_IWL_ANG_XX.wav,ANG,emergency,emergency,0.364423006772995,575.8436889648438,507.8047790527344,0.2125636786222458,0.7490286231040955,0.0384061336517334
/tmp/drone_acoustic_2026w14_phase1_downloads/raw/crema_d/audios/1079_IWL_FEA_XX.wav,FEA,emergency,emergency,0.38807207345962524,713.9052124023438,621.0671997070312,0.25330597162246704,0.7098459601402283,0.0368463397026062
/tmp/drone_acoustic_2026w14_phase1_downloads/raw/crema_d/audios/1079_IWL_NEU_XX.wav,NEU,normal,normal,0.11497613787651062,434.08709716796875,407.6823425292969,0.38062548637390137,0.595182478427887,0.024190589785575867
/tmp/drone_acoustic_2026w14_phase1_downloads/raw/crema_d/audios/1079_IWW_ANG_XX.wav,ANG,emergency,emergency,0.20478056371212006,755.8280029296875,767.71240234375,0.36827313899993896,0.5617448687553406,0.06996215134859085
/tmp/drone_acoustic_2026w14_phase1_downloads/raw/crema_d/audios/1079_IWW_FEA_XX.wav,FEA,emergency,emergency,0.05858375504612923,520.8513793945312,607.0830078125,0.6134902834892273,0.3723236918449402,0.014147537760436535
/tmp/drone_acoustic_2026w14_phase1_downloads/raw/crema_d/audios/1079_IWW_NEU_XX.wav,NEU,normal,normal,0.04304184019565582,473.47930908203125,565.47998046875,0.33065614104270935,0.6601240038871765,0.009208385832607746
/tmp/drone_acoustic_2026w14_phase1_downloads/raw/crema_d/audios/1079_MTI_ANG_XX.wav,ANG,emergency,emergency,0.2735156714916229,536.8630981445312,494.1329040527344,0.2667591869831085,0.7173468470573425,0.015892332419753075
/tmp/drone_acoustic_2026w14_phase1_downloads/raw/crema_d/audios/1079_MTI_FEA_XX.wav,FEA,emergency,emergency,0.13238228857517242,587.0916748046875,466.89617919921875,0.1972637176513672,0.7751477360725403,0.027587436139583588
/tmp/drone_acoustic_2026w14_phase1_downloads/raw/crema_d/audios/1079_MTI_NEU_XX.wav,NEU,normal,normal,0.06109517440199852,416.1479187011719,443.7236022949219,0.5558726787567139,0.42353013157844543,0.020580099895596504
/tmp/drone_acoustic_2026w14_phase1_downloads/raw/crema_d/audios/1079_TAI_ANG_XX.wav,ANG,emergency,emergency,0.05843134596943855,733.4385986328125,785.8789672851562,0.11085197329521179,0.8752032518386841,0.013939798809587955
/tmp/drone_acoustic_2026w14_phase1_downloads/raw/crema_d/audios/1079_TAI_FEA_XX.wav,FEA,emergency,emergency,0.1621566116809845,656.1264038085938,633.6339721679688,0.13806739449501038,0.7937287092208862,0.06820215284824371
/tmp/drone_acoustic_2026w14_phase1_downloads/raw/crema_d/audios/1079_TAI_NEU_XX.wav,NEU,normal,normal,0.07135812193155289,588.7640380859375,683.13720703125,0.5163753032684326,0.44499850273132324,0.03862277790904045
/tmp/drone_acoustic_2026w14_phase1_downloads/raw/crema_d/audios/1079_TIE_ANG_XX.wav,ANG,emergency,emergency,1.5691965818405151,1018.6841430664062,916.427734375,0.16691072285175323,0.5662083625793457,0.26679205894470215
/tmp/drone_acoustic_2026w14_phase1_downloads/raw/crema_d/audios/1079_TIE_FEA_XX.wav,FEA,emergency,emergency,0.2569229006767273,585.4075927734375,758.4395751953125,0.2090591937303543,0.7265698313713074,0.06436281651258469
/tmp/drone_acoustic_2026w14_phase1_downloads/raw/crema_d/audios/1079_TIE_NEU_XX.wav,NEU,normal,normal,0.1721390336751938,365.8642883300781,478.72412109375,0.6028879880905151,0.37603843212127686,0.021053900942206383
/tmp/drone_acoustic_2026w14_phase1_downloads/raw/crema_d/audios/1079_TSI_ANG_XX.wav,ANG,emergency,emergency,0.20280201733112335,1542.052978515625,983.5651245117188,0.13085711002349854,0.7111664414405823,0.15774449706077576
/tmp/drone_acoustic_2026w14_phase1_downloads/raw/crema_d/audios/1079_TSI_FEA_XX.wav,FEA,emergency,emergency,0.35224565863609314,1231.08642578125,848.6767578125,0.00424831872805953,0.8112974166870117,0.18440845608711243
/tmp/drone_acoustic_2026w14_phase1_downloads/raw/crema_d/audios/1079_TSI_NEU_XX.wav,NEU,normal,normal,0.034703657031059265,1000.8866577148438,949.703857421875,0.48873695731163025,0.44191470742225647,0.06896377354860306
/tmp/drone_acoustic_2026w14_phase1_downloads/raw/crema_d/audios/1079_WSI_ANG_XX.wav,ANG,emergency,emergency,1.0067472457885742,949.82177734375,912.0550537109375,0.1934974193572998,0.7551466822624207,0.05134884640574455
/tmp/drone_acoustic_2026w14_phase1_downloads/raw/crema_d/audios/1079_WSI_FEA_XX.wav,FEA,emergency,emergency,0.5276179909706116,1195.2977294921875,805.677001953125,0.014904249459505081,0.9185269474983215,0.0665576308965683
/tmp/drone_acoustic_2026w14_phase1_downloads/raw/crema_d/audios/1079_WSI_NEU_XX.wav,NEU,normal,normal,0.17395900189876556,690.7373657226562,775.501708984375,0.44231313467025757,0.5395060777664185,0.018122758716344833
/tmp/drone_acoustic_2026w14_phase1_downloads/raw/crema_d/audios/1080_DFA_ANG_XX.wav,ANG,emergency,emergency,0.1892087310552597,889.5364990234375,856.0494384765625,0.45942121744155884,0.44289425015449524,0.0976804569363594
/tmp/drone_acoustic_2026w14_phase1_downloads/raw/crema_d/audios/1080_DFA_FEA_XX.wav,FEA,emergency,emergency,0.13071057200431824,546.5813598632812,722.9774169921875,0.5666705369949341,0.33635520935058594,0.09693019837141037
/tmp/drone_acoustic_2026w14_phase1_downloads/raw/crema_d/audios/1080_DFA_NEU_XX.wav,NEU,normal,normal,0.08156972378492355,473.3417053222656,647.9298095703125,0.5384852290153503,0.42899778485298157,0.03250887617468834
/tmp/drone_acoustic_2026w14_phase1_downloads/raw/crema_d/audios/1080_IEO_ANG_HI.wav,ANG,emergency,emergency,0.2544350028038025,881.6604614257812,767.964599609375,0.07367417961359024,0.8644920587539673,0.061832159757614136
/tmp/drone_acoustic_2026w14_phase1_downloads/raw/crema_d/audios/1080_IEO_ANG_LO.wav,ANG,emergency,emergency,0.16833268105983734,543.50390625,672.2816772460938,0.40966469049453735,0.5786718726158142,0.011658201925456524
/tmp/drone_acoustic_2026w14_phase1_downloads/raw/crema_d/audios/1080_IEO_ANG_MD.wav,ANG,emergency,emergency,0.1002500057220459,647.2197875976562,573.0249633789062,0.1688745766878128,0.8167415857315063,0.014381327666342258
/tmp/drone_acoustic_2026w14_phase1_downloads/raw/crema_d/audios/1080_IEO_FEA_HI.wav,FEA,emergency,emergency,0.2715088129043579,838.241943359375,667.4094848632812,0.12127555906772614,0.8565505743026733,0.022169899195432663
/tmp/drone_acoustic_2026w14_phase1_downloads/raw/crema_d/audios/1080_IEO_FEA_LO.wav,FEA,emergency,emergency,0.1591726690530777,450.2978820800781,650.795654296875,0.5656870007514954,0.4055672287940979,0.028725367039442062
/tmp/drone_acoustic_2026w14_phase1_downloads/raw/crema_d/audios/1080_IEO_FEA_MD.wav,FEA,emergency,emergency,0.05543854460120201,346.0575256347656,540.3016967773438,0.5062098503112793,0.48322930932044983,0.010542950592935085
/tmp/drone_acoustic_2026w14_phase1_downloads/raw/crema_d/audios/1080_IEO_NEU_XX.wav,NEU,normal,normal,0.027628552168607712,460.4244384765625,478.6170959472656,0.6147535443305969,0.3548010289669037,0.030420783907175064
/tmp/drone_acoustic_2026w14_phase1_downloads/raw/crema_d/audios/1080_IOM_ANG_XX.wav,ANG,emergency,emergency,0.15133929252624512,536.8861694335938,591.4486694335938,0.325961709022522,0.5933871865272522,0.08064568042755127
/tmp/drone_acoustic_2026w14_phase1_downloads/raw/crema_d/audios/1080_IOM_FEA_XX.wav,FEA,emergency,emergency,0.07870142161846161,383.52899169921875,449.51031494140625,0.6500334143638611,0.3029026985168457,0.04705863073468208
/tmp/drone_acoustic_2026w14_phase1_downloads/raw/crema_d/audios/1080_IOM_NEU_XX.wav,NEU,normal,normal,0.14863412082195282,398.9076843261719,442.4715270996094,0.33225905895233154,0.6440511345863342,0.02368582785129547
/tmp/drone_acoustic_2026w14_phase1_downloads/raw/crema_d/audios/1080_ITH_ANG_XX.wav,ANG,emergency,emergency,0.4855567216873169,747.9618530273438,773.545166015625,0.3422747850418091,0.4930132031440735,0.16469885408878326
/tmp/drone_acoustic_2026w14_phase1_downloads/raw/crema_d/audios/1080_ITH_FEA_XX.wav,FEA,emergency,emergency,0.07764384150505066,362.5892333984375,574.8226928710938,0.6747009754180908,0.2876878082752228,0.037592846900224686
/tmp/drone_acoustic_2026w14_phase1_downloads/raw/crema_d/audios/1080_ITH_NEU_XX.wav,NEU,normal,normal,0.06358763575553894,375.79608154296875,492.81182861328125,0.4163358211517334,0.5550551414489746,0.028595268726348877
/tmp/drone_acoustic_2026w14_phase1_downloads/raw/crema_d/audios/1080_ITS_ANG_XX.wav,ANG,emergency,emergency,0.2802472710609436,1151.20458984375,863.576904296875,0.4696856737136841,0.3421195447444916,0.18811993300914764
/tmp/drone_acoustic_2026w14_phase1_downloads/raw/crema_d/audios/1080_ITS_FEA_XX.wav,FEA,emergency,emergency,0.0845264345407486,815.1522216796875,723.3720703125,0.6261784434318542,0.19103269279003143,0.18266955018043518
/tmp/drone_acoustic_2026w14_phase1_downloads/raw/crema_d/audios/1080_ITS_NEU_XX.wav,NEU,normal,normal,0.11300041526556015,707.69775390625,707.2985229492188,0.4556056559085846,0.4745824933052063,0.0697905495762825
/tmp/drone_acoustic_2026w14_phase1_downloads/raw/crema_d/audios/1080_IWL_ANG_XX.wav,ANG,emergency,emergency,0.644626259803772,747.0733642578125,605.7256469726562,0.15027408301830292,0.7586147785186768,0.09110589325428009
/tmp/drone_acoustic_2026w14_phase1_downloads/raw/crema_d/audios/1080_IWL_FEA_XX.wav,FEA,emergency,emergency,0.06865581125020981,302.17596435546875,352.4765930175781,0.4837832748889923,0.5137146711349487,0.002499410416930914
/tmp/drone_acoustic_2026w14_phase1_downloads/raw/crema_d/audios/1080_IWL_NEU_XX.wav,NEU,normal,normal,0.06643326580524445,352.88177490234375,402.35699462890625,0.435223251581192,0.5523884892463684,0.012382443994283676
/tmp/drone_acoustic_2026w14_phase1_downloads/raw/crema_d/audios/1080_IWW_ANG_XX.wav,ANG,emergency,emergency,0.13212566077709198,1000.1279296875,809.6222534179688,0.529121994972229,0.42744752764701843,0.04340742155909538
/tmp/drone_acoustic_2026w14_phase1_downloads/raw/crema_d/audios/1080_IWW_FEA_XX.wav,FEA,emergency,emergency,0.07407178729772568,688.2409057617188,740.802001953125,0.7089574337005615,0.16222022473812103,0.1287480741739273
/tmp/drone_acoustic_2026w14_phase1_downloads/raw/crema_d/audios/1080_IWW_NEU_XX.wav,NEU,normal,normal,0.07001732289791107,682.39404296875,704.6574096679688,0.4449003338813782,0.5177510380744934,0.0373355858027935
/tmp/drone_acoustic_2026w14_phase1_downloads/raw/crema_d/audios/1080_MTI_ANG_XX.wav,ANG,emergency,emergency,0.3121229410171509,655.7401123046875,613.8983764648438,0.2748226225376129,0.6319602131843567,0.09321580827236176
/tmp/drone_acoustic_2026w14_phase1_downloads/raw/crema_d/audios/1080_MTI_FEA_XX.wav,FEA,emergency,emergency,0.09881656616926193,361.53240966796875,457.30126953125,0.4325598180294037,0.5604544281959534,0.006979085970669985
/tmp/drone_acoustic_2026w14_phase1_downloads/raw/crema_d/audios/1080_MTI_NEU_XX.wav,NEU,normal,normal,0.12968125939369202,363.34149169921875,414.4154052734375,0.40056872367858887,0.5814436674118042,0.01798464171588421
/tmp/drone_acoustic_2026w14_phase1_downloads/raw/crema_d/audios/1080_TAI_ANG_XX.wav,ANG,emergency,emergency,0.15814979374408722,857.1813354492188,848.6835327148438,0.3457457423210144,0.5753589272499084,0.07889032363891602
/tmp/drone_acoustic_2026w14_phase1_downloads/raw/crema_d/audios/1080_TAI_FEA_XX.wav,FEA,emergency,emergency,0.03266888111829758,669.2305297851562,734.8074340820312,0.5861613154411316,0.3886851370334625,0.025114452466368675
/tmp/drone_acoustic_2026w14_phase1_downloads/raw/crema_d/audios/1080_TAI_NEU_XX.wav,NEU,normal,normal,0.05762767046689987,405.4441833496094,514.8627319335938,0.39177796244621277,0.5848358273506165,0.023380152881145477
/tmp/drone_acoustic_2026w14_phase1_downloads/raw/crema_d/audios/1080_TIE_ANG_XX.wav,ANG,emergency,emergency,0.28415951132774353,1011.4033203125,813.5179443359375,0.22860297560691833,0.6589224338531494,0.11245426535606384
/tmp/drone_acoustic_2026w14_phase1_downloads/raw/crema_d/audios/1080_TIE_FEA_XX.wav,FEA,emergency,emergency,0.08787873387336731,773.0873413085938,756.0346069335938,0.6247121095657349,0.2806342840194702,0.09460332244634628
/tmp/drone_acoustic_2026w14_phase1_downloads/raw/crema_d/audios/1080_TIE_NEU_XX.wav,NEU,normal,normal,0.06429372727870941,535.1513061523438,624.1319580078125,0.43645185232162476,0.5270699262619019,0.03645431250333786
/tmp/drone_acoustic_2026w14_phase1_downloads/raw/crema_d/audios/1080_TSI_ANG_XX.wav,ANG,emergency,emergency,0.1344798356294632,1372.1005859375,1032.3564453125,0.4343625605106354,0.48431479930877686,0.0812598168849945
/tmp/drone_acoustic_2026w14_phase1_downloads/raw/crema_d/audios/1080_TSI_FEA_XX.wav,FEA,emergency,emergency,0.06180061772465706,1094.7723388671875,852.3875732421875,0.4750722050666809,0.3734302222728729,0.15129494667053223
/tmp/drone_acoustic_2026w14_phase1_downloads/raw/crema_d/audios/1080_TSI_NEU_XX.wav,NEU,normal,normal,0.06269054859876633,1112.780029296875,860.4042358398438,0.5422378182411194,0.37643441557884216,0.08130349218845367
/tmp/drone_acoustic_2026w14_phase1_downloads/raw/crema_d/audios/1080_WSI_ANG_XX.wav,ANG,emergency,emergency,0.28807246685028076,1409.1927490234375,924.7232666015625,0.17737580835819244,0.6745989918708801,0.14800551533699036
/tmp/drone_acoustic_2026w14_phase1_downloads/raw/crema_d/audios/1080_WSI_FEA_XX.wav,FEA,emergency,emergency,0.12610235810279846,828.9191284179688,631.2766723632812,0.28474950790405273,0.674769401550293,0.04046901687979698
/tmp/drone_acoustic_2026w14_phase1_downloads/raw/crema_d/audios/1080_WSI_NEU_XX.wav,NEU,normal,normal,0.10813385248184204,724.8646240234375,671.286865234375,0.5198124051094055,0.41900762915611267,0.061132125556468964
/tmp/drone_acoustic_2026w14_phase1_downloads/raw/crema_d/audios/1081_DFA_ANG_XX.wav,ANG,emergency,emergency,0.14061947166919708,631.9649658203125,613.2417602539062,0.11255678534507751,0.8392285704612732,0.04821368306875229
/tmp/drone_acoustic_2026w14_phase1_downloads/raw/crema_d/audios/1081_DFA_FEA_XX.wav,FEA,emergency,emergency,0.03129584342241287,281.25384521484375,495.40106201171875,0.8652219772338867,0.11773693561553955,0.017026526853442192
/tmp/drone_acoustic_2026w14_phase1_downloads/raw/crema_d/audios/1081_DFA_NEU_XX.wav,NEU,normal,normal,0.03356260806322098,349.4156188964844,527.7487182617188,0.46703946590423584,0.522331178188324,0.010624270886182785
/tmp/drone_acoustic_2026w14_phase1_downloads/raw/crema_d/audios/1081_IEO_ANG_HI.wav,ANG,emergency,emergency,0.2226918339729309,710.2964477539062,624.2377319335938,0.20379666984081268,0.764470636844635,0.03172975033521652
/tmp/drone_acoustic_2026w14_phase1_downloads/raw/crema_d/audios/1081_IEO_ANG_LO.wav,ANG,emergency,emergency,0.06870508193969727,468.4762878417969,537.8804931640625,0.3596489131450653,0.6293711066246033,0.010974888689815998
/tmp/drone_acoustic_2026w14_phase1_downloads/raw/crema_d/audios/1081_IEO_ANG_MD.wav,ANG,emergency,emergency,0.16615912318229675,492.8946228027344,564.9154663085938,0.3970068097114563,0.5806465148925781,0.022341866046190262
/tmp/drone_acoustic_2026w14_phase1_downloads/raw/crema_d/audios/1081_IEO_FEA_HI.wav,FEA,emergency,emergency,0.06411498785018921,452.1787109375,548.087158203125,0.2721184194087982,0.7187210917472839,0.009158487431704998
/tmp/drone_acoustic_2026w14_phase1_downloads/raw/crema_d/audios/1081_IEO_FEA_LO.wav,FEA,emergency,emergency,0.09245739132165909,374.949951171875,505.3339538574219,0.5516107082366943,0.4388742446899414,0.009503741748631
/tmp/drone_acoustic_2026w14_phase1_downloads/raw/crema_d/audios/1081_IEO_FEA_MD.wav,FEA,emergency,emergency,0.093117356300354,384.4157409667969,517.4043579101562,0.6576480269432068,0.32520997524261475,0.017082111909985542
/tmp/drone_acoustic_2026w14_phase1_downloads/raw/crema_d/audios/1081_IEO_NEU_XX.wav,NEU,normal,normal,0.0482308529317379,351.3240661621094,503.56024169921875,0.7139737606048584,0.273178368806839,0.012812625616788864
/tmp/drone_acoustic_2026w14_phase1_downloads/raw/crema_d/audios/1081_IOM_ANG_XX.wav,ANG,emergency,emergency,0.11423001438379288,495.0155944824219,501.6447448730469,0.2228298932313919,0.7407957911491394,0.03637347370386124
/tmp/drone_acoustic_2026w14_phase1_downloads/raw/crema_d/audios/1081_IOM_FEA_XX.wav,FEA,emergency,emergency,0.026444211602211,279.0860900878906,387.6473083496094,0.8575842976570129,0.13375191390514374,0.008643539622426033
/tmp/drone_acoustic_2026w14_phase1_downloads/raw/crema_d/audios/1081_IOM_NEU_XX.wav,NEU,normal,normal,0.026710553094744682,309.40557861328125,411.904541015625,0.7474488019943237,0.24655494093894958,0.005977049935609102
/tmp/drone_acoustic_2026w14_phase1_downloads/raw/crema_d/audios/1081_ITH_ANG_XX.wav,ANG,emergency,emergency,0.361857146024704,673.5985717773438,631.5332641601562,0.19481538236141205,0.732738733291626,0.07244446128606796
/tmp/drone_acoustic_2026w14_phase1_downloads/raw/crema_d/audios/1081_ITH_NEU_XX.wav,NEU,normal,normal,0.06532305479049683,354.76556396484375,488.3002624511719,0.5118553042411804,0.46931156516075134,0.01882781833410263
/tmp/drone_acoustic_2026w14_phase1_downloads/raw/crema_d/audios/1081_ITS_ANG_XX.wav,ANG,emergency,emergency,0.17465154826641083,884.0950927734375,798.4493408203125,0.41347524523735046,0.4713520109653473,0.11516124755144119
/tmp/drone_acoustic_2026w14_phase1_downloads/raw/crema_d/audios/1081_ITS_FEA_XX.wav,FEA,emergency,emergency,0.016942506656050682,336.4907531738281,529.000732421875,0.7895783185958862,0.19839777052402496,0.01200423389673233
/tmp/drone_acoustic_2026w14_phase1_downloads/raw/crema_d/audios/1081_ITS_NEU_XX.wav,NEU,normal,normal,0.03386654332280159,393.9382629394531,581.4183349609375,0.7853588461875916,0.190322607755661,0.024303263053297997
/tmp/drone_acoustic_2026w14_phase1_downloads/raw/crema_d/audios/1081_IWL_ANG_XX.wav,ANG,emergency,emergency,0.09796195477247238,513.6663208007812,435.1715087890625,0.35945430397987366,0.6208353042602539,0.019709613174200058
/tmp/drone_acoustic_2026w14_phase1_downloads/raw/crema_d/audios/1081_IWL_FEA_XX.wav,FEA,emergency,emergency,0.0398288294672966,312.880859375,403.2868347167969,0.7753121852874756,0.22089356184005737,0.003783540101721883
/tmp/drone_acoustic_2026w14_phase1_downloads/raw/crema_d/audios/1081_IWL_NEU_XX.wav,NEU,normal,normal,0.04376368224620819,324.9388122558594,419.73651123046875,0.6355996131896973,0.35809582471847534,0.00628998875617981
/tmp/drone_acoustic_2026w14_phase1_downloads/raw/crema_d/audios/1081_IWW_ANG_XX.wav,ANG,emergency,emergency,0.18244460225105286,550.821044921875,600.9356689453125,0.3642285168170929,0.5737103223800659,0.06205464154481888
/tmp/drone_acoustic_2026w14_phase1_downloads/raw/crema_d/audios/1081_IWW_FEA_XX.wav,FEA,emergency,emergency,0.033411066979169846,392.7905578613281,564.6620483398438,0.8194587230682373,0.159883514046669,0.02061908133327961
/tmp/drone_acoustic_2026w14_phase1_downloads/raw/crema_d/audios/1081_IWW_NEU_XX.wav,NEU,normal,normal,0.04220545291900635,399.8123474121094,513.4976806640625,0.6845065355300903,0.3039829730987549,0.01149490661919117
/tmp/drone_acoustic_2026w14_phase1_downloads/raw/crema_d/audios/1081_MTI_ANG_XX.wav,ANG,emergency,emergency,0.15148991346359253,549.7361450195312,549.0740966796875,0.21598288416862488,0.7531644105911255,0.030851511284708977
/tmp/drone_acoustic_2026w14_phase1_downloads/raw/crema_d/audios/1081_MTI_FEA_XX.wav,FEA,emergency,emergency,0.047285594046115875,320.54425048828125,393.7041320800781,0.6478409767150879,0.34708815813064575,0.00506339268758893
/tmp/drone_acoustic_2026w14_phase1_downloads/raw/crema_d/audios/1081_MTI_NEU_XX.wav,NEU,normal,normal,0.03817754611372948,358.4187316894531,441.43353271484375,0.7414677143096924,0.24376730620861053,0.01474844105541706
/tmp/drone_acoustic_2026w14_phase1_downloads/raw/crema_d/audios/1081_TAI_ANG_XX.wav,ANG,emergency,emergency,0.10776180773973465,625.7366333007812,661.4954833984375,0.2820090055465698,0.6817375421524048,0.03624831885099411
/tmp/drone_acoustic_2026w14_phase1_downloads/raw/crema_d/audios/1081_TAI_FEA_XX.wav,FEA,emergency,emergency,0.014545105397701263,371.0731201171875,493.32147216796875,0.4345398545265198,0.5590062737464905,0.006446627900004387
/tmp/drone_acoustic_2026w14_phase1_downloads/raw/crema_d/audios/1081_TAI_NEU_XX.wav,NEU,normal,normal,0.03418852016329765,388.5705261230469,506.2998352050781,0.5849167704582214,0.3960549831390381,0.019016658887267113
/tmp/drone_acoustic_2026w14_phase1_downloads/raw/crema_d/audios/1081_TIE_ANG_XX.wav,ANG,emergency,emergency,0.25610974431037903,528.2314453125,519.8858032226562,0.1850491166114807,0.7831053733825684,0.031843364238739014
/tmp/drone_acoustic_2026w14_phase1_downloads/raw/crema_d/audios/1081_TIE_FEA_XX.wav,FEA,emergency,emergency,0.054867859929800034,341.6806640625,508.6241455078125,0.7687371969223022,0.2192678153514862,0.011960549280047417
/tmp/drone_acoustic_2026w14_phase1_downloads/raw/crema_d/audios/1081_TIE_NEU_XX.wav,NEU,normal,normal,0.03586123138666153,386.2164001464844,475.2127380371094,0.5605970621109009,0.42940855026245117,0.009989353828132153
/tmp/drone_acoustic_2026w14_phase1_downloads/raw/crema_d/audios/1081_TSI_ANG_XX.wav,ANG,emergency,emergency,0.08680662512779236,993.7760620117188,840.8794555664062,0.2541717290878296,0.7074149250984192,0.038387004286050797
/tmp/drone_acoustic_2026w14_phase1_downloads/raw/crema_d/audios/1081_TSI_FEA_XX.wav,FEA,emergency,emergency,0.09201938658952713,677.3135375976562,807.5245361328125,0.7950069308280945,0.1361587941646576,0.0688200518488884
/tmp/drone_acoustic_2026w14_phase1_downloads/raw/crema_d/audios/1081_TSI_NEU_XX.wav,NEU,normal,normal,0.03886014595627785,772.6039428710938,883.2113647460938,0.612941563129425,0.3475642502307892,0.03947681188583374
/tmp/drone_acoustic_2026w14_phase1_downloads/raw/crema_d/audios/1081_WSI_ANG_XX.wav,ANG,emergency,emergency,0.024902043864130974,359.3182678222656,512.8982543945312,0.7815135717391968,0.20688243210315704,0.011594447307288647
/tmp/drone_acoustic_2026w14_phase1_downloads/raw/crema_d/audios/1081_WSI_FEA_XX.wav,FEA,emergency,emergency,0.023485694080591202,407.72113037109375,543.4097290039062,0.7441830039024353,0.25174209475517273,0.004067638423293829
/tmp/drone_acoustic_2026w14_phase1_downloads/raw/crema_d/audios/1081_WSI_NEU_XX.wav,NEU,normal,normal,0.06360571831464767,460.3805236816406,623.3511352539062,0.7178620100021362,0.26555657386779785,0.01655617170035839
/tmp/drone_acoustic_2026w14_phase1_downloads/raw/crema_d/audios/1082_DFA_ANG_XX.wav,ANG,emergency,emergency,0.7428788542747498,1206.114501953125,1067.457275390625,0.18491294980049133,0.6024892926216125,0.21251972019672394
/tmp/drone_acoustic_2026w14_phase1_downloads/raw/crema_d/audios/1082_DFA_FEA_XX.wav,FEA,emergency,emergency,0.3576562702655792,815.1723022460938,803.1492309570312,0.38448241353034973,0.4987742304801941,0.11666638404130936
/tmp/drone_acoustic_2026w14_phase1_downloads/raw/crema_d/audios/1082_DFA_NEU_XX.wav,NEU,normal,normal,0.3689391016960144,815.6117553710938,869.86669921875,0.30826786160469055,0.5565552711486816,0.13515397906303406
/tmp/drone_acoustic_2026w14_phase1_downloads/raw/crema_d/audios/1082_IEO_ANG_HI.wav,ANG,emergency,emergency,1.3595304489135742,1300.6043701171875,1003.230224609375,0.06290650367736816,0.7154060006141663,0.22152100503444672
/tmp/drone_acoustic_2026w14_phase1_downloads/raw/crema_d/audios/1082_IEO_ANG_LO.wav,ANG,emergency,emergency,0.744340717792511,832.1451416015625,725.1873168945312,0.1141432523727417,0.8141700625419617,0.07150445878505707
/tmp/drone_acoustic_2026w14_phase1_downloads/raw/crema_d/audios/1082_IEO_ANG_MD.wav,ANG,emergency,emergency,0.8067492842674255,896.7916259765625,828.0916748046875,0.18239416182041168,0.5682210922241211,0.24901315569877625
/tmp/drone_acoustic_2026w14_phase1_downloads/raw/crema_d/audios/1082_IEO_FEA_HI.wav,FEA,emergency,emergency,0.21454846858978271,566.5352172851562,645.2780151367188,0.4195547103881836,0.5441926121711731,0.036090727895498276
/tmp/drone_acoustic_2026w14_phase1_downloads/raw/crema_d/audios/1082_IEO_FEA_LO.wav,FEA,emergency,emergency,0.06732065975666046,515.7962646484375,535.2299194335938,0.5588272213935852,0.38788220286369324,0.05322159081697464
/tmp/drone_acoustic_2026w14_phase1_downloads/raw/crema_d/audios/1082_IEO_FEA_MD.wav,FEA,emergency,emergency,0.06824258714914322,599.8768920898438,626.774169921875,0.5575185418128967,0.3767887055873871,0.06526867300271988
/tmp/drone_acoustic_2026w14_phase1_downloads/raw/crema_d/audios/1082_IEO_NEU_XX.wav,NEU,normal,normal,0.18615040183067322,514.2304077148438,540.8928833007812,0.46432167291641235,0.4707319438457489,0.06421467661857605
/tmp/drone_acoustic_2026w14_phase1_downloads/raw/crema_d/audios/1082_IOM_ANG_XX.wav,ANG,emergency,emergency,0.9217209219932556,763.9031372070312,714.6295166015625,0.2702259123325348,0.6275809407234192,0.10216319561004639
/tmp/drone_acoustic_2026w14_phase1_downloads/raw/crema_d/audios/1082_IOM_FEA_XX.wav,FEA,emergency,emergency,0.15883387625217438,523.0493774414062,495.3307800292969,0.5674623847007751,0.39829495549201965,0.03415180742740631
/tmp/drone_acoustic_2026w14_phase1_downloads/raw/crema_d/audios/1082_IOM_NEU_XX.wav,NEU,normal,normal,0.6667460203170776,679.1842041015625,632.4961547851562,0.3612287938594818,0.5619178414344788,0.07683761417865753
/tmp/drone_acoustic_2026w14_phase1_downloads/raw/crema_d/audios/1082_ITH_ANG_XX.wav,ANG,emergency,emergency,0.526153564453125,1005.842041015625,892.696044921875,0.23100736737251282,0.6266580820083618,0.142222598195076
/tmp/drone_acoustic_2026w14_phase1_downloads/raw/crema_d/audios/1082_ITH_FEA_XX.wav,FEA,emergency,emergency,0.22871357202529907,754.2037353515625,755.1383666992188,0.39896392822265625,0.5420042276382446,0.05862325802445412
/tmp/drone_acoustic_2026w14_phase1_downloads/raw/crema_d/audios/1082_ITH_NEU_XX.wav,NEU,normal,normal,0.5557368397712708,877.069580078125,813.2489013671875,0.3259407877922058,0.5627952218055725,0.11115331202745438
/tmp/drone_acoustic_2026w14_phase1_downloads/raw/crema_d/audios/1082_ITS_ANG_XX.wav,ANG,emergency,emergency,0.37133243680000305,1624.423828125,1074.455810546875,0.5162791013717651,0.18294692039489746,0.2993887662887573
/tmp/drone_acoustic_2026w14_phase1_downloads/raw/crema_d/audios/1082_ITS_FEA_XX.wav,FEA,emergency,emergency,0.16331669688224792,1127.3515625,858.0955810546875,0.542797327041626,0.30668723583221436,0.14879372715950012
/tmp/drone_acoustic_2026w14_phase1_downloads/raw/crema_d/audios/1082_ITS_NEU_XX.wav,NEU,normal,normal,0.1497776359319687,987.04638671875,784.7095336914062,0.49932798743247986,0.32064196467399597,0.1798642873764038
/tmp/drone_acoustic_2026w14_phase1_downloads/raw/crema_d/audios/1082_IWL_ANG_XX.wav,ANG,emergency,emergency,0.9588285684585571,757.4331665039062,699.720458984375,0.1487487405538559,0.7674050331115723,0.08381751924753189
/tmp/drone_acoustic_2026w14_phase1_downloads/raw/crema_d/audios/1082_IWL_FEA_XX.wav,FEA,emergency,emergency,0.21398501098155975,483.3843078613281,532.2457885742188,0.3943881392478943,0.5634297728538513,0.04215992987155914
/tmp/drone_acoustic_2026w14_phase1_downloads/raw/crema_d/audios/1082_IWL_NEU_XX.wav,NEU,normal,normal,0.24504676461219788,631.19921875,660.7748413085938,0.5006471872329712,0.47098207473754883,0.028364131227135658
/tmp/drone_acoustic_2026w14_phase1_downloads/raw/crema_d/audios/1082_IWW_ANG_XX.wav,ANG,emergency,emergency,0.6036603450775146,1393.265869140625,951.1641845703125,0.21860766410827637,0.6577184200286865,0.12313269823789597
/tmp/drone_acoustic_2026w14_phase1_downloads/raw/crema_d/audios/1082_IWW_FEA_XX.wav,FEA,emergency,emergency,0.1794942021369934,976.8256225585938,694.1475219726562,0.3179578185081482,0.5590921640396118,0.12214665859937668
/tmp/drone_acoustic_2026w14_phase1_downloads/raw/crema_d/audios/1082_IWW_NEU_XX.wav,NEU,normal,normal,0.2713778614997864,703.04736328125,693.2403564453125,0.4130696952342987,0.5350528359413147,0.05174634978175163
/tmp/drone_acoustic_2026w14_phase1_downloads/raw/crema_d/audios/1082_MTI_ANG_XX.wav,ANG,emergency,emergency,0.512206494808197,868.62255859375,721.1598510742188,0.2739301323890686,0.6272934675216675,0.09868598729372025
/tmp/drone_acoustic_2026w14_phase1_downloads/raw/crema_d/audios/1082_MTI_FEA_XX.wav,FEA,emergency,emergency,0.20634053647518158,615.8421630859375,606.2686767578125,0.36858633160591125,0.5809491872787476,0.05015619099140167
/tmp/drone_acoustic_2026w14_phase1_downloads/raw/crema_d/audios/1082_MTI_NEU_XX.wav,NEU,normal,normal,0.28145572543144226,659.5208740234375,612.9854736328125,0.37541091442108154,0.571984052658081,0.05258597061038017
/tmp/drone_acoustic_2026w14_phase1_downloads/raw/crema_d/audios/1082_TAI_ANG_XX.wav,ANG,emergency,emergency,0.24992455542087555,1200.7730712890625,915.7791748046875,0.29897788166999817,0.552842915058136,0.14784447848796844
/tmp/drone_acoustic_2026w14_phase1_downloads/raw/crema_d/audios/1082_TAI_FEA_XX.wav,FEA,emergency,emergency,0.28666597604751587,946.4017944335938,804.4729614257812,0.2814958989620209,0.6480229496955872,0.07015842944383621
/tmp/drone_acoustic_2026w14_phase1_downloads/raw/crema_d/audios/1082_TAI_NEU_XX.wav,NEU,normal,normal,0.26359161734580994,1166.3951416015625,921.759033203125,0.3781792223453522,0.46992871165275574,0.15177486836910248
/tmp/drone_acoustic_2026w14_phase1_downloads/raw/crema_d/audios/1082_TIE_ANG_XX.wav,ANG,emergency,emergency,1.5186023712158203,1340.588134765625,954.6138305664062,0.11209854483604431,0.6835377812385559,0.20307083427906036
/tmp/drone_acoustic_2026w14_phase1_downloads/raw/crema_d/audios/1082_TIE_FEA_XX.wav,FEA,emergency,emergency,0.7141066789627075,953.6464233398438,853.4638061523438,0.20292878150939941,0.7133786082267761,0.08341777324676514
/tmp/drone_acoustic_2026w14_phase1_downloads/raw/crema_d/audios/1082_TIE_NEU_XX.wav,NEU,normal,normal,0.27692994475364685,601.4270629882812,649.7511596679688,0.407783180475235,0.5318108201026917,0.060207299888134
/tmp/drone_acoustic_2026w14_phase1_downloads/raw/crema_d/audios/1082_TSI_ANG_XX.wav,ANG,emergency,emergency,0.6107022762298584,2322.41162109375,1213.3226318359375,0.18063272535800934,0.25585246086120605,0.5585018992424011
/tmp/drone_acoustic_2026w14_phase1_downloads/raw/crema_d/audios/1082_TSI_FEA_XX.wav,FEA,emergency,emergency,0.5538176894187927,1874.5816650390625,1108.8004150390625,0.29362383484840393,0.32656192779541016,0.3767335116863251
/tmp/drone_acoustic_2026w14_phase1_downloads/raw/crema_d/audios/1082_TSI_NEU_XX.wav,NEU,normal,normal,0.3312646448612213,1769.3255615234375,1048.511962890625,0.22495046257972717,0.15335200726985931,0.6054468154907227
/tmp/drone_acoustic_2026w14_phase1_downloads/raw/crema_d/audios/1082_WSI_ANG_XX.wav,ANG,emergency,emergency,0.941581130027771,1961.0091552734375,989.6731567382812,0.13164366781711578,0.6608769297599792,0.20660026371479034
/tmp/drone_acoustic_2026w14_phase1_downloads/raw/crema_d/audios/1082_WSI_FEA_XX.wav,FEA,emergency,emergency,0.4481385052204132,1406.841796875,815.0347900390625,0.2895270884037018,0.5908658504486084,0.11839661002159119
/tmp/drone_acoustic_2026w14_phase1_downloads/raw/crema_d/audios/1082_WSI_NEU_XX.wav,NEU,normal,normal,0.8827431201934814,1641.190673828125,972.6851196289062,0.16709409654140472,0.6817746758460999,0.1484435498714447
/tmp/drone_acoustic_2026w14_phase1_downloads/raw/crema_d/audios/1083_DFA_ANG_XX.wav,ANG,emergency,emergency,0.7656755447387695,840.317138671875,795.8424682617188,0.3154315948486328,0.5129648447036743,0.17158515751361847
/tmp/drone_acoustic_2026w14_phase1_downloads/raw/crema_d/audios/1083_DFA_FEA_XX.wav,FEA,emergency,emergency,0.07134740054607391,429.0462341308594,683.9766845703125,0.8876053094863892,0.03900179639458656,0.07328192889690399
/tmp/drone_acoustic_2026w14_phase1_downloads/raw/crema_d/audios/1083_DFA_NEU_XX.wav,NEU,normal,normal,0.0812319815158844,483.1265869140625,682.7560424804688,0.7248475551605225,0.24526920914649963,0.02984423190355301
/tmp/drone_acoustic_2026w14_phase1_downloads/raw/crema_d/audios/1083_IEO_ANG_HI.wav,ANG,emergency,emergency,0.16753922402858734,1078.9635009765625,836.1220092773438,0.3540729284286499,0.5098762512207031,0.13559570908546448
/tmp/drone_acoustic_2026w14_phase1_downloads/raw/crema_d/audios/1083_IEO_ANG_LO.wav,ANG,emergency,emergency,0.13826915621757507,884.1932373046875,752.412109375,0.4016442894935608,0.5326064825057983,0.06568611413240433
/tmp/drone_acoustic_2026w14_phase1_downloads/raw/crema_d/audios/1083_IEO_ANG_MD.wav,ANG,emergency,emergency,0.1379803568124771,922.66455078125,880.2135009765625,0.5384204983711243,0.4219677150249481,0.039596863090991974
/tmp/drone_acoustic_2026w14_phase1_downloads/raw/crema_d/audios/1083_IEO_FEA_HI.wav,FEA,emergency,emergency,0.04482708498835564,594.134033203125,706.6264038085938,0.38028496503829956,0.5955598950386047,0.024125264957547188
/tmp/drone_acoustic_2026w14_phase1_downloads/raw/crema_d/audios/1083_IEO_FEA_LO.wav,FEA,emergency,emergency,0.028301062062382698,421.22186279296875,578.4498901367188,0.8085299134254456,0.1269422024488449,0.06427673995494843
/tmp/drone_acoustic_2026w14_phase1_downloads/raw/crema_d/audios/1083_IEO_FEA_MD.wav,FEA,emergency,emergency,0.036806974560022354,339.5373229980469,482.687744140625,0.8091239929199219,0.15971413254737854,0.031142758205533028
/tmp/drone_acoustic_2026w14_phase1_downloads/raw/crema_d/audios/1083_IEO_NEU_XX.wav,NEU,normal,normal,0.049966778606176376,412.3061828613281,553.8146362304688,0.7106060981750488,0.24126708507537842,0.04811397194862366
/tmp/drone_acoustic_2026w14_phase1_downloads/raw/crema_d/audios/1083_IOM_ANG_XX.wav,ANG,emergency,emergency,0.04385139048099518,397.13250732421875,442.70440673828125,0.8123820424079895,0.17023691534996033,0.017376910895109177
/tmp/drone_acoustic_2026w14_phase1_downloads/raw/crema_d/audios/1083_IOM_FEA_XX.wav,FEA,emergency,emergency,0.010144740343093872,262.795654296875,409.4532775878906,0.9521848559379578,0.0407244972884655,0.007079259492456913
/tmp/drone_acoustic_2026w14_phase1_downloads/raw/crema_d/audios/1083_IOM_NEU_XX.wav,NEU,normal,normal,0.03362966328859329,469.9244079589844,586.31494140625,0.8528954386711121,0.13368773460388184,0.013399820774793625
/tmp/drone_acoustic_2026w14_phase1_downloads/raw/crema_d/audios/1083_ITH_ANG_XX.wav,ANG,emergency,emergency,0.18928442895412445,714.5111083984375,818.5260009765625,0.5375435948371887,0.4051586091518402,0.05725827440619469
/tmp/drone_acoustic_2026w14_phase1_downloads/raw/crema_d/audios/1083_ITH_FEA_XX.wav,FEA,emergency,emergency,0.09023834764957428,392.5864562988281,672.7299194335938,0.8178510069847107,0.12204018235206604,0.06006653979420662
/tmp/drone_acoustic_2026w14_phase1_downloads/raw/crema_d/audios/1083_ITH_NEU_XX.wav,NEU,normal,normal,0.051027268171310425,462.1446228027344,672.12353515625,0.7617697715759277,0.21539250016212463,0.022816333919763565
/tmp/drone_acoustic_2026w14_phase1_downloads/raw/crema_d/audios/1083_ITS_ANG_XX.wav,ANG,emergency,emergency,0.058574751019477844,1375.920166015625,900.5765380859375,0.7049254775047302,0.21259672939777374,0.08223028481006622
/tmp/drone_acoustic_2026w14_phase1_downloads/raw/crema_d/audios/1083_ITS_FEA_XX.wav,FEA,emergency,emergency,0.05887233465909958,762.6326904296875,746.1362915039062,0.7665231227874756,0.04226287081837654,0.19100667536258698
/tmp/drone_acoustic_2026w14_phase1_downloads/raw/crema_d/audios/1083_ITS_NEU_XX.wav,NEU,normal,normal,0.05795760080218315,873.510986328125,840.8278198242188,0.8130058646202087,0.12020516395568848,0.06651408970355988
/tmp/drone_acoustic_2026w14_phase1_downloads/raw/crema_d/audios/1083_IWL_ANG_XX.wav,ANG,emergency,emergency,0.1250007301568985,479.8739929199219,533.0322875976562,0.5047288537025452,0.473518043756485,0.021742630749940872
/tmp/drone_acoustic_2026w14_phase1_downloads/raw/crema_d/audios/1083_IWL_FEA_XX.wav,FEA,emergency,emergency,0.028697647154331207,290.59906005859375,481.8895263671875,0.8784776329994202,0.10878714919090271,0.01270938478410244
/tmp/drone_acoustic_2026w14_phase1_downloads/raw/crema_d/audios/1083_IWL_NEU_XX.wav,NEU,normal,normal,0.06261368095874786,417.11492919921875,525.3651123046875,0.6991369128227234,0.2885079085826874,0.012342177331447601
/tmp/drone_acoustic_2026w14_phase1_downloads/raw/crema_d/audios/1083_IWW_ANG_XX.wav,ANG,emergency,emergency,0.14505961537361145,724.7959594726562,670.1703491210938,0.5584777593612671,0.21449777483940125,0.22687068581581116
/tmp/drone_acoustic_2026w14_phase1_downloads/raw/crema_d/audios/1083_IWW_FEA_XX.wav,FEA,emergency,emergency,0.15948347747325897,647.2529296875,791.2323608398438,0.6129398941993713,0.11725413054227829,0.26976484060287476
/tmp/drone_acoustic_2026w14_phase1_downloads/raw/crema_d/audios/1083_IWW_NEU_XX.wav,NEU,normal,normal,0.02099003456532955,459.7435607910156,579.0780639648438,0.8681722283363342,0.10644565522670746,0.0253024660050869
/tmp/drone_acoustic_2026w14_phase1_downloads/raw/crema_d/audios/1083_MTI_ANG_XX.wav,ANG,emergency,emergency,0.09237619489431381,530.44384765625,617.6956176757812,0.6993915438652039,0.261811763048172,0.03878035396337509
/tmp/drone_acoustic_2026w14_phase1_downloads/raw/crema_d/audios/1083_MTI_FEA_XX.wav,FEA,emergency,emergency,0.015089505352079868,330.3529357910156,403.00146484375,0.930953860282898,0.039547696709632874,0.029482826590538025
/tmp/drone_acoustic_2026w14_phase1_downloads/raw/crema_d/audios/1083_MTI_NEU_XX.wav,NEU,normal,normal,0.036530446261167526,410.913818359375,483.3456115722656,0.8446654081344604,0.13337118923664093,0.021954001858830452
/tmp/drone_acoustic_2026w14_phase1_downloads/raw/crema_d/audios/1083_TAI_ANG_XX.wav,ANG,emergency,emergency,0.1510230302810669,885.555419921875,803.8753662109375,0.5482168197631836,0.39575114846229553,0.056005679070949554
/tmp/drone_acoustic_2026w14_phase1_downloads/raw/crema_d/audios/1083_TAI_FEA_XX.wav,FEA,emergency,emergency,0.016806768253445625,586.3299560546875,626.7803955078125,0.9188858270645142,0.05135248228907585,0.029727544635534286
/tmp/drone_acoustic_2026w14_phase1_downloads/raw/crema_d/audios/1083_TAI_NEU_XX.wav,NEU,normal,normal,0.030167952179908752,553.8698120117188,702.9766235351562,0.8248458504676819,0.1581655591726303,0.016968928277492523
/tmp/drone_acoustic_2026w14_phase1_downloads/raw/crema_d/audios/1083_TIE_ANG_XX.wav,ANG,emergency,emergency,0.3093115985393524,641.63232421875,699.5945434570312,0.3819098472595215,0.532461404800415,0.08561693131923676
/tmp/drone_acoustic_2026w14_phase1_downloads/raw/crema_d/audios/1083_TIE_FEA_XX.wav,FEA,emergency,emergency,0.044204551726579666,438.0465393066406,637.6957397460938,0.8507276177406311,0.058223869651556015,0.09099265187978745
/tmp/drone_acoustic_2026w14_phase1_downloads/raw/crema_d/audios/1083_TIE_NEU_XX.wav,NEU,normal,normal,0.11459745466709137,731.5606689453125,929.261474609375,0.6056148409843445,0.28711238503456116,0.10710963606834412
/tmp/drone_acoustic_2026w14_phase1_downloads/raw/crema_d/audios/1083_TSI_ANG_XX.wav,ANG,emergency,emergency,0.19748090207576752,2248.09619140625,1063.0108642578125,0.3228285312652588,0.19758494198322296,0.47897499799728394
/tmp/drone_acoustic_2026w14_phase1_downloads/raw/crema_d/audios/1083_TSI_FEA_XX.wav,FEA,emergency,emergency,0.2573677897453308,1381.677490234375,978.9314575195312,0.3729987144470215,0.15243308246135712,0.4738467037677765
/tmp/drone_acoustic_2026w14_phase1_downloads/raw/crema_d/audios/1083_TSI_NEU_XX.wav,NEU,normal,normal,0.2955036163330078,1195.6192626953125,894.6718139648438,0.41738182306289673,0.3996630311012268,0.18179720640182495
/tmp/drone_acoustic_2026w14_phase1_downloads/raw/crema_d/audios/1083_WSI_ANG_XX.wav,ANG,emergency,emergency,0.22983567416667938,1446.8121337890625,902.64453125,0.45447978377342224,0.4430905282497406,0.10213662683963776
/tmp/drone_acoustic_2026w14_phase1_downloads/raw/crema_d/audios/1083_WSI_FEA_XX.wav,FEA,emergency,emergency,0.030529707670211792,476.876220703125,629.7073974609375,0.8659076690673828,0.040628764778375626,0.09338295459747314
/tmp/drone_acoustic_2026w14_phase1_downloads/raw/crema_d/audios/1083_WSI_NEU_XX.wav,NEU,normal,normal,0.16485019028186798,1041.8922119140625,893.1246337890625,0.4480007588863373,0.4513096511363983,0.0991070568561554
/tmp/drone_acoustic_2026w14_phase1_downloads/raw/crema_d/audios/1084_DFA_ANG_XX.wav,ANG,emergency,emergency,0.18297185003757477,648.556396484375,693.3815307617188,0.45499202609062195,0.49004194140434265,0.05495954304933548
/tmp/drone_acoustic_2026w14_phase1_downloads/raw/crema_d/audios/1084_DFA_FEA_XX.wav,FEA,emergency,emergency,0.05060046538710594,419.50225830078125,540.4183349609375,0.6679363250732422,0.29576584696769714,0.03626416623592377
/tmp/drone_acoustic_2026w14_phase1_downloads/raw/crema_d/audios/1084_DFA_NEU_XX.wav,NEU,normal,normal,0.07281328737735748,392.6261901855469,503.81219482421875,0.5091013312339783,0.4711347222328186,0.01974947191774845
/tmp/drone_acoustic_2026w14_phase1_downloads/raw/crema_d/audios/1084_IEO_ANG_HI.wav,ANG,emergency,emergency,0.5603311657905579,832.8733520507812,856.7239990234375,0.31238237023353577,0.5571991801261902,0.13032394647598267
/tmp/drone_acoustic_2026w14_phase1_downloads/raw/crema_d/audios/1084_IEO_ANG_LO.wav,ANG,emergency,emergency,0.1573205441236496,560.6882934570312,590.46533203125,0.4441995322704315,0.5301437973976135,0.025634855031967163
/tmp/drone_acoustic_2026w14_phase1_downloads/raw/crema_d/audios/1084_IEO_ANG_MD.wav,ANG,emergency,emergency,0.1687946617603302,636.467041015625,625.2609252929688,0.5146855711936951,0.4655816853046417,0.019713329151272774
/tmp/drone_acoustic_2026w14_phase1_downloads/raw/crema_d/audios/1084_IEO_FEA_HI.wav,FEA,emergency,emergency,0.06096135452389717,624.0365600585938,650.0299682617188,0.7100520133972168,0.23757049441337585,0.05204746499657631
/tmp/drone_acoustic_2026w14_phase1_downloads/raw/crema_d/audios/1084_IEO_FEA_LO.wav,FEA,emergency,emergency,0.028113950043916702,350.2109680175781,520.9994506835938,0.8693148493766785,0.10836829990148544,0.02224155329167843
/tmp/drone_acoustic_2026w14_phase1_downloads/raw/crema_d/audios/1084_IEO_FEA_MD.wav,FEA,emergency,emergency,0.016894152387976646,302.917236328125,492.0815124511719,0.9269835948944092,0.05217832326889038,0.020788021385669708
/tmp/drone_acoustic_2026w14_phase1_downloads/raw/crema_d/audios/1084_IEO_NEU_XX.wav,NEU,normal,normal,0.08000156283378601,541.9060668945312,586.2703857421875,0.5813844203948975,0.37969398498535156,0.038748160004615784
/tmp/drone_acoustic_2026w14_phase1_downloads/raw/crema_d/audios/1084_IOM_ANG_XX.wav,ANG,emergency,emergency,0.4544507563114166,590.7137451171875,558.52490234375,0.3828584849834442,0.559482991695404,0.05765124037861824
/tmp/drone_acoustic_2026w14_phase1_downloads/raw/crema_d/audios/1084_IOM_FEA_XX.wav,FEA,emergency,emergency,0.03212033212184906,261.9847717285156,331.1416015625,0.8149662613868713,0.17664997279644012,0.008379186503589153
/tmp/drone_acoustic_2026w14_phase1_downloads/raw/crema_d/audios/1084_IOM_NEU_XX.wav,NEU,normal,normal,0.16541129350662231,457.319091796875,508.2942199707031,0.6717864274978638,0.2974252998828888,0.030780604109168053
/tmp/drone_acoustic_2026w14_phase1_downloads/raw/crema_d/audios/1084_ITH_ANG_XX.wav,ANG,emergency,emergency,0.22705885767936707,576.7916870117188,710.5892333984375,0.47971153259277344,0.4830757975578308,0.03719783201813698
/tmp/drone_acoustic_2026w14_phase1_downloads/raw/crema_d/audios/1084_ITH_FEA_XX.wav,FEA,emergency,emergency,0.041794754564762115,378.81048583984375,522.5157470703125,0.8219472765922546,0.1476249396800995,0.030395817011594772
/tmp/drone_acoustic_2026w14_phase1_downloads/raw/crema_d/audios/1084_ITH_NEU_XX.wav,NEU,normal,normal,0.14374561607837677,585.8734741210938,671.1264038085938,0.5902925729751587,0.3607074022293091,0.04889001324772835
/tmp/drone_acoustic_2026w14_phase1_downloads/raw/crema_d/audios/1084_ITS_ANG_XX.wav,ANG,emergency,emergency,0.05994189903140068,1200.934326171875,918.6537475585938,0.7212865352630615,0.21790897846221924,0.060690563172101974
/tmp/drone_acoustic_2026w14_phase1_downloads/raw/crema_d/audios/1084_ITS_FEA_XX.wav,FEA,emergency,emergency,0.02362307347357273,590.7496948242188,589.8888549804688,0.8649095892906189,0.05323026329278946,0.0815383568406105
/tmp/drone_acoustic_2026w14_phase1_downloads/raw/crema_d/audios/1084_ITS_NEU_XX.wav,NEU,normal,normal,0.07595238834619522,723.697021484375,735.2517700195312,0.7370407581329346,0.20812495052814484,0.05471467971801758
/tmp/drone_acoustic_2026w14_phase1_downloads/raw/crema_d/audios/1084_IWL_ANG_XX.wav,ANG,emergency,emergency,0.15255951881408691,483.054443359375,492.275390625,0.6235847473144531,0.3404102027416229,0.035995665937662125
/tmp/drone_acoustic_2026w14_phase1_downloads/raw/crema_d/audios/1084_IWL_FEA_XX.wav,FEA,emergency,emergency,0.023754533380270004,318.71832275390625,425.2337646484375,0.7365263104438782,0.257676899433136,0.005780353210866451
/tmp/drone_acoustic_2026w14_phase1_downloads/raw/crema_d/audios/1084_IWL_NEU_XX.wav,NEU,normal,normal,0.13702821731567383,436.7047119140625,470.7686462402344,0.6069399118423462,0.36140796542167664,0.031646132469177246
/tmp/drone_acoustic_2026w14_phase1_downloads/raw/crema_d/audios/1084_IWW_ANG_XX.wav,ANG,emergency,emergency,0.14971327781677246,824.7828979492188,725.364990234375,0.5193129181861877,0.42846015095710754,0.052165355533361435
/tmp/drone_acoustic_2026w14_phase1_downloads/raw/crema_d/audios/1084_IWW_FEA_XX.wav,FEA,emergency,emergency,0.024250492453575134,455.046630859375,556.2796020507812,0.8002867698669434,0.13479769229888916,0.06478819251060486
/tmp/drone_acoustic_2026w14_phase1_downloads/raw/crema_d/audios/1084_IWW_NEU_XX.wav,NEU,normal,normal,0.05330539867281914,614.29345703125,616.6798095703125,0.6623104810714722,0.3188752233982086,0.018804248422384262
/tmp/drone_acoustic_2026w14_phase1_downloads/raw/crema_d/audios/1084_MTI_ANG_XX.wav,ANG,emergency,emergency,0.14386571943759918,483.9932861328125,529.8170776367188,0.6322885155677795,0.32454895973205566,0.04315565899014473
/tmp/drone_acoustic_2026w14_phase1_downloads/raw/crema_d/audios/1084_MTI_FEA_XX.wav,FEA,emergency,emergency,0.022653400897979736,334.1350402832031,441.6427307128906,0.8302637338638306,0.15513914823532104,0.01454847864806652
/tmp/drone_acoustic_2026w14_phase1_downloads/raw/crema_d/audios/1084_MTI_NEU_XX.wav,NEU,normal,normal,0.08883414417505264,430.5682067871094,478.7242126464844,0.7027020454406738,0.27336886525154114,0.02391926757991314
/tmp/drone_acoustic_2026w14_phase1_downloads/raw/crema_d/audios/1084_TAI_ANG_XX.wav,ANG,emergency,emergency,0.13826842606067657,811.612548828125,920.1867065429688,0.550909698009491,0.3722979724407196,0.07656625658273697
/tmp/drone_acoustic_2026w14_phase1_downloads/raw/crema_d/audios/1084_TAI_FEA_XX.wav,FEA,emergency,emergency,0.010593205690383911,289.62567138671875,390.90032958984375,0.7576578259468079,0.2301943004131317,0.012133199721574783
/tmp/drone_acoustic_2026w14_phase1_downloads/raw/crema_d/audios/1084_TAI_NEU_XX.wav,NEU,normal,normal,0.06799393892288208,668.3167724609375,710.3268432617188,0.7205450534820557,0.23461204767227173,0.0448141023516655
/tmp/drone_acoustic_2026w14_phase1_downloads/raw/crema_d/audios/1084_TIE_ANG_XX.wav,ANG,emergency,emergency,0.4748895764350891,758.8197631835938,767.9847412109375,0.4220157563686371,0.47422710061073303,0.10373032838106155
/tmp/drone_acoustic_2026w14_phase1_downloads/raw/crema_d/audios/1084_TIE_FEA_XX.wav,FEA,emergency,emergency,0.023014096543192863,405.094482421875,575.2417602539062,0.8134855628013611,0.16409054398536682,0.022360103204846382
/tmp/drone_acoustic_2026w14_phase1_downloads/raw/crema_d/audios/1084_TIE_NEU_XX.wav,NEU,normal,normal,0.1380613148212433,523.5278930664062,653.147705078125,0.6338465213775635,0.3368876874446869,0.029230386018753052
/tmp/drone_acoustic_2026w14_phase1_downloads/raw/crema_d/audios/1084_TSI_ANG_XX.wav,ANG,emergency,emergency,0.11003850400447845,1488.2427978515625,1044.7574462890625,0.584406316280365,0.22992463409900665,0.18461208045482635
/tmp/drone_acoustic_2026w14_phase1_downloads/raw/crema_d/audios/1084_TSI_FEA_XX.wav,FEA,emergency,emergency,0.07753130048513412,1301.2821044921875,993.4154663085938,0.6162555813789368,0.04993058741092682,0.33165907859802246
/tmp/drone_acoustic_2026w14_phase1_downloads/raw/crema_d/audios/1084_TSI_NEU_XX.wav,NEU,normal,normal,0.0735556036233902,1252.0364990234375,962.491943359375,0.5031853318214417,0.31329020857810974,0.18301093578338623
/tmp/drone_acoustic_2026w14_phase1_downloads/raw/crema_d/audios/1084_WSI_ANG_XX.wav,ANG,emergency,emergency,0.2653956413269043,1204.4854736328125,771.2214965820312,0.542216420173645,0.3972421884536743,0.060344453901052475
/tmp/drone_acoustic_2026w14_phase1_downloads/raw/crema_d/audios/1084_WSI_FEA_XX.wav,FEA,emergency,emergency,0.04091992229223251,715.872314453125,616.6368408203125,0.7099305987358093,0.19599489867687225,0.09346255660057068
/tmp/drone_acoustic_2026w14_phase1_downloads/raw/crema_d/audios/1084_WSI_NEU_XX.wav,NEU,normal,normal,0.23090225458145142,1150.25,846.8011474609375,0.5623458027839661,0.38514474034309387,0.0523875467479229
/tmp/drone_acoustic_2026w14_phase1_downloads/raw/crema_d/audios/1085_DFA_ANG_XX.wav,ANG,emergency,emergency,0.6374486684799194,1208.0023193359375,937.9299926757812,0.25892338156700134,0.5010137557983398,0.23998455703258514
/tmp/drone_acoustic_2026w14_phase1_downloads/raw/crema_d/audios/1085_DFA_FEA_XX.wav,FEA,emergency,emergency,0.1456417292356491,439.93316650390625,518.9130249023438,0.5066950917243958,0.414425253868103,0.07886426150798798
/tmp/drone_acoustic_2026w14_phase1_downloads/raw/crema_d/audios/1085_DFA_NEU_XX.wav,NEU,normal,normal,0.13489234447479248,586.6797485351562,705.884033203125,0.606582760810852,0.33965781331062317,0.053623177111148834
/tmp/drone_acoustic_2026w14_phase1_downloads/raw/crema_d/audios/1085_IEO_ANG_HI.wav,ANG,emergency,emergency,0.4539142847061157,1307.7552490234375,1103.9315185546875,0.1622486114501953,0.6324506998062134,0.20526830852031708
/tmp/drone_acoustic_2026w14_phase1_downloads/raw/crema_d/audios/1085_IEO_ANG_LO.wav,ANG,emergency,emergency,0.23376315832138062,713.878173828125,699.8775024414062,0.24053946137428284,0.7160792350769043,0.04333345219492912
/tmp/drone_acoustic_2026w14_phase1_downloads/raw/crema_d/audios/1085_IEO_ANG_MD.wav,ANG,emergency,emergency,0.43017715215682983,740.587646484375,756.94384765625,0.31060487031936646,0.5443699955940247,0.1450183242559433
/tmp/drone_acoustic_2026w14_phase1_downloads/raw/crema_d/audios/1085_IEO_FEA_HI.wav,FEA,emergency,emergency,0.23089854419231415,692.1436157226562,673.65673828125,0.2830323874950409,0.6624657511711121,0.05447161942720413
/tmp/drone_acoustic_2026w14_phase1_downloads/raw/crema_d/audios/1085_IEO_FEA_LO.wav,FEA,emergency,emergency,0.04553383216261864,367.2466125488281,479.3481140136719,0.7863138914108276,0.18850012123584747,0.025140129029750824
/tmp/drone_acoustic_2026w14_phase1_downloads/raw/crema_d/audios/1085_IEO_FEA_MD.wav,FEA,emergency,emergency,0.04288829118013382,353.28851318359375,462.4626159667969,0.7266033887863159,0.2281154841184616,0.045227229595184326
/tmp/drone_acoustic_2026w14_phase1_downloads/raw/crema_d/audios/1085_IEO_NEU_XX.wav,NEU,normal,normal,0.0605250708758831,398.259765625,514.5263671875,0.7016371488571167,0.2709432542324066,0.02734900265932083
/tmp/drone_acoustic_2026w14_phase1_downloads/raw/crema_d/audios/1085_IOM_ANG_XX.wav,ANG,emergency,emergency,0.3784555494785309,643.3395385742188,648.3943481445312,0.5119016170501709,0.2845006287097931,0.20358769595623016
/tmp/drone_acoustic_2026w14_phase1_downloads/raw/crema_d/audios/1085_IOM_FEA_XX.wav,FEA,emergency,emergency,0.027750149369239807,216.02342224121094,310.8470458984375,0.9116657972335815,0.08288080990314484,0.005434608552604914
/tmp/drone_acoustic_2026w14_phase1_downloads/raw/crema_d/audios/1085_IOM_NEU_XX.wav,NEU,normal,normal,0.1013074442744255,368.0986328125,412.14801025390625,0.7922347187995911,0.1532820761203766,0.05447670817375183
/tmp/drone_acoustic_2026w14_phase1_downloads/raw/crema_d/audios/1085_ITH_ANG_XX.wav,ANG,emergency,emergency,0.8904367685317993,1090.993408203125,977.150146484375,0.22689156234264374,0.5552675127983093,0.21782326698303223
/tmp/drone_acoustic_2026w14_phase1_downloads/raw/crema_d/audios/1085_ITH_FEA_XX.wav,FEA,emergency,emergency,0.06522513926029205,361.0626220703125,519.5407104492188,0.7926335334777832,0.1545809805393219,0.052700918167829514
/tmp/drone_acoustic_2026w14_phase1_downloads/raw/crema_d/audios/1085_ITH_NEU_XX.wav,NEU,normal,normal,0.2101774513721466,524.9546508789062,573.2606201171875,0.4789065718650818,0.413804292678833,0.10727890580892563
/tmp/drone_acoustic_2026w14_phase1_downloads/raw/crema_d/audios/1085_ITS_ANG_XX.wav,ANG,emergency,emergency,0.5896989703178406,1346.54296875,910.5986938476562,0.3211756646633148,0.35491588711738586,0.32339537143707275
/tmp/drone_acoustic_2026w14_phase1_downloads/raw/crema_d/audios/1085_ITS_FEA_XX.wav,FEA,emergency,emergency,0.13039404153823853,724.2557373046875,684.4833984375,0.7133141756057739,0.09016721695661545,0.19639986753463745
/tmp/drone_acoustic_2026w14_phase1_downloads/raw/crema_d/audios/1085_ITS_NEU_XX.wav,NEU,normal,normal,0.25449109077453613,995.9764404296875,859.4183349609375,0.5370839834213257,0.2004614621400833,0.2623905837535858
/tmp/drone_acoustic_2026w14_phase1_downloads/raw/crema_d/audios/1085_IWL_ANG_XX.wav,ANG,emergency,emergency,0.532615602016449,795.9640502929688,722.3724365234375,0.33364084362983704,0.5246449112892151,0.14169535040855408
/tmp/drone_acoustic_2026w14_phase1_downloads/raw/crema_d/audios/1085_IWL_FEA_XX.wav,FEA,emergency,emergency,0.07127174735069275,357.0233154296875,416.82232666015625,0.676362931728363,0.31291982531547546,0.010701477527618408
/tmp/drone_acoustic_2026w14_phase1_downloads/raw/crema_d/audios/1085_IWL_NEU_XX.wav,NEU,normal,normal,0.13532163202762604,538.9336547851562,585.3600463867188,0.5535090565681458,0.41041216254234314,0.03604641184210777
/tmp/drone_acoustic_2026w14_phase1_downloads/raw/crema_d/audios/1085_IWW_ANG_XX.wav,ANG,emergency,emergency,0.1498497575521469,949.7821044921875,751.2930297851562,0.6910384297370911,0.22412167489528656,0.08476780354976654
/tmp/drone_acoustic_2026w14_phase1_downloads/raw/crema_d/audios/1085_IWW_FEA_XX.wav,FEA,emergency,emergency,0.1782841682434082,609.0125122070312,575.7623291015625,0.6725857853889465,0.09620131552219391,0.23108118772506714
/tmp/drone_acoustic_2026w14_phase1_downloads/raw/crema_d/audios/1085_IWW_NEU_XX.wav,NEU,normal,normal,0.10156146436929703,631.6520385742188,623.0943603515625,0.7560291290283203,0.17684884369373322,0.06697863340377808
/tmp/drone_acoustic_2026w14_phase1_downloads/raw/crema_d/audios/1085_MTI_ANG_XX.wav,ANG,emergency,emergency,0.2331515997648239,728.03857421875,696.9110717773438,0.44473573565483093,0.48452332615852356,0.07073672115802765
/tmp/drone_acoustic_2026w14_phase1_downloads/raw/crema_d/audios/1085_MTI_FEA_XX.wav,FEA,emergency,emergency,0.13038569688796997,396.53607177734375,476.57476806640625,0.5753852128982544,0.39970165491104126,0.024752505123615265
/tmp/drone_acoustic_2026w14_phase1_downloads/raw/crema_d/audios/1085_MTI_NEU_XX.wav,NEU,normal,normal,0.08623243123292923,582.6853637695312,523.9609985351562,0.5993126630783081,0.3122739791870117,0.08810457587242126
/tmp/drone_acoustic_2026w14_phase1_downloads/raw/crema_d/audios/1085_TAI_ANG_XX.wav,ANG,emergency,emergency,0.17641928791999817,986.2844848632812,831.2662353515625,0.26934754848480225,0.6045005321502686,0.12608227133750916
/tmp/drone_acoustic_2026w14_phase1_downloads/raw/crema_d/audios/1085_TAI_FEA_XX.wav,FEA,emergency,emergency,0.07053957134485245,569.8365478515625,646.7177124023438,0.819242000579834,0.10303658246994019,0.07758118212223053
/tmp/drone_acoustic_2026w14_phase1_downloads/raw/crema_d/audios/1085_TAI_NEU_XX.wav,NEU,normal,normal,0.08743646740913391,671.424560546875,690.527099609375,0.7110889554023743,0.16898031532764435,0.11901603639125824
/tmp/drone_acoustic_2026w14_phase1_downloads/raw/crema_d/audios/1085_TIE_ANG_XX.wav,ANG,emergency,emergency,0.7704200744628906,760.5709228515625,702.893310546875,0.2935345768928528,0.5644782781600952,0.1419203281402588
/tmp/drone_acoustic_2026w14_phase1_downloads/raw/crema_d/audios/1085_TIE_FEA_XX.wav,FEA,emergency,emergency,0.042015910148620605,270.0521240234375,446.4615783691406,0.7601282596588135,0.21763305366039276,0.022185441106557846
/tmp/drone_acoustic_2026w14_phase1_downloads/raw/crema_d/audios/1085_TIE_NEU_XX.wav,NEU,normal,normal,0.13896800577640533,439.5887756347656,536.9584350585938,0.5298342704772949,0.41526755690574646,0.05488469451665878
/tmp/drone_acoustic_2026w14_phase1_downloads/raw/crema_d/audios/1085_TSI_ANG_XX.wav,ANG,emergency,emergency,0.5041787028312683,1588.46044921875,912.178466796875,0.3265227973461151,0.3620317578315735,0.31079596281051636
/tmp/drone_acoustic_2026w14_phase1_downloads/raw/crema_d/audios/1085_TSI_FEA_XX.wav,FEA,emergency,emergency,0.15972743928432465,1404.389892578125,955.431884765625,0.5264747738838196,0.16229800879955292,0.3097027838230133
/tmp/drone_acoustic_2026w14_phase1_downloads/raw/crema_d/audios/1085_TSI_NEU_XX.wav,NEU,normal,normal,0.25626569986343384,1528.0400390625,1052.36865234375,0.37377995252609253,0.1762072741985321,0.4491579532623291
/tmp/drone_acoustic_2026w14_phase1_downloads/raw/crema_d/audios/1085_WSI_ANG_XX.wav,ANG,emergency,emergency,0.8828220963478088,1613.2703857421875,861.1104125976562,0.18460531532764435,0.5081947445869446,0.3064711093902588
/tmp/drone_acoustic_2026w14_phase1_downloads/raw/crema_d/audios/1085_WSI_FEA_XX.wav,FEA,emergency,emergency,0.1336439549922943,678.927734375,653.8838500976562,0.5608204007148743,0.3567435145378113,0.08229139447212219
/tmp/drone_acoustic_2026w14_phase1_downloads/raw/crema_d/audios/1085_WSI_NEU_XX.wav,NEU,normal,normal,0.2577269673347473,1066.430908203125,750.6199340820312,0.34095528721809387,0.4910261631011963,0.16739897429943085
/tmp/drone_acoustic_2026w14_phase1_downloads/raw/crema_d/audios/1086_DFA_ANG_XX.wav,ANG,emergency,emergency,0.5164470076560974,860.1588134765625,728.9186401367188,0.32524317502975464,0.5211150646209717,0.15357258915901184
/tmp/drone_acoustic_2026w14_phase1_downloads/raw/crema_d/audios/1086_DFA_FEA_XX.wav,FEA,emergency,emergency,0.29863667488098145,371.2156677246094,463.4739990234375,0.4425497353076935,0.5010718107223511,0.05637391656637192
/tmp/drone_acoustic_2026w14_phase1_downloads/raw/crema_d/audios/1086_DFA_NEU_XX.wav,NEU,normal,normal,0.0760267823934555,502.4178161621094,621.84765625,0.6771187782287598,0.296777606010437,0.026087187230587006
/tmp/drone_acoustic_2026w14_phase1_downloads/raw/crema_d/audios/1086_IEO_ANG_HI.wav,ANG,emergency,emergency,0.6314448118209839,937.181884765625,795.6571044921875,0.4145739674568176,0.4228437542915344,0.16253148019313812
/tmp/drone_acoustic_2026w14_phase1_downloads/raw/crema_d/audios/1086_IEO_ANG_LO.wav,ANG,emergency,emergency,0.18684828281402588,669.52294921875,651.6798706054688,0.5175808668136597,0.3913215100765228,0.09108853340148926
/tmp/drone_acoustic_2026w14_phase1_downloads/raw/crema_d/audios/1086_IEO_ANG_MD.wav,ANG,emergency,emergency,0.28292855620384216,888.8038940429688,743.0258178710938,0.3456353545188904,0.5759081840515137,0.07843663543462753
/tmp/drone_acoustic_2026w14_phase1_downloads/raw/crema_d/audios/1086_IEO_FEA_HI.wav,FEA,emergency,emergency,0.47965866327285767,703.4041137695312,642.2595825195312,0.32790157198905945,0.6026129126548767,0.06948202103376389
/tmp/drone_acoustic_2026w14_phase1_downloads/raw/crema_d/audios/1086_IEO_FEA_LO.wav,FEA,emergency,emergency,0.0800972580909729,412.2292785644531,491.8350524902344,0.6061264276504517,0.3738510310649872,0.020015710964798927
/tmp/drone_acoustic_2026w14_phase1_downloads/raw/crema_d/audios/1086_IEO_FEA_MD.wav,FEA,emergency,emergency,0.049035076051950455,475.6958923339844,646.04443359375,0.5610431432723999,0.41646963357925415,0.022469086572527885
/tmp/drone_acoustic_2026w14_phase1_downloads/raw/crema_d/audios/1086_IEO_NEU_XX.wav,NEU,normal,normal,0.07807037234306335,336.1125793457031,373.3306579589844,0.4544903635978699,0.5237137079238892,0.021791204810142517
/tmp/drone_acoustic_2026w14_phase1_downloads/raw/crema_d/audios/1086_IOM_ANG_XX.wav,ANG,emergency,emergency,0.2631593644618988,633.28125,612.2186889648438,0.5540652871131897,0.3041142225265503,0.1418125033378601
/tmp/drone_acoustic_2026w14_phase1_downloads/raw/crema_d/audios/1086_IOM_FEA_XX.wav,FEA,emergency,emergency,0.0564335435628891,286.45770263671875,321.28289794921875,0.7806508541107178,0.1927935630083084,0.026554513722658157
/tmp/drone_acoustic_2026w14_phase1_downloads/raw/crema_d/audios/1086_IOM_NEU_XX.wav,NEU,normal,normal,0.09587573260068893,420.0292663574219,422.39898681640625,0.7493279576301575,0.2048276960849762,0.04584378004074097
/tmp/drone_acoustic_2026w14_phase1_downloads/raw/crema_d/audios/1086_ITH_ANG_XX.wav,ANG,emergency,emergency,0.22030703723430634,753.2704467773438,719.433837890625,0.3567352890968323,0.596323549747467,0.04692717269062996
/tmp/drone_acoustic_2026w14_phase1_downloads/raw/crema_d/audios/1086_ITH_FEA_XX.wav,FEA,emergency,emergency,0.2164188027381897,518.4981079101562,560.4182739257812,0.407005250453949,0.5368115901947021,0.05617443099617958
/tmp/drone_acoustic_2026w14_phase1_downloads/raw/crema_d/audios/1086_ITH_NEU_XX.wav,NEU,normal,normal,0.1581312119960785,488.2252502441406,615.091552734375,0.5774345397949219,0.3541863262653351,0.06835919618606567
/tmp/drone_acoustic_2026w14_phase1_downloads/raw/crema_d/audios/1086_ITS_ANG_XX.wav,ANG,emergency,emergency,0.14692600071430206,1048.68701171875,842.98095703125,0.6089414358139038,0.2820960581302643,0.10889263451099396
/tmp/drone_acoustic_2026w14_phase1_downloads/raw/crema_d/audios/1086_ITS_FEA_XX.wav,FEA,emergency,emergency,0.07374096661806107,657.586669921875,665.1657104492188,0.7753116488456726,0.15157869458198547,0.07297655194997787
/tmp/drone_acoustic_2026w14_phase1_downloads/raw/crema_d/audios/1086_ITS_NEU_XX.wav,NEU,normal,normal,0.14056596159934998,572.2823486328125,556.9651489257812,0.5753101110458374,0.31439220905303955,0.11006532609462738
/tmp/drone_acoustic_2026w14_phase1_downloads/raw/crema_d/audios/1086_IWL_ANG_XX.wav,ANG,emergency,emergency,0.06173916906118393,573.9222412109375,518.0315551757812,0.6037551164627075,0.3787032663822174,0.01753963902592659
/tmp/drone_acoustic_2026w14_phase1_downloads/raw/crema_d/audios/1086_IWL_FEA_XX.wav,FEA,emergency,emergency,0.03785077482461929,335.047119140625,350.0399475097656,0.6494696736335754,0.34470051527023315,0.005828876979649067
/tmp/drone_acoustic_2026w14_phase1_downloads/raw/crema_d/audios/1086_IWL_NEU_XX.wav,NEU,normal,normal,0.04783795028924942,403.0579528808594,405.84759521484375,0.7624577283859253,0.21479104459285736,0.022748352959752083
/tmp/drone_acoustic_2026w14_phase1_downloads/raw/crema_d/audios/1086_IWW_ANG_XX.wav,ANG,emergency,emergency,0.11729403585195541,826.2863159179688,633.8916015625,0.6748075485229492,0.26319119334220886,0.06197088211774826
/tmp/drone_acoustic_2026w14_phase1_downloads/raw/crema_d/audios/1086_IWW_FEA_XX.wav,FEA,emergency,emergency,0.029268529266119003,402.7259216308594,469.03326416015625,0.8134481310844421,0.15540450811386108,0.031127873808145523
/tmp/drone_acoustic_2026w14_phase1_downloads/raw/crema_d/audios/1086_IWW_NEU_XX.wav,NEU,normal,normal,0.04945346340537071,570.581298828125,504.6962890625,0.7303671836853027,0.24083617329597473,0.028793182224035263
/tmp/drone_acoustic_2026w14_phase1_downloads/raw/crema_d/audios/1086_MTI_ANG_XX.wav,ANG,emergency,emergency,0.09502601623535156,529.8047485351562,496.64080810546875,0.4815971255302429,0.49140241742134094,0.026994377374649048
/tmp/drone_acoustic_2026w14_phase1_downloads/raw/crema_d/audios/1086_MTI_FEA_XX.wav,FEA,emergency,emergency,0.0458877794444561,409.4355163574219,431.24847412109375,0.6503202319145203,0.3371428847312927,0.012532909400761127
/tmp/drone_acoustic_2026w14_phase1_downloads/raw/crema_d/audios/1086_MTI_NEU_XX.wav,NEU,normal,normal,0.056063417345285416,393.78619384765625,397.9640808105469,0.7114864587783813,0.25686267018318176,0.03164667636156082
/tmp/drone_acoustic_2026w14_phase1_downloads/raw/crema_d/audios/1086_TAI_ANG_XX.wav,ANG,emergency,emergency,0.06747125089168549,956.8379516601562,799.8641357421875,0.5549763441085815,0.38929232954978943,0.05572381615638733
/tmp/drone_acoustic_2026w14_phase1_downloads/raw/crema_d/audios/1086_TAI_FEA_XX.wav,FEA,emergency,emergency,0.030266016721725464,683.7462768554688,662.2061767578125,0.7843173742294312,0.18517564237117767,0.030490918084979057
/tmp/drone_acoustic_2026w14_phase1_downloads/raw/crema_d/audios/1086_TAI_NEU_XX.wav,NEU,normal,normal,0.06834077835083008,691.8754272460938,704.634033203125,0.683968186378479,0.26259103417396545,0.05337829142808914
/tmp/drone_acoustic_2026w14_phase1_downloads/raw/crema_d/audios/1086_TIE_ANG_XX.wav,ANG,emergency,emergency,0.7110706567764282,1266.5941162109375,925.6958618164062,0.1784612238407135,0.6628957986831665,0.1586264669895172
/tmp/drone_acoustic_2026w14_phase1_downloads/raw/crema_d/audios/1086_TIE_FEA_XX.wav,FEA,emergency,emergency,0.22661066055297852,658.2885131835938,604.1726684570312,0.34585684537887573,0.5631794333457947,0.09094569832086563
/tmp/drone_acoustic_2026w14_phase1_downloads/raw/crema_d/audios/1086_TIE_NEU_XX.wav,NEU,normal,normal,0.12962178885936737,421.6329040527344,535.5668334960938,0.7047159671783447,0.22134587168693542,0.07393097132444382
/tmp/drone_acoustic_2026w14_phase1_downloads/raw/crema_d/audios/1086_TSI_ANG_XX.wav,ANG,emergency,emergency,0.18864190578460693,2094.866455078125,970.7892456054688,0.43308958411216736,0.12187033146619797,0.4435987174510956
/tmp/drone_acoustic_2026w14_phase1_downloads/raw/crema_d/audios/1086_TSI_FEA_XX.wav,FEA,emergency,emergency,1.1814159154891968,1520.23291015625,967.6338500976562,0.1721000224351883,0.32494720816612244,0.5027202367782593
/tmp/drone_acoustic_2026w14_phase1_downloads/raw/crema_d/audios/1086_TSI_NEU_XX.wav,NEU,normal,normal,0.2022233009338379,1432.391845703125,869.0234375,0.6025159955024719,0.14748217165470123,0.2498602718114853
/tmp/drone_acoustic_2026w14_phase1_downloads/raw/crema_d/audios/1086_WSI_ANG_XX.wav,ANG,emergency,emergency,0.38992050290107727,1559.8560791015625,824.038818359375,0.17052732408046722,0.6411406993865967,0.18790660798549652
/tmp/drone_acoustic_2026w14_phase1_downloads/raw/crema_d/audios/1086_WSI_FEA_XX.wav,FEA,emergency,emergency,0.23483340442180634,831.4446411132812,573.9797973632812,0.3415876626968384,0.5646418333053589,0.09359601885080338
/tmp/drone_acoustic_2026w14_phase1_downloads/raw/crema_d/audios/1086_WSI_NEU_XX.wav,NEU,normal,normal,0.18547481298446655,921.3087158203125,739.8676147460938,0.44656065106391907,0.4407460391521454,0.1125379204750061
/tmp/drone_acoustic_2026w14_phase1_downloads/raw/crema_d/audios/1087_DFA_ANG_XX.wav,ANG,emergency,emergency,0.09995736181735992,759.5872192382812,717.9635620117188,0.5822895169258118,0.3929674029350281,0.024731099605560303
/tmp/drone_acoustic_2026w14_phase1_downloads/raw/crema_d/audios/1087_DFA_FEA_XX.wav,FEA,emergency,emergency,0.09611207246780396,465.6609191894531,600.4293823242188,0.8592655658721924,0.07258761674165726,0.06803812831640244
/tmp/drone_acoustic_2026w14_phase1_downloads/raw/crema_d/audios/1087_DFA_NEU_XX.wav,NEU,normal,normal,0.04464563727378845,269.9953918457031,406.713623046875,0.8566933870315552,0.13094134628772736,0.012355083599686623
/tmp/drone_acoustic_2026w14_phase1_downloads/raw/crema_d/audios/1087_IEO_ANG_HI.wav,ANG,emergency,emergency,0.4378288984298706,904.4390869140625,773.7762451171875,0.3983592689037323,0.49230533838272095,0.10929486900568008
/tmp/drone_acoustic_2026w14_phase1_downloads/raw/crema_d/audios/1087_IEO_ANG_LO.wav,ANG,emergency,emergency,0.01791592873632908,349.14080810546875,438.4068603515625,0.7773789167404175,0.2057766616344452,0.016827594488859177
/tmp/drone_acoustic_2026w14_phase1_downloads/raw/crema_d/audios/1087_IEO_ANG_MD.wav,ANG,emergency,emergency,0.026584157720208168,511.3231201171875,518.7415161132812,0.5375827550888062,0.4442739486694336,0.018104897812008858
/tmp/drone_acoustic_2026w14_phase1_downloads/raw/crema_d/audios/1087_IEO_FEA_HI.wav,FEA,emergency,emergency,0.0836661234498024,601.5968017578125,616.0698852539062,0.33473753929138184,0.6440422534942627,0.021188857033848763
/tmp/drone_acoustic_2026w14_phase1_downloads/raw/crema_d/audios/1087_IEO_FEA_LO.wav,FEA,emergency,emergency,0.028026970103383064,373.5408630371094,457.4306945800781,0.7878732681274414,0.19882901012897491,0.013290331698954105
/tmp/drone_acoustic_2026w14_phase1_downloads/raw/crema_d/audios/1087_IEO_FEA_MD.wav,FEA,emergency,emergency,0.08718433231115341,511.4824523925781,564.4219970703125,0.7301151156425476,0.22137869894504547,0.04836336150765419
/tmp/drone_acoustic_2026w14_phase1_downloads/raw/crema_d/audios/1087_IEO_NEU_XX.wav,NEU,normal,normal,0.01218539196997881,288.6177978515625,339.1808776855469,0.8951100707054138,0.0964820384979248,0.00838759820908308
/tmp/drone_acoustic_2026w14_phase1_downloads/raw/crema_d/audios/1087_IOM_ANG_XX.wav,ANG,emergency,emergency,0.021875275298953056,402.98895263671875,422.8435363769531,0.5350331664085388,0.45365262031555176,0.01129117701202631
/tmp/drone_acoustic_2026w14_phase1_downloads/raw/crema_d/audios/1087_IOM_FEA_XX.wav,FEA,emergency,emergency,0.013263851404190063,254.7021942138672,284.92205810546875,0.9125267863273621,0.08146175742149353,0.006006550509482622
/tmp/drone_acoustic_2026w14_phase1_downloads/raw/crema_d/audios/1087_IOM_NEU_XX.wav,NEU,normal,normal,0.01961623691022396,288.89117431640625,335.6363525390625,0.8545470237731934,0.13677158951759338,0.008677953854203224
/tmp/drone_acoustic_2026w14_phase1_downloads/raw/crema_d/audios/1087_ITH_ANG_XX.wav,ANG,emergency,emergency,0.04018033295869827,505.70709228515625,659.5908813476562,0.5914973616600037,0.38137978315353394,0.02710261568427086
/tmp/drone_acoustic_2026w14_phase1_downloads/raw/crema_d/audios/1087_ITH_FEA_XX.wav,FEA,emergency,emergency,0.053597837686538696,377.7805480957031,613.3574829101562,0.8681513667106628,0.09278854727745056,0.0390172079205513
/tmp/drone_acoustic_2026w14_phase1_downloads/raw/crema_d/audios/1087_ITH_NEU_XX.wav,NEU,normal,normal,0.020554061979055405,300.0879211425781,398.9537353515625,0.6984768509864807,0.294899582862854,0.0066086649894714355
/tmp/drone_acoustic_2026w14_phase1_downloads/raw/crema_d/audios/1087_ITS_ANG_XX.wav,ANG,emergency,emergency,0.06723931431770325,967.0352783203125,851.9032592773438,0.8059191107749939,0.13653729856014252,0.057407815009355545
/tmp/drone_acoustic_2026w14_phase1_downloads/raw/crema_d/audios/1087_ITS_FEA_XX.wav,FEA,emergency,emergency,0.11491858959197998,634.3504028320312,705.6701049804688,0.8455359935760498,0.02865767665207386,0.12531910836696625
/tmp/drone_acoustic_2026w14_phase1_downloads/raw/crema_d/audios/1087_ITS_NEU_XX.wav,NEU,normal,normal,0.04173361882567406,517.7511596679688,610.2581787109375,0.8443150520324707,0.12670622766017914,0.028876541182398796
/tmp/drone_acoustic_2026w14_phase1_downloads/raw/crema_d/audios/1087_IWL_ANG_XX.wav,ANG,emergency,emergency,0.019405918195843697,338.6659851074219,393.5321044921875,0.8518597483634949,0.14272218942642212,0.005411611404269934
/tmp/drone_acoustic_2026w14_phase1_downloads/raw/crema_d/audios/1087_IWL_FEA_XX.wav,FEA,emergency,emergency,0.028600184246897697,307.3605041503906,481.6210632324219,0.9087264537811279,0.07986187934875488,0.011377301998436451
/tmp/drone_acoustic_2026w14_phase1_downloads/raw/crema_d/audios/1087_IWL_NEU_XX.wav,NEU,normal,normal,0.02674119360744953,292.0091247558594,356.750244140625,0.6749358773231506,0.32047536969184875,0.00458353478461504
/tmp/drone_acoustic_2026w14_phase1_downloads/raw/crema_d/audios/1087_IWW_ANG_XX.wav,ANG,emergency,emergency,0.04663795232772827,506.6441955566406,514.0573120117188,0.7310375571250916,0.2389664202928543,0.029777448624372482
/tmp/drone_acoustic_2026w14_phase1_downloads/raw/crema_d/audios/1087_IWW_FEA_XX.wav,FEA,emergency,emergency,0.02981618046760559,381.76544189453125,546.0418701171875,0.9069017171859741,0.06309875100851059,0.02928537130355835
/tmp/drone_acoustic_2026w14_phase1_downloads/raw/crema_d/audios/1087_IWW_NEU_XX.wav,NEU,normal,normal,0.016906052827835083,402.152099609375,453.9129943847656,0.8569494485855103,0.12995103001594543,0.013048972003161907
/tmp/drone_acoustic_2026w14_phase1_downloads/raw/crema_d/audios/1087_MTI_ANG_XX.wav,ANG,emergency,emergency,0.0193159356713295,408.6564025878906,369.62530517578125,0.4087298512458801,0.5876854062080383,0.00357352988794446
/tmp/drone_acoustic_2026w14_phase1_downloads/raw/crema_d/audios/1087_MTI_FEA_XX.wav,FEA,emergency,emergency,0.013038674369454384,347.3993835449219,412.1702880859375,0.7284423112869263,0.2613305151462555,0.010215694084763527
/tmp/drone_acoustic_2026w14_phase1_downloads/raw/crema_d/audios/1087_MTI_NEU_XX.wav,NEU,normal,normal,0.017936717718839645,310.59490966796875,329.0313415527344,0.8607826232910156,0.13117632269859314,0.008031962439417839
/tmp/drone_acoustic_2026w14_phase1_downloads/raw/crema_d/audios/1087_TAI_ANG_XX.wav,ANG,emergency,emergency,0.07068847864866257,624.1210327148438,756.4425048828125,0.5293086767196655,0.4514843225479126,0.01917223073542118
/tmp/drone_acoustic_2026w14_phase1_downloads/raw/crema_d/audios/1087_TAI_FEA_XX.wav,FEA,emergency,emergency,0.01628369651734829,541.2783203125,563.7920532226562,0.8895615339279175,0.09833163768053055,0.012059476226568222
/tmp/drone_acoustic_2026w14_phase1_downloads/raw/crema_d/audios/1087_TAI_NEU_XX.wav,NEU,normal,normal,0.023631060495972633,319.57720947265625,426.1704406738281,0.8738308548927307,0.11712820827960968,0.009027578867971897
/tmp/drone_acoustic_2026w14_phase1_downloads/raw/crema_d/audios/1087_TIE_ANG_XX.wav,ANG,emergency,emergency,0.22701571881771088,713.3084106445312,676.6983642578125,0.4002465605735779,0.544684886932373,0.05505024269223213
/tmp/drone_acoustic_2026w14_phase1_downloads/raw/crema_d/audios/1087_TIE_FEA_XX.wav,FEA,emergency,emergency,0.12549889087677002,503.5284118652344,554.2141723632812,0.4853278696537018,0.48452651500701904,0.030102048069238663
/tmp/drone_acoustic_2026w14_phase1_downloads/raw/crema_d/audios/1087_TIE_NEU_XX.wav,NEU,normal,normal,0.0678277313709259,293.5260009765625,353.8305969238281,0.5301967859268188,0.4618493318557739,0.007941772229969501
/tmp/drone_acoustic_2026w14_phase1_downloads/raw/crema_d/audios/1087_TSI_ANG_XX.wav,ANG,emergency,emergency,0.7856463193893433,1194.57421875,880.767822265625,0.27734750509262085,0.4332713782787323,0.2893145978450775
/tmp/drone_acoustic_2026w14_phase1_downloads/raw/crema_d/audios/1087_TSI_FEA_XX.wav,FEA,emergency,emergency,0.6457016468048096,1049.992431640625,904.7992553710938,0.4946530759334564,0.054424259811639786,0.4496687650680542
/tmp/drone_acoustic_2026w14_phase1_downloads/raw/crema_d/audios/1087_TSI_NEU_XX.wav,NEU,normal,normal,0.10782239586114883,942.3494262695312,837.2684326171875,0.8445108532905579,0.047340139746665955,0.10801859200000763
/tmp/drone_acoustic_2026w14_phase1_downloads/raw/crema_d/audios/1087_WSI_ANG_XX.wav,ANG,emergency,emergency,0.11238063871860504,1100.69140625,689.3944091796875,0.5432053804397583,0.38151803612709045,0.07510524243116379
/tmp/drone_acoustic_2026w14_phase1_downloads/raw/crema_d/audios/1087_WSI_FEA_XX.wav,FEA,emergency,emergency,0.083102747797966,568.5703735351562,639.2896118164062,0.6684126257896423,0.2583717107772827,0.0731700137257576
/tmp/drone_acoustic_2026w14_phase1_downloads/raw/crema_d/audios/1087_WSI_NEU_XX.wav,NEU,normal,normal,0.03471778333187103,437.1805419921875,554.5112915039062,0.694164514541626,0.28399658203125,0.021782387048006058
/tmp/drone_acoustic_2026w14_phase1_downloads/raw/crema_d/audios/1088_DFA_ANG_XX.wav,ANG,emergency,emergency,0.0768498107790947,862.92431640625,911.17626953125,0.7069763541221619,0.26564639806747437,0.02735789120197296
/tmp/drone_acoustic_2026w14_phase1_downloads/raw/crema_d/audios/1088_DFA_FEA_XX.wav,FEA,emergency,emergency,0.06003657728433609,478.0649108886719,715.0332641601562,0.8868597149848938,0.05972202494740486,0.053382474929094315
/tmp/drone_acoustic_2026w14_phase1_downloads/raw/crema_d/audios/1088_DFA_NEU_XX.wav,NEU,normal,normal,0.03286568075418472,390.4170837402344,552.4310913085938,0.8724622130393982,0.11035098880529404,0.017144065350294113
/tmp/drone_acoustic_2026w14_phase1_downloads/raw/crema_d/audios/1088_IEO_ANG_HI.wav,ANG,emergency,emergency,0.6448138356208801,1074.9725341796875,950.5733032226562,0.2721853256225586,0.6163179874420166,0.11135020107030869
/tmp/drone_acoustic_2026w14_phase1_downloads/raw/crema_d/audios/1088_IEO_ANG_LO.wav,ANG,emergency,emergency,0.1850450485944748,585.9664916992188,622.2105102539062,0.5165033340454102,0.44551220536231995,0.037969425320625305
/tmp/drone_acoustic_2026w14_phase1_downloads/raw/crema_d/audios/1088_IEO_ANG_MD.wav,ANG,emergency,emergency,0.2659204304218292,783.9881591796875,739.7615966796875,0.44270047545433044,0.5082845687866211,0.04898381233215332
/tmp/drone_acoustic_2026w14_phase1_downloads/raw/crema_d/audios/1088_IEO_FEA_HI.wav,FEA,emergency,emergency,0.05353803187608719,723.1654663085938,846.1646118164062,0.7244064211845398,0.17866113781929016,0.09666639566421509
/tmp/drone_acoustic_2026w14_phase1_downloads/raw/crema_d/audios/1088_IEO_FEA_LO.wav,FEA,emergency,emergency,0.012459360994398594,210.34872436523438,358.7176818847656,0.9488479495048523,0.0438680425286293,0.007235262542963028
/tmp/drone_acoustic_2026w14_phase1_downloads/raw/crema_d/audios/1088_IEO_FEA_MD.wav,FEA,emergency,emergency,0.03499548137187958,242.00889587402344,419.0367431640625,0.9220283031463623,0.06672187149524689,0.01116604171693325
/tmp/drone_acoustic_2026w14_phase1_downloads/raw/crema_d/audios/1088_IEO_NEU_XX.wav,NEU,normal,normal,0.08253484964370728,409.4620666503906,498.64886474609375,0.7480365037918091,0.18342508375644684,0.06847923249006271
/tmp/drone_acoustic_2026w14_phase1_downloads/raw/crema_d/audios/1088_IOM_ANG_XX.wav,ANG,emergency,emergency,0.23737075924873352,697.4025268554688,701.5723266601562,0.4571264982223511,0.4690561890602112,0.07380122691392899
/tmp/drone_acoustic_2026w14_phase1_downloads/raw/crema_d/audios/1088_IOM_FEA_XX.wav,FEA,emergency,emergency,0.013720711693167686,536.2481689453125,677.8235473632812,0.6952769756317139,0.2822985053062439,0.022403819486498833
/tmp/drone_acoustic_2026w14_phase1_downloads/raw/crema_d/audios/1088_IOM_NEU_XX.wav,NEU,normal,normal,0.0335502102971077,448.5492248535156,466.3982238769531,0.8318902850151062,0.14892205595970154,0.019178247079253197
/tmp/drone_acoustic_2026w14_phase1_downloads/raw/crema_d/audios/1088_ITH_ANG_XX.wav,ANG,emergency,emergency,0.11485165357589722,507.49365234375,686.8201904296875,0.6128453612327576,0.3589656352996826,0.028144845739006996
/tmp/drone_acoustic_2026w14_phase1_downloads/raw/crema_d/audios/1088_ITH_FEA_XX.wav,FEA,emergency,emergency,0.044775914400815964,290.7846374511719,465.5918273925781,0.8716663718223572,0.09526889771223068,0.03293239697813988
/tmp/drone_acoustic_2026w14_phase1_downloads/raw/crema_d/audios/1088_ITH_NEU_XX.wav,NEU,normal,normal,0.10108106583356857,391.2980041503906,561.7549438476562,0.7391130328178406,0.2338975965976715,0.02689816802740097
/tmp/drone_acoustic_2026w14_phase1_downloads/raw/crema_d/audios/1088_ITS_ANG_XX.wav,ANG,emergency,emergency,0.17290744185447693,995.9843139648438,818.8131713867188,0.5397402048110962,0.34335190057754517,0.11683395504951477
/tmp/drone_acoustic_2026w14_phase1_downloads/raw/crema_d/audios/1088_ITS_FEA_XX.wav,FEA,emergency,emergency,0.21344895660877228,956.9483642578125,1031.041748046875,0.5790731906890869,0.05220026150345802,0.36783814430236816
/tmp/drone_acoustic_2026w14_phase1_downloads/raw/crema_d/audios/1088_ITS_NEU_XX.wav,NEU,normal,normal,0.15501560270786285,653.1769409179688,701.3585205078125,0.6609521508216858,0.194213405251503,0.1445218175649643
/tmp/drone_acoustic_2026w14_phase1_downloads/raw/crema_d/audios/1088_IWL_ANG_XX.wav,ANG,emergency,emergency,0.13972730934619904,452.3775634765625,523.8555297851562,0.5842102766036987,0.3967697322368622,0.019014766439795494
/tmp/drone_acoustic_2026w14_phase1_downloads/raw/crema_d/audios/1088_IWL_FEA_XX.wav,FEA,emergency,emergency,0.014117958955466747,212.44775390625,355.4812927246094,0.9346427321434021,0.057278990745544434,0.008045811206102371
/tmp/drone_acoustic_2026w14_phase1_downloads/raw/crema_d/audios/1088_IWL_NEU_XX.wav,NEU,normal,normal,0.1023266464471817,344.11029052734375,420.1258850097656,0.64020836353302,0.347781240940094,0.012002892792224884
/tmp/drone_acoustic_2026w14_phase1_downloads/raw/crema_d/audios/1088_IWW_ANG_XX.wav,ANG,emergency,emergency,0.10020125657320023,688.5701904296875,718.885498046875,0.7513675093650818,0.20428691804409027,0.04419224336743355
/tmp/drone_acoustic_2026w14_phase1_downloads/raw/crema_d/audios/1088_IWW_FEA_XX.wav,FEA,emergency,emergency,0.040131811052560806,334.7502136230469,423.6893005371094,0.8854451179504395,0.0808260589838028,0.03370816260576248
/tmp/drone_acoustic_2026w14_phase1_downloads/raw/crema_d/audios/1088_IWW_NEU_XX.wav,NEU,normal,normal,0.018857426941394806,371.49945068359375,460.8116149902344,0.8991988897323608,0.08943141251802444,0.01133775059133768
/tmp/drone_acoustic_2026w14_phase1_downloads/raw/crema_d/audios/1088_MTI_ANG_XX.wav,ANG,emergency,emergency,0.02356916107237339,577.3252563476562,578.1719360351562,0.6748300790786743,0.28921419382095337,0.03592076152563095
/tmp/drone_acoustic_2026w14_phase1_downloads/raw/crema_d/audios/1088_MTI_FEA_XX.wav,FEA,emergency,emergency,0.02786126546561718,399.8544006347656,446.8310852050781,0.9012623429298401,0.0575714074075222,0.0406317375600338
/tmp/drone_acoustic_2026w14_phase1_downloads/raw/crema_d/audios/1088_MTI_NEU_XX.wav,NEU,normal,normal,0.03504117205739021,438.89532470703125,449.84991455078125,0.7766003608703613,0.19802333414554596,0.025360573083162308
/tmp/drone_acoustic_2026w14_phase1_downloads/raw/crema_d/audios/1088_TAI_ANG_XX.wav,ANG,emergency,emergency,0.06147844344377518,915.3890380859375,860.86279296875,0.6281189918518066,0.19901403784751892,0.17239554226398468
/tmp/drone_acoustic_2026w14_phase1_downloads/raw/crema_d/audios/1088_TAI_FEA_XX.wav,FEA,emergency,emergency,0.027354437857866287,372.18243408203125,544.577392578125,0.9006395936012268,0.056105922907590866,0.04310848191380501
/tmp/drone_acoustic_2026w14_phase1_downloads/raw/crema_d/audios/1088_TAI_NEU_XX.wav,NEU,normal,normal,0.012424406595528126,545.766845703125,585.7454223632812,0.8354021906852722,0.1516384482383728,0.012906782329082489
/tmp/drone_acoustic_2026w14_phase1_downloads/raw/crema_d/audios/1088_TIE_ANG_XX.wav,ANG,emergency,emergency,0.3771091401576996,882.4469604492188,799.7066650390625,0.43631529808044434,0.39848360419273376,0.16517947614192963
/tmp/drone_acoustic_2026w14_phase1_downloads/raw/crema_d/audios/1088_TIE_FEA_XX.wav,FEA,emergency,emergency,0.05764828249812126,708.847900390625,780.8385009765625,0.6740925908088684,0.2531723082065582,0.07252863049507141
/tmp/drone_acoustic_2026w14_phase1_downloads/raw/crema_d/audios/1088_TIE_NEU_XX.wav,NEU,normal,normal,0.11618644744157791,413.0962219238281,545.1909790039062,0.7113834023475647,0.26050060987472534,0.02803974039852619
/tmp/drone_acoustic_2026w14_phase1_downloads/raw/crema_d/audios/1088_TSI_ANG_XX.wav,ANG,emergency,emergency,0.19189488887786865,1865.964111328125,990.248779296875,0.5587619543075562,0.1742536723613739,0.26670384407043457
/tmp/drone_acoustic_2026w14_phase1_downloads/raw/crema_d/audios/1088_TSI_FEA_XX.wav,FEA,emergency,emergency,0.0983169749379158,915.55712890625,730.9730834960938,0.6409680843353271,0.037634242326021194,0.320507287979126
/tmp/drone_acoustic_2026w14_phase1_downloads/raw/crema_d/audios/1088_TSI_NEU_XX.wav,NEU,normal,normal,0.0596221424639225,1291.8709716796875,869.187744140625,0.722065806388855,0.05285217985510826,0.2242695689201355
/tmp/drone_acoustic_2026w14_phase1_downloads/raw/crema_d/audios/1088_WSI_ANG_XX.wav,ANG,emergency,emergency,0.17882929742336273,1369.25537109375,796.320556640625,0.5192808508872986,0.33551985025405884,0.14515255391597748
/tmp/drone_acoustic_2026w14_phase1_downloads/raw/crema_d/audios/1088_WSI_FEA_XX.wav,FEA,emergency,emergency,0.06610877811908722,604.2719116210938,606.5188598632812,0.7275876402854919,0.09456656873226166,0.17758391797542572
/tmp/drone_acoustic_2026w14_phase1_downloads/raw/crema_d/audios/1088_WSI_NEU_XX.wav,NEU,normal,normal,0.03879816457629204,648.2835693359375,639.9617919921875,0.7456311583518982,0.1995314061641693,0.054415300488471985
/tmp/drone_acoustic_2026w14_phase1_downloads/raw/crema_d/audios/1089_DFA_ANG_XX.wav,ANG,emergency,emergency,1.8060537576675415,1127.9814453125,867.5880737304688,0.07670771330595016,0.6102441549301147,0.31301766633987427
/tmp/drone_acoustic_2026w14_phase1_downloads/raw/crema_d/audios/1089_DFA_FEA_XX.wav,FEA,emergency,emergency,0.1318606585264206,545.3818969726562,700.3578491210938,0.7555949091911316,0.16205371916294098,0.08213107287883759
/tmp/drone_acoustic_2026w14_phase1_downloads/raw/crema_d/audios/1089_DFA_NEU_XX.wav,NEU,normal,normal,0.32653942704200745,726.5045166015625,808.1929931640625,0.29670289158821106,0.6135063171386719,0.08976678550243378
/tmp/drone_acoustic_2026w14_phase1_downloads/raw/crema_d/audios/1089_IEO_ANG_HI.wav,ANG,emergency,emergency,3.687635898590088,1055.6202392578125,881.6099243164062,0.05507512018084526,0.8428048491477966,0.1021093875169754
/tmp/drone_acoustic_2026w14_phase1_downloads/raw/crema_d/audios/1089_IEO_ANG_LO.wav,ANG,emergency,emergency,0.6424294114112854,707.3855590820312,734.3357543945312,0.3961374759674072,0.5726976990699768,0.03110087476670742
/tmp/drone_acoustic_2026w14_phase1_downloads/raw/crema_d/audios/1089_IEO_ANG_MD.wav,ANG,emergency,emergency,0.8593949675559998,687.1289672851562,736.006591796875,0.13278904557228088,0.7992686033248901,0.06793397665023804
/tmp/drone_acoustic_2026w14_phase1_downloads/raw/crema_d/audios/1089_IEO_FEA_HI.wav,FEA,emergency,emergency,0.4041783809661865,794.2100830078125,779.0762939453125,0.30407801270484924,0.6161770224571228,0.07971883565187454
/tmp/drone_acoustic_2026w14_phase1_downloads/raw/crema_d/audios/1089_IEO_FEA_LO.wav,FEA,emergency,emergency,0.1316048949956894,611.4317626953125,738.8201293945312,0.5904091596603394,0.32718393206596375,0.08224260061979294
/tmp/drone_acoustic_2026w14_phase1_downloads/raw/crema_d/audios/1089_IEO_FEA_MD.wav,FEA,emergency,emergency,0.09655069559812546,409.72784423828125,557.6314086914062,0.7309481501579285,0.22435882687568665,0.044634390622377396
/tmp/drone_acoustic_2026w14_phase1_downloads/raw/crema_d/audios/1089_IEO_NEU_XX.wav,NEU,normal,normal,0.3502832353115082,557.2239990234375,553.5308227539062,0.3164140284061432,0.6357178688049316,0.04760688543319702
/tmp/drone_acoustic_2026w14_phase1_downloads/raw/crema_d/audios/1089_IOM_ANG_XX.wav,ANG,emergency,emergency,0.8371995091438293,1007.785400390625,875.6780395507812,0.40644246339797974,0.49881213903427124,0.0947032943367958
/tmp/drone_acoustic_2026w14_phase1_downloads/raw/crema_d/audios/1089_IOM_FEA_XX.wav,FEA,emergency,emergency,0.0651346743106842,338.3358154296875,470.49017333984375,0.9037593007087708,0.08446267247200012,0.011768108233809471
/tmp/drone_acoustic_2026w14_phase1_downloads/raw/crema_d/audios/1089_IOM_NEU_XX.wav,NEU,normal,normal,0.1819816529750824,420.70159912109375,504.8586730957031,0.6545460224151611,0.32149738073349,0.02394636906683445
/tmp/drone_acoustic_2026w14_phase1_downloads/raw/crema_d/audios/1089_ITH_ANG_XX.wav,ANG,emergency,emergency,2.331343173980713,1155.0462646484375,1059.2618408203125,0.14190438389778137,0.7507770657539368,0.1072615534067154
/tmp/drone_acoustic_2026w14_phase1_downloads/raw/crema_d/audios/1089_ITH_FEA_XX.wav,FEA,emergency,emergency,0.23808704316616058,587.2245483398438,774.8927612304688,0.58626788854599,0.35599568486213684,0.05759338289499283
/tmp/drone_acoustic_2026w14_phase1_downloads/raw/crema_d/audios/1089_ITH_NEU_XX.wav,NEU,normal,normal,0.32811281085014343,633.7019653320312,701.8247680664062,0.3855448067188263,0.4774199426174164,0.1370159238576889
/tmp/drone_acoustic_2026w14_phase1_downloads/raw/crema_d/audios/1089_ITS_ANG_XX.wav,ANG,emergency,emergency,0.4440150856971741,1287.1839599609375,963.8968505859375,0.5003080368041992,0.34984728693962097,0.14967207610607147
/tmp/drone_acoustic_2026w14_phase1_downloads/raw/crema_d/audios/1089_ITS_FEA_XX.wav,FEA,emergency,emergency,0.07974165678024292,962.6172485351562,1000.2568359375,0.7605241537094116,0.12211503088474274,0.11725233495235443
/tmp/drone_acoustic_2026w14_phase1_downloads/raw/crema_d/audios/1089_ITS_NEU_XX.wav,NEU,normal,normal,0.13548210263252258,1039.8887939453125,984.8261108398438,0.5233646035194397,0.3137297034263611,0.16274552047252655
/tmp/drone_acoustic_2026w14_phase1_downloads/raw/crema_d/audios/1089_IWL_ANG_XX.wav,ANG,emergency,emergency,0.7133822441101074,974.2694091796875,843.875,0.3899565637111664,0.546179473400116,0.06383834034204483
/tmp/drone_acoustic_2026w14_phase1_downloads/raw/crema_d/audios/1089_IWL_FEA_XX.wav,FEA,emergency,emergency,0.11954063922166824,526.8619995117188,686.99755859375,0.6840457320213318,0.2705684304237366,0.04525182023644447
/tmp/drone_acoustic_2026w14_phase1_downloads/raw/crema_d/audios/1089_IWL_NEU_XX.wav,NEU,normal,normal,0.39364945888519287,471.0641174316406,556.770751953125,0.48517459630966187,0.458906352519989,0.05591237172484398
/tmp/drone_acoustic_2026w14_phase1_downloads/raw/crema_d/audios/1089_IWW_ANG_XX.wav,ANG,emergency,emergency,2.0926475524902344,962.2152099609375,830.28466796875,0.13076816499233246,0.7939655780792236,0.07524082809686661
/tmp/drone_acoustic_2026w14_phase1_downloads/raw/crema_d/audios/1089_IWW_FEA_XX.wav,FEA,emergency,emergency,0.054251186549663544,664.1414794921875,747.2362670898438,0.8330047726631165,0.10593947768211365,0.060900259763002396
/tmp/drone_acoustic_2026w14_phase1_downloads/raw/crema_d/audios/1089_IWW_NEU_XX.wav,NEU,normal,normal,0.15335853397846222,484.8309326171875,545.4163208007812,0.44021591544151306,0.515717625617981,0.04404381290078163
/tmp/drone_acoustic_2026w14_phase1_downloads/raw/crema_d/audios/1089_MTI_ANG_XX.wav,ANG,emergency,emergency,0.721106231212616,1063.165771484375,820.439697265625,0.27505016326904297,0.5593850016593933,0.16554145514965057
/tmp/drone_acoustic_2026w14_phase1_downloads/raw/crema_d/audios/1089_MTI_FEA_XX.wav,FEA,emergency,emergency,0.08345846086740494,450.7223205566406,511.57586669921875,0.7858566045761108,0.1695837825536728,0.044547926634550095
/tmp/drone_acoustic_2026w14_phase1_downloads/raw/crema_d/audios/1089_MTI_NEU_XX.wav,NEU,normal,normal,0.18177530169487,504.1318664550781,481.0516662597656,0.5349234938621521,0.4189649820327759,0.046099379658699036
/tmp/drone_acoustic_2026w14_phase1_downloads/raw/crema_d/audios/1089_TAI_ANG_XX.wav,ANG,emergency,emergency,0.6945061683654785,1262.6549072265625,1050.2120361328125,0.13646048307418823,0.6622585654258728,0.20120230317115784
/tmp/drone_acoustic_2026w14_phase1_downloads/raw/crema_d/audios/1089_TAI_FEA_XX.wav,FEA,emergency,emergency,0.10828200727701187,790.5724487304688,740.649658203125,0.6258724331855774,0.29415640234947205,0.07965095341205597
/tmp/drone_acoustic_2026w14_phase1_downloads/raw/crema_d/audios/1089_TAI_NEU_XX.wav,NEU,normal,normal,0.23202495276927948,845.5006103515625,880.8949584960938,0.46561917662620544,0.45585760474205017,0.07848525047302246
/tmp/drone_acoustic_2026w14_phase1_downloads/raw/crema_d/audios/1089_TIE_ANG_XX.wav,ANG,emergency,emergency,2.087757110595703,1178.3031005859375,984.489990234375,0.14052194356918335,0.6229514479637146,0.23643173277378082
/tmp/drone_acoustic_2026w14_phase1_downloads/raw/crema_d/audios/1089_TIE_FEA_XX.wav,FEA,emergency,emergency,0.22019952535629272,1072.6015625,1012.3850708007812,0.32270729541778564,0.5362294316291809,0.1410035490989685
/tmp/drone_acoustic_2026w14_phase1_downloads/raw/crema_d/audios/1089_TIE_NEU_XX.wav,NEU,normal,normal,0.356412410736084,581.5066528320312,691.2332153320312,0.3675817847251892,0.5360100269317627,0.09637261927127838
/tmp/drone_acoustic_2026w14_phase1_downloads/raw/crema_d/audios/1089_TSI_ANG_XX.wav,ANG,emergency,emergency,0.19483816623687744,2120.140380859375,1294.26220703125,0.12498532980680466,0.6923430562019348,0.18200846016407013
/tmp/drone_acoustic_2026w14_phase1_downloads/raw/crema_d/audios/1089_TSI_FEA_XX.wav,FEA,emergency,emergency,0.15041165053844452,1138.1546630859375,915.9335327148438,0.40091586112976074,0.46583762764930725,0.13245800137519836
/tmp/drone_acoustic_2026w14_phase1_downloads/raw/crema_d/audios/1089_TSI_NEU_XX.wav,NEU,normal,normal,0.13785555958747864,1198.6046142578125,994.2423095703125,0.4121592342853546,0.3931344151496887,0.1939581334590912
/tmp/drone_acoustic_2026w14_phase1_downloads/raw/crema_d/audios/1089_WSI_ANG_XX.wav,ANG,emergency,emergency,1.764085054397583,1678.84033203125,1061.2908935546875,0.12160653620958328,0.7907434701919556,0.0875827893614769
/tmp/drone_acoustic_2026w14_phase1_downloads/raw/crema_d/audios/1089_WSI_FEA_XX.wav,FEA,emergency,emergency,0.0833829864859581,1086.9884033203125,869.869384765625,0.5649228692054749,0.3594478666782379,0.07506799697875977
/tmp/drone_acoustic_2026w14_phase1_downloads/raw/crema_d/audios/1089_WSI_NEU_XX.wav,NEU,normal,normal,1.0626219511032104,972.3295288085938,824.519775390625,0.2595420181751251,0.6662401556968689,0.07401996105909348
/tmp/drone_acoustic_2026w14_phase1_downloads/raw/crema_d/audios/1090_DFA_ANG_XX.wav,ANG,emergency,emergency,0.532119870185852,675.34326171875,625.4044189453125,0.2308293730020523,0.6934158205986023,0.07572675496339798
/tmp/drone_acoustic_2026w14_phase1_downloads/raw/crema_d/audios/1090_DFA_FEA_XX.wav,FEA,emergency,emergency,0.04515036568045616,448.60137939453125,570.6665649414062,0.827372670173645,0.13387618958950043,0.038609620183706284
/tmp/drone_acoustic_2026w14_phase1_downloads/raw/crema_d/audios/1090_DFA_NEU_XX.wav,NEU,normal,normal,0.07550934702157974,464.0115051269531,510.1328430175781,0.39448457956314087,0.5935685038566589,0.011934015899896622
/tmp/drone_acoustic_2026w14_phase1_downloads/raw/crema_d/audios/1090_IEO_ANG_HI.wav,ANG,emergency,emergency,1.2485662698745728,1262.6639404296875,888.2080078125,0.07895394414663315,0.6982594132423401,0.2227717787027359
/tmp/drone_acoustic_2026w14_phase1_downloads/raw/crema_d/audios/1090_IEO_ANG_LO.wav,ANG,emergency,emergency,0.7192360758781433,923.6145629882812,818.0548095703125,0.24372929334640503,0.681413471698761,0.07471489906311035
/tmp/drone_acoustic_2026w14_phase1_downloads/raw/crema_d/audios/1090_IEO_ANG_MD.wav,ANG,emergency,emergency,0.4950712323188782,1039.8785400390625,838.6607666015625,0.2862703800201416,0.5959411859512329,0.11769111454486847
/tmp/drone_acoustic_2026w14_phase1_downloads/raw/crema_d/audios/1090_IEO_FEA_HI.wav,FEA,emergency,emergency,0.05337942764163017,574.4139404296875,494.2658996582031,0.5920077562332153,0.37539032101631165,0.03258282318711281
/tmp/drone_acoustic_2026w14_phase1_downloads/raw/crema_d/audios/1090_IEO_FEA_LO.wav,FEA,emergency,emergency,0.04964401572942734,434.5323486328125,452.4747009277344,0.5721798539161682,0.4130859375,0.014699617400765419
/tmp/drone_acoustic_2026w14_phase1_downloads/raw/crema_d/audios/1090_IEO_FEA_MD.wav,FEA,emergency,emergency,0.023974191397428513,556.1818237304688,478.6291809082031,0.7088159918785095,0.23780104517936707,0.053054966032505035
/tmp/drone_acoustic_2026w14_phase1_downloads/raw/crema_d/audios/1090_IEO_NEU_XX.wav,NEU,normal,normal,0.05173101648688316,403.09747314453125,483.7868347167969,0.6774352192878723,0.30157750844955444,0.020899834111332893
/tmp/drone_acoustic_2026w14_phase1_downloads/raw/crema_d/audios/1090_IOM_ANG_XX.wav,ANG,emergency,emergency,0.24753007292747498,639.9183349609375,647.75,0.502787172794342,0.421741247177124,0.0754523053765297
/tmp/drone_acoustic_2026w14_phase1_downloads/raw/crema_d/audios/1090_IOM_FEA_XX.wav,FEA,emergency,emergency,0.04231061786413193,285.2027893066406,316.9450988769531,0.7275802493095398,0.2621229887008667,0.010293089784681797
/tmp/drone_acoustic_2026w14_phase1_downloads/raw/crema_d/audios/1090_IOM_NEU_XX.wav,NEU,normal,normal,0.023650435730814934,279.7071533203125,319.3899841308594,0.7116596102714539,0.282690167427063,0.005639253184199333
/tmp/drone_acoustic_2026w14_phase1_downloads/raw/crema_d/audios/1090_ITH_ANG_XX.wav,ANG,emergency,emergency,0.2376960963010788,679.4503784179688,692.9121704101562,0.5413991212844849,0.3767890930175781,0.08177567273378372
/tmp/drone_acoustic_2026w14_phase1_downloads/raw/crema_d/audios/1090_ITH_FEA_XX.wav,FEA,emergency,emergency,0.04329005628824234,335.4377136230469,375.6160583496094,0.6137017011642456,0.35904380679130554,0.02723710797727108
/tmp/drone_acoustic_2026w14_phase1_downloads/raw/crema_d/audios/1090_ITH_NEU_XX.wav,NEU,normal,normal,0.09618907421827316,476.6832275390625,547.95654296875,0.5400974750518799,0.42452767491340637,0.03535759449005127
/tmp/drone_acoustic_2026w14_phase1_downloads/raw/crema_d/audios/1090_ITS_ANG_XX.wav,ANG,emergency,emergency,0.1685929000377655,880.7376098632812,775.1520385742188,0.6470190286636353,0.2373230755329132,0.11482870578765869
/tmp/drone_acoustic_2026w14_phase1_downloads/raw/crema_d/audios/1090_ITS_FEA_XX.wav,FEA,emergency,emergency,0.03473870828747749,646.4741821289062,669.6534423828125,0.855105996131897,0.06648388504981995,0.07828954607248306
/tmp/drone_acoustic_2026w14_phase1_downloads/raw/crema_d/audios/1090_ITS_NEU_XX.wav,NEU,normal,normal,0.053442079573869705,781.50634765625,739.5155029296875,0.6744815707206726,0.2649036645889282,0.06018682196736336
/tmp/drone_acoustic_2026w14_phase1_downloads/raw/crema_d/audios/1090_IWL_ANG_XX.wav,ANG,emergency,emergency,0.3048658072948456,575.3544311523438,521.6886596679688,0.31870269775390625,0.6045538783073425,0.07672499865293503
/tmp/drone_acoustic_2026w14_phase1_downloads/raw/crema_d/audios/1090_IWL_FEA_XX.wav,FEA,emergency,emergency,0.0320344939827919,370.843994140625,409.2188415527344,0.6970818638801575,0.29738086462020874,0.005527798552066088
/tmp/drone_acoustic_2026w14_phase1_downloads/raw/crema_d/audios/1090_IWL_NEU_XX.wav,NEU,normal,normal,0.056218575686216354,345.2255859375,366.2357177734375,0.6827722787857056,0.3114975690841675,0.005717113148421049
/tmp/drone_acoustic_2026w14_phase1_downloads/raw/crema_d/audios/1090_IWW_ANG_XX.wav,ANG,emergency,emergency,0.2792845070362091,960.6152954101562,712.0880126953125,0.3604475259780884,0.5860772132873535,0.05340486764907837
/tmp/drone_acoustic_2026w14_phase1_downloads/raw/crema_d/audios/1090_IWW_FEA_XX.wav,FEA,emergency,emergency,0.01767856255173683,450.962158203125,569.3631591796875,0.8192321062088013,0.14632971584796906,0.034422747790813446
/tmp/drone_acoustic_2026w14_phase1_downloads/raw/crema_d/audios/1090_IWW_NEU_XX.wav,NEU,normal,normal,0.037226006388664246,414.1726989746094,488.0474548339844,0.6023248434066772,0.3877507746219635,0.009899474680423737
/tmp/drone_acoustic_2026w14_phase1_downloads/raw/crema_d/audios/1090_MTI_ANG_XX.wav,ANG,emergency,emergency,0.17256774008274078,627.286865234375,495.87322998046875,0.5284708738327026,0.40958741307258606,0.06181385740637779
/tmp/drone_acoustic_2026w14_phase1_downloads/raw/crema_d/audios/1090_MTI_FEA_XX.wav,FEA,emergency,emergency,0.012549209408462048,299.8878173828125,361.1568908691406,0.9224568605422974,0.06947974115610123,0.008058276027441025
/tmp/drone_acoustic_2026w14_phase1_downloads/raw/crema_d/audios/1090_MTI_NEU_XX.wav,NEU,normal,normal,0.046252910047769547,376.9389343261719,368.6720275878906,0.7625985741615295,0.2162032276391983,0.021195746958255768
/tmp/drone_acoustic_2026w14_phase1_downloads/raw/crema_d/audios/1090_TAI_ANG_XX.wav,ANG,emergency,emergency,0.31920191645622253,993.0645751953125,763.8197021484375,0.2375415712594986,0.6667314767837524,0.09565149247646332
/tmp/drone_acoustic_2026w14_phase1_downloads/raw/crema_d/audios/1090_TAI_FEA_XX.wav,FEA,emergency,emergency,0.028252024203538895,712.1245727539062,696.3733520507812,0.6703027486801147,0.29498857259750366,0.03456565737724304
/tmp/drone_acoustic_2026w14_phase1_downloads/raw/crema_d/audios/1090_TAI_NEU_XX.wav,NEU,normal,normal,0.21410995721817017,739.3582763671875,702.9840087890625,0.45179787278175354,0.5170280933380127,0.03114931844174862
/tmp/drone_acoustic_2026w14_phase1_downloads/raw/crema_d/audios/1090_TIE_ANG_XX.wav,ANG,emergency,emergency,1.1452997922897339,971.6431884765625,746.1629638671875,0.2178187221288681,0.6342714428901672,0.14785364270210266
/tmp/drone_acoustic_2026w14_phase1_downloads/raw/crema_d/audios/1090_TIE_FEA_XX.wav,FEA,emergency,emergency,0.039152976125478745,345.29461669921875,434.8326110839844,0.4863676428794861,0.5058803558349609,0.007735325023531914
/tmp/drone_acoustic_2026w14_phase1_downloads/raw/crema_d/audios/1090_TIE_NEU_XX.wav,NEU,normal,normal,0.02618248574435711,374.4615173339844,496.7032165527344,0.7770759463310242,0.21011151373386383,0.01275444682687521
/tmp/drone_acoustic_2026w14_phase1_downloads/raw/crema_d/audios/1090_TSI_ANG_XX.wav,ANG,emergency,emergency,0.32428714632987976,1746.7822265625,948.7019653320312,0.3313829004764557,0.3884359300136566,0.27835381031036377
/tmp/drone_acoustic_2026w14_phase1_downloads/raw/crema_d/audios/1090_TSI_FEA_XX.wav,FEA,emergency,emergency,0.13545051217079163,1361.896728515625,789.8887939453125,0.37213319540023804,0.1933017075061798,0.4317592978477478
/tmp/drone_acoustic_2026w14_phase1_downloads/raw/crema_d/audios/1090_TSI_NEU_XX.wav,NEU,normal,normal,0.03707299381494522,1273.057861328125,857.741455078125,0.28674179315567017,0.6201221346855164,0.09234042465686798
/tmp/drone_acoustic_2026w14_phase1_downloads/raw/crema_d/audios/1090_WSI_ANG_XX.wav,ANG,emergency,emergency,0.3928642272949219,1267.67138671875,810.5440673828125,0.26378124952316284,0.6220299005508423,0.11345239728689194
/tmp/drone_acoustic_2026w14_phase1_downloads/raw/crema_d/audios/1090_WSI_FEA_XX.wav,FEA,emergency,emergency,0.07299090921878815,943.3612670898438,728.8998413085938,0.6220218539237976,0.2113918513059616,0.1657096892595291
/tmp/drone_acoustic_2026w14_phase1_downloads/raw/crema_d/audios/1090_WSI_NEU_XX.wav,NEU,normal,normal,0.07526280730962753,644.8236694335938,614.4948120117188,0.6381116509437561,0.2994891107082367,0.06173029541969299
/tmp/drone_acoustic_2026w14_phase1_downloads/raw/crema_d/audios/1091_DFA_ANG_XX.wav,ANG,emergency,emergency,0.4885023534297943,1047.000732421875,859.1408081054688,0.16438308358192444,0.7107575535774231,0.12480802834033966
/tmp/drone_acoustic_2026w14_phase1_downloads/raw/crema_d/audios/1091_DFA_FEA_XX.wav,FEA,emergency,emergency,0.10735223442316055,592.8967895507812,692.5599365234375,0.7368701696395874,0.1769292950630188,0.08610802888870239
/tmp/drone_acoustic_2026w14_phase1_downloads/raw/crema_d/audios/1091_DFA_NEU_XX.wav,NEU,normal,normal,0.04378940165042877,431.6553955078125,577.58544921875,0.6958400011062622,0.27869299054145813,0.025396576151251793
/tmp/drone_acoustic_2026w14_phase1_downloads/raw/crema_d/audios/1091_IEO_ANG_HI.wav,ANG,emergency,emergency,1.1557486057281494,980.3325805664062,920.6857299804688,0.1870591938495636,0.5880569815635681,0.2247476577758789
/tmp/drone_acoustic_2026w14_phase1_downloads/raw/crema_d/audios/1091_IEO_ANG_LO.wav,ANG,emergency,emergency,0.10655348747968674,654.7321166992188,663.3215942382812,0.47302159667015076,0.5163211226463318,0.010649559088051319
/tmp/drone_acoustic_2026w14_phase1_downloads/raw/crema_d/audios/1091_IEO_ANG_MD.wav,ANG,emergency,emergency,0.11957436800003052,536.5939331054688,644.3302001953125,0.6067277789115906,0.3570978343486786,0.03601200506091118
/tmp/drone_acoustic_2026w14_phase1_downloads/raw/crema_d/audios/1091_IEO_FEA_HI.wav,FEA,emergency,emergency,0.2453242540359497,762.9295654296875,759.0072631835938,0.3727615475654602,0.6003060340881348,0.02689538151025772
/tmp/drone_acoustic_2026w14_phase1_downloads/raw/crema_d/audios/1091_IEO_FEA_LO.wav,FEA,emergency,emergency,0.04812701791524887,448.13238525390625,656.8305053710938,0.8512082695960999,0.10098115354776382,0.04732019826769829
/tmp/drone_acoustic_2026w14_phase1_downloads/raw/crema_d/audios/1091_IEO_FEA_MD.wav,FEA,emergency,emergency,0.05384717881679535,412.7174377441406,527.3212280273438,0.8687085509300232,0.09126365184783936,0.039981015026569366
/tmp/drone_acoustic_2026w14_phase1_downloads/raw/crema_d/audios/1091_IEO_NEU_XX.wav,NEU,normal,normal,0.05127301812171936,393.6788330078125,502.4234313964844,0.7014506459236145,0.2804044187068939,0.018087053671479225
/tmp/drone_acoustic_2026w14_phase1_downloads/raw/crema_d/audios/1091_IOM_ANG_XX.wav,ANG,emergency,emergency,0.35631752014160156,573.5740356445312,521.5630493164062,0.5428803563117981,0.3979359269142151,0.059171903878450394
/tmp/drone_acoustic_2026w14_phase1_downloads/raw/crema_d/audios/1091_IOM_FEA_XX.wav,FEA,emergency,emergency,0.01768585667014122,275.81304931640625,397.6721496582031,0.9253019690513611,0.06722923368215561,0.007458006031811237
/tmp/drone_acoustic_2026w14_phase1_downloads/raw/crema_d/audios/1091_IOM_NEU_XX.wav,NEU,normal,normal,0.07997366040945053,311.3045349121094,323.8072509765625,0.657368004322052,0.3350122570991516,0.007614410016685724
/tmp/drone_acoustic_2026w14_phase1_downloads/raw/crema_d/audios/1091_ITH_ANG_XX.wav,ANG,emergency,emergency,0.2134411484003067,624.926513671875,697.9928588867188,0.35057181119918823,0.6210240125656128,0.028332119807600975
/tmp/drone_acoustic_2026w14_phase1_downloads/raw/crema_d/audios/1091_ITH_FEA_XX.wav,FEA,emergency,emergency,0.0931440070271492,491.166015625,721.226806640625,0.825560986995697,0.1024070680141449,0.07187563180923462
/tmp/drone_acoustic_2026w14_phase1_downloads/raw/crema_d/audios/1091_ITH_NEU_XX.wav,NEU,normal,normal,0.04327242821455002,333.3839111328125,509.95660400390625,0.8132095336914062,0.16593527793884277,0.020757105201482773
/tmp/drone_acoustic_2026w14_phase1_downloads/raw/crema_d/audios/1091_ITS_ANG_XX.wav,ANG,emergency,emergency,0.1481812745332718,867.41796875,802.316650390625,0.4968206584453583,0.3858189582824707,0.1170414611697197
/tmp/drone_acoustic_2026w14_phase1_downloads/raw/crema_d/audios/1091_ITS_FEA_XX.wav,FEA,emergency,emergency,0.03833218291401863,516.8494262695312,703.247314453125,0.8446768522262573,0.05309438332915306,0.10212665051221848
/tmp/drone_acoustic_2026w14_phase1_downloads/raw/crema_d/audios/1091_ITS_NEU_XX.wav,NEU,normal,normal,0.024562181904911995,597.65966796875,647.1552734375,0.8657522797584534,0.044195596128702164,0.08998466283082962
/tmp/drone_acoustic_2026w14_phase1_downloads/raw/crema_d/audios/1091_IWL_ANG_XX.wav,ANG,emergency,emergency,0.17540575563907623,436.3330078125,446.63226318359375,0.5554172396659851,0.4261165261268616,0.018440237268805504
/tmp/drone_acoustic_2026w14_phase1_downloads/raw/crema_d/audios/1091_IWL_FEA_XX.wav,FEA,emergency,emergency,0.02863227017223835,298.34454345703125,426.0094909667969,0.9158266186714172,0.07714111357927322,0.007001250050961971
/tmp/drone_acoustic_2026w14_phase1_downloads/raw/crema_d/audios/1091_IWL_NEU_XX.wav,NEU,normal,normal,0.10947460681200027,350.64093017578125,410.9493408203125,0.5721907615661621,0.4190698564052582,0.00873072724789381
/tmp/drone_acoustic_2026w14_phase1_downloads/raw/crema_d/audios/1091_IWW_ANG_XX.wav,ANG,emergency,emergency,0.11626240611076355,792.9718627929688,654.229248046875,0.45443594455718994,0.47103747725486755,0.07444752752780914
/tmp/drone_acoustic_2026w14_phase1_downloads/raw/crema_d/audios/1091_IWW_FEA_XX.wav,FEA,emergency,emergency,0.06010459363460541,531.9801635742188,643.0360717773438,0.8141843676567078,0.15016604959964752,0.03563198819756508
/tmp/drone_acoustic_2026w14_phase1_downloads/raw/crema_d/audios/1091_IWW_NEU_XX.wav,NEU,normal,normal,0.02882392145693302,405.5753479003906,514.3508911132812,0.7555504441261292,0.22399626672267914,0.020327020436525345
/tmp/drone_acoustic_2026w14_phase1_downloads/raw/crema_d/audios/1091_MTI_ANG_XX.wav,ANG,emergency,emergency,0.21577610075473785,613.1575927734375,547.5772094726562,0.3450827896595001,0.6389450430870056,0.015930840745568275
/tmp/drone_acoustic_2026w14_phase1_downloads/raw/crema_d/audios/1091_MTI_FEA_XX.wav,FEA,emergency,emergency,0.07149361819028854,521.21728515625,502.9872131347656,0.6608095765113831,0.3183673620223999,0.02076404169201851
/tmp/drone_acoustic_2026w14_phase1_downloads/raw/crema_d/audios/1091_MTI_NEU_XX.wav,NEU,normal,normal,0.04178385064005852,507.78515625,499.3652648925781,0.7519909143447876,0.225960373878479,0.02201291173696518
/tmp/drone_acoustic_2026w14_phase1_downloads/raw/crema_d/audios/1091_TAI_ANG_XX.wav,ANG,emergency,emergency,0.24343818426132202,919.09912109375,852.6273803710938,0.37512537837028503,0.5086425542831421,0.116127148270607
/tmp/drone_acoustic_2026w14_phase1_downloads/raw/crema_d/audios/1091_TAI_FEA_XX.wav,FEA,emergency,emergency,0.04967590421438217,608.6695556640625,663.2682495117188,0.7665998339653015,0.1614542156457901,0.07140055298805237
/tmp/drone_acoustic_2026w14_phase1_downloads/raw/crema_d/audios/1091_TAI_NEU_XX.wav,NEU,normal,normal,0.048671696335077286,574.57666015625,730.0612182617188,0.7402616143226624,0.22776220738887787,0.03185736760497093
/tmp/drone_acoustic_2026w14_phase1_downloads/raw/crema_d/audios/1091_TIE_ANG_XX.wav,ANG,emergency,emergency,1.3500726222991943,922.8856811523438,918.3697509765625,0.18459045886993408,0.6281529068946838,0.18718202412128448
/tmp/drone_acoustic_2026w14_phase1_downloads/raw/crema_d/audios/1091_TIE_FEA_XX.wav,FEA,emergency,emergency,0.15405623614788055,619.4539184570312,753.3878173828125,0.5741881728172302,0.38974887132644653,0.03599049523472786
/tmp/drone_acoustic_2026w14_phase1_downloads/raw/crema_d/audios/1091_TIE_NEU_XX.wav,NEU,normal,normal,0.0709538534283638,377.13555908203125,555.396728515625,0.7115222811698914,0.2643507421016693,0.02407817170023918
/tmp/drone_acoustic_2026w14_phase1_downloads/raw/crema_d/audios/1091_TSI_ANG_XX.wav,ANG,emergency,emergency,0.3397988975048065,1655.6253662109375,1142.62451171875,0.43450820446014404,0.3142729103565216,0.2504587173461914
/tmp/drone_acoustic_2026w14_phase1_downloads/raw/crema_d/audios/1091_TSI_FEA_XX.wav,FEA,emergency,emergency,0.17547622323036194,1219.753173828125,885.5648193359375,0.42019566893577576,0.16565409302711487,0.4137628674507141
/tmp/drone_acoustic_2026w14_phase1_downloads/raw/crema_d/audios/1091_TSI_NEU_XX.wav,NEU,normal,normal,0.07951846718788147,1264.305908203125,1012.8029174804688,0.6516299247741699,0.13322243094444275,0.2141936868429184
/tmp/drone_acoustic_2026w14_phase1_downloads/raw/crema_d/audios/1091_WSI_ANG_XX.wav,ANG,emergency,emergency,0.42447832226753235,1042.3402099609375,772.6747436523438,0.424848347902298,0.5125952959060669,0.06241695582866669
/tmp/drone_acoustic_2026w14_phase1_downloads/raw/crema_d/audios/1091_WSI_FEA_XX.wav,FEA,emergency,emergency,0.09962277114391327,677.0285034179688,672.0875854492188,0.6733037233352661,0.08732198923826218,0.23806115984916687
/tmp/drone_acoustic_2026w14_phase1_downloads/raw/crema_d/audios/1091_WSI_NEU_XX.wav,NEU,normal,normal,0.3287123739719391,777.407470703125,843.9012451171875,0.28443193435668945,0.6792678236961365,0.03628825023770332
