trial_id,participant_id,intent_ground_truth,keyword,repeat_idx,label_source,audio_path,audio_relpath,predicted_intent,confidence,prob_emergency,prob_movement,prob_unknown,raw_output_int8,correct,board_prediction,board_confidence,recomputed_matches_board,board_err_code,board_capture_ms,board_frontend_ms,board_infer_ms,board_total_ms,board_raw_output_int8,board_model_sha256,board_build_tag,board_results_csv,audio_read_ms,frontend_ms,tflite_invoke_ms,host_total_ms
1,hongjun,movement,down,760849,legacy_keyword_mapping,/Users/zilongzeng/Documents/data/hongjun/down/000_760849.wav,hongjun/down/000_760849.wav,emergency,0.90234375,0.90234375,0.09765625,0.0,"[103, -103, -128]",False,,,,,,,,,,,,,0.05662499461323023,571.8857090687379,0.7505840621888638,572.7106670383364
2,hongjun,movement,down,1764136,legacy_keyword_mapping,/Users/zilongzeng/Documents/data/hongjun/down/001_764136.wav,hongjun/down/001_764136.wav,emergency,0.73046875,0.73046875,0.265625,0.00390625,"[59, -60, -127]",False,,,,,,,,,,,,,0.10395795106887817,1.4329999685287476,0.6375840166583657,2.1843749564141035
3,hongjun,movement,down,2767211,legacy_keyword_mapping,/Users/zilongzeng/Documents/data/hongjun/down/002_767211.wav,hongjun/down/002_767211.wav,unknown,0.890625,0.06640625,0.04296875,0.890625,"[-111, -117, 100]",False,,,,,,,,,,,,,0.945541076362133,1.40616693533957,0.6147919921204448,2.9764999635517597
4,hongjun,movement,down,3770319,legacy_keyword_mapping,/Users/zilongzeng/Documents/data/hongjun/down/003_770319.wav,hongjun/down/003_770319.wav,movement,0.99609375,0.0,0.99609375,0.0,"[-128, 127, -128]",True,,,,,,,,,,,,,0.2794580068439245,1.6592920292168856,0.7657499518245459,2.71612498909235
5,hongjun,movement,down,4773346,legacy_keyword_mapping,/Users/zilongzeng/Documents/data/hongjun/down/004_773346.wav,hongjun/down/004_773346.wav,movement,0.99609375,0.0,0.99609375,0.0,"[-128, 127, -128]",True,,,,,,,,,,,,,0.30449999030679464,1.39849993865937,0.6897919811308384,2.4034170201048255
6,hongjun,movement,down,5776473,legacy_keyword_mapping,/Users/zilongzeng/Documents/data/hongjun/down/005_776473.wav,hongjun/down/005_776473.wav,movement,0.59765625,0.40234375,0.59765625,0.0,"[-25, 25, -128]",True,,,,,,,,,,,,,0.10679103434085846,1.2323330156505108,0.660124933347106,2.006583963520825
7,hongjun,movement,down,6779932,legacy_keyword_mapping,/Users/zilongzeng/Documents/data/hongjun/down/006_779932.wav,hongjun/down/006_779932.wav,movement,0.99609375,0.0,0.99609375,0.0,"[-128, 127, -128]",True,,,,,,,,,,,,,0.21058297716081142,1.2547079240903258,0.7327080238610506,2.2075839806348085
8,hongjun,movement,down,7783425,legacy_keyword_mapping,/Users/zilongzeng/Documents/data/hongjun/down/007_783425.wav,hongjun/down/007_783425.wav,movement,0.99609375,0.0,0.99609375,0.0,"[-128, 127, -128]",True,,,,,,,,,,,,,0.2419579541310668,1.3662079581990838,0.6967919180169702,2.315624966286123
9,hongjun,movement,down,8786486,legacy_keyword_mapping,/Users/zilongzeng/Documents/data/hongjun/down/008_786486.wav,hongjun/down/008_786486.wav,movement,0.9921875,0.0078125,0.9921875,0.0,"[-126, 126, -128]",True,,,,,,,,,,,,,0.26283308397978544,1.3321249280124903,0.6637920159846544,2.2656249348074198
10,hongjun,movement,down,9789962,legacy_keyword_mapping,/Users/zilongzeng/Documents/data/hongjun/down/009_789962.wav,hongjun/down/009_789962.wav,movement,0.8046875,0.1953125,0.8046875,0.0,"[-78, 78, -128]",True,,,,,,,,,,,,,0.21974998526275158,1.1917079100385308,0.6577499443665147,2.075625001452863
11,hongjun,movement,follow,796690,legacy_keyword_mapping,/Users/zilongzeng/Documents/data/hongjun/follow/000_796690.wav,hongjun/follow/000_796690.wav,emergency,0.99609375,0.99609375,0.0,0.0,"[127, -128, -128]",False,,,,,,,,,,,,,0.22862502373754978,1.3639579992741346,0.7068340200930834,2.3067499278113246
12,hongjun,movement,follow,1800168,legacy_keyword_mapping,/Users/zilongzeng/Documents/data/hongjun/follow/001_800168.wav,hongjun/follow/001_800168.wav,movement,0.99609375,0.0,0.99609375,0.0,"[-128, 127, -128]",True,,,,,,,,,,,,,0.2181249437853694,1.3061669887974858,0.6998330354690552,2.231250051409006
13,hongjun,movement,follow,2803483,legacy_keyword_mapping,/Users/zilongzeng/Documents/data/hongjun/follow/002_803483.wav,hongjun/follow/002_803483.wav,emergency,0.5,0.5,0.0,0.5,"[0, -128, 0]",False,,,,,,,,,,,,,0.22325001191347837,1.2977089500054717,0.6421670550480485,2.168250037357211
14,hongjun,movement,follow,3806559,legacy_keyword_mapping,/Users/zilongzeng/Documents/data/hongjun/follow/003_806559.wav,hongjun/follow/003_806559.wav,emergency,0.98828125,0.98828125,0.01171875,0.0,"[125, -125, -128]",False,,,,,,,,,,,,,0.19575003534555435,1.2166659580543637,0.7149579469114542,2.1344999549910426
15,hongjun,movement,follow,4809810,legacy_keyword_mapping,/Users/zilongzeng/Documents/data/hongjun/follow/004_809810.wav,hongjun/follow/004_809810.wav,movement,0.94921875,0.0234375,0.94921875,0.0234375,"[-122, 115, -122]",True,,,,,,,,,,,,,0.22566597908735275,1.329749939031899,0.7167080184444785,2.2798340069130063
16,hongjun,movement,follow,5813288,legacy_keyword_mapping,/Users/zilongzeng/Documents/data/hongjun/follow/005_813288.wav,hongjun/follow/005_813288.wav,emergency,0.99609375,0.99609375,0.00390625,0.0,"[127, -127, -128]",False,,,,,,,,,,,,,0.25791709776967764,1.313165994361043,0.712290988303721,2.290833042934537
17,hongjun,movement,follow,6816413,legacy_keyword_mapping,/Users/zilongzeng/Documents/data/hongjun/follow/006_816413.wav,hongjun/follow/006_816413.wav,movement,0.99609375,0.0,0.99609375,0.0,"[-128, 127, -128]",True,,,,,,,,,,,,,0.08479203097522259,1.1708749225363135,0.6683330284431577,1.9292909419164062
18,hongjun,movement,follow,7819665,legacy_keyword_mapping,/Users/zilongzeng/Documents/data/hongjun/follow/007_819665.wav,hongjun/follow/007_819665.wav,emergency,0.9453125,0.9453125,0.0546875,0.0,"[114, -114, -128]",False,,,,,,,,,,,,,0.2090419875457883,1.1931249173358083,0.7239170372486115,2.1407909225672483
19,hongjun,movement,follow,8822742,legacy_keyword_mapping,/Users/zilongzeng/Documents/data/hongjun/follow/008_822742.wav,hongjun/follow/008_822742.wav,movement,0.99609375,0.0,0.99609375,0.0,"[-128, 127, -128]",True,,,,,,,,,,,,,0.24112500250339508,1.3709169579669833,0.707249972037971,2.3254590341821313
20,hongjun,movement,follow,9825851,legacy_keyword_mapping,/Users/zilongzeng/Documents/data/hongjun/follow/009_825851.wav,hongjun/follow/009_825851.wav,movement,0.99609375,0.0,0.99609375,0.0,"[-128, 127, -128]",True,,,,,,,,,,,,,0.2072920324280858,1.2879170244559646,0.678582931868732,2.1791670005768538
21,hongjun,emergency,freeze,326819,legacy_keyword_mapping,/Users/zilongzeng/Documents/data/hongjun/freeze/000_326819.wav,hongjun/freeze/000_326819.wav,emergency,0.99609375,0.99609375,0.0,0.0,"[127, -128, -128]",True,,,,,,,,,,,,,0.04158297087997198,1.2220829958096147,0.6763329729437828,1.9464580109342933
22,hongjun,emergency,freeze,1330344,legacy_keyword_mapping,/Users/zilongzeng/Documents/data/hongjun/freeze/001_330344.wav,hongjun/freeze/001_330344.wav,unknown,0.99609375,0.0,0.0,0.99609375,"[-128, -128, 127]",False,,,,,,,,,,,,,0.03654195461422205,1.2959999730810523,0.6352500058710575,1.9764590542763472
23,hongjun,emergency,freeze,2333692,legacy_keyword_mapping,/Users/zilongzeng/Documents/data/hongjun/freeze/002_333692.wav,hongjun/freeze/002_333692.wav,unknown,0.99609375,0.0,0.0,0.99609375,"[-128, -128, 127]",False,,,,,,,,,,,,,0.2722910139709711,1.395125058479607,0.7127909921109676,2.3895830381661654
24,hongjun,emergency,freeze,3337167,legacy_keyword_mapping,/Users/zilongzeng/Documents/data/hongjun/freeze/003_337167.wav,hongjun/freeze/003_337167.wav,unknown,0.99609375,0.0,0.0,0.99609375,"[-128, -128, 127]",False,,,,,,,,,,,,,0.2616249257698655,1.2854590313509107,0.673959031701088,2.2277079988271
25,hongjun,emergency,freeze,4340258,legacy_keyword_mapping,/Users/zilongzeng/Documents/data/hongjun/freeze/004_340258.wav,hongjun/freeze/004_340258.wav,movement,0.99609375,0.0,0.99609375,0.0,"[-128, 127, -128]",False,,,,,,,,,,,,,0.2131670480594039,1.1416670167818666,0.6674999604001641,2.0277919247746468
26,hongjun,emergency,freeze,5343496,legacy_keyword_mapping,/Users/zilongzeng/Documents/data/hongjun/freeze/005_343496.wav,hongjun/freeze/005_343496.wav,unknown,0.96875,0.0,0.03125,0.96875,"[-128, -120, 120]",False,,,,,,,,,,,,,0.18166692461818457,1.2711250456050038,0.7130838930606842,2.17241607606411
27,hongjun,emergency,freeze,6346828,legacy_keyword_mapping,/Users/zilongzeng/Documents/data/hongjun/freeze/006_346828.wav,hongjun/freeze/006_346828.wav,unknown,0.99609375,0.0,0.0,0.99609375,"[-128, -128, 127]",False,,,,,,,,,,,,,0.21958304569125175,1.2976659927517176,0.7246659370139241,2.2485420340672135
28,hongjun,emergency,freeze,7350274,legacy_keyword_mapping,/Users/zilongzeng/Documents/data/hongjun/freeze/007_350274.wav,hongjun/freeze/007_350274.wav,movement,0.734375,0.21875,0.734375,0.04296875,"[-72, 60, -117]",False,,,,,,,,,,,,,0.21199998445808887,1.217624987475574,0.6721669342368841,2.1070840302854776
29,hongjun,emergency,freeze,8353751,legacy_keyword_mapping,/Users/zilongzeng/Documents/data/hongjun/freeze/008_353751.wav,hongjun/freeze/008_353751.wav,unknown,0.99609375,0.0,0.0,0.99609375,"[-128, -128, 127]",False,,,,,,,,,,,,,0.20549993496388197,1.1327499523758888,0.6622910732403398,2.006750088185072
30,hongjun,emergency,freeze,9357243,legacy_keyword_mapping,/Users/zilongzeng/Documents/data/hongjun/freeze/009_357243.wav,hongjun/freeze/009_357243.wav,unknown,0.99609375,0.0,0.0,0.99609375,"[-128, -128, 127]",False,,,,,,,,,,,,,0.06812496576458216,1.351917046122253,0.717374961823225,2.1442079450935125
31,hongjun,movement,go,205019,legacy_keyword_mapping,/Users/zilongzeng/Documents/data/hongjun/go/000_205019.wav,hongjun/go/000_205019.wav,emergency,0.8671875,0.8671875,0.015625,0.1171875,"[94, -124, -98]",False,,,,,,,,,,,,,0.09958399459719658,1.3437500456348062,0.7136670174077153,2.163041033782065
32,hongjun,movement,go,1208607,legacy_keyword_mapping,/Users/zilongzeng/Documents/data/hongjun/go/001_208607.wav,hongjun/go/001_208607.wav,emergency,0.99609375,0.99609375,0.0,0.0,"[127, -128, -128]",False,,,,,,,,,,,,,0.0849999487400055,1.2535830028355122,0.6591669516637921,2.0029579754918814
33,hongjun,movement,go,2212514,legacy_keyword_mapping,/Users/zilongzeng/Documents/data/hongjun/go/002_212514.wav,hongjun/go/002_212514.wav,unknown,0.796875,0.12890625,0.0703125,0.796875,"[-95, -110, 76]",False,,,,,,,,,,,,,0.06329198367893696,1.11774995457381,0.6730830064043403,1.8591249827295542
34,hongjun,movement,go,3215989,legacy_keyword_mapping,/Users/zilongzeng/Documents/data/hongjun/go/003_215989.wav,hongjun/go/003_215989.wav,emergency,0.99609375,0.99609375,0.00390625,0.0,"[127, -127, -128]",False,,,,,,,,,,,,,0.05362497176975012,1.3444999931380153,0.6980000762268901,2.104207989759743
35,hongjun,movement,go,4219497,legacy_keyword_mapping,/Users/zilongzeng/Documents/data/hongjun/go/004_219497.wav,hongjun/go/004_219497.wav,emergency,0.99609375,0.99609375,0.0,0.0,"[127, -128, -128]",False,,,,,,,,,,,,,0.0904579646885395,1.294707995839417,0.7157500367611647,2.1068749483674765
36,hongjun,movement,go,5222799,legacy_keyword_mapping,/Users/zilongzeng/Documents/data/hongjun/go/005_222799.wav,hongjun/go/005_222799.wav,emergency,0.90234375,0.90234375,0.09765625,0.0,"[103, -103, -128]",False,,,,,,,,,,,,,0.21470908541232347,1.2464160099625587,0.6517079891636968,2.1178750321269035
37,hongjun,movement,go,6226147,legacy_keyword_mapping,/Users/zilongzeng/Documents/data/hongjun/go/006_226147.wav,hongjun/go/006_226147.wav,movement,0.91796875,0.08203125,0.91796875,0.0,"[-107, 107, -128]",True,,,,,,,,,,,,,0.18679199274629354,1.168999937362969,0.7174169877544045,2.0800000056624413
38,hongjun,movement,go,7229785,legacy_keyword_mapping,/Users/zilongzeng/Documents/data/hongjun/go/007_229785.wav,hongjun/go/007_229785.wav,emergency,0.99609375,0.99609375,0.0,0.0,"[127, -128, -128]",False,,,,,,,,,,,,,0.19941607024520636,1.254166942089796,0.7113750325515866,2.1714590257033706
39,hongjun,movement,go,8233069,legacy_keyword_mapping,/Users/zilongzeng/Documents/data/hongjun/go/008_233069.wav,hongjun/go/008_233069.wav,emergency,0.99609375,0.99609375,0.0,0.0,"[127, -128, -128]",False,,,,,,,,,,,,,0.19991700537502766,1.3251249911263585,0.6981249898672104,2.230291021987796
40,hongjun,movement,go,9236577,legacy_keyword_mapping,/Users/zilongzeng/Documents/data/hongjun/go/009_236577.wav,hongjun/go/009_236577.wav,movement,0.99609375,0.0,0.99609375,0.0,"[-128, 127, -128]",True,,,,,,,,,,,,,0.21375005599111319,1.2583750067278743,0.655833980999887,2.132790978066623
41,hongjun,movement,left,364113,legacy_keyword_mapping,/Users/zilongzeng/Documents/data/hongjun/left/000_364113.wav,hongjun/left/000_364113.wav,movement,0.99609375,0.0,0.99609375,0.00390625,"[-128, 127, -127]",True,,,,,,,,,,,,,0.1972919562831521,1.2118329759687185,0.6562919588759542,2.0704580238088965
42,hongjun,movement,left,1367448,legacy_keyword_mapping,/Users/zilongzeng/Documents/data/hongjun/left/001_367448.wav,hongjun/left/001_367448.wav,emergency,0.99609375,0.99609375,0.0,0.00390625,"[127, -128, -127]",False,,,,,,,,,,,,,0.20066695287823677,1.3987499987706542,0.7075410103425384,2.3139170370996
43,hongjun,movement,left,2370699,legacy_keyword_mapping,/Users/zilongzeng/Documents/data/hongjun/left/002_370699.wav,hongjun/left/002_370699.wav,unknown,0.99609375,0.00390625,0.0,0.99609375,"[-127, -128, 127]",False,,,,,,,,,,,,,0.2156250411644578,1.2639999622479081,0.6715840427204967,2.1576250437647104
44,hongjun,movement,left,3373839,legacy_keyword_mapping,/Users/zilongzeng/Documents/data/hongjun/left/003_373839.wav,hongjun/left/003_373839.wav,emergency,0.99609375,0.99609375,0.0,0.0,"[127, -128, -128]",False,,,,,,,,,,,,,0.20733301062136889,1.1665420606732368,0.6556250154972076,2.0344998920336366
45,hongjun,movement,left,4377058,legacy_keyword_mapping,/Users/zilongzeng/Documents/data/hongjun/left/004_377058.wav,hongjun/left/004_377058.wav,movement,0.99609375,0.0,0.99609375,0.00390625,"[-128, 127, -127]",True,,,,,,,,,,,,,0.19762502051889896,1.1584999738261104,0.7208329625427723,2.086083055473864
46,hongjun,movement,left,5380408,legacy_keyword_mapping,/Users/zilongzeng/Documents/data/hongjun/left/005_380408.wav,hongjun/left/005_380408.wav,unknown,0.99609375,0.0,0.0,0.99609375,"[-128, -128, 127]",False,,,,,,,,,,,,,0.20829099230468273,1.3577500358223915,0.7132920436561108,2.2858750307932496
47,hongjun,movement,left,6383853,legacy_keyword_mapping,/Users/zilongzeng/Documents/data/hongjun/left/006_383853.wav,hongjun/left/006_383853.wav,movement,0.859375,0.0,0.859375,0.140625,"[-128, 92, -92]",True,,,,,,,,,,,,,0.29374996665865183,1.3329159701243043,0.7136249914765358,2.3465410340577364
48,hongjun,movement,left,7387329,legacy_keyword_mapping,/Users/zilongzeng/Documents/data/hongjun/left/007_387329.wav,hongjun/left/007_387329.wav,movement,0.9921875,0.0,0.9921875,0.0078125,"[-128, 126, -126]",True,,,,,,,,,,,,,0.21029205527156591,1.1193749960511923,0.6972079863771796,2.0317090675234795
49,hongjun,movement,left,8391046,legacy_keyword_mapping,/Users/zilongzeng/Documents/data/hongjun/left/008_391046.wav,hongjun/left/008_391046.wav,unknown,0.99609375,0.0,0.0,0.99609375,"[-128, -128, 127]",False,,,,,,,,,,,,,0.20541599951684475,1.1770830024033785,0.7127919234335423,2.1009170450270176
50,hongjun,movement,left,9394554,legacy_keyword_mapping,/Users/zilongzeng/Documents/data/hongjun/left/009_394554.wav,hongjun/left/009_394554.wav,emergency,0.99609375,0.99609375,0.0,0.0,"[127, -128, -128]",False,,,,,,,,,,,,,0.2097500255331397,1.2865420430898666,0.7077500922605395,2.2094579180702567
51,hongjun,unknown,no,221377,legacy_keyword_mapping,/Users/zilongzeng/Documents/data/hongjun/no/000_221377.wav,hongjun/no/000_221377.wav,emergency,0.8046875,0.8046875,0.1953125,0.0,"[78, -78, -128]",False,,,,,,,,,,,,,0.03662507515400648,1.2841250281780958,0.7129159057512879,2.039959072135389
52,hongjun,unknown,no,1225096,legacy_keyword_mapping,/Users/zilongzeng/Documents/data/hongjun/no/001_225096.wav,hongjun/no/001_225096.wav,movement,0.99609375,0.0,0.99609375,0.0,"[-128, 127, -128]",False,,,,,,,,,,,,,0.04112499300390482,1.3803750043734908,0.6992920534685254,2.128374995663762
53,hongjun,unknown,no,2228395,legacy_keyword_mapping,/Users/zilongzeng/Documents/data/hongjun/no/002_228395.wav,hongjun/no/002_228395.wav,movement,0.99609375,0.0,0.99609375,0.0,"[-128, 127, -128]",False,,,,,,,,,,,,,0.21404202561825514,1.2044579489156604,0.7350000087171793,2.160125062800944
54,hongjun,unknown,no,3231679,legacy_keyword_mapping,/Users/zilongzeng/Documents/data/hongjun/no/003_231679.wav,hongjun/no/003_231679.wav,movement,0.73046875,0.265625,0.73046875,0.00390625,"[-60, 59, -127]",False,,,,,,,,,,,,,0.20479201339185238,1.3048340333625674,0.6993329152464867,2.2153339814394712
55,hongjun,unknown,no,4235762,legacy_keyword_mapping,/Users/zilongzeng/Documents/data/hongjun/no/004_235762.wav,hongjun/no/004_235762.wav,movement,0.99609375,0.0,0.99609375,0.0,"[-128, 127, -128]",False,,,,,,,,,,,,,0.2091249916702509,1.3872500276193023,0.6619590567424893,2.2674170322716236
56,hongjun,unknown,no,5240089,legacy_keyword_mapping,/Users/zilongzeng/Documents/data/hongjun/no/005_240089.wav,hongjun/no/005_240089.wav,movement,0.99609375,0.0,0.99609375,0.0,"[-128, 127, -128]",False,,,,,,,,,,,,,0.3087919903919101,1.2174999574199319,0.6532910047098994,2.1849999902769923
57,hongjun,unknown,no,6243167,legacy_keyword_mapping,/Users/zilongzeng/Documents/data/hongjun/no/006_243167.wav,hongjun/no/006_243167.wav,emergency,0.91796875,0.91796875,0.08203125,0.0,"[107, -107, -128]",False,,,,,,,,,,,,,0.06445799954235554,1.4468329027295113,0.7152920588850975,2.2337499540299177
58,hongjun,unknown,no,7246529,legacy_keyword_mapping,/Users/zilongzeng/Documents/data/hongjun/no/007_246529.wav,hongjun/no/007_246529.wav,movement,0.9921875,0.0,0.9921875,0.0078125,"[-128, 126, -126]",False,,,,,,,,,,,,,0.09262491948902607,1.3282920699566603,0.7117911009117961,2.139749936759472
59,hongjun,unknown,no,8250103,legacy_keyword_mapping,/Users/zilongzeng/Documents/data/hongjun/no/008_250103.wav,hongjun/no/008_250103.wav,movement,0.99609375,0.0,0.99609375,0.0,"[-128, 127, -128]",False,,,,,,,,,,,,,0.23470795713365078,1.2918339343741536,0.6512919208034873,2.1825419971719384
60,hongjun,unknown,no,9253291,legacy_keyword_mapping,/Users/zilongzeng/Documents/data/hongjun/no/009_253291.wav,hongjun/no/009_253291.wav,emergency,0.9375,0.9375,0.0234375,0.0390625,"[112, -122, -118]",False,,,,,,,,,,,,,0.21191593259572983,1.1295420117676258,0.6775419460609555,2.024458022788167
61,hongjun,unknown,one,243418,legacy_keyword_mapping,/Users/zilongzeng/Documents/data/hongjun/one/000_243418.wav,hongjun/one/000_243418.wav,unknown,0.99609375,0.0,0.0,0.99609375,"[-128, -128, 127]",True,,,,,,,,,,,,,0.06104202475398779,1.454707933589816,0.7137079956009984,2.2358749993145466
62,hongjun,unknown,one,1247791,legacy_keyword_mapping,/Users/zilongzeng/Documents/data/hongjun/one/001_247791.wav,hongjun/one/001_247791.wav,unknown,0.99609375,0.0,0.0,0.99609375,"[-128, -128, 127]",True,,,,,,,,,,,,,0.07233407814055681,1.3048750115558505,0.6859170971438289,2.069292007945478
63,hongjun,unknown,one,2251570,legacy_keyword_mapping,/Users/zilongzeng/Documents/data/hongjun/one/002_251570.wav,hongjun/one/002_251570.wav,emergency,0.76953125,0.76953125,0.0,0.23046875,"[69, -128, -69]",False,,,,,,,,,,,,,0.0867500202730298,1.2065829942002892,0.645000021904707,1.9432499539107084
64,hongjun,unknown,one,3255381,legacy_keyword_mapping,/Users/zilongzeng/Documents/data/hongjun/one/003_255381.wav,hongjun/one/003_255381.wav,emergency,0.9609375,0.9609375,0.0,0.0390625,"[118, -128, -118]",False,,,,,,,,,,,,,0.21133397240191698,1.1382920201867819,0.6838340777903795,2.0395410247147083
65,hongjun,unknown,one,4259241,legacy_keyword_mapping,/Users/zilongzeng/Documents/data/hongjun/one/004_259241.wav,hongjun/one/004_259241.wav,unknown,0.953125,0.046875,0.0,0.953125,"[-116, -128, 116]",True,,,,,,,,,,,,,0.21362502593547106,1.397166051901877,0.7186249131336808,2.3369169794023037
66,hongjun,unknown,one,5263376,legacy_keyword_mapping,/Users/zilongzeng/Documents/data/hongjun/one/005_263376.wav,hongjun/one/005_263376.wav,unknown,0.99609375,0.0,0.0,0.99609375,"[-128, -128, 127]",True,,,,,,,,,,,,,0.23304205387830734,1.2974159326404333,0.7117500063031912,2.249125041998923
67,hongjun,unknown,one,6267747,legacy_keyword_mapping,/Users/zilongzeng/Documents/data/hongjun/one/006_267747.wav,hongjun/one/006_267747.wav,emergency,0.99609375,0.99609375,0.0,0.0,"[127, -128, -128]",False,,,,,,,,,,,,,0.23450003936886787,1.2387499446049333,0.6852920632809401,2.164500067010522
68,hongjun,unknown,one,7271256,legacy_keyword_mapping,/Users/zilongzeng/Documents/data/hongjun/one/007_271256.wav,hongjun/one/007_271256.wav,emergency,0.99609375,0.99609375,0.0,0.0,"[127, -128, -128]",False,,,,,,,,,,,,,0.22041704505681992,1.147083006799221,0.7203329587355256,2.097250078804791
69,hongjun,unknown,one,8275661,legacy_keyword_mapping,/Users/zilongzeng/Documents/data/hongjun/one/008_275661.wav,hongjun/one/008_275661.wav,emergency,0.97265625,0.97265625,0.0,0.02734375,"[121, -128, -121]",False,,,,,,,,,,,,,0.19970897119492292,1.2979169841855764,0.7178749656304717,2.221749979071319
70,hongjun,unknown,one,9279105,legacy_keyword_mapping,/Users/zilongzeng/Documents/data/hongjun/one/009_279105.wav,hongjun/one/009_279105.wav,unknown,0.99609375,0.0,0.0,0.99609375,"[-128, -128, 127]",True,,,,,,,,,,,,,0.19962491933256388,1.3035830343142152,0.717374961823225,2.226624987088144
71,hongjun,movement,right,400560,legacy_keyword_mapping,/Users/zilongzeng/Documents/data/hongjun/right/000_400560.wav,hongjun/right/000_400560.wav,movement,0.99609375,0.0,0.99609375,0.0,"[-128, 127, -128]",True,,,,,,,,,,,,,0.20833301823586226,1.132915960624814,0.6839580601081252,2.0299999741837382
72,hongjun,movement,right,1404088,legacy_keyword_mapping,/Users/zilongzeng/Documents/data/hongjun/right/001_404088.wav,hongjun/right/001_404088.wav,movement,0.99609375,0.0,0.99609375,0.0,"[-128, 127, -128]",True,,,,,,,,,,,,,0.19495806191116571,1.1287080124020576,0.722500029951334,2.056417055428028
73,hongjun,movement,right,2729419,legacy_keyword_mapping,/Users/zilongzeng/Documents/data/hongjun/right/002_729419.wav,hongjun/right/002_729419.wav,movement,0.99609375,0.0,0.99609375,0.0,"[-128, 127, -128]",True,,,,,,,,,,,,,0.2251660916954279,1.459375023841858,0.7174169877544045,2.4077079724520445
74,hongjun,movement,right,3733615,legacy_keyword_mapping,/Users/zilongzeng/Documents/data/hongjun/right/003_733615.wav,hongjun/right/003_733615.wav,movement,0.99609375,0.0,0.99609375,0.0,"[-128, 127, -128]",True,,,,,,,,,,,,,0.06891705561429262,1.2942079920321703,0.7007919484749436,2.068875008262694
75,hongjun,movement,right,4736882,legacy_keyword_mapping,/Users/zilongzeng/Documents/data/hongjun/right/004_736882.wav,hongjun/right/004_736882.wav,movement,0.99609375,0.0,0.99609375,0.0,"[-128, 127, -128]",True,,,,,,,,,,,,,0.20399992354214191,1.1169170029461384,0.6536670261994004,1.9797079730778933
76,hongjun,movement,right,5739992,legacy_keyword_mapping,/Users/zilongzeng/Documents/data/hongjun/right/005_739992.wav,hongjun/right/005_739992.wav,movement,0.99609375,0.0,0.99609375,0.0,"[-128, 127, -128]",True,,,,,,,,,,,,,0.2049170434474945,1.3809169176965952,0.7044590311124921,2.2960409987717867
77,hongjun,movement,right,6743052,legacy_keyword_mapping,/Users/zilongzeng/Documents/data/hongjun/right/006_743052.wav,hongjun/right/006_743052.wav,movement,0.99609375,0.0,0.99609375,0.0,"[-128, 127, -128]",True,,,,,,,,,,,,,0.06570899859070778,1.2813749490305781,0.6911250529810786,2.044250024482608
78,hongjun,movement,right,7746129,legacy_keyword_mapping,/Users/zilongzeng/Documents/data/hongjun/right/007_746129.wav,hongjun/right/007_746129.wav,unknown,0.765625,0.046875,0.1875,0.765625,"[-116, -80, 68]",False,,,,,,,,,,,,,0.06408302579075098,1.191208022646606,0.7015420123934746,1.961749978363514
79,hongjun,movement,right,8749813,legacy_keyword_mapping,/Users/zilongzeng/Documents/data/hongjun/right/008_749813.wav,hongjun/right/008_749813.wav,movement,0.99609375,0.0,0.99609375,0.0,"[-128, 127, -128]",True,,,,,,,,,,,,,0.06837502587586641,1.2189169647172093,0.6547500379383564,1.9468340324237943
80,hongjun,movement,right,9754347,legacy_keyword_mapping,/Users/zilongzeng/Documents/data/hongjun/right/009_754347.wav,hongjun/right/009_754347.wav,movement,0.99609375,0.0,0.99609375,0.0,"[-128, 127, -128]",True,,,,,,,,,,,,,0.06495800334960222,1.2698749778792262,0.7309169741347432,2.0730000687763095
81,hongjun,emergency,stop,1275842,legacy_keyword_mapping,/Users/zilongzeng/Documents/data/hongjun/stop/001_275842.wav,hongjun/stop/001_275842.wav,movement,0.99609375,0.0,0.99609375,0.00390625,"[-128, 127, -127]",False,,,,,,,,,,,,,0.22491707932204008,1.4219169970601797,0.6773748900741339,2.330333925783634
82,hongjun,emergency,stop,2279973,legacy_keyword_mapping,/Users/zilongzeng/Documents/data/hongjun/stop/002_279973.wav,hongjun/stop/002_279973.wav,movement,0.99609375,0.0,0.99609375,0.0,"[-128, 127, -128]",False,,,,,,,,,,,,,0.21783297415822744,1.2868749909102917,0.6669999565929174,2.176583046093583
83,hongjun,emergency,stop,3283688,legacy_keyword_mapping,/Users/zilongzeng/Documents/data/hongjun/stop/003_283688.wav,hongjun/stop/003_283688.wav,movement,0.765625,0.08203125,0.765625,0.15234375,"[-107, 68, -89]",False,,,,,,,,,,,,,0.07025001104921103,1.131500001065433,0.6527500227093697,1.8591670086607337
84,hongjun,emergency,stop,4287131,legacy_keyword_mapping,/Users/zilongzeng/Documents/data/hongjun/stop/004_287131.wav,hongjun/stop/004_287131.wav,movement,0.99609375,0.0,0.99609375,0.0,"[-128, 127, -128]",False,,,,,,,,,,,,,0.059416983276605606,1.1839999351650476,0.7052920991554856,1.9544159295037389
85,hongjun,emergency,stop,5290401,legacy_keyword_mapping,/Users/zilongzeng/Documents/data/hongjun/stop/005_290401.wav,hongjun/stop/005_290401.wav,emergency,0.91796875,0.91796875,0.0,0.08203125,"[107, -128, -107]",True,,,,,,,,,,,,,0.08329097181558609,1.3878330355510116,0.6867499323561788,2.16420809738338
86,hongjun,emergency,stop,6293670,legacy_keyword_mapping,/Users/zilongzeng/Documents/data/hongjun/stop/006_293670.wav,hongjun/stop/006_293670.wav,movement,0.99609375,0.0,0.99609375,0.0,"[-128, 127, -128]",False,,,,,,,,,,,,,0.06804103031754494,1.2445830507203937,0.6893749814480543,2.007042057812214
87,hongjun,emergency,stop,7297994,legacy_keyword_mapping,/Users/zilongzeng/Documents/data/hongjun/stop/007_297994.wav,hongjun/stop/007_297994.wav,movement,0.984375,0.0,0.984375,0.015625,"[-128, 124, -124]",False,,,,,,,,,,,,,0.06954104173928499,1.1173749808222055,0.655125011689961,1.846957951784134
88,hongjun,emergency,stop,8301695,legacy_keyword_mapping,/Users/zilongzeng/Documents/data/hongjun/stop/008_301695.wav,hongjun/stop/008_301695.wav,movement,0.99609375,0.0,0.99609375,0.0,"[-128, 127, -128]",False,,,,,,,,,,,,,0.0616670586168766,1.1750420089811087,0.7248750189319253,1.9681249978020787
89,hongjun,emergency,stop,9305987,legacy_keyword_mapping,/Users/zilongzeng/Documents/data/hongjun/stop/009_305987.wav,hongjun/stop/009_305987.wav,movement,0.6796875,0.3046875,0.6796875,0.015625,"[-50, 46, -124]",False,,,,,,,,,,,,,0.0737080117687583,1.3117080088704824,0.7133340695872903,2.104041981510818
90,hongjun,emergency,stop,10320537,legacy_keyword_mapping,/Users/zilongzeng/Documents/data/hongjun/stop/010_320537.wav,hongjun/stop/010_320537.wav,movement,0.99609375,0.0,0.99609375,0.0,"[-128, 127, -128]",False,,,,,,,,,,,,,0.061249942518770695,1.4474160270765424,0.6397500401362777,2.157042035833001
91,hongjun,unknown,two,283696,legacy_keyword_mapping,/Users/zilongzeng/Documents/data/hongjun/two/000_283696.wav,hongjun/two/000_283696.wav,unknown,0.7734375,0.1875,0.0390625,0.7734375,"[-80, -118, 70]",True,,,,,,,,,,,,,0.305499997921288,1.195583026856184,0.6607499672099948,2.167458995245397
92,hongjun,unknown,two,1287387,legacy_keyword_mapping,/Users/zilongzeng/Documents/data/hongjun/two/001_287387.wav,hongjun/two/001_287387.wav,emergency,0.89453125,0.89453125,0.00390625,0.09765625,"[101, -127, -103]",False,,,,,,,,,,,,,0.2270829863846302,1.252459012903273,0.714791938662529,2.199999988079071
93,hongjun,unknown,two,2290528,legacy_keyword_mapping,/Users/zilongzeng/Documents/data/hongjun/two/002_290528.wav,hongjun/two/002_290528.wav,unknown,0.99609375,0.0,0.0,0.99609375,"[-128, -128, 127]",True,,,,,,,,,,,,,0.08995807729661465,1.306000049225986,0.6917499704286456,2.0941250259056687
94,hongjun,unknown,two,3293973,legacy_keyword_mapping,/Users/zilongzeng/Documents/data/hongjun/two/003_293973.wav,hongjun/two/003_293973.wav,movement,0.9921875,0.00390625,0.9921875,0.00390625,"[-127, 126, -127]",False,,,,,,,,,,,,,0.20545802544802427,1.2290000449866056,0.7065420504659414,2.145749982446432
95,hongjun,unknown,two,4297865,legacy_keyword_mapping,/Users/zilongzeng/Documents/data/hongjun/two/004_297865.wav,hongjun/two/004_297865.wav,emergency,0.99609375,0.99609375,0.0,0.0,"[127, -128, -128]",False,,,,,,,,,,,,,0.21970807574689388,1.1449999874457717,0.6575830047950149,2.0269579254090786
96,hongjun,unknown,two,5301120,legacy_keyword_mapping,/Users/zilongzeng/Documents/data/hongjun/two/005_301120.wav,hongjun/two/005_301120.wav,emergency,0.99609375,0.99609375,0.0,0.0,"[127, -128, -128]",False,,,,,,,,,,,,,0.056999968364834785,1.2290830491110682,0.7171669276431203,2.0098750246688724
97,hongjun,unknown,wow,274209,legacy_keyword_mapping,/Users/zilongzeng/Documents/data/hongjun/wow/000_274209.wav,hongjun/wow/000_274209.wav,movement,0.984375,0.015625,0.984375,0.0,"[-124, 124, -128]",False,,,,,,,,,,,,,0.08579203858971596,1.287416904233396,0.6909159710630774,2.0702920155599713
98,hongjun,unknown,wow,1277544,legacy_keyword_mapping,/Users/zilongzeng/Documents/data/hongjun/wow/001_277544.wav,hongjun/wow/001_277544.wav,emergency,0.83203125,0.83203125,0.16796875,0.0,"[85, -85, -128]",False,,,,,,,,,,,,,0.20462495740503073,1.323042088188231,0.7153339684009552,2.248042030259967
99,hongjun,unknown,wow,2283467,legacy_keyword_mapping,/Users/zilongzeng/Documents/data/hongjun/wow/002_283467.wav,hongjun/wow/002_283467.wav,movement,0.99609375,0.0,0.99609375,0.0,"[-128, 127, -128]",False,,,,,,,,,,,,,0.06712495815008879,1.1852909810841084,0.7232080679386854,1.9852499244734645
100,hongjun,unknown,wow,3286751,legacy_keyword_mapping,/Users/zilongzeng/Documents/data/hongjun/wow/003_286751.wav,hongjun/wow/003_286751.wav,movement,0.96875,0.03125,0.96875,0.0,"[-120, 120, -128]",False,,,,,,,,,,,,,0.07950002327561378,1.3318749843165278,0.7141249952837825,2.1316250786185265
101,hongjun,unknown,wow,4290434,legacy_keyword_mapping,/Users/zilongzeng/Documents/data/hongjun/wow/004_290434.wav,hongjun/wow/004_290434.wav,unknown,0.6796875,0.015625,0.3046875,0.6796875,"[-124, -50, 46]",True,,,,,,,,,,,,,0.08458399679511786,1.3473329599946737,0.7173329358920455,2.155833994038403
102,hongjun,unknown,wow,5301561,legacy_keyword_mapping,/Users/zilongzeng/Documents/data/hongjun/wow/005_301561.wav,hongjun/wow/005_301561.wav,emergency,0.96875,0.96875,0.03125,0.0,"[120, -120, -128]",False,,,,,,,,,,,,,0.23766595404595137,1.1967499740421772,0.6562499329447746,2.09516694303602
103,hongjun,unknown,wow,6304653,legacy_keyword_mapping,/Users/zilongzeng/Documents/data/hongjun/wow/006_304653.wav,hongjun/wow/006_304653.wav,emergency,0.99609375,0.99609375,0.0,0.0,"[127, -128, -128]",False,,,,,,,,,,,,,0.225124997086823,1.3520409120246768,0.6645000539720058,2.2470420226454735
104,hongjun,unknown,wow,7308082,legacy_keyword_mapping,/Users/zilongzeng/Documents/data/hongjun/wow/007_308082.wav,hongjun/wow/007_308082.wav,movement,0.99609375,0.0,0.99609375,0.0,"[-128, 127, -128]",False,,,,,,,,,,,,,0.06758398376405239,1.1822920059785247,0.673915958032012,1.930041005834937
105,hongjun,unknown,wow,8311366,legacy_keyword_mapping,/Users/zilongzeng/Documents/data/hongjun/wow/008_311366.wav,hongjun/wow/008_311366.wav,movement,0.73046875,0.265625,0.73046875,0.00390625,"[-60, 59, -127]",False,,,,,,,,,,,,,0.06454205140471458,1.1124999728053808,0.6570830009877682,1.8385839648544788
106,hongjun,unknown,wow,9314682,legacy_keyword_mapping,/Users/zilongzeng/Documents/data/hongjun/wow/009_314682.wav,hongjun/wow/009_314682.wav,unknown,0.96875,0.03125,0.0,0.96875,"[-120, -128, 120]",True,,,,,,,,,,,,,0.20187499467283487,1.1047499720007181,0.6676659686490893,1.9792909733951092
107,hongjun,unknown,yes,329369,legacy_keyword_mapping,/Users/zilongzeng/Documents/data/hongjun/yes/000_329369.wav,hongjun/yes/000_329369.wav,emergency,0.984375,0.984375,0.015625,0.0,"[124, -124, -128]",False,,,,,,,,,,,,,0.20470889285206795,1.1075000511482358,0.7075839675962925,2.0257500000298023
108,hongjun,unknown,yes,1333026,legacy_keyword_mapping,/Users/zilongzeng/Documents/data/hongjun/yes/001_333026.wav,hongjun/yes/001_333026.wav,emergency,0.99609375,0.99609375,0.0,0.0,"[127, -128, -128]",False,,,,,,,,,,,,,0.21120801102370024,1.1850419687107205,0.7271249778568745,2.1335419733077288
109,hongjun,unknown,yes,2336981,legacy_keyword_mapping,/Users/zilongzeng/Documents/data/hongjun/yes/002_336981.wav,hongjun/yes/002_336981.wav,emergency,0.859375,0.859375,0.140625,0.0,"[92, -92, -128]",False,,,,,,,,,,,,,0.23458304349333048,1.3368329964578152,0.7146670250222087,2.2917920723557472
110,hongjun,unknown,yes,3340600,legacy_keyword_mapping,/Users/zilongzeng/Documents/data/hongjun/yes/003_340600.wav,hongjun/yes/003_340600.wav,movement,0.99609375,0.0,0.99609375,0.0,"[-128, 127, -128]",False,,,,,,,,,,,,,0.23220793809741735,1.247667009010911,0.6690840236842632,2.15533294249326
111,hongjun,unknown,yes,4344509,legacy_keyword_mapping,/Users/zilongzeng/Documents/data/hongjun/yes/004_344509.wav,hongjun/yes/004_344509.wav,emergency,0.99609375,0.99609375,0.0,0.0,"[127, -128, -128]",False,,,,,,,,,,,,,0.06679201032966375,1.2445829343050718,0.6547500379383564,1.9709579646587372
112,hongjun,unknown,yes,5348321,legacy_keyword_mapping,/Users/zilongzeng/Documents/data/hongjun/yes/005_348321.wav,hongjun/yes/005_348321.wav,emergency,0.64453125,0.64453125,0.00390625,0.3515625,"[37, -127, -38]",False,,,,,,,,,,,,,0.06154191214591265,1.291792024858296,0.7052089786157012,2.0642500603571534
113,hongjun,unknown,yes,6351479,legacy_keyword_mapping,/Users/zilongzeng/Documents/data/hongjun/yes/006_351479.wav,hongjun/yes/006_351479.wav,unknown,0.99609375,0.0,0.0,0.99609375,"[-128, -128, 127]",True,,,,,,,,,,,,,0.07979199290275574,1.2697080383077264,0.7045000093057752,2.059958060272038
114,hongjun,unknown,yes,7367835,legacy_keyword_mapping,/Users/zilongzeng/Documents/data/hongjun/yes/007_367835.wav,hongjun/yes/007_367835.wav,emergency,0.99609375,0.99609375,0.0,0.0,"[127, -128, -128]",False,,,,,,,,,,,,,0.08162506856024265,1.2651669094339013,0.6562080234289169,2.0078340312466025
115,hongjun,unknown,yes,8202808,legacy_keyword_mapping,/Users/zilongzeng/Documents/data/hongjun/yes/008_202808.wav,hongjun/yes/008_202808.wav,unknown,0.99609375,0.0,0.0,0.99609375,"[-128, -128, 127]",True,,,,,,,,,,,,,0.06133399438112974,1.293832901865244,0.65370905213058,2.0140829728916287
116,hongjun,unknown,yes,9208922,legacy_keyword_mapping,/Users/zilongzeng/Documents/data/hongjun/yes/009_208922.wav,hongjun/yes/009_208922.wav,emergency,0.984375,0.984375,0.015625,0.0,"[124, -124, -128]",False,,,,,,,,,,,,,0.0658340286463499,1.2522919569164515,0.7307910127565265,2.0565829472616315
117,hongjun,unknown,yes,10212848,legacy_keyword_mapping,/Users/zilongzeng/Documents/data/hongjun/yes/010_212848.wav,hongjun/yes/010_212848.wav,movement,0.98828125,0.0078125,0.98828125,0.00390625,"[-126, 125, -127]",False,,,,,,,,,,,,,0.0902919564396143,1.305708079598844,0.7156669162213802,2.117583993822336
118,junxi,movement,down,760849,legacy_keyword_mapping,/Users/zilongzeng/Documents/data/junxi/down/000_760849.wav,junxi/down/000_760849.wav,emergency,0.90234375,0.90234375,0.09765625,0.0,"[103, -103, -128]",False,,,,,,,,,,,,,0.21666695829480886,1.2539579765871167,0.660959049127996,2.137665986083448
119,junxi,movement,down,1764136,legacy_keyword_mapping,/Users/zilongzeng/Documents/data/junxi/down/001_764136.wav,junxi/down/001_764136.wav,emergency,0.73046875,0.73046875,0.265625,0.00390625,"[59, -60, -127]",False,,,,,,,,,,,,,0.20950008183717728,1.1707498924806714,0.6561250193044543,2.0409170538187027
120,junxi,movement,down,2767211,legacy_keyword_mapping,/Users/zilongzeng/Documents/data/junxi/down/002_767211.wav,junxi/down/002_767211.wav,unknown,0.890625,0.06640625,0.04296875,0.890625,"[-111, -117, 100]",False,,,,,,,,,,,,,0.19391707610338926,1.3786249328404665,0.7200000109151006,2.2994159953668714
121,junxi,movement,down,3770319,legacy_keyword_mapping,/Users/zilongzeng/Documents/data/junxi/down/003_770319.wav,junxi/down/003_770319.wav,movement,0.99609375,0.0,0.99609375,0.0,"[-128, 127, -128]",True,,,,,,,,,,,,,0.19395793788135052,1.3728750636801124,0.6466669728979468,2.2220000391826034
122,junxi,movement,down,4773346,legacy_keyword_mapping,/Users/zilongzeng/Documents/data/junxi/down/004_773346.wav,junxi/down/004_773346.wav,movement,0.99609375,0.0,0.99609375,0.0,"[-128, 127, -128]",True,,,,,,,,,,,,,0.29645801987499,1.2097079306840897,0.699375057592988,2.2110830759629607
123,junxi,movement,down,5776473,legacy_keyword_mapping,/Users/zilongzeng/Documents/data/junxi/down/005_776473.wav,junxi/down/005_776473.wav,movement,0.59765625,0.40234375,0.59765625,0.0,"[-25, 25, -128]",True,,,,,,,,,,,,,0.20804197993129492,1.1935839429497719,0.738833099603653,2.1485829493030906
124,junxi,movement,down,6779932,legacy_keyword_mapping,/Users/zilongzeng/Documents/data/junxi/down/006_779932.wav,junxi/down/006_779932.wav,movement,0.99609375,0.0,0.99609375,0.0,"[-128, 127, -128]",True,,,,,,,,,,,,,0.20004203543066978,1.269417000003159,0.7141249952837825,2.188917016610503
125,junxi,movement,down,7783425,legacy_keyword_mapping,/Users/zilongzeng/Documents/data/junxi/down/007_783425.wav,junxi/down/007_783425.wav,movement,0.99609375,0.0,0.99609375,0.0,"[-128, 127, -128]",True,,,,,,,,,,,,,0.19645900465548038,1.2402500724419951,0.6612080615013838,2.1033340599387884
126,junxi,movement,down,8786486,legacy_keyword_mapping,/Users/zilongzeng/Documents/data/junxi/down/008_786486.wav,junxi/down/008_786486.wav,movement,0.9921875,0.0078125,0.9921875,0.0,"[-126, 126, -128]",True,,,,,,,,,,,,,0.21674996241927147,1.1729169636964798,0.7309999782592058,2.129000029526651
127,junxi,movement,down,9789962,legacy_keyword_mapping,/Users/zilongzeng/Documents/data/junxi/down/009_789962.wav,junxi/down/009_789962.wav,movement,0.8046875,0.1953125,0.8046875,0.0,"[-78, 78, -128]",True,,,,,,,,,,,,,0.20116602536290884,1.2520418968051672,0.7150000892579556,2.174291992560029
128,junxi,movement,down,11459183,legacy_keyword_mapping,/Users/zilongzeng/Documents/data/junxi/down/011_459183.wav,junxi/down/011_459183.wav,emergency,0.99609375,0.99609375,0.00390625,0.0,"[127, -127, -128]",False,,,,,,,,,,,,,0.19404094200581312,1.3149159494787455,0.705749960616231,2.22100003156811
129,junxi,movement,down,12462051,legacy_keyword_mapping,/Users/zilongzeng/Documents/data/junxi/down/012_462051.wav,junxi/down/012_462051.wav,emergency,0.83203125,0.83203125,0.13671875,0.03125,"[85, -93, -120]",False,,,,,,,,,,,,,0.1952920574694872,1.2067919597029686,0.7241670973598957,2.1322499960660934
130,junxi,movement,down,13465257,legacy_keyword_mapping,/Users/zilongzeng/Documents/data/junxi/down/013_465257.wav,junxi/down/013_465257.wav,movement,0.99609375,0.0,0.99609375,0.0,"[-128, 127, -128]",True,,,,,,,,,,,,,0.21537509746849537,1.220707898028195,0.7353329565376043,2.179957926273346
131,junxi,movement,down,14468510,legacy_keyword_mapping,/Users/zilongzeng/Documents/data/junxi/down/014_468510.wav,junxi/down/014_468510.wav,emergency,0.99609375,0.99609375,0.0,0.0,"[127, -128, -128]",False,,,,,,,,,,,,,0.2122499281540513,1.314333057962358,0.7033749716356397,2.235666965134442
132,junxi,movement,down,15471508,legacy_keyword_mapping,/Users/zilongzeng/Documents/data/junxi/down/015_471508.wav,junxi/down/015_471508.wav,emergency,0.99609375,0.99609375,0.0,0.0,"[127, -128, -128]",False,,,,,,,,,,,,,0.2134579699486494,1.2601660564541817,0.7119158981367946,2.1915839752182364
133,junxi,movement,down,16474685,legacy_keyword_mapping,/Users/zilongzeng/Documents/data/junxi/down/016_474685.wav,junxi/down/016_474685.wav,movement,0.99609375,0.0,0.99609375,0.0,"[-128, 127, -128]",True,,,,,,,,,,,,,0.21254201419651508,1.205249922350049,0.6745409918949008,2.097208984196186
134,junxi,movement,down,17478486,legacy_keyword_mapping,/Users/zilongzeng/Documents/data/junxi/down/017_478486.wav,junxi/down/017_478486.wav,unknown,0.68359375,0.3046875,0.01171875,0.68359375,"[-50, -125, 47]",False,,,,,,,,,,,,,0.21587510127574205,1.3533750316128135,0.714167021214962,2.289750031195581
135,junxi,movement,down,18481467,legacy_keyword_mapping,/Users/zilongzeng/Documents/data/junxi/down/018_481467.wav,junxi/down/018_481467.wav,emergency,0.8046875,0.8046875,0.1953125,0.0,"[78, -78, -128]",False,,,,,,,,,,,,,0.2193329855799675,1.2647910043597221,0.7069999119266868,2.1965838968753815
136,junxi,movement,down,19485473,legacy_keyword_mapping,/Users/zilongzeng/Documents/data/junxi/down/019_485473.wav,junxi/down/019_485473.wav,emergency,0.99609375,0.99609375,0.0,0.0,"[127, -128, -128]",False,,,,,,,,,,,,,0.20170805510133505,1.2758339289575815,0.7101669907569885,2.193999942392111
137,junxi,movement,down,20488842,legacy_keyword_mapping,/Users/zilongzeng/Documents/data/junxi/down/020_488842.wav,junxi/down/020_488842.wav,unknown,0.99609375,0.00390625,0.0,0.99609375,"[-127, -128, 127]",False,,,,,,,,,,,,,0.2246660878881812,1.3062499929219484,0.6866250187158585,2.2230829345062375
138,junxi,movement,follow,796690,legacy_keyword_mapping,/Users/zilongzeng/Documents/data/junxi/follow/000_796690.wav,junxi/follow/000_796690.wav,emergency,0.99609375,0.99609375,0.0,0.0,"[127, -128, -128]",False,,,,,,,,,,,,,0.21266599651426077,1.3040000339969993,0.706166960299015,2.229625009931624
139,junxi,movement,follow,1800168,legacy_keyword_mapping,/Users/zilongzeng/Documents/data/junxi/follow/001_800168.wav,junxi/follow/001_800168.wav,movement,0.99609375,0.0,0.99609375,0.0,"[-128, 127, -128]",True,,,,,,,,,,,,,0.21633307915180922,1.2914169346913695,0.708624953404069,2.2218750091269612
140,junxi,movement,follow,2803483,legacy_keyword_mapping,/Users/zilongzeng/Documents/data/junxi/follow/002_803483.wav,junxi/follow/002_803483.wav,emergency,0.5,0.5,0.0,0.5,"[0, -128, 0]",False,,,,,,,,,,,,,0.20333391148597002,1.19162502232939,0.6721250247210264,2.0723750349134207
141,junxi,movement,follow,3806559,legacy_keyword_mapping,/Users/zilongzeng/Documents/data/junxi/follow/003_806559.wav,junxi/follow/003_806559.wav,emergency,0.98828125,0.98828125,0.01171875,0.0,"[125, -125, -128]",False,,,,,,,,,,,,,0.22854097187519073,1.2239170027896762,0.6934170378372073,2.152999979443848
142,junxi,movement,follow,4809810,legacy_keyword_mapping,/Users/zilongzeng/Documents/data/junxi/follow/004_809810.wav,junxi/follow/004_809810.wav,movement,0.94921875,0.0234375,0.94921875,0.0234375,"[-122, 115, -122]",True,,,,,,,,,,,,,0.22033299319446087,1.248458051122725,0.7107919082045555,2.185459015890956
143,junxi,movement,follow,5813288,legacy_keyword_mapping,/Users/zilongzeng/Documents/data/junxi/follow/005_813288.wav,junxi/follow/005_813288.wav,emergency,0.99609375,0.99609375,0.00390625,0.0,"[127, -127, -128]",False,,,,,,,,,,,,,0.1937500201165676,1.244500046595931,0.698207993991673,2.1420830162242055
144,junxi,movement,follow,6816413,legacy_keyword_mapping,/Users/zilongzeng/Documents/data/junxi/follow/006_816413.wav,junxi/follow/006_816413.wav,movement,0.99609375,0.0,0.99609375,0.0,"[-128, 127, -128]",True,,,,,,,,,,,,,0.19991700537502766,1.225917018018663,0.716750044375658,2.1484580356627703
145,junxi,movement,follow,7819665,legacy_keyword_mapping,/Users/zilongzeng/Documents/data/junxi/follow/007_819665.wav,junxi/follow/007_819665.wav,emergency,0.9453125,0.9453125,0.0546875,0.0,"[114, -114, -128]",False,,,,,,,,,,,,,0.21191593259572983,1.1495830258354545,0.793374958448112,2.19308293890208
146,junxi,movement,follow,8822742,legacy_keyword_mapping,/Users/zilongzeng/Documents/data/junxi/follow/008_822742.wav,junxi/follow/008_822742.wav,movement,0.99609375,0.0,0.99609375,0.0,"[-128, 127, -128]",True,,,,,,,,,,,,,0.15125004574656487,1.2268749997019768,0.7111669983714819,2.0952500635758042
147,junxi,movement,follow,9825851,legacy_keyword_mapping,/Users/zilongzeng/Documents/data/junxi/follow/009_825851.wav,junxi/follow/009_825851.wav,movement,0.99609375,0.0,0.99609375,0.0,"[-128, 127, -128]",True,,,,,,,,,,,,,0.1962080132216215,1.1985829332843423,0.7114999461919069,2.111832960508764
148,junxi,movement,follow,10495337,legacy_keyword_mapping,/Users/zilongzeng/Documents/data/junxi/follow/010_495337.wav,junxi/follow/010_495337.wav,movement,0.99609375,0.0,0.99609375,0.0,"[-128, 127, -128]",True,,,,,,,,,,,,,0.2104579471051693,1.2078749714419246,0.7104170508682728,2.1340419771149755
149,junxi,movement,follow,11498605,legacy_keyword_mapping,/Users/zilongzeng/Documents/data/junxi/follow/011_498605.wav,junxi/follow/011_498605.wav,emergency,0.99609375,0.99609375,0.0,0.0,"[127, -128, -128]",False,,,,,,,,,,,,,0.06645906250923872,1.1350419372320175,0.7045830134302378,1.9109579734504223
150,junxi,movement,follow,12502002,legacy_keyword_mapping,/Users/zilongzeng/Documents/data/junxi/follow/012_502002.wav,junxi/follow/012_502002.wav,emergency,0.9609375,0.9609375,0.0390625,0.0,"[118, -118, -128]",False,,,,,,,,,,,,,0.05641602911055088,1.1539580300450325,0.7274169474840164,1.944791991263628
151,junxi,movement,follow,13504280,legacy_keyword_mapping,/Users/zilongzeng/Documents/data/junxi/follow/013_504280.wav,junxi/follow/013_504280.wav,emergency,0.98828125,0.98828125,0.0078125,0.00390625,"[125, -126, -127]",False,,,,,,,,,,,,,0.07133395411074162,1.3021669583395123,0.70620805490762,2.085540909320116
152,junxi,movement,follow,14507646,legacy_keyword_mapping,/Users/zilongzeng/Documents/data/junxi/follow/014_507646.wav,junxi/follow/014_507646.wav,movement,0.99609375,0.0,0.99609375,0.0,"[-128, 127, -128]",True,,,,,,,,,,,,,0.2007919829338789,1.294333953410387,0.7249170448631048,2.2260419791564345
153,junxi,movement,follow,15511732,legacy_keyword_mapping,/Users/zilongzeng/Documents/data/junxi/follow/015_511732.wav,junxi/follow/015_511732.wav,movement,0.99609375,0.0,0.99609375,0.0,"[-128, 127, -128]",True,,,,,,,,,,,,,0.22479204926639795,1.2838749680668116,0.652290997095406,2.1699999924749136
154,junxi,movement,follow,16514830,legacy_keyword_mapping,/Users/zilongzeng/Documents/data/junxi/follow/016_514830.wav,junxi/follow/016_514830.wav,movement,0.99609375,0.0,0.99609375,0.0,"[-128, 127, -128]",True,,,,,,,,,,,,,0.15424995217472315,1.2863329611718655,0.6996250012889504,2.1462910808622837
155,junxi,movement,follow,17518084,legacy_keyword_mapping,/Users/zilongzeng/Documents/data/junxi/follow/017_518084.wav,junxi/follow/017_518084.wav,emergency,0.99609375,0.99609375,0.0,0.0,"[127, -128, -128]",False,,,,,,,,,,,,,0.06495893467217684,1.3897920725867152,0.6360000697895885,2.099165925756097
156,junxi,movement,follow,18522219,legacy_keyword_mapping,/Users/zilongzeng/Documents/data/junxi/follow/018_522219.wav,junxi/follow/018_522219.wav,emergency,0.88671875,0.88671875,0.078125,0.03515625,"[99, -108, -119]",False,,,,,,,,,,,,,0.15195796731859446,1.2209999840706587,0.7175829960033298,2.0979580003768206
157,junxi,movement,follow,19524674,legacy_keyword_mapping,/Users/zilongzeng/Documents/data/junxi/follow/019_524674.wav,junxi/follow/019_524674.wav,unknown,0.99609375,0.0,0.0,0.99609375,"[-128, -128, 127]",False,,,,,,,,,,,,,0.26345800142735243,1.1834169272333384,0.6545830983668566,2.1063340827822685
158,junxi,emergency,freeze,326819,legacy_keyword_mapping,/Users/zilongzeng/Documents/data/junxi/freeze/000_326819.wav,junxi/freeze/000_326819.wav,emergency,0.99609375,0.99609375,0.0,0.0,"[127, -128, -128]",True,,,,,,,,,,,,,0.19504199735820293,1.2426250614225864,0.7047919789329171,2.148417057469487
159,junxi,emergency,freeze,1330344,legacy_keyword_mapping,/Users/zilongzeng/Documents/data/junxi/freeze/001_330344.wav,junxi/freeze/001_330344.wav,unknown,0.99609375,0.0,0.0,0.99609375,"[-128, -128, 127]",False,,,,,,,,,,,,,0.2014170167967677,1.2684169923886657,0.6920420564711094,2.168209059163928
160,junxi,emergency,freeze,2333692,legacy_keyword_mapping,/Users/zilongzeng/Documents/data/junxi/freeze/002_333692.wav,junxi/freeze/002_333692.wav,unknown,0.99609375,0.0,0.0,0.99609375,"[-128, -128, 127]",False,,,,,,,,,,,,,0.07229205220937729,1.2100000167265534,0.6828329060226679,1.9701250130310655
161,junxi,emergency,freeze,3337167,legacy_keyword_mapping,/Users/zilongzeng/Documents/data/junxi/freeze/003_337167.wav,junxi/freeze/003_337167.wav,unknown,0.99609375,0.0,0.0,0.99609375,"[-128, -128, 127]",False,,,,,,,,,,,,,0.06916699931025505,1.1389169376343489,0.6487499922513962,1.861582975834608
162,junxi,emergency,freeze,4340258,legacy_keyword_mapping,/Users/zilongzeng/Documents/data/junxi/freeze/004_340258.wav,junxi/freeze/004_340258.wav,movement,0.99609375,0.0,0.99609375,0.0,"[-128, 127, -128]",False,,,,,,,,,,,,,0.07287494372576475,1.1544160079210997,0.7173750782385468,1.9508340628817677
163,junxi,emergency,freeze,5343496,legacy_keyword_mapping,/Users/zilongzeng/Documents/data/junxi/freeze/005_343496.wav,junxi/freeze/005_343496.wav,unknown,0.96875,0.0,0.03125,0.96875,"[-128, -120, 120]",False,,,,,,,,,,,,,0.20204205065965652,1.2591659324243665,0.7045000093057752,2.1715830080211163
164,junxi,emergency,freeze,6346828,legacy_keyword_mapping,/Users/zilongzeng/Documents/data/junxi/freeze/006_346828.wav,junxi/freeze/006_346828.wav,unknown,0.99609375,0.0,0.0,0.99609375,"[-128, -128, 127]",False,,,,,,,,,,,,,0.21312502212822437,1.2276250636205077,0.6925419438630342,2.138042007572949
165,junxi,emergency,freeze,7350274,legacy_keyword_mapping,/Users/zilongzeng/Documents/data/junxi/freeze/007_350274.wav,junxi/freeze/007_350274.wav,movement,0.734375,0.21875,0.734375,0.04296875,"[-72, 60, -117]",False,,,,,,,,,,,,,0.13925007078796625,1.1126669123768806,0.6682499079033732,1.9246250158175826
166,junxi,emergency,freeze,8353751,legacy_keyword_mapping,/Users/zilongzeng/Documents/data/junxi/freeze/008_353751.wav,junxi/freeze/008_353751.wav,unknown,0.99609375,0.0,0.0,0.99609375,"[-128, -128, 127]",False,,,,,,,,,,,,,0.2019589301198721,1.1922500561922789,0.708791078068316,2.1088330540806055
167,junxi,emergency,freeze,9357243,legacy_keyword_mapping,/Users/zilongzeng/Documents/data/junxi/freeze/009_357243.wav,junxi/freeze/009_357243.wav,unknown,0.99609375,0.0,0.0,0.99609375,"[-128, -128, 127]",False,,,,,,,,,,,,,0.07195794023573399,1.3291669311001897,0.7179999956861138,2.12524994276464
168,junxi,emergency,freeze,10714590,legacy_keyword_mapping,/Users/zilongzeng/Documents/data/junxi/freeze/010_714590.wav,junxi/freeze/010_714590.wav,emergency,0.99609375,0.99609375,0.0,0.0,"[127, -128, -128]",True,,,,,,,,,,,,,0.19179098308086395,1.2996250297874212,0.7044159574434161,2.2012079134583473
169,junxi,emergency,freeze,11718002,legacy_keyword_mapping,/Users/zilongzeng/Documents/data/junxi/freeze/011_718002.wav,junxi/freeze/011_718002.wav,emergency,0.91015625,0.91015625,0.0078125,0.08203125,"[105, -126, -107]",True,,,,,,,,,,,,,0.21887500770390034,1.1482909321784973,0.6492499960586429,2.02095799613744
170,junxi,emergency,freeze,12721527,legacy_keyword_mapping,/Users/zilongzeng/Documents/data/junxi/freeze/012_721527.wav,junxi/freeze/012_721527.wav,unknown,0.99609375,0.0,0.0,0.99609375,"[-128, -128, 127]",False,,,,,,,,,,,,,0.206666998565197,1.2278750073164701,0.6962079787626863,2.1369169699028134
171,junxi,emergency,freeze,13724542,legacy_keyword_mapping,/Users/zilongzeng/Documents/data/junxi/freeze/013_724542.wav,junxi/freeze/013_724542.wav,movement,0.99609375,0.0,0.99609375,0.0,"[-128, 127, -128]",False,,,,,,,,,,,,,0.26412494480609894,1.2861660216003656,0.7102919043973088,2.26658396422863
172,junxi,emergency,freeze,14727603,legacy_keyword_mapping,/Users/zilongzeng/Documents/data/junxi/freeze/014_727603.wav,junxi/freeze/014_727603.wav,emergency,0.85546875,0.85546875,0.0078125,0.140625,"[91, -126, -92]",True,,,,,,,,,,,,,0.21054199896752834,1.2540830066427588,0.6586660165339708,2.1282919915392995
173,junxi,emergency,freeze,15731145,legacy_keyword_mapping,/Users/zilongzeng/Documents/data/junxi/freeze/015_731145.wav,junxi/freeze/015_731145.wav,emergency,0.9765625,0.9765625,0.0,0.01953125,"[122, -128, -123]",True,,,,,,,,,,,,,0.2288749674335122,1.2041250010952353,0.656916992738843,2.094790921546519
174,junxi,emergency,freeze,16735073,legacy_keyword_mapping,/Users/zilongzeng/Documents/data/junxi/freeze/016_735073.wav,junxi/freeze/016_735073.wav,movement,0.99609375,0.0,0.99609375,0.0,"[-128, 127, -128]",False,,,,,,,,,,,,,0.05629193037748337,1.2988330563530326,0.7035419112071395,2.0641660084947944
175,junxi,emergency,freeze,17741577,legacy_keyword_mapping,/Users/zilongzeng/Documents/data/junxi/freeze/017_741577.wav,junxi/freeze/017_741577.wav,unknown,0.99609375,0.0,0.0,0.99609375,"[-128, -128, 127]",False,,,,,,,,,,,,,0.06933393888175488,1.221542013809085,0.7176250219345093,2.013707999140024
176,junxi,emergency,freeze,18747329,legacy_keyword_mapping,/Users/zilongzeng/Documents/data/junxi/freeze/018_747329.wav,junxi/freeze/018_747329.wav,emergency,0.4609375,0.4609375,0.07421875,0.4609375,"[-10, -109, -10]",True,,,,,,,,,,,,,0.06408290937542915,1.165500027127564,0.6692500319331884,1.9029999384656549
177,junxi,emergency,freeze,19755544,legacy_keyword_mapping,/Users/zilongzeng/Documents/data/junxi/freeze/019_755544.wav,junxi/freeze/019_755544.wav,emergency,0.54296875,0.54296875,0.16015625,0.296875,"[11, -87, -52]",True,,,,,,,,,,,,,0.20733301062136889,1.177542028017342,0.6591660203412175,2.0490840543061495
178,junxi,emergency,freeze,20761230,legacy_keyword_mapping,/Users/zilongzeng/Documents/data/junxi/freeze/020_761230.wav,junxi/freeze/020_761230.wav,unknown,0.99609375,0.0,0.0,0.99609375,"[-128, -128, 127]",False,,,,,,,,,,,,,0.2364999381825328,1.2870000209659338,0.7072079461067915,2.236417029052973
179,junxi,emergency,freeze,21767720,legacy_keyword_mapping,/Users/zilongzeng/Documents/data/junxi/freeze/021_767720.wav,junxi/freeze/021_767720.wav,emergency,0.59375,0.59375,0.01171875,0.39453125,"[24, -125, -27]",True,,,,,,,,,,,,,0.07616705261170864,1.2463330058380961,0.7068749982863665,2.0351670682430267
180,junxi,emergency,freeze,22775601,legacy_keyword_mapping,/Users/zilongzeng/Documents/data/junxi/freeze/022_775601.wav,junxi/freeze/022_775601.wav,emergency,0.91796875,0.91796875,0.04296875,0.03515625,"[107, -117, -119]",True,,,,,,,,,,,,,0.1954169711098075,1.4704159693792462,0.6575830047950149,2.3327500093728304
181,junxi,emergency,freeze,23345753,legacy_keyword_mapping,/Users/zilongzeng/Documents/data/junxi/freeze/023_345753.wav,junxi/freeze/023_345753.wav,unknown,0.40234375,0.26953125,0.328125,0.40234375,"[-59, -44, -25]",False,,,,,,,,,,,,,0.3185420064255595,1.2519590090960264,0.6717500509694219,2.250292105600238
182,junxi,emergency,freeze,24349916,legacy_keyword_mapping,/Users/zilongzeng/Documents/data/junxi/freeze/024_349916.wav,junxi/freeze/024_349916.wav,emergency,0.97265625,0.97265625,0.0,0.02734375,"[121, -128, -121]",True,,,,,,,,,,,,,0.07662491407245398,1.355209038592875,0.7107499986886978,2.1504999604076147
183,junxi,emergency,freeze,25353509,legacy_keyword_mapping,/Users/zilongzeng/Documents/data/junxi/freeze/025_353509.wav,junxi/freeze/025_353509.wav,movement,0.99609375,0.0,0.99609375,0.0,"[-128, 127, -128]",False,,,,,,,,,,,,,0.0827079638838768,1.2749159941449761,0.6893329555168748,2.0534999202936888
184,junxi,emergency,freeze,26356815,legacy_keyword_mapping,/Users/zilongzeng/Documents/data/junxi/freeze/026_356815.wav,junxi/freeze/026_356815.wav,movement,0.99609375,0.0,0.99609375,0.0,"[-128, 127, -128]",False,,,,,,,,,,,,,0.22845808416604996,1.3012080453336239,0.6551669212058187,2.1895000245422125
185,junxi,emergency,freeze,27360088,legacy_keyword_mapping,/Users/zilongzeng/Documents/data/junxi/freeze/027_360088.wav,junxi/freeze/027_360088.wav,unknown,0.99609375,0.0,0.0,0.99609375,"[-128, -128, 127]",False,,,,,,,,,,,,,0.22187503054738045,1.1399999493733048,0.7232079515233636,2.091541071422398
186,junxi,emergency,freeze,28363666,legacy_keyword_mapping,/Users/zilongzeng/Documents/data/junxi/freeze/028_363666.wav,junxi/freeze/028_363666.wav,movement,0.99609375,0.0,0.99609375,0.0,"[-128, 127, -128]",False,,,,,,,,,,,,,0.19837496802210808,1.3560840161517262,0.7132909959182143,2.2744169691577554
187,junxi,emergency,freeze,29366668,legacy_keyword_mapping,/Users/zilongzeng/Documents/data/junxi/freeze/029_366668.wav,junxi/freeze/029_366668.wav,movement,0.99609375,0.0,0.99609375,0.0,"[-128, 127, -128]",False,,,,,,,,,,,,,0.208458979614079,1.2521250173449516,0.6993339629843831,2.1668330300599337
188,junxi,emergency,freeze,30370359,legacy_keyword_mapping,/Users/zilongzeng/Documents/data/junxi/freeze/030_370359.wav,junxi/freeze/030_370359.wav,unknown,0.99609375,0.0,0.0,0.99609375,"[-128, -128, 127]",False,,,,,,,,,,,,,0.21812506020069122,1.257374999113381,0.666291918605566,2.146999933756888
189,junxi,emergency,freeze,31373472,legacy_keyword_mapping,/Users/zilongzeng/Documents/data/junxi/freeze/031_373472.wav,junxi/freeze/031_373472.wav,unknown,0.99609375,0.0,0.0,0.99609375,"[-128, -128, 127]",False,,,,,,,,,,,,,0.21462503354996443,1.201957929879427,0.7405000505968928,2.1977499127388
190,junxi,emergency,freeze,32376524,legacy_keyword_mapping,/Users/zilongzeng/Documents/data/junxi/freeze/032_376524.wav,junxi/freeze/032_376524.wav,movement,0.99609375,0.0,0.99609375,0.0,"[-128, 127, -128]",False,,,,,,,,,,,,,0.16279099509119987,1.2600000482052565,0.7233329815790057,2.1541250171139836
191,junxi,movement,go,205019,legacy_keyword_mapping,/Users/zilongzeng/Documents/data/junxi/go/000_205019.wav,junxi/go/000_205019.wav,emergency,0.8671875,0.8671875,0.015625,0.1171875,"[94, -124, -98]",False,,,,,,,,,,,,,0.10166608262807131,1.2528750812634826,0.7222079439088702,2.083166968077421
192,junxi,movement,go,1208607,legacy_keyword_mapping,/Users/zilongzeng/Documents/data/junxi/go/001_208607.wav,junxi/go/001_208607.wav,emergency,0.99609375,0.99609375,0.0,0.0,"[127, -128, -128]",False,,,,,,,,,,,,,0.07599999662488699,1.1290409602224827,0.7132909959182143,1.923082978464663
193,junxi,movement,go,2212514,legacy_keyword_mapping,/Users/zilongzeng/Documents/data/junxi/go/002_212514.wav,junxi/go/002_212514.wav,unknown,0.796875,0.12890625,0.0703125,0.796875,"[-95, -110, 76]",False,,,,,,,,,,,,,0.06391690112650394,1.1417920468375087,0.7051669526845217,1.9512500148266554
194,junxi,movement,go,3215989,legacy_keyword_mapping,/Users/zilongzeng/Documents/data/junxi/go/003_215989.wav,junxi/go/003_215989.wav,emergency,0.99609375,0.99609375,0.00390625,0.0,"[127, -127, -128]",False,,,,,,,,,,,,,0.2992920344695449,1.2725000269711018,0.7065000245347619,2.286250004544854
195,junxi,movement,go,4219497,legacy_keyword_mapping,/Users/zilongzeng/Documents/data/junxi/go/004_219497.wav,junxi/go/004_219497.wav,emergency,0.99609375,0.99609375,0.0,0.0,"[127, -128, -128]",False,,,,,,,,,,,,,0.234166975133121,1.1764999944716692,0.7071250583976507,2.123542013578117
196,junxi,movement,go,5222799,legacy_keyword_mapping,/Users/zilongzeng/Documents/data/junxi/go/005_222799.wav,junxi/go/005_222799.wav,emergency,0.90234375,0.90234375,0.09765625,0.0,"[103, -103, -128]",False,,,,,,,,,,,,,0.07037492468953133,1.110958051867783,0.6659580394625664,1.8523329636082053
197,junxi,movement,go,6226147,legacy_keyword_mapping,/Users/zilongzeng/Documents/data/junxi/go/006_226147.wav,junxi/go/006_226147.wav,movement,0.91796875,0.08203125,0.91796875,0.0,"[-107, 107, -128]",True,,,,,,,,,,,,,0.20033307373523712,1.218249904923141,0.6874169921502471,2.146999933756888
198,junxi,movement,go,7229785,legacy_keyword_mapping,/Users/zilongzeng/Documents/data/junxi/go/007_229785.wav,junxi/go/007_229785.wav,emergency,0.99609375,0.99609375,0.0,0.0,"[127, -128, -128]",False,,,,,,,,,,,,,0.30333397444337606,1.3334579998627305,0.7060830248519778,2.3502919357270002
199,junxi,movement,go,8233069,legacy_keyword_mapping,/Users/zilongzeng/Documents/data/junxi/go/008_233069.wav,junxi/go/008_233069.wav,emergency,0.99609375,0.99609375,0.0,0.0,"[127, -128, -128]",False,,,,,,,,,,,,,0.0791249331086874,1.2560830218717456,0.7092079613357782,2.049374976195395
200,junxi,movement,go,9236577,legacy_keyword_mapping,/Users/zilongzeng/Documents/data/junxi/go/009_236577.wav,junxi/go/009_236577.wav,movement,0.99609375,0.0,0.99609375,0.0,"[-128, 127, -128]",True,,,,,,,,,,,,,0.1525840489193797,1.158042112365365,0.6528330268338323,1.9683749414980412
201,junxi,movement,go,101064104,legacy_keyword_mapping,/Users/zilongzeng/Documents/data/junxi/go/010_1064104.wav,junxi/go/010_1064104.wav,emergency,0.91796875,0.91796875,0.08203125,0.0,"[107, -107, -128]",False,,,,,,,,,,,,,0.17066590953618288,1.2001669965684414,0.7083750097081065,2.0857079653069377
202,junxi,movement,go,111067981,legacy_keyword_mapping,/Users/zilongzeng/Documents/data/junxi/go/011_1067981.wav,junxi/go/011_1067981.wav,emergency,0.99609375,0.99609375,0.00390625,0.0,"[127, -127, -128]",False,,,,,,,,,,,,,0.08079200051724911,1.2881250586360693,0.6931249517947435,2.0670000230893493
203,junxi,movement,go,121071475,legacy_keyword_mapping,/Users/zilongzeng/Documents/data/junxi/go/012_1071475.wav,junxi/go/012_1071475.wav,emergency,0.99609375,0.99609375,0.0,0.0,"[127, -128, -128]",False,,,,,,,,,,,,,0.19820802845060825,1.2815410736948252,0.6999579491093755,2.1842920687049627
204,junxi,movement,go,131074969,legacy_keyword_mapping,/Users/zilongzeng/Documents/data/junxi/go/013_1074969.wav,junxi/go/013_1074969.wav,movement,0.99609375,0.0,0.99609375,0.0,"[-128, 127, -128]",True,,,,,,,,,,,,,0.20529201719909906,1.211875001899898,0.667541055008769,2.089667017571628
205,junxi,movement,go,141082734,legacy_keyword_mapping,/Users/zilongzeng/Documents/data/junxi/go/014_1082734.wav,junxi/go/014_1082734.wav,emergency,0.93359375,0.93359375,0.0,0.06640625,"[111, -128, -111]",False,,,,,,,,,,,,,0.06137497257441282,1.354500069282949,0.707958941347897,2.1295410115271807
206,junxi,movement,go,151086212,legacy_keyword_mapping,/Users/zilongzeng/Documents/data/junxi/go/015_1086212.wav,junxi/go/015_1086212.wav,emergency,0.99609375,0.99609375,0.0,0.0,"[127, -128, -128]",False,,,,,,,,,,,,,0.07025001104921103,1.2734580086544156,0.6986249936744571,2.0487909205257893
207,junxi,movement,go,161089741,legacy_keyword_mapping,/Users/zilongzeng/Documents/data/junxi/go/016_1089741.wav,junxi/go/016_1089741.wav,movement,0.76953125,0.23046875,0.76953125,0.0,"[-69, 69, -128]",True,,,,,,,,,,,,,0.07287506014108658,1.1731249978765845,0.6953339325264096,1.946292002685368
208,junxi,movement,go,171093188,legacy_keyword_mapping,/Users/zilongzeng/Documents/data/junxi/go/017_1093188.wav,junxi/go/017_1093188.wav,movement,0.99609375,0.0,0.99609375,0.0,"[-128, 127, -128]",True,,,,,,,,,,,,,0.06304203998297453,1.1788749834522605,0.6580000044777989,1.904499949887395
209,junxi,movement,go,181096491,legacy_keyword_mapping,/Users/zilongzeng/Documents/data/junxi/go/018_1096491.wav,junxi/go/018_1096491.wav,movement,0.99609375,0.0,0.99609375,0.0,"[-128, 127, -128]",True,,,,,,,,,,,,,0.20450004376471043,1.15370808634907,0.7110839942470193,2.0748329116031528
210,junxi,movement,go,191102018,legacy_keyword_mapping,/Users/zilongzeng/Documents/data/junxi/go/019_1102018.wav,junxi/go/019_1102018.wav,emergency,0.9453125,0.9453125,0.0546875,0.0,"[114, -114, -128]",False,,,,,,,,,,,,,0.21912495139986277,1.289165928028524,0.6973330164328218,2.211374929174781
211,junxi,movement,left,364113,legacy_keyword_mapping,/Users/zilongzeng/Documents/data/junxi/left/000_364113.wav,junxi/left/000_364113.wav,movement,0.99609375,0.0,0.99609375,0.00390625,"[-128, 127, -127]",True,,,,,,,,,,,,,0.20566594321280718,1.3271659845486283,0.64316694624722,2.180999959819019
212,junxi,movement,left,1367448,legacy_keyword_mapping,/Users/zilongzeng/Documents/data/junxi/left/001_367448.wav,junxi/left/001_367448.wav,emergency,0.99609375,0.99609375,0.0,0.00390625,"[127, -128, -127]",False,,,,,,,,,,,,,0.063000014051795,1.1335000162944198,0.6498750299215317,1.8511249218136072
213,junxi,movement,left,2370699,legacy_keyword_mapping,/Users/zilongzeng/Documents/data/junxi/left/002_370699.wav,junxi/left/002_370699.wav,unknown,0.99609375,0.00390625,0.0,0.99609375,"[-127, -128, 127]",False,,,,,,,,,,,,,0.052999937906861305,1.1533750221133232,0.7022499339655042,1.914332970045507
214,junxi,movement,left,3373839,legacy_keyword_mapping,/Users/zilongzeng/Documents/data/junxi/left/003_373839.wav,junxi/left/003_373839.wav,emergency,0.99609375,0.99609375,0.0,0.0,"[127, -128, -128]",False,,,,,,,,,,,,,0.06691704038530588,1.3004590291529894,0.7045830134302378,2.076708013191819
215,junxi,movement,left,4377058,legacy_keyword_mapping,/Users/zilongzeng/Documents/data/junxi/left/004_377058.wav,junxi/left/004_377058.wav,movement,0.99609375,0.0,0.99609375,0.00390625,"[-128, 127, -127]",True,,,,,,,,,,,,,0.06937503349035978,1.2496249983087182,0.7108749123290181,2.035417011938989
216,junxi,movement,left,5380408,legacy_keyword_mapping,/Users/zilongzeng/Documents/data/junxi/left/005_380408.wav,junxi/left/005_380408.wav,unknown,0.99609375,0.0,0.0,0.99609375,"[-128, -128, 127]",False,,,,,,,,,,,,,0.0659161014482379,1.1628330685198307,0.6666668923571706,1.8999999156221747
217,junxi,movement,left,6383853,legacy_keyword_mapping,/Users/zilongzeng/Documents/data/junxi/left/006_383853.wav,junxi/left/006_383853.wav,movement,0.859375,0.0,0.859375,0.140625,"[-128, 92, -92]",True,,,,,,,,,,,,,0.04962494131177664,1.1486670700833201,0.7096669869497418,1.9141249358654022
218,junxi,movement,left,7387329,legacy_keyword_mapping,/Users/zilongzeng/Documents/data/junxi/left/007_387329.wav,junxi/left/007_387329.wav,movement,0.9921875,0.0,0.9921875,0.0078125,"[-128, 126, -126]",True,,,,,,,,,,,,,0.0760830007493496,1.2467920314520597,0.697875046171248,2.026582951657474
219,junxi,movement,left,8391046,legacy_keyword_mapping,/Users/zilongzeng/Documents/data/junxi/left/008_391046.wav,junxi/left/008_391046.wav,unknown,0.99609375,0.0,0.0,0.99609375,"[-128, -128, 127]",False,,,,,,,,,,,,,0.22195803467184305,1.2862080475315452,0.7213340140879154,2.2350839572027326
220,junxi,movement,left,9394554,legacy_keyword_mapping,/Users/zilongzeng/Documents/data/junxi/left/009_394554.wav,junxi/left/009_394554.wav,emergency,0.99609375,0.99609375,0.0,0.0,"[127, -128, -128]",False,,,,,,,,,,,,,0.2453330671414733,1.1474579805508256,0.6608340190723538,2.0581670105457306
221,junxi,movement,left,10780494,legacy_keyword_mapping,/Users/zilongzeng/Documents/data/junxi/left/010_780494.wav,junxi/left/010_780494.wav,emergency,0.99609375,0.99609375,0.0,0.0,"[127, -128, -128]",False,,,,,,,,,,,,,0.05291705019772053,1.145999995060265,0.6969580426812172,1.934707979671657
222,junxi,movement,left,11786786,legacy_keyword_mapping,/Users/zilongzeng/Documents/data/junxi/left/011_786786.wav,junxi/left/011_786786.wav,movement,0.99609375,0.0,0.99609375,0.0,"[-128, 127, -128]",True,,,,,,,,,,,,,0.15520805027335882,1.3640830293297768,0.7124999538064003,2.2393750259652734
223,junxi,movement,left,12792807,legacy_keyword_mapping,/Users/zilongzeng/Documents/data/junxi/left/012_792807.wav,junxi/left/012_792807.wav,unknown,0.99609375,0.0,0.0,0.99609375,"[-128, -128, 127]",False,,,,,,,,,,,,,0.18216704484075308,1.3970830477774143,0.623915926553309,2.211791928857565
224,junxi,movement,left,13797599,legacy_keyword_mapping,/Users/zilongzeng/Documents/data/junxi/left/013_797599.wav,junxi/left/013_797599.wav,emergency,0.48046875,0.48046875,0.04296875,0.48046875,"[-5, -117, -5]",False,,,,,,,,,,,,,0.2714999718591571,1.184707973152399,0.6698749493807554,2.131334040313959
225,junxi,movement,left,14382929,legacy_keyword_mapping,/Users/zilongzeng/Documents/data/junxi/left/014_382929.wav,junxi/left/014_382929.wav,unknown,0.9921875,0.0,0.0078125,0.9921875,"[-128, -126, 126]",False,,,,,,,,,,,,,0.06737501826137304,1.4500420074909925,0.7084161043167114,2.2319579729810357
226,junxi,movement,left,15386292,legacy_keyword_mapping,/Users/zilongzeng/Documents/data/junxi/left/015_386292.wav,junxi/left/015_386292.wav,unknown,0.99609375,0.0,0.0,0.99609375,"[-128, -128, 127]",False,,,,,,,,,,,,,0.07091707084327936,1.2999169994145632,0.7055000169202685,2.0824160892516375
227,junxi,movement,left,16389596,legacy_keyword_mapping,/Users/zilongzeng/Documents/data/junxi/left/016_389596.wav,junxi/left/016_389596.wav,unknown,0.99609375,0.0,0.0,0.99609375,"[-128, -128, 127]",False,,,,,,,,,,,,,0.20116707310080528,1.3632921036332846,0.6588338874280453,2.2325420286506414
228,junxi,movement,left,17392756,legacy_keyword_mapping,/Users/zilongzeng/Documents/data/junxi/left/017_392756.wav,junxi/left/017_392756.wav,unknown,0.9921875,0.0,0.0078125,0.9921875,"[-128, -126, 126]",False,,,,,,,,,,,,,0.3606670070439577,1.2188330292701721,0.6635000463575125,2.248415956273675
229,junxi,movement,left,18396060,legacy_keyword_mapping,/Users/zilongzeng/Documents/data/junxi/left/018_396060.wav,junxi/left/018_396060.wav,emergency,0.64453125,0.64453125,0.0703125,0.2890625,"[37, -110, -54]",False,,,,,,,,,,,,,0.05695805884897709,1.2629999546334147,0.7169999880716205,2.042834064923227
230,junxi,movement,left,19398742,legacy_keyword_mapping,/Users/zilongzeng/Documents/data/junxi/left/019_398742.wav,junxi/left/019_398742.wav,movement,0.984375,0.0,0.984375,0.015625,"[-128, 124, -124]",True,,,,,,,,,,,,,0.21645904053002596,1.2802500277757645,0.7202080450952053,2.2247079759836197
231,junxi,movement,left,20402009,legacy_keyword_mapping,/Users/zilongzeng/Documents/data/junxi/left/020_402009.wav,junxi/left/020_402009.wav,emergency,0.99609375,0.99609375,0.0,0.0,"[127, -128, -128]",False,,,,,,,,,,,,,0.24391699116677046,1.3568330323323607,0.665250001475215,2.270916011184454
232,junxi,movement,left,21404978,legacy_keyword_mapping,/Users/zilongzeng/Documents/data/junxi/left/021_404978.wav,junxi/left/021_404978.wav,unknown,0.64453125,0.0,0.3515625,0.64453125,"[-128, -38, 37]",False,,,,,,,,,,,,,0.20970799960196018,1.165500027127564,0.6557080196216702,2.0356669556349516
233,junxi,movement,left,22408075,legacy_keyword_mapping,/Users/zilongzeng/Documents/data/junxi/left/022_408075.wav,junxi/left/022_408075.wav,emergency,0.984375,0.984375,0.01171875,0.00390625,"[124, -125, -127]",False,,,,,,,,,,,,,0.24458300322294235,1.317500020377338,0.7152910111472011,2.2828750079497695
234,junxi,movement,left,23411268,legacy_keyword_mapping,/Users/zilongzeng/Documents/data/junxi/left/023_411268.wav,junxi/left/023_411268.wav,emergency,0.99609375,0.99609375,0.0,0.00390625,"[127, -128, -127]",False,,,,,,,,,,,,,0.07195794023573399,1.2312500039115548,0.6914170226082206,2.00074992608279
235,junxi,unknown,no,221377,legacy_keyword_mapping,/Users/zilongzeng/Documents/data/junxi/no/000_221377.wav,junxi/no/000_221377.wav,emergency,0.8046875,0.8046875,0.1953125,0.0,"[78, -78, -128]",False,,,,,,,,,,,,,0.08616701234132051,1.2374169891700149,0.658708973787725,1.9871670519933105
236,junxi,unknown,no,1225096,legacy_keyword_mapping,/Users/zilongzeng/Documents/data/junxi/no/001_225096.wav,junxi/no/001_225096.wav,movement,0.99609375,0.0,0.99609375,0.0,"[-128, 127, -128]",False,,,,,,,,,,,,,0.2002089750021696,1.256708987057209,0.7157080108299851,2.1784170530736446
237,junxi,unknown,no,2228395,legacy_keyword_mapping,/Users/zilongzeng/Documents/data/junxi/no/002_228395.wav,junxi/no/002_228395.wav,movement,0.99609375,0.0,0.99609375,0.0,"[-128, 127, -128]",False,,,,,,,,,,,,,0.22191600874066353,1.3021250488236547,0.7074169116094708,2.237417036667466
238,junxi,unknown,no,3231679,legacy_keyword_mapping,/Users/zilongzeng/Documents/data/junxi/no/003_231679.wav,junxi/no/003_231679.wav,movement,0.73046875,0.265625,0.73046875,0.00390625,"[-60, 59, -127]",False,,,,,,,,,,,,,0.06462493911385536,1.2896249536424875,0.6801249692216516,2.0410000579431653
239,junxi,unknown,no,4235762,legacy_keyword_mapping,/Users/zilongzeng/Documents/data/junxi/no/004_235762.wav,junxi/no/004_235762.wav,movement,0.99609375,0.0,0.99609375,0.0,"[-128, 127, -128]",False,,,,,,,,,,,,,0.2297090832144022,1.4483749400824308,0.645000021904707,2.3320410400629044
240,junxi,unknown,no,5240089,legacy_keyword_mapping,/Users/zilongzeng/Documents/data/junxi/no/005_240089.wav,junxi/no/005_240089.wav,movement,0.99609375,0.0,0.99609375,0.0,"[-128, 127, -128]",False,,,,,,,,,,,,,0.32537500374019146,1.2742920080199838,0.7175420178100467,2.324333996511996
241,junxi,unknown,no,6243167,legacy_keyword_mapping,/Users/zilongzeng/Documents/data/junxi/no/006_243167.wav,junxi/no/006_243167.wav,emergency,0.91796875,0.91796875,0.08203125,0.0,"[107, -107, -128]",False,,,,,,,,,,,,,0.09129196405410767,1.3445420190691948,0.7123340619727969,2.1542080212384462
242,junxi,unknown,no,7246529,legacy_keyword_mapping,/Users/zilongzeng/Documents/data/junxi/no/007_246529.wav,junxi/no/007_246529.wav,movement,0.9921875,0.0,0.9921875,0.0078125,"[-128, 126, -126]",False,,,,,,,,,,,,,0.20058301743119955,1.3946250546723604,0.6466669728979468,2.2515839664265513
243,junxi,unknown,no,8250103,legacy_keyword_mapping,/Users/zilongzeng/Documents/data/junxi/no/008_250103.wav,junxi/no/008_250103.wav,movement,0.99609375,0.0,0.99609375,0.0,"[-128, 127, -128]",False,,,,,,,,,,,,,0.33241603523492813,1.1450829915702343,0.6659999489784241,2.1492920350283384
244,junxi,unknown,no,9253291,legacy_keyword_mapping,/Users/zilongzeng/Documents/data/junxi/no/009_253291.wav,junxi/no/009_253291.wav,emergency,0.9375,0.9375,0.0234375,0.0390625,"[112, -122, -118]",False,,,,,,,,,,,,,0.14995795208960772,1.171999960206449,0.7119580404832959,2.039541956037283
245,junxi,unknown,no,10521758,legacy_keyword_mapping,/Users/zilongzeng/Documents/data/junxi/no/010_521758.wav,junxi/no/010_521758.wav,emergency,0.48828125,0.48828125,0.01953125,0.48828125,"[-3, -123, -3]",False,,,,,,,,,,,,,0.21454191301018,1.32883305195719,0.6495000561699271,2.2014579735696316
246,junxi,unknown,no,11525060,legacy_keyword_mapping,/Users/zilongzeng/Documents/data/junxi/no/011_525060.wav,junxi/no/011_525060.wav,movement,0.99609375,0.0,0.99609375,0.00390625,"[-128, 127, -127]",False,,,,,,,,,,,,,0.14208292122930288,1.292250002734363,0.6807500030845404,2.1220409544184804
247,junxi,unknown,no,12527736,legacy_keyword_mapping,/Users/zilongzeng/Documents/data/junxi/no/012_527736.wav,junxi/no/012_527736.wav,emergency,0.99609375,0.99609375,0.0,0.0,"[127, -128, -128]",False,,,,,,,,,,,,,0.08779100608080626,1.0902080684900284,0.65754191018641,1.840416924096644
248,junxi,unknown,no,13530830,legacy_keyword_mapping,/Users/zilongzeng/Documents/data/junxi/no/013_530830.wav,junxi/no/013_530830.wav,movement,0.99609375,0.0,0.99609375,0.0,"[-128, 127, -128]",False,,,,,,,,,,,,,0.1977500505745411,1.3282920699566603,0.7029579719528556,2.2353329695761204
249,junxi,unknown,no,14533267,legacy_keyword_mapping,/Users/zilongzeng/Documents/data/junxi/no/014_533267.wav,junxi/no/014_533267.wav,emergency,0.99609375,0.99609375,0.0,0.0,"[127, -128, -128]",False,,,,,,,,,,,,,0.2169999061152339,1.3287500478327274,0.7098749047145247,2.2615419002249837
250,junxi,unknown,no,15537145,legacy_keyword_mapping,/Users/zilongzeng/Documents/data/junxi/no/015_537145.wav,junxi/no/015_537145.wav,movement,0.99609375,0.0,0.99609375,0.0,"[-128, 127, -128]",False,,,,,,,,,,,,,0.2127080224454403,1.2142910854890943,0.6600409979000688,2.0921670366078615
251,junxi,unknown,no,16540817,legacy_keyword_mapping,/Users/zilongzeng/Documents/data/junxi/no/016_540817.wav,junxi/no/016_540817.wav,movement,0.99609375,0.0,0.99609375,0.0,"[-128, 127, -128]",False,,,,,,,,,,,,,0.25529100093990564,1.1410830775275826,0.6528330268338323,2.0539999241009355
252,junxi,unknown,no,17547048,legacy_keyword_mapping,/Users/zilongzeng/Documents/data/junxi/no/017_547048.wav,junxi/no/017_547048.wav,unknown,0.98046875,0.0078125,0.0078125,0.98046875,"[-126, -126, 123]",True,,,,,,,,,,,,,0.22499996703118086,1.2625419767573476,0.7032909197732806,2.1973749389871955
253,junxi,unknown,no,18550943,legacy_keyword_mapping,/Users/zilongzeng/Documents/data/junxi/no/018_550943.wav,junxi/no/018_550943.wav,unknown,0.81640625,0.07421875,0.109375,0.81640625,"[-109, -100, 81]",True,,,,,,,,,,,,,0.07287506014108658,1.3187919976189733,0.7070419378578663,2.104499959386885
254,junxi,unknown,no,19554327,legacy_keyword_mapping,/Users/zilongzeng/Documents/data/junxi/no/019_554327.wav,junxi/no/019_554327.wav,emergency,0.99609375,0.99609375,0.0,0.0,"[127, -128, -128]",False,,,,,,,,,,,,,0.08079200051724911,1.1469580931589007,0.6609580013900995,1.893416978418827
255,junxi,unknown,no,20559743,legacy_keyword_mapping,/Users/zilongzeng/Documents/data/junxi/no/020_559743.wav,junxi/no/020_559743.wav,emergency,0.59765625,0.59765625,0.00390625,0.3984375,"[25, -127, -26]",False,,,,,,,,,,,,,0.060333055444061756,1.1450420133769512,0.6544170901179314,1.864875084720552
256,junxi,unknown,no,21565097,legacy_keyword_mapping,/Users/zilongzeng/Documents/data/junxi/no/021_565097.wav,junxi/no/021_565097.wav,emergency,0.8828125,0.8828125,0.1171875,0.0,"[98, -98, -128]",False,,,,,,,,,,,,,0.2062079729512334,1.3072090223431587,0.7097079651430249,2.2291250061243773
257,junxi,unknown,no,22189249,legacy_keyword_mapping,/Users/zilongzeng/Documents/data/junxi/no/022_189249.wav,junxi/no/022_189249.wav,movement,0.99609375,0.0,0.99609375,0.0,"[-128, 127, -128]",False,,,,,,,,,,,,,0.2132919616997242,1.310667023062706,0.7138749351724982,2.2435419959947467
258,junxi,unknown,no,23192532,legacy_keyword_mapping,/Users/zilongzeng/Documents/data/junxi/no/023_192532.wav,junxi/no/023_192532.wav,movement,0.99609375,0.0,0.99609375,0.0,"[-128, 127, -128]",False,,,,,,,,,,,,,0.07591699250042439,1.1887089349329472,0.6547080120071769,1.9244580762460828
259,junxi,unknown,no,24195853,legacy_keyword_mapping,/Users/zilongzeng/Documents/data/junxi/no/024_195853.wav,junxi/no/024_195853.wav,unknown,0.99609375,0.0,0.0,0.99609375,"[-128, -128, 127]",True,,,,,,,,,,,,,0.2092909999191761,1.1848750291392207,0.6519999587908387,2.0511250477284193
260,junxi,unknown,no,25275588,legacy_keyword_mapping,/Users/zilongzeng/Documents/data/junxi/no/025_275588.wav,junxi/no/025_275588.wav,movement,0.6484375,0.3515625,0.6484375,0.0,"[-38, 38, -128]",False,,,,,,,,,,,,,0.22495898883789778,1.3323751045390964,0.7111660670489073,2.2744160378351808
261,junxi,unknown,no,26279007,legacy_keyword_mapping,/Users/zilongzeng/Documents/data/junxi/no/026_279007.wav,junxi/no/026_279007.wav,emergency,0.9921875,0.9921875,0.0078125,0.0,"[126, -126, -128]",False,,,,,,,,,,,,,0.06729201413691044,1.2818749528378248,0.6991249974817038,2.0540000405162573
262,junxi,unknown,no,27282551,legacy_keyword_mapping,/Users/zilongzeng/Documents/data/junxi/no/027_282551.wav,junxi/no/027_282551.wav,emergency,0.76953125,0.76953125,0.23046875,0.0,"[69, -69, -128]",False,,,,,,,,,,,,,0.07829105015844107,1.2193750590085983,0.6519169546663761,1.9543339731171727
263,junxi,unknown,no,28285665,legacy_keyword_mapping,/Users/zilongzeng/Documents/data/junxi/no/028_285665.wav,junxi/no/028_285665.wav,emergency,0.984375,0.984375,0.0,0.015625,"[124, -128, -124]",False,,,,,,,,,,,,,0.0599580816924572,1.0891660349443555,0.6555001018568873,1.8095000414177775
264,junxi,unknown,no,29289563,legacy_keyword_mapping,/Users/zilongzeng/Documents/data/junxi/no/029_289563.wav,junxi/no/029_289563.wav,emergency,0.9765625,0.9765625,0.00390625,0.01953125,"[122, -127, -123]",False,,,,,,,,,,,,,0.06841693539172411,1.2707909336313605,0.7056250469759107,2.050583017989993
265,junxi,unknown,no,30293174,legacy_keyword_mapping,/Users/zilongzeng/Documents/data/junxi/no/030_293174.wav,junxi/no/030_293174.wav,unknown,0.69140625,0.30859375,0.0,0.69140625,"[-49, -128, 49]",True,,,,,,,,,,,,,0.07675006054341793,1.388541073538363,0.7097079651430249,2.1808340679854155
266,junxi,unknown,no,31296623,legacy_keyword_mapping,/Users/zilongzeng/Documents/data/junxi/no/031_296623.wav,junxi/no/031_296623.wav,unknown,0.99609375,0.0,0.0,0.99609375,"[-128, -128, 127]",True,,,,,,,,,,,,,0.0639590434730053,1.2643750524148345,0.6682079983875155,2.001499990001321
267,junxi,unknown,one,243418,legacy_keyword_mapping,/Users/zilongzeng/Documents/data/junxi/one/000_243418.wav,junxi/one/000_243418.wav,unknown,0.99609375,0.0,0.0,0.99609375,"[-128, -128, 127]",True,,,,,,,,,,,,,0.20191597286611795,1.113833044655621,0.6595830200240016,1.9799999427050352
268,junxi,unknown,one,1247791,legacy_keyword_mapping,/Users/zilongzeng/Documents/data/junxi/one/001_247791.wav,junxi/one/001_247791.wav,unknown,0.99609375,0.0,0.0,0.99609375,"[-128, -128, 127]",True,,,,,,,,,,,,,0.2126250183209777,1.3873750576749444,0.7017080206423998,2.307250048033893
269,junxi,unknown,one,2251570,legacy_keyword_mapping,/Users/zilongzeng/Documents/data/junxi/one/002_251570.wav,junxi/one/002_251570.wav,emergency,0.76953125,0.76953125,0.0,0.23046875,"[69, -128, -69]",False,,,,,,,,,,,,,0.19504106603562832,1.2104999041184783,0.7164579583331943,2.127583953551948
270,junxi,unknown,one,3255381,legacy_keyword_mapping,/Users/zilongzeng/Documents/data/junxi/one/003_255381.wav,junxi/one/003_255381.wav,emergency,0.9609375,0.9609375,0.0,0.0390625,"[118, -128, -118]",False,,,,,,,,,,,,,0.22387492936104536,1.235750038176775,0.6583330687135458,2.122500096447766
271,junxi,unknown,one,4259241,legacy_keyword_mapping,/Users/zilongzeng/Documents/data/junxi/one/004_259241.wav,junxi/one/004_259241.wav,unknown,0.953125,0.046875,0.0,0.953125,"[-116, -128, 116]",True,,,,,,,,,,,,,0.061542028561234474,1.1493749916553497,0.658708973787725,1.8742079846560955
272,junxi,unknown,one,5263376,legacy_keyword_mapping,/Users/zilongzeng/Documents/data/junxi/one/005_263376.wav,junxi/one/005_263376.wav,unknown,0.99609375,0.0,0.0,0.99609375,"[-128, -128, 127]",True,,,,,,,,,,,,,0.05416700150817633,1.2844169978052378,0.7001670310273767,2.045084023848176
273,junxi,unknown,one,6267747,legacy_keyword_mapping,/Users/zilongzeng/Documents/data/junxi/one/006_267747.wav,junxi/one/006_267747.wav,emergency,0.99609375,0.99609375,0.0,0.0,"[127, -128, -128]",False,,,,,,,,,,,,,0.07612491026520729,1.3105419930070639,0.7104580290615559,2.1032080985605717
274,junxi,unknown,one,7271256,legacy_keyword_mapping,/Users/zilongzeng/Documents/data/junxi/one/007_271256.wav,junxi/one/007_271256.wav,emergency,0.99609375,0.99609375,0.0,0.0,"[127, -128, -128]",False,,,,,,,,,,,,,0.0648329732939601,1.2246660189703107,0.6637080805376172,1.9579170038923621
275,junxi,unknown,one,8275661,legacy_keyword_mapping,/Users/zilongzeng/Documents/data/junxi/one/008_275661.wav,junxi/one/008_275661.wav,emergency,0.97265625,0.97265625,0.0,0.02734375,"[121, -128, -121]",False,,,,,,,,,,,,,0.06425008177757263,1.1811660369858146,0.6537499139085412,1.903833937831223
276,junxi,unknown,one,9279105,legacy_keyword_mapping,/Users/zilongzeng/Documents/data/junxi/one/009_279105.wav,junxi/one/009_279105.wav,unknown,0.99609375,0.0,0.0,0.99609375,"[-128, -128, 127]",True,,,,,,,,,,,,,0.05879206582903862,1.3289169874042273,0.7088748971000314,2.1045419853180647
277,junxi,movement,right,400560,legacy_keyword_mapping,/Users/zilongzeng/Documents/data/junxi/right/000_400560.wav,junxi/right/000_400560.wav,movement,0.99609375,0.0,0.99609375,0.0,"[-128, 127, -128]",True,,,,,,,,,,,,,0.2001250395551324,1.2735000345855951,0.7144170813262463,2.1937910933047533
278,junxi,movement,right,1404088,legacy_keyword_mapping,/Users/zilongzeng/Documents/data/junxi/right/001_404088.wav,junxi/right/001_404088.wav,movement,0.99609375,0.0,0.99609375,0.0,"[-128, 127, -128]",True,,,,,,,,,,,,,0.20725000649690628,1.31529092323035,0.6926249479874969,2.2197909420356154
279,junxi,movement,right,2729419,legacy_keyword_mapping,/Users/zilongzeng/Documents/data/junxi/right/002_729419.wav,junxi/right/002_729419.wav,movement,0.99609375,0.0,0.99609375,0.0,"[-128, 127, -128]",True,,,,,,,,,,,,,0.06412493530660868,1.144292065873742,0.6602499634027481,1.8730830634012818
280,junxi,movement,right,3733615,legacy_keyword_mapping,/Users/zilongzeng/Documents/data/junxi/right/003_733615.wav,junxi/right/003_733615.wav,movement,0.99609375,0.0,0.99609375,0.0,"[-128, 127, -128]",True,,,,,,,,,,,,,0.06258301436901093,1.4607500052079558,0.7078750059008598,2.2369170328602195
281,junxi,movement,right,4736882,legacy_keyword_mapping,/Users/zilongzeng/Documents/data/junxi/right/004_736882.wav,junxi/right/004_736882.wav,movement,0.99609375,0.0,0.99609375,0.0,"[-128, 127, -128]",True,,,,,,,,,,,,,0.060416990891098976,1.3983749086037278,0.7145419949665666,2.1787909790873528
282,junxi,movement,right,5739992,legacy_keyword_mapping,/Users/zilongzeng/Documents/data/junxi/right/005_739992.wav,junxi/right/005_739992.wav,movement,0.99609375,0.0,0.99609375,0.0,"[-128, 127, -128]",True,,,,,,,,,,,,,0.06150000263005495,1.2588331010192633,0.6520419847220182,1.9771669758483768
283,junxi,movement,right,6743052,legacy_keyword_mapping,/Users/zilongzeng/Documents/data/junxi/right/006_743052.wav,junxi/right/006_743052.wav,movement,0.99609375,0.0,0.99609375,0.0,"[-128, 127, -128]",True,,,,,,,,,,,,,0.06695894990116358,1.130875083617866,0.6575000006705523,1.859957934357226
284,junxi,movement,right,7746129,legacy_keyword_mapping,/Users/zilongzeng/Documents/data/junxi/right/007_746129.wav,junxi/right/007_746129.wav,unknown,0.765625,0.046875,0.1875,0.765625,"[-116, -80, 68]",False,,,,,,,,,,,,,0.05308305844664574,1.342040952295065,0.7034579757601023,2.1071250084787607
285,junxi,movement,right,8749813,legacy_keyword_mapping,/Users/zilongzeng/Documents/data/junxi/right/008_749813.wav,junxi/right/008_749813.wav,movement,0.99609375,0.0,0.99609375,0.0,"[-128, 127, -128]",True,,,,,,,,,,,,,0.19804108887910843,1.298333052545786,0.7143750553950667,2.216292079538107
286,junxi,movement,right,9754347,legacy_keyword_mapping,/Users/zilongzeng/Documents/data/junxi/right/009_754347.wav,junxi/right/009_754347.wav,movement,0.99609375,0.0,0.99609375,0.0,"[-128, 127, -128]",True,,,,,,,,,,,,,0.2120420103892684,1.3381249736994505,0.6537499139085412,2.208624966442585
287,junxi,movement,right,10418026,legacy_keyword_mapping,/Users/zilongzeng/Documents/data/junxi/right/010_418026.wav,junxi/right/010_418026.wav,unknown,0.99609375,0.0,0.0,0.99609375,"[-128, -128, 127]",False,,,,,,,,,,,,,0.22950000129640102,1.271291053853929,0.6464170292019844,2.156584057956934
288,junxi,movement,right,11421005,legacy_keyword_mapping,/Users/zilongzeng/Documents/data/junxi/right/011_421005.wav,junxi/right/011_421005.wav,movement,0.99609375,0.0,0.99609375,0.0,"[-128, 127, -128]",True,,,,,,,,,,,,,0.16487506218254566,1.3760830042883754,0.7011250127106905,2.2494170116260648
289,junxi,movement,right,12424099,legacy_keyword_mapping,/Users/zilongzeng/Documents/data/junxi/right/012_424099.wav,junxi/right/012_424099.wav,movement,0.72265625,0.015625,0.72265625,0.26171875,"[-124, 57, -61]",True,,,,,,,,,,,,,0.2038750099018216,1.3275829842314124,0.6861670408397913,2.2236249642446637
290,junxi,movement,right,13427755,legacy_keyword_mapping,/Users/zilongzeng/Documents/data/junxi/right/013_427755.wav,junxi/right/013_427755.wav,emergency,0.75,0.75,0.1015625,0.1484375,"[64, -102, -90]",False,,,,,,,,,,,,,0.24608394596725702,1.4057919615879655,0.6447499617934227,2.3060840321704745
291,junxi,movement,right,14430750,legacy_keyword_mapping,/Users/zilongzeng/Documents/data/junxi/right/014_430750.wav,junxi/right/014_430750.wav,movement,0.96875,0.0,0.96875,0.03125,"[-128, 120, -120]",True,,,,,,,,,,,,,0.18112501129508018,1.1932910420000553,0.6899159634485841,2.073375042527914
292,junxi,movement,right,15433909,legacy_keyword_mapping,/Users/zilongzeng/Documents/data/junxi/right/015_433909.wav,junxi/right/015_433909.wav,movement,0.99609375,0.0,0.99609375,0.0,"[-128, 127, -128]",True,,,,,,,,,,,,,0.19949988927692175,1.2882500886917114,0.714791938662529,2.2094579180702567
293,junxi,movement,right,16436797,legacy_keyword_mapping,/Users/zilongzeng/Documents/data/junxi/right/016_436797.wav,junxi/right/016_436797.wav,movement,0.76953125,0.0,0.76953125,0.23046875,"[-128, 69, -69]",True,,,,,,,,,,,,,0.23329199757426977,1.2149999383836985,0.720708048902452,2.1756249479949474
294,junxi,movement,right,17440163,legacy_keyword_mapping,/Users/zilongzeng/Documents/data/junxi/right/017_440163.wav,junxi/right/017_440163.wav,unknown,0.8046875,0.0,0.1953125,0.8046875,"[-128, -78, 78]",False,,,,,,,,,,,,,0.08220807649195194,1.1966670863330364,0.6669589783996344,1.9507079850882292
295,junxi,movement,right,18443195,legacy_keyword_mapping,/Users/zilongzeng/Documents/data/junxi/right/018_443195.wav,junxi/right/018_443195.wav,movement,0.99609375,0.0,0.99609375,0.0,"[-128, 127, -128]",True,,,,,,,,,,,,,0.18858304247260094,1.127416966482997,0.7077499758452177,2.063375082798302
296,junxi,movement,right,19446434,legacy_keyword_mapping,/Users/zilongzeng/Documents/data/junxi/right/019_446434.wav,junxi/right/019_446434.wav,movement,0.99609375,0.0,0.99609375,0.00390625,"[-128, 127, -127]",True,,,,,,,,,,,,,0.31308294273912907,1.286582904867828,0.7085830438882113,2.31608294416219
297,junxi,emergency,stop,1051104,legacy_keyword_mapping,/Users/zilongzeng/Documents/data/junxi/stop/010_51104.wav,junxi/stop/010_51104.wav,movement,0.83203125,0.16796875,0.83203125,0.0,"[-85, 85, -128]",False,,,,,,,,,,,,,0.22816599812358618,1.222624909132719,0.7149160373955965,2.171625033952296
298,junxi,emergency,stop,1275842,legacy_keyword_mapping,/Users/zilongzeng/Documents/data/junxi/stop/001_275842.wav,junxi/stop/001_275842.wav,movement,0.99609375,0.0,0.99609375,0.00390625,"[-128, 127, -127]",False,,,,,,,,,,,,,0.2316250465810299,1.104666036553681,0.6575000006705523,1.9985829712823033
299,junxi,emergency,stop,2133000,legacy_keyword_mapping,/Users/zilongzeng/Documents/data/junxi/stop/021_33000.wav,junxi/stop/021_33000.wav,emergency,0.99609375,0.99609375,0.0,0.0,"[127, -128, -128]",True,,,,,,,,,,,,,0.20516698714345694,1.3196669751778245,0.6500830641016364,2.183542004786432
300,junxi,emergency,stop,2279973,legacy_keyword_mapping,/Users/zilongzeng/Documents/data/junxi/stop/002_279973.wav,junxi/stop/002_279973.wav,movement,0.99609375,0.0,0.99609375,0.0,"[-128, 127, -128]",False,,,,,,,,,,,,,0.16412499826401472,1.2896249536424875,0.705457990989089,2.1671659778803587
301,junxi,emergency,stop,3283688,legacy_keyword_mapping,/Users/zilongzeng/Documents/data/junxi/stop/003_283688.wav,junxi/stop/003_283688.wav,movement,0.765625,0.08203125,0.765625,0.15234375,"[-107, 68, -89]",False,,,,,,,,,,,,,0.0968750100582838,1.2447088956832886,0.7072919979691505,2.0540410187095404
302,junxi,emergency,stop,4287131,legacy_keyword_mapping,/Users/zilongzeng/Documents/data/junxi/stop/004_287131.wav,junxi/stop/004_287131.wav,movement,0.99609375,0.0,0.99609375,0.0,"[-128, 127, -128]",False,,,,,,,,,,,,,0.06937491707503796,1.120624947361648,0.6607500836253166,1.8555410206317902
303,junxi,emergency,stop,5290401,legacy_keyword_mapping,/Users/zilongzeng/Documents/data/junxi/stop/005_290401.wav,junxi/stop/005_290401.wav,emergency,0.91796875,0.91796875,0.0,0.08203125,"[107, -128, -107]",True,,,,,,,,,,,,,0.058666919358074665,1.151041011326015,0.7110409205779433,1.9526660908013582
304,junxi,emergency,stop,6293670,legacy_keyword_mapping,/Users/zilongzeng/Documents/data/junxi/stop/006_293670.wav,junxi/stop/006_293670.wav,movement,0.99609375,0.0,0.99609375,0.0,"[-128, 127, -128]",False,,,,,,,,,,,,,0.26908295694738626,1.2354159262031317,0.7179999956861138,2.2300840355455875
305,junxi,emergency,stop,7297994,legacy_keyword_mapping,/Users/zilongzeng/Documents/data/junxi/stop/007_297994.wav,junxi/stop/007_297994.wav,movement,0.984375,0.0,0.984375,0.015625,"[-128, 124, -124]",False,,,,,,,,,,,,,0.22670801263302565,1.2243750970810652,0.7248339243233204,2.182082971557975
306,junxi,emergency,stop,8301695,legacy_keyword_mapping,/Users/zilongzeng/Documents/data/junxi/stop/008_301695.wav,junxi/stop/008_301695.wav,movement,0.99609375,0.0,0.99609375,0.0,"[-128, 127, -128]",False,,,,,,,,,,,,,0.21837500389665365,1.082542003132403,0.6720840465277433,1.9778750138357282
307,junxi,emergency,stop,9305987,legacy_keyword_mapping,/Users/zilongzeng/Documents/data/junxi/stop/009_305987.wav,junxi/stop/009_305987.wav,movement,0.6796875,0.3046875,0.6796875,0.015625,"[-50, 46, -124]",False,,,,,,,,,,,,,0.05683302879333496,1.2445829343050718,0.6427080370485783,1.9532920559868217
308,junxi,emergency,stop,10320537,legacy_keyword_mapping,/Users/zilongzeng/Documents/data/junxi/stop/010_320537.wav,junxi/stop/010_320537.wav,movement,0.99609375,0.0,0.99609375,0.0,"[-128, 127, -128]",False,,,,,,,,,,,,,0.1502500381320715,1.303041004575789,0.7155410712584853,2.1759580122306943
309,junxi,emergency,stop,11391506,legacy_keyword_mapping,/Users/zilongzeng/Documents/data/junxi/stop/011_391506.wav,junxi/stop/011_391506.wav,emergency,0.828125,0.828125,0.1640625,0.00390625,"[84, -86, -127]",True,,,,,,,,,,,,,0.09766698349267244,1.3332919916138053,0.654041999951005,2.091832924634218
310,junxi,emergency,stop,12396234,legacy_keyword_mapping,/Users/zilongzeng/Documents/data/junxi/stop/012_396234.wav,junxi/stop/012_396234.wav,emergency,0.63671875,0.63671875,0.015625,0.34765625,"[35, -124, -39]",True,,,,,,,,,,,,,0.11566700413823128,1.1448749573901296,0.6665829569101334,1.9325409084558487
311,junxi,emergency,stop,13400125,legacy_keyword_mapping,/Users/zilongzeng/Documents/data/junxi/stop/013_400125.wav,junxi/stop/013_400125.wav,emergency,0.99609375,0.99609375,0.0,0.00390625,"[127, -128, -127]",True,,,,,,,,,,,,,0.06933300755918026,1.2833330547437072,0.6760410033166409,2.040749997831881
312,junxi,emergency,stop,14403652,legacy_keyword_mapping,/Users/zilongzeng/Documents/data/junxi/stop/014_403652.wav,junxi/stop/014_403652.wav,unknown,0.90625,0.08203125,0.01171875,0.90625,"[-107, -125, 104]",False,,,,,,,,,,,,,0.13070798013359308,1.229249988682568,0.7136659696698189,2.081374987028539
313,junxi,emergency,stop,15406968,legacy_keyword_mapping,/Users/zilongzeng/Documents/data/junxi/stop/015_406968.wav,junxi/stop/015_406968.wav,emergency,0.9765625,0.9765625,0.0,0.01953125,"[122, -128, -123]",True,,,,,,,,,,,,,0.2377500059083104,1.2502499157562852,0.7147080032154918,2.2087079705670476
314,junxi,emergency,stop,16410178,legacy_keyword_mapping,/Users/zilongzeng/Documents/data/junxi/stop/016_410178.wav,junxi/stop/016_410178.wav,emergency,0.703125,0.703125,0.04296875,0.2578125,"[52, -117, -62]",True,,,,,,,,,,,,,0.22624991834163666,1.1768750846385956,0.7386249490082264,2.1492079831659794
315,junxi,emergency,stop,17413273,legacy_keyword_mapping,/Users/zilongzeng/Documents/data/junxi/stop/017_413273.wav,junxi/stop/017_413273.wav,movement,0.91015625,0.03515625,0.91015625,0.0546875,"[-119, 105, -114]",False,,,,,,,,,,,,,0.06450002547353506,1.2554998975247145,0.69650006480515,2.0218329736962914
316,junxi,emergency,stop,18416528,legacy_keyword_mapping,/Users/zilongzeng/Documents/data/junxi/stop/018_416528.wav,junxi/stop/018_416528.wav,movement,0.76171875,0.0078125,0.76171875,0.2265625,"[-126, 67, -70]",False,,,,,,,,,,,,,0.06262504030019045,1.3281659921631217,0.7093750173225999,2.1061659790575504
317,junxi,emergency,stop,19419431,legacy_keyword_mapping,/Users/zilongzeng/Documents/data/junxi/stop/019_419431.wav,junxi/stop/019_419431.wav,emergency,0.98046875,0.98046875,0.015625,0.0,"[123, -124, -128]",True,,,,,,,,,,,,,0.06991706322878599,1.2110829120501876,0.7042920915409923,1.9903749926015735
318,junxi,emergency,stop,20432351,legacy_keyword_mapping,/Users/zilongzeng/Documents/data/junxi/stop/020_432351.wav,junxi/stop/020_432351.wav,unknown,0.96875,0.0,0.03125,0.96875,"[-128, -120, 120]",False,,,,,,,,,,,,,0.0635830219835043,1.0870000114664435,0.6602499634027481,1.8155000871047378
319,junxi,emergency,stop,22111196,legacy_keyword_mapping,/Users/zilongzeng/Documents/data/junxi/stop/022_111196.wav,junxi/stop/022_111196.wav,movement,0.99609375,0.0,0.99609375,0.0,"[-128, 127, -128]",False,,,,,,,,,,,,,0.05729193799197674,1.1945830192416906,0.7191249169409275,2.0114589715376496
320,junxi,emergency,stop,23115316,legacy_keyword_mapping,/Users/zilongzeng/Documents/data/junxi/stop/023_115316.wav,junxi/stop/023_115316.wav,movement,0.99609375,0.0,0.99609375,0.0,"[-128, 127, -128]",False,,,,,,,,,,,,,0.16016699373722076,1.2398329563438892,0.7089580176398158,2.116959076374769
321,junxi,emergency,stop,24119820,legacy_keyword_mapping,/Users/zilongzeng/Documents/data/junxi/stop/024_119820.wav,junxi/stop/024_119820.wav,emergency,0.99609375,0.99609375,0.0,0.0,"[127, -128, -128]",True,,,,,,,,,,,,,0.23725000210106373,1.2563340133056045,0.7116670021787286,2.2112500155344605
322,junxi,emergency,stop,25123733,legacy_keyword_mapping,/Users/zilongzeng/Documents/data/junxi/stop/025_123733.wav,junxi/stop/025_123733.wav,unknown,0.98828125,0.0078125,0.00390625,0.98828125,"[-126, -127, 125]",False,,,,,,,,,,,,,0.23595790844410658,1.089625060558319,0.6646669935435057,1.994792022742331
323,junxi,emergency,stop,26128221,legacy_keyword_mapping,/Users/zilongzeng/Documents/data/junxi/stop/026_128221.wav,junxi/stop/026_128221.wav,unknown,0.99609375,0.0,0.0,0.99609375,"[-128, -128, 127]",False,,,,,,,,,,,,,0.05350005812942982,1.3478329638019204,0.7053749868646264,2.112334012053907
324,junxi,emergency,stop,27132137,legacy_keyword_mapping,/Users/zilongzeng/Documents/data/junxi/stop/027_132137.wav,junxi/stop/027_132137.wav,emergency,0.99609375,0.99609375,0.0,0.0,"[127, -128, -128]",True,,,,,,,,,,,,,0.07279205601662397,1.2544168857857585,0.7031669374555349,2.0355420419946313
325,junxi,emergency,stop,28135826,legacy_keyword_mapping,/Users/zilongzeng/Documents/data/junxi/stop/028_135826.wav,junxi/stop/028_135826.wav,movement,0.6484375,0.0,0.6484375,0.3515625,"[-128, 38, -38]",False,,,,,,,,,,,,,0.21166692022234201,1.3416250003501773,0.6817500106990337,2.2405830677598715
326,junxi,emergency,stop,29139548,legacy_keyword_mapping,/Users/zilongzeng/Documents/data/junxi/stop/029_139548.wav,junxi/stop/029_139548.wav,movement,0.83203125,0.16796875,0.83203125,0.00390625,"[-85, 85, -127]",False,,,,,,,,,,,,,0.22220797836780548,1.1182079324498773,0.6868749624118209,2.0320829935371876
327,junxi,emergency,stop,30143430,legacy_keyword_mapping,/Users/zilongzeng/Documents/data/junxi/stop/030_143430.wav,junxi/stop/030_143430.wav,movement,0.99609375,0.0,0.99609375,0.0,"[-128, 127, -128]",False,,,,,,,,,,,,,0.05420902743935585,1.2678330531343818,0.7130829617381096,2.0416249753907323
328,junxi,unknown,two,283696,legacy_keyword_mapping,/Users/zilongzeng/Documents/data/junxi/two/000_283696.wav,junxi/two/000_283696.wav,unknown,0.7734375,0.1875,0.0390625,0.7734375,"[-80, -118, 70]",True,,,,,,,,,,,,,0.2145000034943223,1.3115409528836608,0.659500015899539,2.1907499758526683
329,junxi,unknown,two,1287387,legacy_keyword_mapping,/Users/zilongzeng/Documents/data/junxi/two/001_287387.wav,junxi/two/001_287387.wav,emergency,0.89453125,0.89453125,0.00390625,0.09765625,"[101, -127, -103]",False,,,,,,,,,,,,,0.19995798356831074,1.179583021439612,0.7050420390442014,2.0899579394608736
330,junxi,unknown,two,2290528,legacy_keyword_mapping,/Users/zilongzeng/Documents/data/junxi/two/002_290528.wav,junxi/two/002_290528.wav,unknown,0.99609375,0.0,0.0,0.99609375,"[-128, -128, 127]",True,,,,,,,,,,,,,0.16104208771139383,1.1892910115420818,0.6593329599127173,2.014458063058555
331,junxi,unknown,two,3293973,legacy_keyword_mapping,/Users/zilongzeng/Documents/data/junxi/two/003_293973.wav,junxi/two/003_293973.wav,movement,0.9921875,0.00390625,0.9921875,0.00390625,"[-127, 126, -127]",False,,,,,,,,,,,,,0.055750017054378986,1.4052920741960406,0.7287079934030771,2.1966659696772695
332,junxi,unknown,two,4297865,legacy_keyword_mapping,/Users/zilongzeng/Documents/data/junxi/two/004_297865.wav,junxi/two/004_297865.wav,emergency,0.99609375,0.99609375,0.0,0.0,"[127, -128, -128]",False,,,,,,,,,,,,,0.22099993657320738,1.339541980996728,0.7090410217642784,2.2754590027034283
333,junxi,unknown,two,5301120,legacy_keyword_mapping,/Users/zilongzeng/Documents/data/junxi/two/005_301120.wav,junxi/two/005_301120.wav,emergency,0.99609375,0.99609375,0.0,0.0,"[127, -128, -128]",False,,,,,,,,,,,,,0.225124997086823,1.3837090227752924,0.6630830466747284,2.281790948472917
334,junxi,unknown,wow,274209,legacy_keyword_mapping,/Users/zilongzeng/Documents/data/junxi/wow/000_274209.wav,junxi/wow/000_274209.wav,movement,0.984375,0.015625,0.984375,0.0,"[-124, 124, -128]",False,,,,,,,,,,,,,0.2198750153183937,1.2268749997019768,0.6657500052824616,2.11991707328707
335,junxi,unknown,wow,1277544,legacy_keyword_mapping,/Users/zilongzeng/Documents/data/junxi/wow/001_277544.wav,junxi/wow/001_277544.wav,emergency,0.83203125,0.83203125,0.16796875,0.0,"[85, -85, -128]",False,,,,,,,,,,,,,0.09200000204145908,1.5124159399420023,0.7134170737117529,2.324292086996138
336,junxi,unknown,wow,2283467,legacy_keyword_mapping,/Users/zilongzeng/Documents/data/junxi/wow/002_283467.wav,junxi/wow/002_283467.wav,movement,0.99609375,0.0,0.99609375,0.0,"[-128, 127, -128]",False,,,,,,,,,,,,,0.20304101053625345,1.2784579303115606,0.6682910025119781,2.1553749684244394
337,junxi,unknown,wow,3286751,legacy_keyword_mapping,/Users/zilongzeng/Documents/data/junxi/wow/003_286751.wav,junxi/wow/003_286751.wav,movement,0.96875,0.03125,0.96875,0.0,"[-120, 120, -128]",False,,,,,,,,,,,,,0.26074994821101427,1.2180000776425004,0.6653749151155353,2.1503340685740113
338,junxi,unknown,wow,4290434,legacy_keyword_mapping,/Users/zilongzeng/Documents/data/junxi/wow/004_290434.wav,junxi/wow/004_290434.wav,unknown,0.6796875,0.015625,0.3046875,0.6796875,"[-124, -50, 46]",True,,,,,,,,,,,,,0.08333404548466206,1.1997079709544778,0.7484169909730554,2.040207968093455
339,junxi,unknown,wow,5301561,legacy_keyword_mapping,/Users/zilongzeng/Documents/data/junxi/wow/005_301561.wav,junxi/wow/005_301561.wav,emergency,0.96875,0.96875,0.03125,0.0,"[120, -120, -128]",False,,,,,,,,,,,,,0.07179193198680878,1.4287090161815286,0.7080419454723597,2.2141669178381562
340,junxi,unknown,wow,6304653,legacy_keyword_mapping,/Users/zilongzeng/Documents/data/junxi/wow/006_304653.wav,junxi/wow/006_304653.wav,emergency,0.99609375,0.99609375,0.0,0.0,"[127, -128, -128]",False,,,,,,,,,,,,,0.06404099985957146,1.2510829837992787,0.671875081025064,1.9929580157622695
341,junxi,unknown,wow,7308082,legacy_keyword_mapping,/Users/zilongzeng/Documents/data/junxi/wow/007_308082.wav,junxi/wow/007_308082.wav,movement,0.99609375,0.0,0.99609375,0.0,"[-128, 127, -128]",False,,,,,,,,,,,,,0.08229189552366734,1.2169580440968275,0.6586249219253659,1.9628750160336494
342,junxi,unknown,wow,8311366,legacy_keyword_mapping,/Users/zilongzeng/Documents/data/junxi/wow/008_311366.wav,junxi/wow/008_311366.wav,movement,0.73046875,0.265625,0.73046875,0.00390625,"[-60, 59, -127]",False,,,,,,,,,,,,,0.05962501745671034,1.2852909276261926,0.754334032535553,2.10770801641047
343,junxi,unknown,wow,9314682,legacy_keyword_mapping,/Users/zilongzeng/Documents/data/junxi/wow/009_314682.wav,junxi/wow/009_314682.wav,unknown,0.96875,0.03125,0.0,0.96875,"[-120, -128, 120]",True,,,,,,,,,,,,,0.06045796908438206,1.4211670495569706,0.7063749944791198,2.194124972447753
344,junxi,unknown,wow,10575839,legacy_keyword_mapping,/Users/zilongzeng/Documents/data/junxi/wow/010_575839.wav,junxi/wow/010_575839.wav,emergency,0.5234375,0.5234375,0.046875,0.4296875,"[6, -116, -18]",False,,,,,,,,,,,,,0.058833975344896317,1.2188750552013516,0.6732080364599824,1.9565828843042254
345,junxi,unknown,wow,11580193,legacy_keyword_mapping,/Users/zilongzeng/Documents/data/junxi/wow/011_580193.wav,junxi/wow/011_580193.wav,emergency,0.64453125,0.64453125,0.3515625,0.00390625,"[37, -38, -127]",False,,,,,,,,,,,,,0.07299997378140688,1.2679159408435225,0.6947909714654088,2.041082945652306
346,junxi,unknown,wow,12583815,legacy_keyword_mapping,/Users/zilongzeng/Documents/data/junxi/wow/012_583815.wav,junxi/wow/012_583815.wav,emergency,0.99609375,0.99609375,0.0,0.0,"[127, -128, -128]",False,,,,,,,,,,,,,0.05804095417261124,1.1414580512791872,0.6813749205321074,1.8860830459743738
347,junxi,unknown,wow,13588813,legacy_keyword_mapping,/Users/zilongzeng/Documents/data/junxi/wow/013_588813.wav,junxi/wow/013_588813.wav,emergency,0.99609375,0.99609375,0.0,0.0,"[127, -128, -128]",False,,,,,,,,,,,,,0.0648329732939601,1.565875019878149,0.7047089748084545,2.341125044040382
348,junxi,unknown,wow,14591603,legacy_keyword_mapping,/Users/zilongzeng/Documents/data/junxi/wow/014_591603.wav,junxi/wow/014_591603.wav,unknown,0.94140625,0.0546875,0.0,0.94140625,"[-114, -128, 113]",True,,,,,,,,,,,,,0.06595905870199203,1.195083954371512,0.6753329653292894,1.9426250364631414
349,junxi,unknown,wow,15595513,legacy_keyword_mapping,/Users/zilongzeng/Documents/data/junxi/wow/015_595513.wav,junxi/wow/015_595513.wav,unknown,0.9453125,0.0078125,0.046875,0.9453125,"[-126, -116, 114]",True,,,,,,,,,,,,,0.2238750457763672,1.2340419925749302,0.6607919931411743,2.1235829917714
350,junxi,unknown,wow,16598865,legacy_keyword_mapping,/Users/zilongzeng/Documents/data/junxi/wow/016_598865.wav,junxi/wow/016_598865.wav,emergency,0.99609375,0.99609375,0.0,0.0,"[127, -128, -128]",False,,,,,,,,,,,,,0.21083292085677385,1.0844579664990306,0.7297920528799295,2.0324999932199717
351,junxi,unknown,wow,17603545,legacy_keyword_mapping,/Users/zilongzeng/Documents/data/junxi/wow/017_603545.wav,junxi/wow/017_603545.wav,unknown,0.7265625,0.265625,0.01171875,0.7265625,"[-60, -125, 58]",True,,,,,,,,,,,,,0.05862500984221697,1.2518339790403843,0.7115829503163695,2.0284580532461405
352,junxi,unknown,wow,18607808,legacy_keyword_mapping,/Users/zilongzeng/Documents/data/junxi/wow/018_607808.wav,junxi/wow/018_607808.wav,movement,0.953125,0.046875,0.953125,0.0,"[-116, 116, -128]",False,,,,,,,,,,,,,0.19937497563660145,1.3203329872339964,0.6666660774499178,2.1919169230386615
353,junxi,unknown,wow,19610919,legacy_keyword_mapping,/Users/zilongzeng/Documents/data/junxi/wow/019_610919.wav,junxi/wow/019_610919.wav,emergency,0.99609375,0.99609375,0.0,0.0,"[127, -128, -128]",False,,,,,,,,,,,,,0.24283397942781448,1.1765840463340282,0.6581669440492988,2.0825830288231373
354,junxi,unknown,wow,20615875,legacy_keyword_mapping,/Users/zilongzeng/Documents/data/junxi/wow/020_615875.wav,junxi/wow/020_615875.wav,emergency,0.99609375,0.99609375,0.0,0.0,"[127, -128, -128]",False,,,,,,,,,,,,,0.06641692016273737,1.1962500866502523,0.7325420156121254,2.0013749599456787
355,junxi,unknown,wow,21621031,legacy_keyword_mapping,/Users/zilongzeng/Documents/data/junxi/wow/021_621031.wav,junxi/wow/021_621031.wav,emergency,0.94140625,0.94140625,0.0,0.0546875,"[113, -128, -114]",False,,,,,,,,,,,,,0.06074993871152401,1.3186250580474734,0.7131670136004686,2.098000026308
356,junxi,unknown,wow,22306816,legacy_keyword_mapping,/Users/zilongzeng/Documents/data/junxi/wow/022_306816.wav,junxi/wow/022_306816.wav,movement,0.99609375,0.0,0.99609375,0.0,"[-128, 127, -128]",False,,,,,,,,,,,,,0.12987502850592136,1.2572919949889183,0.6681670201942325,2.060792059637606
357,junxi,unknown,wow,23310677,legacy_keyword_mapping,/Users/zilongzeng/Documents/data/junxi/wow/023_310677.wav,junxi/wow/023_310677.wav,emergency,0.6484375,0.6484375,0.3515625,0.0,"[38, -38, -128]",False,,,,,,,,,,,,,0.23329199757426977,1.189666916616261,0.6585840601474047,2.0862501114606857
358,junxi,unknown,wow,24313774,legacy_keyword_mapping,/Users/zilongzeng/Documents/data/junxi/wow/024_313774.wav,junxi/wow/024_313774.wav,movement,0.99609375,0.0,0.99609375,0.0,"[-128, 127, -128]",False,,,,,,,,,,,,,0.1913749147206545,1.1171250371262431,0.7989580044522882,2.152416971512139
359,junxi,unknown,wow,25317045,legacy_keyword_mapping,/Users/zilongzeng/Documents/data/junxi/wow/025_317045.wav,junxi/wow/025_317045.wav,movement,0.68359375,0.11328125,0.68359375,0.203125,"[-99, 47, -76]",False,,,,,,,,,,,,,0.29229093343019485,1.3678340474143624,0.7185830036178231,2.385249943472445
360,junxi,unknown,wow,26320367,legacy_keyword_mapping,/Users/zilongzeng/Documents/data/junxi/wow/026_320367.wav,junxi/wow/026_320367.wav,unknown,0.65234375,0.10546875,0.23828125,0.65234375,"[-101, -67, 39]",True,,,,,,,,,,,,,0.07862504571676254,1.2932909885421395,0.7259169360622764,2.103708917275071
361,junxi,unknown,wow,27324216,legacy_keyword_mapping,/Users/zilongzeng/Documents/data/junxi/wow/027_324216.wav,junxi/wow/027_324216.wav,emergency,0.859375,0.859375,0.078125,0.0625,"[92, -108, -112]",False,,,,,,,,,,,,,0.07508299313485622,1.1834159959107637,0.7052920991554856,1.9693750655278563
362,junxi,unknown,wow,28327543,legacy_keyword_mapping,/Users/zilongzeng/Documents/data/junxi/wow/028_327543.wav,junxi/wow/028_327543.wav,emergency,0.9609375,0.9609375,0.0390625,0.0,"[118, -118, -128]",False,,,,,,,,,,,,,0.2142090816050768,1.0966670233756304,0.6945000495761633,2.0437079947441816
363,junxi,unknown,wow,29330907,legacy_keyword_mapping,/Users/zilongzeng/Documents/data/junxi/wow/029_330907.wav,junxi/wow/029_330907.wav,emergency,0.9453125,0.9453125,0.0546875,0.0,"[114, -114, -128]",False,,,,,,,,,,,,,0.30862505082041025,1.2794580543413758,0.7037919713184237,2.298584091477096
364,junxi,unknown,wow,30334309,legacy_keyword_mapping,/Users/zilongzeng/Documents/data/junxi/wow/030_334309.wav,junxi/wow/030_334309.wav,movement,0.99609375,0.0,0.99609375,0.0,"[-128, 127, -128]",False,,,,,,,,,,,,,0.08370797149837017,1.3252090429887176,0.7236669771373272,2.1387910237535834
365,junxi,unknown,wow,31338415,legacy_keyword_mapping,/Users/zilongzeng/Documents/data/junxi/wow/031_338415.wav,junxi/wow/031_338415.wav,emergency,0.99609375,0.99609375,0.0,0.0,"[127, -128, -128]",False,,,,,,,,,,,,,0.07516704499721527,1.1320000048726797,0.6615829188376665,1.8737090285867453
366,junxi,unknown,yes,329369,legacy_keyword_mapping,/Users/zilongzeng/Documents/data/junxi/yes/000_329369.wav,junxi/yes/000_329369.wav,emergency,0.984375,0.984375,0.015625,0.0,"[124, -124, -128]",False,,,,,,,,,,,,,0.21104200277477503,1.1146250180900097,0.6952499970793724,2.0614999812096357
367,junxi,unknown,yes,1333026,legacy_keyword_mapping,/Users/zilongzeng/Documents/data/junxi/yes/001_333026.wav,junxi/yes/001_333026.wav,emergency,0.99609375,0.99609375,0.0,0.0,"[127, -128, -128]",False,,,,,,,,,,,,,0.31037500593811274,1.2684169923886657,0.6984589854255319,2.2826669737696648
368,junxi,unknown,yes,2336981,legacy_keyword_mapping,/Users/zilongzeng/Documents/data/junxi/yes/002_336981.wav,junxi/yes/002_336981.wav,emergency,0.859375,0.859375,0.140625,0.0,"[92, -92, -128]",False,,,,,,,,,,,,,0.2537500113248825,1.2129999231547117,0.708000035956502,2.1795000648126006
369,junxi,unknown,yes,3340600,legacy_keyword_mapping,/Users/zilongzeng/Documents/data/junxi/yes/003_340600.wav,junxi/yes/003_340600.wav,movement,0.99609375,0.0,0.99609375,0.0,"[-128, 127, -128]",False,,,,,,,,,,,,,0.2108750632032752,1.1054161004722118,0.6617499748244882,1.9826249917969108
370,junxi,unknown,yes,4344509,legacy_keyword_mapping,/Users/zilongzeng/Documents/data/junxi/yes/004_344509.wav,junxi/yes/004_344509.wav,emergency,0.99609375,0.99609375,0.0,0.0,"[127, -128, -128]",False,,,,,,,,,,,,,0.2240838948637247,1.1832090094685555,0.7002910133451223,2.113458001986146
371,junxi,unknown,yes,5348321,legacy_keyword_mapping,/Users/zilongzeng/Documents/data/junxi/yes/005_348321.wav,junxi/yes/005_348321.wav,emergency,0.64453125,0.64453125,0.00390625,0.3515625,"[37, -127, -38]",False,,,,,,,,,,,,,0.07250008638948202,1.2743329862132668,0.7082079537212849,2.0612499210983515
372,junxi,unknown,yes,6351479,legacy_keyword_mapping,/Users/zilongzeng/Documents/data/junxi/yes/006_351479.wav,junxi/yes/006_351479.wav,unknown,0.99609375,0.0,0.0,0.99609375,"[-128, -128, 127]",True,,,,,,,,,,,,,0.20658294670283794,1.1695419671013951,0.7067919941619039,2.0879589719697833
373,junxi,unknown,yes,7367835,legacy_keyword_mapping,/Users/zilongzeng/Documents/data/junxi/yes/007_367835.wav,junxi/yes/007_367835.wav,emergency,0.99609375,0.99609375,0.0,0.0,"[127, -128, -128]",False,,,,,,,,,,,,,0.2002919791266322,1.1101249838247895,0.6596660241484642,1.9747919868677855
374,junxi,unknown,yes,8202808,legacy_keyword_mapping,/Users/zilongzeng/Documents/data/junxi/yes/008_202808.wav,junxi/yes/008_202808.wav,unknown,0.99609375,0.0,0.0,0.99609375,"[-128, -128, 127]",True,,,,,,,,,,,,,0.19779102876782417,1.2172919232398272,0.7004169747233391,2.121458062902093
375,junxi,unknown,yes,9208922,legacy_keyword_mapping,/Users/zilongzeng/Documents/data/junxi/yes/009_208922.wav,junxi/yes/009_208922.wav,emergency,0.984375,0.984375,0.015625,0.0,"[124, -124, -128]",False,,,,,,,,,,,,,0.22858299780637026,1.3089580461382866,0.7055000169202685,2.2486249217763543
376,junxi,unknown,yes,10212848,legacy_keyword_mapping,/Users/zilongzeng/Documents/data/junxi/yes/010_212848.wav,junxi/yes/010_212848.wav,movement,0.98828125,0.0078125,0.98828125,0.00390625,"[-126, 125, -127]",False,,,,,,,,,,,,,0.20087510347366333,1.17425003554672,0.699999975040555,2.079959027469158
377,junxi,unknown,yes,11475763,legacy_keyword_mapping,/Users/zilongzeng/Documents/data/junxi/yes/011_475763.wav,junxi/yes/011_475763.wav,movement,0.99609375,0.0,0.99609375,0.00390625,"[-128, 127, -127]",False,,,,,,,,,,,,,0.20587490871548653,1.0925830574706197,0.6522089242935181,1.955333980731666
378,junxi,unknown,yes,12479832,legacy_keyword_mapping,/Users/zilongzeng/Documents/data/junxi/yes/012_479832.wav,junxi/yes/012_479832.wav,unknown,0.69140625,0.30859375,0.0,0.69140625,"[-49, -128, 49]",True,,,,,,,,,,,,,0.06608397234231234,1.2196670286357403,0.7062089862301946,1.9975840114057064
379,junxi,unknown,yes,13484909,legacy_keyword_mapping,/Users/zilongzeng/Documents/data/junxi/yes/013_484909.wav,junxi/yes/013_484909.wav,emergency,0.77734375,0.77734375,0.15625,0.0703125,"[71, -88, -110]",False,,,,,,,,,,,,,0.19995903130620718,1.29370903596282,0.7122090319171548,2.211499959230423
380,junxi,unknown,yes,14488275,legacy_keyword_mapping,/Users/zilongzeng/Documents/data/junxi/yes/014_488275.wav,junxi/yes/014_488275.wav,unknown,0.54296875,0.44140625,0.015625,0.54296875,"[-15, -124, 11]",True,,,,,,,,,,,,,0.2385409316048026,1.2929999502375722,0.7067499682307243,2.244291943497956
381,junxi,unknown,yes,15491898,legacy_keyword_mapping,/Users/zilongzeng/Documents/data/junxi/yes/015_491898.wav,junxi/yes/015_491898.wav,emergency,0.76953125,0.76953125,0.00390625,0.23046875,"[69, -127, -69]",False,,,,,,,,,,,,,0.06583298090845346,1.3510000426322222,0.6637920159846544,2.089999965392053
382,junxi,unknown,yes,16495425,legacy_keyword_mapping,/Users/zilongzeng/Documents/data/junxi/yes/016_495425.wav,junxi/yes/016_495425.wav,unknown,0.85546875,0.140625,0.00390625,0.85546875,"[-92, -127, 91]",True,,,,,,,,,,,,,0.16487494576722383,1.2426660396158695,0.72041607927531,2.1353750489652157
383,junxi,unknown,yes,17498889,legacy_keyword_mapping,/Users/zilongzeng/Documents/data/junxi/yes/017_498889.wav,junxi/yes/017_498889.wav,unknown,0.99609375,0.0,0.0,0.99609375,"[-128, -128, 127]",True,,,,,,,,,,,,,0.07999991066753864,1.2246670667082071,0.7198749808594584,2.0309159299358726
384,junxi,unknown,yes,18502785,legacy_keyword_mapping,/Users/zilongzeng/Documents/data/junxi/yes/018_502785.wav,junxi/yes/018_502785.wav,emergency,0.86328125,0.86328125,0.0234375,0.11328125,"[93, -122, -99]",False,,,,,,,,,,,,,0.07441604975610971,1.2692920863628387,0.6587919779121876,2.007249975576997
385,junxi,unknown,yes,19505864,legacy_keyword_mapping,/Users/zilongzeng/Documents/data/junxi/yes/019_505864.wav,junxi/yes/019_505864.wav,unknown,0.6796875,0.3046875,0.015625,0.6796875,"[-50, -124, 46]",True,,,,,,,,,,,,,0.19504199735820293,1.1069999309256673,0.6592499557882547,1.9658339442685246
386,junxi,unknown,yes,20509151,legacy_keyword_mapping,/Users/zilongzeng/Documents/data/junxi/yes/020_509151.wav,junxi/yes/020_509151.wav,unknown,0.49609375,0.40625,0.09765625,0.49609375,"[-24, -103, -1]",True,,,,,,,,,,,,,0.2014170167967677,1.2718329671770334,0.7045840611681342,2.1837500389665365
387,junxi,unknown,yes,21150728,legacy_keyword_mapping,/Users/zilongzeng/Documents/data/junxi/yes/021_150728.wav,junxi/yes/021_150728.wav,emergency,0.99609375,0.99609375,0.0,0.0,"[127, -128, -128]",False,,,,,,,,,,,,,0.07591594476252794,1.2897499836981297,0.726834055967629,2.0984580041840672
388,junxi,unknown,yes,22154828,legacy_keyword_mapping,/Users/zilongzeng/Documents/data/junxi/yes/022_154828.wav,junxi/yes/022_154828.wav,unknown,0.99609375,0.0,0.0,0.99609375,"[-128, -128, 127]",True,,,,,,,,,,,,,0.07466704118996859,1.244375016540289,0.6632910808548331,1.9877080339938402
389,junxi,unknown,yes,23158325,legacy_keyword_mapping,/Users/zilongzeng/Documents/data/junxi/yes/023_158325.wav,junxi/yes/023_158325.wav,unknown,0.99609375,0.0,0.0,0.99609375,"[-128, -128, 127]",True,,,,,,,,,,,,,0.06487499922513962,1.3046669773757458,0.6540829781442881,2.028707996942103
390,junxi,unknown,yes,24161788,legacy_keyword_mapping,/Users/zilongzeng/Documents/data/junxi/yes/024_161788.wav,junxi/yes/024_161788.wav,emergency,0.9921875,0.9921875,0.0,0.0078125,"[126, -128, -126]",False,,,,,,,,,,,,,0.058916048146784306,1.2090830132365227,0.7095830515027046,1.9837080035358667
391,junxi,unknown,yes,25165317,legacy_keyword_mapping,/Users/zilongzeng/Documents/data/junxi/yes/025_165317.wav,junxi/yes/025_165317.wav,unknown,0.953125,0.046875,0.0,0.953125,"[-116, -128, 116]",True,,,,,,,,,,,,,0.20558293908834457,1.2252910528331995,0.693625072017312,2.1300000371411443
392,junxi,unknown,yes,26168974,legacy_keyword_mapping,/Users/zilongzeng/Documents/data/junxi/yes/026_168974.wav,junxi/yes/026_168974.wav,emergency,0.984375,0.984375,0.0,0.015625,"[124, -128, -124]",False,,,,,,,,,,,,,0.21208298858255148,1.3173749903216958,0.650083995424211,2.184291952289641
393,junxi,unknown,yes,27172285,legacy_keyword_mapping,/Users/zilongzeng/Documents/data/junxi/yes/027_172285.wav,junxi/yes/027_172285.wav,emergency,0.99609375,0.99609375,0.0,0.0,"[127, -128, -128]",False,,,,,,,,,,,,,0.06229197606444359,1.1128340847790241,0.6533749401569366,1.8331250175833702
394,junxi,unknown,yes,28175970,legacy_keyword_mapping,/Users/zilongzeng/Documents/data/junxi/yes/028_175970.wav,junxi/yes/028_175970.wav,emergency,0.99609375,0.99609375,0.0,0.0,"[127, -128, -128]",False,,,,,,,,,,,,,0.056292046792805195,1.3603329425677657,0.7089170394465327,2.131583052687347
395,junxi,unknown,yes,29179916,legacy_keyword_mapping,/Users/zilongzeng/Documents/data/junxi/yes/029_179916.wav,junxi/yes/029_179916.wav,emergency,0.99609375,0.99609375,0.0,0.0,"[127, -128, -128]",False,,,,,,,,,,,,,0.06712507456541061,1.3104579411447048,0.7094589527696371,2.0928330486640334
396,junxi,unknown,yes,30183365,legacy_keyword_mapping,/Users/zilongzeng/Documents/data/junxi/yes/030_183365.wav,junxi/yes/030_183365.wav,emergency,0.99609375,0.99609375,0.0,0.0,"[127, -128, -128]",False,,,,,,,,,,,,,0.07254199590533972,1.2086249189451337,0.6831249920651317,1.9693749491125345
397,Shujun,emergency,stop,1,intent_directory,/Users/zilongzeng/Documents/data/Shujun/emergency/stop/1.wav,Shujun/emergency/stop/1.wav,movement,0.50390625,0.4140625,0.50390625,0.08203125,"[-22, 1, -107]",False,emergency,0.503906,False,ok,927,56,632,1923,"[1, -22, -107]",e43cc3f7b7f7e2413bdc35765bca5d45473b5b1b63fdee1a0a28d3e9de0d2ab8,user_study_cdc_sd_rt1s_c32_dual_core_v1,/Users/zilongzeng/Documents/data/Shujun/results.csv,0.2217089058831334,1.2409589253365993,0.6295000202953815,2.0969160832464695
398,Shujun,emergency,stop,2,intent_directory,/Users/zilongzeng/Documents/data/Shujun/emergency/stop/2.wav,Shujun/emergency/stop/2.wav,unknown,0.765625,0.15234375,0.08203125,0.765625,"[-89, -107, 68]",False,unknown,0.804688,True,ok,907,56,632,1770,"[-106, -101, 78]",e43cc3f7b7f7e2413bdc35765bca5d45473b5b1b63fdee1a0a28d3e9de0d2ab8,user_study_cdc_sd_rt1s_c32_dual_core_v1,/Users/zilongzeng/Documents/data/Shujun/results.csv,0.21920795552432537,1.3857909943908453,0.708000035956502,2.318916958756745
399,Shujun,emergency,stop,3,intent_directory,/Users/zilongzeng/Documents/data/Shujun/emergency/stop/3.wav,Shujun/emergency/stop/3.wav,movement,0.98046875,0.0,0.98046875,0.015625,"[-128, 123, -124]",False,movement,0.980469,True,ok,927,56,632,1791,"[-128, 123, -123]",e43cc3f7b7f7e2413bdc35765bca5d45473b5b1b63fdee1a0a28d3e9de0d2ab8,user_study_cdc_sd_rt1s_c32_dual_core_v1,/Users/zilongzeng/Documents/data/Shujun/results.csv,0.21420803386718035,1.2746660504490137,0.7157920626923442,2.210958977229893
400,Shujun,emergency,stop,4,intent_directory,/Users/zilongzeng/Documents/data/Shujun/emergency/stop/4.wav,Shujun/emergency/stop/4.wav,emergency,0.99609375,0.99609375,0.0,0.0,"[127, -128, -128]",True,emergency,0.996094,True,ok,917,56,632,1780,"[127, -128, -128]",e43cc3f7b7f7e2413bdc35765bca5d45473b5b1b63fdee1a0a28d3e9de0d2ab8,user_study_cdc_sd_rt1s_c32_dual_core_v1,/Users/zilongzeng/Documents/data/Shujun/results.csv,0.21837500389665365,1.2239170027896762,0.6655419711023569,2.1129579981788993
401,Shujun,emergency,stop,5,intent_directory,/Users/zilongzeng/Documents/data/Shujun/emergency/stop/5.wav,Shujun/emergency/stop/5.wav,movement,0.9921875,0.0078125,0.9921875,0.00390625,"[-126, 126, -127]",False,movement,0.980469,True,ok,902,56,632,1765,"[-127, 123, -124]",e43cc3f7b7f7e2413bdc35765bca5d45473b5b1b63fdee1a0a28d3e9de0d2ab8,user_study_cdc_sd_rt1s_c32_dual_core_v1,/Users/zilongzeng/Documents/data/Shujun/results.csv,0.20395894534885883,1.1294169817119837,0.6590420380234718,1.997874933294952
402,Shujun,emergency,stop,6,intent_directory,/Users/zilongzeng/Documents/data/Shujun/emergency/stop/6.wav,Shujun/emergency/stop/6.wav,emergency,0.99609375,0.99609375,0.0,0.0,"[127, -128, -128]",True,emergency,0.996094,True,ok,920,56,632,1798,"[127, -128, -128]",e43cc3f7b7f7e2413bdc35765bca5d45473b5b1b63fdee1a0a28d3e9de0d2ab8,user_study_cdc_sd_rt1s_c32_dual_core_v1,/Users/zilongzeng/Documents/data/Shujun/results.csv,0.2090000780299306,1.3767919735983014,0.7262500002980232,2.3191249929368496
403,Shujun,emergency,stop,7,intent_directory,/Users/zilongzeng/Documents/data/Shujun/emergency/stop/7.wav,Shujun/emergency/stop/7.wav,emergency,0.99609375,0.99609375,0.00390625,0.0,"[127, -127, -128]",True,emergency,0.996094,True,ok,915,56,632,1780,"[127, -127, -128]",e43cc3f7b7f7e2413bdc35765bca5d45473b5b1b63fdee1a0a28d3e9de0d2ab8,user_study_cdc_sd_rt1s_c32_dual_core_v1,/Users/zilongzeng/Documents/data/Shujun/results.csv,0.22587506100535393,1.3465830124914646,0.7321250159293413,2.3149580229073763
404,Shujun,emergency,stop,8,intent_directory,/Users/zilongzeng/Documents/data/Shujun/emergency/stop/8.wav,Shujun/emergency/stop/8.wav,emergency,0.99609375,0.99609375,0.00390625,0.0,"[127, -127, -128]",True,emergency,0.996094,True,ok,900,56,632,1763,"[127, -128, -128]",e43cc3f7b7f7e2413bdc35765bca5d45473b5b1b63fdee1a0a28d3e9de0d2ab8,user_study_cdc_sd_rt1s_c32_dual_core_v1,/Users/zilongzeng/Documents/data/Shujun/results.csv,0.24224992375820875,1.3339590514078736,0.6818330148234963,2.264374983496964
405,Shujun,emergency,stop,9,intent_directory,/Users/zilongzeng/Documents/data/Shujun/emergency/stop/9.wav,Shujun/emergency/stop/9.wav,emergency,0.99609375,0.99609375,0.0,0.0,"[127, -128, -128]",True,emergency,0.996094,True,ok,920,56,632,1785,"[127, -128, -128]",e43cc3f7b7f7e2413bdc35765bca5d45473b5b1b63fdee1a0a28d3e9de0d2ab8,user_study_cdc_sd_rt1s_c32_dual_core_v1,/Users/zilongzeng/Documents/data/Shujun/results.csv,0.20424998365342617,1.1356250615790486,0.7543750107288361,2.103957929648459
406,Shujun,emergency,stop,10,intent_directory,/Users/zilongzeng/Documents/data/Shujun/emergency/stop/10.wav,Shujun/emergency/stop/10.wav,emergency,0.98046875,0.98046875,0.0078125,0.01171875,"[123, -126, -125]",True,emergency,0.984375,True,ok,922,56,632,1797,"[124, -126, -126]",e43cc3f7b7f7e2413bdc35765bca5d45473b5b1b63fdee1a0a28d3e9de0d2ab8,user_study_cdc_sd_rt1s_c32_dual_core_v1,/Users/zilongzeng/Documents/data/Shujun/results.csv,0.2007919829338789,1.271874993108213,0.721417018212378,2.2002080222591758
407,Shujun,emergency,hold,11,intent_directory,/Users/zilongzeng/Documents/data/Shujun/emergency/hold/11.wav,Shujun/emergency/hold/11.wav,movement,0.99609375,0.0,0.99609375,0.0,"[-128, 127, -128]",False,movement,0.996094,True,ok,907,56,632,1821,"[-128, 127, -128]",e43cc3f7b7f7e2413bdc35765bca5d45473b5b1b63fdee1a0a28d3e9de0d2ab8,user_study_cdc_sd_rt1s_c32_dual_core_v1,/Users/zilongzeng/Documents/data/Shujun/results.csv,0.20629109349101782,1.45650003105402,0.6469999207183719,2.318749902769923
408,Shujun,emergency,hold,12,intent_directory,/Users/zilongzeng/Documents/data/Shujun/emergency/hold/12.wav,Shujun/emergency/hold/12.wav,movement,0.99609375,0.0,0.99609375,0.0,"[-128, 127, -128]",False,movement,0.996094,True,ok,916,56,632,1782,"[-128, 127, -128]",e43cc3f7b7f7e2413bdc35765bca5d45473b5b1b63fdee1a0a28d3e9de0d2ab8,user_study_cdc_sd_rt1s_c32_dual_core_v1,/Users/zilongzeng/Documents/data/Shujun/results.csv,0.2907499438151717,1.2585410149767995,0.6772080669179559,2.231542021036148
409,Shujun,emergency,hold,13,intent_directory,/Users/zilongzeng/Documents/data/Shujun/emergency/hold/13.wav,Shujun/emergency/hold/13.wav,movement,0.99609375,0.0,0.99609375,0.0,"[-128, 127, -128]",False,movement,0.996094,True,ok,916,56,632,1781,"[-128, 127, -128]",e43cc3f7b7f7e2413bdc35765bca5d45473b5b1b63fdee1a0a28d3e9de0d2ab8,user_study_cdc_sd_rt1s_c32_dual_core_v1,/Users/zilongzeng/Documents/data/Shujun/results.csv,0.20229199435561895,1.2986250221729279,0.701958080753684,2.209250000305474
410,Shujun,emergency,hold,14,intent_directory,/Users/zilongzeng/Documents/data/Shujun/emergency/hold/14.wav,Shujun/emergency/hold/14.wav,movement,0.99609375,0.0,0.99609375,0.0,"[-128, 127, -128]",False,movement,0.996094,True,ok,906,56,632,1771,"[-128, 127, -128]",e43cc3f7b7f7e2413bdc35765bca5d45473b5b1b63fdee1a0a28d3e9de0d2ab8,user_study_cdc_sd_rt1s_c32_dual_core_v1,/Users/zilongzeng/Documents/data/Shujun/results.csv,0.21358300000429153,1.284708036109805,0.6531660910695791,2.1568750962615013
411,Shujun,emergency,hold,15,intent_directory,/Users/zilongzeng/Documents/data/Shujun/emergency/hold/15.wav,Shujun/emergency/hold/15.wav,movement,0.99609375,0.0,0.99609375,0.0,"[-128, 127, -128]",False,movement,0.996094,True,ok,922,56,632,1787,"[-128, 127, -128]",e43cc3f7b7f7e2413bdc35765bca5d45473b5b1b63fdee1a0a28d3e9de0d2ab8,user_study_cdc_sd_rt1s_c32_dual_core_v1,/Users/zilongzeng/Documents/data/Shujun/results.csv,0.2127080224454403,1.2380830012261868,0.7220410043373704,2.1785000571981072
412,Shujun,emergency,hold,16,intent_directory,/Users/zilongzeng/Documents/data/Shujun/emergency/hold/16.wav,Shujun/emergency/hold/16.wav,movement,0.984375,0.0,0.984375,0.015625,"[-128, 124, -124]",False,movement,0.988281,True,ok,918,56,632,1782,"[-128, 125, -125]",e43cc3f7b7f7e2413bdc35765bca5d45473b5b1b63fdee1a0a28d3e9de0d2ab8,user_study_cdc_sd_rt1s_c32_dual_core_v1,/Users/zilongzeng/Documents/data/Shujun/results.csv,0.19783293828368187,1.1664580088108778,0.6898329593241215,2.0586249884217978
413,Shujun,emergency,hold,17,intent_directory,/Users/zilongzeng/Documents/data/Shujun/emergency/hold/17.wav,Shujun/emergency/hold/17.wav,movement,0.99609375,0.0,0.99609375,0.0,"[-128, 127, -128]",False,movement,0.996094,True,ok,906,56,632,1770,"[-128, 127, -128]",e43cc3f7b7f7e2413bdc35765bca5d45473b5b1b63fdee1a0a28d3e9de0d2ab8,user_study_cdc_sd_rt1s_c32_dual_core_v1,/Users/zilongzeng/Documents/data/Shujun/results.csv,0.18141698092222214,1.2608329998329282,0.712707987986505,2.161125070415437
414,Shujun,emergency,hold,18,intent_directory,/Users/zilongzeng/Documents/data/Shujun/emergency/hold/18.wav,Shujun/emergency/hold/18.wav,movement,0.99609375,0.0,0.99609375,0.0,"[-128, 127, -128]",False,movement,0.996094,True,ok,919,56,632,1784,"[-128, 127, -128]",e43cc3f7b7f7e2413bdc35765bca5d45473b5b1b63fdee1a0a28d3e9de0d2ab8,user_study_cdc_sd_rt1s_c32_dual_core_v1,/Users/zilongzeng/Documents/data/Shujun/results.csv,0.19658391829580069,1.2468750355765224,0.7228750037029386,2.1726249251514673
415,Shujun,emergency,hold,19,intent_directory,/Users/zilongzeng/Documents/data/Shujun/emergency/hold/19.wav,Shujun/emergency/hold/19.wav,movement,0.99609375,0.0,0.99609375,0.0,"[-128, 127, -128]",False,movement,0.996094,True,ok,915,56,632,1780,"[-128, 127, -128]",e43cc3f7b7f7e2413bdc35765bca5d45473b5b1b63fdee1a0a28d3e9de0d2ab8,user_study_cdc_sd_rt1s_c32_dual_core_v1,/Users/zilongzeng/Documents/data/Shujun/results.csv,0.20320899784564972,1.285000005736947,0.6575409788638353,2.154959016479552
416,Shujun,emergency,hold,20,intent_directory,/Users/zilongzeng/Documents/data/Shujun/emergency/hold/20.wav,Shujun/emergency/hold/20.wav,movement,0.99609375,0.0,0.99609375,0.0,"[-128, 127, -128]",False,movement,0.996094,True,ok,903,56,632,1767,"[-128, 127, -128]",e43cc3f7b7f7e2413bdc35765bca5d45473b5b1b63fdee1a0a28d3e9de0d2ab8,user_study_cdc_sd_rt1s_c32_dual_core_v1,/Users/zilongzeng/Documents/data/Shujun/results.csv,0.2997079864144325,1.2125830398872495,0.6627920083701611,2.180249895900488
417,Shujun,emergency,freeze,21,intent_directory,/Users/zilongzeng/Documents/data/Shujun/emergency/freeze/21.wav,Shujun/emergency/freeze/21.wav,unknown,0.99609375,0.0,0.0,0.99609375,"[-128, -128, 127]",False,unknown,0.996094,True,ok,919,56,632,1847,"[-128, -128, 127]",e43cc3f7b7f7e2413bdc35765bca5d45473b5b1b63fdee1a0a28d3e9de0d2ab8,user_study_cdc_sd_rt1s_c32_dual_core_v1,/Users/zilongzeng/Documents/data/Shujun/results.csv,0.19595806952565908,1.4808749547228217,0.716291950084269,2.399874967522919
418,Shujun,emergency,freeze,22,intent_directory,/Users/zilongzeng/Documents/data/Shujun/emergency/freeze/22.wav,Shujun/emergency/freeze/22.wav,unknown,0.99609375,0.0,0.0,0.99609375,"[-128, -128, 127]",False,unknown,0.996094,True,ok,915,56,632,1779,"[-128, -128, 127]",e43cc3f7b7f7e2413bdc35765bca5d45473b5b1b63fdee1a0a28d3e9de0d2ab8,user_study_cdc_sd_rt1s_c32_dual_core_v1,/Users/zilongzeng/Documents/data/Shujun/results.csv,0.21616695448756218,1.356584019958973,0.6291660247370601,2.2117909975349903
419,Shujun,emergency,freeze,23,intent_directory,/Users/zilongzeng/Documents/data/Shujun/emergency/freeze/23.wav,Shujun/emergency/freeze/23.wav,unknown,0.99609375,0.0,0.0,0.99609375,"[-128, -128, 127]",False,unknown,0.996094,True,ok,905,56,632,1769,"[-128, -128, 127]",e43cc3f7b7f7e2413bdc35765bca5d45473b5b1b63fdee1a0a28d3e9de0d2ab8,user_study_cdc_sd_rt1s_c32_dual_core_v1,/Users/zilongzeng/Documents/data/Shujun/results.csv,0.33062510192394257,1.225625048391521,0.6833330262452364,2.248832955956459
420,Shujun,emergency,freeze,24,intent_directory,/Users/zilongzeng/Documents/data/Shujun/emergency/freeze/24.wav,Shujun/emergency/freeze/24.wav,unknown,0.99609375,0.0,0.0,0.99609375,"[-128, -128, 127]",False,unknown,0.996094,True,ok,929,56,632,1794,"[-128, -128, 127]",e43cc3f7b7f7e2413bdc35765bca5d45473b5b1b63fdee1a0a28d3e9de0d2ab8,user_study_cdc_sd_rt1s_c32_dual_core_v1,/Users/zilongzeng/Documents/data/Shujun/results.csv,0.2363750245422125,1.339999958872795,0.7095420733094215,2.291916054673493
421,Shujun,emergency,freeze,25,intent_directory,/Users/zilongzeng/Documents/data/Shujun/emergency/freeze/25.wav,Shujun/emergency/freeze/25.wav,unknown,0.99609375,0.0,0.0,0.99609375,"[-128, -128, 127]",False,unknown,0.996094,True,ok,929,56,632,1804,"[-128, -128, 127]",e43cc3f7b7f7e2413bdc35765bca5d45473b5b1b63fdee1a0a28d3e9de0d2ab8,user_study_cdc_sd_rt1s_c32_dual_core_v1,/Users/zilongzeng/Documents/data/Shujun/results.csv,0.19558402709662914,1.305124955251813,0.7033329457044601,2.2091249702498317
422,Shujun,emergency,freeze,26,intent_directory,/Users/zilongzeng/Documents/data/Shujun/emergency/freeze/26.wav,Shujun/emergency/freeze/26.wav,unknown,0.99609375,0.0,0.0,0.99609375,"[-128, -128, 127]",False,unknown,0.996094,True,ok,914,56,632,1779,"[-128, -128, 127]",e43cc3f7b7f7e2413bdc35765bca5d45473b5b1b63fdee1a0a28d3e9de0d2ab8,user_study_cdc_sd_rt1s_c32_dual_core_v1,/Users/zilongzeng/Documents/data/Shujun/results.csv,0.19487494137138128,1.3818329898640513,0.6259579677134752,2.2115829633548856
423,Shujun,emergency,freeze,27,intent_directory,/Users/zilongzeng/Documents/data/Shujun/emergency/freeze/27.wav,Shujun/emergency/freeze/27.wav,unknown,0.99609375,0.0,0.0,0.99609375,"[-128, -128, 127]",False,unknown,0.996094,True,ok,918,56,632,1783,"[-128, -128, 127]",e43cc3f7b7f7e2413bdc35765bca5d45473b5b1b63fdee1a0a28d3e9de0d2ab8,user_study_cdc_sd_rt1s_c32_dual_core_v1,/Users/zilongzeng/Documents/data/Shujun/results.csv,0.3314591012895107,1.2212080182507634,0.6632909644395113,2.2219170350581408
424,Shujun,emergency,freeze,28,intent_directory,/Users/zilongzeng/Documents/data/Shujun/emergency/freeze/28.wav,Shujun/emergency/freeze/28.wav,unknown,0.99609375,0.0,0.0,0.99609375,"[-128, -128, 127]",False,unknown,0.996094,True,ok,926,56,632,1790,"[-128, -128, 127]",e43cc3f7b7f7e2413bdc35765bca5d45473b5b1b63fdee1a0a28d3e9de0d2ab8,user_study_cdc_sd_rt1s_c32_dual_core_v1,/Users/zilongzeng/Documents/data/Shujun/results.csv,0.21275004837661982,1.368209021165967,0.7087079575285316,2.296042046509683
425,Shujun,emergency,freeze,29,intent_directory,/Users/zilongzeng/Documents/data/Shujun/emergency/freeze/29.wav,Shujun/emergency/freeze/29.wav,unknown,0.99609375,0.0,0.0,0.99609375,"[-128, -128, 127]",False,unknown,0.996094,True,ok,914,56,632,1778,"[-128, -128, 127]",e43cc3f7b7f7e2413bdc35765bca5d45473b5b1b63fdee1a0a28d3e9de0d2ab8,user_study_cdc_sd_rt1s_c32_dual_core_v1,/Users/zilongzeng/Documents/data/Shujun/results.csv,0.20745792426168919,1.272207940928638,0.7123330142349005,2.1979169687256217
426,Shujun,emergency,freeze,30,intent_directory,/Users/zilongzeng/Documents/data/Shujun/emergency/freeze/30.wav,Shujun/emergency/freeze/30.wav,unknown,0.99609375,0.0,0.0,0.99609375,"[-128, -128, 127]",False,unknown,0.996094,True,ok,927,56,632,1791,"[-128, -128, 127]",e43cc3f7b7f7e2413bdc35765bca5d45473b5b1b63fdee1a0a28d3e9de0d2ab8,user_study_cdc_sd_rt1s_c32_dual_core_v1,/Users/zilongzeng/Documents/data/Shujun/results.csv,0.24458300322294235,1.2343330308794975,0.6779161049053073,2.161709009669721
427,Shujun,emergency,abort,31,intent_directory,/Users/zilongzeng/Documents/data/Shujun/emergency/abort/31.wav,Shujun/emergency/abort/31.wav,unknown,0.99609375,0.0,0.0,0.99609375,"[-128, -128, 127]",False,unknown,0.996094,True,ok,929,56,632,1843,"[-128, -128, 127]",e43cc3f7b7f7e2413bdc35765bca5d45473b5b1b63fdee1a0a28d3e9de0d2ab8,user_study_cdc_sd_rt1s_c32_dual_core_v1,/Users/zilongzeng/Documents/data/Shujun/results.csv,0.20354194566607475,1.187958987429738,0.6597921019420028,2.056333003565669
428,Shujun,emergency,abort,32,intent_directory,/Users/zilongzeng/Documents/data/Shujun/emergency/abort/32.wav,Shujun/emergency/abort/32.wav,movement,0.99609375,0.0,0.99609375,0.0,"[-128, 127, -128]",False,movement,0.996094,True,ok,900,56,632,1765,"[-128, 127, -128]",e43cc3f7b7f7e2413bdc35765bca5d45473b5b1b63fdee1a0a28d3e9de0d2ab8,user_study_cdc_sd_rt1s_c32_dual_core_v1,/Users/zilongzeng/Documents/data/Shujun/results.csv,0.2246249932795763,1.527042011730373,0.710124964825809,2.467749989591539
429,Shujun,emergency,abort,33,intent_directory,/Users/zilongzeng/Documents/data/Shujun/emergency/abort/33.wav,Shujun/emergency/abort/33.wav,movement,0.99609375,0.0,0.99609375,0.0,"[-128, 127, -128]",False,movement,0.996094,True,ok,927,56,632,1792,"[-128, 127, -128]",e43cc3f7b7f7e2413bdc35765bca5d45473b5b1b63fdee1a0a28d3e9de0d2ab8,user_study_cdc_sd_rt1s_c32_dual_core_v1,/Users/zilongzeng/Documents/data/Shujun/results.csv,0.21029205527156591,1.2394159566611052,0.6805409211665392,2.135958056896925
430,Shujun,emergency,abort,34,intent_directory,/Users/zilongzeng/Documents/data/Shujun/emergency/abort/34.wav,Shujun/emergency/abort/34.wav,movement,0.984375,0.0,0.984375,0.015625,"[-128, 124, -124]",False,movement,0.992188,True,ok,916,56,632,1781,"[-128, 126, -126]",e43cc3f7b7f7e2413bdc35765bca5d45473b5b1b63fdee1a0a28d3e9de0d2ab8,user_study_cdc_sd_rt1s_c32_dual_core_v1,/Users/zilongzeng/Documents/data/Shujun/results.csv,0.21308299619704485,1.209791051223874,0.662999926134944,2.0903749391436577
431,Shujun,emergency,abort,35,intent_directory,/Users/zilongzeng/Documents/data/Shujun/emergency/abort/35.wav,Shujun/emergency/abort/35.wav,unknown,0.99609375,0.0,0.0,0.99609375,"[-128, -128, 127]",False,unknown,0.996094,True,ok,907,56,632,1772,"[-128, -128, 127]",e43cc3f7b7f7e2413bdc35765bca5d45473b5b1b63fdee1a0a28d3e9de0d2ab8,user_study_cdc_sd_rt1s_c32_dual_core_v1,/Users/zilongzeng/Documents/data/Shujun/results.csv,0.2151660155504942,1.173500088043511,0.7147920550778508,2.1102079190313816
432,Shujun,emergency,abort,36,intent_directory,/Users/zilongzeng/Documents/data/Shujun/emergency/abort/36.wav,Shujun/emergency/abort/36.wav,unknown,0.99609375,0.0,0.0,0.99609375,"[-128, -128, 127]",False,unknown,0.996094,True,ok,922,56,632,1786,"[-128, -128, 127]",e43cc3f7b7f7e2413bdc35765bca5d45473b5b1b63fdee1a0a28d3e9de0d2ab8,user_study_cdc_sd_rt1s_c32_dual_core_v1,/Users/zilongzeng/Documents/data/Shujun/results.csv,0.25037501472979784,1.4813329325988889,0.7075839675962925,2.445333986543119
433,Shujun,emergency,abort,37,intent_directory,/Users/zilongzeng/Documents/data/Shujun/emergency/abort/37.wav,Shujun/emergency/abort/37.wav,unknown,0.99609375,0.0,0.0,0.99609375,"[-128, -128, 127]",False,unknown,0.996094,True,ok,919,56,632,1798,"[-128, -128, 127]",e43cc3f7b7f7e2413bdc35765bca5d45473b5b1b63fdee1a0a28d3e9de0d2ab8,user_study_cdc_sd_rt1s_c32_dual_core_v1,/Users/zilongzeng/Documents/data/Shujun/results.csv,0.22287503816187382,1.4591669896617532,0.6231670267879963,2.3141660494729877
434,Shujun,emergency,abort,38,intent_directory,/Users/zilongzeng/Documents/data/Shujun/emergency/abort/38.wav,Shujun/emergency/abort/38.wav,movement,0.93359375,0.0,0.93359375,0.06640625,"[-128, 111, -111]",False,movement,0.953125,True,ok,910,56,632,1775,"[-128, 116, -116]",e43cc3f7b7f7e2413bdc35765bca5d45473b5b1b63fdee1a0a28d3e9de0d2ab8,user_study_cdc_sd_rt1s_c32_dual_core_v1,/Users/zilongzeng/Documents/data/Shujun/results.csv,0.31666597351431847,1.1900831013917923,0.6700420053675771,2.1825419971719384
435,Shujun,emergency,abort,39,intent_directory,/Users/zilongzeng/Documents/data/Shujun/emergency/abort/39.wav,Shujun/emergency/abort/39.wav,unknown,0.99609375,0.0,0.0,0.99609375,"[-128, -128, 127]",False,unknown,0.996094,True,ok,925,56,632,1790,"[-128, -128, 127]",e43cc3f7b7f7e2413bdc35765bca5d45473b5b1b63fdee1a0a28d3e9de0d2ab8,user_study_cdc_sd_rt1s_c32_dual_core_v1,/Users/zilongzeng/Documents/data/Shujun/results.csv,0.20908296573907137,1.2279170332476497,0.712999957613647,2.15616705827415
436,Shujun,emergency,abort,40,intent_directory,/Users/zilongzeng/Documents/data/Shujun/emergency/abort/40.wav,Shujun/emergency/abort/40.wav,movement,0.5,0.0,0.5,0.5,"[-128, 0, 0]",False,movement,0.691406,True,ok,927,56,632,1805,"[-128, 49, -49]",e43cc3f7b7f7e2413bdc35765bca5d45473b5b1b63fdee1a0a28d3e9de0d2ab8,user_study_cdc_sd_rt1s_c32_dual_core_v1,/Users/zilongzeng/Documents/data/Shujun/results.csv,0.20312494598329067,1.2623328948393464,0.6951669929549098,2.1662910003215075
437,Shujun,emergency,help,41,intent_directory,/Users/zilongzeng/Documents/data/Shujun/emergency/help/41.wav,Shujun/emergency/help/41.wav,movement,0.99609375,0.0,0.99609375,0.0,"[-128, 127, -128]",False,movement,0.996094,True,ok,912,56,632,1825,"[-128, 127, -128]",e43cc3f7b7f7e2413bdc35765bca5d45473b5b1b63fdee1a0a28d3e9de0d2ab8,user_study_cdc_sd_rt1s_c32_dual_core_v1,/Users/zilongzeng/Documents/data/Shujun/results.csv,0.1960830995813012,1.2612499995157123,0.6912919925525784,2.1535420091822743
438,Shujun,emergency,help,42,intent_directory,/Users/zilongzeng/Documents/data/Shujun/emergency/help/42.wav,Shujun/emergency/help/42.wav,movement,0.734375,0.0,0.734375,0.26953125,"[-128, 60, -59]",False,movement,0.769531,True,ok,917,56,632,1781,"[-128, 69, -69]",e43cc3f7b7f7e2413bdc35765bca5d45473b5b1b63fdee1a0a28d3e9de0d2ab8,user_study_cdc_sd_rt1s_c32_dual_core_v1,/Users/zilongzeng/Documents/data/Shujun/results.csv,0.25679206009954214,1.1551659554243088,0.6452499656006694,2.0619170973077416
439,Shujun,emergency,help,43,intent_directory,/Users/zilongzeng/Documents/data/Shujun/emergency/help/43.wav,Shujun/emergency/help/43.wav,movement,0.9765625,0.00390625,0.9765625,0.015625,"[-127, 122, -124]",False,movement,0.980469,True,ok,925,56,632,1790,"[-127, 123, -124]",e43cc3f7b7f7e2413bdc35765bca5d45473b5b1b63fdee1a0a28d3e9de0d2ab8,user_study_cdc_sd_rt1s_c32_dual_core_v1,/Users/zilongzeng/Documents/data/Shujun/results.csv,0.1965840347111225,1.1977090034633875,0.705749960616231,2.105708932504058
440,Shujun,emergency,help,44,intent_directory,/Users/zilongzeng/Documents/data/Shujun/emergency/help/44.wav,Shujun/emergency/help/44.wav,movement,0.90234375,0.0,0.90234375,0.09765625,"[-128, 103, -103]",False,movement,0.902344,True,ok,912,56,632,1777,"[-128, 103, -103]",e43cc3f7b7f7e2413bdc35765bca5d45473b5b1b63fdee1a0a28d3e9de0d2ab8,user_study_cdc_sd_rt1s_c32_dual_core_v1,/Users/zilongzeng/Documents/data/Shujun/results.csv,0.20187499467283487,1.4613328967243433,0.7090830476954579,2.37820902839303
441,Shujun,emergency,help,45,intent_directory,/Users/zilongzeng/Documents/data/Shujun/emergency/help/45.wav,Shujun/emergency/help/45.wav,movement,0.99609375,0.0,0.99609375,0.0,"[-128, 127, -128]",False,movement,0.996094,True,ok,917,56,632,1782,"[-128, 127, -128]",e43cc3f7b7f7e2413bdc35765bca5d45473b5b1b63fdee1a0a28d3e9de0d2ab8,user_study_cdc_sd_rt1s_c32_dual_core_v1,/Users/zilongzeng/Documents/data/Shujun/results.csv,0.2130840439349413,1.430041971616447,0.6390410708263516,2.291708020493388
442,Shujun,emergency,help,46,intent_directory,/Users/zilongzeng/Documents/data/Shujun/emergency/help/46.wav,Shujun/emergency/help/46.wav,movement,0.99609375,0.0,0.99609375,0.0,"[-128, 127, -128]",False,movement,0.996094,True,ok,928,56,632,1793,"[-128, 127, -128]",e43cc3f7b7f7e2413bdc35765bca5d45473b5b1b63fdee1a0a28d3e9de0d2ab8,user_study_cdc_sd_rt1s_c32_dual_core_v1,/Users/zilongzeng/Documents/data/Shujun/results.csv,0.33724994864314795,1.28520792350173,0.7356250425800681,2.366333967074752
443,Shujun,emergency,help,47,intent_directory,/Users/zilongzeng/Documents/data/Shujun/emergency/help/47.wav,Shujun/emergency/help/47.wav,movement,0.99609375,0.0,0.99609375,0.0,"[-128, 127, -128]",False,movement,0.996094,True,ok,904,56,632,1768,"[-128, 127, -128]",e43cc3f7b7f7e2413bdc35765bca5d45473b5b1b63fdee1a0a28d3e9de0d2ab8,user_study_cdc_sd_rt1s_c32_dual_core_v1,/Users/zilongzeng/Documents/data/Shujun/results.csv,0.20291702821850777,1.3001669431105256,0.6987910019233823,2.2077499888837337
444,Shujun,emergency,help,48,intent_directory,/Users/zilongzeng/Documents/data/Shujun/emergency/help/48.wav,Shujun/emergency/help/48.wav,movement,0.99609375,0.0,0.99609375,0.0,"[-128, 127, -128]",False,movement,0.996094,True,ok,926,56,632,1790,"[-128, 127, -128]",e43cc3f7b7f7e2413bdc35765bca5d45473b5b1b63fdee1a0a28d3e9de0d2ab8,user_study_cdc_sd_rt1s_c32_dual_core_v1,/Users/zilongzeng/Documents/data/Shujun/results.csv,0.20050001330673695,1.396833104081452,0.6498750299215317,2.257124986499548
445,Shujun,emergency,help,49,intent_directory,/Users/zilongzeng/Documents/data/Shujun/emergency/help/49.wav,Shujun/emergency/help/49.wav,movement,0.99609375,0.0,0.99609375,0.0,"[-128, 127, -128]",False,movement,0.996094,True,ok,918,56,632,1784,"[-128, 127, -128]",e43cc3f7b7f7e2413bdc35765bca5d45473b5b1b63fdee1a0a28d3e9de0d2ab8,user_study_cdc_sd_rt1s_c32_dual_core_v1,/Users/zilongzeng/Documents/data/Shujun/results.csv,0.339832971803844,1.2350830947980285,0.6917910650372505,2.273165970109403
446,Shujun,emergency,help,50,intent_directory,/Users/zilongzeng/Documents/data/Shujun/emergency/help/50.wav,Shujun/emergency/help/50.wav,movement,0.99609375,0.0,0.99609375,0.0,"[-128, 127, -128]",False,movement,0.996094,True,ok,905,56,632,1770,"[-128, 127, -128]",e43cc3f7b7f7e2413bdc35765bca5d45473b5b1b63fdee1a0a28d3e9de0d2ab8,user_study_cdc_sd_rt1s_c32_dual_core_v1,/Users/zilongzeng/Documents/data/Shujun/results.csv,0.21108309738337994,1.1276250006631017,0.6605420494452119,2.014625002630055
447,Shujun,movement,go,51,intent_directory,/Users/zilongzeng/Documents/data/Shujun/movement/go/51.wav,Shujun/movement/go/51.wav,movement,0.99609375,0.0,0.99609375,0.0,"[-128, 127, -128]",True,movement,0.996094,True,ok,927,56,632,1888,"[-128, 127, -128]",e43cc3f7b7f7e2413bdc35765bca5d45473b5b1b63fdee1a0a28d3e9de0d2ab8,user_study_cdc_sd_rt1s_c32_dual_core_v1,/Users/zilongzeng/Documents/data/Shujun/results.csv,0.2315420424565673,1.3209579046815634,0.7235840894281864,2.282625064253807
448,Shujun,movement,go,52,intent_directory,/Users/zilongzeng/Documents/data/Shujun/movement/go/52.wav,Shujun/movement/go/52.wav,movement,0.99609375,0.0,0.99609375,0.0,"[-128, 127, -128]",True,movement,0.996094,True,ok,921,56,632,1787,"[-128, 127, -128]",e43cc3f7b7f7e2413bdc35765bca5d45473b5b1b63fdee1a0a28d3e9de0d2ab8,user_study_cdc_sd_rt1s_c32_dual_core_v1,/Users/zilongzeng/Documents/data/Shujun/results.csv,0.21074991673231125,1.251000096090138,0.7134169572964311,2.1812920458614826
449,Shujun,movement,go,53,intent_directory,/Users/zilongzeng/Documents/data/Shujun/movement/go/53.wav,Shujun/movement/go/53.wav,movement,0.99609375,0.0,0.99609375,0.0,"[-128, 127, -128]",True,movement,0.996094,True,ok,900,56,632,1765,"[-128, 127, -128]",e43cc3f7b7f7e2413bdc35765bca5d45473b5b1b63fdee1a0a28d3e9de0d2ab8,user_study_cdc_sd_rt1s_c32_dual_core_v1,/Users/zilongzeng/Documents/data/Shujun/results.csv,0.22004195488989353,1.0975420009344816,0.6572910351678729,1.979416934773326
450,Shujun,movement,go,54,intent_directory,/Users/zilongzeng/Documents/data/Shujun/movement/go/54.wav,Shujun/movement/go/54.wav,movement,0.99609375,0.0,0.99609375,0.0,"[-128, 127, -128]",True,movement,0.996094,True,ok,927,56,632,1791,"[-128, 127, -128]",e43cc3f7b7f7e2413bdc35765bca5d45473b5b1b63fdee1a0a28d3e9de0d2ab8,user_study_cdc_sd_rt1s_c32_dual_core_v1,/Users/zilongzeng/Documents/data/Shujun/results.csv,0.18779200036078691,1.1745000956580043,0.633415998890996,2.016875077970326
451,Shujun,movement,go,55,intent_directory,/Users/zilongzeng/Documents/data/Shujun/movement/go/55.wav,Shujun/movement/go/55.wav,movement,0.99609375,0.0,0.99609375,0.0,"[-128, 127, -128]",True,movement,0.996094,True,ok,928,56,632,1805,"[-128, 127, -128]",e43cc3f7b7f7e2413bdc35765bca5d45473b5b1b63fdee1a0a28d3e9de0d2ab8,user_study_cdc_sd_rt1s_c32_dual_core_v1,/Users/zilongzeng/Documents/data/Shujun/results.csv,0.29975001234561205,1.2712080497294664,0.6958328885957599,2.272290992550552
452,Shujun,movement,go,56,intent_directory,/Users/zilongzeng/Documents/data/Shujun/movement/go/56.wav,Shujun/movement/go/56.wav,movement,0.99609375,0.0,0.99609375,0.0,"[-128, 127, -128]",True,movement,0.996094,True,ok,900,56,632,1765,"[-128, 127, -128]",e43cc3f7b7f7e2413bdc35765bca5d45473b5b1b63fdee1a0a28d3e9de0d2ab8,user_study_cdc_sd_rt1s_c32_dual_core_v1,/Users/zilongzeng/Documents/data/Shujun/results.csv,0.21012499928474426,1.2976250145584345,0.708957901224494,2.222792012616992
453,Shujun,movement,go,57,intent_directory,/Users/zilongzeng/Documents/data/Shujun/movement/go/57.wav,Shujun/movement/go/57.wav,movement,0.99609375,0.0,0.99609375,0.0,"[-128, 127, -128]",True,movement,0.996094,True,ok,915,56,632,1780,"[-128, 127, -128]",e43cc3f7b7f7e2413bdc35765bca5d45473b5b1b63fdee1a0a28d3e9de0d2ab8,user_study_cdc_sd_rt1s_c32_dual_core_v1,/Users/zilongzeng/Documents/data/Shujun/results.csv,0.20204205065965652,1.3268329203128815,0.6298749940469861,2.1684590028598905
454,Shujun,movement,go,58,intent_directory,/Users/zilongzeng/Documents/data/Shujun/movement/go/58.wav,Shujun/movement/go/58.wav,movement,0.99609375,0.0,0.99609375,0.0,"[-128, 127, -128]",True,movement,0.996094,True,ok,928,56,632,1795,"[-128, 127, -128]",e43cc3f7b7f7e2413bdc35765bca5d45473b5b1b63fdee1a0a28d3e9de0d2ab8,user_study_cdc_sd_rt1s_c32_dual_core_v1,/Users/zilongzeng/Documents/data/Shujun/results.csv,0.31174998730421066,1.3695000670850277,0.7114999461919069,2.4002919672057033
455,Shujun,movement,go,59,intent_directory,/Users/zilongzeng/Documents/data/Shujun/movement/go/59.wav,Shujun/movement/go/59.wav,movement,0.99609375,0.0,0.99609375,0.0,"[-128, 127, -128]",True,movement,0.996094,True,ok,905,56,632,1770,"[-128, 127, -128]",e43cc3f7b7f7e2413bdc35765bca5d45473b5b1b63fdee1a0a28d3e9de0d2ab8,user_study_cdc_sd_rt1s_c32_dual_core_v1,/Users/zilongzeng/Documents/data/Shujun/results.csv,0.22012495901435614,1.2351250043138862,0.719917006790638,2.181541989557445
456,Shujun,movement,go,60,intent_directory,/Users/zilongzeng/Documents/data/Shujun/movement/go/60.wav,Shujun/movement/go/60.wav,movement,0.99609375,0.0,0.99609375,0.0,"[-128, 127, -128]",True,movement,0.996094,True,ok,925,56,632,1790,"[-128, 127, -128]",e43cc3f7b7f7e2413bdc35765bca5d45473b5b1b63fdee1a0a28d3e9de0d2ab8,user_study_cdc_sd_rt1s_c32_dual_core_v1,/Users/zilongzeng/Documents/data/Shujun/results.csv,0.20800007041543722,1.282916055060923,0.6601660279557109,2.155833994038403
457,Shujun,movement,forward,61,intent_directory,/Users/zilongzeng/Documents/data/Shujun/movement/forward/61.wav,Shujun/movement/forward/61.wav,unknown,0.99609375,0.0,0.00390625,0.99609375,"[-128, -127, 127]",False,unknown,0.996094,True,ok,927,56,632,1842,"[-128, -127, 127]",e43cc3f7b7f7e2413bdc35765bca5d45473b5b1b63fdee1a0a28d3e9de0d2ab8,user_study_cdc_sd_rt1s_c32_dual_core_v1,/Users/zilongzeng/Documents/data/Shujun/results.csv,0.17858296632766724,1.137291081249714,0.6614159792661667,1.982125104404986
458,Shujun,movement,forward,62,intent_directory,/Users/zilongzeng/Documents/data/Shujun/movement/forward/62.wav,Shujun/movement/forward/62.wav,unknown,0.97265625,0.0,0.02734375,0.97265625,"[-128, -121, 121]",False,unknown,0.980469,True,ok,910,56,632,1775,"[-128, -123, 123]",e43cc3f7b7f7e2413bdc35765bca5d45473b5b1b63fdee1a0a28d3e9de0d2ab8,user_study_cdc_sd_rt1s_c32_dual_core_v1,/Users/zilongzeng/Documents/data/Shujun/results.csv,0.19520893692970276,1.3358331052586436,0.7085830438882113,2.2455829894170165
459,Shujun,movement,forward,63,intent_directory,/Users/zilongzeng/Documents/data/Shujun/movement/forward/63.wav,Shujun/movement/forward/63.wav,unknown,0.99609375,0.0,0.0,0.99609375,"[-128, -128, 127]",False,unknown,0.996094,True,ok,918,56,632,1784,"[-128, -128, 127]",e43cc3f7b7f7e2413bdc35765bca5d45473b5b1b63fdee1a0a28d3e9de0d2ab8,user_study_cdc_sd_rt1s_c32_dual_core_v1,/Users/zilongzeng/Documents/data/Shujun/results.csv,0.21733297035098076,1.2742079561576247,0.675167073495686,2.172374981455505
460,Shujun,movement,forward,64,intent_directory,/Users/zilongzeng/Documents/data/Shujun/movement/forward/64.wav,Shujun/movement/forward/64.wav,movement,0.99609375,0.0,0.99609375,0.0,"[-128, 127, -128]",True,movement,0.996094,True,ok,923,56,632,1789,"[-128, 127, -128]",e43cc3f7b7f7e2413bdc35765bca5d45473b5b1b63fdee1a0a28d3e9de0d2ab8,user_study_cdc_sd_rt1s_c32_dual_core_v1,/Users/zilongzeng/Documents/data/Shujun/results.csv,0.2169579965993762,1.260083052329719,0.6596249295398593,2.141583012416959
461,Shujun,movement,forward,65,intent_directory,/Users/zilongzeng/Documents/data/Shujun/movement/forward/65.wav,Shujun/movement/forward/65.wav,unknown,0.59765625,0.0,0.40234375,0.59765625,"[-128, -25, 25]",False,unknown,0.648438,True,ok,911,56,632,1776,"[-128, -38, 38]",e43cc3f7b7f7e2413bdc35765bca5d45473b5b1b63fdee1a0a28d3e9de0d2ab8,user_study_cdc_sd_rt1s_c32_dual_core_v1,/Users/zilongzeng/Documents/data/Shujun/results.csv,0.18587498925626278,1.129999989643693,0.7420419715344906,2.064625034108758
462,Shujun,movement,forward,66,intent_directory,/Users/zilongzeng/Documents/data/Shujun/movement/forward/66.wav,Shujun/movement/forward/66.wav,unknown,0.98046875,0.0,0.01953125,0.98046875,"[-128, -123, 123]",False,unknown,0.992188,True,ok,920,56,632,1784,"[-128, -126, 126]",e43cc3f7b7f7e2413bdc35765bca5d45473b5b1b63fdee1a0a28d3e9de0d2ab8,user_study_cdc_sd_rt1s_c32_dual_core_v1,/Users/zilongzeng/Documents/data/Shujun/results.csv,0.18737500067800283,1.3458330649882555,0.7052500732243061,2.243791939690709
463,Shujun,movement,forward,67,intent_directory,/Users/zilongzeng/Documents/data/Shujun/movement/forward/67.wav,Shujun/movement/forward/67.wav,movement,0.91796875,0.0,0.91796875,0.08203125,"[-128, 107, -107]",True,movement,0.960938,True,ok,929,56,632,1794,"[-128, 118, -118]",e43cc3f7b7f7e2413bdc35765bca5d45473b5b1b63fdee1a0a28d3e9de0d2ab8,user_study_cdc_sd_rt1s_c32_dual_core_v1,/Users/zilongzeng/Documents/data/Shujun/results.csv,0.2642920007929206,1.243292004801333,0.704290927387774,2.218040986917913
464,Shujun,movement,forward,68,intent_directory,/Users/zilongzeng/Documents/data/Shujun/movement/forward/68.wav,Shujun/movement/forward/68.wav,movement,0.99609375,0.0,0.99609375,0.00390625,"[-128, 127, -127]",True,movement,0.996094,True,ok,903,56,632,1782,"[-128, 127, -127]",e43cc3f7b7f7e2413bdc35765bca5d45473b5b1b63fdee1a0a28d3e9de0d2ab8,user_study_cdc_sd_rt1s_c32_dual_core_v1,/Users/zilongzeng/Documents/data/Shujun/results.csv,0.21166703663766384,1.217665965668857,0.6604160880669951,2.094874973408878
465,Shujun,movement,forward,69,intent_directory,/Users/zilongzeng/Documents/data/Shujun/movement/forward/69.wav,Shujun/movement/forward/69.wav,movement,0.9921875,0.0,0.9921875,0.0078125,"[-128, 126, -126]",True,movement,0.984375,True,ok,919,56,632,1784,"[-128, 124, -124]",e43cc3f7b7f7e2413bdc35765bca5d45473b5b1b63fdee1a0a28d3e9de0d2ab8,user_study_cdc_sd_rt1s_c32_dual_core_v1,/Users/zilongzeng/Documents/data/Shujun/results.csv,0.25916704908013344,1.1265840148553252,0.6899170111864805,2.115249983035028
466,Shujun,movement,forward,70,intent_directory,/Users/zilongzeng/Documents/data/Shujun/movement/forward/70.wav,Shujun/movement/forward/70.wav,movement,0.99609375,0.0,0.99609375,0.0,"[-128, 127, -128]",True,movement,0.996094,True,ok,920,56,632,1786,"[-128, 127, -128]",e43cc3f7b7f7e2413bdc35765bca5d45473b5b1b63fdee1a0a28d3e9de0d2ab8,user_study_cdc_sd_rt1s_c32_dual_core_v1,/Users/zilongzeng/Documents/data/Shujun/results.csv,0.27837499510496855,1.2336670188233256,0.7160420063883066,2.2355420514941216
467,Shujun,movement,left,71,intent_directory,/Users/zilongzeng/Documents/data/Shujun/movement/left/71.wav,Shujun/movement/left/71.wav,movement,0.99609375,0.0,0.99609375,0.0,"[-128, 127, -128]",True,movement,0.996094,True,ok,900,56,632,1830,"[-128, 127, -128]",e43cc3f7b7f7e2413bdc35765bca5d45473b5b1b63fdee1a0a28d3e9de0d2ab8,user_study_cdc_sd_rt1s_c32_dual_core_v1,/Users/zilongzeng/Documents/data/Shujun/results.csv,0.21512492094188929,1.2897499836981297,0.72041607927531,2.230999991297722
468,Shujun,movement,left,72,intent_directory,/Users/zilongzeng/Documents/data/Shujun/movement/left/72.wav,Shujun/movement/left/72.wav,movement,0.99609375,0.0,0.99609375,0.0,"[-128, 127, -128]",True,movement,0.996094,True,ok,917,56,632,1783,"[-128, 127, -128]",e43cc3f7b7f7e2413bdc35765bca5d45473b5b1b63fdee1a0a28d3e9de0d2ab8,user_study_cdc_sd_rt1s_c32_dual_core_v1,/Users/zilongzeng/Documents/data/Shujun/results.csv,0.07004092913120985,1.1081669945269823,0.6986670196056366,1.8815419171005487
469,Shujun,movement,left,73,intent_directory,/Users/zilongzeng/Documents/data/Shujun/movement/left/73.wav,Shujun/movement/left/73.wav,movement,0.99609375,0.0,0.99609375,0.0,"[-128, 127, -128]",True,movement,0.996094,True,ok,928,56,632,1793,"[-128, 127, -128]",e43cc3f7b7f7e2413bdc35765bca5d45473b5b1b63fdee1a0a28d3e9de0d2ab8,user_study_cdc_sd_rt1s_c32_dual_core_v1,/Users/zilongzeng/Documents/data/Shujun/results.csv,0.06645801477134228,1.1047909501940012,0.6903749890625477,1.9022499909624457
470,Shujun,movement,left,74,intent_directory,/Users/zilongzeng/Documents/data/Shujun/movement/left/74.wav,Shujun/movement/left/74.wav,movement,0.99609375,0.0,0.99609375,0.0,"[-128, 127, -128]",True,movement,0.996094,True,ok,906,56,632,1774,"[-128, 127, -128]",e43cc3f7b7f7e2413bdc35765bca5d45473b5b1b63fdee1a0a28d3e9de0d2ab8,user_study_cdc_sd_rt1s_c32_dual_core_v1,/Users/zilongzeng/Documents/data/Shujun/results.csv,0.16770907677710056,1.333083026111126,0.7063330849632621,2.2147090639919043
471,Shujun,movement,left,75,intent_directory,/Users/zilongzeng/Documents/data/Shujun/movement/left/75.wav,Shujun/movement/left/75.wav,movement,0.99609375,0.0,0.99609375,0.0,"[-128, 127, -128]",True,movement,0.996094,True,ok,926,56,632,1793,"[-128, 127, -128]",e43cc3f7b7f7e2413bdc35765bca5d45473b5b1b63fdee1a0a28d3e9de0d2ab8,user_study_cdc_sd_rt1s_c32_dual_core_v1,/Users/zilongzeng/Documents/data/Shujun/results.csv,0.0932919792830944,1.2680829968303442,0.7222919957712293,2.089457935653627
472,Shujun,movement,left,76,intent_directory,/Users/zilongzeng/Documents/data/Shujun/movement/left/76.wav,Shujun/movement/left/76.wav,movement,0.99609375,0.0,0.99609375,0.0,"[-128, 127, -128]",True,movement,0.996094,True,ok,920,56,632,1786,"[-128, 127, -128]",e43cc3f7b7f7e2413bdc35765bca5d45473b5b1b63fdee1a0a28d3e9de0d2ab8,user_study_cdc_sd_rt1s_c32_dual_core_v1,/Users/zilongzeng/Documents/data/Shujun/results.csv,0.07183302659541368,1.1992090148851275,0.712667009793222,1.988917007111013
473,Shujun,movement,left,77,intent_directory,/Users/zilongzeng/Documents/data/Shujun/movement/left/77.wav,Shujun/movement/left/77.wav,movement,0.99609375,0.0,0.99609375,0.0,"[-128, 127, -128]",True,movement,0.996094,True,ok,906,56,632,1772,"[-128, 127, -128]",e43cc3f7b7f7e2413bdc35765bca5d45473b5b1b63fdee1a0a28d3e9de0d2ab8,user_study_cdc_sd_rt1s_c32_dual_core_v1,/Users/zilongzeng/Documents/data/Shujun/results.csv,0.05929195322096348,1.1318339966237545,0.6802079733461142,1.9052500138059258
474,Shujun,movement,left,78,intent_directory,/Users/zilongzeng/Documents/data/Shujun/movement/left/78.wav,Shujun/movement/left/78.wav,movement,0.99609375,0.0,0.99609375,0.0,"[-128, 127, -128]",True,movement,0.996094,True,ok,915,56,632,1781,"[-128, 127, -128]",e43cc3f7b7f7e2413bdc35765bca5d45473b5b1b63fdee1a0a28d3e9de0d2ab8,user_study_cdc_sd_rt1s_c32_dual_core_v1,/Users/zilongzeng/Documents/data/Shujun/results.csv,0.2821669913828373,1.260792021639645,0.7155420025810599,2.2652080515399575
475,Shujun,movement,left,79,intent_directory,/Users/zilongzeng/Documents/data/Shujun/movement/left/79.wav,Shujun/movement/left/79.wav,movement,0.99609375,0.0,0.99609375,0.0,"[-128, 127, -128]",True,movement,0.996094,True,ok,929,56,632,1794,"[-128, 127, -128]",e43cc3f7b7f7e2413bdc35765bca5d45473b5b1b63fdee1a0a28d3e9de0d2ab8,user_study_cdc_sd_rt1s_c32_dual_core_v1,/Users/zilongzeng/Documents/data/Shujun/results.csv,0.23895897902548313,1.221582992002368,0.7165420101955533,2.182791940867901
476,Shujun,movement,left,80,intent_directory,/Users/zilongzeng/Documents/data/Shujun/movement/left/80.wav,Shujun/movement/left/80.wav,movement,0.99609375,0.0,0.99609375,0.0,"[-128, 127, -128]",True,movement,0.996094,True,ok,900,56,632,1767,"[-128, 127, -128]",e43cc3f7b7f7e2413bdc35765bca5d45473b5b1b63fdee1a0a28d3e9de0d2ab8,user_study_cdc_sd_rt1s_c32_dual_core_v1,/Users/zilongzeng/Documents/data/Shujun/results.csv,0.062415958382189274,1.0776669951155782,0.7060000207275152,1.8515420379117131
477,Shujun,movement,right,81,intent_directory,/Users/zilongzeng/Documents/data/Shujun/movement/right/81.wav,Shujun/movement/right/81.wav,movement,0.99609375,0.0,0.99609375,0.0,"[-128, 127, -128]",True,movement,0.996094,True,ok,927,56,632,1842,"[-128, 127, -128]",e43cc3f7b7f7e2413bdc35765bca5d45473b5b1b63fdee1a0a28d3e9de0d2ab8,user_study_cdc_sd_rt1s_c32_dual_core_v1,/Users/zilongzeng/Documents/data/Shujun/results.csv,0.06716593634337187,1.0767909698188305,0.6740828976035118,1.8444579327479005
478,Shujun,movement,right,82,intent_directory,/Users/zilongzeng/Documents/data/Shujun/movement/right/82.wav,Shujun/movement/right/82.wav,movement,0.99609375,0.0,0.99609375,0.0,"[-128, 127, -128]",True,movement,0.996094,True,ok,920,56,632,1784,"[-128, 127, -128]",e43cc3f7b7f7e2413bdc35765bca5d45473b5b1b63fdee1a0a28d3e9de0d2ab8,user_study_cdc_sd_rt1s_c32_dual_core_v1,/Users/zilongzeng/Documents/data/Shujun/results.csv,0.13758300337940454,1.3741669245064259,0.710583059117198,2.2304579615592957
479,Shujun,movement,right,83,intent_directory,/Users/zilongzeng/Documents/data/Shujun/movement/right/83.wav,Shujun/movement/right/83.wav,movement,0.99609375,0.0,0.99609375,0.0,"[-128, 127, -128]",True,movement,0.996094,True,ok,914,56,632,1781,"[-128, 127, -128]",e43cc3f7b7f7e2413bdc35765bca5d45473b5b1b63fdee1a0a28d3e9de0d2ab8,user_study_cdc_sd_rt1s_c32_dual_core_v1,/Users/zilongzeng/Documents/data/Shujun/results.csv,0.09479199070483446,1.5003749867901206,0.7455409504473209,2.3493750486522913
480,Shujun,movement,right,84,intent_directory,/Users/zilongzeng/Documents/data/Shujun/movement/right/84.wav,Shujun/movement/right/84.wav,movement,0.99609375,0.0,0.99609375,0.0,"[-128, 127, -128]",True,movement,0.996094,True,ok,922,56,632,1802,"[-128, 127, -128]",e43cc3f7b7f7e2413bdc35765bca5d45473b5b1b63fdee1a0a28d3e9de0d2ab8,user_study_cdc_sd_rt1s_c32_dual_core_v1,/Users/zilongzeng/Documents/data/Shujun/results.csv,0.0777500681579113,1.1432499159127474,0.6863339804112911,1.9122910453006625
481,Shujun,movement,right,85,intent_directory,/Users/zilongzeng/Documents/data/Shujun/movement/right/85.wav,Shujun/movement/right/85.wav,movement,0.99609375,0.0,0.99609375,0.0,"[-128, 127, -128]",True,movement,0.996094,True,ok,916,56,632,1781,"[-128, 127, -128]",e43cc3f7b7f7e2413bdc35765bca5d45473b5b1b63fdee1a0a28d3e9de0d2ab8,user_study_cdc_sd_rt1s_c32_dual_core_v1,/Users/zilongzeng/Documents/data/Shujun/results.csv,0.1722919987514615,1.1692920234054327,0.7167080184444785,2.0639579743146896
482,Shujun,movement,right,86,intent_directory,/Users/zilongzeng/Documents/data/Shujun/movement/right/86.wav,Shujun/movement/right/86.wav,unknown,0.99609375,0.0,0.00390625,0.99609375,"[-128, -127, 127]",False,unknown,0.992188,True,ok,907,56,632,1783,"[-128, -126, 126]",e43cc3f7b7f7e2413bdc35765bca5d45473b5b1b63fdee1a0a28d3e9de0d2ab8,user_study_cdc_sd_rt1s_c32_dual_core_v1,/Users/zilongzeng/Documents/data/Shujun/results.csv,0.2172921085730195,1.2528339866548777,0.7060419302433729,2.181708114221692
483,Shujun,movement,right,87,intent_directory,/Users/zilongzeng/Documents/data/Shujun/movement/right/87.wav,Shujun/movement/right/87.wav,unknown,0.90234375,0.0,0.09765625,0.90234375,"[-128, -103, 103]",False,unknown,0.859375,True,ok,924,56,632,1791,"[-128, -92, 92]",e43cc3f7b7f7e2413bdc35765bca5d45473b5b1b63fdee1a0a28d3e9de0d2ab8,user_study_cdc_sd_rt1s_c32_dual_core_v1,/Users/zilongzeng/Documents/data/Shujun/results.csv,0.06508303340524435,1.2262910604476929,0.7142920512706041,2.0112500060349703
484,Shujun,movement,right,88,intent_directory,/Users/zilongzeng/Documents/data/Shujun/movement/right/88.wav,Shujun/movement/right/88.wav,unknown,0.99609375,0.0,0.0,0.99609375,"[-128, -128, 127]",False,unknown,0.996094,True,ok,915,56,632,1782,"[-128, -128, 127]",e43cc3f7b7f7e2413bdc35765bca5d45473b5b1b63fdee1a0a28d3e9de0d2ab8,user_study_cdc_sd_rt1s_c32_dual_core_v1,/Users/zilongzeng/Documents/data/Shujun/results.csv,0.06458396092057228,1.2901669833809137,0.6372079951688647,1.9968750420957804
485,Shujun,movement,right,89,intent_directory,/Users/zilongzeng/Documents/data/Shujun/movement/right/89.wav,Shujun/movement/right/89.wav,movement,0.98828125,0.0,0.98828125,0.01171875,"[-128, 125, -125]",True,movement,0.988281,True,ok,910,56,632,1775,"[-128, 125, -125]",e43cc3f7b7f7e2413bdc35765bca5d45473b5b1b63fdee1a0a28d3e9de0d2ab8,user_study_cdc_sd_rt1s_c32_dual_core_v1,/Users/zilongzeng/Documents/data/Shujun/results.csv,0.060125021263957024,1.1394999455660582,0.6580000044777989,1.8984590424224734
486,Shujun,movement,right,90,intent_directory,/Users/zilongzeng/Documents/data/Shujun/movement/right/90.wav,Shujun/movement/right/90.wav,movement,0.99609375,0.0,0.99609375,0.0,"[-128, 127, -128]",True,movement,0.996094,True,ok,927,56,632,1794,"[-128, 127, -128]",e43cc3f7b7f7e2413bdc35765bca5d45473b5b1b63fdee1a0a28d3e9de0d2ab8,user_study_cdc_sd_rt1s_c32_dual_core_v1,/Users/zilongzeng/Documents/data/Shujun/results.csv,0.1564159756526351,1.339541980996728,0.7089170394465327,2.2117500193417072
487,Shujun,movement,up,91,intent_directory,/Users/zilongzeng/Documents/data/Shujun/movement/up/91.wav,Shujun/movement/up/91.wav,movement,0.99609375,0.0,0.99609375,0.0,"[-128, 127, -128]",True,movement,0.996094,True,ok,920,56,632,1835,"[-128, 127, -128]",e43cc3f7b7f7e2413bdc35765bca5d45473b5b1b63fdee1a0a28d3e9de0d2ab8,user_study_cdc_sd_rt1s_c32_dual_core_v1,/Users/zilongzeng/Documents/data/Shujun/results.csv,0.08166709449142218,1.2652089353650808,0.7243748987093568,2.0770831033587456
488,Shujun,movement,up,92,intent_directory,/Users/zilongzeng/Documents/data/Shujun/movement/up/92.wav,Shujun/movement/up/92.wav,movement,0.99609375,0.0,0.99609375,0.0,"[-128, 127, -128]",True,movement,0.996094,True,ok,901,56,632,1765,"[-128, 127, -128]",e43cc3f7b7f7e2413bdc35765bca5d45473b5b1b63fdee1a0a28d3e9de0d2ab8,user_study_cdc_sd_rt1s_c32_dual_core_v1,/Users/zilongzeng/Documents/data/Shujun/results.csv,0.06975000724196434,1.1394999455660582,0.6695000920444727,1.8840000266209245
489,Shujun,movement,up,93,intent_directory,/Users/zilongzeng/Documents/data/Shujun/movement/up/93.wav,Shujun/movement/up/93.wav,movement,0.99609375,0.0,0.99609375,0.0,"[-128, 127, -128]",True,movement,0.996094,True,ok,916,56,632,1782,"[-128, 127, -128]",e43cc3f7b7f7e2413bdc35765bca5d45473b5b1b63fdee1a0a28d3e9de0d2ab8,user_study_cdc_sd_rt1s_c32_dual_core_v1,/Users/zilongzeng/Documents/data/Shujun/results.csv,0.05625002086162567,1.1331250425428152,0.6669999565929174,1.882583019323647
490,Shujun,movement,up,94,intent_directory,/Users/zilongzeng/Documents/data/Shujun/movement/up/94.wav,Shujun/movement/up/94.wav,movement,0.99609375,0.0,0.99609375,0.0,"[-128, 127, -128]",True,movement,0.996094,True,ok,923,56,632,1788,"[-128, 127, -128]",e43cc3f7b7f7e2413bdc35765bca5d45473b5b1b63fdee1a0a28d3e9de0d2ab8,user_study_cdc_sd_rt1s_c32_dual_core_v1,/Users/zilongzeng/Documents/data/Shujun/results.csv,0.12912496458739042,1.3169170124456286,0.7216249359771609,2.176124951802194
491,Shujun,movement,up,95,intent_directory,/Users/zilongzeng/Documents/data/Shujun/movement/up/95.wav,Shujun/movement/up/95.wav,movement,0.99609375,0.0,0.99609375,0.0,"[-128, 127, -128]",True,movement,0.996094,True,ok,907,56,632,1772,"[-128, 127, -128]",e43cc3f7b7f7e2413bdc35765bca5d45473b5b1b63fdee1a0a28d3e9de0d2ab8,user_study_cdc_sd_rt1s_c32_dual_core_v1,/Users/zilongzeng/Documents/data/Shujun/results.csv,0.08895795326679945,1.324416953139007,0.6177499890327454,2.0386659307405353
492,Shujun,movement,up,96,intent_directory,/Users/zilongzeng/Documents/data/Shujun/movement/up/96.wav,Shujun/movement/up/96.wav,movement,0.99609375,0.0,0.99609375,0.0,"[-128, 127, -128]",True,movement,0.996094,True,ok,924,56,632,1790,"[-128, 127, -128]",e43cc3f7b7f7e2413bdc35765bca5d45473b5b1b63fdee1a0a28d3e9de0d2ab8,user_study_cdc_sd_rt1s_c32_dual_core_v1,/Users/zilongzeng/Documents/data/Shujun/results.csv,0.08987507317215204,1.1899999808520079,0.6682079983875155,1.9537919433787465
493,Shujun,movement,up,97,intent_directory,/Users/zilongzeng/Documents/data/Shujun/movement/up/97.wav,Shujun/movement/up/97.wav,movement,0.99609375,0.0,0.99609375,0.0,"[-128, 127, -128]",True,movement,0.996094,True,ok,921,56,632,1787,"[-128, 127, -128]",e43cc3f7b7f7e2413bdc35765bca5d45473b5b1b63fdee1a0a28d3e9de0d2ab8,user_study_cdc_sd_rt1s_c32_dual_core_v1,/Users/zilongzeng/Documents/data/Shujun/results.csv,0.07470906712114811,1.3733749510720372,0.7404580246657133,2.198499976657331
494,Shujun,movement,up,98,intent_directory,/Users/zilongzeng/Documents/data/Shujun/movement/up/98.wav,Shujun/movement/up/98.wav,movement,0.99609375,0.0,0.99609375,0.0,"[-128, 127, -128]",True,movement,0.996094,True,ok,905,56,632,1769,"[-128, 127, -128]",e43cc3f7b7f7e2413bdc35765bca5d45473b5b1b63fdee1a0a28d3e9de0d2ab8,user_study_cdc_sd_rt1s_c32_dual_core_v1,/Users/zilongzeng/Documents/data/Shujun/results.csv,0.09370897896587849,1.382207963615656,0.7154159247875214,2.197874942794442
495,Shujun,movement,up,99,intent_directory,/Users/zilongzeng/Documents/data/Shujun/movement/up/99.wav,Shujun/movement/up/99.wav,movement,0.99609375,0.0,0.99609375,0.0,"[-128, 127, -128]",True,movement,0.996094,True,ok,917,56,632,1782,"[-128, 127, -128]",e43cc3f7b7f7e2413bdc35765bca5d45473b5b1b63fdee1a0a28d3e9de0d2ab8,user_study_cdc_sd_rt1s_c32_dual_core_v1,/Users/zilongzeng/Documents/data/Shujun/results.csv,0.08762499783188105,1.3164159609004855,0.7091659354045987,2.119125099852681
496,Shujun,movement,up,100,intent_directory,/Users/zilongzeng/Documents/data/Shujun/movement/up/100.wav,Shujun/movement/up/100.wav,movement,0.99609375,0.0,0.99609375,0.0,"[-128, 127, -128]",True,movement,0.996094,True,ok,916,56,632,1797,"[-128, 127, -128]",e43cc3f7b7f7e2413bdc35765bca5d45473b5b1b63fdee1a0a28d3e9de0d2ab8,user_study_cdc_sd_rt1s_c32_dual_core_v1,/Users/zilongzeng/Documents/data/Shujun/results.csv,0.07833295967429876,1.1464160634204745,0.7106660632416606,1.9412089604884386
497,Shujun,unknown,bed,101,intent_directory,/Users/zilongzeng/Documents/data/Shujun/unknown/bed/101.wav,Shujun/unknown/bed/101.wav,unknown,0.99609375,0.0,0.0,0.99609375,"[-128, -128, 127]",True,unknown,0.996094,True,ok,900,56,632,1873,"[-128, -128, 127]",e43cc3f7b7f7e2413bdc35765bca5d45473b5b1b63fdee1a0a28d3e9de0d2ab8,user_study_cdc_sd_rt1s_c32_dual_core_v1,/Users/zilongzeng/Documents/data/Shujun/results.csv,0.17491600010544062,1.161749940365553,0.7114170584827662,2.054666983895004
498,Shujun,unknown,bed,102,intent_directory,/Users/zilongzeng/Documents/data/Shujun/unknown/bed/102.wav,Shujun/unknown/bed/102.wav,movement,0.97265625,0.0,0.97265625,0.02734375,"[-128, 121, -121]",False,movement,0.941406,True,ok,927,56,632,1792,"[-128, 113, -114]",e43cc3f7b7f7e2413bdc35765bca5d45473b5b1b63fdee1a0a28d3e9de0d2ab8,user_study_cdc_sd_rt1s_c32_dual_core_v1,/Users/zilongzeng/Documents/data/Shujun/results.csv,0.23399991914629936,1.2740000383928418,0.661583966575563,2.1762499818578362
499,Shujun,unknown,bed,103,intent_directory,/Users/zilongzeng/Documents/data/Shujun/unknown/bed/103.wav,Shujun/unknown/bed/103.wav,movement,0.98828125,0.0,0.98828125,0.01171875,"[-128, 125, -125]",False,movement,0.882812,True,ok,915,56,632,1782,"[-128, 98, -98]",e43cc3f7b7f7e2413bdc35765bca5d45473b5b1b63fdee1a0a28d3e9de0d2ab8,user_study_cdc_sd_rt1s_c32_dual_core_v1,/Users/zilongzeng/Documents/data/Shujun/results.csv,0.0649159774184227,1.2021249858662486,0.6602500798180699,1.9319580169394612
500,Shujun,unknown,bed,104,intent_directory,/Users/zilongzeng/Documents/data/Shujun/unknown/bed/104.wav,Shujun/unknown/bed/104.wav,unknown,0.99609375,0.0,0.0,0.99609375,"[-128, -128, 127]",True,unknown,0.996094,True,ok,900,56,632,1765,"[-128, -128, 127]",e43cc3f7b7f7e2413bdc35765bca5d45473b5b1b63fdee1a0a28d3e9de0d2ab8,user_study_cdc_sd_rt1s_c32_dual_core_v1,/Users/zilongzeng/Documents/data/Shujun/results.csv,0.07791700772941113,1.1674999259412289,0.723959063179791,1.976208994165063
501,Shujun,unknown,bed,105,intent_directory,/Users/zilongzeng/Documents/data/Shujun/unknown/bed/105.wav,Shujun/unknown/bed/105.wav,movement,0.99609375,0.0,0.99609375,0.0,"[-128, 127, -128]",False,movement,0.996094,True,ok,920,56,632,1785,"[-128, 127, -128]",e43cc3f7b7f7e2413bdc35765bca5d45473b5b1b63fdee1a0a28d3e9de0d2ab8,user_study_cdc_sd_rt1s_c32_dual_core_v1,/Users/zilongzeng/Documents/data/Shujun/results.csv,0.06345799192786217,1.4708329690620303,0.7022090721875429,2.2422499023377895
502,Shujun,unknown,bed,106,intent_directory,/Users/zilongzeng/Documents/data/Shujun/unknown/bed/106.wav,Shujun/unknown/bed/106.wav,unknown,0.99609375,0.0,0.0,0.99609375,"[-128, -128, 127]",True,unknown,0.996094,True,ok,925,56,632,1792,"[-128, -128, 127]",e43cc3f7b7f7e2413bdc35765bca5d45473b5b1b63fdee1a0a28d3e9de0d2ab8,user_study_cdc_sd_rt1s_c32_dual_core_v1,/Users/zilongzeng/Documents/data/Shujun/results.csv,0.06154109723865986,1.288666040636599,0.7009160472080112,2.0564579172059894
503,Shujun,unknown,bed,107,intent_directory,/Users/zilongzeng/Documents/data/Shujun/unknown/bed/107.wav,Shujun/unknown/bed/107.wav,unknown,0.98046875,0.0,0.01953125,0.98046875,"[-128, -123, 123]",True,unknown,0.984375,True,ok,903,56,632,1769,"[-128, -124, 124]",e43cc3f7b7f7e2413bdc35765bca5d45473b5b1b63fdee1a0a28d3e9de0d2ab8,user_study_cdc_sd_rt1s_c32_dual_core_v1,/Users/zilongzeng/Documents/data/Shujun/results.csv,0.06995897274464369,1.3922499492764473,0.6234589964151382,2.0950830075889826
504,Shujun,unknown,bed,108,intent_directory,/Users/zilongzeng/Documents/data/Shujun/unknown/bed/108.wav,Shujun/unknown/bed/108.wav,movement,0.93359375,0.0,0.93359375,0.06640625,"[-128, 111, -111]",False,movement,0.968750,True,ok,917,56,632,1783,"[-128, 120, -120]",e43cc3f7b7f7e2413bdc35765bca5d45473b5b1b63fdee1a0a28d3e9de0d2ab8,user_study_cdc_sd_rt1s_c32_dual_core_v1,/Users/zilongzeng/Documents/data/Shujun/results.csv,0.1614589709788561,1.3111659791320562,0.6881250301375985,2.167958067730069
505,Shujun,unknown,bed,109,intent_directory,/Users/zilongzeng/Documents/data/Shujun/unknown/bed/109.wav,Shujun/unknown/bed/109.wav,movement,0.99609375,0.0,0.99609375,0.00390625,"[-128, 127, -127]",False,movement,0.996094,True,ok,919,56,632,1787,"[-128, 127, -127]",e43cc3f7b7f7e2413bdc35765bca5d45473b5b1b63fdee1a0a28d3e9de0d2ab8,user_study_cdc_sd_rt1s_c32_dual_core_v1,/Users/zilongzeng/Documents/data/Shujun/results.csv,0.06954197306185961,1.4290419640019536,0.7117090281099081,2.2159579675644636
506,Shujun,unknown,bed,110,intent_directory,/Users/zilongzeng/Documents/data/Shujun/unknown/bed/110.wav,Shujun/unknown/bed/110.wav,movement,0.99609375,0.0,0.99609375,0.0,"[-128, 127, -128]",False,movement,0.996094,True,ok,909,56,632,1774,"[-128, 127, -128]",e43cc3f7b7f7e2413bdc35765bca5d45473b5b1b63fdee1a0a28d3e9de0d2ab8,user_study_cdc_sd_rt1s_c32_dual_core_v1,/Users/zilongzeng/Documents/data/Shujun/results.csv,0.07424992509186268,1.351541024632752,0.7165829883888364,2.1479999413713813
507,Shujun,unknown,bird,111,intent_directory,/Users/zilongzeng/Documents/data/Shujun/unknown/bird/111.wav,Shujun/unknown/bird/111.wav,unknown,0.99609375,0.0,0.0,0.99609375,"[-128, -128, 127]",True,unknown,0.996094,True,ok,919,56,632,1835,"[-128, -128, 127]",e43cc3f7b7f7e2413bdc35765bca5d45473b5b1b63fdee1a0a28d3e9de0d2ab8,user_study_cdc_sd_rt1s_c32_dual_core_v1,/Users/zilongzeng/Documents/data/Shujun/results.csv,0.07145805284380913,1.338374917395413,0.627166940830648,2.046833047643304
508,Shujun,unknown,bird,112,intent_directory,/Users/zilongzeng/Documents/data/Shujun/unknown/bird/112.wav,Shujun/unknown/bird/112.wav,unknown,0.99609375,0.0,0.0,0.99609375,"[-128, -128, 127]",True,unknown,0.996094,True,ok,929,56,632,1796,"[-128, -128, 127]",e43cc3f7b7f7e2413bdc35765bca5d45473b5b1b63fdee1a0a28d3e9de0d2ab8,user_study_cdc_sd_rt1s_c32_dual_core_v1,/Users/zilongzeng/Documents/data/Shujun/results.csv,0.21774997003376484,1.3206669827923179,0.677791889756918,2.224709023721516
509,Shujun,unknown,bird,113,intent_directory,/Users/zilongzeng/Documents/data/Shujun/unknown/bird/113.wav,Shujun/unknown/bird/113.wav,unknown,0.99609375,0.0,0.0,0.99609375,"[-128, -128, 127]",True,unknown,0.996094,True,ok,903,56,632,1770,"[-128, -128, 127]",e43cc3f7b7f7e2413bdc35765bca5d45473b5b1b63fdee1a0a28d3e9de0d2ab8,user_study_cdc_sd_rt1s_c32_dual_core_v1,/Users/zilongzeng/Documents/data/Shujun/results.csv,0.06616697646677494,1.3554589822888374,0.7135830819606781,2.140791970305145
510,Shujun,unknown,bird,114,intent_directory,/Users/zilongzeng/Documents/data/Shujun/unknown/bird/114.wav,Shujun/unknown/bird/114.wav,unknown,0.99609375,0.0,0.0,0.99609375,"[-128, -128, 127]",True,unknown,0.996094,True,ok,926,56,632,1792,"[-128, -128, 127]",e43cc3f7b7f7e2413bdc35765bca5d45473b5b1b63fdee1a0a28d3e9de0d2ab8,user_study_cdc_sd_rt1s_c32_dual_core_v1,/Users/zilongzeng/Documents/data/Shujun/results.csv,0.07025001104921103,1.3006250374019146,0.7224170258268714,2.0998750114813447
511,Shujun,unknown,bird,115,intent_directory,/Users/zilongzeng/Documents/data/Shujun/unknown/bird/115.wav,Shujun/unknown/bird/115.wav,unknown,0.99609375,0.0,0.0,0.99609375,"[-128, -128, 127]",True,unknown,0.996094,True,ok,917,56,632,1795,"[-128, -128, 127]",e43cc3f7b7f7e2413bdc35765bca5d45473b5b1b63fdee1a0a28d3e9de0d2ab8,user_study_cdc_sd_rt1s_c32_dual_core_v1,/Users/zilongzeng/Documents/data/Shujun/results.csv,0.0891250092536211,1.276290975511074,0.660124933347106,2.0306670339778066
512,Shujun,unknown,bird,116,intent_directory,/Users/zilongzeng/Documents/data/Shujun/unknown/bird/116.wav,Shujun/unknown/bird/116.wav,unknown,0.99609375,0.0,0.0,0.99609375,"[-128, -128, 127]",True,unknown,0.996094,True,ok,903,56,632,1768,"[-128, -128, 127]",e43cc3f7b7f7e2413bdc35765bca5d45473b5b1b63fdee1a0a28d3e9de0d2ab8,user_study_cdc_sd_rt1s_c32_dual_core_v1,/Users/zilongzeng/Documents/data/Shujun/results.csv,0.2054170472547412,1.1767090763896704,0.6632079603150487,2.050040988251567
513,Shujun,unknown,bird,117,intent_directory,/Users/zilongzeng/Documents/data/Shujun/unknown/bird/117.wav,Shujun/unknown/bird/117.wav,unknown,0.99609375,0.0,0.0,0.99609375,"[-128, -128, 127]",True,unknown,0.996094,True,ok,916,56,632,1796,"[-128, -128, 127]",e43cc3f7b7f7e2413bdc35765bca5d45473b5b1b63fdee1a0a28d3e9de0d2ab8,user_study_cdc_sd_rt1s_c32_dual_core_v1,/Users/zilongzeng/Documents/data/Shujun/results.csv,0.21062500309199095,1.535374904051423,0.7222919957712293,2.4753339821472764
514,Shujun,unknown,bird,118,intent_directory,/Users/zilongzeng/Documents/data/Shujun/unknown/bird/118.wav,Shujun/unknown/bird/118.wav,unknown,0.99609375,0.0,0.0,0.99609375,"[-128, -128, 127]",True,unknown,0.996094,True,ok,922,56,632,1788,"[-128, -128, 127]",e43cc3f7b7f7e2413bdc35765bca5d45473b5b1b63fdee1a0a28d3e9de0d2ab8,user_study_cdc_sd_rt1s_c32_dual_core_v1,/Users/zilongzeng/Documents/data/Shujun/results.csv,0.08529203478246927,1.2843329459428787,0.7012079004198313,2.076250035315752
515,Shujun,unknown,bird,119,intent_directory,/Users/zilongzeng/Documents/data/Shujun/unknown/bird/119.wav,Shujun/unknown/bird/119.wav,unknown,0.99609375,0.0,0.0,0.99609375,"[-128, -128, 127]",True,unknown,0.996094,True,ok,914,56,632,1781,"[-128, -128, 127]",e43cc3f7b7f7e2413bdc35765bca5d45473b5b1b63fdee1a0a28d3e9de0d2ab8,user_study_cdc_sd_rt1s_c32_dual_core_v1,/Users/zilongzeng/Documents/data/Shujun/results.csv,0.07875007577240467,1.305583049543202,0.7237920071929693,2.114083035849035
516,Shujun,unknown,bird,120,intent_directory,/Users/zilongzeng/Documents/data/Shujun/unknown/bird/120.wav,Shujun/unknown/bird/120.wav,unknown,0.99609375,0.0,0.0,0.99609375,"[-128, -128, 127]",True,unknown,0.996094,True,ok,916,56,632,1785,"[-128, -128, 127]",e43cc3f7b7f7e2413bdc35765bca5d45473b5b1b63fdee1a0a28d3e9de0d2ab8,user_study_cdc_sd_rt1s_c32_dual_core_v1,/Users/zilongzeng/Documents/data/Shujun/results.csv,0.206290977075696,1.2151669943705201,0.7407920202240348,2.169292070902884
517,Shujun,unknown,cat,121,intent_directory,/Users/zilongzeng/Documents/data/Shujun/unknown/cat/121.wav,Shujun/unknown/cat/121.wav,unknown,0.99609375,0.0,0.0,0.99609375,"[-128, -128, 127]",True,unknown,0.996094,True,ok,919,56,632,1834,"[-128, -128, 127]",e43cc3f7b7f7e2413bdc35765bca5d45473b5b1b63fdee1a0a28d3e9de0d2ab8,user_study_cdc_sd_rt1s_c32_dual_core_v1,/Users/zilongzeng/Documents/data/Shujun/results.csv,0.2202501054853201,1.2912910897284746,0.7071660365909338,2.226124983280897
518,Shujun,unknown,cat,122,intent_directory,/Users/zilongzeng/Documents/data/Shujun/unknown/cat/122.wav,Shujun/unknown/cat/122.wav,unknown,0.99609375,0.0,0.0,0.99609375,"[-128, -128, 127]",True,unknown,0.996094,True,ok,904,56,632,1768,"[-128, -128, 127]",e43cc3f7b7f7e2413bdc35765bca5d45473b5b1b63fdee1a0a28d3e9de0d2ab8,user_study_cdc_sd_rt1s_c32_dual_core_v1,/Users/zilongzeng/Documents/data/Shujun/results.csv,0.07366703357547522,1.3099999632686377,0.6799579132348299,2.0707090152427554
519,Shujun,unknown,cat,123,intent_directory,/Users/zilongzeng/Documents/data/Shujun/unknown/cat/123.wav,Shujun/unknown/cat/123.wav,unknown,0.99609375,0.0,0.0,0.99609375,"[-128, -128, 127]",True,unknown,0.996094,True,ok,918,56,632,1821,"[-128, -128, 127]",e43cc3f7b7f7e2413bdc35765bca5d45473b5b1b63fdee1a0a28d3e9de0d2ab8,user_study_cdc_sd_rt1s_c32_dual_core_v1,/Users/zilongzeng/Documents/data/Shujun/results.csv,0.07454096339643002,1.2105420464649796,0.6937920115888119,1.9842080073431134
520,Shujun,unknown,cat,124,intent_directory,/Users/zilongzeng/Documents/data/Shujun/unknown/cat/124.wav,Shujun/unknown/cat/124.wav,unknown,0.99609375,0.0,0.0,0.99609375,"[-128, -128, 127]",True,unknown,0.996094,True,ok,915,56,632,1801,"[-128, -128, 127]",e43cc3f7b7f7e2413bdc35765bca5d45473b5b1b63fdee1a0a28d3e9de0d2ab8,user_study_cdc_sd_rt1s_c32_dual_core_v1,/Users/zilongzeng/Documents/data/Shujun/results.csv,0.06616697646677494,1.2365409638732672,0.7135829655453563,2.0221249433234334
521,Shujun,unknown,cat,125,intent_directory,/Users/zilongzeng/Documents/data/Shujun/unknown/cat/125.wav,Shujun/unknown/cat/125.wav,unknown,0.99609375,0.0,0.0,0.99609375,"[-128, -128, 127]",True,unknown,0.996094,True,ok,901,56,632,1769,"[-128, -128, 127]",e43cc3f7b7f7e2413bdc35765bca5d45473b5b1b63fdee1a0a28d3e9de0d2ab8,user_study_cdc_sd_rt1s_c32_dual_core_v1,/Users/zilongzeng/Documents/data/Shujun/results.csv,0.06566697265952826,1.4371250290423632,0.8615830447524786,2.3775409208610654
522,Shujun,unknown,cat,126,intent_directory,/Users/zilongzeng/Documents/data/Shujun/unknown/cat/126.wav,Shujun/unknown/cat/126.wav,unknown,0.99609375,0.0,0.0,0.99609375,"[-128, -128, 127]",True,unknown,0.996094,True,ok,928,56,632,1797,"[-128, -128, 127]",e43cc3f7b7f7e2413bdc35765bca5d45473b5b1b63fdee1a0a28d3e9de0d2ab8,user_study_cdc_sd_rt1s_c32_dual_core_v1,/Users/zilongzeng/Documents/data/Shujun/results.csv,0.09949994273483753,1.485208049416542,0.7006250089034438,2.293459023348987
523,Shujun,unknown,cat,127,intent_directory,/Users/zilongzeng/Documents/data/Shujun/unknown/cat/127.wav,Shujun/unknown/cat/127.wav,unknown,0.99609375,0.0,0.0,0.99609375,"[-128, -128, 127]",True,unknown,0.996094,True,ok,920,56,632,1788,"[-128, -128, 127]",e43cc3f7b7f7e2413bdc35765bca5d45473b5b1b63fdee1a0a28d3e9de0d2ab8,user_study_cdc_sd_rt1s_c32_dual_core_v1,/Users/zilongzeng/Documents/data/Shujun/results.csv,0.11083390563726425,1.2496249983087182,0.6914170226082206,2.0571250934153795
524,Shujun,unknown,cat,128,intent_directory,/Users/zilongzeng/Documents/data/Shujun/unknown/cat/128.wav,Shujun/unknown/cat/128.wav,unknown,0.99609375,0.0,0.0,0.99609375,"[-128, -128, 127]",True,unknown,0.996094,True,ok,912,56,632,1779,"[-128, -128, 127]",e43cc3f7b7f7e2413bdc35765bca5d45473b5b1b63fdee1a0a28d3e9de0d2ab8,user_study_cdc_sd_rt1s_c32_dual_core_v1,/Users/zilongzeng/Documents/data/Shujun/results.csv,0.069082947447896,1.1585840256884694,0.7370830280706286,1.9757079426199198
525,Shujun,unknown,cat,129,intent_directory,/Users/zilongzeng/Documents/data/Shujun/unknown/cat/129.wav,Shujun/unknown/cat/129.wav,unknown,0.99609375,0.0,0.0,0.99609375,"[-128, -128, 127]",True,unknown,0.996094,True,ok,923,56,632,1792,"[-128, -128, 127]",e43cc3f7b7f7e2413bdc35765bca5d45473b5b1b63fdee1a0a28d3e9de0d2ab8,user_study_cdc_sd_rt1s_c32_dual_core_v1,/Users/zilongzeng/Documents/data/Shujun/results.csv,0.10591698810458183,1.551290974020958,0.6252500461414456,2.2912920685485005
526,Shujun,unknown,cat,130,intent_directory,/Users/zilongzeng/Documents/data/Shujun/unknown/cat/130.wav,Shujun/unknown/cat/130.wav,unknown,0.99609375,0.0,0.0,0.99609375,"[-128, -128, 127]",True,unknown,0.996094,True,ok,926,56,632,1793,"[-128, -128, 127]",e43cc3f7b7f7e2413bdc35765bca5d45473b5b1b63fdee1a0a28d3e9de0d2ab8,user_study_cdc_sd_rt1s_c32_dual_core_v1,/Users/zilongzeng/Documents/data/Shujun/results.csv,0.2912080381065607,1.4375000027939677,0.6098750745877624,2.3449589498341084
527,Shujun,unknown,dog,131,intent_directory,/Users/zilongzeng/Documents/data/Shujun/unknown/dog/131.wav,Shujun/unknown/dog/131.wav,movement,0.59765625,0.0,0.59765625,0.3984375,"[-128, 25, -26]",False,movement,0.550781,True,ok,913,56,632,1844,"[-128, 13, -13]",e43cc3f7b7f7e2413bdc35765bca5d45473b5b1b63fdee1a0a28d3e9de0d2ab8,user_study_cdc_sd_rt1s_c32_dual_core_v1,/Users/zilongzeng/Documents/data/Shujun/results.csv,0.25595794431865215,1.4055409701541066,0.6600830238312483,2.3280419409275055
528,Shujun,unknown,dog,132,intent_directory,/Users/zilongzeng/Documents/data/Shujun/unknown/dog/132.wav,Shujun/unknown/dog/132.wav,unknown,0.9765625,0.01953125,0.0,0.9765625,"[-123, -128, 122]",True,unknown,0.976562,True,ok,918,56,632,1786,"[-123, -128, 122]",e43cc3f7b7f7e2413bdc35765bca5d45473b5b1b63fdee1a0a28d3e9de0d2ab8,user_study_cdc_sd_rt1s_c32_dual_core_v1,/Users/zilongzeng/Documents/data/Shujun/results.csv,0.08987495675683022,1.5228750417008996,0.7367919897660613,2.357624936848879
529,Shujun,unknown,dog,133,intent_directory,/Users/zilongzeng/Documents/data/Shujun/unknown/dog/133.wav,Shujun/unknown/dog/133.wav,movement,0.99609375,0.0,0.99609375,0.0,"[-128, 127, -128]",False,movement,0.996094,True,ok,918,56,632,1784,"[-128, 127, -128]",e43cc3f7b7f7e2413bdc35765bca5d45473b5b1b63fdee1a0a28d3e9de0d2ab8,user_study_cdc_sd_rt1s_c32_dual_core_v1,/Users/zilongzeng/Documents/data/Shujun/results.csv,0.16133405733853579,1.4216669369488955,0.7332089589908719,2.3228750796988606
530,Shujun,unknown,dog,134,intent_directory,/Users/zilongzeng/Documents/data/Shujun/unknown/dog/134.wav,Shujun/unknown/dog/134.wav,movement,0.99609375,0.0,0.99609375,0.0,"[-128, 127, -128]",False,movement,0.996094,True,ok,904,56,632,1770,"[-128, 127, -128]",e43cc3f7b7f7e2413bdc35765bca5d45473b5b1b63fdee1a0a28d3e9de0d2ab8,user_study_cdc_sd_rt1s_c32_dual_core_v1,/Users/zilongzeng/Documents/data/Shujun/results.csv,0.09624997619539499,1.2388749746605754,0.7184590213000774,2.0597500260919333
531,Shujun,unknown,dog,135,intent_directory,/Users/zilongzeng/Documents/data/Shujun/unknown/dog/135.wav,Shujun/unknown/dog/135.wav,unknown,0.8984375,0.00390625,0.09765625,0.8984375,"[-127, -103, 102]",True,unknown,0.894531,True,ok,918,56,632,1787,"[-127, -103, 101]",e43cc3f7b7f7e2413bdc35765bca5d45473b5b1b63fdee1a0a28d3e9de0d2ab8,user_study_cdc_sd_rt1s_c32_dual_core_v1,/Users/zilongzeng/Documents/data/Shujun/results.csv,0.06995804142206907,1.2112499680370092,0.6882089655846357,1.9755000248551369
532,Shujun,unknown,dog,136,intent_directory,/Users/zilongzeng/Documents/data/Shujun/unknown/dog/136.wav,Shujun/unknown/dog/136.wav,movement,0.99609375,0.0,0.99609375,0.0,"[-128, 127, -128]",False,movement,0.996094,True,ok,917,56,632,1785,"[-128, 127, -128]",e43cc3f7b7f7e2413bdc35765bca5d45473b5b1b63fdee1a0a28d3e9de0d2ab8,user_study_cdc_sd_rt1s_c32_dual_core_v1,/Users/zilongzeng/Documents/data/Shujun/results.csv,0.07499998901039362,1.549124950543046,0.7374580018222332,2.3702909238636494
533,Shujun,unknown,dog,137,intent_directory,/Users/zilongzeng/Documents/data/Shujun/unknown/dog/137.wav,Shujun/unknown/dog/137.wav,movement,0.9921875,0.0,0.9921875,0.00390625,"[-128, 126, -127]",False,movement,0.964844,True,ok,913,56,632,1781,"[-127, 119, -120]",e43cc3f7b7f7e2413bdc35765bca5d45473b5b1b63fdee1a0a28d3e9de0d2ab8,user_study_cdc_sd_rt1s_c32_dual_core_v1,/Users/zilongzeng/Documents/data/Shujun/results.csv,0.12154201976954937,1.3515000464394689,0.7351250387728214,2.2148749558255076
534,Shujun,unknown,dog,138,intent_directory,/Users/zilongzeng/Documents/data/Shujun/unknown/dog/138.wav,Shujun/unknown/dog/138.wav,unknown,0.8828125,0.05078125,0.0625,0.8828125,"[-115, -112, 98]",True,unknown,0.910156,True,ok,923,56,632,1792,"[-117, -117, 105]",e43cc3f7b7f7e2413bdc35765bca5d45473b5b1b63fdee1a0a28d3e9de0d2ab8,user_study_cdc_sd_rt1s_c32_dual_core_v1,/Users/zilongzeng/Documents/data/Shujun/results.csv,0.09370804764330387,1.1837080819532275,0.6712089525535703,1.9545829854905605
535,Shujun,unknown,dog,139,intent_directory,/Users/zilongzeng/Documents/data/Shujun/unknown/dog/139.wav,Shujun/unknown/dog/139.wav,unknown,0.99609375,0.0,0.0,0.99609375,"[-128, -128, 127]",True,unknown,0.996094,True,ok,922,56,632,1790,"[-128, -128, 127]",e43cc3f7b7f7e2413bdc35765bca5d45473b5b1b63fdee1a0a28d3e9de0d2ab8,user_study_cdc_sd_rt1s_c32_dual_core_v1,/Users/zilongzeng/Documents/data/Shujun/results.csv,0.06758293602615595,1.230916939675808,0.775083084590733,2.1095420233905315
536,Shujun,unknown,dog,140,intent_directory,/Users/zilongzeng/Documents/data/Shujun/unknown/dog/140.wav,Shujun/unknown/dog/140.wav,unknown,0.71484375,0.0234375,0.26171875,0.71484375,"[-122, -61, 55]",True,unknown,0.667969,True,ok,908,56,632,1775,"[-120, -52, 43]",e43cc3f7b7f7e2413bdc35765bca5d45473b5b1b63fdee1a0a28d3e9de0d2ab8,user_study_cdc_sd_rt1s_c32_dual_core_v1,/Users/zilongzeng/Documents/data/Shujun/results.csv,0.14404207468032837,1.4676249120384455,0.7305829785764217,2.351999981328845
537,Shujun,unknown,happy,141,intent_directory,/Users/zilongzeng/Documents/data/Shujun/unknown/happy/141.wav,Shujun/unknown/happy/141.wav,unknown,0.99609375,0.0,0.0,0.99609375,"[-128, -128, 127]",True,unknown,0.996094,True,ok,927,56,632,1846,"[-128, -128, 127]",e43cc3f7b7f7e2413bdc35765bca5d45473b5b1b63fdee1a0a28d3e9de0d2ab8,user_study_cdc_sd_rt1s_c32_dual_core_v1,/Users/zilongzeng/Documents/data/Shujun/results.csv,0.10783399920910597,1.3735831016674638,0.6623748922720551,2.1490829531103373
538,Shujun,unknown,happy,142,intent_directory,/Users/zilongzeng/Documents/data/Shujun/unknown/happy/142.wav,Shujun/unknown/happy/142.wav,unknown,0.99609375,0.0,0.0,0.99609375,"[-128, -128, 127]",True,unknown,0.996094,True,ok,920,56,632,1788,"[-128, -128, 127]",e43cc3f7b7f7e2413bdc35765bca5d45473b5b1b63fdee1a0a28d3e9de0d2ab8,user_study_cdc_sd_rt1s_c32_dual_core_v1,/Users/zilongzeng/Documents/data/Shujun/results.csv,0.07637497037649155,1.231083064340055,0.6939589511603117,2.0063749980181456
539,Shujun,unknown,happy,143,intent_directory,/Users/zilongzeng/Documents/data/Shujun/unknown/happy/143.wav,Shujun/unknown/happy/143.wav,unknown,0.99609375,0.0,0.00390625,0.99609375,"[-128, -127, 127]",True,unknown,0.996094,True,ok,905,56,632,1771,"[-128, -127, 127]",e43cc3f7b7f7e2413bdc35765bca5d45473b5b1b63fdee1a0a28d3e9de0d2ab8,user_study_cdc_sd_rt1s_c32_dual_core_v1,/Users/zilongzeng/Documents/data/Shujun/results.csv,0.07408298552036285,1.1327080428600311,0.6781249539926648,1.9464169163256884
540,Shujun,unknown,happy,144,intent_directory,/Users/zilongzeng/Documents/data/Shujun/unknown/happy/144.wav,Shujun/unknown/happy/144.wav,movement,0.99609375,0.0,0.99609375,0.0,"[-128, 127, -128]",False,movement,0.996094,True,ok,919,56,632,1786,"[-128, 127, -128]",e43cc3f7b7f7e2413bdc35765bca5d45473b5b1b63fdee1a0a28d3e9de0d2ab8,user_study_cdc_sd_rt1s_c32_dual_core_v1,/Users/zilongzeng/Documents/data/Shujun/results.csv,0.1978330546990037,1.5045410254970193,0.7131249876692891,2.423625090159476
541,Shujun,unknown,happy,145,intent_directory,/Users/zilongzeng/Documents/data/Shujun/unknown/happy/145.wav,Shujun/unknown/happy/145.wav,unknown,0.99609375,0.0,0.0,0.99609375,"[-128, -128, 127]",True,unknown,0.996094,True,ok,927,56,632,1794,"[-128, -128, 127]",e43cc3f7b7f7e2413bdc35765bca5d45473b5b1b63fdee1a0a28d3e9de0d2ab8,user_study_cdc_sd_rt1s_c32_dual_core_v1,/Users/zilongzeng/Documents/data/Shujun/results.csv,0.11020898818969727,1.3123339740559459,0.7204579887911677,2.1488750353455544
542,Shujun,unknown,happy,146,intent_directory,/Users/zilongzeng/Documents/data/Shujun/unknown/happy/146.wav,Shujun/unknown/happy/146.wav,unknown,0.99609375,0.0,0.0,0.99609375,"[-128, -128, 127]",True,unknown,0.996094,True,ok,914,56,632,1782,"[-128, -128, 127]",e43cc3f7b7f7e2413bdc35765bca5d45473b5b1b63fdee1a0a28d3e9de0d2ab8,user_study_cdc_sd_rt1s_c32_dual_core_v1,/Users/zilongzeng/Documents/data/Shujun/results.csv,0.21895894315093756,1.1382920201867819,0.6591250421479344,2.0211669616401196
543,Shujun,unknown,happy,147,intent_directory,/Users/zilongzeng/Documents/data/Shujun/unknown/happy/147.wav,Shujun/unknown/happy/147.wav,unknown,0.99609375,0.0,0.0,0.99609375,"[-128, -128, 127]",True,unknown,0.996094,True,ok,915,56,632,1795,"[-128, -128, 127]",e43cc3f7b7f7e2413bdc35765bca5d45473b5b1b63fdee1a0a28d3e9de0d2ab8,user_study_cdc_sd_rt1s_c32_dual_core_v1,/Users/zilongzeng/Documents/data/Shujun/results.csv,0.21437497343868017,1.4602079754695296,0.6419579731300473,2.3250000085681677
544,Shujun,unknown,happy,148,intent_directory,/Users/zilongzeng/Documents/data/Shujun/unknown/happy/148.wav,Shujun/unknown/happy/148.wav,unknown,0.99609375,0.0,0.0,0.99609375,"[-128, -128, 127]",True,unknown,0.996094,True,ok,929,56,632,1809,"[-128, -128, 127]",e43cc3f7b7f7e2413bdc35765bca5d45473b5b1b63fdee1a0a28d3e9de0d2ab8,user_study_cdc_sd_rt1s_c32_dual_core_v1,/Users/zilongzeng/Documents/data/Shujun/results.csv,0.1843329519033432,1.609249971807003,0.7142079994082451,2.5176249910146
545,Shujun,unknown,happy,149,intent_directory,/Users/zilongzeng/Documents/data/Shujun/unknown/happy/149.wav,Shujun/unknown/happy/149.wav,unknown,0.99609375,0.0,0.0,0.99609375,"[-128, -128, 127]",True,unknown,0.996094,True,ok,911,56,632,1779,"[-128, -128, 127]",e43cc3f7b7f7e2413bdc35765bca5d45473b5b1b63fdee1a0a28d3e9de0d2ab8,user_study_cdc_sd_rt1s_c32_dual_core_v1,/Users/zilongzeng/Documents/data/Shujun/results.csv,0.1182089326903224,1.198875019326806,0.667041982524097,1.9890839466825128
546,Shujun,unknown,happy,150,intent_directory,/Users/zilongzeng/Documents/data/Shujun/unknown/happy/150.wav,Shujun/unknown/happy/150.wav,unknown,0.99609375,0.0,0.0,0.99609375,"[-128, -128, 127]",True,unknown,0.996094,True,ok,926,56,632,1794,"[-128, -128, 127]",e43cc3f7b7f7e2413bdc35765bca5d45473b5b1b63fdee1a0a28d3e9de0d2ab8,user_study_cdc_sd_rt1s_c32_dual_core_v1,/Users/zilongzeng/Documents/data/Shujun/results.csv,0.07116701453924179,1.1722909985110164,0.6973749259486794,1.9463329808786511
547,Weiqian,emergency,stop,1,intent_directory,/Users/zilongzeng/Documents/data/Weiqian/emergency/stop/1.wav,Weiqian/emergency/stop/1.wav,emergency,0.61328125,0.61328125,0.3359375,0.0546875,"[29, -42, -114]",True,emergency,0.554688,True,ok,923,56,632,1936,"[14, -33, -109]",e43cc3f7b7f7e2413bdc35765bca5d45473b5b1b63fdee1a0a28d3e9de0d2ab8,user_study_cdc_sd_rt1s_c32_dual_core_v1,/Users/zilongzeng/Documents/data/Weiqian/results.csv,0.07279205601662397,1.3983750250190496,0.7374159758910537,2.215125015936792
548,Weiqian,emergency,stop,2,intent_directory,/Users/zilongzeng/Documents/data/Weiqian/emergency/stop/2.wav,Weiqian/emergency/stop/2.wav,movement,0.84765625,0.11328125,0.84765625,0.04296875,"[-99, 89, -117]",False,movement,0.847656,True,ok,911,56,632,1776,"[-99, 89, -117]",e43cc3f7b7f7e2413bdc35765bca5d45473b5b1b63fdee1a0a28d3e9de0d2ab8,user_study_cdc_sd_rt1s_c32_dual_core_v1,/Users/zilongzeng/Documents/data/Weiqian/results.csv,0.23387500550597906,1.5124169876798987,0.6997910095378757,2.4524580221623182
549,Weiqian,emergency,stop,3,intent_directory,/Users/zilongzeng/Documents/data/Weiqian/emergency/stop/3.wav,Weiqian/emergency/stop/3.wav,movement,0.99609375,0.0,0.99609375,0.0,"[-128, 127, -128]",False,movement,0.996094,True,ok,925,56,632,1800,"[-128, 127, -128]",e43cc3f7b7f7e2413bdc35765bca5d45473b5b1b63fdee1a0a28d3e9de0d2ab8,user_study_cdc_sd_rt1s_c32_dual_core_v1,/Users/zilongzeng/Documents/data/Weiqian/results.csv,0.2174170222133398,1.2074580881744623,0.6669999565929174,2.096832962706685
550,Weiqian,emergency,stop,4,intent_directory,/Users/zilongzeng/Documents/data/Weiqian/emergency/stop/4.wav,Weiqian/emergency/stop/4.wav,emergency,0.6328125,0.6328125,0.28125,0.0859375,"[34, -56, -106]",True,emergency,0.632812,True,ok,929,56,632,1794,"[34, -56, -106]",e43cc3f7b7f7e2413bdc35765bca5d45473b5b1b63fdee1a0a28d3e9de0d2ab8,user_study_cdc_sd_rt1s_c32_dual_core_v1,/Users/zilongzeng/Documents/data/Weiqian/results.csv,0.0617919722571969,1.1360839707776904,0.738833099603653,1.9769170321524143
551,Weiqian,emergency,stop,5,intent_directory,/Users/zilongzeng/Documents/data/Weiqian/emergency/stop/5.wav,Weiqian/emergency/stop/5.wav,emergency,0.7578125,0.7578125,0.18359375,0.0546875,"[66, -81, -114]",True,emergency,0.718750,True,ok,906,56,632,1773,"[56, -73, -112]",e43cc3f7b7f7e2413bdc35765bca5d45473b5b1b63fdee1a0a28d3e9de0d2ab8,user_study_cdc_sd_rt1s_c32_dual_core_v1,/Users/zilongzeng/Documents/data/Weiqian/results.csv,0.1485829707235098,1.4312919229269028,0.7340420270338655,2.321166917681694
552,Weiqian,emergency,stop,6,intent_directory,/Users/zilongzeng/Documents/data/Weiqian/emergency/stop/6.wav,Weiqian/emergency/stop/6.wav,emergency,0.9453125,0.9453125,0.0546875,0.0,"[114, -114, -128]",True,emergency,0.972656,True,ok,926,56,632,1791,"[121, -121, -128]",e43cc3f7b7f7e2413bdc35765bca5d45473b5b1b63fdee1a0a28d3e9de0d2ab8,user_study_cdc_sd_rt1s_c32_dual_core_v1,/Users/zilongzeng/Documents/data/Weiqian/results.csv,0.08475000504404306,1.2634580489248037,0.6659999489784241,2.0202079322189093
553,Weiqian,emergency,stop,7,intent_directory,/Users/zilongzeng/Documents/data/Weiqian/emergency/stop/7.wav,Weiqian/emergency/stop/7.wav,emergency,0.81640625,0.81640625,0.1328125,0.046875,"[81, -94, -116]",True,emergency,0.816406,True,ok,921,56,632,1786,"[81, -94, -116]",e43cc3f7b7f7e2413bdc35765bca5d45473b5b1b63fdee1a0a28d3e9de0d2ab8,user_study_cdc_sd_rt1s_c32_dual_core_v1,/Users/zilongzeng/Documents/data/Weiqian/results.csv,0.08216698188334703,1.2011249782517552,0.658749951981008,1.9470410188660026
554,Weiqian,emergency,stop,8,intent_directory,/Users/zilongzeng/Documents/data/Weiqian/emergency/stop/8.wav,Weiqian/emergency/stop/8.wav,emergency,0.984375,0.984375,0.01171875,0.00390625,"[124, -125, -127]",True,emergency,0.980469,True,ok,902,56,632,1768,"[123, -124, -127]",e43cc3f7b7f7e2413bdc35765bca5d45473b5b1b63fdee1a0a28d3e9de0d2ab8,user_study_cdc_sd_rt1s_c32_dual_core_v1,/Users/zilongzeng/Documents/data/Weiqian/results.csv,0.056333024986088276,1.1352499714121222,0.8026659488677979,2.0335419103503227
555,Weiqian,emergency,stop,9,intent_directory,/Users/zilongzeng/Documents/data/Weiqian/emergency/stop/9.wav,Weiqian/emergency/stop/9.wav,emergency,0.859375,0.859375,0.0,0.140625,"[92, -128, -92]",True,emergency,0.597656,True,ok,925,56,632,1789,"[25, -128, -25]",e43cc3f7b7f7e2413bdc35765bca5d45473b5b1b63fdee1a0a28d3e9de0d2ab8,user_study_cdc_sd_rt1s_c32_dual_core_v1,/Users/zilongzeng/Documents/data/Weiqian/results.csv,0.16345898620784283,1.328374957665801,0.7257090182974935,2.2260829573497176
556,Weiqian,emergency,stop,10,intent_directory,/Users/zilongzeng/Documents/data/Weiqian/emergency/stop/10.wav,Weiqian/emergency/stop/10.wav,emergency,0.98046875,0.98046875,0.015625,0.00390625,"[123, -124, -127]",True,emergency,0.968750,True,ok,921,56,632,1786,"[120, -121, -127]",e43cc3f7b7f7e2413bdc35765bca5d45473b5b1b63fdee1a0a28d3e9de0d2ab8,user_study_cdc_sd_rt1s_c32_dual_core_v1,/Users/zilongzeng/Documents/data/Weiqian/results.csv,0.10879198089241982,1.266125007532537,0.6697910139337182,2.050915965810418
557,Weiqian,emergency,hold,11,intent_directory,/Users/zilongzeng/Documents/data/Weiqian/emergency/hold/11.wav,Weiqian/emergency/hold/11.wav,emergency,0.93359375,0.93359375,0.0546875,0.0078125,"[111, -114, -126]",True,emergency,0.945312,True,ok,910,56,632,1825,"[114, -116, -126]",e43cc3f7b7f7e2413bdc35765bca5d45473b5b1b63fdee1a0a28d3e9de0d2ab8,user_study_cdc_sd_rt1s_c32_dual_core_v1,/Users/zilongzeng/Documents/data/Weiqian/results.csv,0.08070794865489006,1.2450419599190354,0.6599170155823231,1.9909580005332828
558,Weiqian,emergency,hold,12,intent_directory,/Users/zilongzeng/Documents/data/Weiqian/emergency/hold/12.wav,Weiqian/emergency/hold/12.wav,emergency,0.73828125,0.73828125,0.1796875,0.08203125,"[61, -82, -107]",True,emergency,0.738281,True,ok,919,56,632,1784,"[61, -82, -107]",e43cc3f7b7f7e2413bdc35765bca5d45473b5b1b63fdee1a0a28d3e9de0d2ab8,user_study_cdc_sd_rt1s_c32_dual_core_v1,/Users/zilongzeng/Documents/data/Weiqian/results.csv,0.06437499541789293,1.313250046223402,0.6165408995002508,2.003041096031666
559,Weiqian,emergency,hold,13,intent_directory,/Users/zilongzeng/Documents/data/Weiqian/emergency/hold/13.wav,Weiqian/emergency/hold/13.wav,emergency,0.86328125,0.86328125,0.11328125,0.0234375,"[93, -99, -122]",True,emergency,0.863281,True,ok,926,56,632,1791,"[93, -99, -122]",e43cc3f7b7f7e2413bdc35765bca5d45473b5b1b63fdee1a0a28d3e9de0d2ab8,user_study_cdc_sd_rt1s_c32_dual_core_v1,/Users/zilongzeng/Documents/data/Weiqian/results.csv,0.31412497628480196,1.3549589784815907,0.7280830759555101,2.4043750017881393
560,Weiqian,emergency,hold,14,intent_directory,/Users/zilongzeng/Documents/data/Weiqian/emergency/hold/14.wav,Weiqian/emergency/hold/14.wav,movement,0.9921875,0.0,0.9921875,0.0078125,"[-128, 126, -126]",False,movement,0.992188,True,ok,910,56,632,1777,"[-128, 126, -126]",e43cc3f7b7f7e2413bdc35765bca5d45473b5b1b63fdee1a0a28d3e9de0d2ab8,user_study_cdc_sd_rt1s_c32_dual_core_v1,/Users/zilongzeng/Documents/data/Weiqian/results.csv,0.2599590225145221,1.3482089852914214,0.6813330110162497,2.295500016771257
561,Weiqian,emergency,hold,15,intent_directory,/Users/zilongzeng/Documents/data/Weiqian/emergency/hold/15.wav,Weiqian/emergency/hold/15.wav,emergency,0.96484375,0.96484375,0.02734375,0.01171875,"[119, -121, -125]",True,emergency,0.960938,True,ok,927,56,632,1793,"[118, -121, -125]",e43cc3f7b7f7e2413bdc35765bca5d45473b5b1b63fdee1a0a28d3e9de0d2ab8,user_study_cdc_sd_rt1s_c32_dual_core_v1,/Users/zilongzeng/Documents/data/Weiqian/results.csv,0.08100003469735384,1.2024999596178532,0.6617079488933086,1.9499590853229165
562,Weiqian,emergency,hold,16,intent_directory,/Users/zilongzeng/Documents/data/Weiqian/emergency/hold/16.wav,Weiqian/emergency/hold/16.wav,movement,0.9375,0.0390625,0.9375,0.0234375,"[-118, 112, -122]",False,movement,0.925781,True,ok,921,56,632,1788,"[-116, 109, -120]",e43cc3f7b7f7e2413bdc35765bca5d45473b5b1b63fdee1a0a28d3e9de0d2ab8,user_study_cdc_sd_rt1s_c32_dual_core_v1,/Users/zilongzeng/Documents/data/Weiqian/results.csv,0.06895896513015032,1.12979207187891,0.6576249143108726,1.906040939502418
563,Weiqian,emergency,hold,17,intent_directory,/Users/zilongzeng/Documents/data/Weiqian/emergency/hold/17.wav,Weiqian/emergency/hold/17.wav,movement,0.83984375,0.13671875,0.83984375,0.0234375,"[-93, 87, -122]",False,movement,0.812500,True,ok,911,56,632,1778,"[-87, 80, -121]",e43cc3f7b7f7e2413bdc35765bca5d45473b5b1b63fdee1a0a28d3e9de0d2ab8,user_study_cdc_sd_rt1s_c32_dual_core_v1,/Users/zilongzeng/Documents/data/Weiqian/results.csv,0.19104196690022945,1.4590000500902534,0.729417079128325,2.3870000150054693
564,Weiqian,emergency,hold,18,intent_directory,/Users/zilongzeng/Documents/data/Weiqian/emergency/hold/18.wav,Weiqian/emergency/hold/18.wav,movement,0.99609375,0.0,0.99609375,0.0,"[-128, 127, -128]",False,movement,0.996094,True,ok,917,56,632,1796,"[-128, 127, -128]",e43cc3f7b7f7e2413bdc35765bca5d45473b5b1b63fdee1a0a28d3e9de0d2ab8,user_study_cdc_sd_rt1s_c32_dual_core_v1,/Users/zilongzeng/Documents/data/Weiqian/results.csv,0.10299996938556433,1.3119590003043413,0.6928329821676016,2.1137079456821084
565,Weiqian,emergency,hold,19,intent_directory,/Users/zilongzeng/Documents/data/Weiqian/emergency/hold/19.wav,Weiqian/emergency/hold/19.wav,movement,0.9765625,0.015625,0.9765625,0.00390625,"[-124, 122, -127]",False,movement,0.976562,True,ok,921,56,632,1787,"[-124, 122, -127]",e43cc3f7b7f7e2413bdc35765bca5d45473b5b1b63fdee1a0a28d3e9de0d2ab8,user_study_cdc_sd_rt1s_c32_dual_core_v1,/Users/zilongzeng/Documents/data/Weiqian/results.csv,0.07216702215373516,1.1927919695153832,0.6534580606967211,1.9232920603826642
566,Weiqian,emergency,hold,20,intent_directory,/Users/zilongzeng/Documents/data/Weiqian/emergency/hold/20.wav,Weiqian/emergency/hold/20.wav,movement,0.7421875,0.22265625,0.7421875,0.03515625,"[-71, 62, -119]",False,movement,0.742188,True,ok,908,56,632,1774,"[-71, 62, -119]",e43cc3f7b7f7e2413bdc35765bca5d45473b5b1b63fdee1a0a28d3e9de0d2ab8,user_study_cdc_sd_rt1s_c32_dual_core_v1,/Users/zilongzeng/Documents/data/Weiqian/results.csv,0.07204094436019659,1.2197920586913824,0.7306250045076013,2.029416966252029
567,Weiqian,emergency,freeze,21,intent_directory,/Users/zilongzeng/Documents/data/Weiqian/emergency/freeze/21.wav,Weiqian/emergency/freeze/21.wav,unknown,0.99609375,0.0,0.0,0.99609375,"[-128, -128, 127]",False,unknown,0.996094,True,ok,920,56,632,1834,"[-128, -128, 127]",e43cc3f7b7f7e2413bdc35765bca5d45473b5b1b63fdee1a0a28d3e9de0d2ab8,user_study_cdc_sd_rt1s_c32_dual_core_v1,/Users/zilongzeng/Documents/data/Weiqian/results.csv,0.09616592433303595,1.348958001472056,0.7091669831424952,2.159374998882413
568,Weiqian,emergency,freeze,22,intent_directory,/Users/zilongzeng/Documents/data/Weiqian/emergency/freeze/22.wav,Weiqian/emergency/freeze/22.wav,movement,0.83203125,0.0,0.83203125,0.16796875,"[-128, 85, -85]",False,movement,0.859375,True,ok,921,56,632,1786,"[-128, 92, -92]",e43cc3f7b7f7e2413bdc35765bca5d45473b5b1b63fdee1a0a28d3e9de0d2ab8,user_study_cdc_sd_rt1s_c32_dual_core_v1,/Users/zilongzeng/Documents/data/Weiqian/results.csv,0.07058307528495789,1.2607501121237874,0.6947090150788426,2.031541895121336
569,Weiqian,emergency,freeze,23,intent_directory,/Users/zilongzeng/Documents/data/Weiqian/emergency/freeze/23.wav,Weiqian/emergency/freeze/23.wav,emergency,0.828125,0.828125,0.05859375,0.109375,"[84, -113, -100]",True,emergency,0.765625,True,ok,912,56,632,1808,"[68, -107, -89]",e43cc3f7b7f7e2413bdc35765bca5d45473b5b1b63fdee1a0a28d3e9de0d2ab8,user_study_cdc_sd_rt1s_c32_dual_core_v1,/Users/zilongzeng/Documents/data/Weiqian/results.csv,0.07508299313485622,1.225166954100132,0.6555829895660281,1.9606250571087003
570,Weiqian,emergency,freeze,24,intent_directory,/Users/zilongzeng/Documents/data/Weiqian/emergency/freeze/24.wav,Weiqian/emergency/freeze/24.wav,emergency,0.81640625,0.81640625,0.1328125,0.046875,"[81, -94, -116]",True,emergency,0.816406,True,ok,921,56,632,1786,"[81, -94, -116]",e43cc3f7b7f7e2413bdc35765bca5d45473b5b1b63fdee1a0a28d3e9de0d2ab8,user_study_cdc_sd_rt1s_c32_dual_core_v1,/Users/zilongzeng/Documents/data/Weiqian/results.csv,0.06824999582022429,1.2931249802932143,0.6339999381452799,2.005042042583227
571,Weiqian,emergency,freeze,25,intent_directory,/Users/zilongzeng/Documents/data/Weiqian/emergency/freeze/25.wav,Weiqian/emergency/freeze/25.wav,emergency,0.9296875,0.9296875,0.00390625,0.06640625,"[110, -127, -111]",True,emergency,0.894531,True,ok,928,56,632,1793,"[101, -127, -103]",e43cc3f7b7f7e2413bdc35765bca5d45473b5b1b63fdee1a0a28d3e9de0d2ab8,user_study_cdc_sd_rt1s_c32_dual_core_v1,/Users/zilongzeng/Documents/data/Weiqian/results.csv,0.16620801761746407,1.3730420032516122,0.6994589930400252,2.245458075776696
572,Weiqian,emergency,freeze,26,intent_directory,/Users/zilongzeng/Documents/data/Weiqian/emergency/freeze/26.wav,Weiqian/emergency/freeze/26.wav,movement,0.8359375,0.02734375,0.8359375,0.13671875,"[-121, 86, -93]",False,movement,0.812500,True,ok,905,56,632,1771,"[-121, 80, -87]",e43cc3f7b7f7e2413bdc35765bca5d45473b5b1b63fdee1a0a28d3e9de0d2ab8,user_study_cdc_sd_rt1s_c32_dual_core_v1,/Users/zilongzeng/Documents/data/Weiqian/results.csv,0.09212503209710121,1.2603749055415392,0.7022920763120055,2.060582977719605
573,Weiqian,emergency,freeze,27,intent_directory,/Users/zilongzeng/Documents/data/Weiqian/emergency/freeze/27.wav,Weiqian/emergency/freeze/27.wav,movement,0.99609375,0.0,0.99609375,0.0,"[-128, 127, -128]",False,movement,0.996094,True,ok,918,56,632,1783,"[-128, 127, -128]",e43cc3f7b7f7e2413bdc35765bca5d45473b5b1b63fdee1a0a28d3e9de0d2ab8,user_study_cdc_sd_rt1s_c32_dual_core_v1,/Users/zilongzeng/Documents/data/Weiqian/results.csv,0.06962497718632221,1.117000007070601,0.6755829090252519,1.867207931354642
574,Weiqian,emergency,freeze,28,intent_directory,/Users/zilongzeng/Documents/data/Weiqian/emergency/freeze/28.wav,Weiqian/emergency/freeze/28.wav,movement,0.92578125,0.0546875,0.92578125,0.01953125,"[-114, 109, -123]",False,movement,0.925781,True,ok,918,56,632,1783,"[-114, 109, -123]",e43cc3f7b7f7e2413bdc35765bca5d45473b5b1b63fdee1a0a28d3e9de0d2ab8,user_study_cdc_sd_rt1s_c32_dual_core_v1,/Users/zilongzeng/Documents/data/Weiqian/results.csv,0.06262504030019045,1.1620419099926949,0.657708034850657,1.932875020429492
575,Weiqian,emergency,freeze,29,intent_directory,/Users/zilongzeng/Documents/data/Weiqian/emergency/freeze/29.wav,Weiqian/emergency/freeze/29.wav,movement,0.8359375,0.08984375,0.8359375,0.07421875,"[-105, 86, -109]",False,movement,0.890625,True,ok,908,56,632,1774,"[-111, 100, -117]",e43cc3f7b7f7e2413bdc35765bca5d45473b5b1b63fdee1a0a28d3e9de0d2ab8,user_study_cdc_sd_rt1s_c32_dual_core_v1,/Users/zilongzeng/Documents/data/Weiqian/results.csv,0.33608300145715475,1.413749996572733,0.7126249838620424,2.469667000696063
576,Weiqian,emergency,freeze,30,intent_directory,/Users/zilongzeng/Documents/data/Weiqian/emergency/freeze/30.wav,Weiqian/emergency/freeze/30.wav,movement,0.37890625,0.30859375,0.37890625,0.30859375,"[-49, -31, -49]",False,movement,0.378906,True,ok,929,56,632,1794,"[-49, -31, -49]",e43cc3f7b7f7e2413bdc35765bca5d45473b5b1b63fdee1a0a28d3e9de0d2ab8,user_study_cdc_sd_rt1s_c32_dual_core_v1,/Users/zilongzeng/Documents/data/Weiqian/results.csv,0.24608394596725702,1.3049159897491336,0.6962079787626863,2.252458012662828
577,Weiqian,emergency,abort,31,intent_directory,/Users/zilongzeng/Documents/data/Weiqian/emergency/abort/31.wav,Weiqian/emergency/abort/31.wav,movement,0.984375,0.01171875,0.984375,0.00390625,"[-125, 124, -127]",False,movement,0.992188,True,ok,916,56,632,1830,"[-127, 126, -128]",e43cc3f7b7f7e2413bdc35765bca5d45473b5b1b63fdee1a0a28d3e9de0d2ab8,user_study_cdc_sd_rt1s_c32_dual_core_v1,/Users/zilongzeng/Documents/data/Weiqian/results.csv,0.07233303040266037,1.1301249032840133,0.6452919915318489,1.8529999069869518
578,Weiqian,emergency,abort,32,intent_directory,/Users/zilongzeng/Documents/data/Weiqian/emergency/abort/32.wav,Weiqian/emergency/abort/32.wav,movement,0.9453125,0.0390625,0.9453125,0.015625,"[-118, 114, -124]",False,movement,0.941406,True,ok,908,56,632,1789,"[-118, 113, -123]",e43cc3f7b7f7e2413bdc35765bca5d45473b5b1b63fdee1a0a28d3e9de0d2ab8,user_study_cdc_sd_rt1s_c32_dual_core_v1,/Users/zilongzeng/Documents/data/Weiqian/results.csv,0.06375007797032595,1.2606659438461065,0.7305829785764217,2.0618749549612403
579,Weiqian,emergency,abort,33,intent_directory,/Users/zilongzeng/Documents/data/Weiqian/emergency/abort/33.wav,Weiqian/emergency/abort/33.wav,movement,0.99609375,0.0,0.99609375,0.0,"[-128, 127, -128]",False,movement,0.996094,True,ok,920,56,632,1786,"[-128, 127, -128]",e43cc3f7b7f7e2413bdc35765bca5d45473b5b1b63fdee1a0a28d3e9de0d2ab8,user_study_cdc_sd_rt1s_c32_dual_core_v1,/Users/zilongzeng/Documents/data/Weiqian/results.csv,0.09704194962978363,1.3336660340428352,0.715874950401485,2.153208013623953
580,Weiqian,emergency,abort,34,intent_directory,/Users/zilongzeng/Documents/data/Weiqian/emergency/abort/34.wav,Weiqian/emergency/abort/34.wav,movement,0.7265625,0.09765625,0.7265625,0.17578125,"[-103, 58, -83]",False,movement,0.785156,True,ok,927,56,632,1792,"[-106, 73, -95]",e43cc3f7b7f7e2413bdc35765bca5d45473b5b1b63fdee1a0a28d3e9de0d2ab8,user_study_cdc_sd_rt1s_c32_dual_core_v1,/Users/zilongzeng/Documents/data/Weiqian/results.csv,0.0839160056784749,1.4408329734578729,0.7009999826550484,2.232207916676998
581,Weiqian,emergency,abort,35,intent_directory,/Users/zilongzeng/Documents/data/Weiqian/emergency/abort/35.wav,Weiqian/emergency/abort/35.wav,unknown,0.828125,0.1640625,0.0078125,0.828125,"[-86, -126, 84]",False,unknown,0.875000,True,ok,908,56,632,1774,"[-98, -126, 96]",e43cc3f7b7f7e2413bdc35765bca5d45473b5b1b63fdee1a0a28d3e9de0d2ab8,user_study_cdc_sd_rt1s_c32_dual_core_v1,/Users/zilongzeng/Documents/data/Weiqian/results.csv,0.06591703277081251,1.1358329793438315,0.6583749782294035,1.8649999983608723
582,Weiqian,emergency,abort,36,intent_directory,/Users/zilongzeng/Documents/data/Weiqian/emergency/abort/36.wav,Weiqian/emergency/abort/36.wav,movement,0.51171875,0.41796875,0.51171875,0.0703125,"[-21, 3, -110]",False,emergency,0.570312,False,ok,919,56,632,1784,"[18, -31, -115]",e43cc3f7b7f7e2413bdc35765bca5d45473b5b1b63fdee1a0a28d3e9de0d2ab8,user_study_cdc_sd_rt1s_c32_dual_core_v1,/Users/zilongzeng/Documents/data/Weiqian/results.csv,0.19362499006092548,1.4220000011846423,0.7346670608967543,2.357624936848879
583,Weiqian,emergency,abort,37,intent_directory,/Users/zilongzeng/Documents/data/Weiqian/emergency/abort/37.wav,Weiqian/emergency/abort/37.wav,movement,0.484375,0.3984375,0.484375,0.1171875,"[-26, -4, -98]",False,movement,0.484375,True,ok,929,56,632,1794,"[-26, -4, -98]",e43cc3f7b7f7e2413bdc35765bca5d45473b5b1b63fdee1a0a28d3e9de0d2ab8,user_study_cdc_sd_rt1s_c32_dual_core_v1,/Users/zilongzeng/Documents/data/Weiqian/results.csv,0.288749928586185,1.3756660046055913,0.7336660055443645,2.4044999154284596
584,Weiqian,emergency,abort,38,intent_directory,/Users/zilongzeng/Documents/data/Weiqian/emergency/abort/38.wav,Weiqian/emergency/abort/38.wav,movement,0.97265625,0.015625,0.97265625,0.01171875,"[-124, 121, -125]",False,movement,0.972656,True,ok,906,56,632,1772,"[-124, 121, -125]",e43cc3f7b7f7e2413bdc35765bca5d45473b5b1b63fdee1a0a28d3e9de0d2ab8,user_study_cdc_sd_rt1s_c32_dual_core_v1,/Users/zilongzeng/Documents/data/Weiqian/results.csv,0.087916967459023,1.2757090153172612,0.6575420266017318,2.0264589693397284
585,Weiqian,emergency,abort,39,intent_directory,/Users/zilongzeng/Documents/data/Weiqian/emergency/abort/39.wav,Weiqian/emergency/abort/39.wav,movement,0.859375,0.02734375,0.859375,0.11328125,"[-121, 92, -99]",False,movement,0.812500,True,ok,916,56,632,1782,"[-121, 80, -87]",e43cc3f7b7f7e2413bdc35765bca5d45473b5b1b63fdee1a0a28d3e9de0d2ab8,user_study_cdc_sd_rt1s_c32_dual_core_v1,/Users/zilongzeng/Documents/data/Weiqian/results.csv,0.07491698488593102,1.1862090323120356,0.661291996948421,1.9272909266874194
586,Weiqian,emergency,abort,40,intent_directory,/Users/zilongzeng/Documents/data/Weiqian/emergency/abort/40.wav,Weiqian/emergency/abort/40.wav,movement,0.90625,0.08203125,0.90625,0.01171875,"[-107, 104, -125]",False,movement,0.886719,True,ok,916,56,632,1781,"[-103, 99, -124]",e43cc3f7b7f7e2413bdc35765bca5d45473b5b1b63fdee1a0a28d3e9de0d2ab8,user_study_cdc_sd_rt1s_c32_dual_core_v1,/Users/zilongzeng/Documents/data/Weiqian/results.csv,0.057709054090082645,1.365541946142912,0.7201660191640258,2.150040934793651
587,Weiqian,emergency,help,41,intent_directory,/Users/zilongzeng/Documents/data/Weiqian/emergency/help/41.wav,Weiqian/emergency/help/41.wav,movement,0.99609375,0.0,0.99609375,0.0,"[-128, 127, -128]",False,movement,0.996094,True,ok,909,56,632,1825,"[-128, 127, -128]",e43cc3f7b7f7e2413bdc35765bca5d45473b5b1b63fdee1a0a28d3e9de0d2ab8,user_study_cdc_sd_rt1s_c32_dual_core_v1,/Users/zilongzeng/Documents/data/Weiqian/results.csv,0.11712498962879181,1.3674169313162565,0.724000041373074,2.2151669254526496
588,Weiqian,emergency,help,42,intent_directory,/Users/zilongzeng/Documents/data/Weiqian/emergency/help/42.wav,Weiqian/emergency/help/42.wav,unknown,0.40234375,0.328125,0.26953125,0.40234375,"[-44, -59, -25]",False,unknown,0.402344,True,ok,916,56,632,1781,"[-44, -59, -25]",e43cc3f7b7f7e2413bdc35765bca5d45473b5b1b63fdee1a0a28d3e9de0d2ab8,user_study_cdc_sd_rt1s_c32_dual_core_v1,/Users/zilongzeng/Documents/data/Weiqian/results.csv,0.09058299474418163,1.295875059440732,0.657249940559268,2.048666006885469
589,Weiqian,emergency,help,43,intent_directory,/Users/zilongzeng/Documents/data/Weiqian/emergency/help/43.wav,Weiqian/emergency/help/43.wav,movement,0.65234375,0.2890625,0.65234375,0.05859375,"[-54, 39, -113]",False,movement,0.644531,True,ok,926,56,632,1790,"[-54, 37, -110]",e43cc3f7b7f7e2413bdc35765bca5d45473b5b1b63fdee1a0a28d3e9de0d2ab8,user_study_cdc_sd_rt1s_c32_dual_core_v1,/Users/zilongzeng/Documents/data/Weiqian/results.csv,0.06470899097621441,1.1581670260056853,0.654833042062819,1.8838329706341028
590,Weiqian,emergency,help,44,intent_directory,/Users/zilongzeng/Documents/data/Weiqian/emergency/help/44.wav,Weiqian/emergency/help/44.wav,emergency,0.453125,0.453125,0.453125,0.08984375,"[-12, -12, -105]",True,emergency,0.453125,True,ok,905,56,632,1770,"[-12, -12, -105]",e43cc3f7b7f7e2413bdc35765bca5d45473b5b1b63fdee1a0a28d3e9de0d2ab8,user_study_cdc_sd_rt1s_c32_dual_core_v1,/Users/zilongzeng/Documents/data/Weiqian/results.csv,0.0600829953327775,1.3889999827370048,0.7262920262292027,2.1817920496687293
591,Weiqian,emergency,help,45,intent_directory,/Users/zilongzeng/Documents/data/Weiqian/emergency/help/45.wav,Weiqian/emergency/help/45.wav,movement,0.9453125,0.0078125,0.9453125,0.046875,"[-126, 114, -116]",False,movement,0.941406,True,ok,925,56,632,1790,"[-125, 113, -116]",e43cc3f7b7f7e2413bdc35765bca5d45473b5b1b63fdee1a0a28d3e9de0d2ab8,user_study_cdc_sd_rt1s_c32_dual_core_v1,/Users/zilongzeng/Documents/data/Weiqian/results.csv,0.0938749872148037,1.3530420837923884,0.6929999217391014,2.14562495239079
592,Weiqian,emergency,help,46,intent_directory,/Users/zilongzeng/Documents/data/Weiqian/emergency/help/46.wav,Weiqian/emergency/help/46.wav,movement,0.41015625,0.18359375,0.41015625,0.41015625,"[-81, -23, -23]",False,movement,0.492188,True,ok,927,56,632,1791,"[-82, -2, -44]",e43cc3f7b7f7e2413bdc35765bca5d45473b5b1b63fdee1a0a28d3e9de0d2ab8,user_study_cdc_sd_rt1s_c32_dual_core_v1,/Users/zilongzeng/Documents/data/Weiqian/results.csv,0.08945807348936796,1.3633329654112458,0.6261250237002969,2.087916946038604
593,Weiqian,emergency,help,47,intent_directory,/Users/zilongzeng/Documents/data/Weiqian/emergency/help/47.wav,Weiqian/emergency/help/47.wav,movement,0.765625,0.23046875,0.765625,0.00390625,"[-69, 68, -127]",False,movement,0.730469,True,ok,900,56,632,1766,"[-60, 59, -127]",e43cc3f7b7f7e2413bdc35765bca5d45473b5b1b63fdee1a0a28d3e9de0d2ab8,user_study_cdc_sd_rt1s_c32_dual_core_v1,/Users/zilongzeng/Documents/data/Weiqian/results.csv,0.15554099809378386,1.2051250087097287,0.7387499790638685,2.127208048477769
594,Weiqian,emergency,help,48,intent_directory,/Users/zilongzeng/Documents/data/Weiqian/emergency/help/48.wav,Weiqian/emergency/help/48.wav,movement,0.51171875,0.41796875,0.51171875,0.0703125,"[-21, 3, -110]",False,movement,0.511719,True,ok,921,56,632,1813,"[-21, 3, -110]",e43cc3f7b7f7e2413bdc35765bca5d45473b5b1b63fdee1a0a28d3e9de0d2ab8,user_study_cdc_sd_rt1s_c32_dual_core_v1,/Users/zilongzeng/Documents/data/Weiqian/results.csv,0.06891705561429262,1.3397500151768327,0.7254589581862092,2.1410840563476086
595,Weiqian,emergency,help,49,intent_directory,/Users/zilongzeng/Documents/data/Weiqian/emergency/help/49.wav,Weiqian/emergency/help/49.wav,emergency,0.87890625,0.87890625,0.09765625,0.0234375,"[97, -103, -122]",True,emergency,0.898438,True,ok,920,56,632,1785,"[102, -107, -123]",e43cc3f7b7f7e2413bdc35765bca5d45473b5b1b63fdee1a0a28d3e9de0d2ab8,user_study_cdc_sd_rt1s_c32_dual_core_v1,/Users/zilongzeng/Documents/data/Weiqian/results.csv,0.11424999684095383,1.3273340882733464,0.7083748932927847,2.156208036467433
596,Weiqian,emergency,help,50,intent_directory,/Users/zilongzeng/Documents/data/Weiqian/emergency/help/50.wav,Weiqian/emergency/help/50.wav,emergency,0.93359375,0.93359375,0.0390625,0.03125,"[111, -118, -120]",True,emergency,0.953125,True,ok,908,56,632,1774,"[116, -121, -123]",e43cc3f7b7f7e2413bdc35765bca5d45473b5b1b63fdee1a0a28d3e9de0d2ab8,user_study_cdc_sd_rt1s_c32_dual_core_v1,/Users/zilongzeng/Documents/data/Weiqian/results.csv,0.18491700757294893,1.36524997651577,0.626583001576364,2.1861670538783073
597,Weiqian,movement,go,51,intent_directory,/Users/zilongzeng/Documents/data/Weiqian/movement/go/51.wav,Weiqian/movement/go/51.wav,emergency,0.68359375,0.68359375,0.203125,0.11328125,"[47, -76, -99]",False,emergency,0.726562,True,ok,916,56,632,1878,"[58, -83, -103]",e43cc3f7b7f7e2413bdc35765bca5d45473b5b1b63fdee1a0a28d3e9de0d2ab8,user_study_cdc_sd_rt1s_c32_dual_core_v1,/Users/zilongzeng/Documents/data/Weiqian/results.csv,0.3052920801565051,1.094499952159822,0.740499934181571,2.1503750467672944
598,Weiqian,movement,go,52,intent_directory,/Users/zilongzeng/Documents/data/Weiqian/movement/go/52.wav,Weiqian/movement/go/52.wav,emergency,0.75,0.75,0.18359375,0.06640625,"[64, -81, -111]",False,emergency,0.710938,True,ok,928,56,632,1793,"[54, -74, -108]",e43cc3f7b7f7e2413bdc35765bca5d45473b5b1b63fdee1a0a28d3e9de0d2ab8,user_study_cdc_sd_rt1s_c32_dual_core_v1,/Users/zilongzeng/Documents/data/Weiqian/results.csv,0.08800008799880743,1.302374992519617,0.7307500345632434,2.127957995980978
599,Weiqian,movement,go,53,intent_directory,/Users/zilongzeng/Documents/data/Weiqian/movement/go/53.wav,Weiqian/movement/go/53.wav,emergency,0.99609375,0.99609375,0.0,0.0,"[127, -128, -128]",False,emergency,0.996094,True,ok,914,56,632,1779,"[127, -128, -128]",e43cc3f7b7f7e2413bdc35765bca5d45473b5b1b63fdee1a0a28d3e9de0d2ab8,user_study_cdc_sd_rt1s_c32_dual_core_v1,/Users/zilongzeng/Documents/data/Weiqian/results.csv,0.08220900781452656,1.3032089918851852,0.7051670690998435,2.0961250411346555
600,Weiqian,movement,go,54,intent_directory,/Users/zilongzeng/Documents/data/Weiqian/movement/go/54.wav,Weiqian/movement/go/54.wav,emergency,0.98828125,0.98828125,0.0078125,0.0,"[125, -126, -128]",False,emergency,0.988281,True,ok,927,56,632,1794,"[125, -126, -128]",e43cc3f7b7f7e2413bdc35765bca5d45473b5b1b63fdee1a0a28d3e9de0d2ab8,user_study_cdc_sd_rt1s_c32_dual_core_v1,/Users/zilongzeng/Documents/data/Weiqian/results.csv,0.21545798517763615,1.1961249401792884,0.6993330316618085,2.1157499868422747
601,Weiqian,movement,go,55,intent_directory,/Users/zilongzeng/Documents/data/Weiqian/movement/go/55.wav,Weiqian/movement/go/55.wav,emergency,0.98828125,0.98828125,0.0078125,0.00390625,"[125, -126, -127]",False,emergency,0.988281,True,ok,929,56,632,1795,"[125, -126, -127]",e43cc3f7b7f7e2413bdc35765bca5d45473b5b1b63fdee1a0a28d3e9de0d2ab8,user_study_cdc_sd_rt1s_c32_dual_core_v1,/Users/zilongzeng/Documents/data/Weiqian/results.csv,0.23995805531740189,1.135583035647869,0.7541659288108349,2.139375079423189
602,Weiqian,movement,go,56,intent_directory,/Users/zilongzeng/Documents/data/Weiqian/movement/go/56.wav,Weiqian/movement/go/56.wav,emergency,0.59765625,0.59765625,0.40234375,0.0,"[25, -25, -128]",False,emergency,0.734375,True,ok,903,56,632,1768,"[60, -60, -128]",e43cc3f7b7f7e2413bdc35765bca5d45473b5b1b63fdee1a0a28d3e9de0d2ab8,user_study_cdc_sd_rt1s_c32_dual_core_v1,/Users/zilongzeng/Documents/data/Weiqian/results.csv,0.23483403492718935,1.530708046630025,0.642125029116869,2.416791976429522
603,Weiqian,movement,go,57,intent_directory,/Users/zilongzeng/Documents/data/Weiqian/movement/go/57.wav,Weiqian/movement/go/57.wav,emergency,0.9765625,0.9765625,0.015625,0.0078125,"[122, -124, -126]",False,emergency,0.976562,True,ok,921,56,632,1787,"[122, -124, -126]",e43cc3f7b7f7e2413bdc35765bca5d45473b5b1b63fdee1a0a28d3e9de0d2ab8,user_study_cdc_sd_rt1s_c32_dual_core_v1,/Users/zilongzeng/Documents/data/Weiqian/results.csv,0.39737496990710497,1.311291940510273,0.6832079961895943,2.398874959908426
604,Weiqian,movement,go,58,intent_directory,/Users/zilongzeng/Documents/data/Weiqian/movement/go/58.wav,Weiqian/movement/go/58.wav,movement,0.99609375,0.00390625,0.99609375,0.0,"[-127, 127, -128]",True,movement,0.992188,True,ok,917,56,632,1782,"[-126, 126, -128]",e43cc3f7b7f7e2413bdc35765bca5d45473b5b1b63fdee1a0a28d3e9de0d2ab8,user_study_cdc_sd_rt1s_c32_dual_core_v1,/Users/zilongzeng/Documents/data/Weiqian/results.csv,0.22854201961308718,1.3485830277204514,0.7282090373337269,2.3117499658837914
605,Weiqian,movement,go,59,intent_directory,/Users/zilongzeng/Documents/data/Weiqian/movement/go/59.wav,Weiqian/movement/go/59.wav,emergency,0.55859375,0.55859375,0.3046875,0.13671875,"[15, -50, -93]",False,emergency,0.558594,True,ok,902,56,632,1766,"[15, -50, -93]",e43cc3f7b7f7e2413bdc35765bca5d45473b5b1b63fdee1a0a28d3e9de0d2ab8,user_study_cdc_sd_rt1s_c32_dual_core_v1,/Users/zilongzeng/Documents/data/Weiqian/results.csv,0.23258395958691835,1.3160000089555979,0.7205830188468099,2.27462500333786
606,Weiqian,movement,go,60,intent_directory,/Users/zilongzeng/Documents/data/Weiqian/movement/go/60.wav,Weiqian/movement/go/60.wav,emergency,0.6875,0.6875,0.25,0.0625,"[48, -64, -112]",False,emergency,0.687500,True,ok,929,56,632,1796,"[48, -64, -112]",e43cc3f7b7f7e2413bdc35765bca5d45473b5b1b63fdee1a0a28d3e9de0d2ab8,user_study_cdc_sd_rt1s_c32_dual_core_v1,/Users/zilongzeng/Documents/data/Weiqian/results.csv,0.21795800421386957,1.2662500375881791,0.714791938662529,2.205458004027605
607,Weiqian,movement,forward,61,intent_directory,/Users/zilongzeng/Documents/data/Weiqian/movement/forward/61.wav,Weiqian/movement/forward/61.wav,emergency,0.87109375,0.87109375,0.09375,0.03515625,"[95, -104, -119]",False,emergency,0.871094,True,ok,917,56,632,1843,"[95, -104, -119]",e43cc3f7b7f7e2413bdc35765bca5d45473b5b1b63fdee1a0a28d3e9de0d2ab8,user_study_cdc_sd_rt1s_c32_dual_core_v1,/Users/zilongzeng/Documents/data/Weiqian/results.csv,0.23129209876060486,1.2646660907194018,0.6600830238312483,2.161125070415437
608,Weiqian,movement,forward,62,intent_directory,/Users/zilongzeng/Documents/data/Weiqian/movement/forward/62.wav,Weiqian/movement/forward/62.wav,emergency,0.96484375,0.96484375,0.02734375,0.0078125,"[119, -121, -126]",False,emergency,0.976562,True,ok,913,56,632,1778,"[122, -124, -126]",e43cc3f7b7f7e2413bdc35765bca5d45473b5b1b63fdee1a0a28d3e9de0d2ab8,user_study_cdc_sd_rt1s_c32_dual_core_v1,/Users/zilongzeng/Documents/data/Weiqian/results.csv,0.2149590291082859,1.475666998885572,0.7470829878002405,2.4437910178676248
609,Weiqian,movement,forward,63,intent_directory,/Users/zilongzeng/Documents/data/Weiqian/movement/forward/63.wav,Weiqian/movement/forward/63.wav,emergency,0.80859375,0.80859375,0.1328125,0.05859375,"[79, -94, -113]",False,emergency,0.839844,True,ok,927,56,632,1793,"[87, -99, -115]",e43cc3f7b7f7e2413bdc35765bca5d45473b5b1b63fdee1a0a28d3e9de0d2ab8,user_study_cdc_sd_rt1s_c32_dual_core_v1,/Users/zilongzeng/Documents/data/Weiqian/results.csv,0.22729195188730955,1.482499996200204,0.7129160221666098,2.4277910124510527
610,Weiqian,movement,forward,64,intent_directory,/Users/zilongzeng/Documents/data/Weiqian/movement/forward/64.wav,Weiqian/movement/forward/64.wav,emergency,0.9921875,0.9921875,0.00390625,0.00390625,"[126, -127, -127]",False,emergency,0.996094,True,ok,915,56,632,1779,"[127, -128, -127]",e43cc3f7b7f7e2413bdc35765bca5d45473b5b1b63fdee1a0a28d3e9de0d2ab8,user_study_cdc_sd_rt1s_c32_dual_core_v1,/Users/zilongzeng/Documents/data/Weiqian/results.csv,0.19879196770489216,1.2384169967845082,0.6966659566387534,2.139416988939047
611,Weiqian,movement,forward,65,intent_directory,/Users/zilongzeng/Documents/data/Weiqian/movement/forward/65.wav,Weiqian/movement/forward/65.wav,emergency,0.921875,0.921875,0.0546875,0.0234375,"[108, -114, -122]",False,emergency,0.941406,True,ok,906,56,632,1771,"[113, -118, -123]",e43cc3f7b7f7e2413bdc35765bca5d45473b5b1b63fdee1a0a28d3e9de0d2ab8,user_study_cdc_sd_rt1s_c32_dual_core_v1,/Users/zilongzeng/Documents/data/Weiqian/results.csv,0.24999992456287146,1.1207079514861107,0.6790420738980174,2.0997500978410244
612,Weiqian,movement,forward,66,intent_directory,/Users/zilongzeng/Documents/data/Weiqian/movement/forward/66.wav,Weiqian/movement/forward/66.wav,movement,0.85546875,0.140625,0.85546875,0.00390625,"[-92, 91, -127]",True,movement,0.800781,True,ok,916,56,632,1781,"[-78, 77, -127]",e43cc3f7b7f7e2413bdc35765bca5d45473b5b1b63fdee1a0a28d3e9de0d2ab8,user_study_cdc_sd_rt1s_c32_dual_core_v1,/Users/zilongzeng/Documents/data/Weiqian/results.csv,0.3274170449003577,1.4440839877352118,0.7177080260589719,2.4971659295260906
613,Weiqian,movement,forward,67,intent_directory,/Users/zilongzeng/Documents/data/Weiqian/movement/forward/67.wav,Weiqian/movement/forward/67.wav,emergency,0.99609375,0.99609375,0.0,0.00390625,"[127, -128, -127]",False,emergency,0.992188,True,ok,923,56,632,1789,"[126, -128, -127]",e43cc3f7b7f7e2413bdc35765bca5d45473b5b1b63fdee1a0a28d3e9de0d2ab8,user_study_cdc_sd_rt1s_c32_dual_core_v1,/Users/zilongzeng/Documents/data/Weiqian/results.csv,0.2551659708842635,1.2817919487133622,0.7155840285122395,2.2592080058529973
614,Weiqian,movement,forward,68,intent_directory,/Users/zilongzeng/Documents/data/Weiqian/movement/forward/68.wav,Weiqian/movement/forward/68.wav,emergency,0.99609375,0.99609375,0.0,0.0,"[127, -128, -128]",False,emergency,0.996094,True,ok,902,56,632,1768,"[127, -128, -128]",e43cc3f7b7f7e2413bdc35765bca5d45473b5b1b63fdee1a0a28d3e9de0d2ab8,user_study_cdc_sd_rt1s_c32_dual_core_v1,/Users/zilongzeng/Documents/data/Weiqian/results.csv,0.22770906798541546,1.2162919156253338,0.6459580035880208,2.095040981657803
615,Weiqian,movement,forward,69,intent_directory,/Users/zilongzeng/Documents/data/Weiqian/movement/forward/69.wav,Weiqian/movement/forward/69.wav,emergency,0.96875,0.96875,0.02734375,0.00390625,"[120, -121, -127]",False,emergency,0.972656,True,ok,925,56,632,1790,"[121, -123, -127]",e43cc3f7b7f7e2413bdc35765bca5d45473b5b1b63fdee1a0a28d3e9de0d2ab8,user_study_cdc_sd_rt1s_c32_dual_core_v1,/Users/zilongzeng/Documents/data/Weiqian/results.csv,0.22741698194295168,1.1634170077741146,0.657249940559268,2.053083968348801
616,Weiqian,movement,forward,70,intent_directory,/Users/zilongzeng/Documents/data/Weiqian/movement/forward/70.wav,Weiqian/movement/forward/70.wav,emergency,0.87890625,0.87890625,0.0234375,0.09765625,"[97, -122, -103]",False,emergency,0.851562,True,ok,915,56,632,1781,"[90, -119, -99]",e43cc3f7b7f7e2413bdc35765bca5d45473b5b1b63fdee1a0a28d3e9de0d2ab8,user_study_cdc_sd_rt1s_c32_dual_core_v1,/Users/zilongzeng/Documents/data/Weiqian/results.csv,0.19179191440343857,1.496792072430253,0.7190419128164649,2.4160000029951334
617,Weiqian,movement,left,71,intent_directory,/Users/zilongzeng/Documents/data/Weiqian/movement/left/71.wav,Weiqian/movement/left/71.wav,emergency,0.828125,0.828125,0.109375,0.05859375,"[84, -100, -113]",False,emergency,0.878906,True,ok,910,56,632,1825,"[97, -108, -117]",e43cc3f7b7f7e2413bdc35765bca5d45473b5b1b63fdee1a0a28d3e9de0d2ab8,user_study_cdc_sd_rt1s_c32_dual_core_v1,/Users/zilongzeng/Documents/data/Weiqian/results.csv,0.2384160179644823,1.405916060321033,0.6920000305399299,2.3419170174747705
618,Weiqian,movement,left,72,intent_directory,/Users/zilongzeng/Documents/data/Weiqian/movement/left/72.wav,Weiqian/movement/left/72.wav,emergency,0.7109375,0.7109375,0.171875,0.1171875,"[54, -84, -98]",False,emergency,0.710938,True,ok,922,56,632,1787,"[54, -84, -98]",e43cc3f7b7f7e2413bdc35765bca5d45473b5b1b63fdee1a0a28d3e9de0d2ab8,user_study_cdc_sd_rt1s_c32_dual_core_v1,/Users/zilongzeng/Documents/data/Weiqian/results.csv,0.21895801182836294,1.3280409621074796,0.622207997366786,2.1778750233352184
619,Weiqian,movement,left,73,intent_directory,/Users/zilongzeng/Documents/data/Weiqian/movement/left/73.wav,Weiqian/movement/left/73.wav,emergency,0.98828125,0.98828125,0.01171875,0.0,"[125, -125, -128]",False,emergency,0.984375,True,ok,928,56,632,1793,"[124, -124, -127]",e43cc3f7b7f7e2413bdc35765bca5d45473b5b1b63fdee1a0a28d3e9de0d2ab8,user_study_cdc_sd_rt1s_c32_dual_core_v1,/Users/zilongzeng/Documents/data/Weiqian/results.csv,0.30754192266613245,1.2436250690370798,0.6219580536708236,2.182791940867901
620,Weiqian,movement,left,74,intent_directory,/Users/zilongzeng/Documents/data/Weiqian/movement/left/74.wav,Weiqian/movement/left/74.wav,movement,0.578125,0.38671875,0.578125,0.03515625,"[-29, 20, -119]",True,emergency,0.484375,False,ok,905,56,632,1770,"[-4, -4, -121]",e43cc3f7b7f7e2413bdc35765bca5d45473b5b1b63fdee1a0a28d3e9de0d2ab8,user_study_cdc_sd_rt1s_c32_dual_core_v1,/Users/zilongzeng/Documents/data/Weiqian/results.csv,0.21087494678795338,1.4597499975934625,0.7212089840322733,2.3995829978957772
621,Weiqian,movement,left,75,intent_directory,/Users/zilongzeng/Documents/data/Weiqian/movement/left/75.wav,Weiqian/movement/left/75.wav,emergency,0.71875,0.71875,0.21484375,0.0625,"[56, -73, -112]",False,emergency,0.718750,True,ok,927,56,632,1792,"[56, -73, -112]",e43cc3f7b7f7e2413bdc35765bca5d45473b5b1b63fdee1a0a28d3e9de0d2ab8,user_study_cdc_sd_rt1s_c32_dual_core_v1,/Users/zilongzeng/Documents/data/Weiqian/results.csv,0.2203340409323573,1.2359999818727374,0.7126659620553255,2.174624940380454
622,Weiqian,movement,left,76,intent_directory,/Users/zilongzeng/Documents/data/Weiqian/movement/left/76.wav,Weiqian/movement/left/76.wav,emergency,0.96484375,0.96484375,0.015625,0.015625,"[119, -124, -124]",False,emergency,0.972656,True,ok,919,56,632,1800,"[121, -124, -124]",e43cc3f7b7f7e2413bdc35765bca5d45473b5b1b63fdee1a0a28d3e9de0d2ab8,user_study_cdc_sd_rt1s_c32_dual_core_v1,/Users/zilongzeng/Documents/data/Weiqian/results.csv,0.07083301898092031,1.1227090144529939,0.6517500150948763,1.8501669401302934
623,Weiqian,movement,left,77,intent_directory,/Users/zilongzeng/Documents/data/Weiqian/movement/left/77.wav,Weiqian/movement/left/77.wav,emergency,0.80859375,0.80859375,0.1328125,0.05859375,"[79, -94, -113]",False,emergency,0.808594,True,ok,908,56,632,1773,"[79, -94, -113]",e43cc3f7b7f7e2413bdc35765bca5d45473b5b1b63fdee1a0a28d3e9de0d2ab8,user_study_cdc_sd_rt1s_c32_dual_core_v1,/Users/zilongzeng/Documents/data/Weiqian/results.csv,0.06379198748618364,1.2936670100316405,0.6217919290065765,1.9890839466825128
624,Weiqian,movement,left,78,intent_directory,/Users/zilongzeng/Documents/data/Weiqian/movement/left/78.wav,Weiqian/movement/left/78.wav,emergency,0.8828125,0.8828125,0.09765625,0.01953125,"[98, -103, -123]",False,emergency,0.835938,True,ok,925,56,632,1791,"[86, -93, -121]",e43cc3f7b7f7e2413bdc35765bca5d45473b5b1b63fdee1a0a28d3e9de0d2ab8,user_study_cdc_sd_rt1s_c32_dual_core_v1,/Users/zilongzeng/Documents/data/Weiqian/results.csv,0.18812494818121195,1.3658750103786588,0.7085420656949282,2.26945907343179
625,Weiqian,movement,left,79,intent_directory,/Users/zilongzeng/Documents/data/Weiqian/movement/left/79.wav,Weiqian/movement/left/79.wav,emergency,0.68359375,0.68359375,0.203125,0.11328125,"[47, -76, -99]",False,emergency,0.683594,True,ok,927,56,632,1808,"[47, -76, -99]",e43cc3f7b7f7e2413bdc35765bca5d45473b5b1b63fdee1a0a28d3e9de0d2ab8,user_study_cdc_sd_rt1s_c32_dual_core_v1,/Users/zilongzeng/Documents/data/Weiqian/results.csv,0.10437506716698408,1.3463330687955022,0.7004999788478017,2.157374983653426
626,Weiqian,movement,left,80,intent_directory,/Users/zilongzeng/Documents/data/Weiqian/movement/left/80.wav,Weiqian/movement/left/80.wav,emergency,0.9609375,0.9609375,0.03125,0.0078125,"[118, -120, -126]",False,emergency,0.964844,True,ok,913,56,632,1779,"[119, -121, -126]",e43cc3f7b7f7e2413bdc35765bca5d45473b5b1b63fdee1a0a28d3e9de0d2ab8,user_study_cdc_sd_rt1s_c32_dual_core_v1,/Users/zilongzeng/Documents/data/Weiqian/results.csv,0.08037500083446503,1.2365831062197685,0.6786250742152333,2.0482499385252595
627,Weiqian,movement,right,81,intent_directory,/Users/zilongzeng/Documents/data/Weiqian/movement/right/81.wav,Weiqian/movement/right/81.wav,movement,0.94140625,0.015625,0.94140625,0.046875,"[-124, 113, -116]",True,movement,0.941406,True,ok,926,56,632,1840,"[-124, 113, -116]",e43cc3f7b7f7e2413bdc35765bca5d45473b5b1b63fdee1a0a28d3e9de0d2ab8,user_study_cdc_sd_rt1s_c32_dual_core_v1,/Users/zilongzeng/Documents/data/Weiqian/results.csv,0.17891707830131054,1.3409160310402513,0.7218330865725875,2.248917007818818
628,Weiqian,movement,right,82,intent_directory,/Users/zilongzeng/Documents/data/Weiqian/movement/right/82.wav,Weiqian/movement/right/82.wav,movement,0.7265625,0.09765625,0.7265625,0.17578125,"[-103, 58, -83]",True,movement,0.726562,True,ok,921,56,632,1786,"[-103, 58, -83]",e43cc3f7b7f7e2413bdc35765bca5d45473b5b1b63fdee1a0a28d3e9de0d2ab8,user_study_cdc_sd_rt1s_c32_dual_core_v1,/Users/zilongzeng/Documents/data/Weiqian/results.csv,0.08329201955348253,1.3043329818174243,0.7225420558825135,2.115583047270775
629,Weiqian,movement,right,83,intent_directory,/Users/zilongzeng/Documents/data/Weiqian/movement/right/83.wav,Weiqian/movement/right/83.wav,emergency,0.73046875,0.73046875,0.265625,0.00390625,"[59, -60, -127]",False,emergency,0.730469,True,ok,910,56,632,1776,"[59, -60, -127]",e43cc3f7b7f7e2413bdc35765bca5d45473b5b1b63fdee1a0a28d3e9de0d2ab8,user_study_cdc_sd_rt1s_c32_dual_core_v1,/Users/zilongzeng/Documents/data/Weiqian/results.csv,0.06070802919566631,1.4078749809414148,0.6332090124487877,2.111000008881092
630,Weiqian,movement,right,84,intent_directory,/Users/zilongzeng/Documents/data/Weiqian/movement/right/84.wav,Weiqian/movement/right/84.wav,movement,0.99609375,0.0,0.99609375,0.0,"[-128, 127, -128]",True,movement,0.996094,True,ok,926,56,632,1792,"[-128, 127, -128]",e43cc3f7b7f7e2413bdc35765bca5d45473b5b1b63fdee1a0a28d3e9de0d2ab8,user_study_cdc_sd_rt1s_c32_dual_core_v1,/Users/zilongzeng/Documents/data/Weiqian/results.csv,0.2668329980224371,1.408332958817482,0.7230000337585807,2.4058750132098794
631,Weiqian,movement,right,85,intent_directory,/Users/zilongzeng/Documents/data/Weiqian/movement/right/85.wav,Weiqian/movement/right/85.wav,emergency,0.9765625,0.9765625,0.015625,0.0078125,"[122, -124, -126]",False,emergency,0.980469,True,ok,917,56,632,1782,"[123, -124, -127]",e43cc3f7b7f7e2413bdc35765bca5d45473b5b1b63fdee1a0a28d3e9de0d2ab8,user_study_cdc_sd_rt1s_c32_dual_core_v1,/Users/zilongzeng/Documents/data/Weiqian/results.csv,0.22079201880842447,1.3957079499959946,0.7016670424491167,2.324625034816563
632,Weiqian,movement,right,86,intent_directory,/Users/zilongzeng/Documents/data/Weiqian/movement/right/86.wav,Weiqian/movement/right/86.wav,emergency,0.99609375,0.99609375,0.0,0.0,"[127, -128, -128]",False,emergency,0.996094,True,ok,912,56,632,1778,"[127, -128, -128]",e43cc3f7b7f7e2413bdc35765bca5d45473b5b1b63fdee1a0a28d3e9de0d2ab8,user_study_cdc_sd_rt1s_c32_dual_core_v1,/Users/zilongzeng/Documents/data/Weiqian/results.csv,0.19741698633879423,1.4592499937862158,0.7240419508889318,2.3874579928815365
633,Weiqian,movement,right,87,intent_directory,/Users/zilongzeng/Documents/data/Weiqian/movement/right/87.wav,Weiqian/movement/right/87.wav,unknown,0.99609375,0.00390625,0.0,0.99609375,"[-127, -128, 127]",False,unknown,0.996094,True,ok,924,56,632,1788,"[-127, -128, 127]",e43cc3f7b7f7e2413bdc35765bca5d45473b5b1b63fdee1a0a28d3e9de0d2ab8,user_study_cdc_sd_rt1s_c32_dual_core_v1,/Users/zilongzeng/Documents/data/Weiqian/results.csv,0.25091704446822405,1.1913749622181058,0.7004999788478017,2.148207975551486
634,Weiqian,movement,right,88,intent_directory,/Users/zilongzeng/Documents/data/Weiqian/movement/right/88.wav,Weiqian/movement/right/88.wav,unknown,0.99609375,0.0,0.0,0.99609375,"[-128, -128, 127]",False,unknown,0.996094,True,ok,929,56,632,1794,"[-128, -128, 127]",e43cc3f7b7f7e2413bdc35765bca5d45473b5b1b63fdee1a0a28d3e9de0d2ab8,user_study_cdc_sd_rt1s_c32_dual_core_v1,/Users/zilongzeng/Documents/data/Weiqian/results.csv,0.06574997678399086,1.1902080150321126,0.694249989464879,1.955999992787838
635,Weiqian,movement,right,89,intent_directory,/Users/zilongzeng/Documents/data/Weiqian/movement/right/89.wav,Weiqian/movement/right/89.wav,emergency,0.60546875,0.60546875,0.33203125,0.06640625,"[27, -43, -111]",False,emergency,0.605469,True,ok,909,56,632,1775,"[27, -43, -111]",e43cc3f7b7f7e2413bdc35765bca5d45473b5b1b63fdee1a0a28d3e9de0d2ab8,user_study_cdc_sd_rt1s_c32_dual_core_v1,/Users/zilongzeng/Documents/data/Weiqian/results.csv,0.20958308596163988,1.349459053017199,0.7272500079125166,2.293374971486628
636,Weiqian,movement,right,90,intent_directory,/Users/zilongzeng/Documents/data/Weiqian/movement/right/90.wav,Weiqian/movement/right/90.wav,emergency,0.65234375,0.65234375,0.2890625,0.05859375,"[39, -54, -113]",False,emergency,0.562500,True,ok,927,56,632,1792,"[16, -32, -112]",e43cc3f7b7f7e2413bdc35765bca5d45473b5b1b63fdee1a0a28d3e9de0d2ab8,user_study_cdc_sd_rt1s_c32_dual_core_v1,/Users/zilongzeng/Documents/data/Weiqian/results.csv,0.2726670354604721,1.325500081293285,0.6744579877704382,2.279624924995005
637,Weiqian,movement,up,91,intent_directory,/Users/zilongzeng/Documents/data/Weiqian/movement/up/91.wav,Weiqian/movement/up/91.wav,movement,0.99609375,0.0,0.99609375,0.0,"[-128, 127, -128]",True,movement,0.996094,True,ok,926,56,632,1852,"[-128, 127, -128]",e43cc3f7b7f7e2413bdc35765bca5d45473b5b1b63fdee1a0a28d3e9de0d2ab8,user_study_cdc_sd_rt1s_c32_dual_core_v1,/Users/zilongzeng/Documents/data/Weiqian/results.csv,0.2069579204544425,1.1680000461637974,0.6789169274270535,2.05887493211776
638,Weiqian,movement,up,92,intent_directory,/Users/zilongzeng/Documents/data/Weiqian/movement/up/92.wav,Weiqian/movement/up/92.wav,movement,0.99609375,0.0,0.99609375,0.00390625,"[-128, 127, -127]",True,movement,0.996094,True,ok,902,56,632,1770,"[-128, 127, -127]",e43cc3f7b7f7e2413bdc35765bca5d45473b5b1b63fdee1a0a28d3e9de0d2ab8,user_study_cdc_sd_rt1s_c32_dual_core_v1,/Users/zilongzeng/Documents/data/Weiqian/results.csv,0.24554203264415264,1.36991695035249,0.7287920452654362,2.352209063246846
639,Weiqian,movement,up,93,intent_directory,/Users/zilongzeng/Documents/data/Weiqian/movement/up/93.wav,Weiqian/movement/up/93.wav,movement,0.99609375,0.0,0.99609375,0.0,"[-128, 127, -128]",True,movement,0.996094,True,ok,915,56,632,1779,"[-128, 127, -128]",e43cc3f7b7f7e2413bdc35765bca5d45473b5b1b63fdee1a0a28d3e9de0d2ab8,user_study_cdc_sd_rt1s_c32_dual_core_v1,/Users/zilongzeng/Documents/data/Weiqian/results.csv,0.1000409247353673,1.3699170667678118,0.6942910840734839,2.171166939660907
640,Weiqian,movement,up,94,intent_directory,/Users/zilongzeng/Documents/data/Weiqian/movement/up/94.wav,Weiqian/movement/up/94.wav,movement,0.99609375,0.0,0.99609375,0.0,"[-128, 127, -128]",True,movement,0.996094,True,ok,929,56,632,1795,"[-128, 127, -128]",e43cc3f7b7f7e2413bdc35765bca5d45473b5b1b63fdee1a0a28d3e9de0d2ab8,user_study_cdc_sd_rt1s_c32_dual_core_v1,/Users/zilongzeng/Documents/data/Weiqian/results.csv,0.08000002708286047,1.2801670236513019,0.7114999461919069,2.0772500429302454
641,Weiqian,movement,up,95,intent_directory,/Users/zilongzeng/Documents/data/Weiqian/movement/up/95.wav,Weiqian/movement/up/95.wav,movement,0.76953125,0.1015625,0.76953125,0.125,"[-102, 69, -96]",True,movement,0.753906,True,ok,914,56,632,1793,"[-96, 65, -96]",e43cc3f7b7f7e2413bdc35765bca5d45473b5b1b63fdee1a0a28d3e9de0d2ab8,user_study_cdc_sd_rt1s_c32_dual_core_v1,/Users/zilongzeng/Documents/data/Weiqian/results.csv,0.06379198748618364,1.169124967418611,0.6549169775098562,1.892915926873684
642,Weiqian,movement,up,96,intent_directory,/Users/zilongzeng/Documents/data/Weiqian/movement/up/96.wav,Weiqian/movement/up/96.wav,emergency,0.86328125,0.86328125,0.11328125,0.0234375,"[93, -99, -122]",False,emergency,0.839844,True,ok,923,56,632,1789,"[87, -93, -122]",e43cc3f7b7f7e2413bdc35765bca5d45473b5b1b63fdee1a0a28d3e9de0d2ab8,user_study_cdc_sd_rt1s_c32_dual_core_v1,/Users/zilongzeng/Documents/data/Weiqian/results.csv,0.060542020946741104,1.1866249842569232,0.7186670554801822,1.9722080323845148
643,Weiqian,movement,up,97,intent_directory,/Users/zilongzeng/Documents/data/Weiqian/movement/up/97.wav,Weiqian/movement/up/97.wav,emergency,0.71875,0.71875,0.21484375,0.0625,"[56, -73, -112]",False,emergency,0.765625,True,ok,923,56,632,1789,"[68, -80, -116]",e43cc3f7b7f7e2413bdc35765bca5d45473b5b1b63fdee1a0a28d3e9de0d2ab8,user_study_cdc_sd_rt1s_c32_dual_core_v1,/Users/zilongzeng/Documents/data/Weiqian/results.csv,0.08858402725309134,1.3264169683679938,0.6974170682951808,2.117207972332835
644,Weiqian,movement,up,98,intent_directory,/Users/zilongzeng/Documents/data/Weiqian/movement/up/98.wav,Weiqian/movement/up/98.wav,emergency,0.890625,0.890625,0.078125,0.02734375,"[100, -108, -121]",False,emergency,0.890625,True,ok,905,56,632,1770,"[100, -108, -121]",e43cc3f7b7f7e2413bdc35765bca5d45473b5b1b63fdee1a0a28d3e9de0d2ab8,user_study_cdc_sd_rt1s_c32_dual_core_v1,/Users/zilongzeng/Documents/data/Weiqian/results.csv,0.14266697689890862,1.309207989834249,0.710124964825809,2.1676250034943223
645,Weiqian,movement,up,99,intent_directory,/Users/zilongzeng/Documents/data/Weiqian/movement/up/99.wav,Weiqian/movement/up/99.wav,emergency,0.93359375,0.93359375,0.046875,0.01953125,"[111, -116, -123]",False,emergency,0.937500,True,ok,915,56,632,1782,"[112, -116, -124]",e43cc3f7b7f7e2413bdc35765bca5d45473b5b1b63fdee1a0a28d3e9de0d2ab8,user_study_cdc_sd_rt1s_c32_dual_core_v1,/Users/zilongzeng/Documents/data/Weiqian/results.csv,0.24524994660168886,1.1912910267710686,0.6484589539468288,2.08995898719877
646,Weiqian,movement,up,100,intent_directory,/Users/zilongzeng/Documents/data/Weiqian/movement/up/100.wav,Weiqian/movement/up/100.wav,emergency,0.97265625,0.97265625,0.01953125,0.0078125,"[121, -123, -126]",False,emergency,0.972656,True,ok,924,56,632,1790,"[121, -123, -126]",e43cc3f7b7f7e2413bdc35765bca5d45473b5b1b63fdee1a0a28d3e9de0d2ab8,user_study_cdc_sd_rt1s_c32_dual_core_v1,/Users/zilongzeng/Documents/data/Weiqian/results.csv,0.19420904573053122,1.3852919219061732,0.7263330044224858,2.3125000298023224
647,Weiqian,unknown,bed,101,intent_directory,/Users/zilongzeng/Documents/data/Weiqian/unknown/bed/101.wav,Weiqian/unknown/bed/101.wav,emergency,0.921875,0.921875,0.0546875,0.0234375,"[108, -114, -122]",False,emergency,0.933594,True,ok,905,56,632,1865,"[111, -116, -123]",e43cc3f7b7f7e2413bdc35765bca5d45473b5b1b63fdee1a0a28d3e9de0d2ab8,user_study_cdc_sd_rt1s_c32_dual_core_v1,/Users/zilongzeng/Documents/data/Weiqian/results.csv,0.1258340198546648,1.3842079788446426,0.7215419318526983,2.2374159889295697
648,Weiqian,unknown,bed,102,intent_directory,/Users/zilongzeng/Documents/data/Weiqian/unknown/bed/102.wav,Weiqian/unknown/bed/102.wav,emergency,0.87890625,0.87890625,0.1171875,0.00390625,"[97, -98, -127]",False,emergency,0.855469,True,ok,927,56,632,1794,"[91, -92, -126]",e43cc3f7b7f7e2413bdc35765bca5d45473b5b1b63fdee1a0a28d3e9de0d2ab8,user_study_cdc_sd_rt1s_c32_dual_core_v1,/Users/zilongzeng/Documents/data/Weiqian/results.csv,0.24133396800607443,1.4466670108959079,0.6316669750958681,2.3285410134121776
649,Weiqian,unknown,bed,103,intent_directory,/Users/zilongzeng/Documents/data/Weiqian/unknown/bed/103.wav,Weiqian/unknown/bed/103.wav,emergency,0.99609375,0.99609375,0.0,0.0,"[127, -128, -128]",False,emergency,0.996094,True,ok,922,56,632,1787,"[127, -128, -128]",e43cc3f7b7f7e2413bdc35765bca5d45473b5b1b63fdee1a0a28d3e9de0d2ab8,user_study_cdc_sd_rt1s_c32_dual_core_v1,/Users/zilongzeng/Documents/data/Weiqian/results.csv,0.4841670161113143,1.2356250081211329,0.7673330837860703,2.502125105820596
650,Weiqian,unknown,bed,104,intent_directory,/Users/zilongzeng/Documents/data/Weiqian/unknown/bed/104.wav,Weiqian/unknown/bed/104.wav,movement,0.93359375,0.06640625,0.93359375,0.0,"[-111, 111, -128]",False,movement,0.945312,True,ok,908,56,632,1787,"[-114, 114, -128]",e43cc3f7b7f7e2413bdc35765bca5d45473b5b1b63fdee1a0a28d3e9de0d2ab8,user_study_cdc_sd_rt1s_c32_dual_core_v1,/Users/zilongzeng/Documents/data/Weiqian/results.csv,0.2935410011559725,1.3715419918298721,0.7125419797375798,2.3867079289630055
651,Weiqian,unknown,bed,105,intent_directory,/Users/zilongzeng/Documents/data/Weiqian/unknown/bed/105.wav,Weiqian/unknown/bed/105.wav,emergency,0.64453125,0.64453125,0.3515625,0.00390625,"[37, -38, -127]",False,emergency,0.687500,True,ok,928,56,632,1796,"[48, -49, -127]",e43cc3f7b7f7e2413bdc35765bca5d45473b5b1b63fdee1a0a28d3e9de0d2ab8,user_study_cdc_sd_rt1s_c32_dual_core_v1,/Users/zilongzeng/Documents/data/Weiqian/results.csv,0.2585829934105277,1.3008329551666975,0.679749995470047,2.2446250077337027
652,Weiqian,unknown,bed,106,intent_directory,/Users/zilongzeng/Documents/data/Weiqian/unknown/bed/106.wav,Weiqian/unknown/bed/106.wav,unknown,0.99609375,0.0,0.0,0.99609375,"[-128, -128, 127]",True,unknown,0.996094,True,ok,928,56,632,1795,"[-128, -128, 127]",e43cc3f7b7f7e2413bdc35765bca5d45473b5b1b63fdee1a0a28d3e9de0d2ab8,user_study_cdc_sd_rt1s_c32_dual_core_v1,/Users/zilongzeng/Documents/data/Weiqian/results.csv,0.22362498566508293,1.1618750868365169,0.6623329827561975,2.052791998721659
653,Weiqian,unknown,bed,107,intent_directory,/Users/zilongzeng/Documents/data/Weiqian/unknown/bed/107.wav,Weiqian/unknown/bed/107.wav,emergency,0.9609375,0.9609375,0.02734375,0.015625,"[118, -121, -124]",False,emergency,0.960938,True,ok,912,56,632,1779,"[118, -121, -124]",e43cc3f7b7f7e2413bdc35765bca5d45473b5b1b63fdee1a0a28d3e9de0d2ab8,user_study_cdc_sd_rt1s_c32_dual_core_v1,/Users/zilongzeng/Documents/data/Weiqian/results.csv,0.2651249524205923,1.1750420089811087,0.7153749465942383,2.1631669951602817
654,Weiqian,unknown,bed,108,intent_directory,/Users/zilongzeng/Documents/data/Weiqian/unknown/bed/108.wav,Weiqian/unknown/bed/108.wav,movement,0.99609375,0.0,0.99609375,0.0,"[-128, 127, -128]",False,movement,0.996094,True,ok,929,56,632,1795,"[-128, 127, -128]",e43cc3f7b7f7e2413bdc35765bca5d45473b5b1b63fdee1a0a28d3e9de0d2ab8,user_study_cdc_sd_rt1s_c32_dual_core_v1,/Users/zilongzeng/Documents/data/Weiqian/results.csv,0.09941705502569675,1.3368750223889947,0.7125419797375798,2.1548749646171927
655,Weiqian,unknown,bed,109,intent_directory,/Users/zilongzeng/Documents/data/Weiqian/unknown/bed/109.wav,Weiqian/unknown/bed/109.wav,movement,0.98046875,0.0,0.98046875,0.01953125,"[-128, 123, -123]",False,movement,0.980469,True,ok,919,56,632,1786,"[-128, 123, -123]",e43cc3f7b7f7e2413bdc35765bca5d45473b5b1b63fdee1a0a28d3e9de0d2ab8,user_study_cdc_sd_rt1s_c32_dual_core_v1,/Users/zilongzeng/Documents/data/Weiqian/results.csv,0.07537496276199818,1.3475409941747785,0.7123749237507582,2.1408749744296074
656,Weiqian,unknown,bed,110,intent_directory,/Users/zilongzeng/Documents/data/Weiqian/unknown/bed/110.wav,Weiqian/unknown/bed/110.wav,movement,0.6953125,0.25390625,0.6953125,0.05078125,"[-63, 50, -115]",False,movement,0.644531,True,ok,904,56,632,1771,"[-54, 37, -110]",e43cc3f7b7f7e2413bdc35765bca5d45473b5b1b63fdee1a0a28d3e9de0d2ab8,user_study_cdc_sd_rt1s_c32_dual_core_v1,/Users/zilongzeng/Documents/data/Weiqian/results.csv,0.20854210015386343,1.1912919580936432,0.6572089623659849,2.0618749549612403
657,Weiqian,unknown,bird,111,intent_directory,/Users/zilongzeng/Documents/data/Weiqian/unknown/bird/111.wav,Weiqian/unknown/bird/111.wav,emergency,0.9140625,0.9140625,0.0546875,0.03125,"[106, -114, -120]",False,emergency,0.914062,True,ok,924,56,632,1840,"[106, -114, -120]",e43cc3f7b7f7e2413bdc35765bca5d45473b5b1b63fdee1a0a28d3e9de0d2ab8,user_study_cdc_sd_rt1s_c32_dual_core_v1,/Users/zilongzeng/Documents/data/Weiqian/results.csv,0.21841702982783318,1.4087919844314456,0.7229999173432589,2.3570420453324914
658,Weiqian,unknown,bird,112,intent_directory,/Users/zilongzeng/Documents/data/Weiqian/unknown/bird/112.wav,Weiqian/unknown/bird/112.wav,emergency,0.99609375,0.99609375,0.00390625,0.0,"[127, -127, -128]",False,emergency,0.996094,True,ok,921,56,632,1786,"[127, -127, -128]",e43cc3f7b7f7e2413bdc35765bca5d45473b5b1b63fdee1a0a28d3e9de0d2ab8,user_study_cdc_sd_rt1s_c32_dual_core_v1,/Users/zilongzeng/Documents/data/Weiqian/results.csv,0.09204202797263861,1.4202919555827975,0.7391659310087562,2.2602909011766315
659,Weiqian,unknown,bird,113,intent_directory,/Users/zilongzeng/Documents/data/Weiqian/unknown/bird/113.wav,Weiqian/unknown/bird/113.wav,movement,0.99609375,0.0,0.99609375,0.0,"[-128, 127, -128]",False,movement,0.996094,True,ok,909,56,632,1776,"[-128, 127, -128]",e43cc3f7b7f7e2413bdc35765bca5d45473b5b1b63fdee1a0a28d3e9de0d2ab8,user_study_cdc_sd_rt1s_c32_dual_core_v1,/Users/zilongzeng/Documents/data/Weiqian/results.csv,0.1602920237928629,1.3713330263271928,0.6559169851243496,2.1923339227214456
660,Weiqian,unknown,bird,114,intent_directory,/Users/zilongzeng/Documents/data/Weiqian/unknown/bird/114.wav,Weiqian/unknown/bird/114.wav,emergency,0.98828125,0.98828125,0.0078125,0.0,"[125, -126, -128]",False,emergency,0.988281,True,ok,928,56,632,1793,"[125, -126, -128]",e43cc3f7b7f7e2413bdc35765bca5d45473b5b1b63fdee1a0a28d3e9de0d2ab8,user_study_cdc_sd_rt1s_c32_dual_core_v1,/Users/zilongzeng/Documents/data/Weiqian/results.csv,0.21429103799164295,1.221999991685152,0.6596250459551811,2.1007920149713755
661,Weiqian,unknown,bird,115,intent_directory,/Users/zilongzeng/Documents/data/Weiqian/unknown/bird/115.wav,Weiqian/unknown/bird/115.wav,unknown,0.8828125,0.0,0.1171875,0.8828125,"[-128, -98, 98]",True,unknown,0.550781,True,ok,926,56,632,1791,"[-128, -13, 13]",e43cc3f7b7f7e2413bdc35765bca5d45473b5b1b63fdee1a0a28d3e9de0d2ab8,user_study_cdc_sd_rt1s_c32_dual_core_v1,/Users/zilongzeng/Documents/data/Weiqian/results.csv,0.06387499161064625,1.4699590392410755,0.714082969352603,2.2546249674633145
662,Weiqian,unknown,bird,116,intent_directory,/Users/zilongzeng/Documents/data/Weiqian/unknown/bird/116.wav,Weiqian/unknown/bird/116.wav,movement,0.6328125,0.01953125,0.6328125,0.34765625,"[-123, 34, -39]",False,movement,0.683594,True,ok,903,56,632,1769,"[-125, 47, -50]",e43cc3f7b7f7e2413bdc35765bca5d45473b5b1b63fdee1a0a28d3e9de0d2ab8,user_study_cdc_sd_rt1s_c32_dual_core_v1,/Users/zilongzeng/Documents/data/Weiqian/results.csv,0.08825003169476986,1.359415939077735,0.7080419454723597,2.161417040042579
663,Weiqian,unknown,bird,117,intent_directory,/Users/zilongzeng/Documents/data/Weiqian/unknown/bird/117.wav,Weiqian/unknown/bird/117.wav,emergency,0.65234375,0.65234375,0.23828125,0.10546875,"[39, -67, -101]",False,emergency,0.726562,True,ok,916,56,632,1781,"[58, -83, -103]",e43cc3f7b7f7e2413bdc35765bca5d45473b5b1b63fdee1a0a28d3e9de0d2ab8,user_study_cdc_sd_rt1s_c32_dual_core_v1,/Users/zilongzeng/Documents/data/Weiqian/results.csv,0.09091699030250311,1.187916030175984,0.6566249066963792,1.9402080215513706
664,Weiqian,unknown,bird,118,intent_directory,/Users/zilongzeng/Documents/data/Weiqian/unknown/bird/118.wav,Weiqian/unknown/bird/118.wav,emergency,0.51171875,0.51171875,0.41796875,0.0703125,"[3, -21, -110]",False,emergency,0.460938,True,ok,916,56,632,1781,"[-10, -10, -109]",e43cc3f7b7f7e2413bdc35765bca5d45473b5b1b63fdee1a0a28d3e9de0d2ab8,user_study_cdc_sd_rt1s_c32_dual_core_v1,/Users/zilongzeng/Documents/data/Weiqian/results.csv,0.05433405749499798,1.1232499964535236,0.6562919588759542,1.8385830335319042
665,Weiqian,unknown,bird,119,intent_directory,/Users/zilongzeng/Documents/data/Weiqian/unknown/bird/119.wav,Weiqian/unknown/bird/119.wav,emergency,0.9375,0.9375,0.03125,0.03125,"[112, -120, -120]",False,emergency,0.949219,True,ok,903,56,632,1782,"[115, -122, -122]",e43cc3f7b7f7e2413bdc35765bca5d45473b5b1b63fdee1a0a28d3e9de0d2ab8,user_study_cdc_sd_rt1s_c32_dual_core_v1,/Users/zilongzeng/Documents/data/Weiqian/results.csv,0.0742500415071845,1.3761669397354126,0.7092920131981373,2.1663750521838665
666,Weiqian,unknown,bird,120,intent_directory,/Users/zilongzeng/Documents/data/Weiqian/unknown/bird/120.wav,Weiqian/unknown/bird/120.wav,emergency,0.921875,0.921875,0.0546875,0.0234375,"[108, -114, -122]",False,emergency,0.933594,True,ok,929,56,632,1794,"[111, -116, -123]",e43cc3f7b7f7e2413bdc35765bca5d45473b5b1b63fdee1a0a28d3e9de0d2ab8,user_study_cdc_sd_rt1s_c32_dual_core_v1,/Users/zilongzeng/Documents/data/Weiqian/results.csv,0.0963329803198576,1.4750419650226831,0.6748749874532223,2.2557920310646296
667,Weiqian,unknown,cat,121,intent_directory,/Users/zilongzeng/Documents/data/Weiqian/unknown/cat/121.wav,Weiqian/unknown/cat/121.wav,emergency,0.83203125,0.83203125,0.13671875,0.03125,"[85, -93, -120]",False,emergency,0.792969,True,ok,921,56,632,1838,"[75, -87, -116]",e43cc3f7b7f7e2413bdc35765bca5d45473b5b1b63fdee1a0a28d3e9de0d2ab8,user_study_cdc_sd_rt1s_c32_dual_core_v1,/Users/zilongzeng/Documents/data/Weiqian/results.csv,0.07854204159229994,1.2315419735386968,0.6604579975828528,1.97554100304842
668,Weiqian,unknown,cat,122,intent_directory,/Users/zilongzeng/Documents/data/Weiqian/unknown/cat/122.wav,Weiqian/unknown/cat/122.wav,emergency,0.875,0.875,0.1171875,0.01171875,"[96, -98, -125]",False,emergency,0.910156,True,ok,914,56,632,1779,"[105, -107, -126]",e43cc3f7b7f7e2413bdc35765bca5d45473b5b1b63fdee1a0a28d3e9de0d2ab8,user_study_cdc_sd_rt1s_c32_dual_core_v1,/Users/zilongzeng/Documents/data/Weiqian/results.csv,0.05820801015943289,1.119165914133191,0.6613329751417041,1.8440840067341924
669,Weiqian,unknown,cat,123,intent_directory,/Users/zilongzeng/Documents/data/Weiqian/unknown/cat/123.wav,Weiqian/unknown/cat/123.wav,movement,0.99609375,0.0,0.99609375,0.0,"[-128, 127, -128]",False,movement,0.996094,True,ok,928,56,632,1794,"[-128, 127, -128]",e43cc3f7b7f7e2413bdc35765bca5d45473b5b1b63fdee1a0a28d3e9de0d2ab8,user_study_cdc_sd_rt1s_c32_dual_core_v1,/Users/zilongzeng/Documents/data/Weiqian/results.csv,0.06441690493375063,1.3765000039711595,0.7216250523924828,2.1696669282391667
670,Weiqian,unknown,cat,124,intent_directory,/Users/zilongzeng/Documents/data/Weiqian/unknown/cat/124.wav,Weiqian/unknown/cat/124.wav,movement,0.99609375,0.0,0.99609375,0.0,"[-128, 127, -128]",False,movement,0.996094,True,ok,921,56,632,1786,"[-128, 127, -128]",e43cc3f7b7f7e2413bdc35765bca5d45473b5b1b63fdee1a0a28d3e9de0d2ab8,user_study_cdc_sd_rt1s_c32_dual_core_v1,/Users/zilongzeng/Documents/data/Weiqian/results.csv,0.16479205805808306,1.3951669679954648,0.7171670440584421,2.2832080721855164
671,Weiqian,unknown,cat,125,intent_directory,/Users/zilongzeng/Documents/data/Weiqian/unknown/cat/125.wav,Weiqian/unknown/cat/125.wav,unknown,0.99609375,0.0,0.0,0.99609375,"[-128, -128, 127]",True,unknown,0.996094,True,ok,906,56,632,1771,"[-128, -128, 127]",e43cc3f7b7f7e2413bdc35765bca5d45473b5b1b63fdee1a0a28d3e9de0d2ab8,user_study_cdc_sd_rt1s_c32_dual_core_v1,/Users/zilongzeng/Documents/data/Weiqian/results.csv,0.30691700521856546,1.404082984663546,0.6453340174630284,2.361334045417607
672,Weiqian,unknown,cat,126,intent_directory,/Users/zilongzeng/Documents/data/Weiqian/unknown/cat/126.wav,Weiqian/unknown/cat/126.wav,emergency,0.64453125,0.64453125,0.00390625,0.3515625,"[37, -127, -38]",False,emergency,0.496094,True,ok,926,56,632,1808,"[-1, -127, -1]",e43cc3f7b7f7e2413bdc35765bca5d45473b5b1b63fdee1a0a28d3e9de0d2ab8,user_study_cdc_sd_rt1s_c32_dual_core_v1,/Users/zilongzeng/Documents/data/Weiqian/results.csv,0.19599997904151678,1.1632090900093317,0.7085830438882113,2.0982089918106794
673,Weiqian,unknown,cat,127,intent_directory,/Users/zilongzeng/Documents/data/Weiqian/unknown/cat/127.wav,Weiqian/unknown/cat/127.wav,emergency,0.5859375,0.5859375,0.3203125,0.09375,"[22, -46, -104]",False,emergency,0.585938,True,ok,920,56,632,1785,"[22, -46, -104]",e43cc3f7b7f7e2413bdc35765bca5d45473b5b1b63fdee1a0a28d3e9de0d2ab8,user_study_cdc_sd_rt1s_c32_dual_core_v1,/Users/zilongzeng/Documents/data/Weiqian/results.csv,0.3457500133663416,1.403665984980762,0.7203330751508474,2.4772920878604054
674,Weiqian,unknown,cat,128,intent_directory,/Users/zilongzeng/Documents/data/Weiqian/unknown/cat/128.wav,Weiqian/unknown/cat/128.wav,emergency,0.80859375,0.80859375,0.1328125,0.05859375,"[79, -94, -113]",False,emergency,0.808594,True,ok,912,56,632,1776,"[79, -94, -113]",e43cc3f7b7f7e2413bdc35765bca5d45473b5b1b63fdee1a0a28d3e9de0d2ab8,user_study_cdc_sd_rt1s_c32_dual_core_v1,/Users/zilongzeng/Documents/data/Weiqian/results.csv,0.09237497579306364,1.2932500103488564,0.6934590637683868,2.084875013679266
675,Weiqian,unknown,cat,129,intent_directory,/Users/zilongzeng/Documents/data/Weiqian/unknown/cat/129.wav,Weiqian/unknown/cat/129.wav,unknown,0.95703125,0.02734375,0.015625,0.95703125,"[-121, -124, 117]",True,unknown,0.906250,True,ok,927,56,632,1793,"[-111, -120, 104]",e43cc3f7b7f7e2413bdc35765bca5d45473b5b1b63fdee1a0a28d3e9de0d2ab8,user_study_cdc_sd_rt1s_c32_dual_core_v1,/Users/zilongzeng/Documents/data/Weiqian/results.csv,0.06437499541789293,1.1165000032633543,0.6874590180814266,1.8730000592768192
676,Weiqian,unknown,cat,130,intent_directory,/Users/zilongzeng/Documents/data/Weiqian/unknown/cat/130.wav,Weiqian/unknown/cat/130.wav,emergency,0.94921875,0.94921875,0.03125,0.01953125,"[115, -120, -123]",False,emergency,0.937500,True,ok,928,56,632,1794,"[112, -118, -122]",e43cc3f7b7f7e2413bdc35765bca5d45473b5b1b63fdee1a0a28d3e9de0d2ab8,user_study_cdc_sd_rt1s_c32_dual_core_v1,/Users/zilongzeng/Documents/data/Weiqian/results.csv,0.05416700150817633,1.1476249201223254,0.6756670773029327,1.9127499544993043
677,Weiqian,unknown,dog,131,intent_directory,/Users/zilongzeng/Documents/data/Weiqian/unknown/dog/131.wav,Weiqian/unknown/dog/131.wav,movement,0.99609375,0.0,0.99609375,0.0,"[-128, 127, -128]",False,movement,0.996094,True,ok,902,56,632,1815,"[-128, 127, -128]",e43cc3f7b7f7e2413bdc35765bca5d45473b5b1b63fdee1a0a28d3e9de0d2ab8,user_study_cdc_sd_rt1s_c32_dual_core_v1,/Users/zilongzeng/Documents/data/Weiqian/results.csv,0.1623749267309904,1.5878750709816813,0.6025839829817414,2.360709011554718
678,Weiqian,unknown,dog,132,intent_directory,/Users/zilongzeng/Documents/data/Weiqian/unknown/dog/132.wav,Weiqian/unknown/dog/132.wav,movement,0.99609375,0.0,0.99609375,0.0,"[-128, 127, -128]",False,movement,0.996094,True,ok,926,56,632,1792,"[-128, 127, -128]",e43cc3f7b7f7e2413bdc35765bca5d45473b5b1b63fdee1a0a28d3e9de0d2ab8,user_study_cdc_sd_rt1s_c32_dual_core_v1,/Users/zilongzeng/Documents/data/Weiqian/results.csv,0.09887502528727055,1.3906669337302446,0.6821670103818178,2.179207978770137
679,Weiqian,unknown,dog,133,intent_directory,/Users/zilongzeng/Documents/data/Weiqian/unknown/dog/133.wav,Weiqian/unknown/dog/133.wav,movement,0.99609375,0.0,0.99609375,0.0,"[-128, 127, -128]",False,movement,0.996094,True,ok,922,56,632,1787,"[-128, 127, -128]",e43cc3f7b7f7e2413bdc35765bca5d45473b5b1b63fdee1a0a28d3e9de0d2ab8,user_study_cdc_sd_rt1s_c32_dual_core_v1,/Users/zilongzeng/Documents/data/Weiqian/results.csv,0.09866699110716581,1.2004169402644038,0.75216602999717,2.061624894849956
680,Weiqian,unknown,dog,134,intent_directory,/Users/zilongzeng/Documents/data/Weiqian/unknown/dog/134.wav,Weiqian/unknown/dog/134.wav,emergency,0.87890625,0.87890625,0.1171875,0.00390625,"[97, -98, -127]",False,emergency,0.859375,True,ok,902,56,632,1766,"[92, -92, -127]",e43cc3f7b7f7e2413bdc35765bca5d45473b5b1b63fdee1a0a28d3e9de0d2ab8,user_study_cdc_sd_rt1s_c32_dual_core_v1,/Users/zilongzeng/Documents/data/Weiqian/results.csv,0.18154201097786427,1.5445000026375055,0.6351249758154154,2.3707919754087925
681,Weiqian,unknown,dog,135,intent_directory,/Users/zilongzeng/Documents/data/Weiqian/unknown/dog/135.wav,Weiqian/unknown/dog/135.wav,emergency,0.58984375,0.58984375,0.39453125,0.01171875,"[23, -27, -125]",False,emergency,0.726562,True,ok,922,56,632,1789,"[58, -60, -125]",e43cc3f7b7f7e2413bdc35765bca5d45473b5b1b63fdee1a0a28d3e9de0d2ab8,user_study_cdc_sd_rt1s_c32_dual_core_v1,/Users/zilongzeng/Documents/data/Weiqian/results.csv,0.31645805574953556,1.2926250929012895,0.7204998983070254,2.3382079089060426
682,Weiqian,unknown,dog,136,intent_directory,/Users/zilongzeng/Documents/data/Weiqian/unknown/dog/136.wav,Weiqian/unknown/dog/136.wav,movement,0.49609375,0.40625,0.49609375,0.09765625,"[-24, -1, -103]",False,movement,0.496094,True,ok,917,56,632,1783,"[-24, -1, -103]",e43cc3f7b7f7e2413bdc35765bca5d45473b5b1b63fdee1a0a28d3e9de0d2ab8,user_study_cdc_sd_rt1s_c32_dual_core_v1,/Users/zilongzeng/Documents/data/Weiqian/results.csv,0.09454099927097559,1.3195000356063247,0.6768329767510295,2.096334006637335
683,Weiqian,unknown,dog,137,intent_directory,/Users/zilongzeng/Documents/data/Weiqian/unknown/dog/137.wav,Weiqian/unknown/dog/137.wav,emergency,0.859375,0.859375,0.11328125,0.02734375,"[92, -99, -121]",False,emergency,0.800781,True,ok,905,56,632,1770,"[77, -87, -118]",e43cc3f7b7f7e2413bdc35765bca5d45473b5b1b63fdee1a0a28d3e9de0d2ab8,user_study_cdc_sd_rt1s_c32_dual_core_v1,/Users/zilongzeng/Documents/data/Weiqian/results.csv,0.06550003308802843,1.2029579374939203,0.6583749782294035,1.931792008690536
684,Weiqian,unknown,dog,138,intent_directory,/Users/zilongzeng/Documents/data/Weiqian/unknown/dog/138.wav,Weiqian/unknown/dog/138.wav,emergency,0.9375,0.9375,0.046875,0.015625,"[112, -116, -124]",False,emergency,0.921875,True,ok,918,56,632,1784,"[108, -114, -122]",e43cc3f7b7f7e2413bdc35765bca5d45473b5b1b63fdee1a0a28d3e9de0d2ab8,user_study_cdc_sd_rt1s_c32_dual_core_v1,/Users/zilongzeng/Documents/data/Weiqian/results.csv,0.049875001423060894,1.2799170799553394,0.7194579811766744,2.0564169390127063
685,Weiqian,unknown,dog,139,intent_directory,/Users/zilongzeng/Documents/data/Weiqian/unknown/dog/139.wav,Weiqian/unknown/dog/139.wav,emergency,0.78515625,0.78515625,0.15625,0.05859375,"[73, -88, -113]",False,emergency,0.785156,True,ok,918,56,632,1784,"[73, -88, -113]",e43cc3f7b7f7e2413bdc35765bca5d45473b5b1b63fdee1a0a28d3e9de0d2ab8,user_study_cdc_sd_rt1s_c32_dual_core_v1,/Users/zilongzeng/Documents/data/Weiqian/results.csv,0.10245805606245995,1.4025830896571279,0.7258750265464187,2.238500048406422
686,Weiqian,unknown,dog,140,intent_directory,/Users/zilongzeng/Documents/data/Weiqian/unknown/dog/140.wav,Weiqian/unknown/dog/140.wav,emergency,0.9140625,0.9140625,0.0546875,0.03125,"[106, -114, -120]",False,emergency,0.929688,True,ok,908,56,632,1772,"[110, -116, -122]",e43cc3f7b7f7e2413bdc35765bca5d45473b5b1b63fdee1a0a28d3e9de0d2ab8,user_study_cdc_sd_rt1s_c32_dual_core_v1,/Users/zilongzeng/Documents/data/Weiqian/results.csv,0.09450002107769251,1.228167093358934,0.664166989736259,1.991791999898851
687,Weiqian,unknown,happy,141,intent_directory,/Users/zilongzeng/Documents/data/Weiqian/unknown/happy/141.wav,Weiqian/unknown/happy/141.wav,emergency,0.9765625,0.9765625,0.015625,0.00390625,"[122, -124, -127]",False,emergency,0.964844,True,ok,921,56,632,1836,"[119, -121, -126]",e43cc3f7b7f7e2413bdc35765bca5d45473b5b1b63fdee1a0a28d3e9de0d2ab8,user_study_cdc_sd_rt1s_c32_dual_core_v1,/Users/zilongzeng/Documents/data/Weiqian/results.csv,0.06091699469834566,1.1519580148160458,0.6615000311285257,1.8793749623000622
688,Weiqian,unknown,happy,142,intent_directory,/Users/zilongzeng/Documents/data/Weiqian/unknown/happy/142.wav,Weiqian/unknown/happy/142.wav,emergency,0.9140625,0.9140625,0.08203125,0.00390625,"[106, -107, -127]",False,emergency,0.914062,True,ok,928,56,632,1808,"[106, -107, -127]",e43cc3f7b7f7e2413bdc35765bca5d45473b5b1b63fdee1a0a28d3e9de0d2ab8,user_study_cdc_sd_rt1s_c32_dual_core_v1,/Users/zilongzeng/Documents/data/Weiqian/results.csv,0.053459079936146736,1.5382919227704406,0.6367920432239771,2.239125082269311
689,Weiqian,unknown,happy,143,intent_directory,/Users/zilongzeng/Documents/data/Weiqian/unknown/happy/143.wav,Weiqian/unknown/happy/143.wav,movement,0.953125,0.046875,0.953125,0.0,"[-116, 116, -128]",False,movement,0.960938,True,ok,905,56,632,1770,"[-118, 118, -127]",e43cc3f7b7f7e2413bdc35765bca5d45473b5b1b63fdee1a0a28d3e9de0d2ab8,user_study_cdc_sd_rt1s_c32_dual_core_v1,/Users/zilongzeng/Documents/data/Weiqian/results.csv,0.19041600171476603,1.3595420168712735,0.7194170029833913,2.27762502618134
690,Weiqian,unknown,happy,144,intent_directory,/Users/zilongzeng/Documents/data/Weiqian/unknown/happy/144.wav,Weiqian/unknown/happy/144.wav,movement,0.99609375,0.0,0.99609375,0.0,"[-128, 127, -128]",False,movement,0.996094,True,ok,918,56,632,1785,"[-128, 127, -128]",e43cc3f7b7f7e2413bdc35765bca5d45473b5b1b63fdee1a0a28d3e9de0d2ab8,user_study_cdc_sd_rt1s_c32_dual_core_v1,/Users/zilongzeng/Documents/data/Weiqian/results.csv,0.11008302681148052,1.1677079601213336,0.6684169638901949,1.9512089202180505
691,Weiqian,unknown,happy,145,intent_directory,/Users/zilongzeng/Documents/data/Weiqian/unknown/happy/145.wav,Weiqian/unknown/happy/145.wav,movement,0.99609375,0.0,0.99609375,0.0,"[-128, 127, -128]",False,movement,0.996094,True,ok,916,56,632,1782,"[-128, 127, -128]",e43cc3f7b7f7e2413bdc35765bca5d45473b5b1b63fdee1a0a28d3e9de0d2ab8,user_study_cdc_sd_rt1s_c32_dual_core_v1,/Users/zilongzeng/Documents/data/Weiqian/results.csv,0.20612496882677078,1.1511660413816571,0.6730420282110572,2.036666963249445
692,Weiqian,unknown,happy,146,intent_directory,/Users/zilongzeng/Documents/data/Weiqian/unknown/happy/146.wav,Weiqian/unknown/happy/146.wav,emergency,0.453125,0.453125,0.453125,0.08984375,"[-12, -12, -105]",False,movement,0.496094,False,ok,908,56,632,1772,"[-24, -1, -103]",e43cc3f7b7f7e2413bdc35765bca5d45473b5b1b63fdee1a0a28d3e9de0d2ab8,user_study_cdc_sd_rt1s_c32_dual_core_v1,/Users/zilongzeng/Documents/data/Weiqian/results.csv,0.3322499105706811,1.4252499677240849,0.7256250828504562,2.4902079021558166
693,Weiqian,unknown,happy,147,intent_directory,/Users/zilongzeng/Documents/data/Weiqian/unknown/happy/147.wav,Weiqian/unknown/happy/147.wav,emergency,0.9296875,0.9296875,0.0546875,0.015625,"[110, -114, -124]",False,emergency,0.894531,True,ok,919,56,632,1783,"[101, -108, -122]",e43cc3f7b7f7e2413bdc35765bca5d45473b5b1b63fdee1a0a28d3e9de0d2ab8,user_study_cdc_sd_rt1s_c32_dual_core_v1,/Users/zilongzeng/Documents/data/Weiqian/results.csv,0.24995801504701376,1.2719579972326756,0.6871660007163882,2.2142090601846576
694,Weiqian,unknown,happy,148,intent_directory,/Users/zilongzeng/Documents/data/Weiqian/unknown/happy/148.wav,Weiqian/unknown/happy/148.wav,emergency,0.99609375,0.99609375,0.0,0.0,"[127, -128, -128]",False,emergency,0.996094,True,ok,922,56,632,1821,"[127, -128, -128]",e43cc3f7b7f7e2413bdc35765bca5d45473b5b1b63fdee1a0a28d3e9de0d2ab8,user_study_cdc_sd_rt1s_c32_dual_core_v1,/Users/zilongzeng/Documents/data/Weiqian/results.csv,0.07345806807279587,1.210999907925725,0.7137920474633574,2.0036250352859497
695,Weiqian,unknown,happy,149,intent_directory,/Users/zilongzeng/Documents/data/Weiqian/unknown/happy/149.wav,Weiqian/unknown/happy/149.wav,emergency,0.99609375,0.99609375,0.0,0.0,"[127, -128, -128]",False,emergency,0.996094,True,ok,914,56,632,1825,"[127, -128, -128]",e43cc3f7b7f7e2413bdc35765bca5d45473b5b1b63fdee1a0a28d3e9de0d2ab8,user_study_cdc_sd_rt1s_c32_dual_core_v1,/Users/zilongzeng/Documents/data/Weiqian/results.csv,0.06054097320884466,1.1826249537989497,0.7599579403176904,2.012375043705106
696,Weiqian,unknown,happy,150,intent_directory,/Users/zilongzeng/Documents/data/Weiqian/unknown/happy/150.wav,Weiqian/unknown/happy/150.wav,emergency,0.953125,0.953125,0.03125,0.015625,"[116, -120, -124]",False,emergency,0.937500,True,ok,926,56,632,1797,"[112, -116, -124]",e43cc3f7b7f7e2413bdc35765bca5d45473b5b1b63fdee1a0a28d3e9de0d2ab8,user_study_cdc_sd_rt1s_c32_dual_core_v1,/Users/zilongzeng/Documents/data/Weiqian/results.csv,0.07229193579405546,1.416333019733429,0.7222919957712293,2.2181669482961297
697,weisi,emergency,stop,1,intent_directory,/Users/zilongzeng/Documents/data/weisi/emergency/stop/1.wav,weisi/emergency/stop/1.wav,emergency,0.9375,0.9375,0.0546875,0.0078125,"[112, -114, -126]",True,emergency,0.949219,True,ok,907,56,633,2209,"[115, -118, -125]",e43cc3f7b7f7e2413bdc35765bca5d45473b5b1b63fdee1a0a28d3e9de0d2ab8,user_study_sd_rt1s_c32_dual_core_v1,/Users/zilongzeng/Documents/data/weisi/results.csv,0.09720900561660528,1.3822080800309777,0.6689580623060465,2.154416055418551
698,weisi,emergency,stop,2,intent_directory,/Users/zilongzeng/Documents/data/weisi/emergency/stop/2.wav,weisi/emergency/stop/2.wav,emergency,0.98828125,0.98828125,0.00390625,0.0078125,"[125, -127, -126]",True,emergency,0.992188,True,ok,922,56,633,1777,"[126, -128, -127]",e43cc3f7b7f7e2413bdc35765bca5d45473b5b1b63fdee1a0a28d3e9de0d2ab8,user_study_sd_rt1s_c32_dual_core_v1,/Users/zilongzeng/Documents/data/weisi/results.csv,0.07216702215373516,1.2284170370548964,0.6640419596806169,1.9696250092238188
699,weisi,emergency,stop,3,intent_directory,/Users/zilongzeng/Documents/data/weisi/emergency/stop/3.wav,weisi/emergency/stop/3.wav,emergency,0.97265625,0.97265625,0.01171875,0.015625,"[121, -125, -124]",True,emergency,0.988281,True,ok,922,56,633,1775,"[125, -127, -126]",e43cc3f7b7f7e2413bdc35765bca5d45473b5b1b63fdee1a0a28d3e9de0d2ab8,user_study_sd_rt1s_c32_dual_core_v1,/Users/zilongzeng/Documents/data/weisi/results.csv,0.06908306386321783,1.153583056293428,0.7355829002335668,1.9649589667096734
700,weisi,emergency,stop,4,intent_directory,/Users/zilongzeng/Documents/data/weisi/emergency/stop/4.wav,weisi/emergency/stop/4.wav,emergency,0.8515625,0.8515625,0.11328125,0.03515625,"[90, -99, -119]",True,emergency,0.816406,True,ok,907,56,633,1760,"[81, -94, -116]",e43cc3f7b7f7e2413bdc35765bca5d45473b5b1b63fdee1a0a28d3e9de0d2ab8,user_study_sd_rt1s_c32_dual_core_v1,/Users/zilongzeng/Documents/data/weisi/results.csv,0.21183397620916367,1.4182920567691326,0.7275419775396585,2.363624982535839
701,weisi,emergency,stop,5,intent_directory,/Users/zilongzeng/Documents/data/weisi/emergency/stop/5.wav,weisi/emergency/stop/5.wav,emergency,0.99609375,0.99609375,0.0,0.0,"[127, -128, -128]",True,emergency,0.996094,True,ok,922,56,633,1776,"[127, -128, -128]",e43cc3f7b7f7e2413bdc35765bca5d45473b5b1b63fdee1a0a28d3e9de0d2ab8,user_study_sd_rt1s_c32_dual_core_v1,/Users/zilongzeng/Documents/data/weisi/results.csv,0.22958393674343824,1.310208928771317,0.6842920556664467,2.2299999836832285
702,weisi,emergency,stop,6,intent_directory,/Users/zilongzeng/Documents/data/weisi/emergency/stop/6.wav,weisi/emergency/stop/6.wav,emergency,0.99609375,0.99609375,0.0,0.0,"[127, -128, -128]",True,emergency,0.996094,True,ok,922,56,633,1776,"[127, -128, -128]",e43cc3f7b7f7e2413bdc35765bca5d45473b5b1b63fdee1a0a28d3e9de0d2ab8,user_study_sd_rt1s_c32_dual_core_v1,/Users/zilongzeng/Documents/data/weisi/results.csv,0.07104105316102505,1.1867079883813858,0.6610830314457417,1.9236250082030892
703,weisi,emergency,stop,7,intent_directory,/Users/zilongzeng/Documents/data/weisi/emergency/stop/7.wav,weisi/emergency/stop/7.wav,emergency,0.9921875,0.9921875,0.0078125,0.0,"[126, -126, -128]",True,emergency,0.996094,True,ok,907,56,633,1759,"[127, -127, -128]",e43cc3f7b7f7e2413bdc35765bca5d45473b5b1b63fdee1a0a28d3e9de0d2ab8,user_study_sd_rt1s_c32_dual_core_v1,/Users/zilongzeng/Documents/data/weisi/results.csv,0.05670799873769283,1.1568330228328705,0.7186250295490026,1.944791991263628
704,weisi,emergency,stop,8,intent_directory,/Users/zilongzeng/Documents/data/weisi/emergency/stop/8.wav,weisi/emergency/stop/8.wav,unknown,0.5703125,0.37890625,0.05078125,0.5703125,"[-31, -115, 18]",False,unknown,0.750000,True,ok,922,56,633,1790,"[-71, -122, 64]",e43cc3f7b7f7e2413bdc35765bca5d45473b5b1b63fdee1a0a28d3e9de0d2ab8,user_study_sd_rt1s_c32_dual_core_v1,/Users/zilongzeng/Documents/data/weisi/results.csv,0.1284580212086439,1.618458074517548,0.7313749520108104,2.4861659621819854
705,weisi,emergency,stop,9,intent_directory,/Users/zilongzeng/Documents/data/weisi/emergency/stop/9.wav,weisi/emergency/stop/9.wav,emergency,0.7421875,0.7421875,0.22265625,0.03515625,"[62, -71, -119]",True,emergency,0.664062,True,ok,922,56,633,1777,"[42, -52, -118]",e43cc3f7b7f7e2413bdc35765bca5d45473b5b1b63fdee1a0a28d3e9de0d2ab8,user_study_sd_rt1s_c32_dual_core_v1,/Users/zilongzeng/Documents/data/weisi/results.csv,0.11862500105053186,1.3882500352337956,0.7063749944791198,2.218542038463056
706,weisi,emergency,stop,10,intent_directory,/Users/zilongzeng/Documents/data/weisi/emergency/stop/10.wav,weisi/emergency/stop/10.wav,emergency,0.9921875,0.9921875,0.00390625,0.0,"[126, -127, -128]",True,emergency,0.996094,True,ok,907,56,633,1761,"[127, -127, -128]",e43cc3f7b7f7e2413bdc35765bca5d45473b5b1b63fdee1a0a28d3e9de0d2ab8,user_study_sd_rt1s_c32_dual_core_v1,/Users/zilongzeng/Documents/data/weisi/results.csv,0.06991706322878599,1.302042044699192,0.6272080354392529,2.0084159914404154
707,weisi,emergency,hold,11,intent_directory,/Users/zilongzeng/Documents/data/weisi/emergency/hold/11.wav,weisi/emergency/hold/11.wav,emergency,0.9140625,0.9140625,0.06640625,0.01953125,"[106, -111, -123]",True,emergency,0.894531,True,ok,922,56,633,1824,"[101, -108, -122]",e43cc3f7b7f7e2413bdc35765bca5d45473b5b1b63fdee1a0a28d3e9de0d2ab8,user_study_sd_rt1s_c32_dual_core_v1,/Users/zilongzeng/Documents/data/weisi/results.csv,0.15437498223036528,1.3191669713705778,0.739875016734004,2.221542061306536
708,weisi,emergency,hold,12,intent_directory,/Users/zilongzeng/Documents/data/weisi/emergency/hold/12.wav,weisi/emergency/hold/12.wav,emergency,0.57421875,0.57421875,0.3125,0.11328125,"[19, -48, -99]",True,emergency,0.710938,True,ok,922,56,633,1777,"[54, -74, -108]",e43cc3f7b7f7e2413bdc35765bca5d45473b5b1b63fdee1a0a28d3e9de0d2ab8,user_study_sd_rt1s_c32_dual_core_v1,/Users/zilongzeng/Documents/data/weisi/results.csv,0.09729200974106789,1.4497499214485288,0.7002920610830188,2.254040911793709
709,weisi,emergency,hold,13,intent_directory,/Users/zilongzeng/Documents/data/weisi/emergency/hold/13.wav,weisi/emergency/hold/13.wav,emergency,0.99609375,0.99609375,0.0,0.0,"[127, -128, -128]",True,emergency,0.996094,True,ok,921,56,633,1779,"[127, -128, -128]",e43cc3f7b7f7e2413bdc35765bca5d45473b5b1b63fdee1a0a28d3e9de0d2ab8,user_study_sd_rt1s_c32_dual_core_v1,/Users/zilongzeng/Documents/data/weisi/results.csv,0.08391705341637135,1.2385420268401504,0.6867919582873583,2.014333033002913
710,weisi,emergency,hold,14,intent_directory,/Users/zilongzeng/Documents/data/weisi/emergency/hold/14.wav,weisi/emergency/hold/14.wav,emergency,0.99609375,0.99609375,0.0,0.0,"[127, -128, -128]",True,emergency,0.996094,True,ok,921,56,633,1775,"[127, -128, -128]",e43cc3f7b7f7e2413bdc35765bca5d45473b5b1b63fdee1a0a28d3e9de0d2ab8,user_study_sd_rt1s_c32_dual_core_v1,/Users/zilongzeng/Documents/data/weisi/results.csv,0.2857910003513098,1.2222920777276158,0.6567499367520213,2.1712499437853694
711,weisi,emergency,hold,15,intent_directory,/Users/zilongzeng/Documents/data/weisi/emergency/hold/15.wav,weisi/emergency/hold/15.wav,emergency,0.94140625,0.94140625,0.0390625,0.01953125,"[113, -118, -123]",True,emergency,0.933594,True,ok,906,56,633,1775,"[111, -118, -120]",e43cc3f7b7f7e2413bdc35765bca5d45473b5b1b63fdee1a0a28d3e9de0d2ab8,user_study_sd_rt1s_c32_dual_core_v1,/Users/zilongzeng/Documents/data/weisi/results.csv,0.2346669789403677,1.5574590070173144,0.740499934181571,2.5400409940630198
712,weisi,emergency,hold,16,intent_directory,/Users/zilongzeng/Documents/data/weisi/emergency/hold/16.wav,weisi/emergency/hold/16.wav,emergency,0.99609375,0.99609375,0.0,0.0,"[127, -128, -128]",True,emergency,0.996094,True,ok,921,56,633,1777,"[127, -128, -128]",e43cc3f7b7f7e2413bdc35765bca5d45473b5b1b63fdee1a0a28d3e9de0d2ab8,user_study_sd_rt1s_c32_dual_core_v1,/Users/zilongzeng/Documents/data/weisi/results.csv,0.12204202357679605,1.2931659584864974,0.7190000033006072,2.1410000044852495
713,weisi,emergency,hold,17,intent_directory,/Users/zilongzeng/Documents/data/weisi/emergency/hold/17.wav,weisi/emergency/hold/17.wav,emergency,0.99609375,0.99609375,0.0,0.0,"[127, -128, -128]",True,emergency,0.996094,True,ok,921,56,633,1775,"[127, -128, -128]",e43cc3f7b7f7e2413bdc35765bca5d45473b5b1b63fdee1a0a28d3e9de0d2ab8,user_study_sd_rt1s_c32_dual_core_v1,/Users/zilongzeng/Documents/data/weisi/results.csv,0.08091703057289124,1.2336669024080038,0.653041061013937,1.9723749719560146
714,weisi,emergency,hold,18,intent_directory,/Users/zilongzeng/Documents/data/weisi/emergency/hold/18.wav,weisi/emergency/hold/18.wav,emergency,0.99609375,0.99609375,0.0,0.0,"[127, -128, -128]",True,emergency,0.996094,True,ok,906,56,633,1761,"[127, -128, -128]",e43cc3f7b7f7e2413bdc35765bca5d45473b5b1b63fdee1a0a28d3e9de0d2ab8,user_study_sd_rt1s_c32_dual_core_v1,/Users/zilongzeng/Documents/data/weisi/results.csv,0.06229197606444359,1.142708002589643,0.675167073495686,1.8866249592974782
715,weisi,emergency,hold,19,intent_directory,/Users/zilongzeng/Documents/data/weisi/emergency/hold/19.wav,weisi/emergency/hold/19.wav,emergency,0.7109375,0.7109375,0.26171875,0.02734375,"[54, -61, -121]",True,emergency,0.812500,True,ok,921,56,633,1777,"[80, -87, -121]",e43cc3f7b7f7e2413bdc35765bca5d45473b5b1b63fdee1a0a28d3e9de0d2ab8,user_study_sd_rt1s_c32_dual_core_v1,/Users/zilongzeng/Documents/data/weisi/results.csv,0.23933406919240952,1.5922909369692206,0.7243329891934991,2.563958056271076
716,weisi,emergency,hold,20,intent_directory,/Users/zilongzeng/Documents/data/weisi/emergency/hold/20.wav,weisi/emergency/hold/20.wav,emergency,0.9453125,0.9453125,0.03125,0.0234375,"[114, -120, -122]",True,emergency,0.933594,True,ok,921,56,633,1776,"[111, -118, -120]",e43cc3f7b7f7e2413bdc35765bca5d45473b5b1b63fdee1a0a28d3e9de0d2ab8,user_study_sd_rt1s_c32_dual_core_v1,/Users/zilongzeng/Documents/data/weisi/results.csv,0.26820902712643147,1.3455419102683663,0.7204170105978847,2.3416250478476286
717,weisi,emergency,freeze,21,intent_directory,/Users/zilongzeng/Documents/data/weisi/emergency/freeze/21.wav,weisi/emergency/freeze/21.wav,emergency,0.93359375,0.93359375,0.06640625,0.0,"[111, -111, -128]",True,emergency,0.953125,True,ok,906,56,633,1805,"[116, -116, -128]",e43cc3f7b7f7e2413bdc35765bca5d45473b5b1b63fdee1a0a28d3e9de0d2ab8,user_study_sd_rt1s_c32_dual_core_v1,/Users/zilongzeng/Documents/data/weisi/results.csv,0.21966593340039253,1.1667090002447367,0.661000027321279,2.052582916803658
718,weisi,emergency,freeze,22,intent_directory,/Users/zilongzeng/Documents/data/weisi/emergency/freeze/22.wav,weisi/emergency/freeze/22.wav,emergency,0.96484375,0.96484375,0.00390625,0.03125,"[119, -127, -120]",True,emergency,0.914062,True,ok,921,56,633,1777,"[106, -127, -107]",e43cc3f7b7f7e2413bdc35765bca5d45473b5b1b63fdee1a0a28d3e9de0d2ab8,user_study_sd_rt1s_c32_dual_core_v1,/Users/zilongzeng/Documents/data/weisi/results.csv,0.19479100592434406,1.257374999113381,0.6819589762017131,2.1502079907804728
719,weisi,emergency,freeze,23,intent_directory,/Users/zilongzeng/Documents/data/weisi/emergency/freeze/23.wav,weisi/emergency/freeze/23.wav,emergency,0.875,0.875,0.1171875,0.01171875,"[96, -98, -125]",True,emergency,0.906250,True,ok,921,56,633,1775,"[104, -107, -125]",e43cc3f7b7f7e2413bdc35765bca5d45473b5b1b63fdee1a0a28d3e9de0d2ab8,user_study_sd_rt1s_c32_dual_core_v1,/Users/zilongzeng/Documents/data/weisi/results.csv,0.2377500059083104,1.345416996628046,0.7109169382601976,2.299417043104768
720,weisi,emergency,freeze,24,intent_directory,/Users/zilongzeng/Documents/data/weisi/emergency/freeze/24.wav,weisi/emergency/freeze/24.wav,unknown,0.47265625,0.31640625,0.2109375,0.47265625,"[-47, -74, -7]",False,emergency,0.421875,False,ok,906,56,633,1760,"[-20, -88, -20]",e43cc3f7b7f7e2413bdc35765bca5d45473b5b1b63fdee1a0a28d3e9de0d2ab8,user_study_sd_rt1s_c32_dual_core_v1,/Users/zilongzeng/Documents/data/weisi/results.csv,0.20729098469018936,1.3660830445587635,0.7274580420926213,2.3073750780895352
721,weisi,emergency,freeze,25,intent_directory,/Users/zilongzeng/Documents/data/weisi/emergency/freeze/25.wav,weisi/emergency/freeze/25.wav,emergency,0.984375,0.984375,0.0,0.015625,"[124, -128, -124]",True,emergency,0.984375,True,ok,921,56,633,1778,"[124, -128, -124]",e43cc3f7b7f7e2413bdc35765bca5d45473b5b1b63fdee1a0a28d3e9de0d2ab8,user_study_sd_rt1s_c32_dual_core_v1,/Users/zilongzeng/Documents/data/weisi/results.csv,0.20654196850955486,1.168832997791469,0.6600829074159265,2.0401669899001718
722,weisi,emergency,freeze,26,intent_directory,/Users/zilongzeng/Documents/data/weisi/emergency/freeze/26.wav,weisi/emergency/freeze/26.wav,movement,0.99609375,0.0,0.99609375,0.0,"[-128, 127, -128]",False,movement,0.996094,True,ok,921,56,634,1776,"[-128, 127, -128]",e43cc3f7b7f7e2413bdc35765bca5d45473b5b1b63fdee1a0a28d3e9de0d2ab8,user_study_sd_rt1s_c32_dual_core_v1,/Users/zilongzeng/Documents/data/weisi/results.csv,0.19249995239078999,1.3576250057667494,0.7223749998956919,2.280374988913536
723,weisi,emergency,freeze,27,intent_directory,/Users/zilongzeng/Documents/data/weisi/emergency/freeze/27.wav,weisi/emergency/freeze/27.wav,movement,0.99609375,0.0,0.99609375,0.0,"[-128, 127, -128]",False,movement,0.996094,True,ok,906,56,633,1760,"[-128, 127, -128]",e43cc3f7b7f7e2413bdc35765bca5d45473b5b1b63fdee1a0a28d3e9de0d2ab8,user_study_sd_rt1s_c32_dual_core_v1,/Users/zilongzeng/Documents/data/weisi/results.csv,0.2311669522896409,1.364333089441061,0.7233750075101852,2.3255000123754144
724,weisi,emergency,freeze,28,intent_directory,/Users/zilongzeng/Documents/data/weisi/emergency/freeze/28.wav,weisi/emergency/freeze/28.wav,emergency,0.94921875,0.94921875,0.046875,0.00390625,"[115, -116, -127]",True,emergency,0.957031,True,ok,921,56,634,1776,"[117, -118, -127]",e43cc3f7b7f7e2413bdc35765bca5d45473b5b1b63fdee1a0a28d3e9de0d2ab8,user_study_sd_rt1s_c32_dual_core_v1,/Users/zilongzeng/Documents/data/weisi/results.csv,0.22454210557043552,1.491874922066927,0.6390409544110298,2.3644169559702277
725,weisi,emergency,freeze,29,intent_directory,/Users/zilongzeng/Documents/data/weisi/emergency/freeze/29.wav,weisi/emergency/freeze/29.wav,movement,0.96875,0.0,0.96875,0.03125,"[-128, 120, -120]",False,movement,0.984375,True,ok,921,56,633,1775,"[-128, 124, -124]",e43cc3f7b7f7e2413bdc35765bca5d45473b5b1b63fdee1a0a28d3e9de0d2ab8,user_study_sd_rt1s_c32_dual_core_v1,/Users/zilongzeng/Documents/data/weisi/results.csv,0.3077089786529541,1.1697500012814999,0.8059589890763164,2.2984580136835575
726,weisi,emergency,freeze,30,intent_directory,/Users/zilongzeng/Documents/data/weisi/emergency/freeze/30.wav,weisi/emergency/freeze/30.wav,movement,0.99609375,0.00390625,0.99609375,0.0,"[-127, 127, -128]",False,movement,0.996094,True,ok,906,56,634,1761,"[-127, 127, -128]",e43cc3f7b7f7e2413bdc35765bca5d45473b5b1b63fdee1a0a28d3e9de0d2ab8,user_study_sd_rt1s_c32_dual_core_v1,/Users/zilongzeng/Documents/data/weisi/results.csv,0.2223749179393053,1.5251250006258488,0.7401250768452883,2.496291999705136
727,weisi,emergency,abort,31,intent_directory,/Users/zilongzeng/Documents/data/weisi/emergency/abort/31.wav,weisi/emergency/abort/31.wav,emergency,0.9609375,0.9609375,0.0390625,0.0,"[118, -118, -128]",True,emergency,0.960938,True,ok,919,56,633,1835,"[118, -118, -128]",e43cc3f7b7f7e2413bdc35765bca5d45473b5b1b63fdee1a0a28d3e9de0d2ab8,user_study_sd_rt1s_c32_dual_core_v1,/Users/zilongzeng/Documents/data/weisi/results.csv,0.2619160804897547,1.3721249997615814,0.6875409744679928,2.3267079377546906
728,weisi,emergency,abort,32,intent_directory,/Users/zilongzeng/Documents/data/weisi/emergency/abort/32.wav,weisi/emergency/abort/32.wav,emergency,0.890625,0.890625,0.04296875,0.06640625,"[100, -117, -111]",True,emergency,0.859375,True,ok,905,56,633,1759,"[92, -112, -108]",e43cc3f7b7f7e2413bdc35765bca5d45473b5b1b63fdee1a0a28d3e9de0d2ab8,user_study_sd_rt1s_c32_dual_core_v1,/Users/zilongzeng/Documents/data/weisi/results.csv,0.19441696349531412,1.1667090002447367,0.6578330649062991,2.02412495855242
729,weisi,emergency,abort,33,intent_directory,/Users/zilongzeng/Documents/data/weisi/emergency/abort/33.wav,weisi/emergency/abort/33.wav,emergency,0.99609375,0.99609375,0.0,0.0,"[127, -128, -128]",True,emergency,0.996094,True,ok,920,56,633,1774,"[127, -128, -128]",e43cc3f7b7f7e2413bdc35765bca5d45473b5b1b63fdee1a0a28d3e9de0d2ab8,user_study_sd_rt1s_c32_dual_core_v1,/Users/zilongzeng/Documents/data/weisi/results.csv,0.22499996703118086,1.347833895124495,0.7296249968931079,2.309708041138947
730,weisi,emergency,abort,34,intent_directory,/Users/zilongzeng/Documents/data/weisi/emergency/abort/34.wav,weisi/emergency/abort/34.wav,emergency,0.99609375,0.99609375,0.0,0.0,"[127, -128, -128]",True,emergency,0.996094,True,ok,920,56,634,1776,"[127, -128, -128]",e43cc3f7b7f7e2413bdc35765bca5d45473b5b1b63fdee1a0a28d3e9de0d2ab8,user_study_sd_rt1s_c32_dual_core_v1,/Users/zilongzeng/Documents/data/weisi/results.csv,0.21537498105317354,1.3541249791160226,0.7123330142349005,2.2892500273883343
731,weisi,emergency,abort,35,intent_directory,/Users/zilongzeng/Documents/data/weisi/emergency/abort/35.wav,weisi/emergency/abort/35.wav,unknown,0.95703125,0.0390625,0.00390625,0.95703125,"[-118, -127, 117]",False,unknown,0.964844,True,ok,905,56,633,1759,"[-120, -127, 119]",e43cc3f7b7f7e2413bdc35765bca5d45473b5b1b63fdee1a0a28d3e9de0d2ab8,user_study_sd_rt1s_c32_dual_core_v1,/Users/zilongzeng/Documents/data/weisi/results.csv,0.31754199881106615,1.386707997880876,0.6723750848323107,2.38175003323704
732,weisi,emergency,abort,36,intent_directory,/Users/zilongzeng/Documents/data/weisi/emergency/abort/36.wav,weisi/emergency/abort/36.wav,emergency,0.99609375,0.99609375,0.0,0.0,"[127, -128, -128]",True,emergency,0.996094,True,ok,920,56,633,1774,"[127, -128, -128]",e43cc3f7b7f7e2413bdc35765bca5d45473b5b1b63fdee1a0a28d3e9de0d2ab8,user_study_sd_rt1s_c32_dual_core_v1,/Users/zilongzeng/Documents/data/weisi/results.csv,0.21424994338303804,1.2050829827785492,0.6439159624278545,2.0680830348283052
733,weisi,emergency,abort,37,intent_directory,/Users/zilongzeng/Documents/data/weisi/emergency/abort/37.wav,weisi/emergency/abort/37.wav,emergency,0.984375,0.984375,0.015625,0.00390625,"[124, -124, -127]",True,emergency,0.976562,True,ok,920,56,633,1794,"[122, -124, -127]",e43cc3f7b7f7e2413bdc35765bca5d45473b5b1b63fdee1a0a28d3e9de0d2ab8,user_study_sd_rt1s_c32_dual_core_v1,/Users/zilongzeng/Documents/data/weisi/results.csv,0.22825004998594522,1.4286250807344913,0.7113750325515866,2.3755000438541174
734,yueyuan,movement,down,760849,legacy_keyword_mapping,/Users/zilongzeng/Documents/data/yueyuan/down/000_760849.wav,yueyuan/down/000_760849.wav,emergency,0.90234375,0.90234375,0.09765625,0.0,"[103, -103, -128]",False,,,,,,,,,,,,,0.24820794351398945,1.3554999604821205,0.7087920093908906,2.318957936950028
735,yueyuan,movement,down,1764136,legacy_keyword_mapping,/Users/zilongzeng/Documents/data/yueyuan/down/001_764136.wav,yueyuan/down/001_764136.wav,emergency,0.73046875,0.73046875,0.265625,0.00390625,"[59, -60, -127]",False,,,,,,,,,,,,,0.22345897741615772,1.2983750784769654,0.687750056385994,2.215250045992434
736,yueyuan,movement,down,2767211,legacy_keyword_mapping,/Users/zilongzeng/Documents/data/yueyuan/down/002_767211.wav,yueyuan/down/002_767211.wav,unknown,0.890625,0.06640625,0.04296875,0.890625,"[-111, -117, 100]",False,,,,,,,,,,,,,0.21837500389665365,1.1938329553231597,0.7327080238610506,2.15516600292176
737,yueyuan,movement,down,3770319,legacy_keyword_mapping,/Users/zilongzeng/Documents/data/yueyuan/down/003_770319.wav,yueyuan/down/003_770319.wav,movement,0.99609375,0.0,0.99609375,0.0,"[-128, 127, -128]",True,,,,,,,,,,,,,0.24633307475596666,1.5532500110566616,0.7217080565169454,2.5273750070482492
738,yueyuan,movement,down,4773346,legacy_keyword_mapping,/Users/zilongzeng/Documents/data/yueyuan/down/004_773346.wav,yueyuan/down/004_773346.wav,movement,0.99609375,0.0,0.99609375,0.0,"[-128, 127, -128]",True,,,,,,,,,,,,,0.22124999668449163,1.326916040852666,0.7102080853655934,2.2641249233856797
739,yueyuan,movement,down,5776473,legacy_keyword_mapping,/Users/zilongzeng/Documents/data/yueyuan/down/005_776473.wav,yueyuan/down/005_776473.wav,movement,0.59765625,0.40234375,0.59765625,0.0,"[-25, 25, -128]",True,,,,,,,,,,,,,0.21991704124957323,1.1409169528633356,0.6476249545812607,2.0133749349042773
740,yueyuan,movement,down,6779932,legacy_keyword_mapping,/Users/zilongzeng/Documents/data/yueyuan/down/006_779932.wav,yueyuan/down/006_779932.wav,movement,0.99609375,0.0,0.99609375,0.0,"[-128, 127, -128]",True,,,,,,,,,,,,,0.20966597367078066,1.3873330317437649,0.7258750265464187,2.329208073206246
741,yueyuan,movement,down,7783425,legacy_keyword_mapping,/Users/zilongzeng/Documents/data/yueyuan/down/007_783425.wav,yueyuan/down/007_783425.wav,movement,0.99609375,0.0,0.99609375,0.0,"[-128, 127, -128]",True,,,,,,,,,,,,,0.22354198154062033,1.4607500052079558,0.7202909328043461,2.4117500288411975
742,yueyuan,movement,down,8786486,legacy_keyword_mapping,/Users/zilongzeng/Documents/data/yueyuan/down/008_786486.wav,yueyuan/down/008_786486.wav,movement,0.9921875,0.0078125,0.9921875,0.0,"[-126, 126, -128]",True,,,,,,,,,,,,,0.23870891891419888,1.289249979890883,0.6611660355702043,2.1938749123364687
743,yueyuan,movement,down,9789962,legacy_keyword_mapping,/Users/zilongzeng/Documents/data/yueyuan/down/009_789962.wav,yueyuan/down/009_789962.wav,movement,0.8046875,0.1953125,0.8046875,0.0,"[-78, 78, -128]",True,,,,,,,,,,,,,0.24616695009171963,1.1582090519368649,0.6620419444516301,2.0724169444292784
744,yueyuan,movement,follow,796690,legacy_keyword_mapping,/Users/zilongzeng/Documents/data/yueyuan/follow/000_796690.wav,yueyuan/follow/000_796690.wav,emergency,0.99609375,0.99609375,0.0,0.0,"[127, -128, -128]",False,,,,,,,,,,,,,0.22787495981901884,1.3365410268306732,0.722500029951334,2.293832949362695
745,yueyuan,movement,follow,1800168,legacy_keyword_mapping,/Users/zilongzeng/Documents/data/yueyuan/follow/001_800168.wav,yueyuan/follow/001_800168.wav,movement,0.99609375,0.0,0.99609375,0.0,"[-128, 127, -128]",True,,,,,,,,,,,,,0.25645794812589884,1.3687500031664968,0.7174169877544045,2.3484170669689775
746,yueyuan,movement,follow,2803483,legacy_keyword_mapping,/Users/zilongzeng/Documents/data/yueyuan/follow/002_803483.wav,yueyuan/follow/002_803483.wav,emergency,0.5,0.5,0.0,0.5,"[0, -128, 0]",False,,,,,,,,,,,,,0.22554199676960707,1.2920830631628633,0.6590409902855754,2.1817090455442667
747,yueyuan,movement,follow,3806559,legacy_keyword_mapping,/Users/zilongzeng/Documents/data/yueyuan/follow/003_806559.wav,yueyuan/follow/003_806559.wav,emergency,0.98828125,0.98828125,0.01171875,0.0,"[125, -125, -128]",False,,,,,,,,,,,,,0.2173340180888772,1.133957994170487,0.69183309096843,2.086874912492931
748,yueyuan,movement,follow,4809810,legacy_keyword_mapping,/Users/zilongzeng/Documents/data/yueyuan/follow/004_809810.wav,yueyuan/follow/004_809810.wav,movement,0.94921875,0.0234375,0.94921875,0.0234375,"[-122, 115, -122]",True,,,,,,,,,,,,,0.31349994242191315,1.3670410262420774,0.7327500497922301,2.4204590590670705
749,yueyuan,movement,follow,5813288,legacy_keyword_mapping,/Users/zilongzeng/Documents/data/yueyuan/follow/005_813288.wav,yueyuan/follow/005_813288.wav,emergency,0.99609375,0.99609375,0.00390625,0.0,"[127, -127, -128]",False,,,,,,,,,,,,,0.2259579487144947,1.2956249993294477,0.7015420123934746,2.2292500361800194
750,yueyuan,movement,follow,6816413,legacy_keyword_mapping,/Users/zilongzeng/Documents/data/yueyuan/follow/006_816413.wav,yueyuan/follow/006_816413.wav,movement,0.99609375,0.0,0.99609375,0.0,"[-128, 127, -128]",True,,,,,,,,,,,,,0.1984589034691453,1.2457919074222445,0.6500410381704569,2.0990000339224935
751,yueyuan,movement,follow,7819665,legacy_keyword_mapping,/Users/zilongzeng/Documents/data/yueyuan/follow/007_819665.wav,yueyuan/follow/007_819665.wav,emergency,0.9453125,0.9453125,0.0546875,0.0,"[114, -114, -128]",False,,,,,,,,,,,,,0.18708303105086088,1.306000049225986,0.7319580763578415,2.232041908428073
752,yueyuan,movement,follow,8822742,legacy_keyword_mapping,/Users/zilongzeng/Documents/data/yueyuan/follow/008_822742.wav,yueyuan/follow/008_822742.wav,movement,0.99609375,0.0,0.99609375,0.0,"[-128, 127, -128]",True,,,,,,,,,,,,,0.23612496443092823,1.4111249474808574,0.7294579409062862,2.3835001047700644
753,yueyuan,movement,follow,9825851,legacy_keyword_mapping,/Users/zilongzeng/Documents/data/yueyuan/follow/009_825851.wav,yueyuan/follow/009_825851.wav,movement,0.99609375,0.0,0.99609375,0.0,"[-128, 127, -128]",True,,,,,,,,,,,,,0.2109999768435955,1.2913329992443323,0.6627910770475864,2.1708750864490867
754,yueyuan,emergency,freeze,326819,legacy_keyword_mapping,/Users/zilongzeng/Documents/data/yueyuan/freeze/000_326819.wav,yueyuan/freeze/000_326819.wav,emergency,0.99609375,0.99609375,0.0,0.0,"[127, -128, -128]",True,,,,,,,,,,,,,0.19983306992799044,1.1991660576313734,0.6603329675272107,2.0641250303015113
755,yueyuan,emergency,freeze,1330344,legacy_keyword_mapping,/Users/zilongzeng/Documents/data/yueyuan/freeze/001_330344.wav,yueyuan/freeze/001_330344.wav,unknown,0.99609375,0.0,0.0,0.99609375,"[-128, -128, 127]",False,,,,,,,,,,,,,0.186417018994689,1.4810420107096434,0.7258340483531356,2.399791032075882
756,yueyuan,emergency,freeze,2333692,legacy_keyword_mapping,/Users/zilongzeng/Documents/data/yueyuan/freeze/002_333692.wav,yueyuan/freeze/002_333692.wav,unknown,0.99609375,0.0,0.0,0.99609375,"[-128, -128, 127]",False,,,,,,,,,,,,,0.2750420244410634,1.3285829918459058,0.7077079499140382,2.3177500115707517
757,yueyuan,emergency,freeze,3337167,legacy_keyword_mapping,/Users/zilongzeng/Documents/data/yueyuan/freeze/003_337167.wav,yueyuan/freeze/003_337167.wav,unknown,0.99609375,0.0,0.0,0.99609375,"[-128, -128, 127]",False,,,,,,,,,,,,,0.2008330775424838,1.3495000312104821,0.694541959092021,2.250208053737879
758,yueyuan,emergency,freeze,4340258,legacy_keyword_mapping,/Users/zilongzeng/Documents/data/yueyuan/freeze/004_340258.wav,yueyuan/freeze/004_340258.wav,movement,0.99609375,0.0,0.99609375,0.0,"[-128, 127, -128]",False,,,,,,,,,,,,,0.19308400806039572,1.2657919432967901,0.6214999593794346,2.089250017888844
759,yueyuan,emergency,freeze,5343496,legacy_keyword_mapping,/Users/zilongzeng/Documents/data/yueyuan/freeze/005_343496.wav,yueyuan/freeze/005_343496.wav,unknown,0.96875,0.0,0.03125,0.96875,"[-128, -120, 120]",False,,,,,,,,,,,,,0.2834999468177557,1.4109578914940357,0.6033340469002724,2.305499976500869
760,yueyuan,emergency,freeze,6346828,legacy_keyword_mapping,/Users/zilongzeng/Documents/data/yueyuan/freeze/006_346828.wav,yueyuan/freeze/006_346828.wav,unknown,0.99609375,0.0,0.0,0.99609375,"[-128, -128, 127]",False,,,,,,,,,,,,,0.2317910548299551,1.375958090648055,0.703583937138319,2.3191669024527073
761,yueyuan,emergency,freeze,7350274,legacy_keyword_mapping,/Users/zilongzeng/Documents/data/yueyuan/freeze/007_350274.wav,yueyuan/freeze/007_350274.wav,movement,0.734375,0.21875,0.734375,0.04296875,"[-72, 60, -117]",False,,,,,,,,,,,,,0.26462506502866745,1.2508330401033163,0.6371249910444021,2.15766706969589
762,yueyuan,emergency,freeze,8353751,legacy_keyword_mapping,/Users/zilongzeng/Documents/data/yueyuan/freeze/008_353751.wav,yueyuan/freeze/008_353751.wav,unknown,0.99609375,0.0,0.0,0.99609375,"[-128, -128, 127]",False,,,,,,,,,,,,,0.19924994558095932,1.4441669918596745,0.7300840225070715,2.38175003323704
763,yueyuan,emergency,freeze,9357243,legacy_keyword_mapping,/Users/zilongzeng/Documents/data/yueyuan/freeze/009_357243.wav,yueyuan/freeze/009_357243.wav,unknown,0.99609375,0.0,0.0,0.99609375,"[-128, -128, 127]",False,,,,,,,,,,,,,0.2263750648126006,1.3262919383123517,0.7368329679593444,2.2965000243857503
764,yueyuan,emergency,freeze,10714590,legacy_keyword_mapping,/Users/zilongzeng/Documents/data/yueyuan/freeze/010_714590.wav,yueyuan/freeze/010_714590.wav,emergency,0.99609375,0.99609375,0.0,0.0,"[127, -128, -128]",True,,,,,,,,,,,,,0.23179093841463327,1.2899580178782344,0.6645419634878635,2.191124949604273
765,yueyuan,emergency,freeze,11718002,legacy_keyword_mapping,/Users/zilongzeng/Documents/data/yueyuan/freeze/011_718002.wav,yueyuan/freeze/011_718002.wav,emergency,0.91015625,0.91015625,0.0078125,0.08203125,"[105, -126, -107]",True,,,,,,,,,,,,,0.20554207731038332,1.268333988264203,0.6536250002682209,2.133459085598588
766,yueyuan,emergency,freeze,12721527,legacy_keyword_mapping,/Users/zilongzeng/Documents/data/yueyuan/freeze/012_721527.wav,yueyuan/freeze/012_721527.wav,unknown,0.99609375,0.0,0.0,0.99609375,"[-128, -128, 127]",False,,,,,,,,,,,,,0.20179105922579765,1.5247499104589224,0.7307910127565265,2.46395799331367
767,yueyuan,emergency,freeze,13724542,legacy_keyword_mapping,/Users/zilongzeng/Documents/data/yueyuan/freeze/013_724542.wav,yueyuan/freeze/013_724542.wav,movement,0.99609375,0.0,0.99609375,0.0,"[-128, 127, -128]",False,,,,,,,,,,,,,0.22254197392612696,1.3687500031664968,0.7112909806892276,2.3088749730959535
768,yueyuan,emergency,freeze,14727603,legacy_keyword_mapping,/Users/zilongzeng/Documents/data/yueyuan/freeze/014_727603.wav,yueyuan/freeze/014_727603.wav,emergency,0.85546875,0.85546875,0.0078125,0.140625,"[91, -126, -92]",True,,,,,,,,,,,,,0.24133408442139626,1.155333942733705,0.6596670718863606,2.060958999209106
769,yueyuan,emergency,freeze,15731145,legacy_keyword_mapping,/Users/zilongzeng/Documents/data/yueyuan/freeze/015_731145.wav,yueyuan/freeze/015_731145.wav,emergency,0.9765625,0.9765625,0.0,0.01953125,"[122, -128, -123]",True,,,,,,,,,,,,,0.18874998204410076,1.1930420296266675,0.6769999163225293,2.095625037327409
770,yueyuan,emergency,freeze,16735073,legacy_keyword_mapping,/Users/zilongzeng/Documents/data/yueyuan/freeze/016_735073.wav,yueyuan/freeze/016_735073.wav,movement,0.99609375,0.0,0.99609375,0.0,"[-128, 127, -128]",False,,,,,,,,,,,,,0.31158397905528545,1.3248749310150743,0.7131659658625722,2.357207937166095
771,yueyuan,emergency,freeze,17741577,legacy_keyword_mapping,/Users/zilongzeng/Documents/data/yueyuan/freeze/017_741577.wav,yueyuan/freeze/017_741577.wav,unknown,0.99609375,0.0,0.0,0.99609375,"[-128, -128, 127]",False,,,,,,,,,,,,,0.08654198609292507,1.2427499750629067,0.6960410391911864,2.030709059908986
772,yueyuan,emergency,freeze,18747329,legacy_keyword_mapping,/Users/zilongzeng/Documents/data/yueyuan/freeze/018_747329.wav,yueyuan/freeze/018_747329.wav,emergency,0.4609375,0.4609375,0.07421875,0.4609375,"[-10, -109, -10]",True,,,,,,,,,,,,,0.1930419821292162,1.1525839800015092,0.6628329865634441,2.013541990891099
773,yueyuan,emergency,freeze,19755544,legacy_keyword_mapping,/Users/zilongzeng/Documents/data/yueyuan/freeze/019_755544.wav,yueyuan/freeze/019_755544.wav,emergency,0.54296875,0.54296875,0.16015625,0.296875,"[11, -87, -52]",True,,,,,,,,,,,,,0.24754100013524294,1.3392498949542642,0.6474170368164778,2.2439169697463512
774,yueyuan,emergency,freeze,20761230,legacy_keyword_mapping,/Users/zilongzeng/Documents/data/yueyuan/freeze/020_761230.wav,yueyuan/freeze/020_761230.wav,unknown,0.99609375,0.0,0.0,0.99609375,"[-128, -128, 127]",False,,,,,,,,,,,,,0.3268750151619315,1.4163329033181071,0.6861250149086118,2.4377090157940984
775,yueyuan,emergency,freeze,21767720,legacy_keyword_mapping,/Users/zilongzeng/Documents/data/yueyuan/freeze/021_767720.wav,yueyuan/freeze/021_767720.wav,emergency,0.59375,0.59375,0.01171875,0.39453125,"[24, -125, -27]",True,,,,,,,,,,,,,0.28608308639377356,1.2754169292747974,0.6897500716149807,2.256208914332092
776,yueyuan,emergency,freeze,22775601,legacy_keyword_mapping,/Users/zilongzeng/Documents/data/yueyuan/freeze/022_775601.wav,yueyuan/freeze/022_775601.wav,emergency,0.91796875,0.91796875,0.04296875,0.03515625,"[107, -117, -119]",True,,,,,,,,,,,,,0.20045798737555742,1.1614999966695905,0.6580420304089785,2.0246669882908463
777,yueyuan,movement,go,205019,legacy_keyword_mapping,/Users/zilongzeng/Documents/data/yueyuan/go/000_205019.wav,yueyuan/go/000_205019.wav,emergency,0.8671875,0.8671875,0.015625,0.1171875,"[94, -124, -98]",False,,,,,,,,,,,,,0.19879196770489216,1.3920000055804849,0.7078750059008598,2.3053749464452267
778,yueyuan,movement,go,1208607,legacy_keyword_mapping,/Users/zilongzeng/Documents/data/yueyuan/go/001_208607.wav,yueyuan/go/001_208607.wav,emergency,0.99609375,0.99609375,0.0,0.0,"[127, -128, -128]",False,,,,,,,,,,,,,0.24979200679808855,1.3100829673931003,0.7182499393820763,2.2843340411782265
779,yueyuan,movement,go,2212514,legacy_keyword_mapping,/Users/zilongzeng/Documents/data/yueyuan/go/002_212514.wav,yueyuan/go/002_212514.wav,unknown,0.796875,0.12890625,0.0703125,0.796875,"[-95, -110, 76]",False,,,,,,,,,,,,,0.21579198073595762,1.299499999731779,0.653750030323863,2.174000022932887
780,yueyuan,movement,go,3215989,legacy_keyword_mapping,/Users/zilongzeng/Documents/data/yueyuan/go/003_215989.wav,yueyuan/go/003_215989.wav,emergency,0.99609375,0.99609375,0.00390625,0.0,"[127, -127, -128]",False,,,,,,,,,,,,,0.21245901007205248,1.1548340553417802,0.6910829106345773,2.06379103474319
781,yueyuan,movement,go,4219497,legacy_keyword_mapping,/Users/zilongzeng/Documents/data/yueyuan/go/004_219497.wav,yueyuan/go/004_219497.wav,emergency,0.99609375,0.99609375,0.0,0.0,"[127, -128, -128]",False,,,,,,,,,,,,,0.20345801021903753,1.2844160664826632,0.7164580747485161,2.211082959547639
782,yueyuan,movement,go,5222799,legacy_keyword_mapping,/Users/zilongzeng/Documents/data/yueyuan/go/005_222799.wav,yueyuan/go/005_222799.wav,emergency,0.90234375,0.90234375,0.09765625,0.0,"[103, -103, -128]",False,,,,,,,,,,,,,0.23708399385213852,1.2849170016124845,0.7232079515233636,2.2514580050483346
783,yueyuan,movement,go,6226147,legacy_keyword_mapping,/Users/zilongzeng/Documents/data/yueyuan/go/006_226147.wav,yueyuan/go/006_226147.wav,movement,0.91796875,0.08203125,0.91796875,0.0,"[-107, 107, -128]",True,,,,,,,,,,,,,0.22470904514193535,1.213999930769205,0.6702910177409649,2.1145830396562815
784,yueyuan,movement,go,7229785,legacy_keyword_mapping,/Users/zilongzeng/Documents/data/yueyuan/go/007_229785.wav,yueyuan/go/007_229785.wav,emergency,0.99609375,0.99609375,0.0,0.0,"[127, -128, -128]",False,,,,,,,,,,,,,0.20800007041543722,1.2078749714419246,0.7122079841792583,2.17066693585366
785,yueyuan,movement,go,8233069,legacy_keyword_mapping,/Users/zilongzeng/Documents/data/yueyuan/go/008_233069.wav,yueyuan/go/008_233069.wav,emergency,0.99609375,0.99609375,0.0,0.0,"[127, -128, -128]",False,,,,,,,,,,,,,0.304708955809474,1.456832978874445,0.7281659636646509,2.4972909595817327
786,yueyuan,movement,go,9236577,legacy_keyword_mapping,/Users/zilongzeng/Documents/data/yueyuan/go/009_236577.wav,yueyuan/go/009_236577.wav,movement,0.99609375,0.0,0.99609375,0.0,"[-128, 127, -128]",True,,,,,,,,,,,,,0.24416705127805471,1.3946660328656435,0.6074169650673866,2.2544589592143893
787,yueyuan,movement,left,364113,legacy_keyword_mapping,/Users/zilongzeng/Documents/data/yueyuan/left/000_364113.wav,yueyuan/left/000_364113.wav,movement,0.99609375,0.0,0.99609375,0.00390625,"[-128, 127, -127]",True,,,,,,,,,,,,,0.2675409195944667,1.1366249527782202,0.6683749379590154,2.0778749603778124
788,yueyuan,movement,left,1367448,legacy_keyword_mapping,/Users/zilongzeng/Documents/data/yueyuan/left/001_367448.wav,yueyuan/left/001_367448.wav,emergency,0.99609375,0.99609375,0.0,0.00390625,"[127, -128, -127]",False,,,,,,,,,,,,,0.23954198695719242,1.284959027543664,0.72825001552701,2.2617500508204103
789,yueyuan,movement,left,2370699,legacy_keyword_mapping,/Users/zilongzeng/Documents/data/yueyuan/left/002_370699.wav,yueyuan/left/002_370699.wav,unknown,0.99609375,0.00390625,0.0,0.99609375,"[-127, -128, 127]",False,,,,,,,,,,,,,0.26941706892102957,1.5553749399259686,0.7312500383704901,2.5653750635683537
790,yueyuan,movement,left,3373839,legacy_keyword_mapping,/Users/zilongzeng/Documents/data/yueyuan/left/003_373839.wav,yueyuan/left/003_373839.wav,emergency,0.99609375,0.99609375,0.0,0.0,"[127, -128, -128]",False,,,,,,,,,,,,,0.30687497928738594,1.2877089902758598,0.6690830923616886,2.2692499915137887
791,yueyuan,movement,left,4377058,legacy_keyword_mapping,/Users/zilongzeng/Documents/data/yueyuan/left/004_377058.wav,yueyuan/left/004_377058.wav,movement,0.99609375,0.0,0.99609375,0.00390625,"[-128, 127, -127]",True,,,,,,,,,,,,,0.21162501070648432,1.0972499148920178,0.683083082549274,1.99758296366781
792,yueyuan,movement,left,5380408,legacy_keyword_mapping,/Users/zilongzeng/Documents/data/yueyuan/left/005_380408.wav,yueyuan/left/005_380408.wav,unknown,0.99609375,0.0,0.0,0.99609375,"[-128, -128, 127]",False,,,,,,,,,,,,,0.20416697952896357,1.380917034111917,0.7233329815790057,2.316459082067013
793,yueyuan,movement,left,6383853,legacy_keyword_mapping,/Users/zilongzeng/Documents/data/yueyuan/left/006_383853.wav,yueyuan/left/006_383853.wav,movement,0.859375,0.0,0.859375,0.140625,"[-128, 92, -92]",True,,,,,,,,,,,,,0.27300009969621897,1.3973750174045563,0.7201249245554209,2.3965410655364394
794,yueyuan,movement,left,7387329,legacy_keyword_mapping,/Users/zilongzeng/Documents/data/yueyuan/left/007_387329.wav,yueyuan/left/007_387329.wav,movement,0.9921875,0.0,0.9921875,0.0078125,"[-128, 126, -126]",True,,,,,,,,,,,,,0.2875829814001918,1.2113749980926514,0.6772089982405305,2.181124989874661
795,yueyuan,movement,left,8391046,legacy_keyword_mapping,/Users/zilongzeng/Documents/data/yueyuan/left/008_391046.wav,yueyuan/left/008_391046.wav,unknown,0.99609375,0.0,0.0,0.99609375,"[-128, -128, 127]",False,,,,,,,,,,,,,0.21008402109146118,1.1238749139010906,0.7455000886693597,2.0888749277219176
796,yueyuan,movement,left,9394554,legacy_keyword_mapping,/Users/zilongzeng/Documents/data/yueyuan/left/009_394554.wav,yueyuan/left/009_394554.wav,emergency,0.99609375,0.99609375,0.0,0.0,"[127, -128, -128]",False,,,,,,,,,,,,,0.271917087957263,1.37908395845443,0.718125025741756,2.3750830441713333
797,yueyuan,movement,left,10780494,legacy_keyword_mapping,/Users/zilongzeng/Documents/data/yueyuan/left/010_780494.wav,yueyuan/left/010_780494.wav,emergency,0.99609375,0.99609375,0.0,0.0,"[127, -128, -128]",False,,,,,,,,,,,,,0.21837500389665365,1.4660420129075646,0.618209014646709,2.3111249320209026
798,yueyuan,movement,left,11786786,legacy_keyword_mapping,/Users/zilongzeng/Documents/data/yueyuan/left/011_786786.wav,yueyuan/left/011_786786.wav,movement,0.99609375,0.0,0.99609375,0.0,"[-128, 127, -128]",True,,,,,,,,,,,,,0.28974993620067835,1.2175419833511114,0.6639170460402966,2.1763750119134784
799,yueyuan,movement,left,12792807,legacy_keyword_mapping,/Users/zilongzeng/Documents/data/yueyuan/left/012_792807.wav,yueyuan/left/012_792807.wav,unknown,0.99609375,0.0,0.0,0.99609375,"[-128, -128, 127]",False,,,,,,,,,,,,,0.18862495198845863,1.4075000071898103,0.7366249337792397,2.341040992178023
800,yueyuan,movement,left,13797599,legacy_keyword_mapping,/Users/zilongzeng/Documents/data/yueyuan/left/013_797599.wav,yueyuan/left/013_797599.wav,emergency,0.48046875,0.48046875,0.04296875,0.48046875,"[-5, -117, -5]",False,,,,,,,,,,,,,0.24229101836681366,1.3885829830542207,0.7313330424949527,2.3687080247327685
801,yueyuan,unknown,no,221377,legacy_keyword_mapping,/Users/zilongzeng/Documents/data/yueyuan/no/000_221377.wav,yueyuan/no/000_221377.wav,emergency,0.8046875,0.8046875,0.1953125,0.0,"[78, -78, -128]",False,,,,,,,,,,,,,0.2247910015285015,1.3187919976189733,0.6676249904558063,2.216332941316068
802,yueyuan,unknown,no,1225096,legacy_keyword_mapping,/Users/zilongzeng/Documents/data/yueyuan/no/001_225096.wav,yueyuan/no/001_225096.wav,movement,0.99609375,0.0,0.99609375,0.0,"[-128, 127, -128]",False,,,,,,,,,,,,,0.20299991592764854,1.1614999966695905,0.7486250251531601,2.1215829765424132
803,yueyuan,unknown,no,2228395,legacy_keyword_mapping,/Users/zilongzeng/Documents/data/yueyuan/no/002_228395.wav,yueyuan/no/002_228395.wav,movement,0.99609375,0.0,0.99609375,0.0,"[-128, 127, -128]",False,,,,,,,,,,,,,0.19820802845060825,1.3633749913424253,0.7248329930007458,2.2932080319151282
804,yueyuan,unknown,no,3231679,legacy_keyword_mapping,/Users/zilongzeng/Documents/data/yueyuan/no/003_231679.wav,yueyuan/no/003_231679.wav,movement,0.73046875,0.265625,0.73046875,0.00390625,"[-60, 59, -127]",False,,,,,,,,,,,,,0.2238750457763672,1.2787500163540244,0.7238340331241488,2.232957980595529
805,yueyuan,unknown,no,4235762,legacy_keyword_mapping,/Users/zilongzeng/Documents/data/yueyuan/no/004_235762.wav,yueyuan/no/004_235762.wav,movement,0.99609375,0.0,0.99609375,0.0,"[-128, 127, -128]",False,,,,,,,,,,,,,0.2017091028392315,1.16304203402251,0.6591250421479344,2.0288750529289246
806,yueyuan,unknown,no,5240089,legacy_keyword_mapping,/Users/zilongzeng/Documents/data/yueyuan/no/005_240089.wav,yueyuan/no/005_240089.wav,movement,0.99609375,0.0,0.99609375,0.0,"[-128, 127, -128]",False,,,,,,,,,,,,,0.21937501151114702,1.2067080242559314,0.7499580970034003,2.184333046898246
807,yueyuan,unknown,no,6243167,legacy_keyword_mapping,/Users/zilongzeng/Documents/data/yueyuan/no/006_243167.wav,yueyuan/no/006_243167.wav,emergency,0.91796875,0.91796875,0.08203125,0.0,"[107, -107, -128]",False,,,,,,,,,,,,,0.24124991614371538,1.4144580345600843,0.7302499143406749,2.3918329970911145
808,yueyuan,unknown,no,7246529,legacy_keyword_mapping,/Users/zilongzeng/Documents/data/yueyuan/no/007_246529.wav,yueyuan/no/007_246529.wav,movement,0.9921875,0.0,0.9921875,0.0078125,"[-128, 126, -126]",False,,,,,,,,,,,,,0.20499993115663528,1.2934580445289612,0.6831249920651317,2.187084057368338
809,yueyuan,unknown,no,8250103,legacy_keyword_mapping,/Users/zilongzeng/Documents/data/yueyuan/no/008_250103.wav,yueyuan/no/008_250103.wav,movement,0.99609375,0.0,0.99609375,0.0,"[-128, 127, -128]",False,,,,,,,,,,,,,0.06841693539172411,1.1482919799163938,0.6719999946653843,1.8932080129161477
810,yueyuan,unknown,no,9253291,legacy_keyword_mapping,/Users/zilongzeng/Documents/data/yueyuan/no/009_253291.wav,yueyuan/no/009_253291.wav,emergency,0.9375,0.9375,0.0234375,0.0390625,"[112, -122, -118]",False,,,,,,,,,,,,,0.20124996080994606,1.2077920837327838,0.7222919957712293,2.1391670452430844
811,yueyuan,unknown,no,10521758,legacy_keyword_mapping,/Users/zilongzeng/Documents/data/yueyuan/no/010_521758.wav,yueyuan/no/010_521758.wav,emergency,0.48828125,0.48828125,0.01953125,0.48828125,"[-3, -123, -3]",False,,,,,,,,,,,,,0.2334589371457696,1.462083077058196,0.6733330665156245,2.3761249613016844
812,yueyuan,unknown,no,11525060,legacy_keyword_mapping,/Users/zilongzeng/Documents/data/yueyuan/no/011_525060.wav,yueyuan/no/011_525060.wav,movement,0.99609375,0.0,0.99609375,0.00390625,"[-128, 127, -127]",False,,,,,,,,,,,,,0.19820791203528643,1.2902499875053763,0.6862500449642539,2.1797079825773835
813,yueyuan,unknown,no,12527736,legacy_keyword_mapping,/Users/zilongzeng/Documents/data/yueyuan/no/012_527736.wav,yueyuan/no/012_527736.wav,emergency,0.99609375,0.99609375,0.0,0.0,"[127, -128, -128]",False,,,,,,,,,,,,,0.19145896658301353,1.134334015659988,0.6516249850392342,1.9820000743493438
814,yueyuan,unknown,no,13530830,legacy_keyword_mapping,/Users/zilongzeng/Documents/data/yueyuan/no/013_530830.wav,yueyuan/no/013_530830.wav,movement,0.99609375,0.0,0.99609375,0.0,"[-128, 127, -128]",False,,,,,,,,,,,,,0.20058301743119955,1.3434580760076642,0.7230829214677215,2.273958991281688
815,yueyuan,unknown,no,14533267,legacy_keyword_mapping,/Users/zilongzeng/Documents/data/yueyuan/no/014_533267.wav,yueyuan/no/014_533267.wav,emergency,0.99609375,0.99609375,0.0,0.0,"[127, -128, -128]",False,,,,,,,,,,,,,0.2340000355616212,1.3597909128293395,0.7160829845815897,2.31591600459069
816,yueyuan,unknown,no,15537145,legacy_keyword_mapping,/Users/zilongzeng/Documents/data/yueyuan/no/015_537145.wav,yueyuan/no/015_537145.wav,movement,0.99609375,0.0,0.99609375,0.0,"[-128, 127, -128]",False,,,,,,,,,,,,,0.2774999011307955,1.2362089473754168,0.6527500227093697,2.1715419134125113
817,yueyuan,unknown,no,16540817,legacy_keyword_mapping,/Users/zilongzeng/Documents/data/yueyuan/no/016_540817.wav,yueyuan/no/016_540817.wav,movement,0.99609375,0.0,0.99609375,0.0,"[-128, 127, -128]",False,,,,,,,,,,,,,0.06358395330607891,1.1588339693844318,0.6577919702976942,1.8847909523174167
818,yueyuan,unknown,no,17547048,legacy_keyword_mapping,/Users/zilongzeng/Documents/data/yueyuan/no/017_547048.wav,yueyuan/no/017_547048.wav,unknown,0.98046875,0.0078125,0.0078125,0.98046875,"[-126, -126, 123]",True,,,,,,,,,,,,,0.07566693238914013,1.442041015252471,0.7234159857034683,2.247624914161861
819,yueyuan,unknown,no,18550943,legacy_keyword_mapping,/Users/zilongzeng/Documents/data/yueyuan/no/018_550943.wav,yueyuan/no/018_550943.wav,unknown,0.81640625,0.07421875,0.109375,0.81640625,"[-109, -100, 81]",True,,,,,,,,,,,,,0.23204204626381397,1.312167034484446,0.7249589543789625,2.275416045449674
820,yueyuan,unknown,no,19554327,legacy_keyword_mapping,/Users/zilongzeng/Documents/data/yueyuan/no/019_554327.wav,yueyuan/no/019_554327.wav,emergency,0.99609375,0.99609375,0.0,0.0,"[127, -128, -128]",False,,,,,,,,,,,,,0.21812506020069122,1.2720419326797128,0.6513750413432717,2.1466249600052834
821,yueyuan,unknown,no,20559743,legacy_keyword_mapping,/Users/zilongzeng/Documents/data/yueyuan/no/020_559743.wav,yueyuan/no/020_559743.wav,emergency,0.59765625,0.59765625,0.00390625,0.3984375,"[25, -127, -26]",False,,,,,,,,,,,,,0.2287919633090496,1.1837499914690852,0.7320420118048787,2.1513330284506083
822,yueyuan,unknown,no,21565097,legacy_keyword_mapping,/Users/zilongzeng/Documents/data/yueyuan/no/021_565097.wav,yueyuan/no/021_565097.wav,emergency,0.8828125,0.8828125,0.1171875,0.0,"[98, -98, -128]",False,,,,,,,,,,,,,0.19187491852790117,1.3400419848039746,0.7283750455826521,2.2660830290988088
823,yueyuan,unknown,one,243418,legacy_keyword_mapping,/Users/zilongzeng/Documents/data/yueyuan/one/000_243418.wav,yueyuan/one/000_243418.wav,unknown,0.99609375,0.0,0.0,0.99609375,"[-128, -128, 127]",True,,,,,,,,,,,,,0.20800007041543722,1.4049999881535769,0.6987079977989197,2.317375037819147
824,yueyuan,unknown,one,1247791,legacy_keyword_mapping,/Users/zilongzeng/Documents/data/yueyuan/one/001_247791.wav,yueyuan/one/001_247791.wav,unknown,0.99609375,0.0,0.0,0.99609375,"[-128, -128, 127]",True,,,,,,,,,,,,,0.24675007443875074,1.1848330032080412,0.6583749782294035,2.0951670594513416
825,yueyuan,unknown,one,2251570,legacy_keyword_mapping,/Users/zilongzeng/Documents/data/yueyuan/one/002_251570.wav,yueyuan/one/002_251570.wav,emergency,0.76953125,0.76953125,0.0,0.23046875,"[69, -128, -69]",False,,,,,,,,,,,,,0.1978330546990037,1.2569579994305968,0.6445420440286398,2.112500020302832
826,yueyuan,unknown,one,3255381,legacy_keyword_mapping,/Users/zilongzeng/Documents/data/yueyuan/one/003_255381.wav,yueyuan/one/003_255381.wav,emergency,0.9609375,0.9609375,0.0,0.0390625,"[118, -128, -118]",False,,,,,,,,,,,,,0.295999925583601,1.3598339864984155,0.7390830432996154,2.4028749903663993
827,yueyuan,unknown,one,4259241,legacy_keyword_mapping,/Users/zilongzeng/Documents/data/yueyuan/one/004_259241.wav,yueyuan/one/004_259241.wav,unknown,0.953125,0.046875,0.0,0.953125,"[-116, -128, 116]",True,,,,,,,,,,,,,0.232999911531806,1.379166031256318,0.716041075065732,2.333541982807219
828,yueyuan,unknown,one,5263376,legacy_keyword_mapping,/Users/zilongzeng/Documents/data/yueyuan/one/005_263376.wav,yueyuan/one/005_263376.wav,unknown,0.99609375,0.0,0.0,0.99609375,"[-128, -128, 127]",True,,,,,,,,,,,,,0.225124997086823,1.1417079949751496,0.6540830945596099,2.0256669959053397
829,yueyuan,unknown,one,6267747,legacy_keyword_mapping,/Users/zilongzeng/Documents/data/yueyuan/one/006_267747.wav,yueyuan/one/006_267747.wav,emergency,0.99609375,0.99609375,0.0,0.0,"[127, -128, -128]",False,,,,,,,,,,,,,0.20758295431733131,1.3859579339623451,0.7242499850690365,2.324625034816563
830,yueyuan,unknown,one,7271256,legacy_keyword_mapping,/Users/zilongzeng/Documents/data/yueyuan/one/007_271256.wav,yueyuan/one/007_271256.wav,emergency,0.99609375,0.99609375,0.0,0.0,"[127, -128, -128]",False,,,,,,,,,,,,,0.2472080523148179,1.4309579273685813,0.7246669847518206,2.409250009804964
831,yueyuan,unknown,one,8275661,legacy_keyword_mapping,/Users/zilongzeng/Documents/data/yueyuan/one/008_275661.wav,yueyuan/one/008_275661.wav,emergency,0.97265625,0.97265625,0.0,0.02734375,"[121, -128, -121]",False,,,,,,,,,,,,,0.25420798920094967,1.3553750468418002,0.6568329408764839,2.2714579245075583
832,yueyuan,unknown,one,9279105,legacy_keyword_mapping,/Users/zilongzeng/Documents/data/yueyuan/one/009_279105.wav,yueyuan/one/009_279105.wav,unknown,0.99609375,0.0,0.0,0.99609375,"[-128, -128, 127]",True,,,,,,,,,,,,,0.20529201719909906,1.1787910480052233,0.7478329353034496,2.1395409712567925
833,yueyuan,movement,right,400560,legacy_keyword_mapping,/Users/zilongzeng/Documents/data/yueyuan/right/000_400560.wav,yueyuan/right/000_400560.wav,movement,0.99609375,0.0,0.99609375,0.0,"[-128, 127, -128]",True,,,,,,,,,,,,,0.20162505097687244,1.3434579595923424,0.7287920452654362,2.280042041093111
834,yueyuan,movement,right,1404088,legacy_keyword_mapping,/Users/zilongzeng/Documents/data/yueyuan/right/001_404088.wav,yueyuan/right/001_404088.wav,movement,0.99609375,0.0,0.99609375,0.0,"[-128, 127, -128]",True,,,,,,,,,,,,,0.2316669560968876,1.3240419793874025,0.7054159650579095,2.2665829164907336
835,yueyuan,movement,right,2729419,legacy_keyword_mapping,/Users/zilongzeng/Documents/data/yueyuan/right/002_729419.wav,yueyuan/right/002_729419.wav,movement,0.99609375,0.0,0.99609375,0.0,"[-128, 127, -128]",True,,,,,,,,,,,,,0.21487497724592686,1.2544590281322598,0.7001670310273767,2.1740839583799243
836,yueyuan,movement,right,3733615,legacy_keyword_mapping,/Users/zilongzeng/Documents/data/yueyuan/right/003_733615.wav,yueyuan/right/003_733615.wav,movement,0.99609375,0.0,0.99609375,0.0,"[-128, 127, -128]",True,,,,,,,,,,,,,0.20591693464666605,1.3122080126777291,0.6436249241232872,2.1706660045310855
837,yueyuan,movement,right,4736882,legacy_keyword_mapping,/Users/zilongzeng/Documents/data/yueyuan/right/004_736882.wav,yueyuan/right/004_736882.wav,movement,0.99609375,0.0,0.99609375,0.0,"[-128, 127, -128]",True,,,,,,,,,,,,,0.3250830341130495,1.4403339009732008,0.7242501014843583,2.4989170487970114
838,yueyuan,movement,right,5739992,legacy_keyword_mapping,/Users/zilongzeng/Documents/data/yueyuan/right/005_739992.wav,yueyuan/right/005_739992.wav,movement,0.99609375,0.0,0.99609375,0.0,"[-128, 127, -128]",True,,,,,,,,,,,,,0.24237495381385088,1.2925409246236086,0.7175420178100467,2.2588749416172504
839,yueyuan,movement,right,6743052,legacy_keyword_mapping,/Users/zilongzeng/Documents/data/yueyuan/right/006_743052.wav,yueyuan/right/006_743052.wav,movement,0.99609375,0.0,0.99609375,0.0,"[-128, 127, -128]",True,,,,,,,,,,,,,0.21187507081776857,1.3404169585555792,0.6290839519351721,2.1904580062255263
840,yueyuan,movement,right,7746129,legacy_keyword_mapping,/Users/zilongzeng/Documents/data/yueyuan/right/007_746129.wav,yueyuan/right/007_746129.wav,unknown,0.765625,0.046875,0.1875,0.765625,"[-116, -80, 68]",False,,,,,,,,,,,,,0.3349999897181988,1.4051670441403985,0.7226249435916543,2.470540930517018
841,yueyuan,movement,right,8749813,legacy_keyword_mapping,/Users/zilongzeng/Documents/data/yueyuan/right/008_749813.wav,yueyuan/right/008_749813.wav,movement,0.99609375,0.0,0.99609375,0.0,"[-128, 127, -128]",True,,,,,,,,,,,,,0.23883406538516283,1.4787920517846942,0.7255000527948141,2.449874999001622
842,yueyuan,movement,right,9754347,legacy_keyword_mapping,/Users/zilongzeng/Documents/data/yueyuan/right/009_754347.wav,yueyuan/right/009_754347.wav,movement,0.99609375,0.0,0.99609375,0.0,"[-128, 127, -128]",True,,,,,,,,,,,,,0.2164168981835246,1.2600000482052565,0.6644170498475432,2.145916922017932
843,yueyuan,emergency,stop,1051104,legacy_keyword_mapping,/Users/zilongzeng/Documents/data/yueyuan/stop/010_51104.wav,yueyuan/stop/010_51104.wav,movement,0.83203125,0.16796875,0.83203125,0.0,"[-85, 85, -128]",False,,,,,,,,,,,,,0.20462495740503073,1.159333041869104,0.7329999934881926,2.140832948498428
844,yueyuan,emergency,stop,1275842,legacy_keyword_mapping,/Users/zilongzeng/Documents/data/yueyuan/stop/001_275842.wav,yueyuan/stop/001_275842.wav,movement,0.99609375,0.0,0.99609375,0.00390625,"[-128, 127, -127]",False,,,,,,,,,,,,,0.3260000376030803,1.368124969303608,0.7257920224219561,2.4274999741464853
845,yueyuan,emergency,stop,2279973,legacy_keyword_mapping,/Users/zilongzeng/Documents/data/yueyuan/stop/002_279973.wav,yueyuan/stop/002_279973.wav,movement,0.99609375,0.0,0.99609375,0.0,"[-128, 127, -128]",False,,,,,,,,,,,,,0.11095800437033176,1.503499923273921,0.701459008269012,2.321917098015547
846,yueyuan,emergency,stop,3283688,legacy_keyword_mapping,/Users/zilongzeng/Documents/data/yueyuan/stop/003_283688.wav,yueyuan/stop/003_283688.wav,movement,0.765625,0.08203125,0.765625,0.15234375,"[-107, 68, -89]",False,,,,,,,,,,,,,0.07299997378140688,1.1601669248193502,0.6525840144604445,1.8907919293269515
847,yueyuan,emergency,stop,4287131,legacy_keyword_mapping,/Users/zilongzeng/Documents/data/yueyuan/stop/004_287131.wav,yueyuan/stop/004_287131.wav,movement,0.99609375,0.0,0.99609375,0.0,"[-128, 127, -128]",False,,,,,,,,,,,,,0.06716698408126831,1.3075420865789056,0.6364160217344761,2.020249958150089
848,yueyuan,emergency,stop,5290401,legacy_keyword_mapping,/Users/zilongzeng/Documents/data/yueyuan/stop/005_290401.wav,yueyuan/stop/005_290401.wav,emergency,0.91796875,0.91796875,0.0,0.08203125,"[107, -128, -107]",True,,,,,,,,,,,,,0.167334103025496,1.3351250672712922,0.7067499682307243,2.2161660017445683
849,yueyuan,emergency,stop,6293670,legacy_keyword_mapping,/Users/zilongzeng/Documents/data/yueyuan/stop/006_293670.wav,yueyuan/stop/006_293670.wav,movement,0.99609375,0.0,0.99609375,0.0,"[-128, 127, -128]",False,,,,,,,,,,,,,0.09883299935609102,1.3426659861579537,0.7142079994082451,2.161749987863004
850,yueyuan,emergency,stop,7297994,legacy_keyword_mapping,/Users/zilongzeng/Documents/data/yueyuan/stop/007_297994.wav,yueyuan/stop/007_297994.wav,movement,0.984375,0.0,0.984375,0.015625,"[-128, 124, -124]",False,,,,,,,,,,,,,0.20883302204310894,1.1310409754514694,0.6466660415753722,1.991167082451284
851,yueyuan,emergency,stop,8301695,legacy_keyword_mapping,/Users/zilongzeng/Documents/data/yueyuan/stop/008_301695.wav,yueyuan/stop/008_301695.wav,movement,0.99609375,0.0,0.99609375,0.0,"[-128, 127, -128]",False,,,,,,,,,,,,,0.21437497343868017,1.3028329703956842,0.7172919576987624,2.2412079852074385
852,yueyuan,emergency,stop,9305987,legacy_keyword_mapping,/Users/zilongzeng/Documents/data/yueyuan/stop/009_305987.wav,yueyuan/stop/009_305987.wav,movement,0.6796875,0.3046875,0.6796875,0.015625,"[-50, 46, -124]",False,,,,,,,,,,,,,0.08520891424268484,1.2795421062037349,0.7101671071723104,2.0806249231100082
853,yueyuan,emergency,stop,10320537,legacy_keyword_mapping,/Users/zilongzeng/Documents/data/yueyuan/stop/010_320537.wav,yueyuan/stop/010_320537.wav,movement,0.99609375,0.0,0.99609375,0.0,"[-128, 127, -128]",False,,,,,,,,,,,,,0.07629103492945433,1.2337090447545052,0.704374979250133,2.0193749805912375
854,yueyuan,emergency,stop,11391506,legacy_keyword_mapping,/Users/zilongzeng/Documents/data/yueyuan/stop/011_391506.wav,yueyuan/stop/011_391506.wav,emergency,0.828125,0.828125,0.1640625,0.00390625,"[84, -86, -127]",True,,,,,,,,,,,,,0.06787502206861973,1.1743330396711826,0.6578749744221568,1.9048339454457164
855,yueyuan,emergency,stop,12396234,legacy_keyword_mapping,/Users/zilongzeng/Documents/data/yueyuan/stop/012_396234.wav,yueyuan/stop/012_396234.wav,emergency,0.63671875,0.63671875,0.015625,0.34765625,"[35, -124, -39]",True,,,,,,,,,,,,,0.06049999501556158,1.4096250524744391,0.738459057174623,2.2154999896883965
856,yueyuan,emergency,stop,13400125,legacy_keyword_mapping,/Users/zilongzeng/Documents/data/yueyuan/stop/013_400125.wav,yueyuan/stop/013_400125.wav,emergency,0.99609375,0.99609375,0.0,0.00390625,"[127, -128, -127]",True,,,,,,,,,,,,,0.11591706424951553,1.437708968296647,0.6314999191090465,2.194124972447753
857,yueyuan,emergency,stop,14403652,legacy_keyword_mapping,/Users/zilongzeng/Documents/data/yueyuan/stop/014_403652.wav,yueyuan/stop/014_403652.wav,unknown,0.90625,0.08203125,0.01171875,0.90625,"[-107, -125, 104]",False,,,,,,,,,,,,,0.17079210374504328,1.2779999524354935,0.6762499688193202,2.1306659327819943
858,yueyuan,emergency,stop,15406968,legacy_keyword_mapping,/Users/zilongzeng/Documents/data/yueyuan/stop/015_406968.wav,yueyuan/stop/015_406968.wav,emergency,0.9765625,0.9765625,0.0,0.01953125,"[122, -128, -123]",True,,,,,,,,,,,,,0.06720796227455139,1.23774993699044,0.6515419809147716,1.9612499745562673
859,yueyuan,emergency,stop,16410178,legacy_keyword_mapping,/Users/zilongzeng/Documents/data/yueyuan/stop/016_410178.wav,yueyuan/stop/016_410178.wav,emergency,0.703125,0.703125,0.04296875,0.2578125,"[52, -117, -62]",True,,,,,,,,,,,,,0.08029094897210598,1.3766250340268016,0.7234159857034683,2.1870420314371586
860,yueyuan,emergency,stop,17413273,legacy_keyword_mapping,/Users/zilongzeng/Documents/data/yueyuan/stop/017_413273.wav,yueyuan/stop/017_413273.wav,movement,0.91015625,0.03515625,0.91015625,0.0546875,"[-119, 105, -114]",False,,,,,,,,,,,,,0.11829205323010683,1.3281248975545168,0.7232499774545431,2.1754580084234476
861,yueyuan,emergency,stop,18416528,legacy_keyword_mapping,/Users/zilongzeng/Documents/data/yueyuan/stop/018_416528.wav,yueyuan/stop/018_416528.wav,movement,0.76171875,0.0078125,0.76171875,0.2265625,"[-126, 67, -70]",False,,,,,,,,,,,,,0.07645797450095415,1.2826250167563558,0.6662079831585288,2.0301250042393804
862,yueyuan,emergency,stop,19419431,legacy_keyword_mapping,/Users/zilongzeng/Documents/data/yueyuan/stop/019_419431.wav,yueyuan/stop/019_419431.wav,emergency,0.98046875,0.98046875,0.015625,0.0,"[123, -124, -128]",True,,,,,,,,,,,,,0.06191700231283903,1.1590829817578197,0.6606669630855322,1.8864159937947989
863,yueyuan,emergency,stop,20432351,legacy_keyword_mapping,/Users/zilongzeng/Documents/data/yueyuan/stop/020_432351.wav,yueyuan/stop/020_432351.wav,unknown,0.96875,0.0,0.03125,0.96875,"[-128, -120, 120]",False,,,,,,,,,,,,,0.05150004290044308,1.281500095501542,0.7207910530269146,2.0606250036507845
864,yueyuan,unknown,two,283696,legacy_keyword_mapping,/Users/zilongzeng/Documents/data/yueyuan/two/000_283696.wav,yueyuan/two/000_283696.wav,unknown,0.7734375,0.1875,0.0390625,0.7734375,"[-80, -118, 70]",True,,,,,,,,,,,,,0.23512495681643486,1.3364580227062106,0.7164579583331943,2.294000005349517
865,yueyuan,unknown,two,1287387,legacy_keyword_mapping,/Users/zilongzeng/Documents/data/yueyuan/two/001_287387.wav,yueyuan/two/001_287387.wav,emergency,0.89453125,0.89453125,0.00390625,0.09765625,"[101, -127, -103]",False,,,,,,,,,,,,,0.24637498427182436,1.2476249830797315,0.6722919642925262,2.170959021896124
866,yueyuan,unknown,two,2290528,legacy_keyword_mapping,/Users/zilongzeng/Documents/data/yueyuan/two/002_290528.wav,yueyuan/two/002_290528.wav,unknown,0.99609375,0.0,0.0,0.99609375,"[-128, -128, 127]",True,,,,,,,,,,,,,0.06975000724196434,1.1799170169979334,0.6590420380234718,1.913666957989335
867,yueyuan,unknown,two,3293973,legacy_keyword_mapping,/Users/zilongzeng/Documents/data/yueyuan/two/003_293973.wav,yueyuan/two/003_293973.wav,movement,0.9921875,0.00390625,0.9921875,0.00390625,"[-127, 126, -127]",False,,,,,,,,,,,,,0.055916025303304195,1.5710419975221157,0.6299170199781656,2.2671669721603394
868,yueyuan,unknown,two,4297865,legacy_keyword_mapping,/Users/zilongzeng/Documents/data/yueyuan/two/004_297865.wav,yueyuan/two/004_297865.wav,emergency,0.99609375,0.99609375,0.0,0.0,"[127, -128, -128]",False,,,,,,,,,,,,,0.17062504775822163,1.3951669679954648,0.7184999994933605,2.2914580767974257
869,yueyuan,unknown,two,5301120,legacy_keyword_mapping,/Users/zilongzeng/Documents/data/yueyuan/two/005_301120.wav,yueyuan/two/005_301120.wav,emergency,0.99609375,0.99609375,0.0,0.0,"[127, -128, -128]",False,,,,,,,,,,,,,0.10091590229421854,1.2583750067278743,0.6560420151799917,2.0202919840812683
870,yueyuan,unknown,wow,274209,legacy_keyword_mapping,/Users/zilongzeng/Documents/data/yueyuan/wow/000_274209.wav,yueyuan/wow/000_274209.wav,movement,0.984375,0.015625,0.984375,0.0,"[-124, 124, -128]",False,,,,,,,,,,,,,0.06374996155500412,1.3425829820334911,0.726083992049098,2.1397500531747937
871,yueyuan,unknown,wow,1277544,legacy_keyword_mapping,/Users/zilongzeng/Documents/data/yueyuan/wow/001_277544.wav,yueyuan/wow/001_277544.wav,emergency,0.83203125,0.83203125,0.16796875,0.0,"[85, -85, -128]",False,,,,,,,,,,,,,0.06133399438112974,1.3354589464142919,0.7197920931503177,2.1229588892310858
872,yueyuan,unknown,wow,2283467,legacy_keyword_mapping,/Users/zilongzeng/Documents/data/yueyuan/wow/002_283467.wav,yueyuan/wow/002_283467.wav,movement,0.99609375,0.0,0.99609375,0.0,"[-128, 127, -128]",False,,,,,,,,,,,,,0.08829205762594938,1.2771249748766422,0.721417018212378,2.0949579775333405
873,yueyuan,unknown,wow,3286751,legacy_keyword_mapping,/Users/zilongzeng/Documents/data/yueyuan/wow/003_286751.wav,yueyuan/wow/003_286751.wav,movement,0.96875,0.03125,0.96875,0.0,"[-120, 120, -128]",False,,,,,,,,,,,,,0.07962493691593409,1.2902079615741968,0.6605410017073154,2.0352500723674893
874,yueyuan,unknown,wow,4290434,legacy_keyword_mapping,/Users/zilongzeng/Documents/data/yueyuan/wow/004_290434.wav,yueyuan/wow/004_290434.wav,unknown,0.6796875,0.015625,0.3046875,0.6796875,"[-124, -50, 46]",True,,,,,,,,,,,,,0.058542005717754364,1.1365000391378999,0.8826659759506583,2.088958048261702
875,yueyuan,unknown,wow,5301561,legacy_keyword_mapping,/Users/zilongzeng/Documents/data/yueyuan/wow/005_301561.wav,yueyuan/wow/005_301561.wav,emergency,0.96875,0.96875,0.03125,0.0,"[120, -120, -128]",False,,,,,,,,,,,,,0.23245904594659805,1.591124921105802,0.7504170062020421,2.584708039648831
876,yueyuan,unknown,wow,6304653,legacy_keyword_mapping,/Users/zilongzeng/Documents/data/yueyuan/wow/006_304653.wav,yueyuan/wow/006_304653.wav,emergency,0.99609375,0.99609375,0.0,0.0,"[127, -128, -128]",False,,,,,,,,,,,,,0.29437500052154064,1.3188750017434359,0.6808750331401825,2.2992920130491257
877,yueyuan,unknown,wow,7308082,legacy_keyword_mapping,/Users/zilongzeng/Documents/data/yueyuan/wow/007_308082.wav,yueyuan/wow/007_308082.wav,movement,0.99609375,0.0,0.99609375,0.0,"[-128, 127, -128]",False,,,,,,,,,,,,,0.07191591430455446,1.143750036135316,0.6749999010935426,1.8956250278279185
878,yueyuan,unknown,wow,8311366,legacy_keyword_mapping,/Users/zilongzeng/Documents/data/yueyuan/wow/008_311366.wav,yueyuan/wow/008_311366.wav,movement,0.73046875,0.265625,0.73046875,0.00390625,"[-60, 59, -127]",False,,,,,,,,,,,,,0.05191704258322716,1.170624978840351,0.7510839495807886,1.9849169766530395
879,yueyuan,unknown,wow,9314682,legacy_keyword_mapping,/Users/zilongzeng/Documents/data/yueyuan/wow/009_314682.wav,yueyuan/wow/009_314682.wav,unknown,0.96875,0.03125,0.0,0.96875,"[-120, -128, 120]",True,,,,,,,,,,,,,0.10912504512816668,1.386999967508018,0.6846250034868717,2.1871660137549043
880,yueyuan,unknown,wow,10575839,legacy_keyword_mapping,/Users/zilongzeng/Documents/data/yueyuan/wow/010_575839.wav,yueyuan/wow/010_575839.wav,emergency,0.5234375,0.5234375,0.046875,0.4296875,"[6, -116, -18]",False,,,,,,,,,,,,,0.07083301898092031,1.197167090140283,0.6674999604001641,1.944042043760419
881,yueyuan,unknown,wow,11580193,legacy_keyword_mapping,/Users/zilongzeng/Documents/data/yueyuan/wow/011_580193.wav,yueyuan/wow/011_580193.wav,emergency,0.64453125,0.64453125,0.3515625,0.00390625,"[37, -38, -127]",False,,,,,,,,,,,,,0.10020798072218895,1.285332953557372,0.667374930344522,2.0579580450430512
882,yueyuan,unknown,wow,12583815,legacy_keyword_mapping,/Users/zilongzeng/Documents/data/yueyuan/wow/012_583815.wav,yueyuan/wow/012_583815.wav,emergency,0.99609375,0.99609375,0.0,0.0,"[127, -128, -128]",False,,,,,,,,,,,,,0.07366703357547522,1.4828749699518085,0.7230410119518638,2.287624985910952
883,yueyuan,unknown,wow,13588813,legacy_keyword_mapping,/Users/zilongzeng/Documents/data/yueyuan/wow/013_588813.wav,yueyuan/wow/013_588813.wav,emergency,0.99609375,0.99609375,0.0,0.0,"[127, -128, -128]",False,,,,,,,,,,,,,0.11641706805676222,1.5235838945955038,0.6227080011740327,2.2713340586051345
884,yueyuan,unknown,wow,14591603,legacy_keyword_mapping,/Users/zilongzeng/Documents/data/yueyuan/wow/014_591603.wav,yueyuan/wow/014_591603.wav,unknown,0.94140625,0.0546875,0.0,0.94140625,"[-114, -128, 113]",True,,,,,,,,,,,,,0.16008294187486172,1.3232920318841934,0.7141249952837825,2.2039590403437614
885,yueyuan,unknown,wow,15595513,legacy_keyword_mapping,/Users/zilongzeng/Documents/data/yueyuan/wow/015_595513.wav,yueyuan/wow/015_595513.wav,unknown,0.9453125,0.0078125,0.046875,0.9453125,"[-126, -116, 114]",True,,,,,,,,,,,,,0.09758304804563522,1.1518750106915832,0.6906669586896896,1.9452499691396952
886,yueyuan,unknown,wow,16598865,legacy_keyword_mapping,/Users/zilongzeng/Documents/data/yueyuan/wow/016_598865.wav,yueyuan/wow/016_598865.wav,emergency,0.99609375,0.99609375,0.0,0.0,"[127, -128, -128]",False,,,,,,,,,,,,,0.06358395330607891,1.3086670078337193,0.7274580420926213,2.1069999784231186
887,yueyuan,unknown,wow,17603545,legacy_keyword_mapping,/Users/zilongzeng/Documents/data/yueyuan/wow/017_603545.wav,yueyuan/wow/017_603545.wav,unknown,0.7265625,0.265625,0.01171875,0.7265625,"[-60, -125, 58]",True,,,,,,,,,,,,,0.1028330298140645,1.388833043165505,0.7145829731598496,2.212374936789274
888,yueyuan,unknown,wow,18607808,legacy_keyword_mapping,/Users/zilongzeng/Documents/data/yueyuan/wow/018_607808.wav,yueyuan/wow/018_607808.wav,movement,0.953125,0.046875,0.953125,0.0,"[-116, 116, -128]",False,,,,,,,,,,,,,0.07604202255606651,1.442000037059188,0.6281249225139618,2.1553750848397613
889,yueyuan,unknown,wow,19610919,legacy_keyword_mapping,/Users/zilongzeng/Documents/data/yueyuan/wow/019_610919.wav,yueyuan/wow/019_610919.wav,emergency,0.99609375,0.99609375,0.0,0.0,"[127, -128, -128]",False,,,,,,,,,,,,,0.15895802062004805,1.3152919709682465,0.6629159906879067,2.14395800139755
890,yueyuan,unknown,wow,20615875,legacy_keyword_mapping,/Users/zilongzeng/Documents/data/yueyuan/wow/020_615875.wav,yueyuan/wow/020_615875.wav,emergency,0.99609375,0.99609375,0.0,0.0,"[127, -128, -128]",False,,,,,,,,,,,,,0.08616701234132051,1.3981659431010485,0.7267079781740904,2.2197909420356154
891,yueyuan,unknown,wow,21621031,legacy_keyword_mapping,/Users/zilongzeng/Documents/data/yueyuan/wow/021_621031.wav,yueyuan/wow/021_621031.wav,emergency,0.94140625,0.94140625,0.0,0.0546875,"[113, -128, -114]",False,,,,,,,,,,,,,0.27475005481392145,1.3435420114547014,0.7295840186998248,2.354125026613474
892,yueyuan,unknown,yes,329369,legacy_keyword_mapping,/Users/zilongzeng/Documents/data/yueyuan/yes/000_329369.wav,yueyuan/yes/000_329369.wav,emergency,0.984375,0.984375,0.015625,0.0,"[124, -124, -128]",False,,,,,,,,,,,,,0.22654200438410044,1.4007920399308205,0.6217079935595393,2.258292050100863
893,yueyuan,unknown,yes,1333026,legacy_keyword_mapping,/Users/zilongzeng/Documents/data/yueyuan/yes/001_333026.wav,yueyuan/yes/001_333026.wav,emergency,0.99609375,0.99609375,0.0,0.0,"[127, -128, -128]",False,,,,,,,,,,,,,0.42975007090717554,1.236374955624342,0.7345839403569698,2.4110000813379884
894,yueyuan,unknown,yes,2336981,legacy_keyword_mapping,/Users/zilongzeng/Documents/data/yueyuan/yes/002_336981.wav,yueyuan/yes/002_336981.wav,emergency,0.859375,0.859375,0.140625,0.0,"[92, -92, -128]",False,,,,,,,,,,,,,0.10308390483260155,1.341374940238893,0.7186669390648603,2.1698749624192715
895,yueyuan,unknown,yes,3340600,legacy_keyword_mapping,/Users/zilongzeng/Documents/data/yueyuan/yes/003_340600.wav,yueyuan/yes/003_340600.wav,movement,0.99609375,0.0,0.99609375,0.0,"[-128, 127, -128]",False,,,,,,,,,,,,,0.09491702076047659,1.3279169797897339,0.6879590218886733,2.1173330023884773
896,yueyuan,unknown,yes,4344509,legacy_keyword_mapping,/Users/zilongzeng/Documents/data/yueyuan/yes/004_344509.wav,yueyuan/yes/004_344509.wav,emergency,0.99609375,0.99609375,0.0,0.0,"[127, -128, -128]",False,,,,,,,,,,,,,0.07233303040266037,1.2207080144435167,0.6609580013900995,1.9589170115068555
897,yueyuan,unknown,yes,5348321,legacy_keyword_mapping,/Users/zilongzeng/Documents/data/yueyuan/yes/005_348321.wav,yueyuan/yes/005_348321.wav,emergency,0.64453125,0.64453125,0.00390625,0.3515625,"[37, -127, -38]",False,,,,,,,,,,,,,0.06079091690480709,1.1750420089811087,0.6667909910902381,1.9109999993816018
898,yueyuan,unknown,yes,6351479,legacy_keyword_mapping,/Users/zilongzeng/Documents/data/yueyuan/yes/006_351479.wav,yueyuan/yes/006_351479.wav,unknown,0.99609375,0.0,0.0,0.99609375,"[-128, -128, 127]",True,,,,,,,,,,,,,0.08391705341637135,1.4727090019732714,0.725999940186739,2.2886249935254455
899,yueyuan,unknown,yes,7367835,legacy_keyword_mapping,/Users/zilongzeng/Documents/data/yueyuan/yes/007_367835.wav,yueyuan/yes/007_367835.wav,emergency,0.99609375,0.99609375,0.0,0.0,"[127, -128, -128]",False,,,,,,,,,,,,,0.07491698488593102,1.3175830245018005,0.6870420183986425,2.0849170396104455
900,yueyuan,unknown,yes,8202808,legacy_keyword_mapping,/Users/zilongzeng/Documents/data/yueyuan/yes/008_202808.wav,yueyuan/yes/008_202808.wav,unknown,0.99609375,0.0,0.0,0.99609375,"[-128, -128, 127]",True,,,,,,,,,,,,,0.07104198448359966,1.3476250460371375,0.6287499563768506,2.056750003248453
901,yueyuan,unknown,yes,9208922,legacy_keyword_mapping,/Users/zilongzeng/Documents/data/yueyuan/yes/009_208922.wav,yueyuan/yes/009_208922.wav,emergency,0.984375,0.984375,0.015625,0.0,"[124, -124, -128]",False,,,,,,,,,,,,,0.2263750648126006,1.4075420331209898,0.7194170029833913,2.3604169255122542
902,yueyuan,unknown,yes,10212848,legacy_keyword_mapping,/Users/zilongzeng/Documents/data/yueyuan/yes/010_212848.wav,yueyuan/yes/010_212848.wav,movement,0.98828125,0.0078125,0.98828125,0.00390625,"[-126, 125, -127]",False,,,,,,,,,,,,,0.07270800415426493,1.3975000474601984,0.7045000093057752,2.1819169633090496
903,yueyuan,unknown,yes,11475763,legacy_keyword_mapping,/Users/zilongzeng/Documents/data/yueyuan/yes/011_475763.wav,yueyuan/yes/011_475763.wav,movement,0.99609375,0.0,0.99609375,0.00390625,"[-128, 127, -127]",False,,,,,,,,,,,,,0.07683306466788054,1.3296660035848618,0.7093750173225999,2.120999968610704
904,yueyuan,unknown,yes,12479832,legacy_keyword_mapping,/Users/zilongzeng/Documents/data/yueyuan/yes/012_479832.wav,yueyuan/yes/012_479832.wav,unknown,0.69140625,0.30859375,0.0,0.69140625,"[-49, -128, 49]",True,,,,,,,,,,,,,0.07429206743836403,1.2360829859972,0.6556248990818858,1.9707499304786325
905,yueyuan,unknown,yes,13484909,legacy_keyword_mapping,/Users/zilongzeng/Documents/data/yueyuan/yes/013_484909.wav,yueyuan/yes/013_484909.wav,emergency,0.77734375,0.77734375,0.15625,0.0703125,"[71, -88, -110]",False,,,,,,,,,,,,,0.055125099606812,1.349083031527698,0.7350420346483588,2.1462920121848583
906,yueyuan,unknown,yes,14488275,legacy_keyword_mapping,/Users/zilongzeng/Documents/data/yueyuan/yes/014_488275.wav,yueyuan/yes/014_488275.wav,unknown,0.54296875,0.44140625,0.015625,0.54296875,"[-15, -124, 11]",True,,,,,,,,,,,,,0.08720892947167158,1.3246670132502913,0.725707970559597,2.1440830314531922
907,yueyuan,unknown,yes,15491898,legacy_keyword_mapping,/Users/zilongzeng/Documents/data/yueyuan/yes/015_491898.wav,yueyuan/yes/015_491898.wav,emergency,0.76953125,0.76953125,0.00390625,0.23046875,"[69, -127, -69]",False,,,,,,,,,,,,,0.07454201113432646,1.4049580786377192,0.6764580029994249,2.1612090058624744
908,yueyuan,unknown,yes,16495425,legacy_keyword_mapping,/Users/zilongzeng/Documents/data/yueyuan/yes/016_495425.wav,yueyuan/yes/016_495425.wav,unknown,0.85546875,0.140625,0.00390625,0.85546875,"[-92, -127, 91]",True,,,,,,,,,,,,,0.2012500772252679,1.1845410335808992,0.6529169622808695,2.0433750469237566
909,yueyuan,unknown,yes,17498889,legacy_keyword_mapping,/Users/zilongzeng/Documents/data/yueyuan/yes/017_498889.wav,yueyuan/yes/017_498889.wav,unknown,0.99609375,0.0,0.0,0.99609375,"[-128, -128, 127]",True,,,,,,,,,,,,,0.196542008779943,1.453666016459465,0.716665992513299,2.373749972321093
910,yueyuan,unknown,yes,18502785,legacy_keyword_mapping,/Users/zilongzeng/Documents/data/yueyuan/yes/018_502785.wav,yueyuan/yes/018_502785.wav,emergency,0.86328125,0.86328125,0.0234375,0.11328125,"[93, -122, -99]",False,,,,,,,,,,,,,0.28620800003409386,1.3584999833256006,0.689874985255301,2.3435420589521527
911,yueyuan,unknown,yes,19505864,legacy_keyword_mapping,/Users/zilongzeng/Documents/data/yueyuan/yes/019_505864.wav,yueyuan/yes/019_505864.wav,unknown,0.6796875,0.3046875,0.015625,0.6796875,"[-50, -124, 46]",True,,,,,,,,,,,,,0.2317499602213502,1.358749927021563,0.6658750353381038,2.2612499305978417
912,yueyuan,unknown,yes,20509151,legacy_keyword_mapping,/Users/zilongzeng/Documents/data/yueyuan/yes/020_509151.wav,yueyuan/yes/020_509151.wav,unknown,0.49609375,0.40625,0.09765625,0.49609375,"[-24, -103, -1]",True,,,,,,,,,,,,,0.2560000866651535,1.379125053063035,0.6506670033559203,2.294708974659443
913,Zhejia,emergency,stop,1,intent_directory,/Users/zilongzeng/Documents/data/Zhejia/emergency/stop/1.wav,Zhejia/emergency/stop/1.wav,emergency,0.70703125,0.70703125,0.2578125,0.03515625,"[53, -62, -119]",True,emergency,0.664062,True,ok,922,56,632,1893,"[42, -52, -118]",e43cc3f7b7f7e2413bdc35765bca5d45473b5b1b63fdee1a0a28d3e9de0d2ab8,user_study_cdc_sd_rt1s_c32_dual_core_v1,/Users/zilongzeng/Documents/data/Zhejia/results.csv,0.30870898626744747,1.383333932608366,0.7266250904649496,2.426000079140067
914,Zhejia,emergency,stop,2,intent_directory,/Users/zilongzeng/Documents/data/Zhejia/emergency/stop/2.wav,Zhejia/emergency/stop/2.wav,emergency,0.73046875,0.73046875,0.21875,0.0546875,"[59, -72, -114]",True,emergency,0.750000,True,ok,904,56,632,1755,"[64, -81, -111]",e43cc3f7b7f7e2413bdc35765bca5d45473b5b1b63fdee1a0a28d3e9de0d2ab8,user_study_cdc_sd_rt1s_c32_dual_core_v1,/Users/zilongzeng/Documents/data/Zhejia/results.csv,0.23308303207159042,1.3948329724371433,0.7066669641062617,2.3413749877363443
915,Zhejia,emergency,stop,3,intent_directory,/Users/zilongzeng/Documents/data/Zhejia/emergency/stop/3.wav,Zhejia/emergency/stop/3.wav,emergency,0.99609375,0.99609375,0.0,0.0,"[127, -128, -128]",True,emergency,0.996094,True,ok,929,56,632,1782,"[127, -128, -128]",e43cc3f7b7f7e2413bdc35765bca5d45473b5b1b63fdee1a0a28d3e9de0d2ab8,user_study_cdc_sd_rt1s_c32_dual_core_v1,/Users/zilongzeng/Documents/data/Zhejia/results.csv,0.21954195108264685,1.146666007116437,0.6592499557882547,2.030625008046627
916,Zhejia,emergency,stop,4,intent_directory,/Users/zilongzeng/Documents/data/Zhejia/emergency/stop/4.wav,Zhejia/emergency/stop/4.wav,movement,0.98046875,0.015625,0.98046875,0.0,"[-124, 123, -128]",False,movement,0.960938,True,ok,923,56,632,1774,"[-118, 118, -128]",e43cc3f7b7f7e2413bdc35765bca5d45473b5b1b63fdee1a0a28d3e9de0d2ab8,user_study_cdc_sd_rt1s_c32_dual_core_v1,/Users/zilongzeng/Documents/data/Zhejia/results.csv,0.062333070673048496,1.3989170547574759,0.7359589217230678,2.2055000299587846
917,Zhejia,emergency,stop,5,intent_directory,/Users/zilongzeng/Documents/data/Zhejia/emergency/stop/5.wav,Zhejia/emergency/stop/5.wav,emergency,0.96484375,0.96484375,0.01171875,0.02734375,"[119, -125, -121]",True,emergency,0.996094,True,ok,912,56,632,1765,"[127, -128, -127]",e43cc3f7b7f7e2413bdc35765bca5d45473b5b1b63fdee1a0a28d3e9de0d2ab8,user_study_cdc_sd_rt1s_c32_dual_core_v1,/Users/zilongzeng/Documents/data/Zhejia/results.csv,0.21558301523327827,1.3764159521088004,0.7151250028982759,2.3132500937208533
918,Zhejia,emergency,stop,6,intent_directory,/Users/zilongzeng/Documents/data/Zhejia/emergency/stop/6.wav,Zhejia/emergency/stop/6.wav,emergency,0.63671875,0.63671875,0.34765625,0.015625,"[35, -39, -124]",True,emergency,0.585938,True,ok,927,56,632,1781,"[22, -28, -122]",e43cc3f7b7f7e2413bdc35765bca5d45473b5b1b63fdee1a0a28d3e9de0d2ab8,user_study_cdc_sd_rt1s_c32_dual_core_v1,/Users/zilongzeng/Documents/data/Zhejia/results.csv,0.23091700859367847,1.2891249498352408,0.6571250269189477,2.1821249974891543
919,Zhejia,emergency,stop,7,intent_directory,/Users/zilongzeng/Documents/data/Zhejia/emergency/stop/7.wav,Zhejia/emergency/stop/7.wav,unknown,0.953125,0.046875,0.0,0.953125,"[-116, -128, 116]",False,unknown,0.941406,True,ok,917,56,632,1784,"[-114, -128, 113]",e43cc3f7b7f7e2413bdc35765bca5d45473b5b1b63fdee1a0a28d3e9de0d2ab8,user_study_cdc_sd_rt1s_c32_dual_core_v1,/Users/zilongzeng/Documents/data/Zhejia/results.csv,0.19791594240814447,1.2712499592453241,0.6345829460769892,2.113332971930504
920,Zhejia,emergency,stop,8,intent_directory,/Users/zilongzeng/Documents/data/Zhejia/emergency/stop/8.wav,Zhejia/emergency/stop/8.wav,movement,0.8125,0.02734375,0.8125,0.16015625,"[-121, 80, -87]",False,movement,0.703125,True,ok,906,56,632,1771,"[-117, 52, -62]",e43cc3f7b7f7e2413bdc35765bca5d45473b5b1b63fdee1a0a28d3e9de0d2ab8,user_study_cdc_sd_rt1s_c32_dual_core_v1,/Users/zilongzeng/Documents/data/Zhejia/results.csv,0.30575005803257227,1.3842089101672173,0.7163750706240535,2.4162089684978127
921,Zhejia,emergency,stop,9,intent_directory,/Users/zilongzeng/Documents/data/Zhejia/emergency/stop/9.wav,Zhejia/emergency/stop/9.wav,movement,0.44140625,0.19921875,0.44140625,0.359375,"[-77, -15, -36]",False,unknown,0.402344,False,ok,924,56,632,1778,"[-59, -44, -25]",e43cc3f7b7f7e2413bdc35765bca5d45473b5b1b63fdee1a0a28d3e9de0d2ab8,user_study_cdc_sd_rt1s_c32_dual_core_v1,/Users/zilongzeng/Documents/data/Zhejia/results.csv,0.10179204400628805,1.3832499971613288,0.7114999461919069,2.203750074841082
922,Zhejia,emergency,stop,10,intent_directory,/Users/zilongzeng/Documents/data/Zhejia/emergency/stop/10.wav,Zhejia/emergency/stop/10.wav,emergency,0.5234375,0.5234375,0.12890625,0.34765625,"[6, -95, -39]",True,emergency,0.585938,True,ok,926,56,632,1778,"[22, -104, -46]",e43cc3f7b7f7e2413bdc35765bca5d45473b5b1b63fdee1a0a28d3e9de0d2ab8,user_study_cdc_sd_rt1s_c32_dual_core_v1,/Users/zilongzeng/Documents/data/Zhejia/results.csv,0.0779168913140893,1.3068340485915542,0.6575420266017318,2.0480839302763343
923,Zhejia,emergency,hold,11,intent_directory,/Users/zilongzeng/Documents/data/Zhejia/emergency/hold/11.wav,Zhejia/emergency/hold/11.wav,movement,0.7109375,0.171875,0.7109375,0.1171875,"[-84, 54, -98]",False,movement,0.714844,True,ok,905,56,632,1803,"[-91, 55, -91]",e43cc3f7b7f7e2413bdc35765bca5d45473b5b1b63fdee1a0a28d3e9de0d2ab8,user_study_cdc_sd_rt1s_c32_dual_core_v1,/Users/zilongzeng/Documents/data/Zhejia/results.csv,0.053625088185071945,1.1422079987823963,0.8029580349102616,2.0368749974295497
924,Zhejia,emergency,hold,12,intent_directory,/Users/zilongzeng/Documents/data/Zhejia/emergency/hold/12.wav,Zhejia/emergency/hold/12.wav,unknown,0.99609375,0.0,0.0,0.99609375,"[-128, -128, 127]",False,unknown,0.996094,True,ok,916,56,632,1770,"[-128, -127, 127]",e43cc3f7b7f7e2413bdc35765bca5d45473b5b1b63fdee1a0a28d3e9de0d2ab8,user_study_cdc_sd_rt1s_c32_dual_core_v1,/Users/zilongzeng/Documents/data/Zhejia/results.csv,0.1640829723328352,1.3177089858800173,0.7280829595401883,2.217500004917383
925,Zhejia,emergency,hold,13,intent_directory,/Users/zilongzeng/Documents/data/Zhejia/emergency/hold/13.wav,Zhejia/emergency/hold/13.wav,movement,0.9609375,0.0,0.9609375,0.0390625,"[-128, 118, -118]",False,movement,0.945312,True,ok,915,56,632,1767,"[-128, 114, -114]",e43cc3f7b7f7e2413bdc35765bca5d45473b5b1b63fdee1a0a28d3e9de0d2ab8,user_study_cdc_sd_rt1s_c32_dual_core_v1,/Users/zilongzeng/Documents/data/Zhejia/results.csv,0.10470906272530556,1.3548339484259486,0.7179590174928308,2.183999982662499
926,Zhejia,emergency,hold,14,intent_directory,/Users/zilongzeng/Documents/data/Zhejia/emergency/hold/14.wav,Zhejia/emergency/hold/14.wav,movement,0.83203125,0.13671875,0.83203125,0.03125,"[-93, 85, -120]",False,movement,0.832031,True,ok,901,56,632,1753,"[-93, 85, -120]",e43cc3f7b7f7e2413bdc35765bca5d45473b5b1b63fdee1a0a28d3e9de0d2ab8,user_study_cdc_sd_rt1s_c32_dual_core_v1,/Users/zilongzeng/Documents/data/Zhejia/results.csv,0.16504095401614904,1.2604999355971813,0.8077919483184814,2.275749924592674
927,Zhejia,emergency,hold,15,intent_directory,/Users/zilongzeng/Documents/data/Zhejia/emergency/hold/15.wav,Zhejia/emergency/hold/15.wav,emergency,0.57421875,0.57421875,0.3125,0.11328125,"[19, -48, -99]",True,emergency,0.585938,True,ok,929,56,632,1782,"[22, -46, -104]",e43cc3f7b7f7e2413bdc35765bca5d45473b5b1b63fdee1a0a28d3e9de0d2ab8,user_study_cdc_sd_rt1s_c32_dual_core_v1,/Users/zilongzeng/Documents/data/Zhejia/results.csv,0.311249983496964,1.3715829700231552,0.7332089589908719,2.4248750414699316
928,Zhejia,emergency,hold,16,intent_directory,/Users/zilongzeng/Documents/data/Zhejia/emergency/hold/16.wav,Zhejia/emergency/hold/16.wav,movement,0.62109375,0.2265625,0.62109375,0.15234375,"[-70, 31, -89]",False,movement,0.691406,True,ok,916,56,632,1769,"[-85, 49, -93]",e43cc3f7b7f7e2413bdc35765bca5d45473b5b1b63fdee1a0a28d3e9de0d2ab8,user_study_cdc_sd_rt1s_c32_dual_core_v1,/Users/zilongzeng/Documents/data/Zhejia/results.csv,0.09650003630667925,1.285000005736947,0.713332905434072,2.100125071592629
929,Zhejia,emergency,hold,17,intent_directory,/Users/zilongzeng/Documents/data/Zhejia/emergency/hold/17.wav,Zhejia/emergency/hold/17.wav,emergency,0.4453125,0.4453125,0.109375,0.4453125,"[-14, -100, -14]",True,emergency,0.445312,True,ok,904,56,632,1756,"[-14, -100, -14]",e43cc3f7b7f7e2413bdc35765bca5d45473b5b1b63fdee1a0a28d3e9de0d2ab8,user_study_cdc_sd_rt1s_c32_dual_core_v1,/Users/zilongzeng/Documents/data/Zhejia/results.csv,0.07387495134025812,1.3032919960096478,0.7117920322343707,2.09500000346452
930,Zhejia,emergency,hold,18,intent_directory,/Users/zilongzeng/Documents/data/Zhejia/emergency/hold/18.wav,Zhejia/emergency/hold/18.wav,unknown,0.86328125,0.04296875,0.09375,0.86328125,"[-117, -104, 93]",False,unknown,0.863281,True,ok,922,56,632,1776,"[-117, -104, 93]",e43cc3f7b7f7e2413bdc35765bca5d45473b5b1b63fdee1a0a28d3e9de0d2ab8,user_study_cdc_sd_rt1s_c32_dual_core_v1,/Users/zilongzeng/Documents/data/Zhejia/results.csv,0.0665000407025218,1.223415951244533,0.6648750277236104,1.9874580902978778
931,Zhejia,emergency,hold,19,intent_directory,/Users/zilongzeng/Documents/data/Zhejia/emergency/hold/19.wav,Zhejia/emergency/hold/19.wav,emergency,0.7109375,0.7109375,0.2109375,0.078125,"[54, -74, -108]",True,emergency,0.667969,True,ok,926,56,632,1778,"[43, -66, -105]",e43cc3f7b7f7e2413bdc35765bca5d45473b5b1b63fdee1a0a28d3e9de0d2ab8,user_study_cdc_sd_rt1s_c32_dual_core_v1,/Users/zilongzeng/Documents/data/Zhejia/results.csv,0.13833306729793549,1.2812500353902578,0.7154999766498804,2.1425000159069896
932,Zhejia,emergency,hold,20,intent_directory,/Users/zilongzeng/Documents/data/Zhejia/emergency/hold/20.wav,Zhejia/emergency/hold/20.wav,unknown,0.703125,0.2578125,0.04296875,0.703125,"[-62, -117, 52]",False,unknown,0.562500,True,ok,901,56,632,1754,"[-32, -112, 16]",e43cc3f7b7f7e2413bdc35765bca5d45473b5b1b63fdee1a0a28d3e9de0d2ab8,user_study_cdc_sd_rt1s_c32_dual_core_v1,/Users/zilongzeng/Documents/data/Zhejia/results.csv,0.0914999982342124,1.2881249422207475,0.735208042897284,2.120667020790279
933,Zhejia,emergency,freeze,21,intent_directory,/Users/zilongzeng/Documents/data/Zhejia/emergency/freeze/21.wav,Zhejia/emergency/freeze/21.wav,unknown,0.99609375,0.0,0.0,0.99609375,"[-128, -128, 127]",False,unknown,0.996094,True,ok,926,56,632,1825,"[-128, -128, 127]",e43cc3f7b7f7e2413bdc35765bca5d45473b5b1b63fdee1a0a28d3e9de0d2ab8,user_study_cdc_sd_rt1s_c32_dual_core_v1,/Users/zilongzeng/Documents/data/Zhejia/results.csv,0.07841701153665781,1.2766659492626786,0.6822909926995635,2.0420829532667994
934,Zhejia,emergency,freeze,22,intent_directory,/Users/zilongzeng/Documents/data/Zhejia/emergency/freeze/22.wav,Zhejia/emergency/freeze/22.wav,unknown,0.9375,0.00390625,0.0546875,0.9375,"[-127, -114, 112]",False,unknown,0.855469,True,ok,927,56,632,1810,"[-126, -92, 91]",e43cc3f7b7f7e2413bdc35765bca5d45473b5b1b63fdee1a0a28d3e9de0d2ab8,user_study_cdc_sd_rt1s_c32_dual_core_v1,/Users/zilongzeng/Documents/data/Zhejia/results.csv,0.059582991525530815,1.1998749105259776,0.6561250193044543,1.9202919211238623
935,Zhejia,emergency,freeze,23,intent_directory,/Users/zilongzeng/Documents/data/Zhejia/emergency/freeze/23.wav,Zhejia/emergency/freeze/23.wav,unknown,0.453125,0.30078125,0.24609375,0.453125,"[-51, -65, -12]",False,unknown,0.453125,True,ok,908,56,632,1762,"[-51, -65, -12]",e43cc3f7b7f7e2413bdc35765bca5d45473b5b1b63fdee1a0a28d3e9de0d2ab8,user_study_cdc_sd_rt1s_c32_dual_core_v1,/Users/zilongzeng/Documents/data/Zhejia/results.csv,0.06225006654858589,1.4317079912871122,0.616125063970685,2.1189580438658595
936,Zhejia,emergency,freeze,24,intent_directory,/Users/zilongzeng/Documents/data/Zhejia/emergency/freeze/24.wav,Zhejia/emergency/freeze/24.wav,unknown,0.8828125,0.1171875,0.0,0.8828125,"[-98, -128, 98]",False,unknown,0.917969,True,ok,920,56,632,1774,"[-107, -128, 107]",e43cc3f7b7f7e2413bdc35765bca5d45473b5b1b63fdee1a0a28d3e9de0d2ab8,user_study_cdc_sd_rt1s_c32_dual_core_v1,/Users/zilongzeng/Documents/data/Zhejia/results.csv,0.14766701497137547,1.295124995522201,0.7182500557973981,2.168084029108286
937,Zhejia,emergency,freeze,25,intent_directory,/Users/zilongzeng/Documents/data/Zhejia/emergency/freeze/25.wav,Zhejia/emergency/freeze/25.wav,unknown,0.7578125,0.2265625,0.01171875,0.7578125,"[-70, -125, 66]",False,unknown,0.828125,True,ok,928,56,632,1781,"[-86, -126, 84]",e43cc3f7b7f7e2413bdc35765bca5d45473b5b1b63fdee1a0a28d3e9de0d2ab8,user_study_cdc_sd_rt1s_c32_dual_core_v1,/Users/zilongzeng/Documents/data/Zhejia/results.csv,0.09620899800211191,1.3550829607993364,0.6665409309789538,2.1233749575912952
938,Zhejia,emergency,freeze,26,intent_directory,/Users/zilongzeng/Documents/data/Zhejia/emergency/freeze/26.wav,Zhejia/emergency/freeze/26.wav,emergency,0.83203125,0.83203125,0.0,0.16796875,"[85, -128, -85]",True,emergency,0.832031,True,ok,908,56,632,1761,"[85, -127, -85]",e43cc3f7b7f7e2413bdc35765bca5d45473b5b1b63fdee1a0a28d3e9de0d2ab8,user_study_cdc_sd_rt1s_c32_dual_core_v1,/Users/zilongzeng/Documents/data/Zhejia/results.csv,0.06554101128131151,1.2292079627513885,0.6536660948768258,1.9532080041244626
939,Zhejia,emergency,freeze,27,intent_directory,/Users/zilongzeng/Documents/data/Zhejia/emergency/freeze/27.wav,Zhejia/emergency/freeze/27.wav,unknown,0.64453125,0.3515625,0.0,0.64453125,"[-38, -128, 37]",False,unknown,0.644531,True,ok,920,56,632,1774,"[-38, -128, 37]",e43cc3f7b7f7e2413bdc35765bca5d45473b5b1b63fdee1a0a28d3e9de0d2ab8,user_study_cdc_sd_rt1s_c32_dual_core_v1,/Users/zilongzeng/Documents/data/Zhejia/results.csv,0.062458100728690624,1.3375000562518835,0.7067499682307243,2.1124170161783695
940,Zhejia,emergency,freeze,28,intent_directory,/Users/zilongzeng/Documents/data/Zhejia/emergency/freeze/28.wav,Zhejia/emergency/freeze/28.wav,emergency,0.37890625,0.37890625,0.30859375,0.30859375,"[-31, -49, -49]",True,emergency,0.375000,True,ok,923,56,632,1777,"[-32, -32, -64]",e43cc3f7b7f7e2413bdc35765bca5d45473b5b1b63fdee1a0a28d3e9de0d2ab8,user_study_cdc_sd_rt1s_c32_dual_core_v1,/Users/zilongzeng/Documents/data/Zhejia/results.csv,0.06545800715684891,1.2728329747915268,0.7006250089034438,2.044667024165392
941,Zhejia,emergency,freeze,29,intent_directory,/Users/zilongzeng/Documents/data/Zhejia/emergency/freeze/29.wav,Zhejia/emergency/freeze/29.wav,movement,0.49609375,0.40625,0.49609375,0.09765625,"[-24, -1, -103]",False,emergency,0.453125,False,ok,907,56,632,1760,"[-12, -12, -105]",e43cc3f7b7f7e2413bdc35765bca5d45473b5b1b63fdee1a0a28d3e9de0d2ab8,user_study_cdc_sd_rt1s_c32_dual_core_v1,/Users/zilongzeng/Documents/data/Zhejia/results.csv,0.20775001030415297,1.2627089163288474,0.675833085551858,2.151499968022108
942,Zhejia,emergency,freeze,30,intent_directory,/Users/zilongzeng/Documents/data/Zhejia/emergency/freeze/30.wav,Zhejia/emergency/freeze/30.wav,emergency,0.51171875,0.51171875,0.0703125,0.41796875,"[3, -110, -21]",True,emergency,0.605469,True,ok,926,56,632,1780,"[27, -111, -43]",e43cc3f7b7f7e2413bdc35765bca5d45473b5b1b63fdee1a0a28d3e9de0d2ab8,user_study_cdc_sd_rt1s_c32_dual_core_v1,/Users/zilongzeng/Documents/data/Zhejia/results.csv,0.23083307314664125,1.1152909137308598,0.6623329827561975,2.0131670171394944
943,Zhejia,emergency,abort,31,intent_directory,/Users/zilongzeng/Documents/data/Zhejia/emergency/abort/31.wav,Zhejia/emergency/abort/31.wav,unknown,0.99609375,0.0,0.0,0.99609375,"[-128, -128, 127]",False,unknown,0.996094,True,ok,920,56,632,1821,"[-128, -128, 127]",e43cc3f7b7f7e2413bdc35765bca5d45473b5b1b63fdee1a0a28d3e9de0d2ab8,user_study_cdc_sd_rt1s_c32_dual_core_v1,/Users/zilongzeng/Documents/data/Zhejia/results.csv,0.06162491627037525,1.3556251069530845,0.7137500215321779,2.136541996151209
944,Zhejia,emergency,abort,32,intent_directory,/Users/zilongzeng/Documents/data/Zhejia/emergency/abort/32.wav,Zhejia/emergency/abort/32.wav,movement,0.99609375,0.0,0.99609375,0.0,"[-128, 127, -128]",False,movement,0.996094,True,ok,904,56,632,1758,"[-128, 127, -128]",e43cc3f7b7f7e2413bdc35765bca5d45473b5b1b63fdee1a0a28d3e9de0d2ab8,user_study_cdc_sd_rt1s_c32_dual_core_v1,/Users/zilongzeng/Documents/data/Zhejia/results.csv,0.06820796988904476,1.4102919958531857,0.6235839100554585,2.111417008563876
945,Zhejia,emergency,abort,33,intent_directory,/Users/zilongzeng/Documents/data/Zhejia/emergency/abort/33.wav,Zhejia/emergency/abort/33.wav,emergency,0.69140625,0.69140625,0.16796875,0.13671875,"[49, -85, -93]",True,emergency,0.625000,True,ok,917,56,632,1770,"[32, -80, -80]",e43cc3f7b7f7e2413bdc35765bca5d45473b5b1b63fdee1a0a28d3e9de0d2ab8,user_study_cdc_sd_rt1s_c32_dual_core_v1,/Users/zilongzeng/Documents/data/Zhejia/results.csv,0.17812498845160007,1.3281250139698386,0.6534999702125788,2.164958044886589
946,Zhejia,emergency,abort,34,intent_directory,/Users/zilongzeng/Documents/data/Zhejia/emergency/abort/34.wav,Zhejia/emergency/abort/34.wav,emergency,0.859375,0.859375,0.02734375,0.11328125,"[92, -121, -99]",True,emergency,0.863281,True,ok,917,56,632,1771,"[93, -122, -99]",e43cc3f7b7f7e2413bdc35765bca5d45473b5b1b63fdee1a0a28d3e9de0d2ab8,user_study_cdc_sd_rt1s_c32_dual_core_v1,/Users/zilongzeng/Documents/data/Zhejia/results.csv,0.06612495053559542,1.117332954891026,0.6605000235140324,1.8484999891370535
947,Zhejia,emergency,abort,35,intent_directory,/Users/zilongzeng/Documents/data/Zhejia/emergency/abort/35.wav,Zhejia/emergency/abort/35.wav,movement,0.47265625,0.31640625,0.47265625,0.2109375,"[-47, -7, -74]",False,movement,0.523438,True,ok,909,56,632,1762,"[-55, 6, -79]",e43cc3f7b7f7e2413bdc35765bca5d45473b5b1b63fdee1a0a28d3e9de0d2ab8,user_study_cdc_sd_rt1s_c32_dual_core_v1,/Users/zilongzeng/Documents/data/Zhejia/results.csv,0.19987497944384813,1.3275829842314124,0.7017909083515406,2.2350839572027326
948,Zhejia,emergency,abort,36,intent_directory,/Users/zilongzeng/Documents/data/Zhejia/emergency/abort/36.wav,Zhejia/emergency/abort/36.wav,movement,0.99609375,0.0,0.99609375,0.0,"[-128, 127, -128]",False,movement,0.996094,True,ok,918,56,632,1770,"[-128, 127, -128]",e43cc3f7b7f7e2413bdc35765bca5d45473b5b1b63fdee1a0a28d3e9de0d2ab8,user_study_cdc_sd_rt1s_c32_dual_core_v1,/Users/zilongzeng/Documents/data/Zhejia/results.csv,0.2442080294713378,1.2875829124823213,0.7166670402511954,2.254959079436958
949,Zhejia,emergency,abort,37,intent_directory,/Users/zilongzeng/Documents/data/Zhejia/emergency/abort/37.wav,Zhejia/emergency/abort/37.wav,movement,0.94140625,0.0546875,0.94140625,0.00390625,"[-114, 113, -127]",False,movement,0.941406,True,ok,923,56,632,1777,"[-114, 113, -127]",e43cc3f7b7f7e2413bdc35765bca5d45473b5b1b63fdee1a0a28d3e9de0d2ab8,user_study_cdc_sd_rt1s_c32_dual_core_v1,/Users/zilongzeng/Documents/data/Zhejia/results.csv,0.2215419663116336,1.2630000710487366,0.6580830086022615,2.147165942005813
950,Zhejia,emergency,abort,38,intent_directory,/Users/zilongzeng/Documents/data/Zhejia/emergency/abort/38.wav,Zhejia/emergency/abort/38.wav,movement,0.58984375,0.265625,0.58984375,0.14453125,"[-60, 23, -91]",False,movement,0.589844,True,ok,912,56,632,1779,"[-60, 23, -91]",e43cc3f7b7f7e2413bdc35765bca5d45473b5b1b63fdee1a0a28d3e9de0d2ab8,user_study_cdc_sd_rt1s_c32_dual_core_v1,/Users/zilongzeng/Documents/data/Zhejia/results.csv,0.20529096946120262,1.124250004068017,0.67024992313236,2.0054170163348317
951,Zhejia,emergency,abort,39,intent_directory,/Users/zilongzeng/Documents/data/Zhejia/emergency/abort/39.wav,Zhejia/emergency/abort/39.wav,emergency,0.4453125,0.4453125,0.4453125,0.109375,"[-14, -14, -100]",True,movement,0.484375,False,ok,920,56,632,1773,"[-26, -4, -98]",e43cc3f7b7f7e2413bdc35765bca5d45473b5b1b63fdee1a0a28d3e9de0d2ab8,user_study_cdc_sd_rt1s_c32_dual_core_v1,/Users/zilongzeng/Documents/data/Zhejia/results.csv,0.055333017371594906,1.2988329399377108,0.7142500253394246,2.0742500200867653
952,Zhejia,emergency,abort,40,intent_directory,/Users/zilongzeng/Documents/data/Zhejia/emergency/abort/40.wav,Zhejia/emergency/abort/40.wav,emergency,0.7109375,0.7109375,0.171875,0.1171875,"[54, -84, -98]",True,emergency,0.714844,True,ok,929,56,632,1784,"[55, -91, -91]",e43cc3f7b7f7e2413bdc35765bca5d45473b5b1b63fdee1a0a28d3e9de0d2ab8,user_study_cdc_sd_rt1s_c32_dual_core_v1,/Users/zilongzeng/Documents/data/Zhejia/results.csv,0.0737910158932209,1.2807919410988688,0.7070830324664712,2.067625056952238
953,Zhejia,emergency,help,41,intent_directory,/Users/zilongzeng/Documents/data/Zhejia/emergency/help/41.wav,Zhejia/emergency/help/41.wav,movement,0.734375,0.04296875,0.734375,0.21875,"[-117, 60, -72]",False,movement,0.617188,True,ok,904,56,632,1802,"[-116, 30, -42]",e43cc3f7b7f7e2413bdc35765bca5d45473b5b1b63fdee1a0a28d3e9de0d2ab8,user_study_cdc_sd_rt1s_c32_dual_core_v1,/Users/zilongzeng/Documents/data/Zhejia/results.csv,0.0813750084489584,1.333041931502521,0.6556250154972076,2.075374941341579
954,Zhejia,emergency,help,42,intent_directory,/Users/zilongzeng/Documents/data/Zhejia/emergency/help/42.wav,Zhejia/emergency/help/42.wav,emergency,0.7265625,0.7265625,0.17578125,0.09765625,"[58, -83, -103]",True,emergency,0.726562,True,ok,920,56,632,1771,"[58, -83, -103]",e43cc3f7b7f7e2413bdc35765bca5d45473b5b1b63fdee1a0a28d3e9de0d2ab8,user_study_cdc_sd_rt1s_c32_dual_core_v1,/Users/zilongzeng/Documents/data/Zhejia/results.csv,0.06729201413691044,1.3491669669747353,0.6494589615613222,2.072458970360458
955,Zhejia,emergency,help,43,intent_directory,/Users/zilongzeng/Documents/data/Zhejia/emergency/help/43.wav,Zhejia/emergency/help/43.wav,emergency,0.90625,0.90625,0.03125,0.06640625,"[104, -120, -111]",True,emergency,0.875000,True,ok,928,56,632,1782,"[96, -121, -104]",e43cc3f7b7f7e2413bdc35765bca5d45473b5b1b63fdee1a0a28d3e9de0d2ab8,user_study_cdc_sd_rt1s_c32_dual_core_v1,/Users/zilongzeng/Documents/data/Zhejia/results.csv,0.060333055444061756,1.3155000051483512,0.7107499986886978,2.0924170967191458
956,Zhejia,emergency,help,44,intent_directory,/Users/zilongzeng/Documents/data/Zhejia/emergency/help/44.wav,Zhejia/emergency/help/44.wav,unknown,0.671875,0.1640625,0.1640625,0.671875,"[-86, -86, 44]",False,unknown,0.691406,True,ok,909,56,632,1761,"[-85, -93, 49]",e43cc3f7b7f7e2413bdc35765bca5d45473b5b1b63fdee1a0a28d3e9de0d2ab8,user_study_cdc_sd_rt1s_c32_dual_core_v1,/Users/zilongzeng/Documents/data/Zhejia/results.csv,0.07504201494157314,1.2668330455198884,0.6994999712333083,2.047042013145983
957,Zhejia,emergency,help,45,intent_directory,/Users/zilongzeng/Documents/data/Zhejia/emergency/help/45.wav,Zhejia/emergency/help/45.wav,emergency,0.640625,0.640625,0.234375,0.12890625,"[36, -68, -95]",True,emergency,0.640625,True,ok,925,56,632,1778,"[36, -68, -95]",e43cc3f7b7f7e2413bdc35765bca5d45473b5b1b63fdee1a0a28d3e9de0d2ab8,user_study_cdc_sd_rt1s_c32_dual_core_v1,/Users/zilongzeng/Documents/data/Zhejia/results.csv,0.0742500415071845,1.3231250923126936,0.6648749113082886,2.0670000230893493
958,Zhejia,emergency,help,46,intent_directory,/Users/zilongzeng/Documents/data/Zhejia/emergency/help/46.wav,Zhejia/emergency/help/46.wav,emergency,0.64453125,0.64453125,0.2890625,0.0703125,"[37, -54, -110]",True,emergency,0.679688,True,ok,920,56,632,1775,"[46, -65, -109]",e43cc3f7b7f7e2413bdc35765bca5d45473b5b1b63fdee1a0a28d3e9de0d2ab8,user_study_cdc_sd_rt1s_c32_dual_core_v1,/Users/zilongzeng/Documents/data/Zhejia/results.csv,0.06495800334960222,1.1653329711407423,0.6582499481737614,1.8931670347228646
959,Zhejia,emergency,help,47,intent_directory,/Users/zilongzeng/Documents/data/Zhejia/emergency/help/47.wav,Zhejia/emergency/help/47.wav,movement,0.65625,0.29296875,0.65625,0.046875,"[-53, 40, -116]",False,movement,0.656250,True,ok,905,56,632,1758,"[-53, 40, -116]",e43cc3f7b7f7e2413bdc35765bca5d45473b5b1b63fdee1a0a28d3e9de0d2ab8,user_study_cdc_sd_rt1s_c32_dual_core_v1,/Users/zilongzeng/Documents/data/Zhejia/results.csv,0.05770893767476082,1.3170839520171285,0.7172080222517252,2.100749989040196
960,Zhejia,emergency,help,48,intent_directory,/Users/zilongzeng/Documents/data/Zhejia/emergency/help/48.wav,Zhejia/emergency/help/48.wav,emergency,0.61328125,0.61328125,0.0546875,0.3359375,"[29, -114, -42]",True,emergency,0.656250,True,ok,925,56,632,1777,"[40, -116, -53]",e43cc3f7b7f7e2413bdc35765bca5d45473b5b1b63fdee1a0a28d3e9de0d2ab8,user_study_cdc_sd_rt1s_c32_dual_core_v1,/Users/zilongzeng/Documents/data/Zhejia/results.csv,0.08758308831602335,1.3542500091716647,0.7102499948814511,2.1577500738203526
961,Zhejia,emergency,help,49,intent_directory,/Users/zilongzeng/Documents/data/Zhejia/emergency/help/49.wav,Zhejia/emergency/help/49.wav,emergency,0.5859375,0.5859375,0.3203125,0.09375,"[22, -46, -104]",True,emergency,0.593750,True,ok,926,56,632,1780,"[24, -45, -108]",e43cc3f7b7f7e2413bdc35765bca5d45473b5b1b63fdee1a0a28d3e9de0d2ab8,user_study_cdc_sd_rt1s_c32_dual_core_v1,/Users/zilongzeng/Documents/data/Zhejia/results.csv,0.0819170381873846,1.3278749538585544,0.6610840791836381,2.07612500526011
962,Zhejia,emergency,help,50,intent_directory,/Users/zilongzeng/Documents/data/Zhejia/emergency/help/50.wav,Zhejia/emergency/help/50.wav,movement,0.7578125,0.2265625,0.7578125,0.015625,"[-70, 66, -124]",False,movement,0.718750,True,ok,903,56,632,1756,"[-61, 56, -123]",e43cc3f7b7f7e2413bdc35765bca5d45473b5b1b63fdee1a0a28d3e9de0d2ab8,user_study_cdc_sd_rt1s_c32_dual_core_v1,/Users/zilongzeng/Documents/data/Zhejia/results.csv,0.2008330775424838,1.3020829064771533,0.7011250127106905,2.2094170562922955
963,Zhejia,movement,go,51,intent_directory,/Users/zilongzeng/Documents/data/Zhejia/movement/go/51.wav,Zhejia/movement/go/51.wav,movement,0.99609375,0.0,0.99609375,0.0,"[-128, 127, -128]",True,movement,0.996094,True,ok,915,56,632,1869,"[-128, 127, -128]",e43cc3f7b7f7e2413bdc35765bca5d45473b5b1b63fdee1a0a28d3e9de0d2ab8,user_study_cdc_sd_rt1s_c32_dual_core_v1,/Users/zilongzeng/Documents/data/Zhejia/results.csv,0.19774993415921926,1.36170897167176,0.7056670729070902,2.270874916575849
964,Zhejia,movement,go,52,intent_directory,/Users/zilongzeng/Documents/data/Zhejia/movement/go/52.wav,Zhejia/movement/go/52.wav,movement,0.99609375,0.0,0.99609375,0.0,"[-128, 127, -128]",True,movement,0.996094,True,ok,926,56,632,1779,"[-128, 127, -128]",e43cc3f7b7f7e2413bdc35765bca5d45473b5b1b63fdee1a0a28d3e9de0d2ab8,user_study_cdc_sd_rt1s_c32_dual_core_v1,/Users/zilongzeng/Documents/data/Zhejia/results.csv,0.21645892411470413,1.2714999029412866,0.7035830058157444,2.197457943111658
965,Zhejia,movement,go,53,intent_directory,/Users/zilongzeng/Documents/data/Zhejia/movement/go/53.wav,Zhejia/movement/go/53.wav,emergency,0.66796875,0.66796875,0.2421875,0.08984375,"[43, -66, -105]",False,emergency,0.710938,True,ok,912,56,632,1766,"[54, -74, -108]",e43cc3f7b7f7e2413bdc35765bca5d45473b5b1b63fdee1a0a28d3e9de0d2ab8,user_study_cdc_sd_rt1s_c32_dual_core_v1,/Users/zilongzeng/Documents/data/Zhejia/results.csv,0.22416701540350914,1.2239170027896762,0.6613750010728836,2.1142499754205346
966,Zhejia,movement,go,54,intent_directory,/Users/zilongzeng/Documents/data/Zhejia/movement/go/54.wav,Zhejia/movement/go/54.wav,emergency,0.9296875,0.9296875,0.0234375,0.046875,"[110, -122, -116]",False,emergency,0.933594,True,ok,925,56,632,1777,"[111, -123, -116]",e43cc3f7b7f7e2413bdc35765bca5d45473b5b1b63fdee1a0a28d3e9de0d2ab8,user_study_cdc_sd_rt1s_c32_dual_core_v1,/Users/zilongzeng/Documents/data/Zhejia/results.csv,0.2313329605385661,1.1782500660046935,0.7079169154167175,2.124416991136968
967,Zhejia,movement,go,55,intent_directory,/Users/zilongzeng/Documents/data/Zhejia/movement/go/55.wav,Zhejia/movement/go/55.wav,emergency,0.69921875,0.69921875,0.20703125,0.09375,"[51, -75, -104]",False,emergency,0.679688,True,ok,928,56,632,1780,"[46, -65, -109]",e43cc3f7b7f7e2413bdc35765bca5d45473b5b1b63fdee1a0a28d3e9de0d2ab8,user_study_cdc_sd_rt1s_c32_dual_core_v1,/Users/zilongzeng/Documents/data/Zhejia/results.csv,0.07070903666317463,1.3372920220717788,0.7047079270705581,2.11837503593415
968,Zhejia,movement,go,56,intent_directory,/Users/zilongzeng/Documents/data/Zhejia/movement/go/56.wav,Zhejia/movement/go/56.wav,emergency,0.57421875,0.57421875,0.3828125,0.04296875,"[19, -30, -117]",False,emergency,0.574219,True,ok,913,56,632,1766,"[19, -30, -117]",e43cc3f7b7f7e2413bdc35765bca5d45473b5b1b63fdee1a0a28d3e9de0d2ab8,user_study_cdc_sd_rt1s_c32_dual_core_v1,/Users/zilongzeng/Documents/data/Zhejia/results.csv,0.20645896438509226,1.246166997589171,0.7030420238152146,2.1615829318761826
969,Zhejia,movement,go,57,intent_directory,/Users/zilongzeng/Documents/data/Zhejia/movement/go/57.wav,Zhejia/movement/go/57.wav,movement,0.44140625,0.359375,0.44140625,0.19921875,"[-36, -15, -77]",True,movement,0.441406,True,ok,919,56,632,1772,"[-36, -15, -77]",e43cc3f7b7f7e2413bdc35765bca5d45473b5b1b63fdee1a0a28d3e9de0d2ab8,user_study_cdc_sd_rt1s_c32_dual_core_v1,/Users/zilongzeng/Documents/data/Zhejia/results.csv,0.24824996944516897,1.217624987475574,0.653291936032474,2.1247080294415355
970,Zhejia,movement,go,58,intent_directory,/Users/zilongzeng/Documents/data/Zhejia/movement/go/58.wav,Zhejia/movement/go/58.wav,movement,0.640625,0.234375,0.640625,0.12890625,"[-68, 36, -95]",True,movement,0.558594,True,ok,923,56,632,1775,"[-50, 15, -93]",e43cc3f7b7f7e2413bdc35765bca5d45473b5b1b63fdee1a0a28d3e9de0d2ab8,user_study_cdc_sd_rt1s_c32_dual_core_v1,/Users/zilongzeng/Documents/data/Zhejia/results.csv,0.05829101428389549,1.191208022646606,0.7226250600069761,1.9807500066235662
971,Zhejia,movement,go,59,intent_directory,/Users/zilongzeng/Documents/data/Zhejia/movement/go/59.wav,Zhejia/movement/go/59.wav,movement,0.59375,0.32421875,0.59375,0.078125,"[-45, 24, -108]",True,movement,0.546875,True,ok,902,56,632,1756,"[-35, 12, -105]",e43cc3f7b7f7e2413bdc35765bca5d45473b5b1b63fdee1a0a28d3e9de0d2ab8,user_study_cdc_sd_rt1s_c32_dual_core_v1,/Users/zilongzeng/Documents/data/Zhejia/results.csv,0.20541693083941936,1.2794589856639504,0.7084169192239642,2.198791946284473
972,Zhejia,movement,go,60,intent_directory,/Users/zilongzeng/Documents/data/Zhejia/movement/go/60.wav,Zhejia/movement/go/60.wav,emergency,0.83984375,0.83984375,0.13671875,0.0234375,"[87, -93, -122]",False,emergency,0.839844,True,ok,917,56,632,1770,"[87, -93, -122]",e43cc3f7b7f7e2413bdc35765bca5d45473b5b1b63fdee1a0a28d3e9de0d2ab8,user_study_cdc_sd_rt1s_c32_dual_core_v1,/Users/zilongzeng/Documents/data/Zhejia/results.csv,0.22195803467184305,1.2592080747708678,0.7201670669019222,2.207209006883204
973,Zhejia,movement,forward,61,intent_directory,/Users/zilongzeng/Documents/data/Zhejia/movement/forward/61.wav,Zhejia/movement/forward/61.wav,unknown,0.953125,0.0,0.046875,0.953125,"[-128, -116, 116]",False,unknown,0.945312,True,ok,927,56,632,1826,"[-128, -114, 114]",e43cc3f7b7f7e2413bdc35765bca5d45473b5b1b63fdee1a0a28d3e9de0d2ab8,user_study_cdc_sd_rt1s_c32_dual_core_v1,/Users/zilongzeng/Documents/data/Zhejia/results.csv,0.07924996316432953,1.1651660315692425,0.6952079711481929,1.9444170175120234
974,Zhejia,movement,forward,62,intent_directory,/Users/zilongzeng/Documents/data/Zhejia/movement/forward/62.wav,Zhejia/movement/forward/62.wav,movement,0.60546875,0.33203125,0.60546875,0.06640625,"[-43, 27, -111]",True,movement,0.613281,True,ok,907,56,632,1762,"[-42, 29, -114]",e43cc3f7b7f7e2413bdc35765bca5d45473b5b1b63fdee1a0a28d3e9de0d2ab8,user_study_cdc_sd_rt1s_c32_dual_core_v1,/Users/zilongzeng/Documents/data/Zhejia/results.csv,0.05712499842047691,1.2242499506101012,0.7145840208977461,2.002499997615814
975,Zhejia,movement,forward,63,intent_directory,/Users/zilongzeng/Documents/data/Zhejia/movement/forward/63.wav,Zhejia/movement/forward/63.wav,emergency,0.80078125,0.80078125,0.00390625,0.1953125,"[77, -127, -78]",False,emergency,0.800781,True,ok,927,56,632,1780,"[77, -127, -78]",e43cc3f7b7f7e2413bdc35765bca5d45473b5b1b63fdee1a0a28d3e9de0d2ab8,user_study_cdc_sd_rt1s_c32_dual_core_v1,/Users/zilongzeng/Documents/data/Zhejia/results.csv,0.08458399679511786,1.3359159929677844,0.709832995198667,2.1370830945670605
976,Zhejia,movement,forward,64,intent_directory,/Users/zilongzeng/Documents/data/Zhejia/movement/forward/64.wav,Zhejia/movement/forward/64.wav,emergency,0.80078125,0.80078125,0.0390625,0.16015625,"[77, -118, -87]",False,emergency,0.851562,True,ok,921,56,632,1774,"[90, -119, -99]",e43cc3f7b7f7e2413bdc35765bca5d45473b5b1b63fdee1a0a28d3e9de0d2ab8,user_study_cdc_sd_rt1s_c32_dual_core_v1,/Users/zilongzeng/Documents/data/Zhejia/results.csv,0.2109169727191329,1.3210830511525273,0.7075000321492553,2.2447919473052025
977,Zhejia,movement,forward,65,intent_directory,/Users/zilongzeng/Documents/data/Zhejia/movement/forward/65.wav,Zhejia/movement/forward/65.wav,emergency,0.859375,0.859375,0.0,0.140625,"[92, -128, -92]",False,emergency,0.859375,True,ok,900,56,632,1754,"[92, -128, -92]",e43cc3f7b7f7e2413bdc35765bca5d45473b5b1b63fdee1a0a28d3e9de0d2ab8,user_study_cdc_sd_rt1s_c32_dual_core_v1,/Users/zilongzeng/Documents/data/Zhejia/results.csv,0.21058390848338604,1.107499934732914,0.6598749896511436,1.9829159136861563
978,Zhejia,movement,forward,66,intent_directory,/Users/zilongzeng/Documents/data/Zhejia/movement/forward/66.wav,Zhejia/movement/forward/66.wav,emergency,0.53515625,0.53515625,0.10546875,0.359375,"[9, -101, -36]",False,emergency,0.535156,True,ok,921,56,632,1774,"[9, -101, -36]",e43cc3f7b7f7e2413bdc35765bca5d45473b5b1b63fdee1a0a28d3e9de0d2ab8,user_study_cdc_sd_rt1s_c32_dual_core_v1,/Users/zilongzeng/Documents/data/Zhejia/results.csv,0.06925000343471766,1.226249965839088,0.731125008314848,2.035832963883877
979,Zhejia,movement,forward,67,intent_directory,/Users/zilongzeng/Documents/data/Zhejia/movement/forward/67.wav,Zhejia/movement/forward/67.wav,emergency,0.92578125,0.92578125,0.0078125,0.06640625,"[109, -126, -111]",False,emergency,0.914062,True,ok,920,56,632,1774,"[106, -126, -107]",e43cc3f7b7f7e2413bdc35765bca5d45473b5b1b63fdee1a0a28d3e9de0d2ab8,user_study_cdc_sd_rt1s_c32_dual_core_v1,/Users/zilongzeng/Documents/data/Zhejia/results.csv,0.10750000365078449,1.4706250512972474,0.6237080087885261,2.2106250980868936
980,Zhejia,movement,forward,68,intent_directory,/Users/zilongzeng/Documents/data/Zhejia/movement/forward/68.wav,Zhejia/movement/forward/68.wav,emergency,0.8984375,0.8984375,0.00390625,0.09765625,"[102, -127, -103]",False,emergency,0.898438,True,ok,903,56,632,1757,"[102, -127, -103]",e43cc3f7b7f7e2413bdc35765bca5d45473b5b1b63fdee1a0a28d3e9de0d2ab8,user_study_cdc_sd_rt1s_c32_dual_core_v1,/Users/zilongzeng/Documents/data/Zhejia/results.csv,0.1587079605087638,1.4397079357877374,0.7269999478012323,2.3332079872488976
981,Zhejia,movement,forward,69,intent_directory,/Users/zilongzeng/Documents/data/Zhejia/movement/forward/69.wav,Zhejia/movement/forward/69.wav,emergency,0.55078125,0.55078125,0.24609375,0.203125,"[13, -65, -76]",False,emergency,0.523438,True,ok,925,56,632,1793,"[6, -55, -79]",e43cc3f7b7f7e2413bdc35765bca5d45473b5b1b63fdee1a0a28d3e9de0d2ab8,user_study_cdc_sd_rt1s_c32_dual_core_v1,/Users/zilongzeng/Documents/data/Zhejia/results.csv,0.09170803241431713,1.1745000956580043,0.6516660796478391,1.922750030644238
982,Zhejia,movement,forward,70,intent_directory,/Users/zilongzeng/Documents/data/Zhejia/movement/forward/70.wav,Zhejia/movement/forward/70.wav,emergency,0.97265625,0.97265625,0.0078125,0.015625,"[121, -126, -124]",False,emergency,0.960938,True,ok,920,56,632,1773,"[118, -124, -121]",e43cc3f7b7f7e2413bdc35765bca5d45473b5b1b63fdee1a0a28d3e9de0d2ab8,user_study_cdc_sd_rt1s_c32_dual_core_v1,/Users/zilongzeng/Documents/data/Zhejia/results.csv,0.05979207344353199,1.2728750007227063,0.7323339814320207,2.0730829564854503
983,Zhejia,movement,left,71,intent_directory,/Users/zilongzeng/Documents/data/Zhejia/movement/left/71.wav,Zhejia/movement/left/71.wav,movement,0.953125,0.046875,0.953125,0.0,"[-116, 116, -128]",True,movement,0.917969,True,ok,906,56,632,1806,"[-107, 107, -128]",e43cc3f7b7f7e2413bdc35765bca5d45473b5b1b63fdee1a0a28d3e9de0d2ab8,user_study_cdc_sd_rt1s_c32_dual_core_v1,/Users/zilongzeng/Documents/data/Zhejia/results.csv,0.10312499944120646,1.378374989144504,0.7190420292317867,2.2089160047471523
984,Zhejia,movement,left,72,intent_directory,/Users/zilongzeng/Documents/data/Zhejia/movement/left/72.wav,Zhejia/movement/left/72.wav,movement,0.62890625,0.34375,0.62890625,0.0234375,"[-40, 33, -122]",True,movement,0.679688,True,ok,915,56,632,1769,"[-50, 46, -123]",e43cc3f7b7f7e2413bdc35765bca5d45473b5b1b63fdee1a0a28d3e9de0d2ab8,user_study_cdc_sd_rt1s_c32_dual_core_v1,/Users/zilongzeng/Documents/data/Zhejia/results.csv,0.08420890662819147,1.33983395062387,0.7071249419823289,2.136124996468425
985,Zhejia,movement,left,73,intent_directory,/Users/zilongzeng/Documents/data/Zhejia/movement/left/73.wav,Zhejia/movement/left/73.wav,movement,0.6171875,0.3359375,0.6171875,0.046875,"[-42, 30, -116]",True,movement,0.625000,True,ok,915,56,632,1768,"[-40, 32, -120]",e43cc3f7b7f7e2413bdc35765bca5d45473b5b1b63fdee1a0a28d3e9de0d2ab8,user_study_cdc_sd_rt1s_c32_dual_core_v1,/Users/zilongzeng/Documents/data/Zhejia/results.csv,0.06941589526832104,1.1749999830499291,0.7327910279855132,1.98470801115036
986,Zhejia,movement,left,74,intent_directory,/Users/zilongzeng/Documents/data/Zhejia/movement/left/74.wav,Zhejia/movement/left/74.wav,emergency,0.546875,0.546875,0.36328125,0.08984375,"[12, -35, -105]",False,emergency,0.535156,True,ok,911,56,632,1764,"[9, -36, -101]",e43cc3f7b7f7e2413bdc35765bca5d45473b5b1b63fdee1a0a28d3e9de0d2ab8,user_study_cdc_sd_rt1s_c32_dual_core_v1,/Users/zilongzeng/Documents/data/Zhejia/results.csv,0.11254206765443087,1.3942080549895763,0.7016659947112203,2.2153330501168966
987,Zhejia,movement,left,75,intent_directory,/Users/zilongzeng/Documents/data/Zhejia/movement/left/75.wav,Zhejia/movement/left/75.wav,movement,0.96875,0.02734375,0.96875,0.00390625,"[-121, 120, -127]",True,movement,0.968750,True,ok,927,56,632,1781,"[-121, 120, -127]",e43cc3f7b7f7e2413bdc35765bca5d45473b5b1b63fdee1a0a28d3e9de0d2ab8,user_study_cdc_sd_rt1s_c32_dual_core_v1,/Users/zilongzeng/Documents/data/Zhejia/results.csv,0.07845810614526272,1.2277080677449703,0.7259579142555594,2.0387499826028943
988,Zhejia,movement,left,76,intent_directory,/Users/zilongzeng/Documents/data/Zhejia/movement/left/76.wav,Zhejia/movement/left/76.wav,emergency,0.6484375,0.6484375,0.1953125,0.16015625,"[38, -78, -87]",False,emergency,0.726562,True,ok,920,56,632,1773,"[58, -83, -103]",e43cc3f7b7f7e2413bdc35765bca5d45473b5b1b63fdee1a0a28d3e9de0d2ab8,user_study_cdc_sd_rt1s_c32_dual_core_v1,/Users/zilongzeng/Documents/data/Zhejia/results.csv,0.08879194501787424,1.2549160746857524,0.6741660181432962,2.02262494713068
989,Zhejia,movement,left,77,intent_directory,/Users/zilongzeng/Documents/data/Zhejia/movement/left/77.wav,Zhejia/movement/left/77.wav,emergency,0.53515625,0.53515625,0.02734375,0.4375,"[9, -121, -16]",False,emergency,0.484375,True,ok,903,56,632,1755,"[-4, -121, -4]",e43cc3f7b7f7e2413bdc35765bca5d45473b5b1b63fdee1a0a28d3e9de0d2ab8,user_study_cdc_sd_rt1s_c32_dual_core_v1,/Users/zilongzeng/Documents/data/Zhejia/results.csv,0.06837490946054459,1.166708068922162,0.6479589501395822,1.8878330010920763
990,Zhejia,movement,left,78,intent_directory,/Users/zilongzeng/Documents/data/Zhejia/movement/left/78.wav,Zhejia/movement/left/78.wav,emergency,0.8984375,0.8984375,0.00390625,0.09765625,"[102, -127, -103]",False,emergency,0.878906,True,ok,915,56,632,1768,"[97, -127, -98]",e43cc3f7b7f7e2413bdc35765bca5d45473b5b1b63fdee1a0a28d3e9de0d2ab8,user_study_cdc_sd_rt1s_c32_dual_core_v1,/Users/zilongzeng/Documents/data/Zhejia/results.csv,0.20716700237244368,1.2076250277459621,0.7207499584183097,2.14245798997581
991,Zhejia,movement,left,79,intent_directory,/Users/zilongzeng/Documents/data/Zhejia/movement/left/79.wav,Zhejia/movement/left/79.wav,movement,0.64453125,0.3515625,0.64453125,0.00390625,"[-38, 37, -127]",True,movement,0.644531,True,ok,916,56,632,1771,"[-38, 37, -127]",e43cc3f7b7f7e2413bdc35765bca5d45473b5b1b63fdee1a0a28d3e9de0d2ab8,user_study_cdc_sd_rt1s_c32_dual_core_v1,/Users/zilongzeng/Documents/data/Zhejia/results.csv,0.3100839676335454,1.2703329557552934,0.7152920588850975,2.3015830665826797
992,Zhejia,movement,left,80,intent_directory,/Users/zilongzeng/Documents/data/Zhejia/movement/left/80.wav,Zhejia/movement/left/80.wav,movement,0.6875,0.30859375,0.6875,0.00390625,"[-49, 48, -127]",True,movement,0.832031,True,ok,911,56,632,1777,"[-86, 85, -127]",e43cc3f7b7f7e2413bdc35765bca5d45473b5b1b63fdee1a0a28d3e9de0d2ab8,user_study_cdc_sd_rt1s_c32_dual_core_v1,/Users/zilongzeng/Documents/data/Zhejia/results.csv,0.0820419518277049,1.3092909939587116,0.6600829074159265,2.0559580298140645
993,Zhejia,movement,right,81,intent_directory,/Users/zilongzeng/Documents/data/Zhejia/movement/right/81.wav,Zhejia/movement/right/81.wav,unknown,0.99609375,0.0,0.0,0.99609375,"[-128, -128, 127]",False,unknown,0.996094,True,ok,924,56,632,1848,"[-128, -128, 127]",e43cc3f7b7f7e2413bdc35765bca5d45473b5b1b63fdee1a0a28d3e9de0d2ab8,user_study_cdc_sd_rt1s_c32_dual_core_v1,/Users/zilongzeng/Documents/data/Zhejia/results.csv,0.06433308590203524,1.2909580254927278,0.6277909269556403,1.9926669774577022
994,Zhejia,movement,right,82,intent_directory,/Users/zilongzeng/Documents/data/Zhejia/movement/right/82.wav,Zhejia/movement/right/82.wav,movement,0.96875,0.0,0.96875,0.03125,"[-128, 120, -120]",True,movement,0.941406,True,ok,918,56,632,1773,"[-128, 113, -114]",e43cc3f7b7f7e2413bdc35765bca5d45473b5b1b63fdee1a0a28d3e9de0d2ab8,user_study_cdc_sd_rt1s_c32_dual_core_v1,/Users/zilongzeng/Documents/data/Zhejia/results.csv,0.14183390885591507,1.3485000235959888,0.6268329452723265,2.126916078850627
995,Zhejia,movement,right,83,intent_directory,/Users/zilongzeng/Documents/data/Zhejia/movement/right/83.wav,Zhejia/movement/right/83.wav,emergency,0.99609375,0.99609375,0.0,0.0,"[127, -128, -128]",False,emergency,0.996094,True,ok,907,56,632,1760,"[127, -128, -128]",e43cc3f7b7f7e2413bdc35765bca5d45473b5b1b63fdee1a0a28d3e9de0d2ab8,user_study_cdc_sd_rt1s_c32_dual_core_v1,/Users/zilongzeng/Documents/data/Zhejia/results.csv,0.07712503429502249,1.3420420000329614,0.7234580116346478,2.1502500167116523
996,Zhejia,movement,right,84,intent_directory,/Users/zilongzeng/Documents/data/Zhejia/movement/right/84.wav,Zhejia/movement/right/84.wav,movement,0.76953125,0.23046875,0.76953125,0.0,"[-69, 69, -128]",True,movement,0.769531,True,ok,926,56,632,1779,"[-69, 69, -128]",e43cc3f7b7f7e2413bdc35765bca5d45473b5b1b63fdee1a0a28d3e9de0d2ab8,user_study_cdc_sd_rt1s_c32_dual_core_v1,/Users/zilongzeng/Documents/data/Zhejia/results.csv,0.09258394129574299,1.2898329878225923,0.6647499976679683,2.0520829129964113
997,Zhejia,movement,right,85,intent_directory,/Users/zilongzeng/Documents/data/Zhejia/movement/right/85.wav,Zhejia/movement/right/85.wav,movement,0.99609375,0.0,0.99609375,0.0,"[-128, 127, -128]",True,movement,0.996094,True,ok,920,56,632,1787,"[-128, 127, -128]",e43cc3f7b7f7e2413bdc35765bca5d45473b5b1b63fdee1a0a28d3e9de0d2ab8,user_study_cdc_sd_rt1s_c32_dual_core_v1,/Users/zilongzeng/Documents/data/Zhejia/results.csv,0.058125006034970284,1.1533750221133232,0.6575839361175895,1.87391706276685
998,Zhejia,movement,right,86,intent_directory,/Users/zilongzeng/Documents/data/Zhejia/movement/right/86.wav,Zhejia/movement/right/86.wav,movement,0.5859375,0.01953125,0.5859375,0.39453125,"[-123, 22, -27]",True,movement,0.585938,True,ok,912,56,632,1765,"[-123, 22, -27]",e43cc3f7b7f7e2413bdc35765bca5d45473b5b1b63fdee1a0a28d3e9de0d2ab8,user_study_cdc_sd_rt1s_c32_dual_core_v1,/Users/zilongzeng/Documents/data/Zhejia/results.csv,0.15816697850823402,1.4002500101923943,0.7083340315148234,2.2730419877916574
999,Zhejia,movement,right,87,intent_directory,/Users/zilongzeng/Documents/data/Zhejia/movement/right/87.wav,Zhejia/movement/right/87.wav,movement,0.99609375,0.0,0.99609375,0.0,"[-128, 127, -128]",True,movement,0.996094,True,ok,925,56,632,1778,"[-128, 127, -128]",e43cc3f7b7f7e2413bdc35765bca5d45473b5b1b63fdee1a0a28d3e9de0d2ab8,user_study_cdc_sd_rt1s_c32_dual_core_v1,/Users/zilongzeng/Documents/data/Zhejia/results.csv,0.24029100313782692,1.2985420180484653,0.7193749770522118,2.265000017359853
1000,Zhejia,movement,right,88,intent_directory,/Users/zilongzeng/Documents/data/Zhejia/movement/right/88.wav,Zhejia/movement/right/88.wav,movement,0.68359375,0.3046875,0.68359375,0.01171875,"[-50, 47, -125]",True,movement,0.683594,True,ok,918,56,632,1773,"[-50, 47, -125]",e43cc3f7b7f7e2413bdc35765bca5d45473b5b1b63fdee1a0a28d3e9de0d2ab8,user_study_cdc_sd_rt1s_c32_dual_core_v1,/Users/zilongzeng/Documents/data/Zhejia/results.csv,0.21041708532720804,1.5323749976232648,0.6270830053836107,2.3792089195922017
1001,Zhejia,movement,right,89,intent_directory,/Users/zilongzeng/Documents/data/Zhejia/movement/right/89.wav,Zhejia/movement/right/89.wav,emergency,0.51953125,0.51953125,0.42578125,0.05859375,"[5, -19, -113]",False,emergency,0.562500,True,ok,908,56,632,1761,"[16, -32, -112]",e43cc3f7b7f7e2413bdc35765bca5d45473b5b1b63fdee1a0a28d3e9de0d2ab8,user_study_cdc_sd_rt1s_c32_dual_core_v1,/Users/zilongzeng/Documents/data/Zhejia/results.csv,0.2612919779494405,1.2324170675128698,0.6759159732609987,2.1842920687049627
1002,Zhejia,movement,right,90,intent_directory,/Users/zilongzeng/Documents/data/Zhejia/movement/right/90.wav,Zhejia/movement/right/90.wav,movement,0.75,0.22265625,0.75,0.0234375,"[-71, 64, -122]",True,movement,0.750000,True,ok,917,56,632,1770,"[-71, 64, -122]",e43cc3f7b7f7e2413bdc35765bca5d45473b5b1b63fdee1a0a28d3e9de0d2ab8,user_study_cdc_sd_rt1s_c32_dual_core_v1,/Users/zilongzeng/Documents/data/Zhejia/results.csv,0.08737505413591862,1.2961669126525521,0.7148750592023134,2.105250023305416
1003,Zhejia,movement,up,91,intent_directory,/Users/zilongzeng/Documents/data/Zhejia/movement/up/91.wav,Zhejia/movement/up/91.wav,movement,0.99609375,0.0,0.99609375,0.0,"[-128, 127, -128]",True,movement,0.996094,True,ok,919,56,632,1819,"[-128, 127, -128]",e43cc3f7b7f7e2413bdc35765bca5d45473b5b1b63fdee1a0a28d3e9de0d2ab8,user_study_cdc_sd_rt1s_c32_dual_core_v1,/Users/zilongzeng/Documents/data/Zhejia/results.csv,0.07837498560547829,1.2779999524354935,0.6976670119911432,2.06008309032768
1004,Zhejia,movement,up,92,intent_directory,/Users/zilongzeng/Documents/data/Zhejia/movement/up/92.wav,Zhejia/movement/up/92.wav,movement,0.7109375,0.26171875,0.7109375,0.02734375,"[-61, 54, -121]",True,movement,0.664062,True,ok,907,56,632,1760,"[-52, 42, -118]",e43cc3f7b7f7e2413bdc35765bca5d45473b5b1b63fdee1a0a28d3e9de0d2ab8,user_study_cdc_sd_rt1s_c32_dual_core_v1,/Users/zilongzeng/Documents/data/Zhejia/results.csv,0.07920898497104645,1.269750064238906,0.6564999930560589,2.010249998420477
1005,Zhejia,movement,up,93,intent_directory,/Users/zilongzeng/Documents/data/Zhejia/movement/up/93.wav,Zhejia/movement/up/93.wav,emergency,0.80859375,0.80859375,0.1328125,0.05859375,"[79, -94, -113]",False,emergency,0.828125,True,ok,929,56,632,1783,"[84, -100, -113]",e43cc3f7b7f7e2413bdc35765bca5d45473b5b1b63fdee1a0a28d3e9de0d2ab8,user_study_cdc_sd_rt1s_c32_dual_core_v1,/Users/zilongzeng/Documents/data/Zhejia/results.csv,0.06474996916949749,1.1374580208212137,0.7410829421132803,1.9503330113366246
1006,Zhejia,movement,up,94,intent_directory,/Users/zilongzeng/Documents/data/Zhejia/movement/up/94.wav,Zhejia/movement/up/94.wav,movement,0.984375,0.01171875,0.984375,0.00390625,"[-125, 124, -127]",True,movement,0.976562,True,ok,919,56,632,1774,"[-124, 122, -126]",e43cc3f7b7f7e2413bdc35765bca5d45473b5b1b63fdee1a0a28d3e9de0d2ab8,user_study_cdc_sd_rt1s_c32_dual_core_v1,/Users/zilongzeng/Documents/data/Zhejia/results.csv,0.062249950133264065,1.2458330020308495,0.7125419797375798,2.026582951657474
1007,Zhejia,movement,up,95,intent_directory,/Users/zilongzeng/Documents/data/Zhejia/movement/up/95.wav,Zhejia/movement/up/95.wav,movement,0.99609375,0.0,0.99609375,0.0,"[-128, 127, -128]",True,movement,0.996094,True,ok,909,56,632,1764,"[-128, 127, -128]",e43cc3f7b7f7e2413bdc35765bca5d45473b5b1b63fdee1a0a28d3e9de0d2ab8,user_study_cdc_sd_rt1s_c32_dual_core_v1,/Users/zilongzeng/Documents/data/Zhejia/results.csv,0.06862496957182884,1.3177499640733004,0.7276670075953007,2.1196670131757855
1008,Zhejia,movement,up,96,intent_directory,/Users/zilongzeng/Documents/data/Zhejia/movement/up/96.wav,Zhejia/movement/up/96.wav,movement,0.92578125,0.06640625,0.92578125,0.0078125,"[-111, 109, -126]",True,movement,0.910156,True,ok,920,56,632,1773,"[-107, 105, -126]",e43cc3f7b7f7e2413bdc35765bca5d45473b5b1b63fdee1a0a28d3e9de0d2ab8,user_study_cdc_sd_rt1s_c32_dual_core_v1,/Users/zilongzeng/Documents/data/Zhejia/results.csv,0.07483293302357197,1.2275830376893282,0.6549580721184611,1.963666989468038
1009,Zhejia,movement,up,97,intent_directory,/Users/zilongzeng/Documents/data/Zhejia/movement/up/97.wav,Zhejia/movement/up/97.wav,emergency,0.984375,0.984375,0.01171875,0.00390625,"[124, -125, -127]",False,emergency,0.976562,True,ok,929,56,632,1784,"[122, -124, -127]",e43cc3f7b7f7e2413bdc35765bca5d45473b5b1b63fdee1a0a28d3e9de0d2ab8,user_study_cdc_sd_rt1s_c32_dual_core_v1,/Users/zilongzeng/Documents/data/Zhejia/results.csv,0.2044999273493886,1.0934590827673674,0.7417500019073486,2.0461659878492355
1010,Zhejia,movement,up,98,intent_directory,/Users/zilongzeng/Documents/data/Zhejia/movement/up/98.wav,Zhejia/movement/up/98.wav,emergency,0.55078125,0.55078125,0.0,0.44921875,"[13, -128, -13]",False,unknown,0.550781,False,ok,902,56,632,1756,"[-13, -128, 13]",e43cc3f7b7f7e2413bdc35765bca5d45473b5b1b63fdee1a0a28d3e9de0d2ab8,user_study_cdc_sd_rt1s_c32_dual_core_v1,/Users/zilongzeng/Documents/data/Zhejia/results.csv,0.25866704527288675,1.2767500011250377,0.7049579871818423,2.2462920751422644
1011,Zhejia,movement,up,99,intent_directory,/Users/zilongzeng/Documents/data/Zhejia/movement/up/99.wav,Zhejia/movement/up/99.wav,emergency,0.78515625,0.78515625,0.19140625,0.01953125,"[73, -79, -123]",False,emergency,0.843750,True,ok,926,56,632,1779,"[88, -93, -123]",e43cc3f7b7f7e2413bdc35765bca5d45473b5b1b63fdee1a0a28d3e9de0d2ab8,user_study_cdc_sd_rt1s_c32_dual_core_v1,/Users/zilongzeng/Documents/data/Zhejia/results.csv,0.06137497257441282,1.2768750311806798,0.7054170127958059,2.048916998319328
1012,Zhejia,movement,up,100,intent_directory,/Users/zilongzeng/Documents/data/Zhejia/movement/up/100.wav,Zhejia/movement/up/100.wav,movement,0.55078125,0.44921875,0.55078125,0.0,"[-13, 13, -128]",True,emergency,0.500000,False,ok,917,56,632,1770,"[0, 0, -128]",e43cc3f7b7f7e2413bdc35765bca5d45473b5b1b63fdee1a0a28d3e9de0d2ab8,user_study_cdc_sd_rt1s_c32_dual_core_v1,/Users/zilongzeng/Documents/data/Zhejia/results.csv,0.0635830219835043,1.170207979157567,0.6768329767510295,1.9154169131070375
1013,Zhejia,unknown,bed,101,intent_directory,/Users/zilongzeng/Documents/data/Zhejia/unknown/bed/101.wav,Zhejia/unknown/bed/101.wav,unknown,0.9921875,0.00390625,0.0078125,0.9921875,"[-127, -126, 126]",True,unknown,0.996094,True,ok,909,56,632,1849,"[-128, -127, 127]",e43cc3f7b7f7e2413bdc35765bca5d45473b5b1b63fdee1a0a28d3e9de0d2ab8,user_study_cdc_sd_rt1s_c32_dual_core_v1,/Users/zilongzeng/Documents/data/Zhejia/results.csv,0.06458302959799767,1.1882079998031259,0.7355830166488886,1.994500053115189
1014,Zhejia,unknown,bed,102,intent_directory,/Users/zilongzeng/Documents/data/Zhejia/unknown/bed/102.wav,Zhejia/unknown/bed/102.wav,unknown,0.6640625,0.0390625,0.296875,0.6640625,"[-118, -52, 42]",True,movement,0.519531,False,ok,927,56,632,1780,"[-114, 5, -19]",e43cc3f7b7f7e2413bdc35765bca5d45473b5b1b63fdee1a0a28d3e9de0d2ab8,user_study_cdc_sd_rt1s_c32_dual_core_v1,/Users/zilongzeng/Documents/data/Zhejia/results.csv,0.05916692316532135,1.3884169748052955,0.6238749483600259,2.0803340012207627
1015,Zhejia,unknown,bed,103,intent_directory,/Users/zilongzeng/Documents/data/Zhejia/unknown/bed/103.wav,Zhejia/unknown/bed/103.wav,emergency,0.93359375,0.93359375,0.03125,0.0390625,"[111, -120, -118]",False,emergency,0.910156,True,ok,928,56,632,1781,"[105, -117, -117]",e43cc3f7b7f7e2413bdc35765bca5d45473b5b1b63fdee1a0a28d3e9de0d2ab8,user_study_cdc_sd_rt1s_c32_dual_core_v1,/Users/zilongzeng/Documents/data/Zhejia/results.csv,0.15770795289427042,1.2984999921172857,0.7243748987093568,2.1877079270780087
1016,Zhejia,unknown,bed,104,intent_directory,/Users/zilongzeng/Documents/data/Zhejia/unknown/bed/104.wav,Zhejia/unknown/bed/104.wav,emergency,0.7578125,0.7578125,0.18359375,0.0546875,"[66, -81, -114]",False,emergency,0.800781,True,ok,902,56,632,1756,"[77, -87, -118]",e43cc3f7b7f7e2413bdc35765bca5d45473b5b1b63fdee1a0a28d3e9de0d2ab8,user_study_cdc_sd_rt1s_c32_dual_core_v1,/Users/zilongzeng/Documents/data/Zhejia/results.csv,0.08525000885128975,1.192333991639316,0.6730830064043403,1.9570828881114721
1017,Zhejia,unknown,bed,105,intent_directory,/Users/zilongzeng/Documents/data/Zhejia/unknown/bed/105.wav,Zhejia/unknown/bed/105.wav,movement,0.39453125,0.21484375,0.39453125,0.39453125,"[-73, -27, -27]",False,unknown,0.441406,False,ok,923,56,632,1777,"[-77, -36, -15]",e43cc3f7b7f7e2413bdc35765bca5d45473b5b1b63fdee1a0a28d3e9de0d2ab8,user_study_cdc_sd_rt1s_c32_dual_core_v1,/Users/zilongzeng/Documents/data/Zhejia/results.csv,0.06075005512684584,1.1638749856501818,0.74095802847296,1.9733329536393285
1018,Zhejia,unknown,bed,106,intent_directory,/Users/zilongzeng/Documents/data/Zhejia/unknown/bed/106.wav,Zhejia/unknown/bed/106.wav,emergency,0.765625,0.765625,0.1875,0.046875,"[68, -80, -116]",False,emergency,0.734375,True,ok,926,56,632,1780,"[60, -72, -117]",e43cc3f7b7f7e2413bdc35765bca5d45473b5b1b63fdee1a0a28d3e9de0d2ab8,user_study_cdc_sd_rt1s_c32_dual_core_v1,/Users/zilongzeng/Documents/data/Zhejia/results.csv,0.0641669612377882,1.3220420805737376,0.6947079673409462,2.0865410333499312
1019,Zhejia,unknown,bed,107,intent_directory,/Users/zilongzeng/Documents/data/Zhejia/unknown/bed/107.wav,Zhejia/unknown/bed/107.wav,movement,0.62109375,0.27734375,0.62109375,0.1015625,"[-57, 31, -102]",False,movement,0.605469,True,ok,907,56,632,1759,"[-59, 27, -97]",e43cc3f7b7f7e2413bdc35765bca5d45473b5b1b63fdee1a0a28d3e9de0d2ab8,user_study_cdc_sd_rt1s_c32_dual_core_v1,/Users/zilongzeng/Documents/data/Zhejia/results.csv,0.060125021263957024,1.276541966944933,0.6795000517740846,2.021583030000329
1020,Zhejia,unknown,bed,108,intent_directory,/Users/zilongzeng/Documents/data/Zhejia/unknown/bed/108.wav,Zhejia/unknown/bed/108.wav,emergency,0.5859375,0.5859375,0.390625,0.0234375,"[22, -28, -122]",False,emergency,0.488281,True,ok,920,56,632,1774,"[-3, -3, -123]",e43cc3f7b7f7e2413bdc35765bca5d45473b5b1b63fdee1a0a28d3e9de0d2ab8,user_study_cdc_sd_rt1s_c32_dual_core_v1,/Users/zilongzeng/Documents/data/Zhejia/results.csv,0.09295798372477293,1.2339579407125711,0.6631669821217656,1.9949589623138309
1021,Zhejia,unknown,bed,109,intent_directory,/Users/zilongzeng/Documents/data/Zhejia/unknown/bed/109.wav,Zhejia/unknown/bed/109.wav,emergency,0.859375,0.859375,0.11328125,0.02734375,"[92, -99, -121]",False,emergency,0.898438,True,ok,928,56,632,1792,"[102, -107, -123]",e43cc3f7b7f7e2413bdc35765bca5d45473b5b1b63fdee1a0a28d3e9de0d2ab8,user_study_cdc_sd_rt1s_c32_dual_core_v1,/Users/zilongzeng/Documents/data/Zhejia/results.csv,0.06254203617572784,1.1328329565003514,0.6871669320389628,1.8888750346377492
1022,Zhejia,unknown,bed,110,intent_directory,/Users/zilongzeng/Documents/data/Zhejia/unknown/bed/110.wav,Zhejia/unknown/bed/110.wav,emergency,0.5234375,0.5234375,0.34765625,0.12890625,"[6, -39, -95]",False,emergency,0.523438,True,ok,903,56,632,1757,"[6, -39, -95]",e43cc3f7b7f7e2413bdc35765bca5d45473b5b1b63fdee1a0a28d3e9de0d2ab8,user_study_cdc_sd_rt1s_c32_dual_core_v1,/Users/zilongzeng/Documents/data/Zhejia/results.csv,0.059999991208314896,1.401833025738597,0.6254999898374081,2.096540993079543
1023,Zhejia,unknown,bird,111,intent_directory,/Users/zilongzeng/Documents/data/Zhejia/unknown/bird/111.wav,Zhejia/unknown/bird/111.wav,unknown,0.99609375,0.0,0.0,0.99609375,"[-128, -128, 127]",True,unknown,0.996094,True,ok,927,56,632,1827,"[-128, -128, 127]",e43cc3f7b7f7e2413bdc35765bca5d45473b5b1b63fdee1a0a28d3e9de0d2ab8,user_study_cdc_sd_rt1s_c32_dual_core_v1,/Users/zilongzeng/Documents/data/Zhejia/results.csv,0.28316699899733067,1.2345840223133564,0.6642920197919011,2.1888749906793237
1024,Zhejia,unknown,bird,112,intent_directory,/Users/zilongzeng/Documents/data/Zhejia/unknown/bird/112.wav,Zhejia/unknown/bird/112.wav,unknown,0.99609375,0.0,0.0,0.99609375,"[-128, -128, 127]",True,unknown,0.996094,True,ok,926,56,632,1781,"[-128, -128, 127]",e43cc3f7b7f7e2413bdc35765bca5d45473b5b1b63fdee1a0a28d3e9de0d2ab8,user_study_cdc_sd_rt1s_c32_dual_core_v1,/Users/zilongzeng/Documents/data/Zhejia/results.csv,0.26249990332871675,1.2048750650137663,0.659500015899539,2.131916000507772
1025,Zhejia,unknown,bird,113,intent_directory,/Users/zilongzeng/Documents/data/Zhejia/unknown/bird/113.wav,Zhejia/unknown/bird/113.wav,movement,0.6015625,0.21875,0.6015625,0.1796875,"[-72, 26, -82]",False,movement,0.601562,True,ok,908,56,632,1761,"[-72, 26, -82]",e43cc3f7b7f7e2413bdc35765bca5d45473b5b1b63fdee1a0a28d3e9de0d2ab8,user_study_cdc_sd_rt1s_c32_dual_core_v1,/Users/zilongzeng/Documents/data/Zhejia/results.csv,0.060666934587061405,1.365541946142912,0.6217919290065765,2.0567079773172736
1026,Zhejia,unknown,bird,114,intent_directory,/Users/zilongzeng/Documents/data/Zhejia/unknown/bird/114.wav,Zhejia/unknown/bird/114.wav,unknown,0.99609375,0.0,0.0,0.99609375,"[-128, -128, 127]",True,unknown,0.996094,True,ok,922,56,632,1776,"[-128, -128, 127]",e43cc3f7b7f7e2413bdc35765bca5d45473b5b1b63fdee1a0a28d3e9de0d2ab8,user_study_cdc_sd_rt1s_c32_dual_core_v1,/Users/zilongzeng/Documents/data/Zhejia/results.csv,0.13041705824434757,1.3188750017434359,0.7152080070227385,2.171291969716549
1027,Zhejia,unknown,bird,115,intent_directory,/Users/zilongzeng/Documents/data/Zhejia/unknown/bird/115.wav,Zhejia/unknown/bird/115.wav,movement,0.9453125,0.0546875,0.9453125,0.0,"[-114, 114, -128]",False,movement,0.953125,True,ok,915,56,632,1768,"[-116, 116, -128]",e43cc3f7b7f7e2413bdc35765bca5d45473b5b1b63fdee1a0a28d3e9de0d2ab8,user_study_cdc_sd_rt1s_c32_dual_core_v1,/Users/zilongzeng/Documents/data/Zhejia/results.csv,0.09245809633284807,1.2660420034080744,0.7226669695228338,2.087291912175715
1028,Zhejia,unknown,bird,116,intent_directory,/Users/zilongzeng/Documents/data/Zhejia/unknown/bird/116.wav,Zhejia/unknown/bird/116.wav,unknown,0.99609375,0.0,0.0,0.99609375,"[-128, -128, 127]",True,unknown,0.996094,True,ok,910,56,632,1778,"[-128, -128, 127]",e43cc3f7b7f7e2413bdc35765bca5d45473b5b1b63fdee1a0a28d3e9de0d2ab8,user_study_cdc_sd_rt1s_c32_dual_core_v1,/Users/zilongzeng/Documents/data/Zhejia/results.csv,0.08762511424720287,1.1783749796450138,0.7091250736266375,1.9807089120149612
1029,Zhejia,unknown,bird,117,intent_directory,/Users/zilongzeng/Documents/data/Zhejia/unknown/bird/117.wav,Zhejia/unknown/bird/117.wav,unknown,0.99609375,0.0,0.0,0.99609375,"[-128, -128, 127]",True,unknown,0.996094,True,ok,916,56,632,1770,"[-128, -128, 127]",e43cc3f7b7f7e2413bdc35765bca5d45473b5b1b63fdee1a0a28d3e9de0d2ab8,user_study_cdc_sd_rt1s_c32_dual_core_v1,/Users/zilongzeng/Documents/data/Zhejia/results.csv,0.053999945521354675,1.2394579825922847,0.6213749293237925,1.9233329221606255
1030,Zhejia,unknown,bird,118,intent_directory,/Users/zilongzeng/Documents/data/Zhejia/unknown/bird/118.wav,Zhejia/unknown/bird/118.wav,emergency,0.74609375,0.74609375,0.22265625,0.03125,"[63, -71, -120]",False,emergency,0.808594,True,ok,922,56,632,1777,"[79, -87, -120]",e43cc3f7b7f7e2413bdc35765bca5d45473b5b1b63fdee1a0a28d3e9de0d2ab8,user_study_cdc_sd_rt1s_c32_dual_core_v1,/Users/zilongzeng/Documents/data/Zhejia/results.csv,0.11424999684095383,1.3737920671701431,0.7157499203458428,2.2111249854788184
1031,Zhejia,unknown,bird,119,intent_directory,/Users/zilongzeng/Documents/data/Zhejia/unknown/bird/119.wav,Zhejia/unknown/bird/119.wav,movement,0.99609375,0.0,0.99609375,0.0,"[-128, 127, -128]",False,movement,0.996094,True,ok,907,56,632,1761,"[-127, 127, -128]",e43cc3f7b7f7e2413bdc35765bca5d45473b5b1b63fdee1a0a28d3e9de0d2ab8,user_study_cdc_sd_rt1s_c32_dual_core_v1,/Users/zilongzeng/Documents/data/Zhejia/results.csv,0.08420809172093868,1.2695000041276217,0.7032090798020363,2.063375082798302
1032,Zhejia,unknown,bird,120,intent_directory,/Users/zilongzeng/Documents/data/Zhejia/unknown/bird/120.wav,Zhejia/unknown/bird/120.wav,emergency,0.5703125,0.5703125,0.37890625,0.05078125,"[18, -31, -115]",False,emergency,0.570312,True,ok,918,56,632,1773,"[18, -31, -115]",e43cc3f7b7f7e2413bdc35765bca5d45473b5b1b63fdee1a0a28d3e9de0d2ab8,user_study_cdc_sd_rt1s_c32_dual_core_v1,/Users/zilongzeng/Documents/data/Zhejia/results.csv,0.07791607640683651,1.2275830376893282,0.6608329713344574,1.971375080756843
1033,Zhejia,unknown,cat,121,intent_directory,/Users/zilongzeng/Documents/data/Zhejia/unknown/cat/121.wav,Zhejia/unknown/cat/121.wav,unknown,0.99609375,0.0,0.0,0.99609375,"[-128, -128, 127]",True,unknown,0.996094,True,ok,919,56,632,1817,"[-128, -128, 127]",e43cc3f7b7f7e2413bdc35765bca5d45473b5b1b63fdee1a0a28d3e9de0d2ab8,user_study_cdc_sd_rt1s_c32_dual_core_v1,/Users/zilongzeng/Documents/data/Zhejia/results.csv,0.05983398295938969,1.1732500279322267,0.7831669645383954,2.043957938440144
1034,Zhejia,unknown,cat,122,intent_directory,/Users/zilongzeng/Documents/data/Zhejia/unknown/cat/122.wav,Zhejia/unknown/cat/122.wav,unknown,0.97265625,0.0,0.02734375,0.97265625,"[-128, -121, 121]",True,unknown,0.984375,True,ok,913,56,632,1767,"[-128, -124, 124]",e43cc3f7b7f7e2413bdc35765bca5d45473b5b1b63fdee1a0a28d3e9de0d2ab8,user_study_cdc_sd_rt1s_c32_dual_core_v1,/Users/zilongzeng/Documents/data/Zhejia/results.csv,0.20649994257837534,1.227332977578044,0.7150840247049928,2.156707923859358
1035,Zhejia,unknown,cat,123,intent_directory,/Users/zilongzeng/Documents/data/Zhejia/unknown/cat/123.wav,Zhejia/unknown/cat/123.wav,unknown,0.99609375,0.0,0.0,0.99609375,"[-128, -128, 127]",True,unknown,0.996094,True,ok,921,56,632,1785,"[-128, -128, 127]",e43cc3f7b7f7e2413bdc35765bca5d45473b5b1b63fdee1a0a28d3e9de0d2ab8,user_study_cdc_sd_rt1s_c32_dual_core_v1,/Users/zilongzeng/Documents/data/Zhejia/results.csv,0.16525003593415022,1.2800409458577633,0.7296249968931079,2.181334071792662
1036,Zhejia,unknown,cat,124,intent_directory,/Users/zilongzeng/Documents/data/Zhejia/unknown/cat/124.wav,Zhejia/unknown/cat/124.wav,unknown,0.99609375,0.0,0.0,0.99609375,"[-128, -128, 127]",True,unknown,0.996094,True,ok,927,56,632,1780,"[-128, -128, 127]",e43cc3f7b7f7e2413bdc35765bca5d45473b5b1b63fdee1a0a28d3e9de0d2ab8,user_study_cdc_sd_rt1s_c32_dual_core_v1,/Users/zilongzeng/Documents/data/Zhejia/results.csv,0.14800007920712233,1.2349170865491033,0.6990829715505242,2.087583066895604
1037,Zhejia,unknown,cat,125,intent_directory,/Users/zilongzeng/Documents/data/Zhejia/unknown/cat/125.wav,Zhejia/unknown/cat/125.wav,unknown,0.99609375,0.0,0.0,0.99609375,"[-128, -128, 127]",True,unknown,0.996094,True,ok,901,56,632,1755,"[-128, -128, 127]",e43cc3f7b7f7e2413bdc35765bca5d45473b5b1b63fdee1a0a28d3e9de0d2ab8,user_study_cdc_sd_rt1s_c32_dual_core_v1,/Users/zilongzeng/Documents/data/Zhejia/results.csv,0.13620802201330662,1.225207932293415,0.7463330402970314,2.115167095325887
1038,Zhejia,unknown,cat,126,intent_directory,/Users/zilongzeng/Documents/data/Zhejia/unknown/cat/126.wav,Zhejia/unknown/cat/126.wav,movement,0.6328125,0.28125,0.6328125,0.0859375,"[-56, 34, -106]",False,movement,0.667969,True,ok,918,56,632,1770,"[-66, 43, -105]",e43cc3f7b7f7e2413bdc35765bca5d45473b5b1b63fdee1a0a28d3e9de0d2ab8,user_study_cdc_sd_rt1s_c32_dual_core_v1,/Users/zilongzeng/Documents/data/Zhejia/results.csv,0.1347920624539256,1.296292059123516,0.7053749868646264,2.142000012099743
1039,Zhejia,unknown,cat,127,intent_directory,/Users/zilongzeng/Documents/data/Zhejia/unknown/cat/127.wav,Zhejia/unknown/cat/127.wav,unknown,0.99609375,0.0,0.0,0.99609375,"[-128, -128, 127]",True,unknown,0.996094,True,ok,920,56,632,1773,"[-128, -128, 127]",e43cc3f7b7f7e2413bdc35765bca5d45473b5b1b63fdee1a0a28d3e9de0d2ab8,user_study_cdc_sd_rt1s_c32_dual_core_v1,/Users/zilongzeng/Documents/data/Zhejia/results.csv,0.13999990187585354,1.4121250715106726,0.6574169965460896,2.2180828964337707
1040,Zhejia,unknown,cat,128,intent_directory,/Users/zilongzeng/Documents/data/Zhejia/unknown/cat/128.wav,Zhejia/unknown/cat/128.wav,unknown,0.99609375,0.0,0.0,0.99609375,"[-128, -128, 127]",True,unknown,0.996094,True,ok,908,56,632,1762,"[-128, -128, 127]",e43cc3f7b7f7e2413bdc35765bca5d45473b5b1b63fdee1a0a28d3e9de0d2ab8,user_study_cdc_sd_rt1s_c32_dual_core_v1,/Users/zilongzeng/Documents/data/Zhejia/results.csv,0.15241606160998344,1.1258750455453992,0.709500047378242,1.9924999214708805
1041,Zhejia,unknown,cat,129,intent_directory,/Users/zilongzeng/Documents/data/Zhejia/unknown/cat/129.wav,Zhejia/unknown/cat/129.wav,movement,0.98046875,0.0,0.98046875,0.01953125,"[-128, 123, -123]",False,movement,0.945312,True,ok,919,56,632,1772,"[-128, 114, -114]",e43cc3f7b7f7e2413bdc35765bca5d45473b5b1b63fdee1a0a28d3e9de0d2ab8,user_study_cdc_sd_rt1s_c32_dual_core_v1,/Users/zilongzeng/Documents/data/Zhejia/results.csv,0.1384170027449727,1.0609159944579005,0.6677920464426279,1.9005000358447433
1042,Zhejia,unknown,cat,130,intent_directory,/Users/zilongzeng/Documents/data/Zhejia/unknown/cat/130.wav,Zhejia/unknown/cat/130.wav,movement,0.4921875,0.328125,0.4921875,0.1796875,"[-44, -2, -82]",False,movement,0.457031,True,ok,922,56,632,1774,"[-32, -11, -85]",e43cc3f7b7f7e2413bdc35765bca5d45473b5b1b63fdee1a0a28d3e9de0d2ab8,user_study_cdc_sd_rt1s_c32_dual_core_v1,/Users/zilongzeng/Documents/data/Zhejia/results.csv,0.2364589599892497,1.2160410406067967,0.7389580132439733,2.1991670364513993
1043,Zhejia,unknown,dog,131,intent_directory,/Users/zilongzeng/Documents/data/Zhejia/unknown/dog/131.wav,Zhejia/unknown/dog/131.wav,unknown,0.99609375,0.0,0.0,0.99609375,"[-128, -128, 127]",True,unknown,0.996094,True,ok,903,56,632,1803,"[-128, -128, 127]",e43cc3f7b7f7e2413bdc35765bca5d45473b5b1b63fdee1a0a28d3e9de0d2ab8,user_study_cdc_sd_rt1s_c32_dual_core_v1,/Users/zilongzeng/Documents/data/Zhejia/results.csv,0.1807080116122961,1.2124578934162855,0.7147080032154918,2.113417023792863
1044,Zhejia,unknown,dog,132,intent_directory,/Users/zilongzeng/Documents/data/Zhejia/unknown/dog/132.wav,Zhejia/unknown/dog/132.wav,movement,0.80859375,0.16015625,0.80859375,0.03125,"[-87, 79, -120]",False,movement,0.808594,True,ok,927,56,632,1797,"[-87, 79, -120]",e43cc3f7b7f7e2413bdc35765bca5d45473b5b1b63fdee1a0a28d3e9de0d2ab8,user_study_cdc_sd_rt1s_c32_dual_core_v1,/Users/zilongzeng/Documents/data/Zhejia/results.csv,0.13691699132323265,1.1708330130204558,0.7039590273052454,2.0169999916106462
1045,Zhejia,unknown,dog,133,intent_directory,/Users/zilongzeng/Documents/data/Zhejia/unknown/dog/133.wav,Zhejia/unknown/dog/133.wav,emergency,0.51953125,0.51953125,0.05859375,0.42578125,"[5, -113, -19]",False,emergency,0.613281,True,ok,922,56,632,1777,"[29, -114, -42]",e43cc3f7b7f7e2413bdc35765bca5d45473b5b1b63fdee1a0a28d3e9de0d2ab8,user_study_cdc_sd_rt1s_c32_dual_core_v1,/Users/zilongzeng/Documents/data/Zhejia/results.csv,0.13670895714312792,1.2011249782517552,0.6324580172076821,1.9942920189350843
1046,Zhejia,unknown,dog,134,intent_directory,/Users/zilongzeng/Documents/data/Zhejia/unknown/dog/134.wav,Zhejia/unknown/dog/134.wav,movement,0.9921875,0.0,0.9921875,0.00390625,"[-128, 126, -127]",False,movement,0.988281,True,ok,914,56,632,1766,"[-128, 125, -126]",e43cc3f7b7f7e2413bdc35765bca5d45473b5b1b63fdee1a0a28d3e9de0d2ab8,user_study_cdc_sd_rt1s_c32_dual_core_v1,/Users/zilongzeng/Documents/data/Zhejia/results.csv,0.21641701459884644,1.2567921075969934,0.7070830324664712,2.187583944760263
1047,Zhejia,unknown,dog,135,intent_directory,/Users/zilongzeng/Documents/data/Zhejia/unknown/dog/135.wav,Zhejia/unknown/dog/135.wav,unknown,0.8828125,0.0,0.1171875,0.8828125,"[-128, -98, 98]",True,movement,0.597656,False,ok,929,56,632,1782,"[-128, 25, -26]",e43cc3f7b7f7e2413bdc35765bca5d45473b5b1b63fdee1a0a28d3e9de0d2ab8,user_study_cdc_sd_rt1s_c32_dual_core_v1,/Users/zilongzeng/Documents/data/Zhejia/results.csv,0.1926249824464321,1.3080419739708304,0.7151250028982759,2.221749979071319
1048,Zhejia,unknown,dog,136,intent_directory,/Users/zilongzeng/Documents/data/Zhejia/unknown/dog/136.wav,Zhejia/unknown/dog/136.wav,unknown,0.98828125,0.01171875,0.0,0.98828125,"[-125, -128, 125]",True,unknown,0.992188,True,ok,919,56,632,1773,"[-127, -128, 126]",e43cc3f7b7f7e2413bdc35765bca5d45473b5b1b63fdee1a0a28d3e9de0d2ab8,user_study_cdc_sd_rt1s_c32_dual_core_v1,/Users/zilongzeng/Documents/data/Zhejia/results.csv,0.16795797273516655,1.1747500393539667,0.6925410125404596,2.040332998149097
1049,Zhejia,unknown,dog,137,intent_directory,/Users/zilongzeng/Documents/data/Zhejia/unknown/dog/137.wav,Zhejia/unknown/dog/137.wav,unknown,0.99609375,0.0,0.0,0.99609375,"[-128, -128, 127]",True,unknown,0.996094,True,ok,911,56,632,1763,"[-128, -128, 127]",e43cc3f7b7f7e2413bdc35765bca5d45473b5b1b63fdee1a0a28d3e9de0d2ab8,user_study_cdc_sd_rt1s_c32_dual_core_v1,/Users/zilongzeng/Documents/data/Zhejia/results.csv,0.14362495858222246,1.240083947777748,0.7041669450700283,2.0936670480296016
1050,Zhejia,unknown,dog,138,intent_directory,/Users/zilongzeng/Documents/data/Zhejia/unknown/dog/138.wav,Zhejia/unknown/dog/138.wav,movement,0.97265625,0.02734375,0.97265625,0.0,"[-121, 121, -128]",False,movement,0.960938,True,ok,917,56,632,1783,"[-118, 118, -128]",e43cc3f7b7f7e2413bdc35765bca5d45473b5b1b63fdee1a0a28d3e9de0d2ab8,user_study_cdc_sd_rt1s_c32_dual_core_v1,/Users/zilongzeng/Documents/data/Zhejia/results.csv,0.16425002831965685,1.2774579226970673,0.7156250067055225,2.162874909117818
1051,Zhejia,unknown,dog,139,intent_directory,/Users/zilongzeng/Documents/data/Zhejia/unknown/dog/139.wav,Zhejia/unknown/dog/139.wav,unknown,0.99609375,0.0,0.0,0.99609375,"[-128, -128, 127]",True,unknown,0.996094,True,ok,922,56,632,1777,"[-128, -128, 127]",e43cc3f7b7f7e2413bdc35765bca5d45473b5b1b63fdee1a0a28d3e9de0d2ab8,user_study_cdc_sd_rt1s_c32_dual_core_v1,/Users/zilongzeng/Documents/data/Zhejia/results.csv,0.17499993555247784,1.22991600073874,0.7065419340506196,2.116749994456768
1052,Zhejia,unknown,dog,140,intent_directory,/Users/zilongzeng/Documents/data/Zhejia/unknown/dog/140.wav,Zhejia/unknown/dog/140.wav,emergency,0.71875,0.71875,0.21484375,0.0625,"[56, -73, -112]",False,emergency,0.710938,True,ok,901,56,632,1754,"[54, -74, -108]",e43cc3f7b7f7e2413bdc35765bca5d45473b5b1b63fdee1a0a28d3e9de0d2ab8,user_study_cdc_sd_rt1s_c32_dual_core_v1,/Users/zilongzeng/Documents/data/Zhejia/results.csv,0.14987506438046694,1.149207935668528,0.7197499508038163,2.0240830490365624
1053,Zhejia,unknown,happy,141,intent_directory,/Users/zilongzeng/Documents/data/Zhejia/unknown/happy/141.wav,Zhejia/unknown/happy/141.wav,unknown,0.99609375,0.0,0.0,0.99609375,"[-128, -128, 127]",True,unknown,0.996094,True,ok,923,56,632,1821,"[-128, -128, 127]",e43cc3f7b7f7e2413bdc35765bca5d45473b5b1b63fdee1a0a28d3e9de0d2ab8,user_study_cdc_sd_rt1s_c32_dual_core_v1,/Users/zilongzeng/Documents/data/Zhejia/results.csv,0.14962500426918268,1.3506659306585789,0.736208981834352,2.2423750488087535
1054,Zhejia,unknown,happy,142,intent_directory,/Users/zilongzeng/Documents/data/Zhejia/unknown/happy/142.wav,Zhejia/unknown/happy/142.wav,unknown,0.99609375,0.0,0.0,0.99609375,"[-128, -128, 127]",True,unknown,0.996094,True,ok,920,56,632,1774,"[-128, -128, 127]",e43cc3f7b7f7e2413bdc35765bca5d45473b5b1b63fdee1a0a28d3e9de0d2ab8,user_study_cdc_sd_rt1s_c32_dual_core_v1,/Users/zilongzeng/Documents/data/Zhejia/results.csv,0.16024999786168337,1.250916044227779,0.6686660926789045,2.085041953250766
1055,Zhejia,unknown,happy,143,intent_directory,/Users/zilongzeng/Documents/data/Zhejia/unknown/happy/143.wav,Zhejia/unknown/happy/143.wav,unknown,0.99609375,0.0,0.0,0.99609375,"[-128, -128, 127]",True,unknown,0.996094,True,ok,910,56,632,1762,"[-128, -128, 127]",e43cc3f7b7f7e2413bdc35765bca5d45473b5b1b63fdee1a0a28d3e9de0d2ab8,user_study_cdc_sd_rt1s_c32_dual_core_v1,/Users/zilongzeng/Documents/data/Zhejia/results.csv,0.189624959602952,1.371124992147088,0.6362079875543714,2.206375007517636
1056,Zhejia,unknown,happy,144,intent_directory,/Users/zilongzeng/Documents/data/Zhejia/unknown/happy/144.wav,Zhejia/unknown/happy/144.wav,unknown,0.99609375,0.0,0.0,0.99609375,"[-128, -128, 127]",True,unknown,0.996094,True,ok,919,56,632,1771,"[-128, -128, 127]",e43cc3f7b7f7e2413bdc35765bca5d45473b5b1b63fdee1a0a28d3e9de0d2ab8,user_study_cdc_sd_rt1s_c32_dual_core_v1,/Users/zilongzeng/Documents/data/Zhejia/results.csv,0.23462495300918818,1.2412919895723462,0.6694999756291509,2.1509999642148614
1057,Zhejia,unknown,happy,145,intent_directory,/Users/zilongzeng/Documents/data/Zhejia/unknown/happy/145.wav,Zhejia/unknown/happy/145.wav,unknown,0.99609375,0.0,0.0,0.99609375,"[-128, -128, 127]",True,unknown,0.996094,True,ok,925,56,632,1779,"[-128, -128, 127]",e43cc3f7b7f7e2413bdc35765bca5d45473b5b1b63fdee1a0a28d3e9de0d2ab8,user_study_cdc_sd_rt1s_c32_dual_core_v1,/Users/zilongzeng/Documents/data/Zhejia/results.csv,0.15475007239729166,1.3339580036699772,0.7161670364439487,2.210750011727214
1058,Zhejia,unknown,happy,146,intent_directory,/Users/zilongzeng/Documents/data/Zhejia/unknown/happy/146.wav,Zhejia/unknown/happy/146.wav,unknown,0.80078125,0.00390625,0.1953125,0.80078125,"[-127, -78, 77]",True,unknown,0.828125,True,ok,911,56,632,1764,"[-127, -86, 84]",e43cc3f7b7f7e2413bdc35765bca5d45473b5b1b63fdee1a0a28d3e9de0d2ab8,user_study_cdc_sd_rt1s_c32_dual_core_v1,/Users/zilongzeng/Documents/data/Zhejia/results.csv,0.1705000177025795,1.3446250231936574,0.6191249703988433,2.143374993465841
1059,Zhejia,unknown,happy,147,intent_directory,/Users/zilongzeng/Documents/data/Zhejia/unknown/happy/147.wav,Zhejia/unknown/happy/147.wav,unknown,0.99609375,0.0,0.0,0.99609375,"[-128, -128, 127]",True,unknown,0.996094,True,ok,925,56,632,1788,"[-128, -128, 127]",e43cc3f7b7f7e2413bdc35765bca5d45473b5b1b63fdee1a0a28d3e9de0d2ab8,user_study_cdc_sd_rt1s_c32_dual_core_v1,/Users/zilongzeng/Documents/data/Zhejia/results.csv,0.26258407160639763,1.2921669986099005,0.6657500052824616,2.226665965281427
1060,Zhejia,unknown,happy,148,intent_directory,/Users/zilongzeng/Documents/data/Zhejia/unknown/happy/148.wav,Zhejia/unknown/happy/148.wav,unknown,0.99609375,0.0,0.0,0.99609375,"[-128, -128, 127]",True,unknown,0.996094,True,ok,915,56,632,1768,"[-128, -128, 127]",e43cc3f7b7f7e2413bdc35765bca5d45473b5b1b63fdee1a0a28d3e9de0d2ab8,user_study_cdc_sd_rt1s_c32_dual_core_v1,/Users/zilongzeng/Documents/data/Zhejia/results.csv,0.16899988986551762,1.1587500339373946,0.6803750293329358,2.0133749349042773
1061,Zhejia,unknown,happy,149,intent_directory,/Users/zilongzeng/Documents/data/Zhejia/unknown/happy/149.wav,Zhejia/unknown/happy/149.wav,unknown,0.52734375,0.234375,0.234375,0.52734375,"[-68, -68, 7]",True,unknown,0.476562,True,ok,911,56,632,1763,"[-61, -61, -6]",e43cc3f7b7f7e2413bdc35765bca5d45473b5b1b63fdee1a0a28d3e9de0d2ab8,user_study_cdc_sd_rt1s_c32_dual_core_v1,/Users/zilongzeng/Documents/data/Zhejia/results.csv,0.17187499906867743,1.3614579802379012,0.7099580252543092,2.2490419214591384
1062,Zhejia,unknown,happy,150,intent_directory,/Users/zilongzeng/Documents/data/Zhejia/unknown/happy/150.wav,Zhejia/unknown/happy/150.wav,unknown,0.99609375,0.0,0.0,0.99609375,"[-128, -128, 127]",True,unknown,0.996094,True,ok,920,56,632,1775,"[-128, -128, 127]",e43cc3f7b7f7e2413bdc35765bca5d45473b5b1b63fdee1a0a28d3e9de0d2ab8,user_study_cdc_sd_rt1s_c32_dual_core_v1,/Users/zilongzeng/Documents/data/Zhejia/results.csv,0.16666599549353123,1.2679999927058816,0.7171670440584421,2.159208059310913
1063,Zhuoran,emergency,stop,1,intent_directory,/Users/zilongzeng/Documents/data/Zhuoran/emergency/stop/1.wav,Zhuoran/emergency/stop/1.wav,movement,0.859375,0.078125,0.859375,0.0625,"[-108, 92, -112]",False,movement,0.871094,True,ok,923,56,632,1896,"[-112, 95, -112]",e43cc3f7b7f7e2413bdc35765bca5d45473b5b1b63fdee1a0a28d3e9de0d2ab8,user_study_cdc_sd_rt1s_c32_dual_core_v1,/Users/zilongzeng/Documents/data/Zhuoran/results.csv,0.17462496180087328,1.3047079555690289,0.7119160145521164,2.196874935179949
1064,Zhuoran,emergency,stop,2,intent_directory,/Users/zilongzeng/Documents/data/Zhuoran/emergency/stop/2.wav,Zhuoran/emergency/stop/2.wav,emergency,0.99609375,0.99609375,0.0,0.0,"[127, -128, -128]",True,emergency,0.996094,True,ok,905,56,632,1757,"[127, -128, -128]",e43cc3f7b7f7e2413bdc35765bca5d45473b5b1b63fdee1a0a28d3e9de0d2ab8,user_study_cdc_sd_rt1s_c32_dual_core_v1,/Users/zilongzeng/Documents/data/Zhuoran/results.csv,0.15474995598196983,1.1667920043691993,0.7662499556317925,2.0946658914908767
1065,Zhuoran,emergency,stop,3,intent_directory,/Users/zilongzeng/Documents/data/Zhuoran/emergency/stop/3.wav,Zhuoran/emergency/stop/3.wav,unknown,0.86328125,0.11328125,0.0234375,0.86328125,"[-99, -122, 93]",False,unknown,0.867188,True,ok,924,56,632,1776,"[-98, -123, 94]",e43cc3f7b7f7e2413bdc35765bca5d45473b5b1b63fdee1a0a28d3e9de0d2ab8,user_study_cdc_sd_rt1s_c32_dual_core_v1,/Users/zilongzeng/Documents/data/Zhuoran/results.csv,0.15437498223036528,1.4517499366775155,0.6236250046640635,2.238415996544063
1066,Zhuoran,emergency,stop,4,intent_directory,/Users/zilongzeng/Documents/data/Zhuoran/emergency/stop/4.wav,Zhuoran/emergency/stop/4.wav,emergency,0.95703125,0.95703125,0.0390625,0.00390625,"[117, -118, -127]",True,emergency,0.976562,True,ok,916,56,632,1782,"[122, -123, -128]",e43cc3f7b7f7e2413bdc35765bca5d45473b5b1b63fdee1a0a28d3e9de0d2ab8,user_study_cdc_sd_rt1s_c32_dual_core_v1,/Users/zilongzeng/Documents/data/Zhuoran/results.csv,0.2317910548299551,1.3046669773757458,0.7389589445665479,2.2825829219073057
1067,Zhuoran,emergency,stop,5,intent_directory,/Users/zilongzeng/Documents/data/Zhuoran/emergency/stop/5.wav,Zhuoran/emergency/stop/5.wav,emergency,0.98828125,0.98828125,0.0,0.0078125,"[125, -128, -126]",True,emergency,0.988281,True,ok,907,56,632,1768,"[125, -128, -126]",e43cc3f7b7f7e2413bdc35765bca5d45473b5b1b63fdee1a0a28d3e9de0d2ab8,user_study_cdc_sd_rt1s_c32_dual_core_v1,/Users/zilongzeng/Documents/data/Zhuoran/results.csv,0.16833399422466755,1.2451250804588199,0.7168330485001206,2.1357910009101033
1068,Zhuoran,emergency,stop,6,intent_directory,/Users/zilongzeng/Documents/data/Zhuoran/emergency/stop/6.wav,Zhuoran/emergency/stop/6.wav,unknown,0.8046875,0.0,0.1953125,0.8046875,"[-128, -78, 78]",False,unknown,0.769531,True,ok,923,56,632,1775,"[-128, -69, 69]",e43cc3f7b7f7e2413bdc35765bca5d45473b5b1b63fdee1a0a28d3e9de0d2ab8,user_study_cdc_sd_rt1s_c32_dual_core_v1,/Users/zilongzeng/Documents/data/Zhuoran/results.csv,0.1561250537633896,1.151749980635941,0.7517910562455654,2.066291985101998
1069,Zhuoran,emergency,stop,7,intent_directory,/Users/zilongzeng/Documents/data/Zhuoran/emergency/stop/7.wav,Zhuoran/emergency/stop/7.wav,unknown,0.9296875,0.00390625,0.06640625,0.9296875,"[-127, -111, 110]",False,unknown,0.898438,True,ok,917,56,632,1772,"[-127, -103, 102]",e43cc3f7b7f7e2413bdc35765bca5d45473b5b1b63fdee1a0a28d3e9de0d2ab8,user_study_cdc_sd_rt1s_c32_dual_core_v1,/Users/zilongzeng/Documents/data/Zhuoran/results.csv,0.1550000160932541,1.3365419581532478,0.7527499692514539,2.250125049613416
1070,Zhuoran,emergency,stop,8,intent_directory,/Users/zilongzeng/Documents/data/Zhuoran/emergency/stop/8.wav,Zhuoran/emergency/stop/8.wav,movement,0.9921875,0.0078125,0.9921875,0.0,"[-126, 126, -128]",False,movement,0.992188,True,ok,910,56,632,1782,"[-127, 126, -128]",e43cc3f7b7f7e2413bdc35765bca5d45473b5b1b63fdee1a0a28d3e9de0d2ab8,user_study_cdc_sd_rt1s_c32_dual_core_v1,/Users/zilongzeng/Documents/data/Zhuoran/results.csv,0.1477920450270176,1.3071669964119792,0.7104160031303763,2.1704999962821603
1071,Zhuoran,emergency,stop,9,intent_directory,/Users/zilongzeng/Documents/data/Zhuoran/emergency/stop/9.wav,Zhuoran/emergency/stop/9.wav,movement,0.99609375,0.0,0.99609375,0.0,"[-128, 127, -128]",False,movement,0.996094,True,ok,920,56,632,1781,"[-128, 127, -128]",e43cc3f7b7f7e2413bdc35765bca5d45473b5b1b63fdee1a0a28d3e9de0d2ab8,user_study_cdc_sd_rt1s_c32_dual_core_v1,/Users/zilongzeng/Documents/data/Zhuoran/results.csv,0.15133398119360209,1.1889589950442314,0.6795829394832253,2.0257500000298023
1072,Zhuoran,emergency,stop,10,intent_directory,/Users/zilongzeng/Documents/data/Zhuoran/emergency/stop/10.wav,Zhuoran/emergency/stop/10.wav,movement,0.984375,0.0,0.984375,0.015625,"[-128, 124, -124]",False,movement,0.992188,True,ok,928,56,632,1794,"[-128, 126, -126]",e43cc3f7b7f7e2413bdc35765bca5d45473b5b1b63fdee1a0a28d3e9de0d2ab8,user_study_cdc_sd_rt1s_c32_dual_core_v1,/Users/zilongzeng/Documents/data/Zhuoran/results.csv,0.15750003512948751,1.335916924290359,0.7131670136004686,2.212708001025021
1073,Zhuoran,emergency,hold,11,intent_directory,/Users/zilongzeng/Documents/data/Zhuoran/emergency/hold/11.wav,Zhuoran/emergency/hold/11.wav,movement,0.99609375,0.0,0.99609375,0.0,"[-128, 127, -128]",False,movement,0.996094,True,ok,904,56,632,1801,"[-128, 127, -128]",e43cc3f7b7f7e2413bdc35765bca5d45473b5b1b63fdee1a0a28d3e9de0d2ab8,user_study_cdc_sd_rt1s_c32_dual_core_v1,/Users/zilongzeng/Documents/data/Zhuoran/results.csv,0.1717080594971776,1.2710409937426448,0.7067499682307243,2.155250054784119
1074,Zhuoran,emergency,hold,12,intent_directory,/Users/zilongzeng/Documents/data/Zhuoran/emergency/hold/12.wav,Zhuoran/emergency/hold/12.wav,movement,0.984375,0.0,0.984375,0.015625,"[-128, 124, -124]",False,movement,0.984375,True,ok,925,56,632,1776,"[-128, 124, -124]",e43cc3f7b7f7e2413bdc35765bca5d45473b5b1b63fdee1a0a28d3e9de0d2ab8,user_study_cdc_sd_rt1s_c32_dual_core_v1,/Users/zilongzeng/Documents/data/Zhuoran/results.csv,0.1561250537633896,1.3340419391170144,0.6249580765143037,2.1240420173853636
1075,Zhuoran,emergency,hold,13,intent_directory,/Users/zilongzeng/Documents/data/Zhuoran/emergency/hold/13.wav,Zhuoran/emergency/hold/13.wav,unknown,0.859375,0.0,0.140625,0.859375,"[-128, -92, 92]",False,unknown,0.859375,True,ok,927,56,632,1779,"[-128, -92, 92]",e43cc3f7b7f7e2413bdc35765bca5d45473b5b1b63fdee1a0a28d3e9de0d2ab8,user_study_cdc_sd_rt1s_c32_dual_core_v1,/Users/zilongzeng/Documents/data/Zhuoran/results.csv,0.2510841004550457,1.2289589503780007,0.6625420646741986,2.1503750467672944
1076,Zhuoran,emergency,hold,14,intent_directory,/Users/zilongzeng/Documents/data/Zhuoran/emergency/hold/14.wav,Zhuoran/emergency/hold/14.wav,unknown,0.99609375,0.0,0.0,0.99609375,"[-128, -128, 127]",False,unknown,0.996094,True,ok,901,56,632,1752,"[-128, -128, 127]",e43cc3f7b7f7e2413bdc35765bca5d45473b5b1b63fdee1a0a28d3e9de0d2ab8,user_study_cdc_sd_rt1s_c32_dual_core_v1,/Users/zilongzeng/Documents/data/Zhuoran/results.csv,0.149125000461936,1.3152080355212092,0.7136249914765358,2.1840831032022834
1077,Zhuoran,emergency,hold,15,intent_directory,/Users/zilongzeng/Documents/data/Zhuoran/emergency/hold/15.wav,Zhuoran/emergency/hold/15.wav,unknown,0.99609375,0.0,0.0,0.99609375,"[-128, -128, 127]",False,unknown,0.996094,True,ok,917,56,632,1782,"[-128, -128, 127]",e43cc3f7b7f7e2413bdc35765bca5d45473b5b1b63fdee1a0a28d3e9de0d2ab8,user_study_cdc_sd_rt1s_c32_dual_core_v1,/Users/zilongzeng/Documents/data/Zhuoran/results.csv,0.14699995517730713,1.2202500365674496,0.7665000157430768,2.1400420228019357
1078,Zhuoran,emergency,hold,16,intent_directory,/Users/zilongzeng/Documents/data/Zhuoran/emergency/hold/16.wav,Zhuoran/emergency/hold/16.wav,movement,0.59765625,0.0,0.59765625,0.40234375,"[-128, 25, -25]",False,movement,0.769531,True,ok,926,56,632,1778,"[-128, 69, -69]",e43cc3f7b7f7e2413bdc35765bca5d45473b5b1b63fdee1a0a28d3e9de0d2ab8,user_study_cdc_sd_rt1s_c32_dual_core_v1,/Users/zilongzeng/Documents/data/Zhuoran/results.csv,0.17312495037913322,1.2250409927219152,0.7074580062180758,2.1107919747009873
1079,Zhuoran,emergency,hold,17,intent_directory,/Users/zilongzeng/Documents/data/Zhuoran/emergency/hold/17.wav,Zhuoran/emergency/hold/17.wav,unknown,0.99609375,0.0,0.0,0.99609375,"[-128, -128, 127]",False,unknown,0.996094,True,ok,914,56,632,1765,"[-128, -128, 127]",e43cc3f7b7f7e2413bdc35765bca5d45473b5b1b63fdee1a0a28d3e9de0d2ab8,user_study_cdc_sd_rt1s_c32_dual_core_v1,/Users/zilongzeng/Documents/data/Zhuoran/results.csv,0.1573330955579877,1.3547500129789114,0.6507500074803829,2.1702919621020555
1080,Zhuoran,emergency,hold,18,intent_directory,/Users/zilongzeng/Documents/data/Zhuoran/emergency/hold/18.wav,Zhuoran/emergency/hold/18.wav,movement,0.99609375,0.0,0.99609375,0.0,"[-128, 127, -128]",False,movement,0.996094,True,ok,927,56,632,1779,"[-128, 127, -128]",e43cc3f7b7f7e2413bdc35765bca5d45473b5b1b63fdee1a0a28d3e9de0d2ab8,user_study_cdc_sd_rt1s_c32_dual_core_v1,/Users/zilongzeng/Documents/data/Zhuoran/results.csv,0.146874925121665,1.5088750515133142,0.7007909007370472,2.36304197460413
1081,Zhuoran,emergency,hold,19,intent_directory,/Users/zilongzeng/Documents/data/Zhuoran/emergency/hold/19.wav,Zhuoran/emergency/hold/19.wav,movement,0.9609375,0.0,0.9609375,0.0390625,"[-128, 118, -118]",False,movement,0.996094,True,ok,916,56,632,1807,"[-128, 127, -127]",e43cc3f7b7f7e2413bdc35765bca5d45473b5b1b63fdee1a0a28d3e9de0d2ab8,user_study_cdc_sd_rt1s_c32_dual_core_v1,/Users/zilongzeng/Documents/data/Zhuoran/results.csv,0.18637499306350946,1.2722500832751393,0.7211250485852361,2.1867089672014117
1082,Zhuoran,emergency,hold,20,intent_directory,/Users/zilongzeng/Documents/data/Zhuoran/emergency/hold/20.wav,Zhuoran/emergency/hold/20.wav,movement,0.99609375,0.0,0.99609375,0.0,"[-128, 127, -128]",False,movement,0.996094,True,ok,902,56,632,1768,"[-128, 127, -128]",e43cc3f7b7f7e2413bdc35765bca5d45473b5b1b63fdee1a0a28d3e9de0d2ab8,user_study_cdc_sd_rt1s_c32_dual_core_v1,/Users/zilongzeng/Documents/data/Zhuoran/results.csv,0.16816705465316772,1.2412910582497716,0.7179999956861138,2.1330409217625856
1083,Zhuoran,emergency,freeze,21,intent_directory,/Users/zilongzeng/Documents/data/Zhuoran/emergency/freeze/21.wav,Zhuoran/emergency/freeze/21.wav,unknown,0.99609375,0.0,0.0,0.99609375,"[-128, -128, 127]",False,unknown,0.996094,True,ok,927,56,632,1824,"[-128, -128, 127]",e43cc3f7b7f7e2413bdc35765bca5d45473b5b1b63fdee1a0a28d3e9de0d2ab8,user_study_cdc_sd_rt1s_c32_dual_core_v1,/Users/zilongzeng/Documents/data/Zhuoran/results.csv,0.15750003512948751,1.1507909512147307,0.7264160085469484,2.0416249753907323
1084,Zhuoran,emergency,freeze,22,intent_directory,/Users/zilongzeng/Documents/data/Zhuoran/emergency/freeze/22.wav,Zhuoran/emergency/freeze/22.wav,unknown,0.99609375,0.0,0.0,0.99609375,"[-128, -128, 127]",False,unknown,0.996094,True,ok,927,56,632,1779,"[-128, -128, 127]",e43cc3f7b7f7e2413bdc35765bca5d45473b5b1b63fdee1a0a28d3e9de0d2ab8,user_study_cdc_sd_rt1s_c32_dual_core_v1,/Users/zilongzeng/Documents/data/Zhuoran/results.csv,0.1852919813245535,1.460083993151784,0.7284169550985098,2.379624987952411
1085,Zhuoran,emergency,freeze,23,intent_directory,/Users/zilongzeng/Documents/data/Zhuoran/emergency/freeze/23.wav,Zhuoran/emergency/freeze/23.wav,unknown,0.99609375,0.0,0.0,0.99609375,"[-128, -128, 127]",False,unknown,0.996094,True,ok,905,56,632,1758,"[-128, -128, 127]",e43cc3f7b7f7e2413bdc35765bca5d45473b5b1b63fdee1a0a28d3e9de0d2ab8,user_study_cdc_sd_rt1s_c32_dual_core_v1,/Users/zilongzeng/Documents/data/Zhuoran/results.csv,0.15362503472715616,1.2663750676438212,0.7079999195411801,2.1340829553082585
1086,Zhuoran,emergency,freeze,24,intent_directory,/Users/zilongzeng/Documents/data/Zhuoran/emergency/freeze/24.wav,Zhuoran/emergency/freeze/24.wav,unknown,0.99609375,0.0,0.0,0.99609375,"[-128, -128, 127]",False,unknown,0.996094,True,ok,927,56,632,1780,"[-128, -128, 127]",e43cc3f7b7f7e2413bdc35765bca5d45473b5b1b63fdee1a0a28d3e9de0d2ab8,user_study_cdc_sd_rt1s_c32_dual_core_v1,/Users/zilongzeng/Documents/data/Zhuoran/results.csv,0.1657500397413969,1.1758329346776009,0.6992080016061664,2.046625013463199
1087,Zhuoran,emergency,freeze,25,intent_directory,/Users/zilongzeng/Documents/data/Zhuoran/emergency/freeze/25.wav,Zhuoran/emergency/freeze/25.wav,unknown,0.99609375,0.0,0.0,0.99609375,"[-128, -128, 127]",False,unknown,0.996094,True,ok,927,56,632,1778,"[-128, -128, 127]",e43cc3f7b7f7e2413bdc35765bca5d45473b5b1b63fdee1a0a28d3e9de0d2ab8,user_study_cdc_sd_rt1s_c32_dual_core_v1,/Users/zilongzeng/Documents/data/Zhuoran/results.csv,0.18170801922678947,1.1522920103743672,0.6640419596806169,2.0051669562235475
1088,Zhuoran,emergency,freeze,26,intent_directory,/Users/zilongzeng/Documents/data/Zhuoran/emergency/freeze/26.wav,Zhuoran/emergency/freeze/26.wav,unknown,0.99609375,0.0,0.0,0.99609375,"[-128, -128, 127]",False,unknown,0.996094,True,ok,901,56,632,1753,"[-128, -128, 127]",e43cc3f7b7f7e2413bdc35765bca5d45473b5b1b63fdee1a0a28d3e9de0d2ab8,user_study_cdc_sd_rt1s_c32_dual_core_v1,/Users/zilongzeng/Documents/data/Zhuoran/results.csv,0.18075003754347563,1.2290420709177852,0.7138749351724982,2.129041007719934
1089,Zhuoran,emergency,freeze,27,intent_directory,/Users/zilongzeng/Documents/data/Zhuoran/emergency/freeze/27.wav,Zhuoran/emergency/freeze/27.wav,unknown,0.984375,0.0,0.015625,0.984375,"[-128, -124, 124]",False,unknown,0.988281,True,ok,917,56,632,1769,"[-128, -126, 125]",e43cc3f7b7f7e2413bdc35765bca5d45473b5b1b63fdee1a0a28d3e9de0d2ab8,user_study_cdc_sd_rt1s_c32_dual_core_v1,/Users/zilongzeng/Documents/data/Zhuoran/results.csv,0.15350000467151403,1.3123330427333713,0.7124589756131172,2.1840000990778208
1090,Zhuoran,emergency,freeze,28,intent_directory,/Users/zilongzeng/Documents/data/Zhuoran/emergency/freeze/28.wav,Zhuoran/emergency/freeze/28.wav,unknown,0.99609375,0.0,0.0,0.99609375,"[-128, -128, 127]",False,unknown,0.996094,True,ok,925,56,632,1777,"[-128, -128, 127]",e43cc3f7b7f7e2413bdc35765bca5d45473b5b1b63fdee1a0a28d3e9de0d2ab8,user_study_cdc_sd_rt1s_c32_dual_core_v1,/Users/zilongzeng/Documents/data/Zhuoran/results.csv,0.16970792785286903,1.1984159937128425,0.6989589892327785,2.0717920269817114
1091,Zhuoran,emergency,freeze,29,intent_directory,/Users/zilongzeng/Documents/data/Zhuoran/emergency/freeze/29.wav,Zhuoran/emergency/freeze/29.wav,movement,0.9765625,0.015625,0.9765625,0.0078125,"[-124, 122, -126]",False,movement,0.976562,True,ok,906,56,632,1770,"[-124, 122, -126]",e43cc3f7b7f7e2413bdc35765bca5d45473b5b1b63fdee1a0a28d3e9de0d2ab8,user_study_cdc_sd_rt1s_c32_dual_core_v1,/Users/zilongzeng/Documents/data/Zhuoran/results.csv,0.1604999415576458,1.136832986958325,0.6499579176306725,1.986833056434989
1092,Zhuoran,emergency,freeze,30,intent_directory,/Users/zilongzeng/Documents/data/Zhuoran/emergency/freeze/30.wav,Zhuoran/emergency/freeze/30.wav,unknown,0.99609375,0.0,0.0,0.99609375,"[-128, -128, 127]",False,unknown,0.996094,True,ok,917,56,632,1769,"[-128, -128, 127]",e43cc3f7b7f7e2413bdc35765bca5d45473b5b1b63fdee1a0a28d3e9de0d2ab8,user_study_cdc_sd_rt1s_c32_dual_core_v1,/Users/zilongzeng/Documents/data/Zhuoran/results.csv,0.2418330404907465,1.2211669236421585,0.7217919919639826,2.1906670881435275
1093,Zhuoran,emergency,abort,31,intent_directory,/Users/zilongzeng/Documents/data/Zhuoran/emergency/abort/31.wav,Zhuoran/emergency/abort/31.wav,movement,0.99609375,0.0,0.99609375,0.0,"[-128, 127, -128]",False,movement,0.996094,True,ok,925,56,632,1836,"[-128, 127, -128]",e43cc3f7b7f7e2413bdc35765bca5d45473b5b1b63fdee1a0a28d3e9de0d2ab8,user_study_cdc_sd_rt1s_c32_dual_core_v1,/Users/zilongzeng/Documents/data/Zhuoran/results.csv,0.15937502030283213,1.233666087500751,0.7179999956861138,2.117082942277193
1094,Zhuoran,emergency,abort,32,intent_directory,/Users/zilongzeng/Documents/data/Zhuoran/emergency/abort/32.wav,Zhuoran/emergency/abort/32.wav,movement,0.92578125,0.0078125,0.92578125,0.06640625,"[-126, 109, -111]",False,movement,0.906250,True,ok,909,56,632,1760,"[-125, 104, -107]",e43cc3f7b7f7e2413bdc35765bca5d45473b5b1b63fdee1a0a28d3e9de0d2ab8,user_study_cdc_sd_rt1s_c32_dual_core_v1,/Users/zilongzeng/Documents/data/Zhuoran/results.csv,0.16187503933906555,1.1619998840615153,0.6885000038892031,2.022166969254613
1095,Zhuoran,emergency,abort,33,intent_directory,/Users/zilongzeng/Documents/data/Zhuoran/emergency/abort/33.wav,Zhuoran/emergency/abort/33.wav,movement,0.98046875,0.01953125,0.98046875,0.0,"[-123, 123, -128]",False,movement,0.972656,True,ok,920,56,632,1771,"[-121, 121, -128]",e43cc3f7b7f7e2413bdc35765bca5d45473b5b1b63fdee1a0a28d3e9de0d2ab8,user_study_cdc_sd_rt1s_c32_dual_core_v1,/Users/zilongzeng/Documents/data/Zhuoran/results.csv,0.140791991725564,1.249917084351182,0.7181249093264341,2.1147080697119236
1096,Zhuoran,emergency,abort,34,intent_directory,/Users/zilongzeng/Documents/data/Zhuoran/emergency/abort/34.wav,Zhuoran/emergency/abort/34.wav,movement,0.99609375,0.0,0.99609375,0.0,"[-128, 127, -128]",False,movement,0.996094,True,ok,915,56,632,1766,"[-128, 127, -128]",e43cc3f7b7f7e2413bdc35765bca5d45473b5b1b63fdee1a0a28d3e9de0d2ab8,user_study_cdc_sd_rt1s_c32_dual_core_v1,/Users/zilongzeng/Documents/data/Zhuoran/results.csv,0.15433295629918575,1.2311249738559127,0.7038329495117068,2.095125033520162
1097,Zhuoran,emergency,abort,35,intent_directory,/Users/zilongzeng/Documents/data/Zhuoran/emergency/abort/35.wav,Zhuoran/emergency/abort/35.wav,movement,0.953125,0.0,0.953125,0.046875,"[-128, 116, -116]",False,movement,0.960938,True,ok,908,56,632,1759,"[-128, 118, -118]",e43cc3f7b7f7e2413bdc35765bca5d45473b5b1b63fdee1a0a28d3e9de0d2ab8,user_study_cdc_sd_rt1s_c32_dual_core_v1,/Users/zilongzeng/Documents/data/Zhuoran/results.csv,0.14012493193149567,1.2633330188691616,0.7041660137474537,2.113458001986146
1098,Zhuoran,emergency,abort,36,intent_directory,/Users/zilongzeng/Documents/data/Zhuoran/emergency/abort/36.wav,Zhuoran/emergency/abort/36.wav,movement,0.59765625,0.0,0.59765625,0.40234375,"[-128, 25, -25]",False,movement,0.648438,True,ok,919,56,632,1770,"[-128, 38, -38]",e43cc3f7b7f7e2413bdc35765bca5d45473b5b1b63fdee1a0a28d3e9de0d2ab8,user_study_cdc_sd_rt1s_c32_dual_core_v1,/Users/zilongzeng/Documents/data/Zhuoran/results.csv,0.16141694504767656,1.1512499768286943,0.670416047796607,1.9879169994965196
1099,Zhuoran,emergency,abort,37,intent_directory,/Users/zilongzeng/Documents/data/Zhuoran/emergency/abort/37.wav,Zhuoran/emergency/abort/37.wav,movement,0.52734375,0.234375,0.52734375,0.234375,"[-68, 7, -68]",False,unknown,0.500000,False,ok,923,56,632,1774,"[-71, -58, 0]",e43cc3f7b7f7e2413bdc35765bca5d45473b5b1b63fdee1a0a28d3e9de0d2ab8,user_study_cdc_sd_rt1s_c32_dual_core_v1,/Users/zilongzeng/Documents/data/Zhuoran/results.csv,0.18524995539337397,1.134666963480413,0.7028339896351099,2.02850007917732
1100,Zhuoran,emergency,abort,38,intent_directory,/Users/zilongzeng/Documents/data/Zhuoran/emergency/abort/38.wav,Zhuoran/emergency/abort/38.wav,unknown,0.74609375,0.03125,0.22265625,0.74609375,"[-120, -71, 63]",False,movement,0.527344,False,ok,901,56,632,1752,"[-118, 7, -17]",e43cc3f7b7f7e2413bdc35765bca5d45473b5b1b63fdee1a0a28d3e9de0d2ab8,user_study_cdc_sd_rt1s_c32_dual_core_v1,/Users/zilongzeng/Documents/data/Zhuoran/results.csv,0.2853330224752426,1.3209589524194598,0.6917500868439674,2.305207890458405
1101,Zhuoran,emergency,abort,39,intent_directory,/Users/zilongzeng/Documents/data/Zhuoran/emergency/abort/39.wav,Zhuoran/emergency/abort/39.wav,movement,0.8828125,0.0,0.8828125,0.1171875,"[-128, 98, -98]",False,movement,0.859375,True,ok,919,56,632,1771,"[-128, 92, -92]",e43cc3f7b7f7e2413bdc35765bca5d45473b5b1b63fdee1a0a28d3e9de0d2ab8,user_study_cdc_sd_rt1s_c32_dual_core_v1,/Users/zilongzeng/Documents/data/Zhuoran/results.csv,0.21437497343868017,1.2243749806657434,0.6806669989600778,2.1241670474410057
1102,Zhuoran,emergency,abort,40,intent_directory,/Users/zilongzeng/Documents/data/Zhuoran/emergency/abort/40.wav,Zhuoran/emergency/abort/40.wav,movement,0.91015625,0.06640625,0.91015625,0.0234375,"[-111, 105, -122]",False,movement,0.910156,True,ok,915,56,632,1767,"[-114, 105, -119]",e43cc3f7b7f7e2413bdc35765bca5d45473b5b1b63fdee1a0a28d3e9de0d2ab8,user_study_cdc_sd_rt1s_c32_dual_core_v1,/Users/zilongzeng/Documents/data/Zhuoran/results.csv,0.0677080824971199,1.1202080640941858,0.6587080424651504,1.851125038228929
1103,Zhuoran,emergency,help,41,intent_directory,/Users/zilongzeng/Documents/data/Zhuoran/emergency/help/41.wav,Zhuoran/emergency/help/41.wav,unknown,0.99609375,0.0,0.0,0.99609375,"[-128, -128, 127]",False,unknown,0.996094,True,ok,906,56,632,1818,"[-128, -128, 127]",e43cc3f7b7f7e2413bdc35765bca5d45473b5b1b63fdee1a0a28d3e9de0d2ab8,user_study_cdc_sd_rt1s_c32_dual_core_v1,/Users/zilongzeng/Documents/data/Zhuoran/results.csv,0.06474996916949749,1.2513749534264207,0.7104580290615559,2.0323749631643295
1104,Zhuoran,emergency,help,42,intent_directory,/Users/zilongzeng/Documents/data/Zhuoran/emergency/help/42.wav,Zhuoran/emergency/help/42.wav,unknown,0.83203125,0.0,0.16796875,0.83203125,"[-128, -85, 85]",False,unknown,0.902344,True,ok,918,56,632,1802,"[-128, -103, 103]",e43cc3f7b7f7e2413bdc35765bca5d45473b5b1b63fdee1a0a28d3e9de0d2ab8,user_study_cdc_sd_rt1s_c32_dual_core_v1,/Users/zilongzeng/Documents/data/Zhuoran/results.csv,0.07508299313485622,1.2719579972326756,0.7031660061329603,2.0558329997584224
1105,Zhuoran,emergency,help,43,intent_directory,/Users/zilongzeng/Documents/data/Zhuoran/emergency/help/43.wav,Zhuoran/emergency/help/43.wav,unknown,0.99609375,0.0,0.0,0.99609375,"[-128, -128, 127]",False,unknown,0.996094,True,ok,929,56,632,1806,"[-128, -128, 127]",e43cc3f7b7f7e2413bdc35765bca5d45473b5b1b63fdee1a0a28d3e9de0d2ab8,user_study_cdc_sd_rt1s_c32_dual_core_v1,/Users/zilongzeng/Documents/data/Zhuoran/results.csv,0.07220800034701824,1.274875015951693,0.7038339972496033,2.056583994999528
1106,Zhuoran,emergency,help,44,intent_directory,/Users/zilongzeng/Documents/data/Zhuoran/emergency/help/44.wav,Zhuoran/emergency/help/44.wav,unknown,0.99609375,0.0,0.0,0.99609375,"[-128, -128, 127]",False,unknown,0.996094,True,ok,912,56,632,1764,"[-128, -128, 127]",e43cc3f7b7f7e2413bdc35765bca5d45473b5b1b63fdee1a0a28d3e9de0d2ab8,user_study_cdc_sd_rt1s_c32_dual_core_v1,/Users/zilongzeng/Documents/data/Zhuoran/results.csv,0.06358395330607891,1.1811250587925315,0.6828329060226679,1.9322499865666032
1107,Zhuoran,emergency,help,45,intent_directory,/Users/zilongzeng/Documents/data/Zhuoran/emergency/help/45.wav,Zhuoran/emergency/help/45.wav,movement,0.9921875,0.0,0.9921875,0.00390625,"[-128, 126, -127]",False,movement,0.992188,True,ok,919,56,632,1771,"[-127, 126, -126]",e43cc3f7b7f7e2413bdc35765bca5d45473b5b1b63fdee1a0a28d3e9de0d2ab8,user_study_cdc_sd_rt1s_c32_dual_core_v1,/Users/zilongzeng/Documents/data/Zhuoran/results.csv,0.0635830219835043,1.1497919913381338,0.6540409522131085,1.9086248939856887
1108,Zhuoran,emergency,help,46,intent_directory,/Users/zilongzeng/Documents/data/Zhuoran/emergency/help/46.wav,Zhuoran/emergency/help/46.wav,movement,0.99609375,0.0,0.99609375,0.00390625,"[-128, 127, -127]",False,movement,0.996094,True,ok,916,56,632,1768,"[-128, 127, -127]",e43cc3f7b7f7e2413bdc35765bca5d45473b5b1b63fdee1a0a28d3e9de0d2ab8,user_study_cdc_sd_rt1s_c32_dual_core_v1,/Users/zilongzeng/Documents/data/Zhuoran/results.csv,0.13779092114418745,1.307792030274868,0.7100419607013464,2.163000055588782
1109,Zhuoran,emergency,help,47,intent_directory,/Users/zilongzeng/Documents/data/Zhuoran/emergency/help/47.wav,Zhuoran/emergency/help/47.wav,unknown,0.99609375,0.0,0.0,0.99609375,"[-128, -128, 127]",False,unknown,0.996094,True,ok,904,56,632,1756,"[-128, -128, 127]",e43cc3f7b7f7e2413bdc35765bca5d45473b5b1b63fdee1a0a28d3e9de0d2ab8,user_study_cdc_sd_rt1s_c32_dual_core_v1,/Users/zilongzeng/Documents/data/Zhuoran/results.csv,0.08812500163912773,1.409083022736013,0.7017920725047588,2.205000026151538
1110,Zhuoran,emergency,help,48,intent_directory,/Users/zilongzeng/Documents/data/Zhuoran/emergency/help/48.wav,Zhuoran/emergency/help/48.wav,unknown,0.99609375,0.0,0.0,0.99609375,"[-128, -128, 127]",False,unknown,0.996094,True,ok,921,56,632,1772,"[-128, -128, 127]",e43cc3f7b7f7e2413bdc35765bca5d45473b5b1b63fdee1a0a28d3e9de0d2ab8,user_study_cdc_sd_rt1s_c32_dual_core_v1,/Users/zilongzeng/Documents/data/Zhuoran/results.csv,0.07037504110485315,1.1382499942556024,0.6848339689895511,1.8982910551130772
1111,Zhuoran,emergency,help,49,intent_directory,/Users/zilongzeng/Documents/data/Zhuoran/emergency/help/49.wav,Zhuoran/emergency/help/49.wav,movement,0.99609375,0.0,0.99609375,0.0,"[-128, 127, -128]",False,movement,0.996094,True,ok,915,56,632,1767,"[-128, 127, -128]",e43cc3f7b7f7e2413bdc35765bca5d45473b5b1b63fdee1a0a28d3e9de0d2ab8,user_study_cdc_sd_rt1s_c32_dual_core_v1,/Users/zilongzeng/Documents/data/Zhuoran/results.csv,0.05995796527713537,1.1381249641999602,0.6609170231968164,1.9006249494850636
1112,Zhuoran,emergency,help,50,intent_directory,/Users/zilongzeng/Documents/data/Zhuoran/emergency/help/50.wav,Zhuoran/emergency/help/50.wav,movement,0.8984375,0.03515625,0.8984375,0.06640625,"[-119, 102, -111]",False,movement,0.914062,True,ok,914,56,632,1766,"[-120, 106, -114]",e43cc3f7b7f7e2413bdc35765bca5d45473b5b1b63fdee1a0a28d3e9de0d2ab8,user_study_cdc_sd_rt1s_c32_dual_core_v1,/Users/zilongzeng/Documents/data/Zhuoran/results.csv,0.15079102013260126,1.2796670198440552,0.7137920474633574,2.151833032257855
1113,Zhuoran,movement,go,51,intent_directory,/Users/zilongzeng/Documents/data/Zhuoran/movement/go/51.wav,Zhuoran/movement/go/51.wav,movement,0.99609375,0.0,0.99609375,0.0,"[-128, 127, -128]",True,movement,0.996094,True,ok,916,56,632,1853,"[-128, 127, -128]",e43cc3f7b7f7e2413bdc35765bca5d45473b5b1b63fdee1a0a28d3e9de0d2ab8,user_study_cdc_sd_rt1s_c32_dual_core_v1,/Users/zilongzeng/Documents/data/Zhuoran/results.csv,0.08600007276982069,1.2414579978212714,0.7186249131336808,2.0517080556601286
1114,Zhuoran,movement,go,52,intent_directory,/Users/zilongzeng/Documents/data/Zhuoran/movement/go/52.wav,Zhuoran/movement/go/52.wav,movement,0.99609375,0.0,0.99609375,0.0,"[-128, 127, -128]",True,movement,0.996094,True,ok,918,56,632,1769,"[-128, 127, -128]",e43cc3f7b7f7e2413bdc35765bca5d45473b5b1b63fdee1a0a28d3e9de0d2ab8,user_study_cdc_sd_rt1s_c32_dual_core_v1,/Users/zilongzeng/Documents/data/Zhuoran/results.csv,0.6516670109704137,1.206749933771789,0.656625023111701,2.5207909056916833
1115,Zhuoran,movement,go,53,intent_directory,/Users/zilongzeng/Documents/data/Zhuoran/movement/go/53.wav,Zhuoran/movement/go/53.wav,movement,0.99609375,0.0,0.99609375,0.0,"[-128, 127, -128]",True,movement,0.996094,True,ok,900,56,632,1751,"[-128, 127, -128]",e43cc3f7b7f7e2413bdc35765bca5d45473b5b1b63fdee1a0a28d3e9de0d2ab8,user_study_cdc_sd_rt1s_c32_dual_core_v1,/Users/zilongzeng/Documents/data/Zhuoran/results.csv,0.2970839850604534,1.1881670216098428,0.6993330316618085,2.1903750021010637
1116,Zhuoran,movement,go,54,intent_directory,/Users/zilongzeng/Documents/data/Zhuoran/movement/go/54.wav,Zhuoran/movement/go/54.wav,movement,0.99609375,0.0,0.99609375,0.0,"[-128, 127, -128]",True,movement,0.996094,True,ok,921,56,632,1772,"[-128, 127, -128]",e43cc3f7b7f7e2413bdc35765bca5d45473b5b1b63fdee1a0a28d3e9de0d2ab8,user_study_cdc_sd_rt1s_c32_dual_core_v1,/Users/zilongzeng/Documents/data/Zhuoran/results.csv,0.1634169602766633,1.2437499826774001,0.7163750706240535,2.129207947291434
1117,Zhuoran,movement,go,55,intent_directory,/Users/zilongzeng/Documents/data/Zhuoran/movement/go/55.wav,Zhuoran/movement/go/55.wav,movement,0.99609375,0.0,0.99609375,0.0,"[-128, 127, -128]",True,movement,0.996094,True,ok,924,56,632,1785,"[-128, 127, -128]",e43cc3f7b7f7e2413bdc35765bca5d45473b5b1b63fdee1a0a28d3e9de0d2ab8,user_study_cdc_sd_rt1s_c32_dual_core_v1,/Users/zilongzeng/Documents/data/Zhuoran/results.csv,0.18508301582187414,1.1754579609259963,0.71237504016608,2.0783329382538795
1118,Zhuoran,movement,go,56,intent_directory,/Users/zilongzeng/Documents/data/Zhuoran/movement/go/56.wav,Zhuoran/movement/go/56.wav,movement,0.99609375,0.0,0.99609375,0.0,"[-128, 127, -128]",True,movement,0.996094,True,ok,914,56,632,1765,"[-128, 127, -128]",e43cc3f7b7f7e2413bdc35765bca5d45473b5b1b63fdee1a0a28d3e9de0d2ab8,user_study_cdc_sd_rt1s_c32_dual_core_v1,/Users/zilongzeng/Documents/data/Zhuoran/results.csv,0.16720895655453205,1.3568330323323607,0.6269169971346855,2.1598750026896596
1119,Zhuoran,movement,go,57,intent_directory,/Users/zilongzeng/Documents/data/Zhuoran/movement/go/57.wav,Zhuoran/movement/go/57.wav,movement,0.99609375,0.0,0.99609375,0.0,"[-128, 127, -128]",True,movement,0.996094,True,ok,927,56,632,1790,"[-128, 127, -128]",e43cc3f7b7f7e2413bdc35765bca5d45473b5b1b63fdee1a0a28d3e9de0d2ab8,user_study_cdc_sd_rt1s_c32_dual_core_v1,/Users/zilongzeng/Documents/data/Zhuoran/results.csv,0.24245900567620993,1.3875830918550491,0.7156670326367021,2.35300010535866
1120,Zhuoran,movement,go,58,intent_directory,/Users/zilongzeng/Documents/data/Zhuoran/movement/go/58.wav,Zhuoran/movement/go/58.wav,movement,0.99609375,0.0,0.99609375,0.0,"[-128, 127, -128]",True,movement,0.996094,True,ok,919,56,632,1770,"[-128, 127, -128]",e43cc3f7b7f7e2413bdc35765bca5d45473b5b1b63fdee1a0a28d3e9de0d2ab8,user_study_cdc_sd_rt1s_c32_dual_core_v1,/Users/zilongzeng/Documents/data/Zhuoran/results.csv,0.20537502132356167,1.3465420342981815,0.6366249872371554,2.1981250029057264
1121,Zhuoran,movement,go,59,intent_directory,/Users/zilongzeng/Documents/data/Zhuoran/movement/go/59.wav,Zhuoran/movement/go/59.wav,movement,0.99609375,0.0,0.99609375,0.0,"[-128, 127, -128]",True,movement,0.996094,True,ok,914,56,632,1765,"[-128, 127, -128]",e43cc3f7b7f7e2413bdc35765bca5d45473b5b1b63fdee1a0a28d3e9de0d2ab8,user_study_cdc_sd_rt1s_c32_dual_core_v1,/Users/zilongzeng/Documents/data/Zhuoran/results.csv,0.18520792946219444,1.3059170451015234,0.7152080070227385,2.2114169551059604
1122,Zhuoran,movement,go,60,intent_directory,/Users/zilongzeng/Documents/data/Zhuoran/movement/go/60.wav,Zhuoran/movement/go/60.wav,movement,0.99609375,0.0,0.99609375,0.0,"[-128, 127, -128]",True,movement,0.996094,True,ok,926,56,632,1777,"[-128, 127, -128]",e43cc3f7b7f7e2413bdc35765bca5d45473b5b1b63fdee1a0a28d3e9de0d2ab8,user_study_cdc_sd_rt1s_c32_dual_core_v1,/Users/zilongzeng/Documents/data/Zhuoran/results.csv,0.15604193322360516,1.1109160259366035,0.743833021260798,2.0184169989079237
1123,Zhuoran,movement,forward,61,intent_directory,/Users/zilongzeng/Documents/data/Zhuoran/movement/forward/61.wav,Zhuoran/movement/forward/61.wav,unknown,0.734375,0.0,0.26953125,0.734375,"[-128, -59, 60]",False,unknown,0.769531,True,ok,920,56,632,1817,"[-128, -69, 69]",e43cc3f7b7f7e2413bdc35765bca5d45473b5b1b63fdee1a0a28d3e9de0d2ab8,user_study_cdc_sd_rt1s_c32_dual_core_v1,/Users/zilongzeng/Documents/data/Zhuoran/results.csv,0.17900008242577314,1.3055000454187393,0.7190000033006072,2.209083060733974
1124,Zhuoran,movement,forward,62,intent_directory,/Users/zilongzeng/Documents/data/Zhuoran/movement/forward/62.wav,Zhuoran/movement/forward/62.wav,movement,0.64453125,0.0,0.64453125,0.3515625,"[-128, 37, -38]",True,movement,0.730469,True,ok,913,56,632,1764,"[-128, 59, -60]",e43cc3f7b7f7e2413bdc35765bca5d45473b5b1b63fdee1a0a28d3e9de0d2ab8,user_study_cdc_sd_rt1s_c32_dual_core_v1,/Users/zilongzeng/Documents/data/Zhuoran/results.csv,0.18108391668647528,1.3189169112592936,0.686667044647038,2.1931659430265427
1125,Zhuoran,movement,forward,63,intent_directory,/Users/zilongzeng/Documents/data/Zhuoran/movement/forward/63.wav,Zhuoran/movement/forward/63.wav,movement,0.48828125,0.0234375,0.48828125,0.48828125,"[-122, -3, -3]",True,movement,0.675781,True,ok,925,56,632,1776,"[-122, 45, -51]",e43cc3f7b7f7e2413bdc35765bca5d45473b5b1b63fdee1a0a28d3e9de0d2ab8,user_study_cdc_sd_rt1s_c32_dual_core_v1,/Users/zilongzeng/Documents/data/Zhuoran/results.csv,0.17337501049041748,1.169458031654358,0.684749917127192,2.0329999970272183
1126,Zhuoran,movement,forward,64,intent_directory,/Users/zilongzeng/Documents/data/Zhuoran/movement/forward/64.wav,Zhuoran/movement/forward/64.wav,movement,0.99609375,0.0,0.99609375,0.0,"[-128, 127, -128]",True,movement,0.996094,True,ok,926,56,632,1778,"[-128, 127, -128]",e43cc3f7b7f7e2413bdc35765bca5d45473b5b1b63fdee1a0a28d3e9de0d2ab8,user_study_cdc_sd_rt1s_c32_dual_core_v1,/Users/zilongzeng/Documents/data/Zhuoran/results.csv,0.18704100511968136,1.1822080705314875,0.71620789822191,2.1270830184221268
1127,Zhuoran,movement,forward,65,intent_directory,/Users/zilongzeng/Documents/data/Zhuoran/movement/forward/65.wav,Zhuoran/movement/forward/65.wav,movement,0.99609375,0.0,0.99609375,0.0,"[-128, 127, -128]",True,movement,0.996094,True,ok,906,56,632,1758,"[-128, 127, -128]",e43cc3f7b7f7e2413bdc35765bca5d45473b5b1b63fdee1a0a28d3e9de0d2ab8,user_study_cdc_sd_rt1s_c32_dual_core_v1,/Users/zilongzeng/Documents/data/Zhuoran/results.csv,0.2627909416332841,1.2997499434277415,0.7204590365290642,2.291125012561679
1128,Zhuoran,movement,forward,66,intent_directory,/Users/zilongzeng/Documents/data/Zhuoran/movement/forward/66.wav,Zhuoran/movement/forward/66.wav,movement,0.984375,0.01171875,0.984375,0.00390625,"[-125, 124, -127]",True,movement,0.984375,True,ok,921,56,632,1773,"[-125, 124, -127]",e43cc3f7b7f7e2413bdc35765bca5d45473b5b1b63fdee1a0a28d3e9de0d2ab8,user_study_cdc_sd_rt1s_c32_dual_core_v1,/Users/zilongzeng/Documents/data/Zhuoran/results.csv,0.2090419875457883,1.3171249302104115,0.725707970559597,2.2576249903067946
1129,Zhuoran,movement,forward,67,intent_directory,/Users/zilongzeng/Documents/data/Zhuoran/movement/forward/67.wav,Zhuoran/movement/forward/67.wav,unknown,0.5078125,0.15234375,0.33984375,0.5078125,"[-89, -41, 2]",False,movement,0.421875,False,ok,928,56,632,1780,"[-88, -20, -20]",e43cc3f7b7f7e2413bdc35765bca5d45473b5b1b63fdee1a0a28d3e9de0d2ab8,user_study_cdc_sd_rt1s_c32_dual_core_v1,/Users/zilongzeng/Documents/data/Zhuoran/results.csv,0.155583955347538,1.0940000647678971,0.6667498964816332,1.9208749290555716
1130,Zhuoran,movement,forward,68,intent_directory,/Users/zilongzeng/Documents/data/Zhuoran/movement/forward/68.wav,Zhuoran/movement/forward/68.wav,movement,0.84765625,0.07421875,0.84765625,0.07421875,"[-109, 89, -109]",True,movement,0.847656,True,ok,902,56,632,1753,"[-109, 89, -109]",e43cc3f7b7f7e2413bdc35765bca5d45473b5b1b63fdee1a0a28d3e9de0d2ab8,user_study_cdc_sd_rt1s_c32_dual_core_v1,/Users/zilongzeng/Documents/data/Zhuoran/results.csv,0.19779091235250235,1.2098749866709113,0.6197920301929116,2.0479579688981175
1131,Zhuoran,movement,forward,69,intent_directory,/Users/zilongzeng/Documents/data/Zhuoran/movement/forward/69.wav,Zhuoran/movement/forward/69.wav,movement,0.9296875,0.0234375,0.9296875,0.046875,"[-122, 110, -116]",True,movement,0.937500,True,ok,921,56,632,1773,"[-122, 112, -118]",e43cc3f7b7f7e2413bdc35765bca5d45473b5b1b63fdee1a0a28d3e9de0d2ab8,user_study_cdc_sd_rt1s_c32_dual_core_v1,/Users/zilongzeng/Documents/data/Zhuoran/results.csv,0.2533330116420984,1.2750410242006183,0.7297910051420331,2.2656669607385993
1132,Zhuoran,movement,forward,70,intent_directory,/Users/zilongzeng/Documents/data/Zhuoran/movement/forward/70.wav,Zhuoran/movement/forward/70.wav,movement,0.89453125,0.0546875,0.89453125,0.0546875,"[-114, 101, -114]",True,movement,0.902344,True,ok,928,56,632,1779,"[-117, 103, -114]",e43cc3f7b7f7e2413bdc35765bca5d45473b5b1b63fdee1a0a28d3e9de0d2ab8,user_study_cdc_sd_rt1s_c32_dual_core_v1,/Users/zilongzeng/Documents/data/Zhuoran/results.csv,0.19020808394998312,1.340750022791326,0.6009170319885015,2.139875083230436
1133,Zhuoran,movement,left,71,intent_directory,/Users/zilongzeng/Documents/data/Zhuoran/movement/left/71.wav,Zhuoran/movement/left/71.wav,movement,0.99609375,0.0,0.99609375,0.0,"[-128, 127, -128]",True,movement,0.996094,True,ok,904,56,632,1809,"[-128, 127, -128]",e43cc3f7b7f7e2413bdc35765bca5d45473b5b1b63fdee1a0a28d3e9de0d2ab8,user_study_cdc_sd_rt1s_c32_dual_core_v1,/Users/zilongzeng/Documents/data/Zhuoran/results.csv,0.20333391148597002,1.1328750988468528,0.7177500519901514,2.060208935290575
1134,Zhuoran,movement,left,72,intent_directory,/Users/zilongzeng/Documents/data/Zhuoran/movement/left/72.wav,Zhuoran/movement/left/72.wav,movement,0.99609375,0.0,0.99609375,0.0,"[-128, 127, -128]",True,movement,0.996094,True,ok,917,56,632,1768,"[-128, 127, -128]",e43cc3f7b7f7e2413bdc35765bca5d45473b5b1b63fdee1a0a28d3e9de0d2ab8,user_study_cdc_sd_rt1s_c32_dual_core_v1,/Users/zilongzeng/Documents/data/Zhuoran/results.csv,0.17733394633978605,1.2898750137537718,0.7116670021787286,2.1847080206498504
1135,Zhuoran,movement,left,73,intent_directory,/Users/zilongzeng/Documents/data/Zhuoran/movement/left/73.wav,Zhuoran/movement/left/73.wav,movement,0.99609375,0.0,0.99609375,0.0,"[-128, 127, -128]",True,movement,0.996094,True,ok,923,56,632,1774,"[-128, 127, -128]",e43cc3f7b7f7e2413bdc35765bca5d45473b5b1b63fdee1a0a28d3e9de0d2ab8,user_study_cdc_sd_rt1s_c32_dual_core_v1,/Users/zilongzeng/Documents/data/Zhuoran/results.csv,0.15462504234164953,1.2737499782815576,0.7106669945642352,2.145125064998865
1136,Zhuoran,movement,left,74,intent_directory,/Users/zilongzeng/Documents/data/Zhuoran/movement/left/74.wav,Zhuoran/movement/left/74.wav,movement,0.99609375,0.0,0.99609375,0.0,"[-128, 127, -128]",True,movement,0.996094,True,ok,901,56,632,1752,"[-128, 127, -128]",e43cc3f7b7f7e2413bdc35765bca5d45473b5b1b63fdee1a0a28d3e9de0d2ab8,user_study_cdc_sd_rt1s_c32_dual_core_v1,/Users/zilongzeng/Documents/data/Zhuoran/results.csv,0.18275005277246237,1.3524160021916032,0.7056249305605888,2.2459590109065175
1137,Zhuoran,movement,left,75,intent_directory,/Users/zilongzeng/Documents/data/Zhuoran/movement/left/75.wav,Zhuoran/movement/left/75.wav,movement,0.9921875,0.0,0.9921875,0.0078125,"[-128, 126, -126]",True,movement,0.992188,True,ok,917,56,632,1768,"[-128, 126, -126]",e43cc3f7b7f7e2413bdc35765bca5d45473b5b1b63fdee1a0a28d3e9de0d2ab8,user_study_cdc_sd_rt1s_c32_dual_core_v1,/Users/zilongzeng/Documents/data/Zhuoran/results.csv,0.22675003856420517,1.178415957838297,0.6642920197919011,2.0742500200867653
1138,Zhuoran,movement,left,76,intent_directory,/Users/zilongzeng/Documents/data/Zhuoran/movement/left/76.wav,Zhuoran/movement/left/76.wav,movement,0.99609375,0.0,0.99609375,0.0,"[-128, 127, -128]",True,movement,0.996094,True,ok,915,56,632,1766,"[-128, 127, -128]",e43cc3f7b7f7e2413bdc35765bca5d45473b5b1b63fdee1a0a28d3e9de0d2ab8,user_study_cdc_sd_rt1s_c32_dual_core_v1,/Users/zilongzeng/Documents/data/Zhuoran/results.csv,0.275125028565526,1.2213749578222632,0.7068749982863665,2.2091249702498317
1139,Zhuoran,movement,left,77,intent_directory,/Users/zilongzeng/Documents/data/Zhuoran/movement/left/77.wav,Zhuoran/movement/left/77.wav,movement,0.7265625,0.265625,0.7265625,0.00390625,"[-60, 58, -127]",True,movement,0.726562,True,ok,914,56,632,1764,"[-60, 58, -127]",e43cc3f7b7f7e2413bdc35765bca5d45473b5b1b63fdee1a0a28d3e9de0d2ab8,user_study_cdc_sd_rt1s_c32_dual_core_v1,/Users/zilongzeng/Documents/data/Zhuoran/results.csv,0.1823330530896783,1.2695828918367624,0.7064159726724029,2.1644580410793424
1140,Zhuoran,movement,left,78,intent_directory,/Users/zilongzeng/Documents/data/Zhuoran/movement/left/78.wav,Zhuoran/movement/left/78.wav,unknown,0.65625,0.046875,0.29296875,0.65625,"[-116, -53, 40]",False,unknown,0.734375,True,ok,924,56,632,1775,"[-117, -72, 60]",e43cc3f7b7f7e2413bdc35765bca5d45473b5b1b63fdee1a0a28d3e9de0d2ab8,user_study_cdc_sd_rt1s_c32_dual_core_v1,/Users/zilongzeng/Documents/data/Zhuoran/results.csv,0.18162501510232687,1.232084003277123,0.6642090156674385,2.082958002574742
1141,Zhuoran,movement,left,79,intent_directory,/Users/zilongzeng/Documents/data/Zhuoran/movement/left/79.wav,Zhuoran/movement/left/79.wav,movement,0.99609375,0.0,0.99609375,0.0,"[-128, 127, -128]",True,movement,0.996094,True,ok,925,56,632,1776,"[-128, 127, -128]",e43cc3f7b7f7e2413bdc35765bca5d45473b5b1b63fdee1a0a28d3e9de0d2ab8,user_study_cdc_sd_rt1s_c32_dual_core_v1,/Users/zilongzeng/Documents/data/Zhuoran/results.csv,0.15795906074345112,1.2090419186279178,0.6568750832229853,2.0288750529289246
1142,Zhuoran,movement,left,80,intent_directory,/Users/zilongzeng/Documents/data/Zhuoran/movement/left/80.wav,Zhuoran/movement/left/80.wav,emergency,0.57421875,0.57421875,0.3125,0.11328125,"[19, -48, -99]",False,emergency,0.632812,True,ok,904,56,632,1755,"[34, -56, -106]",e43cc3f7b7f7e2413bdc35765bca5d45473b5b1b63fdee1a0a28d3e9de0d2ab8,user_study_cdc_sd_rt1s_c32_dual_core_v1,/Users/zilongzeng/Documents/data/Zhuoran/results.csv,0.2330829156562686,1.3525420799851418,0.7142499089241028,2.3055829806253314
1143,Zhuoran,movement,right,81,intent_directory,/Users/zilongzeng/Documents/data/Zhuoran/movement/right/81.wav,Zhuoran/movement/right/81.wav,movement,0.99609375,0.0,0.99609375,0.0,"[-128, 127, -128]",True,movement,0.996094,True,ok,915,56,632,1812,"[-128, 127, -128]",e43cc3f7b7f7e2413bdc35765bca5d45473b5b1b63fdee1a0a28d3e9de0d2ab8,user_study_cdc_sd_rt1s_c32_dual_core_v1,/Users/zilongzeng/Documents/data/Zhuoran/results.csv,0.07745902985334396,1.2433750089257956,0.7130410522222519,2.041207975707948
1144,Zhuoran,movement,right,82,intent_directory,/Users/zilongzeng/Documents/data/Zhuoran/movement/right/82.wav,Zhuoran/movement/right/82.wav,movement,0.99609375,0.0,0.99609375,0.0,"[-128, 127, -128]",True,movement,0.996094,True,ok,915,56,632,1781,"[-128, 127, -128]",e43cc3f7b7f7e2413bdc35765bca5d45473b5b1b63fdee1a0a28d3e9de0d2ab8,user_study_cdc_sd_rt1s_c32_dual_core_v1,/Users/zilongzeng/Documents/data/Zhuoran/results.csv,0.08512497879564762,1.306332997046411,0.6807500030845404,2.077167038805783
1145,Zhuoran,movement,right,83,intent_directory,/Users/zilongzeng/Documents/data/Zhuoran/movement/right/83.wav,Zhuoran/movement/right/83.wav,movement,0.99609375,0.0,0.99609375,0.0,"[-128, 127, -128]",True,movement,0.996094,True,ok,911,56,632,1762,"[-128, 127, -128]",e43cc3f7b7f7e2413bdc35765bca5d45473b5b1b63fdee1a0a28d3e9de0d2ab8,user_study_cdc_sd_rt1s_c32_dual_core_v1,/Users/zilongzeng/Documents/data/Zhuoran/results.csv,0.0665000407025218,1.2064590118825436,0.7026249077171087,1.9811249803751707
1146,Zhuoran,movement,right,84,intent_directory,/Users/zilongzeng/Documents/data/Zhuoran/movement/right/84.wav,Zhuoran/movement/right/84.wav,movement,0.99609375,0.0,0.99609375,0.0,"[-128, 127, -128]",True,movement,0.996094,True,ok,927,56,632,1778,"[-128, 127, -128]",e43cc3f7b7f7e2413bdc35765bca5d45473b5b1b63fdee1a0a28d3e9de0d2ab8,user_study_cdc_sd_rt1s_c32_dual_core_v1,/Users/zilongzeng/Documents/data/Zhuoran/results.csv,0.15733297914266586,1.372625003568828,0.7113750325515866,2.2473749704658985
1147,Zhuoran,movement,right,85,intent_directory,/Users/zilongzeng/Documents/data/Zhuoran/movement/right/85.wav,Zhuoran/movement/right/85.wav,movement,0.99609375,0.0,0.99609375,0.0,"[-128, 127, -128]",True,movement,0.996094,True,ok,926,56,632,1777,"[-128, 127, -128]",e43cc3f7b7f7e2413bdc35765bca5d45473b5b1b63fdee1a0a28d3e9de0d2ab8,user_study_cdc_sd_rt1s_c32_dual_core_v1,/Users/zilongzeng/Documents/data/Zhuoran/results.csv,0.1747499918565154,1.4176249969750643,0.6275000050663948,2.228708937764168
1148,Zhuoran,movement,right,86,intent_directory,/Users/zilongzeng/Documents/data/Zhuoran/movement/right/86.wav,Zhuoran/movement/right/86.wav,movement,0.99609375,0.0,0.99609375,0.0,"[-128, 127, -128]",True,movement,0.996094,True,ok,905,56,632,1768,"[-128, 127, -128]",e43cc3f7b7f7e2413bdc35765bca5d45473b5b1b63fdee1a0a28d3e9de0d2ab8,user_study_cdc_sd_rt1s_c32_dual_core_v1,/Users/zilongzeng/Documents/data/Zhuoran/results.csv,0.2631250536069274,1.22654193546623,0.6674590986222029,2.1629169350489974
1149,Zhuoran,movement,right,87,intent_directory,/Users/zilongzeng/Documents/data/Zhuoran/movement/right/87.wav,Zhuoran/movement/right/87.wav,movement,0.99609375,0.0,0.99609375,0.0,"[-128, 127, -128]",True,movement,0.996094,True,ok,916,56,632,1767,"[-128, 127, -128]",e43cc3f7b7f7e2413bdc35765bca5d45473b5b1b63fdee1a0a28d3e9de0d2ab8,user_study_cdc_sd_rt1s_c32_dual_core_v1,/Users/zilongzeng/Documents/data/Zhuoran/results.csv,0.16737496480345726,1.3832909753546119,0.7132909959182143,2.269832999445498
1150,Zhuoran,movement,right,88,intent_directory,/Users/zilongzeng/Documents/data/Zhuoran/movement/right/88.wav,Zhuoran/movement/right/88.wav,movement,0.99609375,0.0,0.99609375,0.0,"[-128, 127, -128]",True,movement,0.996094,True,ok,917,56,632,1768,"[-128, 127, -128]",e43cc3f7b7f7e2413bdc35765bca5d45473b5b1b63fdee1a0a28d3e9de0d2ab8,user_study_cdc_sd_rt1s_c32_dual_core_v1,/Users/zilongzeng/Documents/data/Zhuoran/results.csv,0.1853330759331584,1.2811250053346157,0.7088750135153532,2.1808749297633767
1151,Zhuoran,movement,right,89,intent_directory,/Users/zilongzeng/Documents/data/Zhuoran/movement/right/89.wav,Zhuoran/movement/right/89.wav,movement,0.99609375,0.0,0.99609375,0.0,"[-128, 127, -128]",True,movement,0.996094,True,ok,904,56,632,1755,"[-128, 127, -128]",e43cc3f7b7f7e2413bdc35765bca5d45473b5b1b63fdee1a0a28d3e9de0d2ab8,user_study_cdc_sd_rt1s_c32_dual_core_v1,/Users/zilongzeng/Documents/data/Zhuoran/results.csv,0.17770903650671244,1.241791993379593,0.7232499774545431,2.1484160097315907
1152,Zhuoran,movement,right,90,intent_directory,/Users/zilongzeng/Documents/data/Zhuoran/movement/right/90.wav,Zhuoran/movement/right/90.wav,movement,0.80078125,0.0390625,0.80078125,0.16015625,"[-118, 77, -87]",True,movement,0.757812,True,ok,916,56,632,1767,"[-114, 66, -81]",e43cc3f7b7f7e2413bdc35765bca5d45473b5b1b63fdee1a0a28d3e9de0d2ab8,user_study_cdc_sd_rt1s_c32_dual_core_v1,/Users/zilongzeng/Documents/data/Zhuoran/results.csv,0.195917091332376,1.1755420127883554,0.7040000054985285,2.0807499531656504
1153,Zhuoran,movement,up,91,intent_directory,/Users/zilongzeng/Documents/data/Zhuoran/movement/up/91.wav,Zhuoran/movement/up/91.wav,movement,0.99609375,0.0,0.99609375,0.0,"[-128, 127, -128]",True,movement,0.996094,True,ok,927,56,632,1823,"[-128, 127, -128]",e43cc3f7b7f7e2413bdc35765bca5d45473b5b1b63fdee1a0a28d3e9de0d2ab8,user_study_cdc_sd_rt1s_c32_dual_core_v1,/Users/zilongzeng/Documents/data/Zhuoran/results.csv,0.16029109247028828,1.4158750418573618,0.740166986361146,2.324666944332421
1154,Zhuoran,movement,up,92,intent_directory,/Users/zilongzeng/Documents/data/Zhuoran/movement/up/92.wav,Zhuoran/movement/up/92.wav,movement,0.99609375,0.0,0.99609375,0.0,"[-128, 127, -128]",True,movement,0.996094,True,ok,900,56,632,1751,"[-128, 127, -128]",e43cc3f7b7f7e2413bdc35765bca5d45473b5b1b63fdee1a0a28d3e9de0d2ab8,user_study_cdc_sd_rt1s_c32_dual_core_v1,/Users/zilongzeng/Documents/data/Zhuoran/results.csv,0.15570898540318012,1.3004170032218099,0.7146670250222087,2.1763339173048735
1155,Zhuoran,movement,up,93,intent_directory,/Users/zilongzeng/Documents/data/Zhuoran/movement/up/93.wav,Zhuoran/movement/up/93.wav,movement,0.99609375,0.0,0.99609375,0.0,"[-128, 127, -128]",True,movement,0.996094,True,ok,921,56,632,1803,"[-128, 127, -128]",e43cc3f7b7f7e2413bdc35765bca5d45473b5b1b63fdee1a0a28d3e9de0d2ab8,user_study_cdc_sd_rt1s_c32_dual_core_v1,/Users/zilongzeng/Documents/data/Zhuoran/results.csv,0.1895830500870943,1.2595829321071506,0.7141249952837825,2.169207902625203
1156,Zhuoran,movement,up,94,intent_directory,/Users/zilongzeng/Documents/data/Zhuoran/movement/up/94.wav,Zhuoran/movement/up/94.wav,movement,0.99609375,0.0,0.99609375,0.0,"[-128, 127, -128]",True,movement,0.996094,True,ok,921,56,632,1774,"[-128, 127, -128]",e43cc3f7b7f7e2413bdc35765bca5d45473b5b1b63fdee1a0a28d3e9de0d2ab8,user_study_cdc_sd_rt1s_c32_dual_core_v1,/Users/zilongzeng/Documents/data/Zhuoran/results.csv,0.16608298756182194,1.1957089882344007,0.6666249828413129,2.0334579749032855
1157,Zhuoran,movement,up,95,intent_directory,/Users/zilongzeng/Documents/data/Zhuoran/movement/up/95.wav,Zhuoran/movement/up/95.wav,movement,0.99609375,0.0,0.99609375,0.0,"[-128, 127, -128]",True,movement,0.996094,True,ok,912,56,632,1763,"[-128, 127, -128]",e43cc3f7b7f7e2413bdc35765bca5d45473b5b1b63fdee1a0a28d3e9de0d2ab8,user_study_cdc_sd_rt1s_c32_dual_core_v1,/Users/zilongzeng/Documents/data/Zhuoran/results.csv,0.14991697389632463,1.2135420693084598,0.7136660860851407,2.0827919943258166
1158,Zhuoran,movement,up,96,intent_directory,/Users/zilongzeng/Documents/data/Zhuoran/movement/up/96.wav,Zhuoran/movement/up/96.wav,movement,0.9609375,0.0,0.9609375,0.0390625,"[-128, 118, -118]",True,movement,0.953125,True,ok,917,56,632,1768,"[-128, 116, -116]",e43cc3f7b7f7e2413bdc35765bca5d45473b5b1b63fdee1a0a28d3e9de0d2ab8,user_study_cdc_sd_rt1s_c32_dual_core_v1,/Users/zilongzeng/Documents/data/Zhuoran/results.csv,0.15066599007695913,1.29754189401865,0.7135838968679309,2.167374943383038
1159,Zhuoran,movement,up,97,intent_directory,/Users/zilongzeng/Documents/data/Zhuoran/movement/up/97.wav,Zhuoran/movement/up/97.wav,movement,0.99609375,0.0,0.99609375,0.0,"[-128, 127, -128]",True,movement,0.996094,True,ok,926,56,632,1778,"[-128, 127, -128]",e43cc3f7b7f7e2413bdc35765bca5d45473b5b1b63fdee1a0a28d3e9de0d2ab8,user_study_cdc_sd_rt1s_c32_dual_core_v1,/Users/zilongzeng/Documents/data/Zhuoran/results.csv,0.1641659764572978,1.4999579871073365,0.6424169987440109,2.3155829403549433
1160,Zhuoran,movement,up,98,intent_directory,/Users/zilongzeng/Documents/data/Zhuoran/movement/up/98.wav,Zhuoran/movement/up/98.wav,movement,0.99609375,0.0,0.99609375,0.0,"[-128, 127, -128]",True,movement,0.996094,True,ok,903,56,632,1755,"[-128, 127, -128]",e43cc3f7b7f7e2413bdc35765bca5d45473b5b1b63fdee1a0a28d3e9de0d2ab8,user_study_cdc_sd_rt1s_c32_dual_core_v1,/Users/zilongzeng/Documents/data/Zhuoran/results.csv,0.2823329996317625,1.1788340052589774,0.6726669380441308,2.1396250231191516
1161,Zhuoran,movement,up,99,intent_directory,/Users/zilongzeng/Documents/data/Zhuoran/movement/up/99.wav,Zhuoran/movement/up/99.wav,movement,0.99609375,0.0,0.99609375,0.0,"[-128, 127, -128]",True,movement,0.996094,True,ok,919,56,632,1769,"[-128, 127, -128]",e43cc3f7b7f7e2413bdc35765bca5d45473b5b1b63fdee1a0a28d3e9de0d2ab8,user_study_cdc_sd_rt1s_c32_dual_core_v1,/Users/zilongzeng/Documents/data/Zhuoran/results.csv,0.33833400812000036,1.4625838957726955,0.7196670630946755,2.5273329811170697
1162,Zhuoran,movement,up,100,intent_directory,/Users/zilongzeng/Documents/data/Zhuoran/movement/up/100.wav,Zhuoran/movement/up/100.wav,movement,0.99609375,0.0,0.99609375,0.0,"[-128, 127, -128]",True,movement,0.996094,True,ok,916,56,632,1768,"[-128, 127, -128]",e43cc3f7b7f7e2413bdc35765bca5d45473b5b1b63fdee1a0a28d3e9de0d2ab8,user_study_cdc_sd_rt1s_c32_dual_core_v1,/Users/zilongzeng/Documents/data/Zhuoran/results.csv,0.19462499767541885,1.3387500075623393,0.7003330392763019,2.23987502977252
1163,Zhuoran,unknown,bed,101,intent_directory,/Users/zilongzeng/Documents/data/Zhuoran/unknown/bed/101.wav,Zhuoran/unknown/bed/101.wav,unknown,0.99609375,0.0,0.0,0.99609375,"[-128, -128, 127]",True,unknown,0.996094,True,ok,906,56,632,1858,"[-128, -128, 127]",e43cc3f7b7f7e2413bdc35765bca5d45473b5b1b63fdee1a0a28d3e9de0d2ab8,user_study_cdc_sd_rt1s_c32_dual_core_v1,/Users/zilongzeng/Documents/data/Zhuoran/results.csv,0.17333391588181257,1.243292004801333,0.6774580106139183,2.0989159820601344
1164,Zhuoran,unknown,bed,102,intent_directory,/Users/zilongzeng/Documents/data/Zhuoran/unknown/bed/102.wav,Zhuoran/unknown/bed/102.wav,unknown,0.99609375,0.0,0.0,0.99609375,"[-128, -128, 127]",True,unknown,0.996094,True,ok,917,56,632,1771,"[-128, -128, 127]",e43cc3f7b7f7e2413bdc35765bca5d45473b5b1b63fdee1a0a28d3e9de0d2ab8,user_study_cdc_sd_rt1s_c32_dual_core_v1,/Users/zilongzeng/Documents/data/Zhuoran/results.csv,0.1593329943716526,1.1360410135239363,0.7463750662282109,2.0501670660451055
1165,Zhuoran,unknown,bed,103,intent_directory,/Users/zilongzeng/Documents/data/Zhuoran/unknown/bed/103.wav,Zhuoran/unknown/bed/103.wav,unknown,0.99609375,0.0,0.0,0.99609375,"[-128, -128, 127]",True,unknown,0.996094,True,ok,919,56,632,1772,"[-128, -128, 127]",e43cc3f7b7f7e2413bdc35765bca5d45473b5b1b63fdee1a0a28d3e9de0d2ab8,user_study_cdc_sd_rt1s_c32_dual_core_v1,/Users/zilongzeng/Documents/data/Zhuoran/results.csv,0.18058298155665398,1.344915945082903,0.72358304169029,2.254707971587777
1166,Zhuoran,unknown,bed,104,intent_directory,/Users/zilongzeng/Documents/data/Zhuoran/unknown/bed/104.wav,Zhuoran/unknown/bed/104.wav,unknown,0.99609375,0.0,0.0,0.99609375,"[-128, -128, 127]",True,unknown,0.996094,True,ok,907,56,632,1761,"[-128, -128, 127]",e43cc3f7b7f7e2413bdc35765bca5d45473b5b1b63fdee1a0a28d3e9de0d2ab8,user_study_cdc_sd_rt1s_c32_dual_core_v1,/Users/zilongzeng/Documents/data/Zhuoran/results.csv,0.17125008162111044,1.460916013456881,0.624708947725594,2.2657919907942414
1167,Zhuoran,unknown,bed,105,intent_directory,/Users/zilongzeng/Documents/data/Zhuoran/unknown/bed/105.wav,Zhuoran/unknown/bed/105.wav,unknown,0.69140625,0.0,0.30859375,0.69140625,"[-128, -49, 49]",True,unknown,0.597656,True,ok,926,56,632,1779,"[-128, -25, 25]",e43cc3f7b7f7e2413bdc35765bca5d45473b5b1b63fdee1a0a28d3e9de0d2ab8,user_study_cdc_sd_rt1s_c32_dual_core_v1,/Users/zilongzeng/Documents/data/Zhuoran/results.csv,0.2632910618558526,1.2261250521987677,0.6974999560043216,2.1932499948889017
1168,Zhuoran,unknown,bed,106,intent_directory,/Users/zilongzeng/Documents/data/Zhuoran/unknown/bed/106.wav,Zhuoran/unknown/bed/106.wav,movement,0.99609375,0.0,0.99609375,0.0,"[-128, 127, -128]",False,movement,0.996094,True,ok,922,56,632,1790,"[-128, 127, -128]",e43cc3f7b7f7e2413bdc35765bca5d45473b5b1b63fdee1a0a28d3e9de0d2ab8,user_study_cdc_sd_rt1s_c32_dual_core_v1,/Users/zilongzeng/Documents/data/Zhuoran/results.csv,0.18341594841331244,1.257500029169023,0.7116670021787286,2.159249968826771
1169,Zhuoran,unknown,bed,107,intent_directory,/Users/zilongzeng/Documents/data/Zhuoran/unknown/bed/107.wav,Zhuoran/unknown/bed/107.wav,unknown,0.99609375,0.0,0.00390625,0.99609375,"[-128, -127, 127]",True,unknown,0.996094,True,ok,901,56,632,1755,"[-128, -128, 127]",e43cc3f7b7f7e2413bdc35765bca5d45473b5b1b63fdee1a0a28d3e9de0d2ab8,user_study_cdc_sd_rt1s_c32_dual_core_v1,/Users/zilongzeng/Documents/data/Zhuoran/results.csv,0.19108306150883436,1.2792920460924506,0.7119580404832959,2.1880000131204724
1170,Zhuoran,unknown,bed,108,intent_directory,/Users/zilongzeng/Documents/data/Zhuoran/unknown/bed/108.wav,Zhuoran/unknown/bed/108.wav,movement,0.9609375,0.0,0.9609375,0.0390625,"[-128, 118, -118]",False,movement,0.988281,True,ok,922,56,632,1776,"[-128, 125, -125]",e43cc3f7b7f7e2413bdc35765bca5d45473b5b1b63fdee1a0a28d3e9de0d2ab8,user_study_cdc_sd_rt1s_c32_dual_core_v1,/Users/zilongzeng/Documents/data/Zhuoran/results.csv,0.1622909912839532,1.2916660634800792,0.7190830074250698,2.178249997086823
1171,Zhuoran,unknown,bed,109,intent_directory,/Users/zilongzeng/Documents/data/Zhuoran/unknown/bed/109.wav,Zhuoran/unknown/bed/109.wav,movement,0.9921875,0.0,0.9921875,0.00390625,"[-128, 126, -127]",False,movement,0.988281,True,ok,920,56,632,1775,"[-127, 125, -126]",e43cc3f7b7f7e2413bdc35765bca5d45473b5b1b63fdee1a0a28d3e9de0d2ab8,user_study_cdc_sd_rt1s_c32_dual_core_v1,/Users/zilongzeng/Documents/data/Zhuoran/results.csv,0.17387501429766417,1.184582943096757,0.653333030641079,2.016582991927862
1172,Zhuoran,unknown,bed,110,intent_directory,/Users/zilongzeng/Documents/data/Zhuoran/unknown/bed/110.wav,Zhuoran/unknown/bed/110.wav,unknown,0.96875,0.0,0.03125,0.96875,"[-128, -120, 120]",True,unknown,0.917969,True,ok,910,56,632,1764,"[-128, -107, 107]",e43cc3f7b7f7e2413bdc35765bca5d45473b5b1b63fdee1a0a28d3e9de0d2ab8,user_study_cdc_sd_rt1s_c32_dual_core_v1,/Users/zilongzeng/Documents/data/Zhuoran/results.csv,0.21070905495435,1.2532500550150871,0.7042499491944909,2.174749970436096
1173,Zhuoran,unknown,bird,111,intent_directory,/Users/zilongzeng/Documents/data/Zhuoran/unknown/bird/111.wav,Zhuoran/unknown/bird/111.wav,unknown,0.99609375,0.0,0.0,0.99609375,"[-128, -128, 127]",True,unknown,0.996094,True,ok,923,56,632,1821,"[-128, -128, 127]",e43cc3f7b7f7e2413bdc35765bca5d45473b5b1b63fdee1a0a28d3e9de0d2ab8,user_study_cdc_sd_rt1s_c32_dual_core_v1,/Users/zilongzeng/Documents/data/Zhuoran/results.csv,0.18112501129508018,1.2400000123307109,0.7151670288294554,2.1422089776024222
1174,Zhuoran,unknown,bird,112,intent_directory,/Users/zilongzeng/Documents/data/Zhuoran/unknown/bird/112.wav,Zhuoran/unknown/bird/112.wav,unknown,0.99609375,0.0,0.0,0.99609375,"[-128, -128, 127]",True,unknown,0.996094,True,ok,922,56,632,1776,"[-128, -128, 127]",e43cc3f7b7f7e2413bdc35765bca5d45473b5b1b63fdee1a0a28d3e9de0d2ab8,user_study_cdc_sd_rt1s_c32_dual_core_v1,/Users/zilongzeng/Documents/data/Zhuoran/results.csv,0.16454095020890236,1.4187500346451998,0.6254580803215504,2.217666944488883
1175,Zhuoran,unknown,bird,113,intent_directory,/Users/zilongzeng/Documents/data/Zhuoran/unknown/bird/113.wav,Zhuoran/unknown/bird/113.wav,unknown,0.99609375,0.0,0.0,0.99609375,"[-128, -128, 127]",True,unknown,0.996094,True,ok,912,56,632,1765,"[-128, -128, 127]",e43cc3f7b7f7e2413bdc35765bca5d45473b5b1b63fdee1a0a28d3e9de0d2ab8,user_study_cdc_sd_rt1s_c32_dual_core_v1,/Users/zilongzeng/Documents/data/Zhuoran/results.csv,0.24529197253286839,1.2422079453244805,0.7019590120762587,2.196707995608449
1176,Zhuoran,unknown,bird,114,intent_directory,/Users/zilongzeng/Documents/data/Zhuoran/unknown/bird/114.wav,Zhuoran/unknown/bird/114.wav,unknown,0.99609375,0.0,0.0,0.99609375,"[-128, -128, 127]",True,unknown,0.996094,True,ok,923,56,632,1776,"[-128, -128, 127]",e43cc3f7b7f7e2413bdc35765bca5d45473b5b1b63fdee1a0a28d3e9de0d2ab8,user_study_cdc_sd_rt1s_c32_dual_core_v1,/Users/zilongzeng/Documents/data/Zhuoran/results.csv,0.1747909700497985,1.406208029948175,0.7105000549927354,2.2973750019446015
1177,Zhuoran,unknown,bird,115,intent_directory,/Users/zilongzeng/Documents/data/Zhuoran/unknown/bird/115.wav,Zhuoran/unknown/bird/115.wav,unknown,0.99609375,0.0,0.0,0.99609375,"[-128, -128, 127]",True,unknown,0.996094,True,ok,921,56,632,1789,"[-128, -128, 127]",e43cc3f7b7f7e2413bdc35765bca5d45473b5b1b63fdee1a0a28d3e9de0d2ab8,user_study_cdc_sd_rt1s_c32_dual_core_v1,/Users/zilongzeng/Documents/data/Zhuoran/results.csv,0.1695409882813692,1.3038750039413571,0.7170839235186577,2.1978330332785845
1178,Zhuoran,unknown,bird,116,intent_directory,/Users/zilongzeng/Documents/data/Zhuoran/unknown/bird/116.wav,Zhuoran/unknown/bird/116.wav,unknown,0.99609375,0.0,0.0,0.99609375,"[-128, -128, 127]",True,unknown,0.996094,True,ok,907,56,632,1759,"[-128, -128, 127]",e43cc3f7b7f7e2413bdc35765bca5d45473b5b1b63fdee1a0a28d3e9de0d2ab8,user_study_cdc_sd_rt1s_c32_dual_core_v1,/Users/zilongzeng/Documents/data/Zhuoran/results.csv,0.18562492914497852,1.281500095501542,0.702250050380826,2.1747079445049167
1179,Zhuoran,unknown,bird,117,intent_directory,/Users/zilongzeng/Documents/data/Zhuoran/unknown/bird/117.wav,Zhuoran/unknown/bird/117.wav,unknown,0.99609375,0.0,0.0,0.99609375,"[-128, -128, 127]",True,unknown,0.996094,True,ok,919,56,632,1772,"[-128, -128, 127]",e43cc3f7b7f7e2413bdc35765bca5d45473b5b1b63fdee1a0a28d3e9de0d2ab8,user_study_cdc_sd_rt1s_c32_dual_core_v1,/Users/zilongzeng/Documents/data/Zhuoran/results.csv,0.16558298375457525,1.1490000179037452,0.7139159133657813,2.054707962088287
1180,Zhuoran,unknown,bird,118,intent_directory,/Users/zilongzeng/Documents/data/Zhuoran/unknown/bird/118.wav,Zhuoran/unknown/bird/118.wav,unknown,0.99609375,0.0,0.0,0.99609375,"[-128, -128, 127]",True,unknown,0.996094,True,ok,916,56,632,1772,"[-128, -128, 127]",e43cc3f7b7f7e2413bdc35765bca5d45473b5b1b63fdee1a0a28d3e9de0d2ab8,user_study_cdc_sd_rt1s_c32_dual_core_v1,/Users/zilongzeng/Documents/data/Zhuoran/results.csv,0.1432080753147602,1.344541902653873,0.7218749960884452,2.214958076365292
1181,Zhuoran,unknown,bird,119,intent_directory,/Users/zilongzeng/Documents/data/Zhuoran/unknown/bird/119.wav,Zhuoran/unknown/bird/119.wav,unknown,0.99609375,0.0,0.0,0.99609375,"[-128, -128, 127]",True,unknown,0.996094,True,ok,901,56,632,1755,"[-128, -128, 127]",e43cc3f7b7f7e2413bdc35765bca5d45473b5b1b63fdee1a0a28d3e9de0d2ab8,user_study_cdc_sd_rt1s_c32_dual_core_v1,/Users/zilongzeng/Documents/data/Zhuoran/results.csv,0.1614589709788561,1.4305419754236937,0.6541250040754676,2.2560409270226955
1182,Zhuoran,unknown,bird,120,intent_directory,/Users/zilongzeng/Documents/data/Zhuoran/unknown/bird/120.wav,Zhuoran/unknown/bird/120.wav,unknown,0.99609375,0.0,0.0,0.99609375,"[-128, -128, 127]",True,unknown,0.996094,True,ok,915,56,632,1768,"[-128, -128, 127]",e43cc3f7b7f7e2413bdc35765bca5d45473b5b1b63fdee1a0a28d3e9de0d2ab8,user_study_cdc_sd_rt1s_c32_dual_core_v1,/Users/zilongzeng/Documents/data/Zhuoran/results.csv,0.2906250301748514,1.2592499842867255,0.7099580252543092,2.2669589379802346
1183,Zhuoran,unknown,cat,121,intent_directory,/Users/zilongzeng/Documents/data/Zhuoran/unknown/cat/121.wav,Zhuoran/unknown/cat/121.wav,unknown,0.99609375,0.0,0.0,0.99609375,"[-128, -128, 127]",True,unknown,0.996094,True,ok,928,56,632,1841,"[-128, -128, 127]",e43cc3f7b7f7e2413bdc35765bca5d45473b5b1b63fdee1a0a28d3e9de0d2ab8,user_study_cdc_sd_rt1s_c32_dual_core_v1,/Users/zilongzeng/Documents/data/Zhuoran/results.csv,0.18495903350412846,1.1769590200856328,0.6238329224288464,2.000791020691395
1184,Zhuoran,unknown,cat,122,intent_directory,/Users/zilongzeng/Documents/data/Zhuoran/unknown/cat/122.wav,Zhuoran/unknown/cat/122.wav,unknown,0.99609375,0.0,0.0,0.99609375,"[-128, -128, 127]",True,unknown,0.996094,True,ok,909,56,632,1762,"[-128, -128, 127]",e43cc3f7b7f7e2413bdc35765bca5d45473b5b1b63fdee1a0a28d3e9de0d2ab8,user_study_cdc_sd_rt1s_c32_dual_core_v1,/Users/zilongzeng/Documents/data/Zhuoran/results.csv,0.1932079903781414,1.2531670508906245,0.7140419911593199,2.1665419917553663
1185,Zhuoran,unknown,cat,123,intent_directory,/Users/zilongzeng/Documents/data/Zhuoran/unknown/cat/123.wav,Zhuoran/unknown/cat/123.wav,unknown,0.99609375,0.0,0.0,0.99609375,"[-128, -128, 127]",True,unknown,0.996094,True,ok,928,56,632,1781,"[-128, -128, 127]",e43cc3f7b7f7e2413bdc35765bca5d45473b5b1b63fdee1a0a28d3e9de0d2ab8,user_study_cdc_sd_rt1s_c32_dual_core_v1,/Users/zilongzeng/Documents/data/Zhuoran/results.csv,0.15545811038464308,1.4467909932136536,0.6322499830275774,2.243458991870284
1186,Zhuoran,unknown,cat,124,intent_directory,/Users/zilongzeng/Documents/data/Zhuoran/unknown/cat/124.wav,Zhuoran/unknown/cat/124.wav,unknown,0.99609375,0.0,0.0,0.99609375,"[-128, -128, 127]",True,unknown,0.996094,True,ok,924,56,632,1779,"[-128, -128, 127]",e43cc3f7b7f7e2413bdc35765bca5d45473b5b1b63fdee1a0a28d3e9de0d2ab8,user_study_cdc_sd_rt1s_c32_dual_core_v1,/Users/zilongzeng/Documents/data/Zhuoran/results.csv,0.2620830200612545,1.1936250375583768,0.668165972456336,2.1305420668795705
1187,Zhuoran,unknown,cat,125,intent_directory,/Users/zilongzeng/Documents/data/Zhuoran/unknown/cat/125.wav,Zhuoran/unknown/cat/125.wav,unknown,0.99609375,0.0,0.0,0.99609375,"[-128, -128, 127]",True,unknown,0.996094,True,ok,913,56,632,1766,"[-128, -128, 127]",e43cc3f7b7f7e2413bdc35765bca5d45473b5b1b63fdee1a0a28d3e9de0d2ab8,user_study_cdc_sd_rt1s_c32_dual_core_v1,/Users/zilongzeng/Documents/data/Zhuoran/results.csv,0.18158310558646917,1.317166956141591,0.7291249930858612,2.2339579882100224
1188,Zhuoran,unknown,cat,126,intent_directory,/Users/zilongzeng/Documents/data/Zhuoran/unknown/cat/126.wav,Zhuoran/unknown/cat/126.wav,unknown,0.99609375,0.0,0.0,0.99609375,"[-128, -128, 127]",True,unknown,0.996094,True,ok,924,56,632,1777,"[-128, -128, 127]",e43cc3f7b7f7e2413bdc35765bca5d45473b5b1b63fdee1a0a28d3e9de0d2ab8,user_study_cdc_sd_rt1s_c32_dual_core_v1,/Users/zilongzeng/Documents/data/Zhuoran/results.csv,0.17629191279411316,1.4130830531939864,0.7115419721230865,2.3067910224199295
1189,Zhuoran,unknown,cat,127,intent_directory,/Users/zilongzeng/Documents/data/Zhuoran/unknown/cat/127.wav,Zhuoran/unknown/cat/127.wav,unknown,0.99609375,0.0,0.0,0.99609375,"[-128, -128, 127]",True,unknown,0.996094,True,ok,919,56,632,1773,"[-128, -128, 127]",e43cc3f7b7f7e2413bdc35765bca5d45473b5b1b63fdee1a0a28d3e9de0d2ab8,user_study_cdc_sd_rt1s_c32_dual_core_v1,/Users/zilongzeng/Documents/data/Zhuoran/results.csv,0.16300007700920105,1.2462080921977758,0.6614170270040631,2.075708005577326
1190,Zhuoran,unknown,cat,128,intent_directory,/Users/zilongzeng/Documents/data/Zhuoran/unknown/cat/128.wav,Zhuoran/unknown/cat/128.wav,unknown,0.99609375,0.0,0.0,0.99609375,"[-128, -128, 127]",True,unknown,0.996094,True,ok,905,56,632,1758,"[-128, -128, 127]",e43cc3f7b7f7e2413bdc35765bca5d45473b5b1b63fdee1a0a28d3e9de0d2ab8,user_study_cdc_sd_rt1s_c32_dual_core_v1,/Users/zilongzeng/Documents/data/Zhuoran/results.csv,0.1973749604076147,1.2768330052495003,0.6523750489577651,2.1312499884516
1191,Zhuoran,unknown,cat,129,intent_directory,/Users/zilongzeng/Documents/data/Zhuoran/unknown/cat/129.wav,Zhuoran/unknown/cat/129.wav,unknown,0.99609375,0.0,0.0,0.99609375,"[-128, -128, 127]",True,unknown,0.996094,True,ok,917,56,632,1769,"[-128, -128, 127]",e43cc3f7b7f7e2413bdc35765bca5d45473b5b1b63fdee1a0a28d3e9de0d2ab8,user_study_cdc_sd_rt1s_c32_dual_core_v1,/Users/zilongzeng/Documents/data/Zhuoran/results.csv,0.16333290841430426,1.3340420555323362,0.6991669069975615,2.2024590289220214
1192,Zhuoran,unknown,cat,130,intent_directory,/Users/zilongzeng/Documents/data/Zhuoran/unknown/cat/130.wav,Zhuoran/unknown/cat/130.wav,unknown,0.99609375,0.0,0.0,0.99609375,"[-128, -128, 127]",True,unknown,0.996094,True,ok,926,56,632,1797,"[-128, -128, 127]",e43cc3f7b7f7e2413bdc35765bca5d45473b5b1b63fdee1a0a28d3e9de0d2ab8,user_study_cdc_sd_rt1s_c32_dual_core_v1,/Users/zilongzeng/Documents/data/Zhuoran/results.csv,0.17308304086327553,1.2695000041276217,0.7182079134508967,2.16737505979836
1193,Zhuoran,unknown,dog,131,intent_directory,/Users/zilongzeng/Documents/data/Zhuoran/unknown/dog/131.wav,Zhuoran/unknown/dog/131.wav,unknown,0.99609375,0.0,0.0,0.99609375,"[-128, -128, 127]",True,unknown,0.996094,True,ok,904,56,632,1802,"[-128, -128, 127]",e43cc3f7b7f7e2413bdc35765bca5d45473b5b1b63fdee1a0a28d3e9de0d2ab8,user_study_cdc_sd_rt1s_c32_dual_core_v1,/Users/zilongzeng/Documents/data/Zhuoran/results.csv,0.17749995458871126,1.3198750093579292,0.7099580252543092,2.212708001025021
1194,Zhuoran,unknown,dog,132,intent_directory,/Users/zilongzeng/Documents/data/Zhuoran/unknown/dog/132.wav,Zhuoran/unknown/dog/132.wav,unknown,0.99609375,0.0,0.0,0.99609375,"[-128, -128, 127]",True,unknown,0.996094,True,ok,919,56,632,1772,"[-128, -128, 127]",e43cc3f7b7f7e2413bdc35765bca5d45473b5b1b63fdee1a0a28d3e9de0d2ab8,user_study_cdc_sd_rt1s_c32_dual_core_v1,/Users/zilongzeng/Documents/data/Zhuoran/results.csv,0.1995839411392808,1.1926250299438834,0.7091669831424952,2.1070410730317235
1195,Zhuoran,unknown,dog,133,intent_directory,/Users/zilongzeng/Documents/data/Zhuoran/unknown/dog/133.wav,Zhuoran/unknown/dog/133.wav,unknown,0.99609375,0.0,0.0,0.99609375,"[-128, -128, 127]",True,unknown,0.996094,True,ok,919,56,632,1774,"[-128, -128, 127]",e43cc3f7b7f7e2413bdc35765bca5d45473b5b1b63fdee1a0a28d3e9de0d2ab8,user_study_cdc_sd_rt1s_c32_dual_core_v1,/Users/zilongzeng/Documents/data/Zhuoran/results.csv,0.20754197612404823,1.375499996356666,0.7061250507831573,2.2951249266043305
1196,Zhuoran,unknown,dog,134,intent_directory,/Users/zilongzeng/Documents/data/Zhuoran/unknown/dog/134.wav,Zhuoran/unknown/dog/134.wav,movement,0.55078125,0.0,0.55078125,0.44921875,"[-128, 13, -13]",False,unknown,0.597656,False,ok,903,56,632,1756,"[-128, -26, 25]",e43cc3f7b7f7e2413bdc35765bca5d45473b5b1b63fdee1a0a28d3e9de0d2ab8,user_study_cdc_sd_rt1s_c32_dual_core_v1,/Users/zilongzeng/Documents/data/Zhuoran/results.csv,0.18012500368058681,1.2847920879721642,0.6752090994268656,2.1480420837178826
1197,Zhuoran,unknown,dog,135,intent_directory,/Users/zilongzeng/Documents/data/Zhuoran/unknown/dog/135.wav,Zhuoran/unknown/dog/135.wav,movement,0.9765625,0.015625,0.9765625,0.0078125,"[-124, 122, -126]",False,movement,0.968750,True,ok,916,56,632,1769,"[-123, 120, -126]",e43cc3f7b7f7e2413bdc35765bca5d45473b5b1b63fdee1a0a28d3e9de0d2ab8,user_study_cdc_sd_rt1s_c32_dual_core_v1,/Users/zilongzeng/Documents/data/Zhuoran/results.csv,0.17412507440894842,1.258250093087554,0.7097090128809214,2.1477079717442393
1198,Zhuoran,unknown,dog,136,intent_directory,/Users/zilongzeng/Documents/data/Zhuoran/unknown/dog/136.wav,Zhuoran/unknown/dog/136.wav,unknown,0.99609375,0.0,0.0,0.99609375,"[-128, -128, 127]",True,unknown,0.996094,True,ok,927,56,632,1781,"[-128, -128, 127]",e43cc3f7b7f7e2413bdc35765bca5d45473b5b1b63fdee1a0a28d3e9de0d2ab8,user_study_cdc_sd_rt1s_c32_dual_core_v1,/Users/zilongzeng/Documents/data/Zhuoran/results.csv,0.15358405653387308,1.212374889291823,0.7457910105586052,2.1201249910518527
1199,Zhuoran,unknown,dog,137,intent_directory,/Users/zilongzeng/Documents/data/Zhuoran/unknown/dog/137.wav,Zhuoran/unknown/dog/137.wav,unknown,0.99609375,0.0,0.0,0.99609375,"[-128, -128, 127]",True,unknown,0.996094,True,ok,907,56,632,1774,"[-128, -128, 127]",e43cc3f7b7f7e2413bdc35765bca5d45473b5b1b63fdee1a0a28d3e9de0d2ab8,user_study_cdc_sd_rt1s_c32_dual_core_v1,/Users/zilongzeng/Documents/data/Zhuoran/results.csv,0.16716704703867435,1.3023329665884376,0.712667009793222,2.1877080434933305
1200,Zhuoran,unknown,dog,138,intent_directory,/Users/zilongzeng/Documents/data/Zhuoran/unknown/dog/138.wav,Zhuoran/unknown/dog/138.wav,movement,0.99609375,0.0,0.99609375,0.0,"[-128, 127, -128]",False,movement,0.996094,True,ok,922,56,632,1775,"[-128, 127, -128]",e43cc3f7b7f7e2413bdc35765bca5d45473b5b1b63fdee1a0a28d3e9de0d2ab8,user_study_cdc_sd_rt1s_c32_dual_core_v1,/Users/zilongzeng/Documents/data/Zhuoran/results.csv,0.36399997770786285,1.2412499636411667,0.7480829954147339,2.3596660466864705
1201,Zhuoran,unknown,dog,139,intent_directory,/Users/zilongzeng/Documents/data/Zhuoran/unknown/dog/139.wav,Zhuoran/unknown/dog/139.wav,unknown,0.99609375,0.0,0.0,0.99609375,"[-128, -128, 127]",True,unknown,0.996094,True,ok,926,56,632,1780,"[-128, -128, 127]",e43cc3f7b7f7e2413bdc35765bca5d45473b5b1b63fdee1a0a28d3e9de0d2ab8,user_study_cdc_sd_rt1s_c32_dual_core_v1,/Users/zilongzeng/Documents/data/Zhuoran/results.csv,0.15716697089374065,1.247999956831336,0.7044170051813126,2.1150829270482063
1202,Zhuoran,unknown,dog,140,intent_directory,/Users/zilongzeng/Documents/data/Zhuoran/unknown/dog/140.wav,Zhuoran/unknown/dog/140.wav,unknown,0.99609375,0.0,0.0,0.99609375,"[-128, -128, 127]",True,unknown,0.996094,True,ok,908,56,632,1761,"[-128, -128, 127]",e43cc3f7b7f7e2413bdc35765bca5d45473b5b1b63fdee1a0a28d3e9de0d2ab8,user_study_cdc_sd_rt1s_c32_dual_core_v1,/Users/zilongzeng/Documents/data/Zhuoran/results.csv,0.16604200936853886,1.4128750190138817,0.6208750419318676,2.20879097469151
1203,Zhuoran,unknown,happy,141,intent_directory,/Users/zilongzeng/Documents/data/Zhuoran/unknown/happy/141.wav,Zhuoran/unknown/happy/141.wav,unknown,0.99609375,0.0,0.0,0.99609375,"[-128, -128, 127]",True,unknown,0.996094,True,ok,924,56,632,1821,"[-128, -128, 127]",e43cc3f7b7f7e2413bdc35765bca5d45473b5b1b63fdee1a0a28d3e9de0d2ab8,user_study_cdc_sd_rt1s_c32_dual_core_v1,/Users/zilongzeng/Documents/data/Zhuoran/results.csv,0.288749928586185,1.321790972724557,0.7233750075101852,2.3404579842463136
1204,Zhuoran,unknown,happy,142,intent_directory,/Users/zilongzeng/Documents/data/Zhuoran/unknown/happy/142.wav,Zhuoran/unknown/happy/142.wav,unknown,0.99609375,0.0,0.0,0.99609375,"[-128, -128, 127]",True,unknown,0.996094,True,ok,922,56,632,1777,"[-128, -128, 127]",e43cc3f7b7f7e2413bdc35765bca5d45473b5b1b63fdee1a0a28d3e9de0d2ab8,user_study_cdc_sd_rt1s_c32_dual_core_v1,/Users/zilongzeng/Documents/data/Zhuoran/results.csv,0.1694160746410489,1.2482499005272985,0.67912507802248,2.101916936226189
1205,Zhuoran,unknown,happy,143,intent_directory,/Users/zilongzeng/Documents/data/Zhuoran/unknown/happy/143.wav,Zhuoran/unknown/happy/143.wav,unknown,0.99609375,0.0,0.0,0.99609375,"[-128, -128, 127]",True,unknown,0.996094,True,ok,909,56,632,1762,"[-128, -128, 127]",e43cc3f7b7f7e2413bdc35765bca5d45473b5b1b63fdee1a0a28d3e9de0d2ab8,user_study_cdc_sd_rt1s_c32_dual_core_v1,/Users/zilongzeng/Documents/data/Zhuoran/results.csv,0.18220802303403616,1.2234160676598549,0.6730830064043403,2.0835420582443476
1206,Zhuoran,unknown,happy,144,intent_directory,/Users/zilongzeng/Documents/data/Zhuoran/unknown/happy/144.wav,Zhuoran/unknown/happy/144.wav,unknown,0.99609375,0.0,0.0,0.99609375,"[-128, -128, 127]",True,unknown,0.996094,True,ok,924,56,632,1790,"[-128, -128, 127]",e43cc3f7b7f7e2413bdc35765bca5d45473b5b1b63fdee1a0a28d3e9de0d2ab8,user_study_cdc_sd_rt1s_c32_dual_core_v1,/Users/zilongzeng/Documents/data/Zhuoran/results.csv,0.16808300279080868,1.398958032950759,0.7281249854713678,2.3016249760985374
1207,Zhuoran,unknown,happy,145,intent_directory,/Users/zilongzeng/Documents/data/Zhuoran/unknown/happy/145.wav,Zhuoran/unknown/happy/145.wav,unknown,0.99609375,0.0,0.0,0.99609375,"[-128, -128, 127]",True,unknown,0.996094,True,ok,929,56,632,1784,"[-128, -128, 127]",e43cc3f7b7f7e2413bdc35765bca5d45473b5b1b63fdee1a0a28d3e9de0d2ab8,user_study_cdc_sd_rt1s_c32_dual_core_v1,/Users/zilongzeng/Documents/data/Zhuoran/results.csv,0.1682080328464508,1.3871670234948397,0.724292011000216,2.285958034917712
1208,Zhuoran,unknown,happy,146,intent_directory,/Users/zilongzeng/Documents/data/Zhuoran/unknown/happy/146.wav,Zhuoran/unknown/happy/146.wav,unknown,0.99609375,0.0,0.0,0.99609375,"[-128, -128, 127]",True,unknown,0.996094,True,ok,900,56,632,1753,"[-128, -128, 127]",e43cc3f7b7f7e2413bdc35765bca5d45473b5b1b63fdee1a0a28d3e9de0d2ab8,user_study_cdc_sd_rt1s_c32_dual_core_v1,/Users/zilongzeng/Documents/data/Zhuoran/results.csv,0.1930419821292162,1.274749985896051,0.6582080386579037,2.132082940079272
1209,Zhuoran,unknown,happy,147,intent_directory,/Users/zilongzeng/Documents/data/Zhuoran/unknown/happy/147.wav,Zhuoran/unknown/happy/147.wav,unknown,0.99609375,0.0,0.0,0.99609375,"[-128, -128, 127]",True,unknown,0.996094,True,ok,925,56,632,1779,"[-128, -128, 127]",e43cc3f7b7f7e2413bdc35765bca5d45473b5b1b63fdee1a0a28d3e9de0d2ab8,user_study_cdc_sd_rt1s_c32_dual_core_v1,/Users/zilongzeng/Documents/data/Zhuoran/results.csv,0.14666607603430748,1.1874169576913118,0.6760830292478204,2.0161669235676527
1210,Zhuoran,unknown,happy,148,intent_directory,/Users/zilongzeng/Documents/data/Zhuoran/unknown/happy/148.wav,Zhuoran/unknown/happy/148.wav,unknown,0.99609375,0.0,0.0,0.99609375,"[-128, -128, 127]",True,unknown,0.996094,True,ok,926,56,632,1781,"[-128, -128, 127]",e43cc3f7b7f7e2413bdc35765bca5d45473b5b1b63fdee1a0a28d3e9de0d2ab8,user_study_cdc_sd_rt1s_c32_dual_core_v1,/Users/zilongzeng/Documents/data/Zhuoran/results.csv,0.18637499306350946,1.2453329982236028,0.7216249359771609,2.159292111173272
1211,Zhuoran,unknown,happy,149,intent_directory,/Users/zilongzeng/Documents/data/Zhuoran/unknown/happy/149.wav,Zhuoran/unknown/happy/149.wav,unknown,0.99609375,0.0,0.0,0.99609375,"[-128, -128, 127]",True,unknown,0.996094,True,ok,903,56,632,1756,"[-128, -128, 127]",e43cc3f7b7f7e2413bdc35765bca5d45473b5b1b63fdee1a0a28d3e9de0d2ab8,user_study_cdc_sd_rt1s_c32_dual_core_v1,/Users/zilongzeng/Documents/data/Zhuoran/results.csv,0.18149998504668474,1.2197080068290234,0.7132089231163263,2.120999968610704
1212,Zhuoran,unknown,happy,150,intent_directory,/Users/zilongzeng/Documents/data/Zhuoran/unknown/happy/150.wav,Zhuoran/unknown/happy/150.wav,unknown,0.99609375,0.0,0.0,0.99609375,"[-128, -128, 127]",True,unknown,0.996094,True,ok,920,56,632,1774,"[-128, -128, 127]",e43cc3f7b7f7e2413bdc35765bca5d45473b5b1b63fdee1a0a28d3e9de0d2ab8,user_study_cdc_sd_rt1s_c32_dual_core_v1,/Users/zilongzeng/Documents/data/Zhuoran/results.csv,0.18449989147484303,1.2220829958096147,0.7053329609334469,2.1172499982640147
