trial_id,participant_id,intent_ground_truth,keyword,repeat_idx,label_source,audio_path,audio_relpath,predicted_intent,confidence,prob_emergency,prob_movement,prob_unknown,raw_output_int8,correct,board_prediction,board_confidence,recomputed_matches_board,board_err_code,board_capture_ms,board_frontend_ms,board_infer_ms,board_total_ms,board_raw_output_int8,board_model_sha256,board_build_tag,board_results_csv,audio_read_ms,frontend_ms,tflite_invoke_ms,host_total_ms
1,Hongjun,emergency,unavailable_in_sd_path,0,intent_directory,/Users/zilongzeng/Research/DroneControl/user_study_v3/Hongjun/Emergency/0.wav,Hongjun/Emergency/0.wav,movement,0.99609375,0.0,0.99609375,0.0,"[-128, 127, -128]",False,,,,,,,,,,,,,0.04179193638265133,550.9275420336053,0.8268329547718167,551.8347918987274
2,Hongjun,emergency,unavailable_in_sd_path,1,intent_directory,/Users/zilongzeng/Research/DroneControl/user_study_v3/Hongjun/Emergency/1.wav,Hongjun/Emergency/1.wav,unknown,0.9609375,0.0,0.0390625,0.9609375,"[-128, -118, 118]",False,,,,,,,,,,,,,0.09587500244379044,1.5392090426757932,0.6304580019786954,2.282166969962418
3,Hongjun,emergency,unavailable_in_sd_path,2,intent_directory,/Users/zilongzeng/Research/DroneControl/user_study_v3/Hongjun/Emergency/2.wav,Hongjun/Emergency/2.wav,movement,0.984375,0.015625,0.984375,0.0,"[-124, 124, -128]",False,,,,,,,,,,,,,0.33433304633945227,1.28820794634521,0.6640419596806169,2.2962080547586083
4,Hongjun,emergency,unavailable_in_sd_path,3,intent_directory,/Users/zilongzeng/Research/DroneControl/user_study_v3/Hongjun/Emergency/3.wav,Hongjun/Emergency/3.wav,emergency,0.91796875,0.91796875,0.08203125,0.0,"[107, -107, -128]",True,,,,,,,,,,,,,0.2427079016342759,1.3627499574795365,0.6642090156674385,2.280124928802252
5,Hongjun,emergency,unavailable_in_sd_path,4,intent_directory,/Users/zilongzeng/Research/DroneControl/user_study_v3/Hongjun/Emergency/4.wav,Hongjun/Emergency/4.wav,emergency,0.99609375,0.99609375,0.0,0.0,"[127, -128, -128]",True,,,,,,,,,,,,,0.3536249278113246,1.468874979764223,0.719957984983921,2.554458100348711
6,Hongjun,emergency,unavailable_in_sd_path,5,intent_directory,/Users/zilongzeng/Research/DroneControl/user_study_v3/Hongjun/Emergency/5.wav,Hongjun/Emergency/5.wav,emergency,0.69140625,0.69140625,0.30859375,0.0,"[49, -49, -128]",True,,,,,,,,,,,,,0.2918749814853072,1.2607090175151825,0.6593749858438969,2.2195830242708325
7,Hongjun,emergency,unavailable_in_sd_path,6,intent_directory,/Users/zilongzeng/Research/DroneControl/user_study_v3/Hongjun/Emergency/6.wav,Hongjun/Emergency/6.wav,movement,0.99609375,0.0,0.99609375,0.0,"[-128, 127, -128]",False,,,,,,,,,,,,,0.21870795171707869,1.1619169963523746,0.6690840236842632,2.056958037428558
8,Hongjun,emergency,unavailable_in_sd_path,7,intent_directory,/Users/zilongzeng/Research/DroneControl/user_study_v3/Hongjun/Emergency/7.wav,Hongjun/Emergency/7.wav,movement,0.9921875,0.0078125,0.9921875,0.0,"[-126, 126, -128]",False,,,,,,,,,,,,,0.22204197011888027,1.1907500447705388,0.7704589515924454,2.1982500329613686
9,Hongjun,emergency,unavailable_in_sd_path,8,intent_directory,/Users/zilongzeng/Research/DroneControl/user_study_v3/Hongjun/Emergency/8.wav,Hongjun/Emergency/8.wav,emergency,0.9765625,0.9765625,0.0,0.01953125,"[122, -128, -123]",True,,,,,,,,,,,,,0.23733300622552633,1.415582955814898,0.6838330300524831,2.3437499767169356
10,Hongjun,emergency,unavailable_in_sd_path,9,intent_directory,/Users/zilongzeng/Research/DroneControl/user_study_v3/Hongjun/Emergency/9.wav,Hongjun/Emergency/9.wav,movement,0.59765625,0.40234375,0.59765625,0.0,"[-25, 25, -128]",False,,,,,,,,,,,,,0.232999911531806,1.2228750856593251,0.669625005684793,2.131999935954809
11,Hongjun,emergency,unavailable_in_sd_path,10,intent_directory,/Users/zilongzeng/Research/DroneControl/user_study_v3/Hongjun/Emergency/10.wav,Hongjun/Emergency/10.wav,emergency,0.99609375,0.99609375,0.0,0.0,"[127, -128, -128]",True,,,,,,,,,,,,,0.25462498888373375,1.2012500083073974,0.6645419634878635,2.1257910411804914
12,Hongjun,emergency,unavailable_in_sd_path,11,intent_directory,/Users/zilongzeng/Research/DroneControl/user_study_v3/Hongjun/Emergency/11.wav,Hongjun/Emergency/11.wav,movement,0.99609375,0.0,0.99609375,0.0,"[-128, 127, -128]",False,,,,,,,,,,,,,0.20224996842443943,1.1168750934302807,0.7900840137153864,2.125708037056029
13,Hongjun,emergency,unavailable_in_sd_path,12,intent_directory,/Users/zilongzeng/Research/DroneControl/user_study_v3/Hongjun/Emergency/12.wav,Hongjun/Emergency/12.wav,movement,0.98046875,0.0,0.98046875,0.015625,"[-128, 123, -124]",False,,,,,,,,,,,,,0.2477910602465272,1.2997090816497803,0.6774159846827388,2.2312499349936843
14,Hongjun,emergency,unavailable_in_sd_path,13,intent_directory,/Users/zilongzeng/Research/DroneControl/user_study_v3/Hongjun/Emergency/13.wav,Hongjun/Emergency/13.wav,emergency,0.953125,0.953125,0.046875,0.0,"[116, -116, -128]",True,,,,,,,,,,,,,0.20645896438509226,1.1573750525712967,0.6694159237667918,2.0384580129757524
15,Hongjun,emergency,unavailable_in_sd_path,14,intent_directory,/Users/zilongzeng/Research/DroneControl/user_study_v3/Hongjun/Emergency/14.wav,Hongjun/Emergency/14.wav,movement,0.984375,0.015625,0.984375,0.0,"[-124, 124, -128]",False,,,,,,,,,,,,,0.23391703143715858,1.1537499958649278,0.6740420358255506,2.0678750006482005
16,Hongjun,emergency,unavailable_in_sd_path,15,intent_directory,/Users/zilongzeng/Research/DroneControl/user_study_v3/Hongjun/Emergency/15.wav,Hongjun/Emergency/15.wav,emergency,0.984375,0.984375,0.015625,0.0,"[124, -124, -128]",True,,,,,,,,,,,,,0.07129192817956209,1.4078749809414148,0.7200420368462801,2.2067080717533827
17,Hongjun,emergency,unavailable_in_sd_path,16,intent_directory,/Users/zilongzeng/Research/DroneControl/user_study_v3/Hongjun/Emergency/16.wav,Hongjun/Emergency/16.wav,movement,0.59765625,0.40234375,0.59765625,0.0,"[-25, 25, -128]",False,,,,,,,,,,,,,0.21974998526275158,1.2491659726947546,0.6678339559584856,2.1424159640446305
18,Hongjun,emergency,unavailable_in_sd_path,17,intent_directory,/Users/zilongzeng/Research/DroneControl/user_study_v3/Hongjun/Emergency/17.wav,Hongjun/Emergency/17.wav,emergency,0.99609375,0.99609375,0.0,0.0,"[127, -128, -128]",True,,,,,,,,,,,,,0.2411670284345746,1.1590409558266401,0.6625419482588768,2.0694159902632236
19,Hongjun,emergency,unavailable_in_sd_path,18,intent_directory,/Users/zilongzeng/Research/DroneControl/user_study_v3/Hongjun/Emergency/18.wav,Hongjun/Emergency/18.wav,emergency,0.99609375,0.99609375,0.0,0.0,"[127, -128, -128]",True,,,,,,,,,,,,,0.21829106844961643,1.233791932463646,0.6674170726910233,2.124957973137498
20,Hongjun,emergency,unavailable_in_sd_path,19,intent_directory,/Users/zilongzeng/Research/DroneControl/user_study_v3/Hongjun/Emergency/19.wav,Hongjun/Emergency/19.wav,emergency,0.99609375,0.99609375,0.0,0.0,"[127, -128, -128]",True,,,,,,,,,,,,,0.2389999572187662,1.3866249937564135,0.6819999543949962,2.3142079589888453
21,Hongjun,emergency,unavailable_in_sd_path,20,intent_directory,/Users/zilongzeng/Research/DroneControl/user_study_v3/Hongjun/Emergency/20.wav,Hongjun/Emergency/20.wav,emergency,0.99609375,0.99609375,0.0,0.0,"[127, -128, -128]",True,,,,,,,,,,,,,0.11220795568078756,1.180207938887179,0.670333974994719,1.9685840234160423
22,Hongjun,emergency,unavailable_in_sd_path,21,intent_directory,/Users/zilongzeng/Research/DroneControl/user_study_v3/Hongjun/Emergency/21.wav,Hongjun/Emergency/21.wav,emergency,0.6484375,0.6484375,0.3515625,0.0,"[38, -38, -128]",True,,,,,,,,,,,,,0.20066695287823677,1.156166079454124,0.6643329979851842,2.0265839993953705
23,Hongjun,emergency,unavailable_in_sd_path,22,intent_directory,/Users/zilongzeng/Research/DroneControl/user_study_v3/Hongjun/Emergency/22.wav,Hongjun/Emergency/22.wav,emergency,0.55078125,0.55078125,0.0,0.44921875,"[13, -128, -13]",True,,,,,,,,,,,,,0.26229198556393385,1.1638329597190022,0.6690829759463668,2.100124955177307
24,Hongjun,emergency,unavailable_in_sd_path,23,intent_directory,/Users/zilongzeng/Research/DroneControl/user_study_v3/Hongjun/Emergency/23.wav,Hongjun/Emergency/23.wav,unknown,0.99609375,0.0,0.0,0.99609375,"[-128, -128, 127]",False,,,,,,,,,,,,,0.054832897149026394,1.3524590758606791,0.6835840176790953,2.0968749886378646
25,Hongjun,emergency,unavailable_in_sd_path,24,intent_directory,/Users/zilongzeng/Research/DroneControl/user_study_v3/Hongjun/Emergency/24.wav,Hongjun/Emergency/24.wav,unknown,0.99609375,0.00390625,0.0,0.99609375,"[-127, -128, 127]",False,,,,,,,,,,,,,0.213916995562613,1.2379169929772615,0.6692500319331884,2.126417006365955
26,Hongjun,emergency,unavailable_in_sd_path,25,intent_directory,/Users/zilongzeng/Research/DroneControl/user_study_v3/Hongjun/Emergency/25.wav,Hongjun/Emergency/25.wav,unknown,0.99609375,0.0,0.0,0.99609375,"[-128, -128, 127]",False,,,,,,,,,,,,,0.22479193285107613,1.1412500170990825,0.6684170803055167,2.0394589519128203
27,Hongjun,emergency,unavailable_in_sd_path,26,intent_directory,/Users/zilongzeng/Research/DroneControl/user_study_v3/Hongjun/Emergency/26.wav,Hongjun/Emergency/26.wav,movement,0.95703125,0.02734375,0.95703125,0.015625,"[-121, 117, -124]",False,,,,,,,,,,,,,0.17987494356930256,1.1473330669105053,0.6654170574620366,1.99758296366781
28,Hongjun,emergency,unavailable_in_sd_path,27,intent_directory,/Users/zilongzeng/Research/DroneControl/user_study_v3/Hongjun/Emergency/27.wav,Hongjun/Emergency/27.wav,emergency,0.953125,0.953125,0.046875,0.0,"[116, -116, -128]",True,,,,,,,,,,,,,0.05900010000914335,1.3309998903423548,0.7105410331860185,2.1083750762045383
29,Hongjun,emergency,unavailable_in_sd_path,28,intent_directory,/Users/zilongzeng/Research/DroneControl/user_study_v3/Hongjun/Emergency/28.wav,Hongjun/Emergency/28.wav,emergency,0.99609375,0.99609375,0.0,0.0,"[127, -128, -128]",True,,,,,,,,,,,,,0.11358293704688549,1.2700000079348683,0.6792499916628003,2.0684999180957675
30,Hongjun,emergency,unavailable_in_sd_path,29,intent_directory,/Users/zilongzeng/Research/DroneControl/user_study_v3/Hongjun/Emergency/29.wav,Hongjun/Emergency/29.wav,emergency,0.99609375,0.99609375,0.0,0.0,"[127, -128, -128]",True,,,,,,,,,,,,,0.06649992428719997,1.1196660343557596,0.6762079428881407,1.8675420433282852
31,Hongjun,emergency,unavailable_in_sd_path,30,intent_directory,/Users/zilongzeng/Research/DroneControl/user_study_v3/Hongjun/Emergency/30.wav,Hongjun/Emergency/30.wav,emergency,0.859375,0.859375,0.140625,0.0,"[92, -92, -128]",True,,,,,,,,,,,,,0.18929096404463053,1.062041032128036,0.6689589936286211,1.9257919630035758
32,Hongjun,emergency,unavailable_in_sd_path,31,intent_directory,/Users/zilongzeng/Research/DroneControl/user_study_v3/Hongjun/Emergency/31.wav,Hongjun/Emergency/31.wav,movement,0.99609375,0.0,0.99609375,0.0,"[-128, 127, -128]",False,,,,,,,,,,,,,0.18450000789016485,1.3721659779548645,0.6857080152258277,2.248500008136034
33,Hongjun,emergency,unavailable_in_sd_path,32,intent_directory,/Users/zilongzeng/Research/DroneControl/user_study_v3/Hongjun/Emergency/32.wav,Hongjun/Emergency/32.wav,movement,0.6484375,0.3515625,0.6484375,0.0,"[-38, 38, -128]",False,,,,,,,,,,,,,0.24675007443875074,1.2417500838637352,0.6755420472472906,2.1702080266550183
34,Hongjun,emergency,unavailable_in_sd_path,33,intent_directory,/Users/zilongzeng/Research/DroneControl/user_study_v3/Hongjun/Emergency/33.wav,Hongjun/Emergency/33.wav,movement,0.55078125,0.44921875,0.55078125,0.0,"[-13, 13, -128]",False,,,,,,,,,,,,,0.067666987888515,1.2024169554933906,0.6802079733461142,1.9578749779611826
35,Hongjun,emergency,unavailable_in_sd_path,34,intent_directory,/Users/zilongzeng/Research/DroneControl/user_study_v3/Hongjun/Emergency/34.wav,Hongjun/Emergency/34.wav,emergency,0.90234375,0.90234375,0.09765625,0.0,"[103, -103, -128]",True,,,,,,,,,,,,,0.06033398676663637,1.2274169130250812,0.6712080212309957,1.9638329977169633
36,Hongjun,emergency,unavailable_in_sd_path,35,intent_directory,/Users/zilongzeng/Research/DroneControl/user_study_v3/Hongjun/Emergency/35.wav,Hongjun/Emergency/35.wav,movement,0.99609375,0.0,0.99609375,0.0,"[-128, 127, -128]",False,,,,,,,,,,,,,0.19616703502833843,1.326667028479278,0.6834999658167362,2.2113750455901027
37,Hongjun,emergency,unavailable_in_sd_path,36,intent_directory,/Users/zilongzeng/Research/DroneControl/user_study_v3/Hongjun/Emergency/36.wav,Hongjun/Emergency/36.wav,unknown,0.87890625,0.1171875,0.00390625,0.87890625,"[-98, -127, 97]",False,,,,,,,,,,,,,0.23912498727440834,1.2942081084474921,0.7125840056687593,2.2518750047311187
38,Hongjun,emergency,unavailable_in_sd_path,37,intent_directory,/Users/zilongzeng/Research/DroneControl/user_study_v3/Hongjun/Emergency/37.wav,Hongjun/Emergency/37.wav,emergency,0.99609375,0.99609375,0.0,0.0,"[127, -128, -128]",True,,,,,,,,,,,,,0.20450004376471043,1.2767090229317546,0.7139169611036777,2.201167051680386
39,Hongjun,emergency,unavailable_in_sd_path,38,intent_directory,/Users/zilongzeng/Research/DroneControl/user_study_v3/Hongjun/Emergency/38.wav,Hongjun/Emergency/38.wav,movement,0.59765625,0.40234375,0.59765625,0.0,"[-25, 25, -128]",False,,,,,,,,,,,,,0.21162501070648432,1.1565840104594827,0.6619159830734134,2.0351670682430267
40,Hongjun,emergency,unavailable_in_sd_path,39,intent_directory,/Users/zilongzeng/Research/DroneControl/user_study_v3/Hongjun/Emergency/39.wav,Hongjun/Emergency/39.wav,movement,0.83203125,0.16796875,0.83203125,0.0,"[-85, 85, -128]",False,,,,,,,,,,,,,0.20166696049273014,1.359916990622878,0.6817079847678542,2.249790937639773
41,Hongjun,emergency,unavailable_in_sd_path,40,intent_directory,/Users/zilongzeng/Research/DroneControl/user_study_v3/Hongjun/Emergency/40.wav,Hongjun/Emergency/40.wav,movement,0.99609375,0.0,0.99609375,0.0,"[-128, 127, -128]",False,,,,,,,,,,,,,0.2550410572439432,1.203916035592556,0.6716670468449593,2.135624992661178
42,Hongjun,emergency,unavailable_in_sd_path,41,intent_directory,/Users/zilongzeng/Research/DroneControl/user_study_v3/Hongjun/Emergency/41.wav,Hongjun/Emergency/41.wav,movement,0.99609375,0.0,0.99609375,0.0,"[-128, 127, -128]",False,,,,,,,,,,,,,0.06066705100238323,1.0755410185083747,0.6698749493807554,1.8107920186594129
43,Hongjun,emergency,unavailable_in_sd_path,42,intent_directory,/Users/zilongzeng/Research/DroneControl/user_study_v3/Hongjun/Emergency/42.wav,Hongjun/Emergency/42.wav,movement,0.99609375,0.0,0.99609375,0.0,"[-128, 127, -128]",False,,,,,,,,,,,,,0.057875062339007854,1.129582989960909,0.6639999337494373,1.8560420721769333
44,Hongjun,emergency,unavailable_in_sd_path,43,intent_directory,/Users/zilongzeng/Research/DroneControl/user_study_v3/Hongjun/Emergency/43.wav,Hongjun/Emergency/43.wav,emergency,0.99609375,0.99609375,0.0,0.0,"[127, -128, -128]",True,,,,,,,,,,,,,0.059249927289783955,1.2979579623788595,0.7045420352369547,2.067541005089879
45,Hongjun,emergency,unavailable_in_sd_path,44,intent_directory,/Users/zilongzeng/Research/DroneControl/user_study_v3/Hongjun/Emergency/44.wav,Hongjun/Emergency/44.wav,movement,0.99609375,0.0,0.99609375,0.0,"[-128, 127, -128]",False,,,,,,,,,,,,,0.07212499622255564,1.1700830655172467,0.6885419134050608,1.9360000733286142
46,Hongjun,emergency,unavailable_in_sd_path,45,intent_directory,/Users/zilongzeng/Research/DroneControl/user_study_v3/Hongjun/Emergency/45.wav,Hongjun/Emergency/45.wav,emergency,0.953125,0.953125,0.046875,0.0,"[116, -116, -128]",True,,,,,,,,,,,,,0.2018340164795518,1.1250419775024056,0.7008330430835485,2.0336670568212867
47,Hongjun,emergency,unavailable_in_sd_path,46,intent_directory,/Users/zilongzeng/Research/DroneControl/user_study_v3/Hongjun/Emergency/46.wav,Hongjun/Emergency/46.wav,emergency,0.99609375,0.99609375,0.0,0.0,"[127, -128, -128]",True,,,,,,,,,,,,,0.29991602059453726,1.2151669943705201,0.6687910063192248,2.1892499644309282
48,Hongjun,emergency,unavailable_in_sd_path,47,intent_directory,/Users/zilongzeng/Research/DroneControl/user_study_v3/Hongjun/Emergency/47.wav,Hongjun/Emergency/47.wav,emergency,0.99609375,0.99609375,0.0,0.0,"[127, -128, -128]",True,,,,,,,,,,,,,0.0701668905094266,1.3825420755892992,0.7053749868646264,2.1655000746250153
49,Hongjun,emergency,unavailable_in_sd_path,48,intent_directory,/Users/zilongzeng/Research/DroneControl/user_study_v3/Hongjun/Emergency/48.wav,Hongjun/Emergency/48.wav,emergency,0.99609375,0.99609375,0.0,0.0,"[127, -128, -128]",True,,,,,,,,,,,,,0.1075830077752471,1.2305419659242034,0.6707090651616454,2.013707999140024
50,Hongjun,emergency,unavailable_in_sd_path,49,intent_directory,/Users/zilongzeng/Research/DroneControl/user_study_v3/Hongjun/Emergency/49.wav,Hongjun/Emergency/49.wav,movement,0.99609375,0.0,0.99609375,0.0,"[-128, 127, -128]",False,,,,,,,,,,,,,0.06150000263005495,1.1235830606892705,0.6734579801559448,1.8634999869391322
51,Hongjun,movement,unavailable_in_sd_path,0,intent_directory,/Users/zilongzeng/Research/DroneControl/user_study_v3/Hongjun/Movement/0.wav,Hongjun/Movement/0.wav,movement,0.99609375,0.0,0.99609375,0.0,"[-128, 127, -128]",True,,,,,,,,,,,,,0.03087497316300869,1.0743750026449561,0.669333036057651,1.7791660502552986
52,Hongjun,movement,unavailable_in_sd_path,1,intent_directory,/Users/zilongzeng/Research/DroneControl/user_study_v3/Hongjun/Movement/1.wav,Hongjun/Movement/1.wav,movement,0.99609375,0.0,0.99609375,0.0,"[-128, 127, -128]",True,,,,,,,,,,,,,0.030959025025367737,1.332291983999312,0.6244169780984521,1.9964580424129963
53,Hongjun,movement,unavailable_in_sd_path,2,intent_directory,/Users/zilongzeng/Research/DroneControl/user_study_v3/Hongjun/Movement/2.wav,Hongjun/Movement/2.wav,movement,0.99609375,0.0,0.99609375,0.0,"[-128, 127, -128]",True,,,,,,,,,,,,,0.2756250323727727,1.2058330466970801,0.6948750233277678,2.1833329228684306
54,Hongjun,movement,unavailable_in_sd_path,3,intent_directory,/Users/zilongzeng/Research/DroneControl/user_study_v3/Hongjun/Movement/3.wav,Hongjun/Movement/3.wav,movement,0.99609375,0.0,0.99609375,0.0,"[-128, 127, -128]",True,,,,,,,,,,,,,0.24995801504701376,1.1602910235524178,0.6776249501854181,2.09333305247128
55,Hongjun,movement,unavailable_in_sd_path,4,intent_directory,/Users/zilongzeng/Research/DroneControl/user_study_v3/Hongjun/Movement/4.wav,Hongjun/Movement/4.wav,movement,0.99609375,0.0,0.99609375,0.0,"[-128, 127, -128]",True,,,,,,,,,,,,,0.06283295806497335,1.211458002217114,0.6748751038685441,1.954916981048882
56,Hongjun,movement,unavailable_in_sd_path,5,intent_directory,/Users/zilongzeng/Research/DroneControl/user_study_v3/Hongjun/Movement/5.wav,Hongjun/Movement/5.wav,movement,0.99609375,0.0,0.99609375,0.0,"[-128, 127, -128]",True,,,,,,,,,,,,,0.06574997678399086,1.1122080031782389,0.6809160113334656,1.8988330848515034
57,Hongjun,movement,unavailable_in_sd_path,6,intent_directory,/Users/zilongzeng/Research/DroneControl/user_study_v3/Hongjun/Movement/6.wav,Hongjun/Movement/6.wav,movement,0.99609375,0.0,0.99609375,0.0,"[-128, 127, -128]",True,,,,,,,,,,,,,0.173417036421597,1.245916006155312,0.6784170400351286,2.1031670039519668
58,Hongjun,movement,unavailable_in_sd_path,7,intent_directory,/Users/zilongzeng/Research/DroneControl/user_study_v3/Hongjun/Movement/7.wav,Hongjun/Movement/7.wav,movement,0.99609375,0.0,0.99609375,0.0,"[-128, 127, -128]",True,,,,,,,,,,,,,0.07691700011491776,1.0698339901864529,0.6745000137016177,1.8262499943375587
59,Hongjun,movement,unavailable_in_sd_path,8,intent_directory,/Users/zilongzeng/Research/DroneControl/user_study_v3/Hongjun/Movement/8.wav,Hongjun/Movement/8.wav,movement,0.99609375,0.0,0.99609375,0.0,"[-128, 127, -128]",True,,,,,,,,,,,,,0.06229197606444359,1.1197500862181187,0.6669580470770597,1.8540420569479465
60,Hongjun,movement,unavailable_in_sd_path,9,intent_directory,/Users/zilongzeng/Research/DroneControl/user_study_v3/Hongjun/Movement/9.wav,Hongjun/Movement/9.wav,movement,0.99609375,0.0,0.99609375,0.0,"[-128, 127, -128]",True,,,,,,,,,,,,,0.060416990891098976,1.162540982477367,0.7623339770361781,2.0240000449121
61,Hongjun,movement,unavailable_in_sd_path,10,intent_directory,/Users/zilongzeng/Research/DroneControl/user_study_v3/Hongjun/Movement/10.wav,Hongjun/Movement/10.wav,movement,0.99609375,0.0,0.99609375,0.0,"[-128, 127, -128]",True,,,,,,,,,,,,,0.14462496619671583,1.244832994416356,0.6904579931870103,2.0852499874308705
62,Hongjun,movement,unavailable_in_sd_path,11,intent_directory,/Users/zilongzeng/Research/DroneControl/user_study_v3/Hongjun/Movement/11.wav,Hongjun/Movement/11.wav,movement,0.99609375,0.0,0.99609375,0.0,"[-128, 127, -128]",True,,,,,,,,,,,,,0.06712495815008879,1.1252079857513309,0.6826659664511681,1.8797909142449498
63,Hongjun,movement,unavailable_in_sd_path,12,intent_directory,/Users/zilongzeng/Research/DroneControl/user_study_v3/Hongjun/Movement/12.wav,Hongjun/Movement/12.wav,movement,0.99609375,0.0,0.99609375,0.0,"[-128, 127, -128]",True,,,,,,,,,,,,,0.18666696269065142,1.098582986742258,0.6706250132992864,1.9605420529842377
64,Hongjun,movement,unavailable_in_sd_path,13,intent_directory,/Users/zilongzeng/Research/DroneControl/user_study_v3/Hongjun/Movement/13.wav,Hongjun/Movement/13.wav,movement,0.99609375,0.0,0.99609375,0.0,"[-128, 127, -128]",True,,,,,,,,,,,,,0.19591604359447956,1.1315830051898956,0.6612080615013838,1.9934580195695162
65,Hongjun,movement,unavailable_in_sd_path,14,intent_directory,/Users/zilongzeng/Research/DroneControl/user_study_v3/Hongjun/Movement/14.wav,Hongjun/Movement/14.wav,movement,0.99609375,0.0,0.99609375,0.0,"[-128, 127, -128]",True,,,,,,,,,,,,,0.19883306231349707,1.3580831000581384,0.7141249952837825,2.2786250337958336
66,Hongjun,movement,unavailable_in_sd_path,15,intent_directory,/Users/zilongzeng/Research/DroneControl/user_study_v3/Hongjun/Movement/15.wav,Hongjun/Movement/15.wav,movement,0.99609375,0.0,0.99609375,0.0,"[-128, 127, -128]",True,,,,,,,,,,,,,0.26291701942682266,1.1891659814864397,0.6663749227300286,2.123333979398012
67,Hongjun,movement,unavailable_in_sd_path,16,intent_directory,/Users/zilongzeng/Research/DroneControl/user_study_v3/Hongjun/Movement/16.wav,Hongjun/Movement/16.wav,movement,0.99609375,0.0,0.99609375,0.0,"[-128, 127, -128]",True,,,,,,,,,,,,,0.18133304547518492,1.1285420041531324,0.6697499193251133,1.984667032957077
68,Hongjun,movement,unavailable_in_sd_path,17,intent_directory,/Users/zilongzeng/Research/DroneControl/user_study_v3/Hongjun/Movement/17.wav,Hongjun/Movement/17.wav,movement,0.984375,0.0,0.984375,0.015625,"[-128, 124, -124]",True,,,,,,,,,,,,,0.06062502507120371,1.1142500443384051,0.674000009894371,1.853541936725378
69,Hongjun,movement,unavailable_in_sd_path,18,intent_directory,/Users/zilongzeng/Research/DroneControl/user_study_v3/Hongjun/Movement/18.wav,Hongjun/Movement/18.wav,movement,0.99609375,0.0,0.99609375,0.0,"[-128, 127, -128]",True,,,,,,,,,,,,,0.1937500201165676,1.3414999702945352,0.7251659408211708,2.266625058837235
70,Hongjun,movement,unavailable_in_sd_path,19,intent_directory,/Users/zilongzeng/Research/DroneControl/user_study_v3/Hongjun/Movement/19.wav,Hongjun/Movement/19.wav,movement,0.99609375,0.0,0.99609375,0.0,"[-128, 127, -128]",True,,,,,,,,,,,,,0.07620803080499172,1.34283397346735,0.6286670686677098,2.0572500070557
71,Hongjun,movement,unavailable_in_sd_path,20,intent_directory,/Users/zilongzeng/Research/DroneControl/user_study_v3/Hongjun/Movement/20.wav,Hongjun/Movement/20.wav,movement,0.99609375,0.0,0.99609375,0.0,"[-128, 127, -128]",True,,,,,,,,,,,,,0.3411659272387624,1.2413330841809511,0.6640410283580422,2.2527920082211494
72,Hongjun,movement,unavailable_in_sd_path,21,intent_directory,/Users/zilongzeng/Research/DroneControl/user_study_v3/Hongjun/Movement/21.wav,Hongjun/Movement/21.wav,movement,0.99609375,0.0,0.99609375,0.0,"[-128, 127, -128]",True,,,,,,,,,,,,,0.2159159630537033,1.0954579338431358,0.7972079329192638,2.116332994773984
73,Hongjun,movement,unavailable_in_sd_path,22,intent_directory,/Users/zilongzeng/Research/DroneControl/user_study_v3/Hongjun/Movement/22.wav,Hongjun/Movement/22.wav,movement,0.99609375,0.0,0.99609375,0.0,"[-128, 127, -128]",True,,,,,,,,,,,,,0.06566708907485008,1.344792079180479,0.6830829661339521,2.0997909596189857
74,Hongjun,movement,unavailable_in_sd_path,23,intent_directory,/Users/zilongzeng/Research/DroneControl/user_study_v3/Hongjun/Movement/23.wav,Hongjun/Movement/23.wav,movement,0.99609375,0.0,0.99609375,0.0,"[-128, 127, -128]",True,,,,,,,,,,,,,0.2202501054853201,1.1062918929383159,0.6690410664305091,2.0003749523311853
75,Hongjun,movement,unavailable_in_sd_path,24,intent_directory,/Users/zilongzeng/Research/DroneControl/user_study_v3/Hongjun/Movement/24.wav,Hongjun/Movement/24.wav,movement,0.99609375,0.0,0.99609375,0.0,"[-128, 127, -128]",True,,,,,,,,,,,,,0.21233398001641035,1.1200420558452606,0.6690840236842632,2.0061659161001444
76,Hongjun,movement,unavailable_in_sd_path,25,intent_directory,/Users/zilongzeng/Research/DroneControl/user_study_v3/Hongjun/Movement/25.wav,Hongjun/Movement/25.wav,movement,0.99609375,0.0,0.99609375,0.0,"[-128, 127, -128]",True,,,,,,,,,,,,,0.18795800860971212,1.0897909523919225,0.7479579653590918,2.033625030890107
77,Hongjun,movement,unavailable_in_sd_path,26,intent_directory,/Users/zilongzeng/Research/DroneControl/user_study_v3/Hongjun/Movement/26.wav,Hongjun/Movement/26.wav,movement,0.99609375,0.0,0.99609375,0.0,"[-128, 127, -128]",True,,,,,,,,,,,,,0.23108301684260368,1.3234589714556932,0.6890420336276293,2.2490840638056397
78,Hongjun,movement,unavailable_in_sd_path,27,intent_directory,/Users/zilongzeng/Research/DroneControl/user_study_v3/Hongjun/Movement/27.wav,Hongjun/Movement/27.wav,movement,0.99609375,0.0,0.99609375,0.0,"[-128, 127, -128]",True,,,,,,,,,,,,,0.07354095578193665,1.1410829611122608,0.6775410147383809,1.8968329532071948
79,Hongjun,movement,unavailable_in_sd_path,28,intent_directory,/Users/zilongzeng/Research/DroneControl/user_study_v3/Hongjun/Movement/28.wav,Hongjun/Movement/28.wav,movement,0.99609375,0.0,0.99609375,0.0,"[-128, 127, -128]",True,,,,,,,,,,,,,0.05779205821454525,1.2740419479086995,0.6304999114945531,1.9725409802049398
80,Hongjun,movement,unavailable_in_sd_path,29,intent_directory,/Users/zilongzeng/Research/DroneControl/user_study_v3/Hongjun/Movement/29.wav,Hongjun/Movement/29.wav,movement,0.99609375,0.0,0.99609375,0.0,"[-128, 127, -128]",True,,,,,,,,,,,,,0.1982920803129673,1.1594579555094242,0.7535420591011643,2.120375051163137
81,Hongjun,movement,unavailable_in_sd_path,30,intent_directory,/Users/zilongzeng/Research/DroneControl/user_study_v3/Hongjun/Movement/30.wav,Hongjun/Movement/30.wav,movement,0.99609375,0.0,0.99609375,0.0,"[-128, 127, -128]",True,,,,,,,,,,,,,0.20654196850955486,1.2951669050380588,0.7094580214470625,2.2175420308485627
82,Hongjun,movement,unavailable_in_sd_path,31,intent_directory,/Users/zilongzeng/Research/DroneControl/user_study_v3/Hongjun/Movement/31.wav,Hongjun/Movement/31.wav,movement,0.99609375,0.0,0.99609375,0.0,"[-128, 127, -128]",True,,,,,,,,,,,,,0.26958296075463295,1.1484159622341394,0.6680830847471952,2.090750029310584
83,Hongjun,movement,unavailable_in_sd_path,32,intent_directory,/Users/zilongzeng/Research/DroneControl/user_study_v3/Hongjun/Movement/32.wav,Hongjun/Movement/32.wav,unknown,0.9609375,0.0,0.0390625,0.9609375,"[-128, -118, 118]",False,,,,,,,,,,,,,0.20012492313981056,1.1405000695958734,0.6713750772178173,2.0165840396657586
84,Hongjun,movement,unavailable_in_sd_path,33,intent_directory,/Users/zilongzeng/Research/DroneControl/user_study_v3/Hongjun/Movement/33.wav,Hongjun/Movement/33.wav,unknown,0.99609375,0.0,0.0,0.99609375,"[-128, -128, 127]",False,,,,,,,,,,,,,0.06629200652241707,1.1349590495228767,0.717666931450367,1.9256670493632555
85,Hongjun,movement,unavailable_in_sd_path,34,intent_directory,/Users/zilongzeng/Research/DroneControl/user_study_v3/Hongjun/Movement/34.wav,Hongjun/Movement/34.wav,movement,0.99609375,0.0,0.99609375,0.0,"[-128, 127, -128]",True,,,,,,,,,,,,,0.11316698510199785,1.493374933488667,0.6305420538410544,2.2467089584097266
86,Hongjun,movement,unavailable_in_sd_path,35,intent_directory,/Users/zilongzeng/Research/DroneControl/user_study_v3/Hongjun/Movement/35.wav,Hongjun/Movement/35.wav,movement,0.99609375,0.0,0.99609375,0.0,"[-128, 127, -128]",True,,,,,,,,,,,,,0.19837496802210808,1.162625034339726,0.6706659914925694,2.038000035099685
87,Hongjun,movement,unavailable_in_sd_path,36,intent_directory,/Users/zilongzeng/Research/DroneControl/user_study_v3/Hongjun/Movement/36.wav,Hongjun/Movement/36.wav,unknown,0.9375,0.03125,0.03125,0.9375,"[-120, -120, 112]",False,,,,,,,,,,,,,0.08216698188334703,1.0918340412899852,0.664791907183826,1.8436249811202288
88,Hongjun,movement,unavailable_in_sd_path,37,intent_directory,/Users/zilongzeng/Research/DroneControl/user_study_v3/Hongjun/Movement/37.wav,Hongjun/Movement/37.wav,movement,0.99609375,0.0,0.99609375,0.0,"[-128, 127, -128]",True,,,,,,,,,,,,,0.06016704719513655,1.1935409856960177,0.676083960570395,1.9361659651622176
89,Hongjun,movement,unavailable_in_sd_path,38,intent_directory,/Users/zilongzeng/Research/DroneControl/user_study_v3/Hongjun/Movement/38.wav,Hongjun/Movement/38.wav,movement,0.99609375,0.0,0.99609375,0.0,"[-128, 127, -128]",True,,,,,,,,,,,,,0.23958401288837194,1.3795419363304973,0.6999169709160924,2.3272079415619373
90,Hongjun,movement,unavailable_in_sd_path,39,intent_directory,/Users/zilongzeng/Research/DroneControl/user_study_v3/Hongjun/Movement/39.wav,Hongjun/Movement/39.wav,movement,0.99609375,0.0,0.99609375,0.0,"[-128, 127, -128]",True,,,,,,,,,,,,,0.2749169943854213,1.1657499708235264,0.6683749379590154,2.114500035531819
91,Hongjun,movement,unavailable_in_sd_path,40,intent_directory,/Users/zilongzeng/Research/DroneControl/user_study_v3/Hongjun/Movement/40.wav,Hongjun/Movement/40.wav,movement,0.99609375,0.0,0.99609375,0.0,"[-128, 127, -128]",True,,,,,,,,,,,,,0.0640420475974679,1.1189170181751251,0.6722079124301672,1.8600410548970103
92,Hongjun,movement,unavailable_in_sd_path,41,intent_directory,/Users/zilongzeng/Research/DroneControl/user_study_v3/Hongjun/Movement/41.wav,Hongjun/Movement/41.wav,movement,0.99609375,0.0,0.99609375,0.0,"[-128, 127, -128]",True,,,,,,,,,,,,,0.059333979152143,1.110833021812141,0.6677500205114484,1.8426660681143403
93,Hongjun,movement,unavailable_in_sd_path,42,intent_directory,/Users/zilongzeng/Research/DroneControl/user_study_v3/Hongjun/Movement/42.wav,Hongjun/Movement/42.wav,emergency,0.99609375,0.99609375,0.0,0.0,"[127, -128, -128]",False,,,,,,,,,,,,,0.05833397153764963,1.3550000730901957,0.6852499209344387,2.1043330198153853
94,Hongjun,movement,unavailable_in_sd_path,43,intent_directory,/Users/zilongzeng/Research/DroneControl/user_study_v3/Hongjun/Movement/43.wav,Hongjun/Movement/43.wav,movement,0.99609375,0.0,0.99609375,0.0,"[-128, 127, -128]",True,,,,,,,,,,,,,0.08841697126626968,1.167957903817296,0.6653330055996776,1.9265000009909272
95,Hongjun,movement,unavailable_in_sd_path,44,intent_directory,/Users/zilongzeng/Research/DroneControl/user_study_v3/Hongjun/Movement/44.wav,Hongjun/Movement/44.wav,movement,0.99609375,0.0,0.99609375,0.0,"[-128, 127, -128]",True,,,,,,,,,,,,,0.06095797289162874,1.1161670554429293,0.6761249387636781,1.858250005170703
96,Hongjun,movement,unavailable_in_sd_path,45,intent_directory,/Users/zilongzeng/Research/DroneControl/user_study_v3/Hongjun/Movement/45.wav,Hongjun/Movement/45.wav,movement,0.99609375,0.0,0.99609375,0.0,"[-128, 127, -128]",True,,,,,,,,,,,,,0.06329198367893696,1.1188749922439456,0.6697499193251133,1.8569169333204627
97,Hongjun,movement,unavailable_in_sd_path,46,intent_directory,/Users/zilongzeng/Research/DroneControl/user_study_v3/Hongjun/Movement/46.wav,Hongjun/Movement/46.wav,movement,0.99609375,0.0,0.99609375,0.0,"[-128, 127, -128]",True,,,,,,,,,,,,,0.060666934587061405,1.3546249829232693,0.6857089465484023,2.10733397398144
98,Hongjun,movement,unavailable_in_sd_path,47,intent_directory,/Users/zilongzeng/Research/DroneControl/user_study_v3/Hongjun/Movement/47.wav,Hongjun/Movement/47.wav,movement,0.99609375,0.0,0.99609375,0.0,"[-128, 127, -128]",True,,,,,,,,,,,,,0.10537495836615562,1.2023750459775329,0.6620410131290555,1.9750830251723528
99,Hongjun,movement,unavailable_in_sd_path,48,intent_directory,/Users/zilongzeng/Research/DroneControl/user_study_v3/Hongjun/Movement/48.wav,Hongjun/Movement/48.wav,movement,0.99609375,0.0,0.99609375,0.0,"[-128, 127, -128]",True,,,,,,,,,,,,,0.06824999582022429,1.2929170625284314,0.6720409728586674,2.0399580243974924
100,Hongjun,movement,unavailable_in_sd_path,49,intent_directory,/Users/zilongzeng/Research/DroneControl/user_study_v3/Hongjun/Movement/49.wav,Hongjun/Movement/49.wav,movement,0.99609375,0.0,0.99609375,0.0,"[-128, 127, -128]",True,,,,,,,,,,,,,0.06816699169576168,1.1140420101583004,0.6645000539720058,1.8512919778004289
101,Hongjun,unknown,unavailable_in_sd_path,0,intent_directory,/Users/zilongzeng/Research/DroneControl/user_study_v3/Hongjun/Unknown/0.wav,Hongjun/Unknown/0.wav,unknown,0.99609375,0.0,0.0,0.99609375,"[-128, -128, 127]",True,,,,,,,,,,,,,0.027916976250708103,1.0756669798865914,0.692041008733213,1.8365000141784549
102,Hongjun,unknown,unavailable_in_sd_path,1,intent_directory,/Users/zilongzeng/Research/DroneControl/user_study_v3/Hongjun/Unknown/1.wav,Hongjun/Unknown/1.wav,unknown,0.99609375,0.0,0.0,0.99609375,"[-128, -128, 127]",True,,,,,,,,,,,,,0.08537503890693188,1.2970420066267252,0.6710420129820704,2.059417078271508
103,Hongjun,unknown,unavailable_in_sd_path,2,intent_directory,/Users/zilongzeng/Research/DroneControl/user_study_v3/Hongjun/Unknown/2.wav,Hongjun/Unknown/2.wav,unknown,0.99609375,0.0,0.0,0.99609375,"[-128, -128, 127]",True,,,,,,,,,,,,,0.21850003395229578,1.1189170181751251,0.6645410321652889,2.0066670840606093
104,Hongjun,unknown,unavailable_in_sd_path,3,intent_directory,/Users/zilongzeng/Research/DroneControl/user_study_v3/Hongjun/Unknown/3.wav,Hongjun/Unknown/3.wav,unknown,0.99609375,0.0,0.0,0.99609375,"[-128, -128, 127]",True,,,,,,,,,,,,,0.20804197993129492,1.07179197948426,0.6670000730082393,1.9518749322742224
105,Hongjun,unknown,unavailable_in_sd_path,4,intent_directory,/Users/zilongzeng/Research/DroneControl/user_study_v3/Hongjun/Unknown/4.wav,Hongjun/Unknown/4.wav,unknown,0.9921875,0.0,0.0078125,0.9921875,"[-128, -126, 126]",True,,,,,,,,,,,,,0.059542013332247734,1.101749949157238,0.7088750135153532,1.9094999879598618
106,Hongjun,unknown,unavailable_in_sd_path,5,intent_directory,/Users/zilongzeng/Research/DroneControl/user_study_v3/Hongjun/Unknown/5.wav,Hongjun/Unknown/5.wav,unknown,0.99609375,0.0,0.0,0.99609375,"[-128, -128, 127]",True,,,,,,,,,,,,,0.1634999644011259,1.289165928028524,0.6975000724196434,2.1565830102190375
107,Hongjun,unknown,unavailable_in_sd_path,6,intent_directory,/Users/zilongzeng/Research/DroneControl/user_study_v3/Hongjun/Unknown/6.wav,Hongjun/Unknown/6.wav,unknown,0.99609375,0.0,0.0,0.99609375,"[-128, -128, 127]",True,,,,,,,,,,,,,0.164708006195724,1.1539580300450325,0.6667081033810973,1.990417018532753
108,Hongjun,unknown,unavailable_in_sd_path,7,intent_directory,/Users/zilongzeng/Research/DroneControl/user_study_v3/Hongjun/Unknown/7.wav,Hongjun/Unknown/7.wav,unknown,0.99609375,0.0,0.0,0.99609375,"[-128, -128, 127]",True,,,,,,,,,,,,,0.20441599190235138,1.115625025704503,0.6687080021947622,1.9935830496251583
109,Hongjun,unknown,unavailable_in_sd_path,8,intent_directory,/Users/zilongzeng/Research/DroneControl/user_study_v3/Hongjun/Unknown/8.wav,Hongjun/Unknown/8.wav,unknown,0.99609375,0.0,0.0,0.99609375,"[-128, -128, 127]",True,,,,,,,,,,,,,0.21479208953678608,1.062750001437962,0.8028330048546195,2.118458040058613
110,Hongjun,unknown,unavailable_in_sd_path,9,intent_directory,/Users/zilongzeng/Research/DroneControl/user_study_v3/Hongjun/Unknown/9.wav,Hongjun/Unknown/9.wav,unknown,0.99609375,0.0,0.0,0.99609375,"[-128, -128, 127]",True,,,,,,,,,,,,,0.14754105359315872,1.1870840098708868,0.6772080669179559,2.0177920814603567
111,Hongjun,unknown,unavailable_in_sd_path,10,intent_directory,/Users/zilongzeng/Research/DroneControl/user_study_v3/Hongjun/Unknown/10.wav,Hongjun/Unknown/10.wav,unknown,0.99609375,0.0,0.0,0.99609375,"[-128, -128, 127]",True,,,,,,,,,,,,,0.0778749817982316,1.1147500481456518,0.6718330550938845,1.8692079465836287
112,Hongjun,unknown,unavailable_in_sd_path,11,intent_directory,/Users/zilongzeng/Research/DroneControl/user_study_v3/Hongjun/Unknown/11.wav,Hongjun/Unknown/11.wav,unknown,0.99609375,0.0,0.0,0.99609375,"[-128, -128, 127]",True,,,,,,,,,,,,,0.05974993109703064,1.2217910261824727,0.6615830352529883,1.9476659363135695
113,Hongjun,unknown,unavailable_in_sd_path,12,intent_directory,/Users/zilongzeng/Research/DroneControl/user_study_v3/Hongjun/Unknown/12.wav,Hongjun/Unknown/12.wav,unknown,0.99609375,0.0,0.0,0.99609375,"[-128, -128, 127]",True,,,,,,,,,,,,,0.05766702815890312,1.0741249425336719,0.6746670696884394,1.8109590746462345
114,Hongjun,unknown,unavailable_in_sd_path,13,intent_directory,/Users/zilongzeng/Research/DroneControl/user_study_v3/Hongjun/Unknown/13.wav,Hongjun/Unknown/13.wav,unknown,0.99609375,0.0,0.0,0.99609375,"[-128, -128, 127]",True,,,,,,,,,,,,,0.055666896514594555,1.3413750566542149,0.7029999978840351,2.105958992615342
115,Hongjun,unknown,unavailable_in_sd_path,14,intent_directory,/Users/zilongzeng/Research/DroneControl/user_study_v3/Hongjun/Unknown/14.wav,Hongjun/Unknown/14.wav,unknown,0.99609375,0.0,0.0,0.99609375,"[-128, -128, 127]",True,,,,,,,,,,,,,0.07675006054341793,1.1909580789506435,0.6707500433549285,1.9431250402703881
116,Hongjun,unknown,unavailable_in_sd_path,15,intent_directory,/Users/zilongzeng/Research/DroneControl/user_study_v3/Hongjun/Unknown/15.wav,Hongjun/Unknown/15.wav,unknown,0.99609375,0.0,0.0,0.99609375,"[-128, -128, 127]",True,,,,,,,,,,,,,0.05541706923395395,1.1626669438555837,0.6655839970335364,1.888709026388824
117,Hongjun,unknown,unavailable_in_sd_path,16,intent_directory,/Users/zilongzeng/Research/DroneControl/user_study_v3/Hongjun/Unknown/16.wav,Hongjun/Unknown/16.wav,movement,0.99609375,0.0,0.99609375,0.0,"[-128, 127, -128]",False,,,,,,,,,,,,,0.19658298697322607,1.1292080162093043,0.6668749265372753,1.9974170718342066
118,Hongjun,unknown,unavailable_in_sd_path,17,intent_directory,/Users/zilongzeng/Research/DroneControl/user_study_v3/Hongjun/Unknown/17.wav,Hongjun/Unknown/17.wav,movement,0.99609375,0.0,0.99609375,0.0,"[-128, 127, -128]",False,,,,,,,,,,,,,0.21291698794811964,1.3237500097602606,0.7078329799696803,2.2518750047311187
119,Hongjun,unknown,unavailable_in_sd_path,18,intent_directory,/Users/zilongzeng/Research/DroneControl/user_study_v3/Hongjun/Unknown/18.wav,Hongjun/Unknown/18.wav,unknown,0.99609375,0.0,0.0,0.99609375,"[-128, -128, 127]",True,,,,,,,,,,,,,0.1056670444086194,1.1806670809164643,0.6692500319331884,1.960249966941774
120,Hongjun,unknown,unavailable_in_sd_path,19,intent_directory,/Users/zilongzeng/Research/DroneControl/user_study_v3/Hongjun/Unknown/19.wav,Hongjun/Unknown/19.wav,unknown,0.99609375,0.0,0.0,0.99609375,"[-128, -128, 127]",True,,,,,,,,,,,,,0.05933293141424656,1.1443330440670252,0.6682079983875155,1.8768329173326492
121,Hongjun,unknown,unavailable_in_sd_path,20,intent_directory,/Users/zilongzeng/Research/DroneControl/user_study_v3/Hongjun/Unknown/20.wav,Hongjun/Unknown/20.wav,unknown,0.99609375,0.0,0.0,0.99609375,"[-128, -128, 127]",True,,,,,,,,,,,,,0.05833408795297146,1.2254579924046993,0.6405829917639494,1.9344580359756947
122,Hongjun,unknown,unavailable_in_sd_path,21,intent_directory,/Users/zilongzeng/Research/DroneControl/user_study_v3/Hongjun/Unknown/21.wav,Hongjun/Unknown/21.wav,unknown,0.93359375,0.0,0.06640625,0.93359375,"[-128, -111, 111]",True,,,,,,,,,,,,,0.19912503194063902,1.3286670437082648,0.7210420444607735,2.2555410396307707
123,Hongjun,unknown,unavailable_in_sd_path,22,intent_directory,/Users/zilongzeng/Research/DroneControl/user_study_v3/Hongjun/Unknown/22.wav,Hongjun/Unknown/22.wav,unknown,0.99609375,0.0,0.0,0.99609375,"[-128, -128, 127]",True,,,,,,,,,,,,,0.21074991673231125,1.2507920619100332,0.6722919642925262,2.138541080057621
124,Hongjun,unknown,unavailable_in_sd_path,23,intent_directory,/Users/zilongzeng/Research/DroneControl/user_study_v3/Hongjun/Unknown/23.wav,Hongjun/Unknown/23.wav,unknown,0.99609375,0.0,0.0,0.99609375,"[-128, -128, 127]",True,,,,,,,,,,,,,0.20112493075430393,1.163249951787293,0.6662920350208879,2.0354160806164145
125,Hongjun,unknown,unavailable_in_sd_path,24,intent_directory,/Users/zilongzeng/Research/DroneControl/user_study_v3/Hongjun/Unknown/24.wav,Hongjun/Unknown/24.wav,unknown,0.99609375,0.0,0.0,0.99609375,"[-128, -128, 127]",True,,,,,,,,,,,,,0.06329210009425879,1.2080419110134244,0.6208750419318676,1.9019589526578784
126,Hongjun,unknown,unavailable_in_sd_path,25,intent_directory,/Users/zilongzeng/Research/DroneControl/user_study_v3/Hongjun/Unknown/25.wav,Hongjun/Unknown/25.wav,unknown,0.99609375,0.0,0.0,0.99609375,"[-128, -128, 127]",True,,,,,,,,,,,,,0.1823330530896783,1.422958099283278,0.6763330893591046,2.288041985593736
127,Hongjun,unknown,unavailable_in_sd_path,26,intent_directory,/Users/zilongzeng/Research/DroneControl/user_study_v3/Hongjun/Unknown/26.wav,Hongjun/Unknown/26.wav,unknown,0.99609375,0.0,0.0,0.99609375,"[-128, -128, 127]",True,,,,,,,,,,,,,0.22499996703118086,1.203124993480742,0.667374930344522,2.1001669811084867
128,Hongjun,unknown,unavailable_in_sd_path,27,intent_directory,/Users/zilongzeng/Research/DroneControl/user_study_v3/Hongjun/Unknown/27.wav,Hongjun/Unknown/27.wav,unknown,0.99609375,0.0,0.0,0.99609375,"[-128, -128, 127]",True,,,,,,,,,,,,,0.19287504255771637,1.292875036597252,0.6210000719875097,2.1160419564694166
129,Hongjun,unknown,unavailable_in_sd_path,28,intent_directory,/Users/zilongzeng/Research/DroneControl/user_study_v3/Hongjun/Unknown/28.wav,Hongjun/Unknown/28.wav,unknown,0.99609375,0.0,0.0,0.99609375,"[-128, -128, 127]",True,,,,,,,,,,,,,0.3338339738547802,1.193000003695488,0.6765839643776417,2.209707978181541
130,Hongjun,unknown,unavailable_in_sd_path,29,intent_directory,/Users/zilongzeng/Research/DroneControl/user_study_v3/Hongjun/Unknown/29.wav,Hongjun/Unknown/29.wav,movement,0.99609375,0.0,0.99609375,0.00390625,"[-128, 127, -127]",False,,,,,,,,,,,,,0.2603749744594097,1.2339589884504676,0.7257090182974935,2.226665965281427
131,Hongjun,unknown,unavailable_in_sd_path,30,intent_directory,/Users/zilongzeng/Research/DroneControl/user_study_v3/Hongjun/Unknown/30.wav,Hongjun/Unknown/30.wav,unknown,0.93359375,0.0,0.06640625,0.93359375,"[-128, -111, 111]",True,,,,,,,,,,,,,0.07095793262124062,1.2282909592613578,0.6708749569952488,1.974749960936606
132,Hongjun,unknown,unavailable_in_sd_path,31,intent_directory,/Users/zilongzeng/Research/DroneControl/user_study_v3/Hongjun/Unknown/31.wav,Hongjun/Unknown/31.wav,unknown,0.99609375,0.0,0.0,0.99609375,"[-128, -128, 127]",True,,,,,,,,,,,,,0.19470800179988146,1.1294999858364463,0.6676249904558063,1.9963330123573542
133,Hongjun,unknown,unavailable_in_sd_path,32,intent_directory,/Users/zilongzeng/Research/DroneControl/user_study_v3/Hongjun/Unknown/32.wav,Hongjun/Unknown/32.wav,unknown,0.99609375,0.0,0.0,0.99609375,"[-128, -128, 127]",True,,,,,,,,,,,,,0.2014170167967677,1.0952090378850698,0.6714579649269581,1.9729170016944408
134,Hongjun,unknown,unavailable_in_sd_path,33,intent_directory,/Users/zilongzeng/Research/DroneControl/user_study_v3/Hongjun/Unknown/33.wav,Hongjun/Unknown/33.wav,unknown,0.99609375,0.0,0.00390625,0.99609375,"[-128, -127, 127]",True,,,,,,,,,,,,,0.054999953135848045,1.339042093604803,0.7354589179158211,2.1379590034484863
135,Hongjun,unknown,unavailable_in_sd_path,34,intent_directory,/Users/zilongzeng/Research/DroneControl/user_study_v3/Hongjun/Unknown/34.wav,Hongjun/Unknown/34.wav,unknown,0.99609375,0.0,0.0,0.99609375,"[-128, -128, 127]",True,,,,,,,,,,,,,0.1207499299198389,1.2977500446140766,0.6695829797536135,2.0929169841110706
136,Hongjun,unknown,unavailable_in_sd_path,35,intent_directory,/Users/zilongzeng/Research/DroneControl/user_study_v3/Hongjun/Unknown/35.wav,Hongjun/Unknown/35.wav,unknown,0.99609375,0.0,0.0,0.99609375,"[-128, -128, 127]",True,,,,,,,,,,,,,0.06837502587586641,1.1638749856501818,0.6654579192399979,1.9027499947696924
137,Hongjun,unknown,unavailable_in_sd_path,36,intent_directory,/Users/zilongzeng/Research/DroneControl/user_study_v3/Hongjun/Unknown/36.wav,Hongjun/Unknown/36.wav,movement,0.99609375,0.0,0.99609375,0.0,"[-128, 127, -128]",False,,,,,,,,,,,,,0.06420793943107128,1.1384589597582817,0.6650419672951102,1.8722499953582883
138,Hongjun,unknown,unavailable_in_sd_path,37,intent_directory,/Users/zilongzeng/Research/DroneControl/user_study_v3/Hongjun/Unknown/37.wav,Hongjun/Unknown/37.wav,movement,0.984375,0.0,0.984375,0.015625,"[-128, 124, -124]",False,,,,,,,,,,,,,0.05841604433953762,1.3721249997615814,0.661916914395988,2.099041943438351
139,Hongjun,unknown,unavailable_in_sd_path,38,intent_directory,/Users/zilongzeng/Research/DroneControl/user_study_v3/Hongjun/Unknown/38.wav,Hongjun/Unknown/38.wav,unknown,0.99609375,0.0,0.0,0.99609375,"[-128, -128, 127]",True,,,,,,,,,,,,,0.09029102511703968,1.2612920254468918,0.6645839894190431,2.0210830261930823
140,Hongjun,unknown,unavailable_in_sd_path,39,intent_directory,/Users/zilongzeng/Research/DroneControl/user_study_v3/Hongjun/Unknown/39.wav,Hongjun/Unknown/39.wav,unknown,0.99609375,0.0,0.0,0.99609375,"[-128, -128, 127]",True,,,,,,,,,,,,,0.06429094355553389,1.2824999867007136,0.6278749788179994,1.9840829772874713
141,Hongjun,unknown,unavailable_in_sd_path,40,intent_directory,/Users/zilongzeng/Research/DroneControl/user_study_v3/Hongjun/Unknown/40.wav,Hongjun/Unknown/40.wav,unknown,0.99609375,0.0,0.0,0.99609375,"[-128, -128, 127]",True,,,,,,,,,,,,,0.1508750719949603,1.1659159790724516,0.6769999163225293,2.000250038690865
142,Hongjun,unknown,unavailable_in_sd_path,41,intent_directory,/Users/zilongzeng/Research/DroneControl/user_study_v3/Hongjun/Unknown/41.wav,Hongjun/Unknown/41.wav,unknown,0.99609375,0.0,0.0,0.99609375,"[-128, -128, 127]",True,,,,,,,,,,,,,0.0729589955881238,1.3511250726878643,0.7190830074250698,2.1507920464500785
143,Hongjun,unknown,unavailable_in_sd_path,42,intent_directory,/Users/zilongzeng/Research/DroneControl/user_study_v3/Hongjun/Unknown/42.wav,Hongjun/Unknown/42.wav,unknown,0.99609375,0.0,0.0,0.99609375,"[-128, -128, 127]",True,,,,,,,,,,,,,0.08845794945955276,1.171707990579307,0.6646669935435057,1.9299580017104745
144,Hongjun,unknown,unavailable_in_sd_path,43,intent_directory,/Users/zilongzeng/Research/DroneControl/user_study_v3/Hongjun/Unknown/43.wav,Hongjun/Unknown/43.wav,unknown,0.99609375,0.0,0.0,0.99609375,"[-128, -128, 127]",True,,,,,,,,,,,,,0.06616697646677494,1.243332982994616,0.6668330170214176,1.9812500104308128
145,Hongjun,unknown,unavailable_in_sd_path,44,intent_directory,/Users/zilongzeng/Research/DroneControl/user_study_v3/Hongjun/Unknown/44.wav,Hongjun/Unknown/44.wav,unknown,0.99609375,0.0,0.0,0.99609375,"[-128, -128, 127]",True,,,,,,,,,,,,,0.05604198668152094,1.3082500081509352,0.6344160065054893,2.008541952818632
146,Hongjun,unknown,unavailable_in_sd_path,45,intent_directory,/Users/zilongzeng/Research/DroneControl/user_study_v3/Hongjun/Unknown/45.wav,Hongjun/Unknown/45.wav,unknown,0.99609375,0.0,0.0,0.99609375,"[-128, -128, 127]",True,,,,,,,,,,,,,0.1419170293956995,1.3241670094430447,0.6942920153960586,2.167208003811538
147,Hongjun,unknown,unavailable_in_sd_path,46,intent_directory,/Users/zilongzeng/Research/DroneControl/user_study_v3/Hongjun/Unknown/46.wav,Hongjun/Unknown/46.wav,movement,0.99609375,0.0,0.99609375,0.0,"[-128, 127, -128]",False,,,,,,,,,,,,,0.07583294063806534,1.2077080318704247,0.6721670506522059,1.9604170229285955
148,Hongjun,unknown,unavailable_in_sd_path,47,intent_directory,/Users/zilongzeng/Research/DroneControl/user_study_v3/Hongjun/Unknown/47.wav,Hongjun/Unknown/47.wav,unknown,0.99609375,0.0,0.0,0.99609375,"[-128, -128, 127]",True,,,,,,,,,,,,,0.2037080703303218,1.2883339077234268,0.6392080103978515,2.1412090864032507
149,Hongjun,unknown,unavailable_in_sd_path,48,intent_directory,/Users/zilongzeng/Research/DroneControl/user_study_v3/Hongjun/Unknown/48.wav,Hongjun/Unknown/48.wav,unknown,0.99609375,0.0,0.0,0.99609375,"[-128, -128, 127]",True,,,,,,,,,,,,,0.3722079563885927,1.19329197332263,0.6724579725414515,2.243415918201208
150,Hongjun,unknown,unavailable_in_sd_path,49,intent_directory,/Users/zilongzeng/Research/DroneControl/user_study_v3/Hongjun/Unknown/49.wav,Hongjun/Unknown/49.wav,movement,0.99609375,0.0,0.99609375,0.0,"[-128, 127, -128]",False,,,,,,,,,,,,,0.0624579843133688,1.3300830032676458,0.6831670179963112,2.0820830250158906
151,Junxi,emergency,unavailable_in_sd_path,0,intent_directory,/Users/zilongzeng/Research/DroneControl/user_study_v3/Junxi/Emergency/0.wav,Junxi/Emergency/0.wav,emergency,0.9921875,0.9921875,0.0078125,0.0,"[126, -126, -128]",True,,,,,,,,,,,,,0.09749992750585079,1.178208040073514,0.6660840008407831,1.9465419463813305
152,Junxi,emergency,unavailable_in_sd_path,1,intent_directory,/Users/zilongzeng/Research/DroneControl/user_study_v3/Junxi/Emergency/1.wav,Junxi/Emergency/1.wav,movement,0.99609375,0.0,0.99609375,0.0,"[-128, 127, -128]",False,,,,,,,,,,,,,0.0678329961374402,1.130125019699335,0.6676670163869858,1.8703340319916606
153,Junxi,emergency,unavailable_in_sd_path,2,intent_directory,/Users/zilongzeng/Research/DroneControl/user_study_v3/Junxi/Emergency/2.wav,Junxi/Emergency/2.wav,movement,0.99609375,0.0,0.99609375,0.0,"[-128, 127, -128]",False,,,,,,,,,,,,,0.06329198367893696,1.0977500351145864,0.6776669761165977,1.8434170633554459
154,Junxi,emergency,unavailable_in_sd_path,3,intent_directory,/Users/zilongzeng/Research/DroneControl/user_study_v3/Junxi/Emergency/3.wav,Junxi/Emergency/3.wav,emergency,0.99609375,0.99609375,0.0,0.0,"[127, -128, -128]",True,,,,,,,,,,,,,0.1994590274989605,1.3036669697612524,0.7109580328688025,2.2195830242708325
155,Junxi,emergency,unavailable_in_sd_path,4,intent_directory,/Users/zilongzeng/Research/DroneControl/user_study_v3/Junxi/Emergency/4.wav,Junxi/Emergency/4.wav,movement,0.99609375,0.0,0.99609375,0.0,"[-128, 127, -128]",False,,,,,,,,,,,,,0.2639580052345991,1.133000012487173,0.6695829797536135,2.0713750272989273
156,Junxi,emergency,unavailable_in_sd_path,5,intent_directory,/Users/zilongzeng/Research/DroneControl/user_study_v3/Junxi/Emergency/5.wav,Junxi/Emergency/5.wav,movement,0.99609375,0.0,0.99609375,0.0,"[-128, 127, -128]",False,,,,,,,,,,,,,0.06450002547353506,1.2152079725638032,0.668165972456336,1.9525840179994702
157,Junxi,emergency,unavailable_in_sd_path,6,intent_directory,/Users/zilongzeng/Research/DroneControl/user_study_v3/Junxi/Emergency/6.wav,Junxi/Emergency/6.wav,movement,0.98046875,0.01953125,0.98046875,0.0,"[-123, 123, -128]",False,,,,,,,,,,,,,0.06166601087898016,1.1437080102041364,0.6695830961689353,1.8797499360516667
158,Junxi,emergency,unavailable_in_sd_path,7,intent_directory,/Users/zilongzeng/Research/DroneControl/user_study_v3/Junxi/Emergency/7.wav,Junxi/Emergency/7.wav,movement,0.99609375,0.0,0.99609375,0.0,"[-128, 127, -128]",False,,,,,,,,,,,,,0.0576250022277236,1.180332968942821,0.6643329979851842,1.9409169908612967
159,Junxi,emergency,unavailable_in_sd_path,8,intent_directory,/Users/zilongzeng/Research/DroneControl/user_study_v3/Junxi/Emergency/8.wav,Junxi/Emergency/8.wav,movement,0.99609375,0.0,0.99609375,0.0,"[-128, 127, -128]",False,,,,,,,,,,,,,0.15479198191314936,1.1433330364525318,0.7269579218700528,2.0314580760896206
160,Junxi,emergency,unavailable_in_sd_path,9,intent_directory,/Users/zilongzeng/Research/DroneControl/user_study_v3/Junxi/Emergency/9.wav,Junxi/Emergency/9.wav,movement,0.9453125,0.0546875,0.9453125,0.0,"[-114, 114, -128]",False,,,,,,,,,,,,,0.07612502668052912,1.1682920157909393,0.6790829356759787,1.930291997268796
161,Junxi,emergency,unavailable_in_sd_path,10,intent_directory,/Users/zilongzeng/Research/DroneControl/user_study_v3/Junxi/Emergency/10.wav,Junxi/Emergency/10.wav,movement,0.9453125,0.03125,0.9453125,0.0234375,"[-120, 114, -122]",False,,,,,,,,,,,,,0.16954191960394382,1.1708750389516354,0.6655000615864992,2.010666998103261
162,Junxi,emergency,unavailable_in_sd_path,11,intent_directory,/Users/zilongzeng/Research/DroneControl/user_study_v3/Junxi/Emergency/11.wav,Junxi/Emergency/11.wav,movement,0.57421875,0.3125,0.57421875,0.11328125,"[-48, 19, -99]",False,,,,,,,,,,,,,0.18266600091010332,1.173499971628189,0.7070419378578663,2.103875041939318
163,Junxi,emergency,unavailable_in_sd_path,12,intent_directory,/Users/zilongzeng/Research/DroneControl/user_study_v3/Junxi/Emergency/12.wav,Junxi/Emergency/12.wav,movement,0.54296875,0.4453125,0.54296875,0.01171875,"[-14, 11, -125]",False,,,,,,,,,,,,,0.27529196813702583,1.2309999438002706,0.6833330262452364,2.1958339493721724
164,Junxi,emergency,unavailable_in_sd_path,13,intent_directory,/Users/zilongzeng/Research/DroneControl/user_study_v3/Junxi/Emergency/13.wav,Junxi/Emergency/13.wav,movement,0.91796875,0.08203125,0.91796875,0.0,"[-107, 107, -128]",False,,,,,,,,,,,,,0.20708295051008463,1.197415986098349,0.610999995842576,2.023792010731995
165,Junxi,emergency,unavailable_in_sd_path,14,intent_directory,/Users/zilongzeng/Research/DroneControl/user_study_v3/Junxi/Emergency/14.wav,Junxi/Emergency/14.wav,emergency,0.99609375,0.99609375,0.0,0.0,"[127, -128, -128]",True,,,,,,,,,,,,,0.20537502132356167,1.223042025230825,0.664166989736259,2.0981249399483204
166,Junxi,emergency,unavailable_in_sd_path,15,intent_directory,/Users/zilongzeng/Research/DroneControl/user_study_v3/Junxi/Emergency/15.wav,Junxi/Emergency/15.wav,movement,0.99609375,0.0,0.99609375,0.0,"[-128, 127, -128]",False,,,,,,,,,,,,,0.059959013015031815,1.0970000876113772,0.7120419759303331,1.9083330407738686
167,Junxi,emergency,unavailable_in_sd_path,16,intent_directory,/Users/zilongzeng/Research/DroneControl/user_study_v3/Junxi/Emergency/16.wav,Junxi/Emergency/16.wav,emergency,0.99609375,0.99609375,0.0,0.0,"[127, -128, -128]",True,,,,,,,,,,,,,0.14745898079127073,1.2069999938830733,0.6845419993624091,2.0452910102903843
168,Junxi,emergency,unavailable_in_sd_path,17,intent_directory,/Users/zilongzeng/Research/DroneControl/user_study_v3/Junxi/Emergency/17.wav,Junxi/Emergency/17.wav,emergency,0.99609375,0.99609375,0.0,0.0,"[127, -128, -128]",True,,,,,,,,,,,,,0.07929105777293444,1.0801670141518116,0.6820840062573552,1.8463749438524246
169,Junxi,emergency,unavailable_in_sd_path,18,intent_directory,/Users/zilongzeng/Research/DroneControl/user_study_v3/Junxi/Emergency/18.wav,Junxi/Emergency/18.wav,emergency,0.99609375,0.99609375,0.0,0.0,"[127, -128, -128]",True,,,,,,,,,,,,,0.06758305244147778,1.2199170887470245,0.6609580013900995,1.953209051862359
170,Junxi,emergency,unavailable_in_sd_path,19,intent_directory,/Users/zilongzeng/Research/DroneControl/user_study_v3/Junxi/Emergency/19.wav,Junxi/Emergency/19.wav,emergency,0.99609375,0.99609375,0.0,0.0,"[127, -128, -128]",True,,,,,,,,,,,,,0.05725002847611904,1.0947920382022858,0.6654999451711774,1.8231250578537583
171,Junxi,emergency,unavailable_in_sd_path,20,intent_directory,/Users/zilongzeng/Research/DroneControl/user_study_v3/Junxi/Emergency/20.wav,Junxi/Emergency/20.wav,movement,0.99609375,0.0,0.99609375,0.0,"[-128, 127, -128]",False,,,,,,,,,,,,,0.06454100366681814,1.39683298766613,0.6947920192033052,2.16270808596164
172,Junxi,emergency,unavailable_in_sd_path,21,intent_directory,/Users/zilongzeng/Research/DroneControl/user_study_v3/Junxi/Emergency/21.wav,Junxi/Emergency/21.wav,emergency,0.93359375,0.93359375,0.06640625,0.0,"[111, -111, -128]",True,,,,,,,,,,,,,0.0850410433486104,1.2064579641446471,0.6679579382762313,1.964292023330927
173,Junxi,emergency,unavailable_in_sd_path,22,intent_directory,/Users/zilongzeng/Research/DroneControl/user_study_v3/Junxi/Emergency/22.wav,Junxi/Emergency/22.wav,emergency,0.9921875,0.9921875,0.0,0.0078125,"[126, -128, -126]",True,,,,,,,,,,,,,0.06704207044094801,1.1129580670967698,0.6772499764338136,1.861958997324109
174,Junxi,emergency,unavailable_in_sd_path,23,intent_directory,/Users/zilongzeng/Research/DroneControl/user_study_v3/Junxi/Emergency/23.wav,Junxi/Emergency/23.wav,unknown,0.99609375,0.0,0.0,0.99609375,"[-128, -128, 127]",False,,,,,,,,,,,,,0.1880840864032507,1.182416919618845,0.6682079983875155,2.043499960564077
175,Junxi,emergency,unavailable_in_sd_path,24,intent_directory,/Users/zilongzeng/Research/DroneControl/user_study_v3/Junxi/Emergency/24.wav,Junxi/Emergency/24.wav,movement,0.59765625,0.0,0.59765625,0.40234375,"[-128, 25, -25]",False,,,,,,,,,,,,,0.22966600954532623,1.4045420102775097,0.6323750130832195,2.2754169767722487
176,Junxi,emergency,unavailable_in_sd_path,25,intent_directory,/Users/zilongzeng/Research/DroneControl/user_study_v3/Junxi/Emergency/25.wav,Junxi/Emergency/25.wav,unknown,0.5546875,0.07421875,0.37109375,0.5546875,"[-109, -33, 14]",False,,,,,,,,,,,,,0.16241602133959532,1.2081250315532088,0.6816249806433916,2.057999954558909
177,Junxi,emergency,unavailable_in_sd_path,26,intent_directory,/Users/zilongzeng/Research/DroneControl/user_study_v3/Junxi/Emergency/26.wav,Junxi/Emergency/26.wav,emergency,0.99609375,0.99609375,0.0,0.0,"[127, -128, -128]",True,,,,,,,,,,,,,0.23208302445709705,1.1985419550910592,0.6686670240014791,2.104208106175065
178,Junxi,emergency,unavailable_in_sd_path,27,intent_directory,/Users/zilongzeng/Research/DroneControl/user_study_v3/Junxi/Emergency/27.wav,Junxi/Emergency/27.wav,movement,0.99609375,0.0,0.99609375,0.0,"[-128, 127, -128]",False,,,,,,,,,,,,,0.05449994932860136,1.1660000309348106,0.6624169182032347,1.8877090187743306
179,Junxi,emergency,unavailable_in_sd_path,28,intent_directory,/Users/zilongzeng/Research/DroneControl/user_study_v3/Junxi/Emergency/28.wav,Junxi/Emergency/28.wav,movement,0.99609375,0.0,0.99609375,0.0,"[-128, 127, -128]",False,,,,,,,,,,,,,0.06674998439848423,1.3268340844660997,0.6822090363129973,2.081042039208114
180,Junxi,emergency,unavailable_in_sd_path,29,intent_directory,/Users/zilongzeng/Research/DroneControl/user_study_v3/Junxi/Emergency/29.wav,Junxi/Emergency/29.wav,unknown,0.99609375,0.0,0.0,0.99609375,"[-128, -128, 127]",False,,,,,,,,,,,,,0.07812504190951586,1.2432499788701534,0.675374991260469,2.001333050429821
181,Junxi,emergency,unavailable_in_sd_path,30,intent_directory,/Users/zilongzeng/Research/DroneControl/user_study_v3/Junxi/Emergency/30.wav,Junxi/Emergency/30.wav,movement,0.8828125,0.1171875,0.8828125,0.0,"[-98, 98, -128]",False,,,,,,,,,,,,,0.05829101428389549,1.0864579817280173,0.6587919779121876,1.808708067983389
182,Junxi,emergency,unavailable_in_sd_path,31,intent_directory,/Users/zilongzeng/Research/DroneControl/user_study_v3/Junxi/Emergency/31.wav,Junxi/Emergency/31.wav,movement,0.99609375,0.0,0.99609375,0.0,"[-128, 127, -128]",False,,,,,,,,,,,,,0.05904200952500105,1.1675410205498338,0.6694579496979713,1.900667091831565
183,Junxi,emergency,unavailable_in_sd_path,32,intent_directory,/Users/zilongzeng/Research/DroneControl/user_study_v3/Junxi/Emergency/32.wav,Junxi/Emergency/32.wav,emergency,0.99609375,0.99609375,0.0,0.0,"[127, -128, -128]",True,,,,,,,,,,,,,0.060416990891098976,1.3510839780792594,0.6861250149086118,2.1032500080764294
184,Junxi,emergency,unavailable_in_sd_path,33,intent_directory,/Users/zilongzeng/Research/DroneControl/user_study_v3/Junxi/Emergency/33.wav,Junxi/Emergency/33.wav,emergency,0.99609375,0.99609375,0.0,0.0,"[127, -128, -128]",True,,,,,,,,,,,,,0.07383408956229687,1.1247079819440842,0.6747919833287597,1.8781250109896064
185,Junxi,emergency,unavailable_in_sd_path,34,intent_directory,/Users/zilongzeng/Research/DroneControl/user_study_v3/Junxi/Emergency/34.wav,Junxi/Emergency/34.wav,emergency,0.99609375,0.99609375,0.0,0.0,"[127, -128, -128]",True,,,,,,,,,,,,,0.05337502807378769,1.0904999217018485,0.6860420107841492,1.8355409847572446
186,Junxi,emergency,unavailable_in_sd_path,35,intent_directory,/Users/zilongzeng/Research/DroneControl/user_study_v3/Junxi/Emergency/35.wav,Junxi/Emergency/35.wav,emergency,0.99609375,0.99609375,0.0,0.0,"[127, -128, -128]",True,,,,,,,,,,,,,0.20224996842443943,1.2013339437544346,0.6762910634279251,2.0847920095548034
187,Junxi,emergency,unavailable_in_sd_path,36,intent_directory,/Users/zilongzeng/Research/DroneControl/user_study_v3/Junxi/Emergency/36.wav,Junxi/Emergency/36.wav,movement,0.99609375,0.0,0.99609375,0.0,"[-128, 127, -128]",False,,,,,,,,,,,,,0.2115420065820217,1.2660420034080744,0.7179169915616512,2.201666939072311
188,Junxi,emergency,unavailable_in_sd_path,37,intent_directory,/Users/zilongzeng/Research/DroneControl/user_study_v3/Junxi/Emergency/37.wav,Junxi/Emergency/37.wav,movement,0.99609375,0.0,0.99609375,0.0,"[-128, 127, -128]",False,,,,,,,,,,,,,0.2505839802324772,1.1245839996263385,0.6747080478817225,2.0546659361571074
189,Junxi,emergency,unavailable_in_sd_path,38,intent_directory,/Users/zilongzeng/Research/DroneControl/user_study_v3/Junxi/Emergency/38.wav,Junxi/Emergency/38.wav,movement,0.55078125,0.44921875,0.55078125,0.0,"[-13, 13, -128]",False,,,,,,,,,,,,,0.19287504255771637,1.0455830488353968,0.6678749341517687,1.9109159475192428
190,Junxi,emergency,unavailable_in_sd_path,39,intent_directory,/Users/zilongzeng/Research/DroneControl/user_study_v3/Junxi/Emergency/39.wav,Junxi/Emergency/39.wav,movement,0.8828125,0.1171875,0.8828125,0.0,"[-98, 98, -128]",False,,,,,,,,,,,,,0.19249995239078999,1.0551250306889415,0.6703329272568226,1.9224999705329537
191,Junxi,emergency,unavailable_in_sd_path,40,intent_directory,/Users/zilongzeng/Research/DroneControl/user_study_v3/Junxi/Emergency/40.wav,Junxi/Emergency/40.wav,movement,0.99609375,0.0,0.99609375,0.0,"[-128, 127, -128]",False,,,,,,,,,,,,,0.1954999752342701,1.1144159361720085,0.6663330132141709,2.0147499162703753
192,Junxi,emergency,unavailable_in_sd_path,41,intent_directory,/Users/zilongzeng/Research/DroneControl/user_study_v3/Junxi/Emergency/41.wav,Junxi/Emergency/41.wav,emergency,0.99609375,0.99609375,0.0,0.0,"[127, -128, -128]",True,,,,,,,,,,,,,0.305499997921288,1.2967500369995832,0.6674580508843064,2.275125007145107
193,Junxi,emergency,unavailable_in_sd_path,42,intent_directory,/Users/zilongzeng/Research/DroneControl/user_study_v3/Junxi/Emergency/42.wav,Junxi/Emergency/42.wav,emergency,0.99609375,0.99609375,0.0,0.0,"[127, -128, -128]",True,,,,,,,,,,,,,0.21066702902317047,1.215792028233409,0.6235420005396008,2.059166901744902
194,Junxi,emergency,unavailable_in_sd_path,43,intent_directory,/Users/zilongzeng/Research/DroneControl/user_study_v3/Junxi/Emergency/43.wav,Junxi/Emergency/43.wav,emergency,0.99609375,0.99609375,0.0,0.0,"[127, -128, -128]",True,,,,,,,,,,,,,0.3440419677644968,1.218041987158358,0.6043330067768693,2.174665918573737
195,Junxi,emergency,unavailable_in_sd_path,44,intent_directory,/Users/zilongzeng/Research/DroneControl/user_study_v3/Junxi/Emergency/44.wav,Junxi/Emergency/44.wav,emergency,0.91796875,0.91796875,0.08203125,0.0,"[107, -107, -128]",True,,,,,,,,,,,,,0.25616702623665333,1.3297079131007195,0.7246669847518206,2.318000071682036
196,Junxi,emergency,unavailable_in_sd_path,45,intent_directory,/Users/zilongzeng/Research/DroneControl/user_study_v3/Junxi/Emergency/45.wav,Junxi/Emergency/45.wav,movement,0.99609375,0.0,0.99609375,0.0,"[-128, 127, -128]",False,,,,,,,,,,,,,0.2122910227626562,1.2409999035298824,0.6683340761810541,2.1267919801175594
197,Junxi,emergency,unavailable_in_sd_path,46,intent_directory,/Users/zilongzeng/Research/DroneControl/user_study_v3/Junxi/Emergency/46.wav,Junxi/Emergency/46.wav,emergency,0.99609375,0.99609375,0.0,0.0,"[127, -128, -128]",True,,,,,,,,,,,,,0.21012499928474426,1.1760001070797443,0.6717920769006014,2.0627499325200915
198,Junxi,emergency,unavailable_in_sd_path,47,intent_directory,/Users/zilongzeng/Research/DroneControl/user_study_v3/Junxi/Emergency/47.wav,Junxi/Emergency/47.wav,emergency,0.99609375,0.99609375,0.00390625,0.0,"[127, -127, -128]",True,,,,,,,,,,,,,0.2328749978914857,1.160791958682239,0.6645000539720058,2.0650000078603625
199,Junxi,emergency,unavailable_in_sd_path,48,intent_directory,/Users/zilongzeng/Research/DroneControl/user_study_v3/Junxi/Emergency/48.wav,Junxi/Emergency/48.wav,emergency,0.99609375,0.99609375,0.0,0.0,"[127, -128, -128]",True,,,,,,,,,,,,,0.2143339952453971,1.2988329399377108,0.6888749776408076,2.207999932579696
200,Junxi,emergency,unavailable_in_sd_path,49,intent_directory,/Users/zilongzeng/Research/DroneControl/user_study_v3/Junxi/Emergency/49.wav,Junxi/Emergency/49.wav,emergency,0.99609375,0.99609375,0.0,0.0,"[127, -128, -128]",True,,,,,,,,,,,,,0.24991703685373068,1.383374910801649,0.6925410125404596,2.331417053937912
201,Junxi,movement,unavailable_in_sd_path,0,intent_directory,/Users/zilongzeng/Research/DroneControl/user_study_v3/Junxi/Movement/0.wav,Junxi/Movement/0.wav,movement,0.99609375,0.0,0.99609375,0.0,"[-128, 127, -128]",True,,,,,,,,,,,,,0.19966589752584696,1.138458028435707,0.6668749265372753,2.0095419604331255
202,Junxi,movement,unavailable_in_sd_path,1,intent_directory,/Users/zilongzeng/Research/DroneControl/user_study_v3/Junxi/Movement/1.wav,Junxi/Movement/1.wav,movement,0.99609375,0.0,0.99609375,0.0,"[-128, 127, -128]",True,,,,,,,,,,,,,0.22533303126692772,1.0890420526266098,0.6636249599978328,1.9826249917969108
203,Junxi,movement,unavailable_in_sd_path,2,intent_directory,/Users/zilongzeng/Research/DroneControl/user_study_v3/Junxi/Movement/2.wav,Junxi/Movement/2.wav,movement,0.99609375,0.0,0.99609375,0.0,"[-128, 127, -128]",True,,,,,,,,,,,,,0.19225000869482756,1.3147920835763216,0.688791973516345,2.203750074841082
204,Junxi,movement,unavailable_in_sd_path,3,intent_directory,/Users/zilongzeng/Research/DroneControl/user_study_v3/Junxi/Movement/3.wav,Junxi/Movement/3.wav,movement,0.99609375,0.0,0.99609375,0.0,"[-128, 127, -128]",True,,,,,,,,,,,,,0.23854104802012444,1.2405419256538153,0.6707090651616454,2.154999994672835
205,Junxi,movement,unavailable_in_sd_path,4,intent_directory,/Users/zilongzeng/Research/DroneControl/user_study_v3/Junxi/Movement/4.wav,Junxi/Movement/4.wav,movement,0.99609375,0.0,0.99609375,0.0,"[-128, 127, -128]",True,,,,,,,,,,,,,0.20537490490823984,1.1614169925451279,0.6658339407294989,2.037458005361259
206,Junxi,movement,unavailable_in_sd_path,5,intent_directory,/Users/zilongzeng/Research/DroneControl/user_study_v3/Junxi/Movement/5.wav,Junxi/Movement/5.wav,movement,0.99609375,0.0,0.99609375,0.0,"[-128, 127, -128]",True,,,,,,,,,,,,,0.23337500169873238,1.1490000179037452,0.6745000137016177,2.0617919508367777
207,Junxi,movement,unavailable_in_sd_path,6,intent_directory,/Users/zilongzeng/Research/DroneControl/user_study_v3/Junxi/Movement/6.wav,Junxi/Movement/6.wav,movement,0.55078125,0.44921875,0.55078125,0.0,"[-13, 13, -128]",True,,,,,,,,,,,,,0.23029197473078966,1.4732079580426216,0.6864999886602163,2.3964999709278345
208,Junxi,movement,unavailable_in_sd_path,7,intent_directory,/Users/zilongzeng/Research/DroneControl/user_study_v3/Junxi/Movement/7.wav,Junxi/Movement/7.wav,movement,0.99609375,0.0,0.99609375,0.0,"[-128, 127, -128]",True,,,,,,,,,,,,,0.23679097648710012,1.271250075660646,0.625707907602191,2.143791993148625
209,Junxi,movement,unavailable_in_sd_path,8,intent_directory,/Users/zilongzeng/Research/DroneControl/user_study_v3/Junxi/Movement/8.wav,Junxi/Movement/8.wav,movement,0.99609375,0.0,0.99609375,0.0,"[-128, 127, -128]",True,,,,,,,,,,,,,0.33491698559373617,1.2155829463154078,0.6769580068066716,2.2342499578371644
210,Junxi,movement,unavailable_in_sd_path,9,intent_directory,/Users/zilongzeng/Research/DroneControl/user_study_v3/Junxi/Movement/9.wav,Junxi/Movement/9.wav,movement,0.99609375,0.0,0.99609375,0.0,"[-128, 127, -128]",True,,,,,,,,,,,,,0.23491692263633013,1.1495419312268496,0.7901659701019526,2.185832941904664
211,Junxi,movement,unavailable_in_sd_path,10,intent_directory,/Users/zilongzeng/Research/DroneControl/user_study_v3/Junxi/Movement/10.wav,Junxi/Movement/10.wav,movement,0.99609375,0.0,0.99609375,0.0,"[-128, 127, -128]",True,,,,,,,,,,,,,0.22041704505681992,1.290749991312623,0.6785830482840538,2.1951660746708512
212,Junxi,movement,unavailable_in_sd_path,11,intent_directory,/Users/zilongzeng/Research/DroneControl/user_study_v3/Junxi/Movement/11.wav,Junxi/Movement/11.wav,movement,0.99609375,0.0,0.99609375,0.0,"[-128, 127, -128]",True,,,,,,,,,,,,,0.22325001191347837,1.1289170943200588,0.669000088237226,2.025792025960982
213,Junxi,movement,unavailable_in_sd_path,12,intent_directory,/Users/zilongzeng/Research/DroneControl/user_study_v3/Junxi/Movement/12.wav,Junxi/Movement/12.wav,movement,0.99609375,0.0,0.99609375,0.0,"[-128, 127, -128]",True,,,,,,,,,,,,,0.19520905334502459,1.3110419968143106,0.6378749385476112,2.154541085474193
214,Junxi,movement,unavailable_in_sd_path,13,intent_directory,/Users/zilongzeng/Research/DroneControl/user_study_v3/Junxi/Movement/13.wav,Junxi/Movement/13.wav,movement,0.99609375,0.0,0.99609375,0.0,"[-128, 127, -128]",True,,,,,,,,,,,,,0.34383393358439207,1.1217909632250667,0.7952500600367785,2.2728750482201576
215,Junxi,movement,unavailable_in_sd_path,14,intent_directory,/Users/zilongzeng/Research/DroneControl/user_study_v3/Junxi/Movement/14.wav,Junxi/Movement/14.wav,movement,0.99609375,0.0,0.99609375,0.0,"[-128, 127, -128]",True,,,,,,,,,,,,,0.08816691115498543,1.244500046595931,0.6737499497830868,2.0110419718548656
216,Junxi,movement,unavailable_in_sd_path,15,intent_directory,/Users/zilongzeng/Research/DroneControl/user_study_v3/Junxi/Movement/15.wav,Junxi/Movement/15.wav,movement,0.99609375,0.0,0.99609375,0.0,"[-128, 127, -128]",True,,,,,,,,,,,,,0.06045796908438206,1.155290985479951,0.6597909377887845,1.8813750939443707
217,Junxi,movement,unavailable_in_sd_path,16,intent_directory,/Users/zilongzeng/Research/DroneControl/user_study_v3/Junxi/Movement/16.wav,Junxi/Movement/16.wav,movement,0.99609375,0.0,0.99609375,0.0,"[-128, 127, -128]",True,,,,,,,,,,,,,0.20366604439914227,1.0947079863399267,0.6689999718219042,1.972625032067299
218,Junxi,movement,unavailable_in_sd_path,17,intent_directory,/Users/zilongzeng/Research/DroneControl/user_study_v3/Junxi/Movement/17.wav,Junxi/Movement/17.wav,movement,0.99609375,0.0,0.99609375,0.0,"[-128, 127, -128]",True,,,,,,,,,,,,,0.21141592878848314,1.0893750004470348,0.7919999770820141,2.1056249970570207
219,Junxi,movement,unavailable_in_sd_path,18,intent_directory,/Users/zilongzeng/Research/DroneControl/user_study_v3/Junxi/Movement/18.wav,Junxi/Movement/18.wav,unknown,0.984375,0.0,0.015625,0.984375,"[-128, -124, 124]",False,,,,,,,,,,,,,0.225916039198637,1.2727499706670642,0.6793750217184424,2.1831250051036477
220,Junxi,movement,unavailable_in_sd_path,19,intent_directory,/Users/zilongzeng/Research/DroneControl/user_study_v3/Junxi/Movement/19.wav,Junxi/Movement/19.wav,movement,0.99609375,0.0,0.99609375,0.0,"[-128, 127, -128]",True,,,,,,,,,,,,,0.25224999990314245,1.193749951198697,0.6635000463575125,2.1147080697119236
221,Junxi,movement,unavailable_in_sd_path,20,intent_directory,/Users/zilongzeng/Research/DroneControl/user_study_v3/Junxi/Movement/20.wav,Junxi/Movement/20.wav,movement,0.99609375,0.0,0.99609375,0.0,"[-128, 127, -128]",True,,,,,,,,,,,,,0.2043750137090683,1.1645000195130706,0.6713330512866378,2.045333036221564
222,Junxi,movement,unavailable_in_sd_path,21,intent_directory,/Users/zilongzeng/Research/DroneControl/user_study_v3/Junxi/Movement/21.wav,Junxi/Movement/21.wav,movement,0.9921875,0.0,0.9921875,0.0078125,"[-128, 126, -126]",True,,,,,,,,,,,,,0.19749999046325684,1.2069999938830733,0.771000050008297,2.1895000245422125
223,Junxi,movement,unavailable_in_sd_path,22,intent_directory,/Users/zilongzeng/Research/DroneControl/user_study_v3/Junxi/Movement/22.wav,Junxi/Movement/22.wav,movement,0.99609375,0.0,0.99609375,0.0,"[-128, 127, -128]",True,,,,,,,,,,,,,0.24795799981802702,1.2909170472994447,0.6690830923616886,2.21295899245888
224,Junxi,movement,unavailable_in_sd_path,23,intent_directory,/Users/zilongzeng/Research/DroneControl/user_study_v3/Junxi/Movement/23.wav,Junxi/Movement/23.wav,emergency,0.859375,0.859375,0.140625,0.0,"[92, -92, -128]",False,,,,,,,,,,,,,0.22016698494553566,1.124582951888442,0.6769580068066716,2.0281659672036767
225,Junxi,movement,unavailable_in_sd_path,24,intent_directory,/Users/zilongzeng/Research/DroneControl/user_study_v3/Junxi/Movement/24.wav,Junxi/Movement/24.wav,movement,0.99609375,0.0,0.99609375,0.0,"[-128, 127, -128]",True,,,,,,,,,,,,,0.22666691802442074,1.2097080470994115,0.6714580813422799,2.1125839557498693
226,Junxi,movement,unavailable_in_sd_path,25,intent_directory,/Users/zilongzeng/Research/DroneControl/user_study_v3/Junxi/Movement/25.wav,Junxi/Movement/25.wav,movement,0.99609375,0.0,0.99609375,0.0,"[-128, 127, -128]",True,,,,,,,,,,,,,0.23395800963044167,1.156916026957333,0.7157080108299851,2.114499919116497
227,Junxi,movement,unavailable_in_sd_path,26,intent_directory,/Users/zilongzeng/Research/DroneControl/user_study_v3/Junxi/Movement/26.wav,Junxi/Movement/26.wav,movement,0.99609375,0.0,0.99609375,0.0,"[-128, 127, -128]",True,,,,,,,,,,,,,0.2382919192314148,1.1643330799415708,0.6737500661984086,2.0810000132769346
228,Junxi,movement,unavailable_in_sd_path,27,intent_directory,/Users/zilongzeng/Research/DroneControl/user_study_v3/Junxi/Movement/27.wav,Junxi/Movement/27.wav,movement,0.99609375,0.0,0.99609375,0.0,"[-128, 127, -128]",True,,,,,,,,,,,,,0.2179170260205865,1.1095419758930802,0.6678750505670905,1.9999590003862977
229,Junxi,movement,unavailable_in_sd_path,28,intent_directory,/Users/zilongzeng/Research/DroneControl/user_study_v3/Junxi/Movement/28.wav,Junxi/Movement/28.wav,movement,0.99609375,0.0,0.99609375,0.0,"[-128, 127, -128]",True,,,,,,,,,,,,,0.21600001491606236,1.1284579522907734,0.6632079603150487,2.0122909918427467
230,Junxi,movement,unavailable_in_sd_path,29,intent_directory,/Users/zilongzeng/Research/DroneControl/user_study_v3/Junxi/Movement/29.wav,Junxi/Movement/29.wav,movement,0.99609375,0.0,0.99609375,0.0,"[-128, 127, -128]",True,,,,,,,,,,,,,0.22000004537403584,1.3156670611351728,0.6225830875337124,2.1669999696314335
231,Junxi,movement,unavailable_in_sd_path,30,intent_directory,/Users/zilongzeng/Research/DroneControl/user_study_v3/Junxi/Movement/30.wav,Junxi/Movement/30.wav,movement,0.99609375,0.0,0.99609375,0.0,"[-128, 127, -128]",True,,,,,,,,,,,,,0.293959048576653,1.19629199616611,0.6683749379590154,2.164833014830947
232,Junxi,movement,unavailable_in_sd_path,31,intent_directory,/Users/zilongzeng/Research/DroneControl/user_study_v3/Junxi/Movement/31.wav,Junxi/Movement/31.wav,movement,0.76953125,0.0,0.76953125,0.23046875,"[-128, 69, -69]",True,,,,,,,,,,,,,0.23266591597348452,1.1940409895032644,0.7065830286592245,2.1405830048024654
233,Junxi,movement,unavailable_in_sd_path,32,intent_directory,/Users/zilongzeng/Research/DroneControl/user_study_v3/Junxi/Movement/32.wav,Junxi/Movement/32.wav,movement,0.99609375,0.0,0.99609375,0.0,"[-128, 127, -128]",True,,,,,,,,,,,,,0.20883406978100538,1.1592499213293195,0.670416047796607,2.0430420991033316
234,Junxi,movement,unavailable_in_sd_path,33,intent_directory,/Users/zilongzeng/Research/DroneControl/user_study_v3/Junxi/Movement/33.wav,Junxi/Movement/33.wav,movement,0.99609375,0.0,0.99609375,0.0,"[-128, 127, -128]",True,,,,,,,,,,,,,0.22599997464567423,1.3679999392479658,0.7001250050961971,2.301165950484574
235,Junxi,movement,unavailable_in_sd_path,34,intent_directory,/Users/zilongzeng/Research/DroneControl/user_study_v3/Junxi/Movement/34.wav,Junxi/Movement/34.wav,movement,0.99609375,0.0,0.99609375,0.0,"[-128, 127, -128]",True,,,,,,,,,,,,,0.23679202422499657,1.375791965983808,0.6328340386971831,2.2549170535057783
236,Junxi,movement,unavailable_in_sd_path,35,intent_directory,/Users/zilongzeng/Research/DroneControl/user_study_v3/Junxi/Movement/35.wav,Junxi/Movement/35.wav,movement,0.99609375,0.0,0.99609375,0.0,"[-128, 127, -128]",True,,,,,,,,,,,,,0.3940410679206252,1.2002079747617245,0.6681249942630529,2.267375006340444
237,Junxi,movement,unavailable_in_sd_path,36,intent_directory,/Users/zilongzeng/Research/DroneControl/user_study_v3/Junxi/Movement/36.wav,Junxi/Movement/36.wav,movement,0.99609375,0.0,0.99609375,0.0,"[-128, 127, -128]",True,,,,,,,,,,,,,0.20499993115663528,1.1784170055761933,0.6723749684169888,2.060583094134927
238,Junxi,movement,unavailable_in_sd_path,37,intent_directory,/Users/zilongzeng/Research/DroneControl/user_study_v3/Junxi/Movement/37.wav,Junxi/Movement/37.wav,movement,0.99609375,0.0,0.99609375,0.0,"[-128, 127, -128]",True,,,,,,,,,,,,,0.22899999748915434,1.376125030219555,0.7019169861450791,2.3126249434426427
239,Junxi,movement,unavailable_in_sd_path,38,intent_directory,/Users/zilongzeng/Research/DroneControl/user_study_v3/Junxi/Movement/38.wav,Junxi/Movement/38.wav,unknown,0.99609375,0.0,0.0,0.99609375,"[-128, -128, 127]",False,,,,,,,,,,,,,0.1990419114008546,1.1605840409174562,0.6864999886602163,2.05070897936821
240,Junxi,movement,unavailable_in_sd_path,39,intent_directory,/Users/zilongzeng/Research/DroneControl/user_study_v3/Junxi/Movement/39.wav,Junxi/Movement/39.wav,emergency,0.99609375,0.99609375,0.0,0.0,"[127, -128, -128]",False,,,,,,,,,,,,,0.18629198893904686,1.1373750166967511,0.6732500623911619,2.0016670459881425
241,Junxi,movement,unavailable_in_sd_path,40,intent_directory,/Users/zilongzeng/Research/DroneControl/user_study_v3/Junxi/Movement/40.wav,Junxi/Movement/40.wav,movement,0.99609375,0.0,0.99609375,0.0,"[-128, 127, -128]",True,,,,,,,,,,,,,0.18700002692639828,1.106875017285347,0.6676249904558063,1.9669170724228024
242,Junxi,movement,unavailable_in_sd_path,41,intent_directory,/Users/zilongzeng/Research/DroneControl/user_study_v3/Junxi/Movement/41.wav,Junxi/Movement/41.wav,movement,0.99609375,0.0,0.99609375,0.0,"[-128, 127, -128]",True,,,,,,,,,,,,,0.19941700156778097,1.4647080097347498,0.6860420107841492,2.3560839472338557
243,Junxi,movement,unavailable_in_sd_path,42,intent_directory,/Users/zilongzeng/Research/DroneControl/user_study_v3/Junxi/Movement/42.wav,Junxi/Movement/42.wav,movement,0.99609375,0.0,0.99609375,0.0,"[-128, 127, -128]",True,,,,,,,,,,,,,0.26370794512331486,1.1841659434139729,0.6674160249531269,2.1198750473558903
244,Junxi,movement,unavailable_in_sd_path,43,intent_directory,/Users/zilongzeng/Research/DroneControl/user_study_v3/Junxi/Movement/43.wav,Junxi/Movement/43.wav,unknown,0.96484375,0.03125,0.00390625,0.96484375,"[-120, -127, 119]",False,,,,,,,,,,,,,0.1888340339064598,1.1892919428646564,0.6727090803906322,2.0556659437716007
245,Junxi,movement,unavailable_in_sd_path,44,intent_directory,/Users/zilongzeng/Research/DroneControl/user_study_v3/Junxi/Movement/44.wav,Junxi/Movement/44.wav,movement,0.99609375,0.0,0.99609375,0.0,"[-128, 127, -128]",True,,,,,,,,,,,,,0.19287492614239454,1.1502919951453805,0.7170840399339795,2.0659160800278187
246,Junxi,movement,unavailable_in_sd_path,45,intent_directory,/Users/zilongzeng/Research/DroneControl/user_study_v3/Junxi/Movement/45.wav,Junxi/Movement/45.wav,movement,0.99609375,0.0,0.99609375,0.0,"[-128, 127, -128]",True,,,,,,,,,,,,,0.42341696098446846,1.1864170664921403,0.693625072017312,2.309083007276058
247,Junxi,movement,unavailable_in_sd_path,46,intent_directory,/Users/zilongzeng/Research/DroneControl/user_study_v3/Junxi/Movement/46.wav,Junxi/Movement/46.wav,movement,0.99609375,0.0,0.99609375,0.0,"[-128, 127, -128]",True,,,,,,,,,,,,,0.22862502373754978,1.1371660511940718,0.6711249006912112,2.0420000655576587
248,Junxi,movement,unavailable_in_sd_path,47,intent_directory,/Users/zilongzeng/Research/DroneControl/user_study_v3/Junxi/Movement/47.wav,Junxi/Movement/47.wav,movement,0.99609375,0.0,0.99609375,0.0,"[-128, 127, -128]",True,,,,,,,,,,,,,0.24887500330805779,1.1742080096155405,0.6658328929916024,2.0934160565957427
249,Junxi,movement,unavailable_in_sd_path,48,intent_directory,/Users/zilongzeng/Research/DroneControl/user_study_v3/Junxi/Movement/48.wav,Junxi/Movement/48.wav,movement,0.99609375,0.0,0.99609375,0.0,"[-128, 127, -128]",True,,,,,,,,,,,,,0.19733398221433163,1.0777090210467577,0.7728750351816416,2.089541987515986
250,Junxi,movement,unavailable_in_sd_path,49,intent_directory,/Users/zilongzeng/Research/DroneControl/user_study_v3/Junxi/Movement/49.wav,Junxi/Movement/49.wav,movement,0.99609375,0.0,0.99609375,0.0,"[-128, 127, -128]",True,,,,,,,,,,,,,0.3290000604465604,1.2377079110592604,0.6931669777259231,2.2647909354418516
251,Muyuan,emergency,unavailable_in_sd_path,0,intent_directory,/Users/zilongzeng/Research/DroneControl/user_study_v3/Muyuan/Emergency/0.wav,Muyuan/Emergency/0.wav,emergency,0.99609375,0.99609375,0.0,0.0,"[127, -128, -128]",True,,,,,,,,,,,,,0.21095899865031242,1.1798749910667539,0.6642090156674385,2.0595829701051116
252,Muyuan,emergency,unavailable_in_sd_path,1,intent_directory,/Users/zilongzeng/Research/DroneControl/user_study_v3/Muyuan/Emergency/1.wav,Muyuan/Emergency/1.wav,emergency,0.99609375,0.99609375,0.0,0.0,"[127, -128, -128]",True,,,,,,,,,,,,,0.24158309679478407,1.1066660517826676,0.663458020426333,2.0163339795544744
253,Muyuan,emergency,unavailable_in_sd_path,2,intent_directory,/Users/zilongzeng/Research/DroneControl/user_study_v3/Muyuan/Emergency/2.wav,Muyuan/Emergency/2.wav,emergency,0.99609375,0.99609375,0.0,0.0,"[127, -128, -128]",True,,,,,,,,,,,,,0.19695796072483063,1.0913340374827385,0.7129579316824675,2.040458028204739
254,Muyuan,emergency,unavailable_in_sd_path,3,intent_directory,/Users/zilongzeng/Research/DroneControl/user_study_v3/Muyuan/Emergency/3.wav,Muyuan/Emergency/3.wav,emergency,0.99609375,0.99609375,0.0,0.0,"[127, -128, -128]",True,,,,,,,,,,,,,0.33370801247656345,1.175292069092393,0.6706661079078913,2.18487496022135
255,Muyuan,emergency,unavailable_in_sd_path,4,intent_directory,/Users/zilongzeng/Research/DroneControl/user_study_v3/Muyuan/Emergency/4.wav,Muyuan/Emergency/4.wav,emergency,0.99609375,0.99609375,0.0,0.0,"[127, -128, -128]",True,,,,,,,,,,,,,0.20800007041543722,1.168415998108685,0.6626659305766225,2.044999971985817
256,Muyuan,emergency,unavailable_in_sd_path,5,intent_directory,/Users/zilongzeng/Research/DroneControl/user_study_v3/Muyuan/Emergency/5.wav,Muyuan/Emergency/5.wav,emergency,0.99609375,0.99609375,0.0,0.0,"[127, -128, -128]",True,,,,,,,,,,,,,0.26333401910960674,1.1072499910369515,0.6694159237667918,2.0445409463718534
257,Muyuan,emergency,unavailable_in_sd_path,6,intent_directory,/Users/zilongzeng/Research/DroneControl/user_study_v3/Muyuan/Emergency/6.wav,Muyuan/Emergency/6.wav,emergency,0.99609375,0.99609375,0.0,0.0,"[127, -128, -128]",True,,,,,,,,,,,,,0.19741698633879423,1.2073749676346779,0.6354169454425573,2.0490409806370735
258,Muyuan,emergency,unavailable_in_sd_path,7,intent_directory,/Users/zilongzeng/Research/DroneControl/user_study_v3/Muyuan/Emergency/7.wav,Muyuan/Emergency/7.wav,emergency,0.99609375,0.99609375,0.0,0.0,"[127, -128, -128]",True,,,,,,,,,,,,,0.3373750951141119,1.3860840117558837,0.6567500531673431,2.3862499510869384
259,Muyuan,emergency,unavailable_in_sd_path,8,intent_directory,/Users/zilongzeng/Research/DroneControl/user_study_v3/Muyuan/Emergency/8.wav,Muyuan/Emergency/8.wav,emergency,0.99609375,0.99609375,0.0,0.0,"[127, -128, -128]",True,,,,,,,,,,,,,0.2032080665230751,1.1640419252216816,0.6678340723738074,2.0403750240802765
260,Muyuan,emergency,unavailable_in_sd_path,9,intent_directory,/Users/zilongzeng/Research/DroneControl/user_study_v3/Muyuan/Emergency/9.wav,Muyuan/Emergency/9.wav,unknown,0.99609375,0.0,0.0,0.99609375,"[-128, -128, 127]",False,,,,,,,,,,,,,0.22783305030316114,1.3521660584956408,0.6220000796020031,2.2111249854788184
261,Muyuan,emergency,unavailable_in_sd_path,10,intent_directory,/Users/zilongzeng/Research/DroneControl/user_study_v3/Muyuan/Emergency/10.wav,Muyuan/Emergency/10.wav,emergency,0.99609375,0.99609375,0.0,0.0,"[127, -128, -128]",True,,,,,,,,,,,,,0.32724998891353607,1.288458937779069,0.7185830036178231,2.3409579880535603
262,Muyuan,emergency,unavailable_in_sd_path,11,intent_directory,/Users/zilongzeng/Research/DroneControl/user_study_v3/Muyuan/Emergency/11.wav,Muyuan/Emergency/11.wav,emergency,0.9921875,0.9921875,0.0078125,0.0,"[126, -126, -128]",True,,,,,,,,,,,,,0.2537500113248825,1.2658750638365746,0.669957953505218,2.1948330104351044
263,Muyuan,emergency,unavailable_in_sd_path,12,intent_directory,/Users/zilongzeng/Research/DroneControl/user_study_v3/Muyuan/Emergency/12.wav,Muyuan/Emergency/12.wav,emergency,0.99609375,0.99609375,0.0,0.0,"[127, -128, -128]",True,,,,,,,,,,,,,0.20341703202575445,1.1638749856501818,0.663083977997303,2.0355830201879144
264,Muyuan,emergency,unavailable_in_sd_path,13,intent_directory,/Users/zilongzeng/Research/DroneControl/user_study_v3/Muyuan/Emergency/13.wav,Muyuan/Emergency/13.wav,movement,0.99609375,0.0,0.99609375,0.0,"[-128, 127, -128]",False,,,,,,,,,,,,,0.2649170346558094,1.109875040128827,0.6637499900534749,2.0434160251170397
265,Muyuan,emergency,unavailable_in_sd_path,14,intent_directory,/Users/zilongzeng/Research/DroneControl/user_study_v3/Muyuan/Emergency/14.wav,Muyuan/Emergency/14.wav,emergency,0.99609375,0.99609375,0.0,0.0,"[127, -128, -128]",True,,,,,,,,,,,,,0.1925000688061118,1.319332979619503,0.6880409782752395,2.205416909419
266,Muyuan,emergency,unavailable_in_sd_path,15,intent_directory,/Users/zilongzeng/Research/DroneControl/user_study_v3/Muyuan/Emergency/15.wav,Muyuan/Emergency/15.wav,movement,0.99609375,0.0,0.99609375,0.0,"[-128, 127, -128]",False,,,,,,,,,,,,,0.2477910602465272,1.166124944575131,0.6668339483439922,2.0858749048784375
267,Muyuan,emergency,unavailable_in_sd_path,16,intent_directory,/Users/zilongzeng/Research/DroneControl/user_study_v3/Muyuan/Emergency/16.wav,Muyuan/Emergency/16.wav,movement,0.99609375,0.0,0.99609375,0.0,"[-128, 127, -128]",False,,,,,,,,,,,,,0.20866701379418373,1.1124589946120977,0.6646249676123261,1.990834018215537
268,Muyuan,emergency,unavailable_in_sd_path,17,intent_directory,/Users/zilongzeng/Research/DroneControl/user_study_v3/Muyuan/Emergency/17.wav,Muyuan/Emergency/17.wav,movement,0.96875,0.03125,0.96875,0.0,"[-120, 120, -128]",False,,,,,,,,,,,,,0.21333398763090372,1.13800005055964,0.668541993945837,2.0245000487193465
269,Muyuan,emergency,unavailable_in_sd_path,18,intent_directory,/Users/zilongzeng/Research/DroneControl/user_study_v3/Muyuan/Emergency/18.wav,Muyuan/Emergency/18.wav,movement,0.55078125,0.44921875,0.55078125,0.0,"[-13, 13, -128]",False,,,,,,,,,,,,,0.19708299078047276,1.3687079772353172,0.6845419993624091,2.2558330092579126
270,Muyuan,emergency,unavailable_in_sd_path,19,intent_directory,/Users/zilongzeng/Research/DroneControl/user_study_v3/Muyuan/Emergency/19.wav,Muyuan/Emergency/19.wav,movement,0.99609375,0.0,0.99609375,0.0,"[-128, 127, -128]",False,,,,,,,,,,,,,0.23200002033263445,1.3854169519618154,0.6267500575631857,2.25358409807086
271,Muyuan,emergency,unavailable_in_sd_path,20,intent_directory,/Users/zilongzeng/Research/DroneControl/user_study_v3/Muyuan/Emergency/20.wav,Muyuan/Emergency/20.wav,movement,0.99609375,0.0,0.99609375,0.0,"[-128, 127, -128]",False,,,,,,,,,,,,,0.3209999995306134,1.214624964632094,0.62112498562783,2.1632079733535647
272,Muyuan,emergency,unavailable_in_sd_path,21,intent_directory,/Users/zilongzeng/Research/DroneControl/user_study_v3/Muyuan/Emergency/21.wav,Muyuan/Emergency/21.wav,movement,0.99609375,0.00390625,0.99609375,0.0,"[-127, 127, -128]",False,,,,,,,,,,,,,0.24700001813471317,1.150374999269843,0.6751660257577896,2.078082994557917
273,Muyuan,emergency,unavailable_in_sd_path,22,intent_directory,/Users/zilongzeng/Research/DroneControl/user_study_v3/Muyuan/Emergency/22.wav,Muyuan/Emergency/22.wav,movement,0.99609375,0.0,0.99609375,0.00390625,"[-128, 127, -127]",False,,,,,,,,,,,,,0.22549997083842754,1.4641250018030405,0.6868341006338596,2.382999984547496
274,Muyuan,emergency,unavailable_in_sd_path,23,intent_directory,/Users/zilongzeng/Research/DroneControl/user_study_v3/Muyuan/Emergency/23.wav,Muyuan/Emergency/23.wav,emergency,0.984375,0.984375,0.015625,0.0,"[124, -124, -128]",True,,,,,,,,,,,,,0.23333297576755285,1.1225409107282758,0.6709169829264283,2.0319169852882624
275,Muyuan,emergency,unavailable_in_sd_path,24,intent_directory,/Users/zilongzeng/Research/DroneControl/user_study_v3/Muyuan/Emergency/24.wav,Muyuan/Emergency/24.wav,emergency,0.76953125,0.76953125,0.23046875,0.0,"[69, -69, -128]",True,,,,,,,,,,,,,0.19745901226997375,1.268708030693233,0.6470000371336937,2.1229159319773316
276,Muyuan,emergency,unavailable_in_sd_path,25,intent_directory,/Users/zilongzeng/Research/DroneControl/user_study_v3/Muyuan/Emergency/25.wav,Muyuan/Emergency/25.wav,movement,0.99609375,0.0,0.99609375,0.0,"[-128, 127, -128]",False,,,,,,,,,,,,,0.35274995025247335,1.164457993581891,0.794542022049427,2.3220001021400094
277,Muyuan,emergency,unavailable_in_sd_path,26,intent_directory,/Users/zilongzeng/Research/DroneControl/user_study_v3/Muyuan/Emergency/26.wav,Muyuan/Emergency/26.wav,movement,0.99609375,0.0,0.99609375,0.0,"[-128, 127, -128]",False,,,,,,,,,,,,,0.23016706109046936,1.242582919076085,0.6711670430377126,2.1488750353455544
278,Muyuan,emergency,unavailable_in_sd_path,27,intent_directory,/Users/zilongzeng/Research/DroneControl/user_study_v3/Muyuan/Emergency/27.wav,Muyuan/Emergency/27.wav,movement,0.99609375,0.0,0.99609375,0.0,"[-128, 127, -128]",False,,,,,,,,,,,,,0.22554199676960707,1.3042909558862448,0.6283329566940665,2.1673329174518585
279,Muyuan,emergency,unavailable_in_sd_path,28,intent_directory,/Users/zilongzeng/Research/DroneControl/user_study_v3/Muyuan/Emergency/28.wav,Muyuan/Emergency/28.wav,movement,0.99609375,0.0,0.99609375,0.0,"[-128, 127, -128]",False,,,,,,,,,,,,,0.3277090145274997,1.1934159556403756,0.6711249006912112,2.198540954850614
280,Muyuan,emergency,unavailable_in_sd_path,29,intent_directory,/Users/zilongzeng/Research/DroneControl/user_study_v3/Muyuan/Emergency/29.wav,Muyuan/Emergency/29.wav,emergency,0.9453125,0.9453125,0.0546875,0.0,"[114, -114, -128]",True,,,,,,,,,,,,,0.2055419608950615,1.3734999811276793,0.7255410309880972,2.3107079323381186
281,Muyuan,emergency,unavailable_in_sd_path,30,intent_directory,/Users/zilongzeng/Research/DroneControl/user_study_v3/Muyuan/Emergency/30.wav,Muyuan/Emergency/30.wav,movement,0.99609375,0.0,0.99609375,0.0,"[-128, 127, -128]",False,,,,,,,,,,,,,0.2025000285357237,1.3571659801527858,0.6406669272109866,2.210334059782326
282,Muyuan,emergency,unavailable_in_sd_path,31,intent_directory,/Users/zilongzeng/Research/DroneControl/user_study_v3/Muyuan/Emergency/31.wav,Muyuan/Emergency/31.wav,movement,0.99609375,0.0,0.99609375,0.0,"[-128, 127, -128]",False,,,,,,,,,,,,,0.33716694451868534,1.274040900170803,0.6075409473851323,2.2269999608397484
283,Muyuan,emergency,unavailable_in_sd_path,32,intent_directory,/Users/zilongzeng/Research/DroneControl/user_study_v3/Muyuan/Emergency/32.wav,Muyuan/Emergency/32.wav,movement,0.83203125,0.16796875,0.83203125,0.0,"[-85, 85, -128]",False,,,,,,,,,,,,,0.21799991372972727,1.1305420193821192,0.663416925817728,2.017541090026498
284,Muyuan,emergency,unavailable_in_sd_path,33,intent_directory,/Users/zilongzeng/Research/DroneControl/user_study_v3/Muyuan/Emergency/33.wav,Muyuan/Emergency/33.wav,emergency,0.90234375,0.90234375,0.09765625,0.0,"[103, -103, -128]",True,,,,,,,,,,,,,0.18170801922678947,1.3668750179931521,0.6751250475645065,2.2293750662356615
285,Muyuan,emergency,unavailable_in_sd_path,34,intent_directory,/Users/zilongzeng/Research/DroneControl/user_study_v3/Muyuan/Emergency/34.wav,Muyuan/Emergency/34.wav,emergency,0.99609375,0.99609375,0.00390625,0.0,"[127, -127, -128]",True,,,,,,,,,,,,,0.2101670252159238,1.2254170142114162,0.6656249752268195,2.105875057168305
286,Muyuan,emergency,unavailable_in_sd_path,35,intent_directory,/Users/zilongzeng/Research/DroneControl/user_study_v3/Muyuan/Emergency/35.wav,Muyuan/Emergency/35.wav,movement,0.99609375,0.0,0.99609375,0.0,"[-128, 127, -128]",False,,,,,,,,,,,,,0.19683304708451033,1.089832978323102,0.698207993991673,1.9898749887943268
287,Muyuan,emergency,unavailable_in_sd_path,36,intent_directory,/Users/zilongzeng/Research/DroneControl/user_study_v3/Muyuan/Emergency/36.wav,Muyuan/Emergency/36.wav,movement,0.99609375,0.0,0.99609375,0.0,"[-128, 127, -128]",False,,,,,,,,,,,,,0.18816697411239147,1.1204159818589687,0.6726670544594526,1.9860840402543545
288,Muyuan,emergency,unavailable_in_sd_path,37,intent_directory,/Users/zilongzeng/Research/DroneControl/user_study_v3/Muyuan/Emergency/37.wav,Muyuan/Emergency/37.wav,emergency,0.8046875,0.8046875,0.1953125,0.0,"[78, -78, -128]",True,,,,,,,,,,,,,0.1824579667299986,1.3665830483660102,0.6856659892946482,2.2404170595109463
289,Muyuan,emergency,unavailable_in_sd_path,38,intent_directory,/Users/zilongzeng/Research/DroneControl/user_study_v3/Muyuan/Emergency/38.wav,Muyuan/Emergency/38.wav,movement,0.99609375,0.0,0.99609375,0.0,"[-128, 127, -128]",False,,,,,,,,,,,,,0.20158395636826754,1.3250409392639995,0.6337499944493175,2.1701250225305557
290,Muyuan,emergency,unavailable_in_sd_path,39,intent_directory,/Users/zilongzeng/Research/DroneControl/user_study_v3/Muyuan/Emergency/39.wav,Muyuan/Emergency/39.wav,movement,0.99609375,0.0,0.99609375,0.0,"[-128, 127, -128]",False,,,,,,,,,,,,,0.33458403777331114,1.1482910485938191,0.6775419460609555,2.1659580525010824
291,Muyuan,emergency,unavailable_in_sd_path,40,intent_directory,/Users/zilongzeng/Research/DroneControl/user_study_v3/Muyuan/Emergency/40.wav,Muyuan/Emergency/40.wav,movement,0.99609375,0.0,0.99609375,0.0,"[-128, 127, -128]",False,,,,,,,,,,,,,0.1872499706223607,1.1243330081924796,0.6681670201942325,1.984375063329935
292,Muyuan,emergency,unavailable_in_sd_path,41,intent_directory,/Users/zilongzeng/Research/DroneControl/user_study_v3/Muyuan/Emergency/41.wav,Muyuan/Emergency/41.wav,emergency,0.9921875,0.9921875,0.0078125,0.0,"[126, -126, -128]",True,,,,,,,,,,,,,0.185334007255733,1.417333958670497,0.6817500106990337,2.290625008754432
293,Muyuan,emergency,unavailable_in_sd_path,42,intent_directory,/Users/zilongzeng/Research/DroneControl/user_study_v3/Muyuan/Emergency/42.wav,Muyuan/Emergency/42.wav,movement,0.99609375,0.00390625,0.99609375,0.0,"[-127, 127, -128]",False,,,,,,,,,,,,,0.23645907640457153,1.1769169941544533,0.681874924339354,2.1000830456614494
294,Muyuan,emergency,unavailable_in_sd_path,43,intent_directory,/Users/zilongzeng/Research/DroneControl/user_study_v3/Muyuan/Emergency/43.wav,Muyuan/Emergency/43.wav,movement,0.99609375,0.0,0.99609375,0.0,"[-128, 127, -128]",False,,,,,,,,,,,,,0.20162505097687244,1.1235839920118451,0.6676249904558063,1.9980829674750566
295,Muyuan,emergency,unavailable_in_sd_path,44,intent_directory,/Users/zilongzeng/Research/DroneControl/user_study_v3/Muyuan/Emergency/44.wav,Muyuan/Emergency/44.wav,movement,0.99609375,0.0,0.99609375,0.00390625,"[-128, 127, -127]",False,,,,,,,,,,,,,0.19724993035197258,1.22337497305125,0.6668750429525971,2.0923749543726444
296,Muyuan,emergency,unavailable_in_sd_path,45,intent_directory,/Users/zilongzeng/Research/DroneControl/user_study_v3/Muyuan/Emergency/45.wav,Muyuan/Emergency/45.wav,movement,0.99609375,0.0,0.99609375,0.0,"[-128, 127, -128]",False,,,,,,,,,,,,,0.1990000018849969,1.4482908882200718,0.6786660524085164,2.331750001758337
297,Muyuan,emergency,unavailable_in_sd_path,46,intent_directory,/Users/zilongzeng/Research/DroneControl/user_study_v3/Muyuan/Emergency/46.wav,Muyuan/Emergency/46.wav,movement,0.99609375,0.00390625,0.99609375,0.0,"[-127, 127, -128]",False,,,,,,,,,,,,,0.2520419657230377,1.1752909049391747,0.6658330094069242,2.098000026308
298,Muyuan,emergency,unavailable_in_sd_path,47,intent_directory,/Users/zilongzeng/Research/DroneControl/user_study_v3/Muyuan/Emergency/47.wav,Muyuan/Emergency/47.wav,emergency,0.76953125,0.76953125,0.23046875,0.0,"[69, -69, -128]",True,,,,,,,,,,,,,0.1965840347111225,1.106124953366816,0.6682500243186951,1.9754159729927778
299,Muyuan,emergency,unavailable_in_sd_path,48,intent_directory,/Users/zilongzeng/Research/DroneControl/user_study_v3/Muyuan/Emergency/48.wav,Muyuan/Emergency/48.wav,emergency,0.98828125,0.98828125,0.01171875,0.0,"[125, -125, -128]",True,,,,,,,,,,,,,0.22366701159626245,1.1605829931795597,0.6687500281259418,2.062708023004234
300,Muyuan,emergency,unavailable_in_sd_path,49,intent_directory,/Users/zilongzeng/Research/DroneControl/user_study_v3/Muyuan/Emergency/49.wav,Muyuan/Emergency/49.wav,movement,0.99609375,0.0,0.99609375,0.0,"[-128, 127, -128]",False,,,,,,,,,,,,,0.22879207972437143,1.2586249504238367,0.6824999582022429,2.1754580084234476
301,Muyuan,movement,unavailable_in_sd_path,0,intent_directory,/Users/zilongzeng/Research/DroneControl/user_study_v3/Muyuan/Movement/0.wav,Muyuan/Movement/0.wav,movement,0.99609375,0.0,0.99609375,0.0,"[-128, 127, -128]",True,,,,,,,,,,,,,0.2158329589292407,1.212958013638854,0.6715829949826002,2.1058330312371254
302,Muyuan,movement,unavailable_in_sd_path,1,intent_directory,/Users/zilongzeng/Research/DroneControl/user_study_v3/Muyuan/Movement/1.wav,Muyuan/Movement/1.wav,unknown,0.984375,0.0,0.015625,0.984375,"[-128, -124, 124]",False,,,,,,,,,,,,,0.18633296713232994,1.0637500090524554,0.6652919109910727,1.9200840033590794
303,Muyuan,movement,unavailable_in_sd_path,2,intent_directory,/Users/zilongzeng/Research/DroneControl/user_study_v3/Muyuan/Movement/2.wav,Muyuan/Movement/2.wav,movement,0.984375,0.015625,0.984375,0.0,"[-124, 124, -128]",True,,,,,,,,,,,,,0.19233301281929016,1.1175000108778477,0.6653750315308571,1.9799170549958944
304,Muyuan,movement,unavailable_in_sd_path,3,intent_directory,/Users/zilongzeng/Research/DroneControl/user_study_v3/Muyuan/Movement/3.wav,Muyuan/Movement/3.wav,movement,0.99609375,0.0,0.99609375,0.0,"[-128, 127, -128]",True,,,,,,,,,,,,,0.2639159793034196,1.326916040852666,0.7260000566020608,2.3236250272020698
305,Muyuan,movement,unavailable_in_sd_path,4,intent_directory,/Users/zilongzeng/Research/DroneControl/user_study_v3/Muyuan/Movement/4.wav,Muyuan/Movement/4.wav,movement,0.99609375,0.0,0.99609375,0.0,"[-128, 127, -128]",True,,,,,,,,,,,,,0.18883298616856337,1.2213329318910837,0.6694589974358678,2.084249979816377
306,Muyuan,movement,unavailable_in_sd_path,5,intent_directory,/Users/zilongzeng/Research/DroneControl/user_study_v3/Muyuan/Movement/5.wav,Muyuan/Movement/5.wav,movement,0.99609375,0.0,0.99609375,0.0,"[-128, 127, -128]",True,,,,,,,,,,,,,0.24999992456287146,1.1280409526079893,0.663542072288692,2.0462919492274523
307,Muyuan,movement,unavailable_in_sd_path,6,intent_directory,/Users/zilongzeng/Research/DroneControl/user_study_v3/Muyuan/Movement/6.wav,Muyuan/Movement/6.wav,movement,0.99609375,0.0,0.99609375,0.0,"[-128, 127, -128]",True,,,,,,,,,,,,,0.19020901527255774,1.0806249920278788,0.6858330452814698,1.9624580163508654
308,Muyuan,movement,unavailable_in_sd_path,7,intent_directory,/Users/zilongzeng/Research/DroneControl/user_study_v3/Muyuan/Movement/7.wav,Muyuan/Movement/7.wav,movement,0.99609375,0.0,0.99609375,0.0,"[-128, 127, -128]",True,,,,,,,,,,,,,0.25995797477662563,1.260083052329719,0.6817498942837119,2.2070840932428837
309,Muyuan,movement,unavailable_in_sd_path,8,intent_directory,/Users/zilongzeng/Research/DroneControl/user_study_v3/Muyuan/Movement/8.wav,Muyuan/Movement/8.wav,movement,0.99609375,0.0,0.99609375,0.0,"[-128, 127, -128]",True,,,,,,,,,,,,,0.21066702902317047,1.133291982114315,0.6622909568250179,2.0107909804210067
310,Muyuan,movement,unavailable_in_sd_path,9,intent_directory,/Users/zilongzeng/Research/DroneControl/user_study_v3/Muyuan/Movement/9.wav,Muyuan/Movement/9.wav,movement,0.99609375,0.0,0.99609375,0.0,"[-128, 127, -128]",True,,,,,,,,,,,,,0.24274992756545544,1.139833009801805,0.6688329158350825,2.0560409175232053
311,Muyuan,movement,unavailable_in_sd_path,10,intent_directory,/Users/zilongzeng/Research/DroneControl/user_study_v3/Muyuan/Movement/10.wav,Muyuan/Movement/10.wav,movement,0.99609375,0.0,0.99609375,0.0,"[-128, 127, -128]",True,,,,,,,,,,,,,0.2026660367846489,1.2241669464856386,0.6346249720081687,2.0705830538645387
312,Muyuan,movement,unavailable_in_sd_path,11,intent_directory,/Users/zilongzeng/Research/DroneControl/user_study_v3/Muyuan/Movement/11.wav,Muyuan/Movement/11.wav,movement,0.99609375,0.0,0.99609375,0.0,"[-128, 127, -128]",True,,,,,,,,,,,,,0.31416595447808504,1.261040917597711,0.6890420336276293,2.270249999128282
313,Muyuan,movement,unavailable_in_sd_path,12,intent_directory,/Users/zilongzeng/Research/DroneControl/user_study_v3/Muyuan/Movement/12.wav,Muyuan/Movement/12.wav,movement,0.99609375,0.0,0.99609375,0.0,"[-128, 127, -128]",True,,,,,,,,,,,,,0.22662500850856304,1.1709999525919557,0.6674170726910233,2.069709007628262
314,Muyuan,movement,unavailable_in_sd_path,13,intent_directory,/Users/zilongzeng/Research/DroneControl/user_study_v3/Muyuan/Movement/13.wav,Muyuan/Movement/13.wav,movement,0.99609375,0.00390625,0.99609375,0.0,"[-127, 127, -128]",True,,,,,,,,,,,,,0.22554199676960707,1.0894580045714974,0.677499920129776,1.9970829598605633
315,Muyuan,movement,unavailable_in_sd_path,14,intent_directory,/Users/zilongzeng/Research/DroneControl/user_study_v3/Muyuan/Movement/14.wav,Muyuan/Movement/14.wav,movement,0.99609375,0.0,0.99609375,0.0,"[-128, 127, -128]",True,,,,,,,,,,,,,0.21633401047438383,1.1700419709086418,0.8107919711619616,2.2376669803634286
316,Muyuan,movement,unavailable_in_sd_path,15,intent_directory,/Users/zilongzeng/Research/DroneControl/user_study_v3/Muyuan/Movement/15.wav,Muyuan/Movement/15.wav,movement,0.99609375,0.0,0.99609375,0.0,"[-128, 127, -128]",True,,,,,,,,,,,,,0.34016696736216545,1.2684169923886657,0.7038749754428864,2.3189170751720667
317,Muyuan,movement,unavailable_in_sd_path,16,intent_directory,/Users/zilongzeng/Research/DroneControl/user_study_v3/Muyuan/Movement/16.wav,Muyuan/Movement/16.wav,movement,0.99609375,0.0,0.99609375,0.0,"[-128, 127, -128]",True,,,,,,,,,,,,,0.07229205220937729,1.0913331061601639,0.6657079793512821,1.833957969211042
318,Muyuan,movement,unavailable_in_sd_path,17,intent_directory,/Users/zilongzeng/Research/DroneControl/user_study_v3/Muyuan/Movement/17.wav,Muyuan/Movement/17.wav,emergency,0.83203125,0.83203125,0.16796875,0.0,"[85, -85, -128]",False,,,,,,,,,,,,,0.05729100666940212,1.149166957475245,0.6652920274063945,1.876375055871904
319,Muyuan,movement,unavailable_in_sd_path,18,intent_directory,/Users/zilongzeng/Research/DroneControl/user_study_v3/Muyuan/Movement/18.wav,Muyuan/Movement/18.wav,movement,0.99609375,0.0,0.99609375,0.0,"[-128, 127, -128]",True,,,,,,,,,,,,,0.22379192523658276,1.2387089664116502,0.6367500172927976,2.108333050273359
320,Muyuan,movement,unavailable_in_sd_path,19,intent_directory,/Users/zilongzeng/Research/DroneControl/user_study_v3/Muyuan/Movement/19.wav,Muyuan/Movement/19.wav,movement,0.99609375,0.0,0.99609375,0.0,"[-128, 127, -128]",True,,,,,,,,,,,,,0.31825003679841757,1.2462090235203505,0.6756669608876109,2.2455420112237334
321,Muyuan,movement,unavailable_in_sd_path,20,intent_directory,/Users/zilongzeng/Research/DroneControl/user_study_v3/Muyuan/Movement/20.wav,Muyuan/Movement/20.wav,movement,0.99609375,0.0,0.99609375,0.0,"[-128, 127, -128]",True,,,,,,,,,,,,,0.22662500850856304,1.1107089230790734,0.6636250764131546,2.0061249379068613
322,Muyuan,movement,unavailable_in_sd_path,21,intent_directory,/Users/zilongzeng/Research/DroneControl/user_study_v3/Muyuan/Movement/21.wav,Muyuan/Movement/21.wav,movement,0.99609375,0.0,0.99609375,0.0,"[-128, 127, -128]",True,,,,,,,,,,,,,0.2608340000733733,1.1118329130113125,0.6732500623911619,2.0507079316303134
323,Muyuan,movement,unavailable_in_sd_path,22,intent_directory,/Users/zilongzeng/Research/DroneControl/user_study_v3/Muyuan/Movement/22.wav,Muyuan/Movement/22.wav,movement,0.99609375,0.0,0.99609375,0.0,"[-128, 127, -128]",True,,,,,,,,,,,,,0.20470807794481516,1.1473330669105053,0.8151250658556819,2.2080420749261975
324,Muyuan,movement,unavailable_in_sd_path,23,intent_directory,/Users/zilongzeng/Research/DroneControl/user_study_v3/Muyuan/Movement/23.wav,Muyuan/Movement/23.wav,movement,0.99609375,0.0,0.99609375,0.0,"[-128, 127, -128]",True,,,,,,,,,,,,,0.34241599496454,1.2197080068290234,0.675083021633327,2.2430419921875
325,Muyuan,movement,unavailable_in_sd_path,24,intent_directory,/Users/zilongzeng/Research/DroneControl/user_study_v3/Muyuan/Movement/24.wav,Muyuan/Movement/24.wav,movement,0.99609375,0.0,0.99609375,0.0,"[-128, 127, -128]",True,,,,,,,,,,,,,0.2150830114260316,1.1448330478742719,0.6720829987898469,2.0369169069454074
326,Muyuan,movement,unavailable_in_sd_path,25,intent_directory,/Users/zilongzeng/Research/DroneControl/user_study_v3/Muyuan/Movement/25.wav,Muyuan/Movement/25.wav,movement,0.99609375,0.0,0.99609375,0.0,"[-128, 127, -128]",True,,,,,,,,,,,,,0.20516710355877876,1.194374985061586,0.6727080326527357,2.076875069178641
327,Muyuan,movement,unavailable_in_sd_path,26,intent_directory,/Users/zilongzeng/Research/DroneControl/user_study_v3/Muyuan/Movement/26.wav,Muyuan/Movement/26.wav,movement,0.99609375,0.0,0.99609375,0.0,"[-128, 127, -128]",True,,,,,,,,,,,,,0.20020792726427317,1.092792022973299,0.7106669945642352,2.0432090386748314
328,Muyuan,movement,unavailable_in_sd_path,27,intent_directory,/Users/zilongzeng/Research/DroneControl/user_study_v3/Muyuan/Movement/27.wav,Muyuan/Movement/27.wav,movement,0.99609375,0.0,0.99609375,0.0,"[-128, 127, -128]",True,,,,,,,,,,,,,0.26716594584286213,1.1729169636964798,0.6843339651823044,2.1304580150172114
329,Muyuan,movement,unavailable_in_sd_path,28,intent_directory,/Users/zilongzeng/Research/DroneControl/user_study_v3/Muyuan/Movement/28.wav,Muyuan/Movement/28.wav,unknown,0.99609375,0.0,0.0,0.99609375,"[-128, -128, 127]",False,,,,,,,,,,,,,0.20916701760143042,1.165500027127564,0.6687919376417994,2.047999994829297
330,Muyuan,movement,unavailable_in_sd_path,29,intent_directory,/Users/zilongzeng/Research/DroneControl/user_study_v3/Muyuan/Movement/29.wav,Muyuan/Movement/29.wav,movement,0.99609375,0.00390625,0.99609375,0.0,"[-127, 127, -128]",True,,,,,,,,,,,,,0.20399992354214191,1.0855409782379866,0.6666249828413129,1.9607919966802
331,Muyuan,movement,unavailable_in_sd_path,30,intent_directory,/Users/zilongzeng/Research/DroneControl/user_study_v3/Muyuan/Movement/30.wav,Muyuan/Movement/30.wav,movement,0.99609375,0.0,0.99609375,0.0,"[-128, 127, -128]",True,,,,,,,,,,,,,0.21145795471966267,1.1312910355627537,0.7572909817099571,2.1089590154588223
332,Muyuan,movement,unavailable_in_sd_path,31,intent_directory,/Users/zilongzeng/Research/DroneControl/user_study_v3/Muyuan/Movement/31.wav,Muyuan/Movement/31.wav,movement,0.99609375,0.0,0.99609375,0.0,"[-128, 127, -128]",True,,,,,,,,,,,,,0.21533295512199402,1.1417909990996122,0.6810830673202872,2.0430419826880097
333,Muyuan,movement,unavailable_in_sd_path,32,intent_directory,/Users/zilongzeng/Research/DroneControl/user_study_v3/Muyuan/Movement/32.wav,Muyuan/Movement/32.wav,movement,0.99609375,0.0,0.99609375,0.0,"[-128, 127, -128]",True,,,,,,,,,,,,,0.19116606563329697,1.04991695843637,0.6695420015603304,1.9152499735355377
334,Muyuan,movement,unavailable_in_sd_path,33,intent_directory,/Users/zilongzeng/Research/DroneControl/user_study_v3/Muyuan/Movement/33.wav,Muyuan/Movement/33.wav,movement,0.99609375,0.0,0.99609375,0.0,"[-128, 127, -128]",True,,,,,,,,,,,,,0.2030839677900076,1.138749998062849,0.6672500167042017,2.014084020629525
335,Muyuan,movement,unavailable_in_sd_path,34,intent_directory,/Users/zilongzeng/Research/DroneControl/user_study_v3/Muyuan/Movement/34.wav,Muyuan/Movement/34.wav,emergency,0.68359375,0.68359375,0.01171875,0.3046875,"[47, -125, -50]",False,,,,,,,,,,,,,0.19225000869482756,1.1215419508516788,0.8023330010473728,2.124040969647467
336,Muyuan,movement,unavailable_in_sd_path,35,intent_directory,/Users/zilongzeng/Research/DroneControl/user_study_v3/Muyuan/Movement/35.wav,Muyuan/Movement/35.wav,movement,0.7265625,0.265625,0.7265625,0.0078125,"[-60, 58, -126]",True,,,,,,,,,,,,,0.2002089750021696,1.260582939721644,0.6766670849174261,2.1421659039333463
337,Muyuan,movement,unavailable_in_sd_path,36,intent_directory,/Users/zilongzeng/Research/DroneControl/user_study_v3/Muyuan/Movement/36.wav,Muyuan/Movement/36.wav,unknown,0.84765625,0.13671875,0.01171875,0.84765625,"[-93, -125, 89]",False,,,,,,,,,,,,,0.2002499531954527,1.151749980635941,0.6626660469919443,2.019207924604416
338,Muyuan,movement,unavailable_in_sd_path,37,intent_directory,/Users/zilongzeng/Research/DroneControl/user_study_v3/Muyuan/Movement/37.wav,Muyuan/Movement/37.wav,movement,0.99609375,0.0,0.99609375,0.0,"[-128, 127, -128]",True,,,,,,,,,,,,,0.2311250427737832,1.1142500443384051,0.6677500205114484,2.0180419087409973
339,Muyuan,movement,unavailable_in_sd_path,38,intent_directory,/Users/zilongzeng/Research/DroneControl/user_study_v3/Muyuan/Movement/38.wav,Muyuan/Movement/38.wav,movement,0.99609375,0.0,0.99609375,0.0,"[-128, 127, -128]",True,,,,,,,,,,,,,0.18954207189381123,1.0798749281093478,0.7976250490173697,2.0745419897139072
340,Muyuan,movement,unavailable_in_sd_path,39,intent_directory,/Users/zilongzeng/Research/DroneControl/user_study_v3/Muyuan/Movement/39.wav,Muyuan/Movement/39.wav,movement,0.99609375,0.0,0.99609375,0.0,"[-128, 127, -128]",True,,,,,,,,,,,,,0.20454195328056812,1.3372079702094197,0.6737080402672291,2.220458001829684
341,Muyuan,movement,unavailable_in_sd_path,40,intent_directory,/Users/zilongzeng/Research/DroneControl/user_study_v3/Muyuan/Movement/40.wav,Muyuan/Movement/40.wav,movement,0.99609375,0.0,0.99609375,0.0,"[-128, 127, -128]",True,,,,,,,,,,,,,0.2002910478040576,1.0907079558819532,0.6690829759463668,1.964750001206994
342,Muyuan,movement,unavailable_in_sd_path,41,intent_directory,/Users/zilongzeng/Research/DroneControl/user_study_v3/Muyuan/Movement/41.wav,Muyuan/Movement/41.wav,movement,0.99609375,0.0,0.99609375,0.0,"[-128, 127, -128]",True,,,,,,,,,,,,,0.20775001030415297,1.0876660235226154,0.6688330322504044,1.9687499152496457
343,Muyuan,movement,unavailable_in_sd_path,42,intent_directory,/Users/zilongzeng/Research/DroneControl/user_study_v3/Muyuan/Movement/42.wav,Muyuan/Movement/42.wav,movement,0.99609375,0.0,0.99609375,0.0,"[-128, 127, -128]",True,,,,,,,,,,,,,0.19166700076311827,1.0995829943567514,0.7875829469412565,2.0866249687969685
344,Muyuan,movement,unavailable_in_sd_path,43,intent_directory,/Users/zilongzeng/Research/DroneControl/user_study_v3/Muyuan/Movement/43.wav,Muyuan/Movement/43.wav,unknown,0.9921875,0.0,0.0078125,0.9921875,"[-128, -126, 126]",False,,,,,,,,,,,,,0.1900000497698784,1.249666907824576,0.678334035910666,2.1229160483926535
345,Muyuan,movement,unavailable_in_sd_path,44,intent_directory,/Users/zilongzeng/Research/DroneControl/user_study_v3/Muyuan/Movement/44.wav,Muyuan/Movement/44.wav,movement,0.99609375,0.0,0.99609375,0.0,"[-128, 127, -128]",True,,,,,,,,,,,,,0.18329208251088858,1.1101249838247895,0.6608329713344574,1.9590409938246012
346,Muyuan,movement,unavailable_in_sd_path,45,intent_directory,/Users/zilongzeng/Research/DroneControl/user_study_v3/Muyuan/Movement/45.wav,Muyuan/Movement/45.wav,movement,0.99609375,0.0,0.99609375,0.0,"[-128, 127, -128]",True,,,,,,,,,,,,,0.21304201800376177,1.0863339994102716,0.6601670756936073,1.9642090192064643
347,Muyuan,movement,unavailable_in_sd_path,46,intent_directory,/Users/zilongzeng/Research/DroneControl/user_study_v3/Muyuan/Movement/46.wav,Muyuan/Movement/46.wav,movement,0.99609375,0.0,0.99609375,0.0,"[-128, 127, -128]",True,,,,,,,,,,,,,0.1928340643644333,1.1169998906552792,0.8025830611586571,2.120082965120673
348,Muyuan,movement,unavailable_in_sd_path,47,intent_directory,/Users/zilongzeng/Research/DroneControl/user_study_v3/Muyuan/Movement/47.wav,Muyuan/Movement/47.wav,movement,0.99609375,0.0,0.99609375,0.0,"[-128, 127, -128]",True,,,,,,,,,,,,,0.21712493617087603,1.22487498447299,0.675791990943253,2.123125013895333
349,Muyuan,movement,unavailable_in_sd_path,48,intent_directory,/Users/zilongzeng/Research/DroneControl/user_study_v3/Muyuan/Movement/48.wav,Muyuan/Movement/48.wav,movement,0.99609375,0.0,0.99609375,0.0,"[-128, 127, -128]",True,,,,,,,,,,,,,0.19833305850625038,1.0954999597743154,0.6679169600829482,1.9666249863803387
350,Muyuan,movement,unavailable_in_sd_path,49,intent_directory,/Users/zilongzeng/Research/DroneControl/user_study_v3/Muyuan/Movement/49.wav,Muyuan/Movement/49.wav,movement,0.99609375,0.0,0.99609375,0.0,"[-128, 127, -128]",True,,,,,,,,,,,,,0.2120420103892684,1.0899159824475646,0.6646659458056092,1.971291028894484
351,Muyuan,unknown,unavailable_in_sd_path,0,intent_directory,/Users/zilongzeng/Research/DroneControl/user_study_v3/Muyuan/Unknown/0.wav,Muyuan/Unknown/0.wav,unknown,0.99609375,0.0,0.0,0.99609375,"[-128, -128, 127]",True,,,,,,,,,,,,,0.19345793407410383,1.130416989326477,0.7775829872116446,2.1628750255331397
352,Muyuan,unknown,unavailable_in_sd_path,1,intent_directory,/Users/zilongzeng/Research/DroneControl/user_study_v3/Muyuan/Unknown/1.wav,Muyuan/Unknown/1.wav,unknown,0.99609375,0.0,0.0,0.99609375,"[-128, -128, 127]",True,,,,,,,,,,,,,0.22858299780637026,1.225917018018663,0.6755830254405737,2.1352919284254313
353,Muyuan,unknown,unavailable_in_sd_path,2,intent_directory,/Users/zilongzeng/Research/DroneControl/user_study_v3/Muyuan/Unknown/2.wav,Muyuan/Unknown/2.wav,unknown,0.99609375,0.0,0.0,0.99609375,"[-128, -128, 127]",True,,,,,,,,,,,,,0.1944579416885972,1.1172499507665634,0.6721250247210264,1.9887089729309082
354,Muyuan,unknown,unavailable_in_sd_path,3,intent_directory,/Users/zilongzeng/Research/DroneControl/user_study_v3/Muyuan/Unknown/3.wav,Muyuan/Unknown/3.wav,unknown,0.99609375,0.0,0.0,0.99609375,"[-128, -128, 127]",True,,,,,,,,,,,,,0.18679106142371893,1.2748329900205135,0.6457080598920584,2.1121669560670853
355,Muyuan,unknown,unavailable_in_sd_path,4,intent_directory,/Users/zilongzeng/Research/DroneControl/user_study_v3/Muyuan/Unknown/4.wav,Muyuan/Unknown/4.wav,unknown,0.99609375,0.0,0.0,0.99609375,"[-128, -128, 127]",True,,,,,,,,,,,,,0.18041697330772877,1.0601660469546914,0.735208042897284,1.9834579434245825
356,Muyuan,unknown,unavailable_in_sd_path,5,intent_directory,/Users/zilongzeng/Research/DroneControl/user_study_v3/Muyuan/Unknown/5.wav,Muyuan/Unknown/5.wav,unknown,0.99609375,0.0,0.0,0.99609375,"[-128, -128, 127]",True,,,,,,,,,,,,,0.262417015619576,1.395000028423965,0.701459008269012,2.3655410623177886
357,Muyuan,unknown,unavailable_in_sd_path,6,intent_directory,/Users/zilongzeng/Research/DroneControl/user_study_v3/Muyuan/Unknown/6.wav,Muyuan/Unknown/6.wav,unknown,0.99609375,0.0,0.0,0.99609375,"[-128, -128, 127]",True,,,,,,,,,,,,,0.25945797096937895,1.1468329466879368,0.6624170346185565,2.073667012155056
358,Muyuan,unknown,unavailable_in_sd_path,7,intent_directory,/Users/zilongzeng/Research/DroneControl/user_study_v3/Muyuan/Unknown/7.wav,Muyuan/Unknown/7.wav,unknown,0.99609375,0.0,0.0,0.99609375,"[-128, -128, 127]",True,,,,,,,,,,,,,0.20216591656208038,1.1348749976605177,0.6724590202793479,2.0141249988228083
359,Muyuan,unknown,unavailable_in_sd_path,8,intent_directory,/Users/zilongzeng/Research/DroneControl/user_study_v3/Muyuan/Unknown/8.wav,Muyuan/Unknown/8.wav,unknown,0.99609375,0.0,0.0,0.99609375,"[-128, -128, 127]",True,,,,,,,,,,,,,0.20258408039808273,1.2019580462947488,0.7065420504659414,2.150583080947399
360,Muyuan,unknown,unavailable_in_sd_path,9,intent_directory,/Users/zilongzeng/Research/DroneControl/user_study_v3/Muyuan/Unknown/9.wav,Muyuan/Unknown/9.wav,unknown,0.99609375,0.0,0.0,0.99609375,"[-128, -128, 127]",True,,,,,,,,,,,,,0.2964999293908477,1.2506250059232116,0.6880420260131359,2.2411670070141554
361,Muyuan,unknown,unavailable_in_sd_path,10,intent_directory,/Users/zilongzeng/Research/DroneControl/user_study_v3/Muyuan/Unknown/10.wav,Muyuan/Unknown/10.wav,unknown,0.99609375,0.0,0.0,0.99609375,"[-128, -128, 127]",True,,,,,,,,,,,,,0.23841694928705692,1.2134580174461007,0.6874579703435302,2.144416910596192
362,Muyuan,unknown,unavailable_in_sd_path,11,intent_directory,/Users/zilongzeng/Research/DroneControl/user_study_v3/Muyuan/Unknown/11.wav,Muyuan/Unknown/11.wav,unknown,0.99609375,0.0,0.0,0.99609375,"[-128, -128, 127]",True,,,,,,,,,,,,,0.19954191520810127,1.1378340423107147,0.6615000311285257,2.0037080394104123
363,Muyuan,unknown,unavailable_in_sd_path,12,intent_directory,/Users/zilongzeng/Research/DroneControl/user_study_v3/Muyuan/Unknown/12.wav,Muyuan/Unknown/12.wav,movement,0.859375,0.140625,0.859375,0.0,"[-92, 92, -128]",False,,,,,,,,,,,,,0.18979201558977365,1.0782909812405705,0.6994999712333083,2.0078340312466025
364,Muyuan,unknown,unavailable_in_sd_path,13,intent_directory,/Users/zilongzeng/Research/DroneControl/user_study_v3/Muyuan/Unknown/13.wav,Muyuan/Unknown/13.wav,unknown,0.99609375,0.0,0.0,0.99609375,"[-128, -128, 127]",True,,,,,,,,,,,,,0.3005419857800007,1.3119170907884836,0.6101669277995825,2.229499979875982
365,Muyuan,unknown,unavailable_in_sd_path,14,intent_directory,/Users/zilongzeng/Research/DroneControl/user_study_v3/Muyuan/Unknown/14.wav,Muyuan/Unknown/14.wav,unknown,0.99609375,0.0,0.0,0.99609375,"[-128, -128, 127]",True,,,,,,,,,,,,,0.24729094002395868,1.2218339834362268,0.6792499916628003,2.1541250171139836
366,Muyuan,unknown,unavailable_in_sd_path,15,intent_directory,/Users/zilongzeng/Research/DroneControl/user_study_v3/Muyuan/Unknown/15.wav,Muyuan/Unknown/15.wav,unknown,0.99609375,0.0,0.0,0.99609375,"[-128, -128, 127]",True,,,,,,,,,,,,,0.25387504138052464,1.1425829725340009,0.67679095081985,2.0782080246135592
367,Muyuan,unknown,unavailable_in_sd_path,16,intent_directory,/Users/zilongzeng/Research/DroneControl/user_study_v3/Muyuan/Unknown/16.wav,Muyuan/Unknown/16.wav,unknown,0.55078125,0.00390625,0.44921875,0.55078125,"[-127, -13, 13]",True,,,,,,,,,,,,,0.20887493155896664,1.333083026111126,0.640665995888412,2.1927079651504755
368,Muyuan,unknown,unavailable_in_sd_path,17,intent_directory,/Users/zilongzeng/Research/DroneControl/user_study_v3/Muyuan/Unknown/17.wav,Muyuan/Unknown/17.wav,movement,0.97265625,0.0,0.97265625,0.02734375,"[-128, 121, -121]",False,,,,,,,,,,,,,0.25820801965892315,1.2473330134525895,0.6249159341678023,2.1373339695855975
369,Muyuan,unknown,unavailable_in_sd_path,18,intent_directory,/Users/zilongzeng/Research/DroneControl/user_study_v3/Muyuan/Unknown/18.wav,Muyuan/Unknown/18.wav,unknown,0.99609375,0.0,0.0,0.99609375,"[-128, -128, 127]",True,,,,,,,,,,,,,0.2430829918012023,1.1915420182049274,0.6873749662190676,2.128374995663762
370,Muyuan,unknown,unavailable_in_sd_path,19,intent_directory,/Users/zilongzeng/Research/DroneControl/user_study_v3/Muyuan/Unknown/19.wav,Muyuan/Unknown/19.wav,unknown,0.99609375,0.0,0.0,0.99609375,"[-128, -128, 127]",True,,,,,,,,,,,,,0.22050004918128252,1.1884589912369847,0.6691670278087258,2.0830000285059214
371,Muyuan,unknown,unavailable_in_sd_path,20,intent_directory,/Users/zilongzeng/Research/DroneControl/user_study_v3/Muyuan/Unknown/20.wav,Muyuan/Unknown/20.wav,unknown,0.99609375,0.0,0.0,0.99609375,"[-128, -128, 127]",True,,,,,,,,,,,,,0.20120793487876654,1.3169579906389117,0.6910000229254365,2.2157090716063976
372,Muyuan,unknown,unavailable_in_sd_path,21,intent_directory,/Users/zilongzeng/Research/DroneControl/user_study_v3/Muyuan/Unknown/21.wav,Muyuan/Unknown/21.wav,unknown,0.99609375,0.0,0.0,0.99609375,"[-128, -128, 127]",True,,,,,,,,,,,,,0.21741597447544336,1.1989580234512687,0.6842499133199453,2.1056249970570207
373,Muyuan,unknown,unavailable_in_sd_path,22,intent_directory,/Users/zilongzeng/Research/DroneControl/user_study_v3/Muyuan/Unknown/22.wav,Muyuan/Unknown/22.wav,unknown,0.99609375,0.0,0.0,0.99609375,"[-128, -128, 127]",True,,,,,,,,,,,,,0.1895830500870943,1.1622500605881214,0.6954999407753348,2.053041011095047
374,Muyuan,unknown,unavailable_in_sd_path,23,intent_directory,/Users/zilongzeng/Research/DroneControl/user_study_v3/Muyuan/Unknown/23.wav,Muyuan/Unknown/23.wav,unknown,0.99609375,0.0,0.0,0.99609375,"[-128, -128, 127]",True,,,,,,,,,,,,,0.1924170646816492,1.182209001854062,0.6689589936286211,2.048125024884939
375,Muyuan,unknown,unavailable_in_sd_path,24,intent_directory,/Users/zilongzeng/Research/DroneControl/user_study_v3/Muyuan/Unknown/24.wav,Muyuan/Unknown/24.wav,unknown,0.99609375,0.0,0.0,0.99609375,"[-128, -128, 127]",True,,,,,,,,,,,,,0.19295804668217897,1.317500020377338,0.6745420396327972,2.190291997976601
376,Muyuan,unknown,unavailable_in_sd_path,25,intent_directory,/Users/zilongzeng/Research/DroneControl/user_study_v3/Muyuan/Unknown/25.wav,Muyuan/Unknown/25.wav,unknown,0.99609375,0.0,0.0,0.99609375,"[-128, -128, 127]",True,,,,,,,,,,,,,0.196542008779943,1.1783750960603356,0.6630000425502658,2.0425000693649054
377,Muyuan,unknown,unavailable_in_sd_path,26,intent_directory,/Users/zilongzeng/Research/DroneControl/user_study_v3/Muyuan/Unknown/26.wav,Muyuan/Unknown/26.wav,movement,0.85546875,0.00390625,0.85546875,0.140625,"[-127, 91, -92]",False,,,,,,,,,,,,,0.18629198893904686,1.095249899663031,0.6645420799031854,1.951041049323976
378,Muyuan,unknown,unavailable_in_sd_path,27,intent_directory,/Users/zilongzeng/Research/DroneControl/user_study_v3/Muyuan/Unknown/27.wav,Muyuan/Unknown/27.wav,unknown,0.99609375,0.0,0.0,0.99609375,"[-128, -128, 127]",True,,,,,,,,,,,,,0.24783308617770672,1.1506670853123069,0.6605000235140324,2.063874970190227
379,Muyuan,unknown,unavailable_in_sd_path,28,intent_directory,/Users/zilongzeng/Research/DroneControl/user_study_v3/Muyuan/Unknown/28.wav,Muyuan/Unknown/28.wav,unknown,0.99609375,0.0,0.0,0.99609375,"[-128, -128, 127]",True,,,,,,,,,,,,,0.19766599871218204,1.390957972034812,0.6962909828871489,2.2912080166861415
380,Muyuan,unknown,unavailable_in_sd_path,29,intent_directory,/Users/zilongzeng/Research/DroneControl/user_study_v3/Muyuan/Unknown/29.wav,Muyuan/Unknown/29.wav,unknown,0.99609375,0.0,0.0,0.99609375,"[-128, -128, 127]",True,,,,,,,,,,,,,0.198333989828825,1.1815830366685987,0.6658339407294989,2.0505409920588136
381,Muyuan,unknown,unavailable_in_sd_path,30,intent_directory,/Users/zilongzeng/Research/DroneControl/user_study_v3/Muyuan/Unknown/30.wav,Muyuan/Unknown/30.wav,unknown,0.99609375,0.0,0.0,0.99609375,"[-128, -128, 127]",True,,,,,,,,,,,,,0.20470796152949333,1.2349579483270645,0.6664580432698131,2.110666944645345
382,Muyuan,unknown,unavailable_in_sd_path,31,intent_directory,/Users/zilongzeng/Research/DroneControl/user_study_v3/Muyuan/Unknown/31.wav,Muyuan/Unknown/31.wav,unknown,0.99609375,0.0,0.0,0.99609375,"[-128, -128, 127]",True,,,,,,,,,,,,,0.21470803767442703,1.0821250034496188,0.6692499155178666,1.9707920728251338
383,Muyuan,unknown,unavailable_in_sd_path,32,intent_directory,/Users/zilongzeng/Research/DroneControl/user_study_v3/Muyuan/Unknown/32.wav,Muyuan/Unknown/32.wav,unknown,0.99609375,0.0,0.0,0.99609375,"[-128, -128, 127]",True,,,,,,,,,,,,,0.19358296412974596,1.3564579421654344,0.7131249876692891,2.268709009513259
384,Muyuan,unknown,unavailable_in_sd_path,33,intent_directory,/Users/zilongzeng/Research/DroneControl/user_study_v3/Muyuan/Unknown/33.wav,Muyuan/Unknown/33.wav,unknown,0.99609375,0.0,0.0,0.99609375,"[-128, -128, 127]",True,,,,,,,,,,,,,0.29150000773370266,1.2278339127078652,0.6720829987898469,2.196290995925665
385,Muyuan,unknown,unavailable_in_sd_path,34,intent_directory,/Users/zilongzeng/Research/DroneControl/user_study_v3/Muyuan/Unknown/34.wav,Muyuan/Unknown/34.wav,unknown,0.99609375,0.0,0.0,0.99609375,"[-128, -128, 127]",True,,,,,,,,,,,,,0.18079194705933332,1.1473750928416848,0.675791990943253,2.0086669828742743
386,Muyuan,unknown,unavailable_in_sd_path,35,intent_directory,/Users/zilongzeng/Research/DroneControl/user_study_v3/Muyuan/Unknown/35.wav,Muyuan/Unknown/35.wav,unknown,0.99609375,0.0,0.0,0.99609375,"[-128, -128, 127]",True,,,,,,,,,,,,,0.18145807553082705,1.0920000495389104,0.6706669228151441,1.9485841039568186
387,Muyuan,unknown,unavailable_in_sd_path,36,intent_directory,/Users/zilongzeng/Research/DroneControl/user_study_v3/Muyuan/Unknown/36.wav,Muyuan/Unknown/36.wav,unknown,0.99609375,0.0,0.0,0.99609375,"[-128, -128, 127]",True,,,,,,,,,,,,,0.1966250129044056,1.3685000594705343,0.695333001203835,2.267290954478085
388,Muyuan,unknown,unavailable_in_sd_path,37,intent_directory,/Users/zilongzeng/Research/DroneControl/user_study_v3/Muyuan/Unknown/37.wav,Muyuan/Unknown/37.wav,unknown,0.80078125,0.16015625,0.0390625,0.80078125,"[-87, -118, 77]",True,,,,,,,,,,,,,0.06574997678399086,1.1545829474925995,0.6819589762017131,1.9073749426752329
389,Muyuan,unknown,unavailable_in_sd_path,38,intent_directory,/Users/zilongzeng/Research/DroneControl/user_study_v3/Muyuan/Unknown/38.wav,Muyuan/Unknown/38.wav,unknown,0.99609375,0.0,0.0,0.99609375,"[-128, -128, 127]",True,,,,,,,,,,,,,0.20262505859136581,1.210833084769547,0.6635419558733702,2.0823340164497495
390,Muyuan,unknown,unavailable_in_sd_path,39,intent_directory,/Users/zilongzeng/Research/DroneControl/user_study_v3/Muyuan/Unknown/39.wav,Muyuan/Unknown/39.wav,movement,0.98046875,0.00390625,0.98046875,0.015625,"[-127, 123, -124]",False,,,,,,,,,,,,,0.185334007255733,1.2861250434070826,0.6363339489325881,2.117290976457298
391,Muyuan,unknown,unavailable_in_sd_path,40,intent_directory,/Users/zilongzeng/Research/DroneControl/user_study_v3/Muyuan/Unknown/40.wav,Muyuan/Unknown/40.wav,unknown,0.765625,0.0078125,0.2265625,0.765625,"[-126, -70, 68]",True,,,,,,,,,,,,,0.33241696655750275,1.3344580074772239,0.7134999614208937,2.387666958384216
392,Muyuan,unknown,unavailable_in_sd_path,41,intent_directory,/Users/zilongzeng/Research/DroneControl/user_study_v3/Muyuan/Unknown/41.wav,Muyuan/Unknown/41.wav,unknown,0.99609375,0.0,0.0,0.99609375,"[-128, -128, 127]",True,,,,,,,,,,,,,0.28966600075364113,1.1914169881492853,0.6679580546915531,2.1538749570026994
393,Muyuan,unknown,unavailable_in_sd_path,42,intent_directory,/Users/zilongzeng/Research/DroneControl/user_study_v3/Muyuan/Unknown/42.wav,Muyuan/Unknown/42.wav,unknown,0.99609375,0.0,0.0,0.99609375,"[-128, -128, 127]",True,,,,,,,,,,,,,0.18887489568442106,1.0890830308198929,0.6772909546270967,1.9600410014390945
394,Muyuan,unknown,unavailable_in_sd_path,43,intent_directory,/Users/zilongzeng/Research/DroneControl/user_study_v3/Muyuan/Unknown/43.wav,Muyuan/Unknown/43.wav,unknown,0.99609375,0.0,0.0,0.99609375,"[-128, -128, 127]",True,,,,,,,,,,,,,0.22537494078278542,1.1691250838339329,0.676083960570395,2.075375057756901
395,Muyuan,unknown,unavailable_in_sd_path,44,intent_directory,/Users/zilongzeng/Research/DroneControl/user_study_v3/Muyuan/Unknown/44.wav,Muyuan/Unknown/44.wav,unknown,0.99609375,0.0,0.0,0.99609375,"[-128, -128, 127]",True,,,,,,,,,,,,,0.28683303389698267,1.4539590338245034,0.6901250453665853,2.437500050291419
396,Muyuan,unknown,unavailable_in_sd_path,45,intent_directory,/Users/zilongzeng/Research/DroneControl/user_study_v3/Muyuan/Unknown/45.wav,Muyuan/Unknown/45.wav,unknown,0.99609375,0.0,0.0,0.99609375,"[-128, -128, 127]",True,,,,,,,,,,,,,0.24870794732123613,1.1778749758377671,0.6722089601680636,2.1037498954683542
397,Muyuan,unknown,unavailable_in_sd_path,46,intent_directory,/Users/zilongzeng/Research/DroneControl/user_study_v3/Muyuan/Unknown/46.wav,Muyuan/Unknown/46.wav,unknown,0.99609375,0.0,0.0,0.99609375,"[-128, -128, 127]",True,,,,,,,,,,,,,0.20441599190235138,1.2044580653309822,0.6775829242542386,2.0911250030621886
398,Muyuan,unknown,unavailable_in_sd_path,47,intent_directory,/Users/zilongzeng/Research/DroneControl/user_study_v3/Muyuan/Unknown/47.wav,Muyuan/Unknown/47.wav,unknown,0.99609375,0.0,0.0,0.99609375,"[-128, -128, 127]",True,,,,,,,,,,,,,0.29562495183199644,1.1522920103743672,0.7646669400855899,2.2227499866858125
399,Muyuan,unknown,unavailable_in_sd_path,48,intent_directory,/Users/zilongzeng/Research/DroneControl/user_study_v3/Muyuan/Unknown/48.wav,Muyuan/Unknown/48.wav,unknown,0.99609375,0.0,0.0,0.99609375,"[-128, -128, 127]",True,,,,,,,,,,,,,0.21529197692871094,1.335916924290359,0.6801669951528311,2.236416097730398
400,Muyuan,unknown,unavailable_in_sd_path,49,intent_directory,/Users/zilongzeng/Research/DroneControl/user_study_v3/Muyuan/Unknown/49.wav,Muyuan/Unknown/49.wav,unknown,0.99609375,0.0,0.0,0.99609375,"[-128, -128, 127]",True,,,,,,,,,,,,,0.3249170258641243,1.1884579434990883,0.6670409347862005,2.1850409684702754
401,Shujun,emergency,unavailable_in_sd_path,0,intent_directory,/Users/zilongzeng/Research/DroneControl/user_study_v3/Shujun/Emergency/0.wav,Shujun/Emergency/0.wav,unknown,0.99609375,0.0,0.0,0.99609375,"[-128, -128, 127]",False,,,,,,,,,,,,,0.19887497182935476,1.1462080292403698,0.6602080538868904,2.010416006669402
402,Shujun,emergency,unavailable_in_sd_path,1,intent_directory,/Users/zilongzeng/Research/DroneControl/user_study_v3/Shujun/Emergency/1.wav,Shujun/Emergency/1.wav,unknown,0.99609375,0.0,0.0,0.99609375,"[-128, -128, 127]",False,,,,,,,,,,,,,0.208082958124578,1.2166249798610806,0.8006669813767076,2.2350000217556953
403,Shujun,emergency,unavailable_in_sd_path,2,intent_directory,/Users/zilongzeng/Research/DroneControl/user_study_v3/Shujun/Emergency/2.wav,Shujun/Emergency/2.wav,emergency,0.99609375,0.99609375,0.0,0.0,"[127, -128, -128]",True,,,,,,,,,,,,,0.23379200138151646,1.255959039554,0.6763749988749623,2.171125030145049
404,Shujun,emergency,unavailable_in_sd_path,3,intent_directory,/Users/zilongzeng/Research/DroneControl/user_study_v3/Shujun/Emergency/3.wav,Shujun/Emergency/3.wav,emergency,0.99609375,0.99609375,0.0,0.0,"[127, -128, -128]",True,,,,,,,,,,,,,0.21641701459884644,1.0967080015689135,0.6577500607818365,1.9755000248551369
405,Shujun,emergency,unavailable_in_sd_path,4,intent_directory,/Users/zilongzeng/Research/DroneControl/user_study_v3/Shujun/Emergency/4.wav,Shujun/Emergency/4.wav,emergency,0.99609375,0.99609375,0.0,0.0,"[127, -128, -128]",True,,,,,,,,,,,,,0.19837496802210808,1.0817500296980143,0.6687080021947622,1.9534580642357469
406,Shujun,emergency,unavailable_in_sd_path,5,intent_directory,/Users/zilongzeng/Research/DroneControl/user_study_v3/Shujun/Emergency/5.wav,Shujun/Emergency/5.wav,unknown,0.91796875,0.08203125,0.0,0.91796875,"[-107, -128, 107]",False,,,,,,,,,,,,,0.19629194866865873,1.1457500513643026,0.7772500393912196,2.1284170215949416
407,Shujun,emergency,unavailable_in_sd_path,6,intent_directory,/Users/zilongzeng/Research/DroneControl/user_study_v3/Shujun/Emergency/6.wav,Shujun/Emergency/6.wav,movement,0.9921875,0.0078125,0.9921875,0.00390625,"[-126, 126, -127]",False,,,,,,,,,,,,,0.2826250856742263,1.2082499451935291,0.6755420472472906,2.1712920861318707
408,Shujun,emergency,unavailable_in_sd_path,7,intent_directory,/Users/zilongzeng/Research/DroneControl/user_study_v3/Shujun/Emergency/7.wav,Shujun/Emergency/7.wav,emergency,0.99609375,0.99609375,0.0,0.0,"[127, -128, -128]",True,,,,,,,,,,,,,0.20466698333621025,1.1661250609904528,0.6702090613543987,2.0456670317798853
409,Shujun,emergency,unavailable_in_sd_path,8,intent_directory,/Users/zilongzeng/Research/DroneControl/user_study_v3/Shujun/Emergency/8.wav,Shujun/Emergency/8.wav,emergency,0.99609375,0.99609375,0.0,0.0,"[127, -128, -128]",True,,,,,,,,,,,,,0.2720829797908664,1.0954999597743154,0.6763749988749623,2.048750058747828
410,Shujun,emergency,unavailable_in_sd_path,9,intent_directory,/Users/zilongzeng/Research/DroneControl/user_study_v3/Shujun/Emergency/9.wav,Shujun/Emergency/9.wav,emergency,0.99609375,0.99609375,0.0,0.0,"[127, -128, -128]",True,,,,,,,,,,,,,0.20283402409404516,1.2851249193772674,0.7256659446284175,2.219374990090728
411,Shujun,emergency,unavailable_in_sd_path,10,intent_directory,/Users/zilongzeng/Research/DroneControl/user_study_v3/Shujun/Emergency/10.wav,Shujun/Emergency/10.wav,emergency,0.99609375,0.99609375,0.0,0.0,"[127, -128, -128]",True,,,,,,,,,,,,,0.24891598150134087,1.1862920364364982,0.6706250132992864,2.1107500651851296
412,Shujun,emergency,unavailable_in_sd_path,11,intent_directory,/Users/zilongzeng/Research/DroneControl/user_study_v3/Shujun/Emergency/11.wav,Shujun/Emergency/11.wav,movement,0.9921875,0.0078125,0.9921875,0.0,"[-126, 126, -128]",False,,,,,,,,,,,,,0.21049997303634882,1.1238750303164124,0.6687500281259418,2.0076659275218844
413,Shujun,emergency,unavailable_in_sd_path,12,intent_directory,/Users/zilongzeng/Research/DroneControl/user_study_v3/Shujun/Emergency/12.wav,Shujun/Emergency/12.wav,emergency,0.99609375,0.99609375,0.0,0.0,"[127, -128, -128]",True,,,,,,,,,,,,,0.24812493938952684,1.099291956052184,0.6622080691158772,2.014000085182488
414,Shujun,emergency,unavailable_in_sd_path,13,intent_directory,/Users/zilongzeng/Research/DroneControl/user_study_v3/Shujun/Emergency/13.wav,Shujun/Emergency/13.wav,emergency,0.99609375,0.99609375,0.0,0.0,"[127, -128, -128]",True,,,,,,,,,,,,,0.19941700156778097,1.2831250205636024,0.7187080336734653,2.206707955338061
415,Shujun,emergency,unavailable_in_sd_path,14,intent_directory,/Users/zilongzeng/Research/DroneControl/user_study_v3/Shujun/Emergency/14.wav,Shujun/Emergency/14.wav,emergency,0.99609375,0.99609375,0.0,0.0,"[127, -128, -128]",True,,,,,,,,,,,,,0.2711669076234102,1.1942089768126607,0.6696669152006507,2.1396669326350093
416,Shujun,emergency,unavailable_in_sd_path,15,intent_directory,/Users/zilongzeng/Research/DroneControl/user_study_v3/Shujun/Emergency/15.wav,Shujun/Emergency/15.wav,movement,0.99609375,0.0,0.99609375,0.0,"[-128, 127, -128]",False,,,,,,,,,,,,,0.20362494979053736,1.098125008866191,0.6610839627683163,1.9674159120768309
417,Shujun,emergency,unavailable_in_sd_path,16,intent_directory,/Users/zilongzeng/Research/DroneControl/user_study_v3/Shujun/Emergency/16.wav,Shujun/Emergency/16.wav,movement,0.99609375,0.0,0.99609375,0.0,"[-128, 127, -128]",False,,,,,,,,,,,,,0.22525002714246511,1.1197089916095138,0.6671249866485596,2.0166669273748994
418,Shujun,emergency,unavailable_in_sd_path,17,intent_directory,/Users/zilongzeng/Research/DroneControl/user_study_v3/Shujun/Emergency/17.wav,Shujun/Emergency/17.wav,movement,0.99609375,0.0,0.99609375,0.0,"[-128, 127, -128]",False,,,,,,,,,,,,,0.1917090266942978,1.1781249195337296,0.7249159971252084,2.100915997289121
419,Shujun,emergency,unavailable_in_sd_path,18,intent_directory,/Users/zilongzeng/Research/DroneControl/user_study_v3/Shujun/Emergency/18.wav,Shujun/Emergency/18.wav,movement,0.99609375,0.0,0.99609375,0.0,"[-128, 127, -128]",False,,,,,,,,,,,,,0.21704204846173525,1.237542019225657,0.6730830064043403,2.132624969817698
420,Shujun,emergency,unavailable_in_sd_path,19,intent_directory,/Users/zilongzeng/Research/DroneControl/user_study_v3/Shujun/Emergency/19.wav,Shujun/Emergency/19.wav,emergency,0.99609375,0.99609375,0.0,0.0,"[127, -128, -128]",True,,,,,,,,,,,,,0.1909579150378704,1.149832969531417,0.6657090270891786,2.0116670057177544
421,Shujun,emergency,unavailable_in_sd_path,20,intent_directory,/Users/zilongzeng/Research/DroneControl/user_study_v3/Shujun/Emergency/20.wav,Shujun/Emergency/20.wav,movement,0.99609375,0.0,0.99609375,0.0,"[-128, 127, -128]",False,,,,,,,,,,,,,0.19270798657089472,1.1282500345259905,0.6624580128118396,1.988166943192482
422,Shujun,emergency,unavailable_in_sd_path,21,intent_directory,/Users/zilongzeng/Research/DroneControl/user_study_v3/Shujun/Emergency/21.wav,Shujun/Emergency/21.wav,movement,0.8046875,0.1953125,0.8046875,0.0,"[-78, 78, -128]",False,,,,,,,,,,,,,0.18199998885393143,1.2268329737707973,0.6515830755233765,2.06958397757262
423,Shujun,emergency,unavailable_in_sd_path,22,intent_directory,/Users/zilongzeng/Research/DroneControl/user_study_v3/Shujun/Emergency/22.wav,Shujun/Emergency/22.wav,unknown,0.99609375,0.0,0.0,0.99609375,"[-128, -128, 127]",False,,,,,,,,,,,,,0.28833397664129734,1.1990841012448072,0.6869579665362835,2.1805829601362348
424,Shujun,emergency,unavailable_in_sd_path,23,intent_directory,/Users/zilongzeng/Research/DroneControl/user_study_v3/Shujun/Emergency/23.wav,Shujun/Emergency/23.wav,movement,0.90625,0.06640625,0.90625,0.03125,"[-111, 104, -120]",False,,,,,,,,,,,,,0.3428749041631818,1.1559580452740192,0.6669169524684548,2.1703329402953386
425,Shujun,emergency,unavailable_in_sd_path,24,intent_directory,/Users/zilongzeng/Research/DroneControl/user_study_v3/Shujun/Emergency/24.wav,Shujun/Emergency/24.wav,emergency,0.99609375,0.99609375,0.0,0.0,"[127, -128, -128]",True,,,,,,,,,,,,,0.19391695968806744,1.0625839931890368,0.6702080136165023,1.9314589444547892
426,Shujun,emergency,unavailable_in_sd_path,25,intent_directory,/Users/zilongzeng/Research/DroneControl/user_study_v3/Shujun/Emergency/25.wav,Shujun/Emergency/25.wav,emergency,0.99609375,0.99609375,0.0,0.0,"[127, -128, -128]",True,,,,,,,,,,,,,0.1996250357478857,1.3036670861765742,0.7155840285122395,2.224750001914799
427,Shujun,emergency,unavailable_in_sd_path,26,intent_directory,/Users/zilongzeng/Research/DroneControl/user_study_v3/Shujun/Emergency/26.wav,Shujun/Emergency/26.wav,emergency,0.99609375,0.99609375,0.0,0.0,"[127, -128, -128]",True,,,,,,,,,,,,,0.20391703583300114,1.2038329150527716,0.6622920045629144,2.074750023894012
428,Shujun,emergency,unavailable_in_sd_path,27,intent_directory,/Users/zilongzeng/Research/DroneControl/user_study_v3/Shujun/Emergency/27.wav,Shujun/Emergency/27.wav,emergency,0.99609375,0.99609375,0.0,0.0,"[127, -128, -128]",True,,,,,,,,,,,,,0.24575006682425737,1.1612079106271267,0.6672079907730222,2.078999998047948
429,Shujun,emergency,unavailable_in_sd_path,28,intent_directory,/Users/zilongzeng/Research/DroneControl/user_study_v3/Shujun/Emergency/28.wav,Shujun/Emergency/28.wav,movement,0.76953125,0.23046875,0.76953125,0.0,"[-69, 69, -128]",False,,,,,,,,,,,,,0.19979197531938553,1.1482909321784973,0.6671249866485596,2.0197919802740216
430,Shujun,emergency,unavailable_in_sd_path,29,intent_directory,/Users/zilongzeng/Research/DroneControl/user_study_v3/Shujun/Emergency/29.wav,Shujun/Emergency/29.wav,emergency,0.99609375,0.99609375,0.0,0.0,"[127, -128, -128]",True,,,,,,,,,,,,,0.23633299861103296,1.3144579716026783,0.6890840595588088,2.245333045721054
431,Shujun,emergency,unavailable_in_sd_path,30,intent_directory,/Users/zilongzeng/Research/DroneControl/user_study_v3/Shujun/Emergency/30.wav,Shujun/Emergency/30.wav,emergency,0.99609375,0.99609375,0.0,0.0,"[127, -128, -128]",True,,,,,,,,,,,,,0.21470803767442703,1.2008330086246133,0.6640829378738999,2.0842920057475567
432,Shujun,emergency,unavailable_in_sd_path,31,intent_directory,/Users/zilongzeng/Research/DroneControl/user_study_v3/Shujun/Emergency/31.wav,Shujun/Emergency/31.wav,movement,0.99609375,0.0,0.99609375,0.0,"[-128, 127, -128]",False,,,,,,,,,,,,,0.22379192523658276,1.1458339868113399,0.6674579344689846,2.041999949142337
433,Shujun,emergency,unavailable_in_sd_path,32,intent_directory,/Users/zilongzeng/Research/DroneControl/user_study_v3/Shujun/Emergency/32.wav,Shujun/Emergency/32.wav,movement,0.99609375,0.0,0.99609375,0.0,"[-128, 127, -128]",False,,,,,,,,,,,,,0.1931660808622837,1.167041016742587,0.6602909415960312,2.025166992098093
434,Shujun,emergency,unavailable_in_sd_path,33,intent_directory,/Users/zilongzeng/Research/DroneControl/user_study_v3/Shujun/Emergency/33.wav,Shujun/Emergency/33.wav,emergency,0.99609375,0.99609375,0.0,0.0,"[127, -128, -128]",True,,,,,,,,,,,,,0.3049579681828618,1.3027499662712216,0.6810839986428618,2.2936250315979123
435,Shujun,emergency,unavailable_in_sd_path,34,intent_directory,/Users/zilongzeng/Research/DroneControl/user_study_v3/Shujun/Emergency/34.wav,Shujun/Emergency/34.wav,emergency,0.99609375,0.99609375,0.0,0.0,"[127, -128, -128]",True,,,,,,,,,,,,,0.2014589263126254,1.246583997271955,0.6722500547766685,2.125375089235604
436,Shujun,emergency,unavailable_in_sd_path,35,intent_directory,/Users/zilongzeng/Research/DroneControl/user_study_v3/Shujun/Emergency/35.wav,Shujun/Emergency/35.wav,emergency,0.99609375,0.99609375,0.0,0.0,"[127, -128, -128]",True,,,,,,,,,,,,,0.22383301984518766,1.1317910393700004,0.6681249942630529,2.0286249928176403
437,Shujun,emergency,unavailable_in_sd_path,36,intent_directory,/Users/zilongzeng/Research/DroneControl/user_study_v3/Shujun/Emergency/36.wav,Shujun/Emergency/36.wav,unknown,0.99609375,0.0,0.0,0.99609375,"[-128, -128, 127]",False,,,,,,,,,,,,,0.18795893993228674,1.1472920887172222,0.6699160439893603,2.0097089000046253
438,Shujun,emergency,unavailable_in_sd_path,37,intent_directory,/Users/zilongzeng/Research/DroneControl/user_study_v3/Shujun/Emergency/37.wav,Shujun/Emergency/37.wav,emergency,0.99609375,0.99609375,0.0,0.0,"[127, -128, -128]",True,,,,,,,,,,,,,0.2643750049173832,1.3830409152433276,0.6818750407546759,2.3342500207945704
439,Shujun,emergency,unavailable_in_sd_path,38,intent_directory,/Users/zilongzeng/Research/DroneControl/user_study_v3/Shujun/Emergency/38.wav,Shujun/Emergency/38.wav,emergency,0.99609375,0.99609375,0.0,0.0,"[127, -128, -128]",True,,,,,,,,,,,,,0.2019170206040144,1.229833927936852,0.6721249083057046,2.1084999898448586
440,Shujun,emergency,unavailable_in_sd_path,39,intent_directory,/Users/zilongzeng/Research/DroneControl/user_study_v3/Shujun/Emergency/39.wav,Shujun/Emergency/39.wav,emergency,0.99609375,0.99609375,0.0,0.0,"[127, -128, -128]",True,,,,,,,,,,,,,0.21241698414087296,1.1306670494377613,0.6729169981554151,2.020625048317015
441,Shujun,emergency,unavailable_in_sd_path,40,intent_directory,/Users/zilongzeng/Research/DroneControl/user_study_v3/Shujun/Emergency/40.wav,Shujun/Emergency/40.wav,emergency,0.99609375,0.99609375,0.0,0.0,"[127, -128, -128]",True,,,,,,,,,,,,,0.05470798350870609,1.0608748998492956,0.6639170460402966,1.7838749336078763
442,Shujun,emergency,unavailable_in_sd_path,41,intent_directory,/Users/zilongzeng/Research/DroneControl/user_study_v3/Shujun/Emergency/41.wav,Shujun/Emergency/41.wav,emergency,0.99609375,0.99609375,0.0,0.0,"[127, -128, -128]",True,,,,,,,,,,,,,0.18870900385081768,1.3264580629765987,0.6804580334573984,2.200916060246527
443,Shujun,emergency,unavailable_in_sd_path,42,intent_directory,/Users/zilongzeng/Research/DroneControl/user_study_v3/Shujun/Emergency/42.wav,Shujun/Emergency/42.wav,emergency,0.99609375,0.99609375,0.0,0.0,"[127, -128, -128]",True,,,,,,,,,,,,,0.2252089325338602,1.2279169168323278,0.6708750734105706,2.128666965290904
444,Shujun,emergency,unavailable_in_sd_path,43,intent_directory,/Users/zilongzeng/Research/DroneControl/user_study_v3/Shujun/Emergency/43.wav,Shujun/Emergency/43.wav,emergency,0.99609375,0.99609375,0.0,0.0,"[127, -128, -128]",True,,,,,,,,,,,,,0.053875031881034374,1.1574169620871544,0.667041982524097,1.8828329630196095
445,Shujun,emergency,unavailable_in_sd_path,44,intent_directory,/Users/zilongzeng/Research/DroneControl/user_study_v3/Shujun/Emergency/44.wav,Shujun/Emergency/44.wav,unknown,0.984375,0.015625,0.0,0.984375,"[-124, -128, 124]",False,,,,,,,,,,,,,0.18970808014273643,1.326291006989777,0.6386659806594253,2.164791920222342
446,Shujun,emergency,unavailable_in_sd_path,45,intent_directory,/Users/zilongzeng/Research/DroneControl/user_study_v3/Shujun/Emergency/45.wav,Shujun/Emergency/45.wav,emergency,0.99609375,0.99609375,0.0,0.0,"[127, -128, -128]",True,,,,,,,,,,,,,0.4036249592900276,1.2719579972326756,0.6994999712333083,2.3818339686840773
447,Shujun,emergency,unavailable_in_sd_path,46,intent_directory,/Users/zilongzeng/Research/DroneControl/user_study_v3/Shujun/Emergency/46.wav,Shujun/Emergency/46.wav,emergency,0.99609375,0.99609375,0.0,0.0,"[127, -128, -128]",True,,,,,,,,,,,,,0.22729206830263138,1.203084015287459,0.6750839529559016,2.1106250351294875
448,Shujun,emergency,unavailable_in_sd_path,47,intent_directory,/Users/zilongzeng/Research/DroneControl/user_study_v3/Shujun/Emergency/47.wav,Shujun/Emergency/47.wav,movement,0.859375,0.140625,0.859375,0.0,"[-92, 92, -128]",False,,,,,,,,,,,,,0.21375005599111319,1.1699580354616046,0.668457942083478,2.0568330073729157
449,Shujun,emergency,unavailable_in_sd_path,48,intent_directory,/Users/zilongzeng/Research/DroneControl/user_study_v3/Shujun/Emergency/48.wav,Shujun/Emergency/48.wav,movement,0.99609375,0.0,0.99609375,0.0,"[-128, 127, -128]",False,,,,,,,,,,,,,0.06379105616360903,1.1224579066038132,0.6702080136165023,1.861124997958541
450,Shujun,emergency,unavailable_in_sd_path,49,intent_directory,/Users/zilongzeng/Research/DroneControl/user_study_v3/Shujun/Emergency/49.wav,Shujun/Emergency/49.wav,emergency,0.99609375,0.99609375,0.0,0.0,"[127, -128, -128]",True,,,,,,,,,,,,,0.058125006034970284,1.310582971200347,0.7227499736472964,2.0970420446246862
451,Shujun,movement,unavailable_in_sd_path,0,intent_directory,/Users/zilongzeng/Research/DroneControl/user_study_v3/Shujun/Movement/0.wav,Shujun/Movement/0.wav,movement,0.99609375,0.0,0.99609375,0.0,"[-128, 127, -128]",True,,,,,,,,,,,,,0.23270805831998587,1.1817080667242408,0.6769589381292462,2.096166950650513
452,Shujun,movement,unavailable_in_sd_path,1,intent_directory,/Users/zilongzeng/Research/DroneControl/user_study_v3/Shujun/Movement/1.wav,Shujun/Movement/1.wav,movement,0.99609375,0.0,0.99609375,0.0,"[-128, 127, -128]",True,,,,,,,,,,,,,0.22741698194295168,1.2156249722465873,0.6697080098092556,2.117375028319657
453,Shujun,movement,unavailable_in_sd_path,2,intent_directory,/Users/zilongzeng/Research/DroneControl/user_study_v3/Shujun/Movement/2.wav,Shujun/Movement/2.wav,unknown,0.99609375,0.0,0.0,0.99609375,"[-128, -128, 127]",False,,,,,,,,,,,,,0.026291003450751305,1.0747499763965607,0.6700420053675771,1.7755830194801092
454,Shujun,movement,unavailable_in_sd_path,3,intent_directory,/Users/zilongzeng/Research/DroneControl/user_study_v3/Shujun/Movement/3.wav,Shujun/Movement/3.wav,movement,0.55078125,0.0,0.55078125,0.44921875,"[-128, 13, -13]",True,,,,,,,,,,,,,0.06137508898973465,1.3361250748857856,0.6700840312987566,2.0727089140564203
455,Shujun,movement,unavailable_in_sd_path,4,intent_directory,/Users/zilongzeng/Research/DroneControl/user_study_v3/Shujun/Movement/4.wav,Shujun/Movement/4.wav,unknown,0.99609375,0.0,0.0,0.99609375,"[-128, -128, 127]",False,,,,,,,,,,,,,0.20945898722857237,1.1762089561671019,0.6682500243186951,2.0585840102285147
456,Shujun,movement,unavailable_in_sd_path,5,intent_directory,/Users/zilongzeng/Research/DroneControl/user_study_v3/Shujun/Movement/5.wav,Shujun/Movement/5.wav,unknown,0.99609375,0.0,0.0,0.99609375,"[-128, -128, 127]",False,,,,,,,,,,,,,0.21695892792195082,1.128958072513342,0.6627080729231238,2.013250021263957
457,Shujun,movement,unavailable_in_sd_path,6,intent_directory,/Users/zilongzeng/Research/DroneControl/user_study_v3/Shujun/Movement/6.wav,Shujun/Movement/6.wav,movement,0.99609375,0.0,0.99609375,0.0,"[-128, 127, -128]",True,,,,,,,,,,,,,0.05858403164893389,1.1535420781001449,0.6685410626232624,1.885084086097777
458,Shujun,movement,unavailable_in_sd_path,7,intent_directory,/Users/zilongzeng/Research/DroneControl/user_study_v3/Shujun/Movement/7.wav,Shujun/Movement/7.wav,movement,0.99609375,0.0,0.99609375,0.0,"[-128, 127, -128]",True,,,,,,,,,,,,,0.20095903892070055,1.3376249698922038,0.687750056385994,2.232083003036678
459,Shujun,movement,unavailable_in_sd_path,8,intent_directory,/Users/zilongzeng/Research/DroneControl/user_study_v3/Shujun/Movement/8.wav,Shujun/Movement/8.wav,movement,0.99609375,0.0,0.99609375,0.0,"[-128, 127, -128]",True,,,,,,,,,,,,,0.23874989710748196,1.1798340128734708,0.6677499040961266,2.0910000894218683
460,Shujun,movement,unavailable_in_sd_path,9,intent_directory,/Users/zilongzeng/Research/DroneControl/user_study_v3/Shujun/Movement/9.wav,Shujun/Movement/9.wav,movement,0.99609375,0.0,0.99609375,0.0,"[-128, 127, -128]",True,,,,,,,,,,,,,0.20708306692540646,1.1166660115122795,0.6681670201942325,1.9965830724686384
461,Shujun,movement,unavailable_in_sd_path,10,intent_directory,/Users/zilongzeng/Research/DroneControl/user_study_v3/Shujun/Movement/10.wav,Shujun/Movement/10.wav,movement,0.99609375,0.0,0.99609375,0.0,"[-128, 127, -128]",True,,,,,,,,,,,,,0.23887492716312408,1.092041959054768,0.674750073812902,2.010249998420477
462,Shujun,movement,unavailable_in_sd_path,11,intent_directory,/Users/zilongzeng/Research/DroneControl/user_study_v3/Shujun/Movement/11.wav,Shujun/Movement/11.wav,movement,0.99609375,0.0,0.99609375,0.0,"[-128, 127, -128]",True,,,,,,,,,,,,,0.058959005400538445,1.1950000189244747,0.7099579088389874,1.9693749491125345
463,Shujun,movement,unavailable_in_sd_path,12,intent_directory,/Users/zilongzeng/Research/DroneControl/user_study_v3/Shujun/Movement/12.wav,Shujun/Movement/12.wav,movement,0.99609375,0.0,0.99609375,0.0,"[-128, 127, -128]",True,,,,,,,,,,,,,0.07016700692474842,1.2741249520331621,0.6613750010728836,2.01045791618526
464,Shujun,movement,unavailable_in_sd_path,13,intent_directory,/Users/zilongzeng/Research/DroneControl/user_study_v3/Shujun/Movement/13.wav,Shujun/Movement/13.wav,movement,0.99609375,0.0,0.99609375,0.0,"[-128, 127, -128]",True,,,,,,,,,,,,,0.06233295425772667,1.092375023290515,0.6650000577792525,1.824334030970931
465,Shujun,movement,unavailable_in_sd_path,14,intent_directory,/Users/zilongzeng/Research/DroneControl/user_study_v3/Shujun/Movement/14.wav,Shujun/Movement/14.wav,movement,0.99609375,0.0,0.99609375,0.0,"[-128, 127, -128]",True,,,,,,,,,,,,,0.0616670586168766,1.1039170203730464,0.6629169220104814,1.8329170998185873
466,Shujun,movement,unavailable_in_sd_path,15,intent_directory,/Users/zilongzeng/Research/DroneControl/user_study_v3/Shujun/Movement/15.wav,Shujun/Movement/15.wav,movement,0.99609375,0.0,0.99609375,0.0,"[-128, 127, -128]",True,,,,,,,,,,,,,0.1961250090971589,1.1004590196534991,0.7913330337032676,2.0975000225007534
467,Shujun,movement,unavailable_in_sd_path,16,intent_directory,/Users/zilongzeng/Research/DroneControl/user_study_v3/Shujun/Movement/16.wav,Shujun/Movement/16.wav,movement,0.99609375,0.0,0.99609375,0.0,"[-128, 127, -128]",True,,,,,,,,,,,,,0.23141689598560333,1.2297920184209943,0.6806669989600778,2.1467910846695304
468,Shujun,movement,unavailable_in_sd_path,17,intent_directory,/Users/zilongzeng/Research/DroneControl/user_study_v3/Shujun/Movement/17.wav,Shujun/Movement/17.wav,movement,0.59765625,0.0,0.59765625,0.40234375,"[-128, 25, -25]",True,,,,,,,,,,,,,0.06391701754182577,1.1390839936211705,0.6665840046480298,1.8742498941719532
469,Shujun,movement,unavailable_in_sd_path,18,intent_directory,/Users/zilongzeng/Research/DroneControl/user_study_v3/Shujun/Movement/18.wav,Shujun/Movement/18.wav,movement,0.99609375,0.0,0.99609375,0.0,"[-128, 127, -128]",True,,,,,,,,,,,,,0.06262492388486862,1.1608749628067017,0.6671670125797391,1.8953749677166343
470,Shujun,movement,unavailable_in_sd_path,19,intent_directory,/Users/zilongzeng/Research/DroneControl/user_study_v3/Shujun/Movement/19.wav,Shujun/Movement/19.wav,unknown,0.9296875,0.06640625,0.0,0.9296875,"[-111, -128, 110]",False,,,,,,,,,,,,,0.2044580178335309,1.1543750297278166,0.772833009250462,2.1394580835476518
471,Shujun,movement,unavailable_in_sd_path,20,intent_directory,/Users/zilongzeng/Research/DroneControl/user_study_v3/Shujun/Movement/20.wav,Shujun/Movement/20.wav,movement,0.47265625,0.140625,0.47265625,0.38671875,"[-92, -7, -29]",True,,,,,,,,,,,,,0.1901669893413782,1.3489999109879136,0.6267910357564688,2.1751669701188803
472,Shujun,movement,unavailable_in_sd_path,21,intent_directory,/Users/zilongzeng/Research/DroneControl/user_study_v3/Shujun/Movement/21.wav,Shujun/Movement/21.wav,movement,0.99609375,0.0,0.99609375,0.0,"[-128, 127, -128]",True,,,,,,,,,,,,,0.14604197349399328,1.195250079035759,0.6772499764338136,2.024332992732525
473,Shujun,movement,unavailable_in_sd_path,22,intent_directory,/Users/zilongzeng/Research/DroneControl/user_study_v3/Shujun/Movement/22.wav,Shujun/Movement/22.wav,movement,0.99609375,0.0,0.99609375,0.0,"[-128, 127, -128]",True,,,,,,,,,,,,,0.06874999962747097,1.2356670340523124,0.6098750745877624,1.9228750606998801
474,Shujun,movement,unavailable_in_sd_path,23,intent_directory,/Users/zilongzeng/Research/DroneControl/user_study_v3/Shujun/Movement/23.wav,Shujun/Movement/23.wav,unknown,0.9609375,0.0,0.0390625,0.9609375,"[-128, -118, 118]",False,,,,,,,,,,,,,0.27558300644159317,1.1438339715823531,0.7846669759601355,2.213834086433053
475,Shujun,movement,unavailable_in_sd_path,24,intent_directory,/Users/zilongzeng/Research/DroneControl/user_study_v3/Shujun/Movement/24.wav,Shujun/Movement/24.wav,movement,0.99609375,0.0,0.99609375,0.0,"[-128, 127, -128]",True,,,,,,,,,,,,,0.24141708854585886,1.2217500479891896,0.6629159906879067,2.1307499846443534
476,Shujun,movement,unavailable_in_sd_path,25,intent_directory,/Users/zilongzeng/Research/DroneControl/user_study_v3/Shujun/Movement/25.wav,Shujun/Movement/25.wav,movement,0.99609375,0.0,0.99609375,0.00390625,"[-128, 127, -127]",True,,,,,,,,,,,,,0.06554101128131151,1.0927499970421195,0.6851250072941184,1.8489580834284425
477,Shujun,movement,unavailable_in_sd_path,26,intent_directory,/Users/zilongzeng/Research/DroneControl/user_study_v3/Shujun/Movement/26.wav,Shujun/Movement/26.wav,movement,0.99609375,0.0,0.99609375,0.0,"[-128, 127, -128]",True,,,,,,,,,,,,,0.067666987888515,1.1728749377653003,0.6917080609127879,1.9368339562788606
478,Shujun,movement,unavailable_in_sd_path,27,intent_directory,/Users/zilongzeng/Research/DroneControl/user_study_v3/Shujun/Movement/27.wav,Shujun/Movement/27.wav,movement,0.99609375,0.0,0.99609375,0.0,"[-128, 127, -128]",True,,,,,,,,,,,,,0.05616701673716307,1.1138329282402992,0.6782090058550239,1.8533749971538782
479,Shujun,movement,unavailable_in_sd_path,28,intent_directory,/Users/zilongzeng/Research/DroneControl/user_study_v3/Shujun/Movement/28.wav,Shujun/Movement/28.wav,movement,0.99609375,0.0,0.99609375,0.0,"[-128, 127, -128]",True,,,,,,,,,,,,,0.05679205060005188,1.4079579850658774,0.688791973516345,2.1594170248135924
480,Shujun,movement,unavailable_in_sd_path,29,intent_directory,/Users/zilongzeng/Research/DroneControl/user_study_v3/Shujun/Movement/29.wav,Shujun/Movement/29.wav,movement,0.99609375,0.0,0.99609375,0.0,"[-128, 127, -128]",True,,,,,,,,,,,,,0.2101670252159238,1.1818750062957406,0.667500076815486,2.0642499439418316
481,Shujun,movement,unavailable_in_sd_path,30,intent_directory,/Users/zilongzeng/Research/DroneControl/user_study_v3/Shujun/Movement/30.wav,Shujun/Movement/30.wav,movement,0.99609375,0.0,0.99609375,0.0,"[-128, 127, -128]",True,,,,,,,,,,,,,0.24733401369303465,1.084791962057352,0.7077499758452177,2.044416032731533
482,Shujun,movement,unavailable_in_sd_path,31,intent_directory,/Users/zilongzeng/Research/DroneControl/user_study_v3/Shujun/Movement/31.wav,Shujun/Movement/31.wav,movement,0.99609375,0.0,0.99609375,0.0,"[-128, 127, -128]",True,,,,,,,,,,,,,0.05395908374339342,1.0924589587375522,0.6674999604001641,1.818374963477254
483,Shujun,movement,unavailable_in_sd_path,32,intent_directory,/Users/zilongzeng/Research/DroneControl/user_study_v3/Shujun/Movement/32.wav,Shujun/Movement/32.wav,movement,0.76953125,0.23046875,0.76953125,0.0,"[-69, 69, -128]",True,,,,,,,,,,,,,0.05658401641994715,1.3093340676277876,0.6802079733461142,2.0521250553429127
484,Shujun,movement,unavailable_in_sd_path,33,intent_directory,/Users/zilongzeng/Research/DroneControl/user_study_v3/Shujun/Movement/33.wav,Shujun/Movement/33.wav,movement,0.99609375,0.0,0.99609375,0.0,"[-128, 127, -128]",True,,,,,,,,,,,,,0.07612502668052912,1.176708028651774,0.6604170193895698,1.9178340444341302
485,Shujun,movement,unavailable_in_sd_path,34,intent_directory,/Users/zilongzeng/Research/DroneControl/user_study_v3/Shujun/Movement/34.wav,Shujun/Movement/34.wav,movement,0.953125,0.0,0.953125,0.046875,"[-128, 116, -116]",True,,,,,,,,,,,,,0.05966704338788986,1.2474589748308063,0.6919170264154673,2.0062089897692204
486,Shujun,movement,unavailable_in_sd_path,35,intent_directory,/Users/zilongzeng/Research/DroneControl/user_study_v3/Shujun/Movement/35.wav,Shujun/Movement/35.wav,movement,0.99609375,0.0,0.99609375,0.0,"[-128, 127, -128]",True,,,,,,,,,,,,,0.06345903966575861,1.139082945883274,0.6719999946653843,1.87924993224442
487,Shujun,movement,unavailable_in_sd_path,36,intent_directory,/Users/zilongzeng/Research/DroneControl/user_study_v3/Shujun/Movement/36.wav,Shujun/Movement/36.wav,movement,0.984375,0.0,0.984375,0.015625,"[-128, 124, -124]",True,,,,,,,,,,,,,0.18633401487022638,1.2355420039966702,0.6917080609127879,2.118790987879038
488,Shujun,movement,unavailable_in_sd_path,37,intent_directory,/Users/zilongzeng/Research/DroneControl/user_study_v3/Shujun/Movement/37.wav,Shujun/Movement/37.wav,movement,0.83203125,0.0,0.83203125,0.16796875,"[-128, 85, -85]",True,,,,,,,,,,,,,0.21362490952014923,1.1784579837694764,0.6714590126648545,2.0682080648839474
489,Shujun,movement,unavailable_in_sd_path,38,intent_directory,/Users/zilongzeng/Research/DroneControl/user_study_v3/Shujun/Movement/38.wav,Shujun/Movement/38.wav,movement,0.99609375,0.0,0.99609375,0.0,"[-128, 127, -128]",True,,,,,,,,,,,,,0.05858403164893389,1.1085000587627292,0.6651669973507524,1.8367910524830222
490,Shujun,movement,unavailable_in_sd_path,39,intent_directory,/Users/zilongzeng/Research/DroneControl/user_study_v3/Shujun/Movement/39.wav,Shujun/Movement/39.wav,movement,0.99609375,0.0,0.99609375,0.0,"[-128, 127, -128]",True,,,,,,,,,,,,,0.05854107439517975,1.0723749874159694,0.6681249942630529,1.8035420216619968
491,Shujun,movement,unavailable_in_sd_path,40,intent_directory,/Users/zilongzeng/Research/DroneControl/user_study_v3/Shujun/Movement/40.wav,Shujun/Movement/40.wav,movement,0.99609375,0.0,0.99609375,0.0,"[-128, 127, -128]",True,,,,,,,,,,,,,0.053999945521354675,1.0620830580592155,0.6782920099794865,1.835417002439499
492,Shujun,movement,unavailable_in_sd_path,41,intent_directory,/Users/zilongzeng/Research/DroneControl/user_study_v3/Shujun/Movement/41.wav,Shujun/Movement/41.wav,unknown,0.99609375,0.0,0.00390625,0.99609375,"[-128, -127, 127]",False,,,,,,,,,,,,,0.328624970279634,1.2622920330613852,0.6795839872211218,2.276625018566847
493,Shujun,movement,unavailable_in_sd_path,42,intent_directory,/Users/zilongzeng/Research/DroneControl/user_study_v3/Shujun/Movement/42.wav,Shujun/Movement/42.wav,unknown,0.97265625,0.0,0.02734375,0.97265625,"[-128, -121, 121]",False,,,,,,,,,,,,,0.07354200351983309,1.1441670358181,0.6703330436721444,1.8925420008599758
494,Shujun,movement,unavailable_in_sd_path,43,intent_directory,/Users/zilongzeng/Research/DroneControl/user_study_v3/Shujun/Movement/43.wav,Shujun/Movement/43.wav,unknown,0.69140625,0.0,0.30859375,0.69140625,"[-128, -49, 49]",False,,,,,,,,,,,,,0.05504104774445295,1.0557080386206508,0.6629159906879067,1.7787079559639096
495,Shujun,movement,unavailable_in_sd_path,44,intent_directory,/Users/zilongzeng/Research/DroneControl/user_study_v3/Shujun/Movement/44.wav,Shujun/Movement/44.wav,movement,0.99609375,0.0,0.99609375,0.0,"[-128, 127, -128]",True,,,,,,,,,,,,,0.20237499848008156,1.040708040818572,0.7745419861748815,2.0574579248204827
496,Shujun,movement,unavailable_in_sd_path,45,intent_directory,/Users/zilongzeng/Research/DroneControl/user_study_v3/Shujun/Movement/45.wav,Shujun/Movement/45.wav,movement,0.99609375,0.0,0.99609375,0.0,"[-128, 127, -128]",True,,,,,,,,,,,,,0.3315829671919346,1.2286669807508588,0.6763749988749623,2.2427919320762157
497,Shujun,movement,unavailable_in_sd_path,46,intent_directory,/Users/zilongzeng/Research/DroneControl/user_study_v3/Shujun/Movement/46.wav,Shujun/Movement/46.wav,movement,0.99609375,0.0,0.99609375,0.0,"[-128, 127, -128]",True,,,,,,,,,,,,,0.07637508679181337,1.1124999728053808,0.6642079679295421,1.857916940934956
498,Shujun,movement,unavailable_in_sd_path,47,intent_directory,/Users/zilongzeng/Research/DroneControl/user_study_v3/Shujun/Movement/47.wav,Shujun/Movement/47.wav,movement,0.99609375,0.0,0.99609375,0.0,"[-128, 127, -128]",True,,,,,,,,,,,,,0.06470899097621441,1.0953749297186732,0.6673330208286643,1.8319579539820552
499,Shujun,movement,unavailable_in_sd_path,48,intent_directory,/Users/zilongzeng/Research/DroneControl/user_study_v3/Shujun/Movement/48.wav,Shujun/Movement/48.wav,movement,0.99609375,0.0,0.99609375,0.0,"[-128, 127, -128]",True,,,,,,,,,,,,,0.05133403465151787,1.0563329560682178,0.6768329767510295,1.7890409799292684
500,Shujun,movement,unavailable_in_sd_path,49,intent_directory,/Users/zilongzeng/Research/DroneControl/user_study_v3/Shujun/Movement/49.wav,Shujun/Movement/49.wav,unknown,0.99609375,0.0,0.0,0.99609375,"[-128, -128, 127]",False,,,,,,,,,,,,,0.06112491246312857,1.4329160330817103,0.683083082549274,2.1825419971719384
501,Shujun,unknown,unavailable_in_sd_path,0,intent_directory,/Users/zilongzeng/Research/DroneControl/user_study_v3/Shujun/Unknown/0.wav,Shujun/Unknown/0.wav,unknown,0.99609375,0.0,0.0,0.99609375,"[-128, -128, 127]",True,,,,,,,,,,,,,0.0740840332582593,1.1941669508814812,0.6580000044777989,1.9307499751448631
502,Shujun,unknown,unavailable_in_sd_path,1,intent_directory,/Users/zilongzeng/Research/DroneControl/user_study_v3/Shujun/Unknown/1.wav,Shujun/Unknown/1.wav,unknown,0.9609375,0.0,0.0390625,0.9609375,"[-128, -118, 118]",True,,,,,,,,,,,,,0.20333391148597002,1.049624988809228,0.6647079717367887,1.922333030961454
503,Shujun,unknown,unavailable_in_sd_path,2,intent_directory,/Users/zilongzeng/Research/DroneControl/user_study_v3/Shujun/Unknown/2.wav,Shujun/Unknown/2.wav,unknown,0.99609375,0.0,0.0,0.99609375,"[-128, -128, 127]",True,,,,,,,,,,,,,0.28745795134454966,1.1692079715430737,0.6681249942630529,2.1293750032782555
504,Shujun,unknown,unavailable_in_sd_path,3,intent_directory,/Users/zilongzeng/Research/DroneControl/user_study_v3/Shujun/Unknown/3.wav,Shujun/Unknown/3.wav,unknown,0.99609375,0.0,0.0,0.99609375,"[-128, -128, 127]",True,,,,,,,,,,,,,0.06791704799979925,1.4072919730097055,0.6858339766040444,2.1669999696314335
505,Shujun,unknown,unavailable_in_sd_path,4,intent_directory,/Users/zilongzeng/Research/DroneControl/user_study_v3/Shujun/Unknown/4.wav,Shujun/Unknown/4.wav,emergency,0.69140625,0.69140625,0.30859375,0.0,"[49, -49, -128]",False,,,,,,,,,,,,,0.15233305748552084,1.1696669971570373,0.6730830064043403,1.9996670307591558
506,Shujun,unknown,unavailable_in_sd_path,5,intent_directory,/Users/zilongzeng/Research/DroneControl/user_study_v3/Shujun/Unknown/5.wav,Shujun/Unknown/5.wav,unknown,0.99609375,0.0,0.0,0.99609375,"[-128, -128, 127]",True,,,,,,,,,,,,,0.2120420103892684,1.1838750215247273,0.6741250399500132,2.0746670197695494
507,Shujun,unknown,unavailable_in_sd_path,6,intent_directory,/Users/zilongzeng/Research/DroneControl/user_study_v3/Shujun/Unknown/6.wav,Shujun/Unknown/6.wav,unknown,0.99609375,0.0,0.0,0.99609375,"[-128, -128, 127]",True,,,,,,,,,,,,,0.05841709207743406,1.1426249984651804,0.6699160439893603,1.8757079960778356
508,Shujun,unknown,unavailable_in_sd_path,7,intent_directory,/Users/zilongzeng/Research/DroneControl/user_study_v3/Shujun/Unknown/7.wav,Shujun/Unknown/7.wav,unknown,0.99609375,0.0,0.0,0.99609375,"[-128, -128, 127]",True,,,,,,,,,,,,,0.05766702815890312,1.3212920166552067,0.6787080783396959,2.063040970824659
509,Shujun,unknown,unavailable_in_sd_path,8,intent_directory,/Users/zilongzeng/Research/DroneControl/user_study_v3/Shujun/Unknown/8.wav,Shujun/Unknown/8.wav,unknown,0.99609375,0.0,0.0,0.99609375,"[-128, -128, 127]",True,,,,,,,,,,,,,0.20245800260454416,1.211875001899898,0.6719580851495266,2.0909999730065465
510,Shujun,unknown,unavailable_in_sd_path,9,intent_directory,/Users/zilongzeng/Research/DroneControl/user_study_v3/Shujun/Unknown/9.wav,Shujun/Unknown/9.wav,unknown,0.96875,0.0,0.03125,0.96875,"[-128, -120, 120]",True,,,,,,,,,,,,,0.05820801015943289,1.1603330494835973,0.6604999070987105,1.884415978565812
511,Shujun,unknown,unavailable_in_sd_path,10,intent_directory,/Users/zilongzeng/Research/DroneControl/user_study_v3/Shujun/Unknown/10.wav,Shujun/Unknown/10.wav,unknown,0.99609375,0.0,0.0,0.99609375,"[-128, -128, 127]",True,,,,,,,,,,,,,0.1967910211533308,1.1631249217316508,0.6642501102760434,2.028833026997745
512,Shujun,unknown,unavailable_in_sd_path,11,intent_directory,/Users/zilongzeng/Research/DroneControl/user_study_v3/Shujun/Unknown/11.wav,Shujun/Unknown/11.wav,unknown,0.99609375,0.0,0.0,0.99609375,"[-128, -128, 127]",True,,,,,,,,,,,,,0.18791691400110722,1.3241670094430447,0.6922089960426092,2.2095839958637953
513,Shujun,unknown,unavailable_in_sd_path,12,intent_directory,/Users/zilongzeng/Research/DroneControl/user_study_v3/Shujun/Unknown/12.wav,Shujun/Unknown/12.wav,movement,0.55078125,0.0,0.55078125,0.44921875,"[-128, 13, -13]",False,,,,,,,,,,,,,0.24087505880743265,1.1975000379607081,0.6700420053675771,2.1132079418748617
514,Shujun,unknown,unavailable_in_sd_path,13,intent_directory,/Users/zilongzeng/Research/DroneControl/user_study_v3/Shujun/Unknown/13.wav,Shujun/Unknown/13.wav,unknown,0.99609375,0.0,0.0,0.99609375,"[-128, -128, 127]",True,,,,,,,,,,,,,0.18691690638661385,1.171459094621241,0.6640839856117964,2.0272081019356847
515,Shujun,unknown,unavailable_in_sd_path,14,intent_directory,/Users/zilongzeng/Research/DroneControl/user_study_v3/Shujun/Unknown/14.wav,Shujun/Unknown/14.wav,movement,0.9609375,0.0,0.9609375,0.0390625,"[-128, 118, -118]",False,,,,,,,,,,,,,0.06174994632601738,1.1432910105213523,0.6615410093218088,1.8714170437306166
516,Shujun,unknown,unavailable_in_sd_path,15,intent_directory,/Users/zilongzeng/Research/DroneControl/user_study_v3/Shujun/Unknown/15.wav,Shujun/Unknown/15.wav,unknown,0.99609375,0.0,0.0,0.99609375,"[-128, -128, 127]",True,,,,,,,,,,,,,0.19504199735820293,1.3669169275090098,0.7166250143200159,2.2849999368190765
517,Shujun,unknown,unavailable_in_sd_path,16,intent_directory,/Users/zilongzeng/Research/DroneControl/user_study_v3/Shujun/Unknown/16.wav,Shujun/Unknown/16.wav,movement,0.90234375,0.0,0.90234375,0.09765625,"[-128, 103, -103]",False,,,,,,,,,,,,,0.07658405229449272,1.1722090421244502,0.6676249904558063,1.9210830796509981
518,Shujun,unknown,unavailable_in_sd_path,17,intent_directory,/Users/zilongzeng/Research/DroneControl/user_study_v3/Shujun/Unknown/17.wav,Shujun/Unknown/17.wav,unknown,0.9921875,0.0078125,0.0,0.9921875,"[-126, -128, 126]",True,,,,,,,,,,,,,0.18633308354765177,1.1733330320566893,0.661624944768846,2.0258749136701226
519,Shujun,unknown,unavailable_in_sd_path,18,intent_directory,/Users/zilongzeng/Research/DroneControl/user_study_v3/Shujun/Unknown/18.wav,Shujun/Unknown/18.wav,movement,0.64453125,0.00390625,0.64453125,0.3515625,"[-127, 37, -38]",False,,,,,,,,,,,,,0.06266694981604815,1.2267079437151551,0.6364160217344761,1.9357919227331877
520,Shujun,unknown,unavailable_in_sd_path,19,intent_directory,/Users/zilongzeng/Research/DroneControl/user_study_v3/Shujun/Unknown/19.wav,Shujun/Unknown/19.wav,movement,0.9609375,0.0,0.9609375,0.0390625,"[-128, 118, -118]",False,,,,,,,,,,,,,0.19945809617638588,1.311750034801662,0.6916249403730035,2.2088750265538692
521,Shujun,unknown,unavailable_in_sd_path,20,intent_directory,/Users/zilongzeng/Research/DroneControl/user_study_v3/Shujun/Unknown/20.wav,Shujun/Unknown/20.wav,unknown,0.99609375,0.0,0.0,0.99609375,"[-128, -128, 127]",True,,,,,,,,,,,,,0.07241696584969759,1.152166980318725,0.6712919566780329,1.9005839712917805
522,Shujun,unknown,unavailable_in_sd_path,21,intent_directory,/Users/zilongzeng/Research/DroneControl/user_study_v3/Shujun/Unknown/21.wav,Shujun/Unknown/21.wav,unknown,0.99609375,0.0,0.0,0.99609375,"[-128, -128, 127]",True,,,,,,,,,,,,,0.056999968364834785,1.1577080003917217,0.6604999070987105,1.8799169920384884
523,Shujun,unknown,unavailable_in_sd_path,22,intent_directory,/Users/zilongzeng/Research/DroneControl/user_study_v3/Shujun/Unknown/22.wav,Shujun/Unknown/22.wav,unknown,0.99609375,0.0,0.0,0.99609375,"[-128, -128, 127]",True,,,,,,,,,,,,,0.06062502507120371,1.1067918967455626,0.6630830466747284,1.8350840546190739
524,Shujun,unknown,unavailable_in_sd_path,23,intent_directory,/Users/zilongzeng/Research/DroneControl/user_study_v3/Shujun/Unknown/23.wav,Shujun/Unknown/23.wav,movement,0.9609375,0.0,0.9609375,0.0390625,"[-128, 118, -118]",False,,,,,,,,,,,,,0.18841703422367573,1.2837080284953117,0.6995830917730927,2.1812499035149813
525,Shujun,unknown,unavailable_in_sd_path,24,intent_directory,/Users/zilongzeng/Research/DroneControl/user_study_v3/Shujun/Unknown/24.wav,Shujun/Unknown/24.wav,unknown,0.99609375,0.0,0.0,0.99609375,"[-128, -128, 127]",True,,,,,,,,,,,,,0.32637501135468483,1.2063330505043268,0.6706659914925694,2.208499936386943
526,Shujun,unknown,unavailable_in_sd_path,25,intent_directory,/Users/zilongzeng/Research/DroneControl/user_study_v3/Shujun/Unknown/25.wav,Shujun/Unknown/25.wav,unknown,0.984375,0.0,0.015625,0.984375,"[-128, -124, 124]",True,,,,,,,,,,,,,0.060666934587061405,1.0856670560315251,0.6865829927846789,1.8375409999862313
527,Shujun,unknown,unavailable_in_sd_path,26,intent_directory,/Users/zilongzeng/Research/DroneControl/user_study_v3/Shujun/Unknown/26.wav,Shujun/Unknown/26.wav,unknown,0.99609375,0.0,0.0,0.99609375,"[-128, -128, 127]",True,,,,,,,,,,,,,0.07345899939537048,1.0977089405059814,0.6664999527856708,1.842416008003056
528,Shujun,unknown,unavailable_in_sd_path,27,intent_directory,/Users/zilongzeng/Research/DroneControl/user_study_v3/Shujun/Unknown/27.wav,Shujun/Unknown/27.wav,unknown,0.99609375,0.0,0.0,0.99609375,"[-128, -128, 127]",True,,,,,,,,,,,,,0.061208033002913,1.1152079096063972,0.7769999792799354,1.9623329862952232
529,Shujun,unknown,unavailable_in_sd_path,28,intent_directory,/Users/zilongzeng/Research/DroneControl/user_study_v3/Shujun/Unknown/28.wav,Shujun/Unknown/28.wav,emergency,0.625,0.625,0.03125,0.34375,"[32, -120, -40]",False,,,,,,,,,,,,,0.06658397614955902,1.2430419446900487,0.6722500547766685,1.9869160605594516
530,Shujun,unknown,unavailable_in_sd_path,29,intent_directory,/Users/zilongzeng/Research/DroneControl/user_study_v3/Shujun/Unknown/29.wav,Shujun/Unknown/29.wav,unknown,0.99609375,0.0,0.0,0.99609375,"[-128, -128, 127]",True,,,,,,,,,,,,,0.058208941482007504,1.333167077973485,0.6341250846162438,2.0349998958408833
531,Shujun,unknown,unavailable_in_sd_path,30,intent_directory,/Users/zilongzeng/Research/DroneControl/user_study_v3/Shujun/Unknown/30.wav,Shujun/Unknown/30.wav,unknown,0.99609375,0.0,0.0,0.99609375,"[-128, -128, 127]",True,,,,,,,,,,,,,0.16508297994732857,1.1469159508123994,0.6772499764338136,1.9952079746872187
532,Shujun,unknown,unavailable_in_sd_path,31,intent_directory,/Users/zilongzeng/Research/DroneControl/user_study_v3/Shujun/Unknown/31.wav,Shujun/Unknown/31.wav,unknown,0.99609375,0.0,0.0,0.99609375,"[-128, -128, 127]",True,,,,,,,,,,,,,0.14849996659904718,1.1334579903632402,0.8194579277187586,2.109500113874674
533,Shujun,unknown,unavailable_in_sd_path,32,intent_directory,/Users/zilongzeng/Research/DroneControl/user_study_v3/Shujun/Unknown/32.wav,Shujun/Unknown/32.wav,unknown,0.99609375,0.0,0.0,0.99609375,"[-128, -128, 127]",True,,,,,,,,,,,,,0.19941700156778097,1.3020839542150497,0.6707500433549285,2.1769999293610454
534,Shujun,unknown,unavailable_in_sd_path,33,intent_directory,/Users/zilongzeng/Research/DroneControl/user_study_v3/Shujun/Unknown/33.wav,Shujun/Unknown/33.wav,unknown,0.99609375,0.0,0.0,0.99609375,"[-128, -128, 127]",True,,,,,,,,,,,,,0.232374994084239,1.1019579833373427,0.6707919528707862,2.0100000547245145
535,Shujun,unknown,unavailable_in_sd_path,34,intent_directory,/Users/zilongzeng/Research/DroneControl/user_study_v3/Shujun/Unknown/34.wav,Shujun/Unknown/34.wav,unknown,0.99609375,0.0,0.0,0.99609375,"[-128, -128, 127]",True,,,,,,,,,,,,,0.06183306686580181,1.1477500665932894,0.6710829911753535,1.8851670902222395
536,Shujun,unknown,unavailable_in_sd_path,35,intent_directory,/Users/zilongzeng/Research/DroneControl/user_study_v3/Shujun/Unknown/35.wav,Shujun/Unknown/35.wav,unknown,0.99609375,0.0,0.0,0.99609375,"[-128, -128, 127]",True,,,,,,,,,,,,,0.053541967645287514,1.1472079204395413,0.8104159496724606,2.0182919688522816
537,Shujun,unknown,unavailable_in_sd_path,36,intent_directory,/Users/zilongzeng/Research/DroneControl/user_study_v3/Shujun/Unknown/36.wav,Shujun/Unknown/36.wav,unknown,0.99609375,0.0,0.0,0.99609375,"[-128, -128, 127]",True,,,,,,,,,,,,,0.06766594015061855,1.4299169415608048,0.6319580134004354,2.1389169851318
538,Shujun,unknown,unavailable_in_sd_path,37,intent_directory,/Users/zilongzeng/Research/DroneControl/user_study_v3/Shujun/Unknown/37.wav,Shujun/Unknown/37.wav,unknown,0.99609375,0.0,0.0,0.99609375,"[-128, -128, 127]",True,,,,,,,,,,,,,0.17625000327825546,1.1584999738261104,0.6715409690514207,2.011750009842217
539,Shujun,unknown,unavailable_in_sd_path,38,intent_directory,/Users/zilongzeng/Research/DroneControl/user_study_v3/Shujun/Unknown/38.wav,Shujun/Unknown/38.wav,unknown,0.99609375,0.0,0.0,0.99609375,"[-128, -128, 127]",True,,,,,,,,,,,,,0.0707919243723154,1.0945000685751438,0.6781249539926648,1.848125015385449
540,Shujun,unknown,unavailable_in_sd_path,39,intent_directory,/Users/zilongzeng/Research/DroneControl/user_study_v3/Shujun/Unknown/39.wav,Shujun/Unknown/39.wav,emergency,0.99609375,0.99609375,0.0,0.0,"[127, -128, -128]",False,,,,,,,,,,,,,0.05695805884897709,1.0692080250009894,0.6781249539926648,1.8090830417349935
541,Shujun,unknown,unavailable_in_sd_path,40,intent_directory,/Users/zilongzeng/Research/DroneControl/user_study_v3/Shujun/Unknown/40.wav,Shujun/Unknown/40.wav,unknown,0.99609375,0.0,0.0,0.99609375,"[-128, -128, 127]",True,,,,,,,,,,,,,0.05837494973093271,1.4110830379649997,0.6861250149086118,2.161958022043109
542,Shujun,unknown,unavailable_in_sd_path,41,intent_directory,/Users/zilongzeng/Research/DroneControl/user_study_v3/Shujun/Unknown/41.wav,Shujun/Unknown/41.wav,unknown,0.99609375,0.0,0.0,0.99609375,"[-128, -128, 127]",True,,,,,,,,,,,,,0.09137496817857027,1.1677920119836926,0.6654170574620366,1.9294590456411242
543,Shujun,unknown,unavailable_in_sd_path,42,intent_directory,/Users/zilongzeng/Research/DroneControl/user_study_v3/Shujun/Unknown/42.wav,Shujun/Unknown/42.wav,unknown,0.99609375,0.0,0.0,0.99609375,"[-128, -128, 127]",True,,,,,,,,,,,,,0.060832942835986614,1.238957978785038,0.6378339603543282,1.9469999242573977
544,Shujun,unknown,unavailable_in_sd_path,43,intent_directory,/Users/zilongzeng/Research/DroneControl/user_study_v3/Shujun/Unknown/43.wav,Shujun/Unknown/43.wav,unknown,0.99609375,0.0,0.0,0.99609375,"[-128, -128, 127]",True,,,,,,,,,,,,,0.30758301727473736,1.1459169909358025,0.6790419574826956,2.137916046194732
545,Shujun,unknown,unavailable_in_sd_path,44,intent_directory,/Users/zilongzeng/Research/DroneControl/user_study_v3/Shujun/Unknown/44.wav,Shujun/Unknown/44.wav,unknown,0.99609375,0.0,0.0,0.99609375,"[-128, -128, 127]",True,,,,,,,,,,,,,0.22725004237145185,1.4590839855372906,0.7335830014199018,2.4265419924631715
546,Shujun,unknown,unavailable_in_sd_path,45,intent_directory,/Users/zilongzeng/Research/DroneControl/user_study_v3/Shujun/Unknown/45.wav,Shujun/Unknown/45.wav,unknown,0.99609375,0.0,0.0,0.99609375,"[-128, -128, 127]",True,,,,,,,,,,,,,0.08929194882512093,1.156124984845519,0.6655839970335364,1.9156660418957472
547,Shujun,unknown,unavailable_in_sd_path,46,intent_directory,/Users/zilongzeng/Research/DroneControl/user_study_v3/Shujun/Unknown/46.wav,Shujun/Unknown/46.wav,unknown,0.99609375,0.0,0.0,0.99609375,"[-128, -128, 127]",True,,,,,,,,,,,,,0.060416990891098976,1.1222499888390303,0.6691670278087258,1.8563340418040752
548,Shujun,unknown,unavailable_in_sd_path,47,intent_directory,/Users/zilongzeng/Research/DroneControl/user_study_v3/Shujun/Unknown/47.wav,Shujun/Unknown/47.wav,unknown,0.99609375,0.0,0.0,0.99609375,"[-128, -128, 127]",True,,,,,,,,,,,,,0.2074999501928687,1.1334168957546353,0.6675421027466655,2.0130419870838523
549,Shujun,unknown,unavailable_in_sd_path,48,intent_directory,/Users/zilongzeng/Research/DroneControl/user_study_v3/Shujun/Unknown/48.wav,Shujun/Unknown/48.wav,unknown,0.99609375,0.0,0.0,0.99609375,"[-128, -128, 127]",True,,,,,,,,,,,,,0.23187499027699232,1.3781670713797212,0.6920830346643925,2.3075840435922146
550,Shujun,unknown,unavailable_in_sd_path,49,intent_directory,/Users/zilongzeng/Research/DroneControl/user_study_v3/Shujun/Unknown/49.wav,Shujun/Unknown/49.wav,unknown,0.99609375,0.0,0.0,0.99609375,"[-128, -128, 127]",True,,,,,,,,,,,,,0.0826660543680191,1.1787079274654388,0.6687920540571213,1.9349169451743364
551,Weiqian,emergency,stop,1,intent_directory,/Users/zilongzeng/Research/DroneControl/user_study_v3/Weiqian/emergency/stop/1.wav,Weiqian/emergency/stop/1.wav,movement,0.50390625,0.4140625,0.50390625,0.08203125,"[-22, 1, -107]",False,,,,,,,,,,,,,0.22429204545915127,1.1435829801484942,0.6732499459758401,2.0457920618355274
552,Weiqian,emergency,stop,2,intent_directory,/Users/zilongzeng/Research/DroneControl/user_study_v3/Weiqian/emergency/stop/2.wav,Weiqian/emergency/stop/2.wav,unknown,0.765625,0.15234375,0.08203125,0.765625,"[-89, -107, 68]",False,,,,,,,,,,,,,0.1978749642148614,1.088417018763721,0.6714999908581376,1.9624170381575823
553,Weiqian,emergency,stop,3,intent_directory,/Users/zilongzeng/Research/DroneControl/user_study_v3/Weiqian/emergency/stop/3.wav,Weiqian/emergency/stop/3.wav,movement,0.98046875,0.0,0.98046875,0.015625,"[-128, 123, -124]",False,,,,,,,,,,,,,0.19837496802210808,1.3624581042677164,0.6705829873681068,2.2366250632330775
554,Weiqian,emergency,stop,4,intent_directory,/Users/zilongzeng/Research/DroneControl/user_study_v3/Weiqian/emergency/stop/4.wav,Weiqian/emergency/stop/4.wav,emergency,0.99609375,0.99609375,0.0,0.0,"[127, -128, -128]",True,,,,,,,,,,,,,0.21562492474913597,1.1669580126181245,0.6654999451711774,2.052999916486442
555,Weiqian,emergency,stop,5,intent_directory,/Users/zilongzeng/Research/DroneControl/user_study_v3/Weiqian/emergency/stop/5.wav,Weiqian/emergency/stop/5.wav,movement,0.9921875,0.0078125,0.9921875,0.00390625,"[-126, 126, -127]",False,,,,,,,,,,,,,0.1926249824464321,1.1496670776978135,0.6664160173386335,2.013375051319599
556,Weiqian,emergency,stop,6,intent_directory,/Users/zilongzeng/Research/DroneControl/user_study_v3/Weiqian/emergency/stop/6.wav,Weiqian/emergency/stop/6.wav,emergency,0.99609375,0.99609375,0.0,0.0,"[127, -128, -128]",True,,,,,,,,,,,,,0.1882920041680336,1.2390000047162175,0.6644170498475432,2.0964579889550805
557,Weiqian,emergency,stop,7,intent_directory,/Users/zilongzeng/Research/DroneControl/user_study_v3/Weiqian/emergency/stop/7.wav,Weiqian/emergency/stop/7.wav,emergency,0.99609375,0.99609375,0.00390625,0.0,"[127, -127, -128]",True,,,,,,,,,,,,,0.20912510808557272,1.444541965611279,0.673124915920198,2.3319580359384418
558,Weiqian,emergency,stop,8,intent_directory,/Users/zilongzeng/Research/DroneControl/user_study_v3/Weiqian/emergency/stop/8.wav,Weiqian/emergency/stop/8.wav,emergency,0.99609375,0.99609375,0.00390625,0.0,"[127, -127, -128]",True,,,,,,,,,,,,,0.19183300901204348,1.2751249596476555,0.6746669532731175,2.1464170422405005
559,Weiqian,emergency,stop,9,intent_directory,/Users/zilongzeng/Research/DroneControl/user_study_v3/Weiqian/emergency/stop/9.wav,Weiqian/emergency/stop/9.wav,emergency,0.99609375,0.99609375,0.0,0.0,"[127, -128, -128]",True,,,,,,,,,,,,,0.19812502432614565,1.215792028233409,0.6642079679295421,2.0830410066992044
560,Weiqian,emergency,stop,10,intent_directory,/Users/zilongzeng/Research/DroneControl/user_study_v3/Weiqian/emergency/stop/10.wav,Weiqian/emergency/stop/10.wav,emergency,0.98046875,0.98046875,0.0078125,0.01171875,"[123, -126, -125]",True,,,,,,,,,,,,,0.19108399283140898,1.1457080254331231,0.8014580234885216,2.187832957133651
561,Weiqian,emergency,hold,11,intent_directory,/Users/zilongzeng/Research/DroneControl/user_study_v3/Weiqian/emergency/hold/11.wav,Weiqian/emergency/hold/11.wav,movement,0.99609375,0.0,0.99609375,0.0,"[-128, 127, -128]",False,,,,,,,,,,,,,0.28320797719061375,1.194415963254869,0.6934999255463481,2.1768329897895455
562,Weiqian,emergency,hold,12,intent_directory,/Users/zilongzeng/Research/DroneControl/user_study_v3/Weiqian/emergency/hold/12.wav,Weiqian/emergency/hold/12.wav,movement,0.99609375,0.0,0.99609375,0.0,"[-128, 127, -128]",False,,,,,,,,,,,,,0.20995805971324444,1.2296669883653522,0.6813330110162497,2.1270839497447014
563,Weiqian,emergency,hold,13,intent_directory,/Users/zilongzeng/Research/DroneControl/user_study_v3/Weiqian/emergency/hold/13.wav,Weiqian/emergency/hold/13.wav,movement,0.99609375,0.0,0.99609375,0.0,"[-128, 127, -128]",False,,,,,,,,,,,,,0.20791601855307817,1.0735000250861049,0.6661659572273493,1.952082966454327
564,Weiqian,emergency,hold,14,intent_directory,/Users/zilongzeng/Research/DroneControl/user_study_v3/Weiqian/emergency/hold/14.wav,Weiqian/emergency/hold/14.wav,movement,0.99609375,0.0,0.99609375,0.0,"[-128, 127, -128]",False,,,,,,,,,,,,,0.19437505397945642,1.085250056348741,0.8131670765578747,2.1344999549910426
565,Weiqian,emergency,hold,15,intent_directory,/Users/zilongzeng/Research/DroneControl/user_study_v3/Weiqian/emergency/hold/15.wav,Weiqian/emergency/hold/15.wav,movement,0.99609375,0.0,0.99609375,0.0,"[-128, 127, -128]",False,,,,,,,,,,,,,0.2957920078188181,1.1775830062106252,0.6840829737484455,2.1646670065820217
566,Weiqian,emergency,hold,16,intent_directory,/Users/zilongzeng/Research/DroneControl/user_study_v3/Weiqian/emergency/hold/16.wav,Weiqian/emergency/hold/16.wav,movement,0.984375,0.0,0.984375,0.015625,"[-128, 124, -124]",False,,,,,,,,,,,,,0.20462495740503073,1.1743749491870403,0.665667001157999,2.049416070804
567,Weiqian,emergency,hold,17,intent_directory,/Users/zilongzeng/Research/DroneControl/user_study_v3/Weiqian/emergency/hold/17.wav,Weiqian/emergency/hold/17.wav,movement,0.99609375,0.0,0.99609375,0.0,"[-128, 127, -128]",False,,,,,,,,,,,,,0.1788749359548092,1.0998329380527139,0.6719999946653843,1.9553749589249492
568,Weiqian,emergency,hold,18,intent_directory,/Users/zilongzeng/Research/DroneControl/user_study_v3/Weiqian/emergency/hold/18.wav,Weiqian/emergency/hold/18.wav,movement,0.99609375,0.0,0.99609375,0.0,"[-128, 127, -128]",False,,,,,,,,,,,,,0.1815840369090438,1.1477499501779675,0.7116659544408321,2.0830410066992044
569,Weiqian,emergency,hold,19,intent_directory,/Users/zilongzeng/Research/DroneControl/user_study_v3/Weiqian/emergency/hold/19.wav,Weiqian/emergency/hold/19.wav,movement,0.99609375,0.0,0.99609375,0.0,"[-128, 127, -128]",False,,,,,,,,,,,,,0.2923329593613744,1.4283329946920276,0.6227080011740327,2.350499969907105
570,Weiqian,emergency,hold,20,intent_directory,/Users/zilongzeng/Research/DroneControl/user_study_v3/Weiqian/emergency/hold/20.wav,Weiqian/emergency/hold/20.wav,movement,0.99609375,0.0,0.99609375,0.0,"[-128, 127, -128]",False,,,,,,,,,,,,,0.22304197773337364,1.2148750247433782,0.6877919659018517,2.132000052370131
571,Weiqian,emergency,freeze,21,intent_directory,/Users/zilongzeng/Research/DroneControl/user_study_v3/Weiqian/emergency/freeze/21.wav,Weiqian/emergency/freeze/21.wav,unknown,0.99609375,0.0,0.0,0.99609375,"[-128, -128, 127]",False,,,,,,,,,,,,,0.22149994038045406,1.117000007070601,0.6818750407546759,2.025499939918518
572,Weiqian,emergency,freeze,22,intent_directory,/Users/zilongzeng/Research/DroneControl/user_study_v3/Weiqian/emergency/freeze/22.wav,Weiqian/emergency/freeze/22.wav,unknown,0.99609375,0.0,0.0,0.99609375,"[-128, -128, 127]",False,,,,,,,,,,,,,0.21062500309199095,1.139082945883274,0.655457959510386,2.0418750355020165
573,Weiqian,emergency,freeze,23,intent_directory,/Users/zilongzeng/Research/DroneControl/user_study_v3/Weiqian/emergency/freeze/23.wav,Weiqian/emergency/freeze/23.wav,unknown,0.99609375,0.0,0.0,0.99609375,"[-128, -128, 127]",False,,,,,,,,,,,,,0.28129201382398605,1.2667919509112835,0.6869169883430004,2.2416251013055444
574,Weiqian,emergency,freeze,24,intent_directory,/Users/zilongzeng/Research/DroneControl/user_study_v3/Weiqian/emergency/freeze/24.wav,Weiqian/emergency/freeze/24.wav,unknown,0.99609375,0.0,0.0,0.99609375,"[-128, -128, 127]",False,,,,,,,,,,,,,0.23708399385213852,1.079500070773065,0.7034169975668192,2.0256659481674433
575,Weiqian,emergency,freeze,25,intent_directory,/Users/zilongzeng/Research/DroneControl/user_study_v3/Weiqian/emergency/freeze/25.wav,Weiqian/emergency/freeze/25.wav,unknown,0.99609375,0.0,0.0,0.99609375,"[-128, -128, 127]",False,,,,,,,,,,,,,0.18891599029302597,1.1300829937681556,0.6685409462079406,1.9923750078305602
576,Weiqian,emergency,freeze,26,intent_directory,/Users/zilongzeng/Research/DroneControl/user_study_v3/Weiqian/emergency/freeze/26.wav,Weiqian/emergency/freeze/26.wav,unknown,0.99609375,0.0,0.0,0.99609375,"[-128, -128, 127]",False,,,,,,,,,,,,,0.20041700918227434,1.1389999417588115,0.6576250307261944,2.0338749745860696
577,Weiqian,emergency,freeze,27,intent_directory,/Users/zilongzeng/Research/DroneControl/user_study_v3/Weiqian/emergency/freeze/27.wav,Weiqian/emergency/freeze/27.wav,unknown,0.99609375,0.0,0.0,0.99609375,"[-128, -128, 127]",False,,,,,,,,,,,,,0.28725003357976675,1.2247089762240648,0.6841670256108046,2.202708972617984
578,Weiqian,emergency,freeze,28,intent_directory,/Users/zilongzeng/Research/DroneControl/user_study_v3/Weiqian/emergency/freeze/28.wav,Weiqian/emergency/freeze/28.wav,unknown,0.99609375,0.0,0.0,0.99609375,"[-128, -128, 127]",False,,,,,,,,,,,,,0.23608305491507053,1.1982920113950968,0.6661659572273493,2.105457941070199
579,Weiqian,emergency,freeze,29,intent_directory,/Users/zilongzeng/Research/DroneControl/user_study_v3/Weiqian/emergency/freeze/29.wav,Weiqian/emergency/freeze/29.wav,unknown,0.99609375,0.0,0.0,0.99609375,"[-128, -128, 127]",False,,,,,,,,,,,,,0.20174996461719275,1.1476660147309303,0.6759170209988952,2.0301659824326634
580,Weiqian,emergency,freeze,30,intent_directory,/Users/zilongzeng/Research/DroneControl/user_study_v3/Weiqian/emergency/freeze/30.wav,Weiqian/emergency/freeze/30.wav,unknown,0.99609375,0.0,0.0,0.99609375,"[-128, -128, 127]",False,,,,,,,,,,,,,0.2246249932795763,1.1132080107927322,0.7157919462770224,2.0602920558303595
581,Weiqian,emergency,abort,31,intent_directory,/Users/zilongzeng/Research/DroneControl/user_study_v3/Weiqian/emergency/abort/31.wav,Weiqian/emergency/abort/31.wav,unknown,0.99609375,0.0,0.0,0.99609375,"[-128, -128, 127]",False,,,,,,,,,,,,,0.2110829809680581,1.467042020522058,0.6507919169962406,2.3347079986706376
582,Weiqian,emergency,abort,32,intent_directory,/Users/zilongzeng/Research/DroneControl/user_study_v3/Weiqian/emergency/abort/32.wav,Weiqian/emergency/abort/32.wav,movement,0.99609375,0.0,0.99609375,0.0,"[-128, 127, -128]",False,,,,,,,,,,,,,0.23962499108165503,1.1697920272126794,0.668209046125412,2.0823340164497495
583,Weiqian,emergency,abort,33,intent_directory,/Users/zilongzeng/Research/DroneControl/user_study_v3/Weiqian/emergency/abort/33.wav,Weiqian/emergency/abort/33.wav,movement,0.99609375,0.0,0.99609375,0.0,"[-128, 127, -128]",False,,,,,,,,,,,,,0.1834590220823884,1.1245420901104808,0.6659999489784241,1.9783329917117953
584,Weiqian,emergency,abort,34,intent_directory,/Users/zilongzeng/Research/DroneControl/user_study_v3/Weiqian/emergency/abort/34.wav,Weiqian/emergency/abort/34.wav,movement,0.984375,0.0,0.984375,0.015625,"[-128, 124, -124]",False,,,,,,,,,,,,,0.17383403610438108,1.1524170404300094,0.7170831086114049,2.050457987934351
585,Weiqian,emergency,abort,35,intent_directory,/Users/zilongzeng/Research/DroneControl/user_study_v3/Weiqian/emergency/abort/35.wav,Weiqian/emergency/abort/35.wav,unknown,0.99609375,0.0,0.0,0.99609375,"[-128, -128, 127]",False,,,,,,,,,,,,,0.25979208294302225,1.193000003695488,0.6717920769006014,2.129542059265077
586,Weiqian,emergency,abort,36,intent_directory,/Users/zilongzeng/Research/DroneControl/user_study_v3/Weiqian/emergency/abort/36.wav,Weiqian/emergency/abort/36.wav,unknown,0.99609375,0.0,0.0,0.99609375,"[-128, -128, 127]",False,,,,,,,,,,,,,0.24637498427182436,1.1899579549208283,0.6874579703435302,2.128915977664292
587,Weiqian,emergency,abort,37,intent_directory,/Users/zilongzeng/Research/DroneControl/user_study_v3/Weiqian/emergency/abort/37.wav,Weiqian/emergency/abort/37.wav,unknown,0.99609375,0.0,0.0,0.99609375,"[-128, -128, 127]",False,,,,,,,,,,,,,0.24049996864050627,1.1375420726835728,0.6736249197274446,2.0565000595524907
588,Weiqian,emergency,abort,38,intent_directory,/Users/zilongzeng/Research/DroneControl/user_study_v3/Weiqian/emergency/abort/38.wav,Weiqian/emergency/abort/38.wav,movement,0.93359375,0.0,0.93359375,0.06640625,"[-128, 111, -111]",False,,,,,,,,,,,,,0.20400003995746374,1.3350830413401127,0.6990829715505242,2.2436659783124924
589,Weiqian,emergency,abort,39,intent_directory,/Users/zilongzeng/Research/DroneControl/user_study_v3/Weiqian/emergency/abort/39.wav,Weiqian/emergency/abort/39.wav,unknown,0.99609375,0.0,0.0,0.99609375,"[-128, -128, 127]",False,,,,,,,,,,,,,0.21950004156678915,1.1686669895425439,0.6744589190930128,2.067625056952238
590,Weiqian,emergency,abort,40,intent_directory,/Users/zilongzeng/Research/DroneControl/user_study_v3/Weiqian/emergency/abort/40.wav,Weiqian/emergency/abort/40.wav,movement,0.5,0.0,0.5,0.5,"[-128, 0, 0]",False,,,,,,,,,,,,,0.2085419837385416,1.1808329727500677,0.6677500205114484,2.0616670371964574
591,Weiqian,emergency,help,41,intent_directory,/Users/zilongzeng/Research/DroneControl/user_study_v3/Weiqian/emergency/help/41.wav,Weiqian/emergency/help/41.wav,movement,0.99609375,0.0,0.99609375,0.0,"[-128, 127, -128]",False,,,,,,,,,,,,,0.19458401948213577,1.0865000076591969,0.6611249409615993,1.9467909587547183
592,Weiqian,emergency,help,42,intent_directory,/Users/zilongzeng/Research/DroneControl/user_study_v3/Weiqian/emergency/help/42.wav,Weiqian/emergency/help/42.wav,movement,0.734375,0.0,0.734375,0.26953125,"[-128, 60, -59]",False,,,,,,,,,,,,,0.2401249948889017,1.3177079381421208,0.6759579991921782,2.2398330038413405
593,Weiqian,emergency,help,43,intent_directory,/Users/zilongzeng/Research/DroneControl/user_study_v3/Weiqian/emergency/help/43.wav,Weiqian/emergency/help/43.wav,movement,0.9765625,0.00390625,0.9765625,0.015625,"[-127, 122, -124]",False,,,,,,,,,,,,,0.21854194346815348,1.2336669024080038,0.6782499840483069,2.1353340707719326
594,Weiqian,emergency,help,44,intent_directory,/Users/zilongzeng/Research/DroneControl/user_study_v3/Weiqian/emergency/help/44.wav,Weiqian/emergency/help/44.wav,movement,0.90234375,0.0,0.90234375,0.09765625,"[-128, 103, -103]",False,,,,,,,,,,,,,0.19691698253154755,1.1058750096708536,0.6661249790340662,1.9739579875022173
595,Weiqian,emergency,help,45,intent_directory,/Users/zilongzeng/Research/DroneControl/user_study_v3/Weiqian/emergency/help/45.wav,Weiqian/emergency/help/45.wav,movement,0.99609375,0.0,0.99609375,0.0,"[-128, 127, -128]",False,,,,,,,,,,,,,0.20120793487876654,1.1391669977456331,0.6660829531028867,2.011209027841687
596,Weiqian,emergency,help,46,intent_directory,/Users/zilongzeng/Research/DroneControl/user_study_v3/Weiqian/emergency/help/46.wav,Weiqian/emergency/help/46.wav,movement,0.99609375,0.0,0.99609375,0.0,"[-128, 127, -128]",False,,,,,,,,,,,,,0.19704201258718967,1.3662079581990838,0.7382499752566218,2.3080420214682817
597,Weiqian,emergency,help,47,intent_directory,/Users/zilongzeng/Research/DroneControl/user_study_v3/Weiqian/emergency/help/47.wav,Weiqian/emergency/help/47.wav,movement,0.99609375,0.0,0.99609375,0.0,"[-128, 127, -128]",False,,,,,,,,,,,,,0.24020799901336432,1.164749963209033,0.7106249686330557,2.120874938555062
598,Weiqian,emergency,help,48,intent_directory,/Users/zilongzeng/Research/DroneControl/user_study_v3/Weiqian/emergency/help/48.wav,Weiqian/emergency/help/48.wav,movement,0.99609375,0.0,0.99609375,0.0,"[-128, 127, -128]",False,,,,,,,,,,,,,0.20641705486923456,1.1382920201867819,0.6656659534201026,2.0149589981883764
599,Weiqian,emergency,help,49,intent_directory,/Users/zilongzeng/Research/DroneControl/user_study_v3/Weiqian/emergency/help/49.wav,Weiqian/emergency/help/49.wav,movement,0.99609375,0.0,0.99609375,0.0,"[-128, 127, -128]",False,,,,,,,,,,,,,0.21537498105317354,1.0962920496240258,0.6681669037789106,1.984999980777502
600,Weiqian,emergency,help,50,intent_directory,/Users/zilongzeng/Research/DroneControl/user_study_v3/Weiqian/emergency/help/50.wav,Weiqian/emergency/help/50.wav,movement,0.99609375,0.0,0.99609375,0.0,"[-128, 127, -128]",False,,,,,,,,,,,,,0.20283297635614872,1.375707914121449,0.7277079857885838,2.3135000374168158
601,Weiqian,movement,go,51,intent_directory,/Users/zilongzeng/Research/DroneControl/user_study_v3/Weiqian/movement/go/51.wav,Weiqian/movement/go/51.wav,movement,0.99609375,0.0,0.99609375,0.0,"[-128, 127, -128]",True,,,,,,,,,,,,,0.2277499297633767,1.1762910289689898,0.6672919262200594,2.076084027066827
602,Weiqian,movement,go,52,intent_directory,/Users/zilongzeng/Research/DroneControl/user_study_v3/Weiqian/movement/go/52.wav,Weiqian/movement/go/52.wav,movement,0.99609375,0.0,0.99609375,0.0,"[-128, 127, -128]",True,,,,,,,,,,,,,0.19916705787181854,1.1351659195497632,0.6675829645246267,2.0065000280737877
603,Weiqian,movement,go,53,intent_directory,/Users/zilongzeng/Research/DroneControl/user_study_v3/Weiqian/movement/go/53.wav,Weiqian/movement/go/53.wav,movement,0.99609375,0.0,0.99609375,0.0,"[-128, 127, -128]",True,,,,,,,,,,,,,0.187208061106503,1.091332989744842,0.6722919642925262,1.955582993105054
604,Weiqian,movement,go,54,intent_directory,/Users/zilongzeng/Research/DroneControl/user_study_v3/Weiqian/movement/go/54.wav,Weiqian/movement/go/54.wav,movement,0.99609375,0.0,0.99609375,0.0,"[-128, 127, -128]",True,,,,,,,,,,,,,0.17954199574887753,1.520249992609024,0.6382920546457171,2.347624977119267
605,Weiqian,movement,go,55,intent_directory,/Users/zilongzeng/Research/DroneControl/user_study_v3/Weiqian/movement/go/55.wav,Weiqian/movement/go/55.wav,movement,0.99609375,0.0,0.99609375,0.0,"[-128, 127, -128]",True,,,,,,,,,,,,,0.33970794174820185,1.2232080334797502,0.6752921035513282,2.2445409558713436
606,Weiqian,movement,go,56,intent_directory,/Users/zilongzeng/Research/DroneControl/user_study_v3/Weiqian/movement/go/56.wav,Weiqian/movement/go/56.wav,movement,0.99609375,0.0,0.99609375,0.0,"[-128, 127, -128]",True,,,,,,,,,,,,,0.22799998987466097,1.1030420428141952,0.6877499399706721,2.0239580189809203
607,Weiqian,movement,go,57,intent_directory,/Users/zilongzeng/Research/DroneControl/user_study_v3/Weiqian/movement/go/57.wav,Weiqian/movement/go/57.wav,movement,0.99609375,0.0,0.99609375,0.0,"[-128, 127, -128]",True,,,,,,,,,,,,,0.1866660313680768,1.122749992646277,0.691334018483758,2.006292110309005
608,Weiqian,movement,go,58,intent_directory,/Users/zilongzeng/Research/DroneControl/user_study_v3/Weiqian/movement/go/58.wav,Weiqian/movement/go/58.wav,movement,0.99609375,0.0,0.99609375,0.0,"[-128, 127, -128]",True,,,,,,,,,,,,,0.23108301684260368,1.3827909715473652,0.6886250339448452,2.3081250255927444
609,Weiqian,movement,go,59,intent_directory,/Users/zilongzeng/Research/DroneControl/user_study_v3/Weiqian/movement/go/59.wav,Weiqian/movement/go/59.wav,movement,0.99609375,0.0,0.99609375,0.0,"[-128, 127, -128]",True,,,,,,,,,,,,,0.23329199757426977,1.155500067397952,0.6762499688193202,2.069916925393045
610,Weiqian,movement,go,60,intent_directory,/Users/zilongzeng/Research/DroneControl/user_study_v3/Weiqian/movement/go/60.wav,Weiqian/movement/go/60.wav,movement,0.99609375,0.0,0.99609375,0.0,"[-128, 127, -128]",True,,,,,,,,,,,,,0.19275001250207424,1.1377920163795352,0.6660840008407831,2.001458080485463
611,Weiqian,movement,forward,61,intent_directory,/Users/zilongzeng/Research/DroneControl/user_study_v3/Weiqian/movement/forward/61.wav,Weiqian/movement/forward/61.wav,unknown,0.99609375,0.0,0.00390625,0.99609375,"[-128, -127, 127]",False,,,,,,,,,,,,,0.1782500185072422,1.0812089312821627,0.6900000153109431,1.955667044967413
612,Weiqian,movement,forward,62,intent_directory,/Users/zilongzeng/Research/DroneControl/user_study_v3/Weiqian/movement/forward/62.wav,Weiqian/movement/forward/62.wav,unknown,0.97265625,0.0,0.02734375,0.97265625,"[-128, -121, 121]",False,,,,,,,,,,,,,0.19154197070747614,1.2956659775227308,0.6896250415593386,2.182625001296401
613,Weiqian,movement,forward,63,intent_directory,/Users/zilongzeng/Research/DroneControl/user_study_v3/Weiqian/movement/forward/63.wav,Weiqian/movement/forward/63.wav,unknown,0.99609375,0.0,0.0,0.99609375,"[-128, -128, 127]",False,,,,,,,,,,,,,0.22983294911682606,1.1566659668460488,0.6600830238312483,2.0513749914243817
614,Weiqian,movement,forward,64,intent_directory,/Users/zilongzeng/Research/DroneControl/user_study_v3/Weiqian/movement/forward/64.wav,Weiqian/movement/forward/64.wav,movement,0.99609375,0.0,0.99609375,0.0,"[-128, 127, -128]",True,,,,,,,,,,,,,0.18645799718797207,1.2113749980926514,0.6653330055996776,2.0680419402197003
615,Weiqian,movement,forward,65,intent_directory,/Users/zilongzeng/Research/DroneControl/user_study_v3/Weiqian/movement/forward/65.wav,Weiqian/movement/forward/65.wav,unknown,0.59765625,0.0,0.40234375,0.59765625,"[-128, -25, 25]",False,,,,,,,,,,,,,0.1759169390425086,1.1362920049577951,0.8050419855862856,2.158166957087815
616,Weiqian,movement,forward,66,intent_directory,/Users/zilongzeng/Research/DroneControl/user_study_v3/Weiqian/movement/forward/66.wav,Weiqian/movement/forward/66.wav,unknown,0.98046875,0.0,0.01953125,0.98046875,"[-128, -123, 123]",False,,,,,,,,,,,,,0.29616698157042265,1.3866249937564135,0.6904159672558308,2.379082958213985
617,Weiqian,movement,forward,67,intent_directory,/Users/zilongzeng/Research/DroneControl/user_study_v3/Weiqian/movement/forward/67.wav,Weiqian/movement/forward/67.wav,movement,0.91796875,0.0,0.91796875,0.08203125,"[-128, 107, -107]",True,,,,,,,,,,,,,0.2899999963119626,1.1495000217109919,0.6712500471621752,2.1155000431463122
618,Weiqian,movement,forward,68,intent_directory,/Users/zilongzeng/Research/DroneControl/user_study_v3/Weiqian/movement/forward/68.wav,Weiqian/movement/forward/68.wav,movement,0.99609375,0.0,0.99609375,0.00390625,"[-128, 127, -127]",True,,,,,,,,,,,,,0.1978749642148614,1.101332949474454,0.6672909948974848,1.9711669301614165
619,Weiqian,movement,forward,69,intent_directory,/Users/zilongzeng/Research/DroneControl/user_study_v3/Weiqian/movement/forward/69.wav,Weiqian/movement/forward/69.wav,movement,0.9921875,0.0,0.9921875,0.0078125,"[-128, 126, -126]",True,,,,,,,,,,,,,0.26237498968839645,1.1217499850317836,0.7257920224219561,2.1722499513998628
620,Weiqian,movement,forward,70,intent_directory,/Users/zilongzeng/Research/DroneControl/user_study_v3/Weiqian/movement/forward/70.wav,Weiqian/movement/forward/70.wav,movement,0.99609375,0.0,0.99609375,0.0,"[-128, 127, -128]",True,,,,,,,,,,,,,0.2965410239994526,1.211083959788084,0.6857080152258277,2.199457958340645
621,Weiqian,movement,left,71,intent_directory,/Users/zilongzeng/Research/DroneControl/user_study_v3/Weiqian/movement/left/71.wav,Weiqian/movement/left/71.wav,movement,0.99609375,0.0,0.99609375,0.0,"[-128, 127, -128]",True,,,,,,,,,,,,,0.21895894315093756,1.2454590760171413,0.6983329076319933,2.167666098102927
622,Weiqian,movement,left,72,intent_directory,/Users/zilongzeng/Research/DroneControl/user_study_v3/Weiqian/movement/left/72.wav,Weiqian/movement/left/72.wav,movement,0.99609375,0.0,0.99609375,0.0,"[-128, 127, -128]",True,,,,,,,,,,,,,0.06487499922513962,1.0720419231802225,0.6659590872004628,1.8075829138979316
623,Weiqian,movement,left,73,intent_directory,/Users/zilongzeng/Research/DroneControl/user_study_v3/Weiqian/movement/left/73.wav,Weiqian/movement/left/73.wav,movement,0.99609375,0.0,0.99609375,0.0,"[-128, 127, -128]",True,,,,,,,,,,,,,0.06570795085281134,1.0931250872090459,0.7502499502152205,1.972333062440157
624,Weiqian,movement,left,74,intent_directory,/Users/zilongzeng/Research/DroneControl/user_study_v3/Weiqian/movement/left/74.wav,Weiqian/movement/left/74.wav,movement,0.99609375,0.0,0.99609375,0.0,"[-128, 127, -128]",True,,,,,,,,,,,,,0.19087502732872963,1.2807500315830112,0.6828340701758862,2.160541946068406
625,Weiqian,movement,left,75,intent_directory,/Users/zilongzeng/Research/DroneControl/user_study_v3/Weiqian/movement/left/75.wav,Weiqian/movement/left/75.wav,movement,0.99609375,0.0,0.99609375,0.0,"[-128, 127, -128]",True,,,,,,,,,,,,,0.08958298712968826,1.0850830003619194,0.6687080021947622,1.848165993578732
626,Weiqian,movement,left,76,intent_directory,/Users/zilongzeng/Research/DroneControl/user_study_v3/Weiqian/movement/left/76.wav,Weiqian/movement/left/76.wav,movement,0.99609375,0.0,0.99609375,0.0,"[-128, 127, -128]",True,,,,,,,,,,,,,0.06325007416307926,1.1020839447155595,0.6651669973507524,1.8353749765083194
627,Weiqian,movement,left,77,intent_directory,/Users/zilongzeng/Research/DroneControl/user_study_v3/Weiqian/movement/left/77.wav,Weiqian/movement/left/77.wav,movement,0.99609375,0.0,0.99609375,0.0,"[-128, 127, -128]",True,,,,,,,,,,,,,0.06020802538841963,1.1196669656783342,0.7820830214768648,2.0065410062670708
628,Weiqian,movement,left,78,intent_directory,/Users/zilongzeng/Research/DroneControl/user_study_v3/Weiqian/movement/left/78.wav,Weiqian/movement/left/78.wav,movement,0.99609375,0.0,0.99609375,0.0,"[-128, 127, -128]",True,,,,,,,,,,,,,0.28912501875311136,1.334124943241477,0.6180410273373127,2.248584059998393
629,Weiqian,movement,left,79,intent_directory,/Users/zilongzeng/Research/DroneControl/user_study_v3/Weiqian/movement/left/79.wav,Weiqian/movement/left/79.wav,movement,0.99609375,0.0,0.99609375,0.0,"[-128, 127, -128]",True,,,,,,,,,,,,,0.27120800223201513,1.144916983321309,0.6706250132992864,2.092582988552749
630,Weiqian,movement,left,80,intent_directory,/Users/zilongzeng/Research/DroneControl/user_study_v3/Weiqian/movement/left/80.wav,Weiqian/movement/left/80.wav,movement,0.99609375,0.0,0.99609375,0.0,"[-128, 127, -128]",True,,,,,,,,,,,,,0.0631249276921153,1.241167075932026,0.6239590002223849,1.9379999721422791
631,Weiqian,movement,right,81,intent_directory,/Users/zilongzeng/Research/DroneControl/user_study_v3/Weiqian/movement/right/81.wav,Weiqian/movement/right/81.wav,movement,0.99609375,0.0,0.99609375,0.0,"[-128, 127, -128]",True,,,,,,,,,,,,,0.1788330264389515,1.152166980318725,0.771624967455864,2.111584064550698
632,Weiqian,movement,right,82,intent_directory,/Users/zilongzeng/Research/DroneControl/user_study_v3/Weiqian/movement/right/82.wav,Weiqian/movement/right/82.wav,movement,0.99609375,0.0,0.99609375,0.0,"[-128, 127, -128]",True,,,,,,,,,,,,,0.07062498480081558,1.376874977722764,0.6821670103818178,2.1358750527724624
633,Weiqian,movement,right,83,intent_directory,/Users/zilongzeng/Research/DroneControl/user_study_v3/Weiqian/movement/right/83.wav,Weiqian/movement/right/83.wav,movement,0.99609375,0.0,0.99609375,0.0,"[-128, 127, -128]",True,,,,,,,,,,,,,0.08987507317215204,1.1217499850317836,0.6712499307468534,1.887541962787509
634,Weiqian,movement,right,84,intent_directory,/Users/zilongzeng/Research/DroneControl/user_study_v3/Weiqian/movement/right/84.wav,Weiqian/movement/right/84.wav,movement,0.99609375,0.0,0.99609375,0.0,"[-128, 127, -128]",True,,,,,,,,,,,,,0.056875054724514484,1.127790892496705,0.6762089906260371,1.865917001850903
635,Weiqian,movement,right,85,intent_directory,/Users/zilongzeng/Research/DroneControl/user_study_v3/Weiqian/movement/right/85.wav,Weiqian/movement/right/85.wav,movement,0.99609375,0.0,0.99609375,0.0,"[-128, 127, -128]",True,,,,,,,,,,,,,0.17324998043477535,1.1605829931795597,0.6948750233277678,2.0344159565865993
636,Weiqian,movement,right,86,intent_directory,/Users/zilongzeng/Research/DroneControl/user_study_v3/Weiqian/movement/right/86.wav,Weiqian/movement/right/86.wav,unknown,0.99609375,0.0,0.00390625,0.99609375,"[-128, -127, 127]",False,,,,,,,,,,,,,0.30495901592075825,1.4954169746488333,0.6489590741693974,2.4609999964013696
637,Weiqian,movement,right,87,intent_directory,/Users/zilongzeng/Research/DroneControl/user_study_v3/Weiqian/movement/right/87.wav,Weiqian/movement/right/87.wav,unknown,0.90234375,0.0,0.09765625,0.90234375,"[-128, -103, 103]",False,,,,,,,,,,,,,0.15004200395196676,1.1379580246284604,0.6690419977530837,1.9625830464065075
638,Weiqian,movement,right,88,intent_directory,/Users/zilongzeng/Research/DroneControl/user_study_v3/Weiqian/movement/right/88.wav,Weiqian/movement/right/88.wav,unknown,0.99609375,0.0,0.0,0.99609375,"[-128, -128, 127]",False,,,,,,,,,,,,,0.07004197686910629,1.142041990533471,0.6767919985577464,1.893749926239252
639,Weiqian,movement,right,89,intent_directory,/Users/zilongzeng/Research/DroneControl/user_study_v3/Weiqian/movement/right/89.wav,Weiqian/movement/right/89.wav,movement,0.98828125,0.0,0.98828125,0.01171875,"[-128, 125, -125]",True,,,,,,,,,,,,,0.05945796146988869,1.1076669907197356,0.6695829797536135,1.8415830563753843
640,Weiqian,movement,right,90,intent_directory,/Users/zilongzeng/Research/DroneControl/user_study_v3/Weiqian/movement/right/90.wav,Weiqian/movement/right/90.wav,movement,0.99609375,0.0,0.99609375,0.0,"[-128, 127, -128]",True,,,,,,,,,,,,,0.06733299233019352,1.491334056481719,0.7065419340506196,2.2718339459970593
641,Weiqian,movement,up,91,intent_directory,/Users/zilongzeng/Research/DroneControl/user_study_v3/Weiqian/movement/up/91.wav,Weiqian/movement/up/91.wav,movement,0.99609375,0.0,0.99609375,0.0,"[-128, 127, -128]",True,,,,,,,,,,,,,0.10058307088911533,1.142999972216785,0.6732499459758401,1.92137504927814
642,Weiqian,movement,up,92,intent_directory,/Users/zilongzeng/Research/DroneControl/user_study_v3/Weiqian/movement/up/92.wav,Weiqian/movement/up/92.wav,movement,0.99609375,0.0,0.99609375,0.0,"[-128, 127, -128]",True,,,,,,,,,,,,,0.06287498399615288,1.160167041234672,0.6697919452562928,1.8977500731125474
643,Weiqian,movement,up,93,intent_directory,/Users/zilongzeng/Research/DroneControl/user_study_v3/Weiqian/movement/up/93.wav,Weiqian/movement/up/93.wav,movement,0.99609375,0.0,0.99609375,0.0,"[-128, 127, -128]",True,,,,,,,,,,,,,0.06812496576458216,1.1457919608801603,0.6730840541422367,1.8917499110102654
644,Weiqian,movement,up,94,intent_directory,/Users/zilongzeng/Research/DroneControl/user_study_v3/Weiqian/movement/up/94.wav,Weiqian/movement/up/94.wav,movement,0.99609375,0.0,0.99609375,0.0,"[-128, 127, -128]",True,,,,,,,,,,,,,0.06987503729760647,1.3435829896479845,0.7261249702423811,2.148333005607128
645,Weiqian,movement,up,95,intent_directory,/Users/zilongzeng/Research/DroneControl/user_study_v3/Weiqian/movement/up/95.wav,Weiqian/movement/up/95.wav,movement,0.99609375,0.0,0.99609375,0.0,"[-128, 127, -128]",True,,,,,,,,,,,,,0.0955420546233654,1.2073749676346779,0.6652079755440354,1.9729159539565444
646,Weiqian,movement,up,96,intent_directory,/Users/zilongzeng/Research/DroneControl/user_study_v3/Weiqian/movement/up/96.wav,Weiqian/movement/up/96.wav,movement,0.99609375,0.0,0.99609375,0.0,"[-128, 127, -128]",True,,,,,,,,,,,,,0.060542020946741104,1.2840830022469163,0.6293749902397394,1.9835829734802246
647,Weiqian,movement,up,97,intent_directory,/Users/zilongzeng/Research/DroneControl/user_study_v3/Weiqian/movement/up/97.wav,Weiqian/movement/up/97.wav,movement,0.99609375,0.0,0.99609375,0.0,"[-128, 127, -128]",True,,,,,,,,,,,,,0.20954094361513853,1.1942499550059438,0.6685409462079406,2.0785420201718807
648,Weiqian,movement,up,98,intent_directory,/Users/zilongzeng/Research/DroneControl/user_study_v3/Weiqian/movement/up/98.wav,Weiqian/movement/up/98.wav,movement,0.99609375,0.0,0.99609375,0.0,"[-128, 127, -128]",True,,,,,,,,,,,,,0.07750000804662704,1.3085829559713602,0.7312919478863478,2.1242910297587514
649,Weiqian,movement,up,99,intent_directory,/Users/zilongzeng/Research/DroneControl/user_study_v3/Weiqian/movement/up/99.wav,Weiqian/movement/up/99.wav,movement,0.99609375,0.0,0.99609375,0.0,"[-128, 127, -128]",True,,,,,,,,,,,,,0.08483300916850567,1.1380829382687807,0.6733329501003027,1.90100003965199
650,Weiqian,movement,up,100,intent_directory,/Users/zilongzeng/Research/DroneControl/user_study_v3/Weiqian/movement/up/100.wav,Weiqian/movement/up/100.wav,movement,0.99609375,0.0,0.99609375,0.0,"[-128, 127, -128]",True,,,,,,,,,,,,,0.06087496876716614,1.117624924518168,0.6650830619037151,1.8483329331502318
651,Weiqian,unknown,bed,101,intent_directory,/Users/zilongzeng/Research/DroneControl/user_study_v3/Weiqian/unknown/bed/101.wav,Weiqian/unknown/bed/101.wav,unknown,0.99609375,0.0,0.0,0.99609375,"[-128, -128, 127]",True,,,,,,,,,,,,,0.16799999866634607,1.0894999140873551,0.673915958032012,1.9363329047337174
652,Weiqian,unknown,bed,102,intent_directory,/Users/zilongzeng/Research/DroneControl/user_study_v3/Weiqian/unknown/bed/102.wav,Weiqian/unknown/bed/102.wav,movement,0.97265625,0.0,0.97265625,0.02734375,"[-128, 121, -121]",False,,,,,,,,,,,,,0.22908300161361694,1.1901248944923282,0.731125008314848,2.157707931473851
653,Weiqian,unknown,bed,103,intent_directory,/Users/zilongzeng/Research/DroneControl/user_study_v3/Weiqian/unknown/bed/103.wav,Weiqian/unknown/bed/103.wav,movement,0.98828125,0.0,0.98828125,0.01171875,"[-128, 125, -125]",False,,,,,,,,,,,,,0.09012501686811447,1.2523330515250564,0.6712080212309957,2.018583007156849
654,Weiqian,unknown,bed,104,intent_directory,/Users/zilongzeng/Research/DroneControl/user_study_v3/Weiqian/unknown/bed/104.wav,Weiqian/unknown/bed/104.wav,unknown,0.99609375,0.0,0.0,0.99609375,"[-128, -128, 127]",True,,,,,,,,,,,,,0.06204203236848116,1.092792022973299,0.6646249676123261,1.8241250654682517
655,Weiqian,unknown,bed,105,intent_directory,/Users/zilongzeng/Research/DroneControl/user_study_v3/Weiqian/unknown/bed/105.wav,Weiqian/unknown/bed/105.wav,movement,0.99609375,0.0,0.99609375,0.0,"[-128, 127, -128]",False,,,,,,,,,,,,,0.06729201413691044,1.1259160237386823,0.6668750429525971,1.8648749683052301
656,Weiqian,unknown,bed,106,intent_directory,/Users/zilongzeng/Research/DroneControl/user_study_v3/Weiqian/unknown/bed/106.wav,Weiqian/unknown/bed/106.wav,unknown,0.99609375,0.0,0.0,0.99609375,"[-128, -128, 127]",True,,,,,,,,,,,,,0.05712499842047691,1.0877919849008322,0.7205839501693845,1.8739169463515282
657,Weiqian,unknown,bed,107,intent_directory,/Users/zilongzeng/Research/DroneControl/user_study_v3/Weiqian/unknown/bed/107.wav,Weiqian/unknown/bed/107.wav,unknown,0.98046875,0.0,0.01953125,0.98046875,"[-128, -123, 123]",True,,,,,,,,,,,,,0.09120802860707045,1.2961659813299775,0.675083021633327,2.067625056952238
658,Weiqian,unknown,bed,108,intent_directory,/Users/zilongzeng/Research/DroneControl/user_study_v3/Weiqian/unknown/bed/108.wav,Weiqian/unknown/bed/108.wav,movement,0.93359375,0.0,0.93359375,0.06640625,"[-128, 111, -111]",False,,,,,,,,,,,,,0.06458396092057228,1.1137499241158366,0.6723330589011312,1.855290960520506
659,Weiqian,unknown,bed,109,intent_directory,/Users/zilongzeng/Research/DroneControl/user_study_v3/Weiqian/unknown/bed/109.wav,Weiqian/unknown/bed/109.wav,movement,0.99609375,0.0,0.99609375,0.00390625,"[-128, 127, -127]",False,,,,,,,,,,,,,0.06345799192786217,1.2001660652458668,0.6672079907730222,1.9354160176590085
660,Weiqian,unknown,bed,110,intent_directory,/Users/zilongzeng/Research/DroneControl/user_study_v3/Weiqian/unknown/bed/110.wav,Weiqian/unknown/bed/110.wav,movement,0.99609375,0.0,0.99609375,0.0,"[-128, 127, -128]",False,,,,,,,,,,,,,0.05704199429601431,1.0794580448418856,0.7387080695480108,1.8818340031430125
661,Weiqian,unknown,bird,111,intent_directory,/Users/zilongzeng/Research/DroneControl/user_study_v3/Weiqian/unknown/bird/111.wav,Weiqian/unknown/bird/111.wav,unknown,0.99609375,0.0,0.0,0.99609375,"[-128, -128, 127]",True,,,,,,,,,,,,,0.09537499863654375,1.4870830345898867,0.6747909355908632,2.2630419116467237
662,Weiqian,unknown,bird,112,intent_directory,/Users/zilongzeng/Research/DroneControl/user_study_v3/Weiqian/unknown/bird/112.wav,Weiqian/unknown/bird/112.wav,unknown,0.99609375,0.0,0.0,0.99609375,"[-128, -128, 127]",True,,,,,,,,,,,,,0.07537507917732,1.0932500008493662,0.6786250742152333,1.852208049967885
663,Weiqian,unknown,bird,113,intent_directory,/Users/zilongzeng/Research/DroneControl/user_study_v3/Weiqian/unknown/bird/113.wav,Weiqian/unknown/bird/113.wav,unknown,0.99609375,0.0,0.0,0.99609375,"[-128, -128, 127]",True,,,,,,,,,,,,,0.06454205140471458,1.2254579924046993,0.6579159526154399,1.9525829702615738
664,Weiqian,unknown,bird,114,intent_directory,/Users/zilongzeng/Research/DroneControl/user_study_v3/Weiqian/unknown/bird/114.wav,Weiqian/unknown/bird/114.wav,unknown,0.99609375,0.0,0.0,0.99609375,"[-128, -128, 127]",True,,,,,,,,,,,,,0.06416707765311003,1.1038749944418669,0.6742089753970504,1.847042003646493
665,Weiqian,unknown,bird,115,intent_directory,/Users/zilongzeng/Research/DroneControl/user_study_v3/Weiqian/unknown/bird/115.wav,Weiqian/unknown/bird/115.wav,unknown,0.99609375,0.0,0.0,0.99609375,"[-128, -128, 127]",True,,,,,,,,,,,,,0.06470794323831797,1.6002909978851676,0.7018750766292214,2.374334027990699
666,Weiqian,unknown,bird,116,intent_directory,/Users/zilongzeng/Research/DroneControl/user_study_v3/Weiqian/unknown/bird/116.wav,Weiqian/unknown/bird/116.wav,unknown,0.99609375,0.0,0.0,0.99609375,"[-128, -128, 127]",True,,,,,,,,,,,,,0.24154200218617916,1.2033330276608467,0.6622499786317348,2.112042042426765
667,Weiqian,unknown,bird,117,intent_directory,/Users/zilongzeng/Research/DroneControl/user_study_v3/Weiqian/unknown/bird/117.wav,Weiqian/unknown/bird/117.wav,unknown,0.99609375,0.0,0.0,0.99609375,"[-128, -128, 127]",True,,,,,,,,,,,,,0.20899996161460876,1.1092079803347588,0.6643339293077588,1.9872079137712717
668,Weiqian,unknown,bird,118,intent_directory,/Users/zilongzeng/Research/DroneControl/user_study_v3/Weiqian/unknown/bird/118.wav,Weiqian/unknown/bird/118.wav,unknown,0.99609375,0.0,0.0,0.99609375,"[-128, -128, 127]",True,,,,,,,,,,,,,0.061916070990264416,1.141499960795045,0.668541993945837,1.8767499132081866
669,Weiqian,unknown,bird,119,intent_directory,/Users/zilongzeng/Research/DroneControl/user_study_v3/Weiqian/unknown/bird/119.wav,Weiqian/unknown/bird/119.wav,unknown,0.99609375,0.0,0.0,0.99609375,"[-128, -128, 127]",True,,,,,,,,,,,,,0.06958306767046452,1.53254100587219,0.642457976937294,2.253917045891285
670,Weiqian,unknown,bird,120,intent_directory,/Users/zilongzeng/Research/DroneControl/user_study_v3/Weiqian/unknown/bird/120.wav,Weiqian/unknown/bird/120.wav,unknown,0.99609375,0.0,0.0,0.99609375,"[-128, -128, 127]",True,,,,,,,,,,,,,0.30379206873476505,1.2080000014975667,0.6753329653292894,2.1929999347776175
671,Weiqian,unknown,cat,121,intent_directory,/Users/zilongzeng/Research/DroneControl/user_study_v3/Weiqian/unknown/cat/121.wav,Weiqian/unknown/cat/121.wav,unknown,0.99609375,0.0,0.0,0.99609375,"[-128, -128, 127]",True,,,,,,,,,,,,,0.23612496443092823,1.0980829829350114,0.6719999946653843,2.010916010476649
672,Weiqian,unknown,cat,122,intent_directory,/Users/zilongzeng/Research/DroneControl/user_study_v3/Weiqian/unknown/cat/122.wav,Weiqian/unknown/cat/122.wav,unknown,0.99609375,0.0,0.0,0.99609375,"[-128, -128, 127]",True,,,,,,,,,,,,,0.05795795004814863,1.1273330310359597,0.692458008415997,1.8833749927580357
673,Weiqian,unknown,cat,123,intent_directory,/Users/zilongzeng/Research/DroneControl/user_study_v3/Weiqian/unknown/cat/123.wav,Weiqian/unknown/cat/123.wav,unknown,0.99609375,0.0,0.0,0.99609375,"[-128, -128, 127]",True,,,,,,,,,,,,,0.06966688670217991,1.5569590032100677,0.7009590044617653,2.334584016352892
674,Weiqian,unknown,cat,124,intent_directory,/Users/zilongzeng/Research/DroneControl/user_study_v3/Weiqian/unknown/cat/124.wav,Weiqian/unknown/cat/124.wav,unknown,0.99609375,0.0,0.0,0.99609375,"[-128, -128, 127]",True,,,,,,,,,,,,,0.10741699952632189,1.1720419861376286,0.6683750543743372,1.9527500262483954
675,Weiqian,unknown,cat,125,intent_directory,/Users/zilongzeng/Research/DroneControl/user_study_v3/Weiqian/unknown/cat/125.wav,Weiqian/unknown/cat/125.wav,unknown,0.99609375,0.0,0.0,0.99609375,"[-128, -128, 127]",True,,,,,,,,,,,,,0.060999998822808266,1.1169579811394215,0.6664580432698131,1.8491250229999423
676,Weiqian,unknown,cat,126,intent_directory,/Users/zilongzeng/Research/DroneControl/user_study_v3/Weiqian/unknown/cat/126.wav,Weiqian/unknown/cat/126.wav,unknown,0.99609375,0.0,0.0,0.99609375,"[-128, -128, 127]",True,,,,,,,,,,,,,0.06258406210690737,1.151000033132732,0.6727919680997729,1.8910830840468407
677,Weiqian,unknown,cat,127,intent_directory,/Users/zilongzeng/Research/DroneControl/user_study_v3/Weiqian/unknown/cat/127.wav,Weiqian/unknown/cat/127.wav,unknown,0.99609375,0.0,0.0,0.99609375,"[-128, -128, 127]",True,,,,,,,,,,,,,0.06037496495991945,1.4572909567505121,0.7272500079125166,2.2516249446198344
678,Weiqian,unknown,cat,128,intent_directory,/Users/zilongzeng/Research/DroneControl/user_study_v3/Weiqian/unknown/cat/128.wav,Weiqian/unknown/cat/128.wav,unknown,0.99609375,0.0,0.0,0.99609375,"[-128, -128, 127]",True,,,,,,,,,,,,,0.1045420067384839,1.1378329945728183,0.7027499377727509,1.9503330113366246
679,Weiqian,unknown,cat,129,intent_directory,/Users/zilongzeng/Research/DroneControl/user_study_v3/Weiqian/unknown/cat/129.wav,Weiqian/unknown/cat/129.wav,unknown,0.99609375,0.0,0.0,0.99609375,"[-128, -128, 127]",True,,,,,,,,,,,,,0.06999995093792677,1.1089170584455132,0.6660409271717072,1.8497499404475093
680,Weiqian,unknown,cat,130,intent_directory,/Users/zilongzeng/Research/DroneControl/user_study_v3/Weiqian/unknown/cat/130.wav,Weiqian/unknown/cat/130.wav,unknown,0.99609375,0.0,0.0,0.99609375,"[-128, -128, 127]",True,,,,,,,,,,,,,0.20304194185882807,1.1448750738054514,0.6759579991921782,2.0287500228732824
681,Weiqian,unknown,dog,131,intent_directory,/Users/zilongzeng/Research/DroneControl/user_study_v3/Weiqian/unknown/dog/131.wav,Weiqian/unknown/dog/131.wav,movement,0.59765625,0.0,0.59765625,0.3984375,"[-128, 25, -26]",False,,,,,,,,,,,,,0.22354209795594215,1.4515419024974108,0.6886250339448452,2.3705409839749336
682,Weiqian,unknown,dog,132,intent_directory,/Users/zilongzeng/Research/DroneControl/user_study_v3/Weiqian/unknown/dog/132.wav,Weiqian/unknown/dog/132.wav,unknown,0.9765625,0.01953125,0.0,0.9765625,"[-123, -128, 122]",True,,,,,,,,,,,,,0.10570907033979893,1.1628750944510102,0.6765410071238875,1.9498750334605575
683,Weiqian,unknown,dog,133,intent_directory,/Users/zilongzeng/Research/DroneControl/user_study_v3/Weiqian/unknown/dog/133.wav,Weiqian/unknown/dog/133.wav,movement,0.99609375,0.0,0.99609375,0.0,"[-128, 127, -128]",False,,,,,,,,,,,,,0.0613329466432333,1.1207499774172902,0.6689999718219042,1.8558750161901116
684,Weiqian,unknown,dog,134,intent_directory,/Users/zilongzeng/Research/DroneControl/user_study_v3/Weiqian/unknown/dog/134.wav,Weiqian/unknown/dog/134.wav,movement,0.99609375,0.0,0.99609375,0.0,"[-128, 127, -128]",False,,,,,,,,,,,,,0.06070802919566631,1.1370410211384296,0.6767919985577464,1.879375078715384
685,Weiqian,unknown,dog,135,intent_directory,/Users/zilongzeng/Research/DroneControl/user_study_v3/Weiqian/unknown/dog/135.wav,Weiqian/unknown/dog/135.wav,unknown,0.8984375,0.00390625,0.09765625,0.8984375,"[-127, -103, 102]",True,,,,,,,,,,,,,0.07049995474517345,1.4639999717473984,0.7093750173225999,2.251500030979514
686,Weiqian,unknown,dog,136,intent_directory,/Users/zilongzeng/Research/DroneControl/user_study_v3/Weiqian/unknown/dog/136.wav,Weiqian/unknown/dog/136.wav,movement,0.99609375,0.0,0.99609375,0.0,"[-128, 127, -128]",False,,,,,,,,,,,,,0.14591601211577654,1.2463750317692757,0.6732499459758401,2.0705419592559338
687,Weiqian,unknown,dog,137,intent_directory,/Users/zilongzeng/Research/DroneControl/user_study_v3/Weiqian/unknown/dog/137.wav,Weiqian/unknown/dog/137.wav,movement,0.9921875,0.0,0.9921875,0.00390625,"[-128, 126, -127]",False,,,,,,,,,,,,,0.06595801096409559,1.13483308814466,0.6644580280408263,1.869959058240056
688,Weiqian,unknown,dog,138,intent_directory,/Users/zilongzeng/Research/DroneControl/user_study_v3/Weiqian/unknown/dog/138.wav,Weiqian/unknown/dog/138.wav,unknown,0.8828125,0.05078125,0.0625,0.8828125,"[-115, -112, 98]",True,,,,,,,,,,,,,0.05849997978657484,1.076917047612369,0.6736249197274446,1.813833019696176
689,Weiqian,unknown,dog,139,intent_directory,/Users/zilongzeng/Research/DroneControl/user_study_v3/Weiqian/unknown/dog/139.wav,Weiqian/unknown/dog/139.wav,unknown,0.99609375,0.0,0.0,0.99609375,"[-128, -128, 127]",True,,,,,,,,,,,,,0.0600829953327775,1.5156250447034836,0.7165409624576569,2.300291904248297
690,Weiqian,unknown,dog,140,intent_directory,/Users/zilongzeng/Research/DroneControl/user_study_v3/Weiqian/unknown/dog/140.wav,Weiqian/unknown/dog/140.wav,unknown,0.71484375,0.0234375,0.26171875,0.71484375,"[-122, -61, 55]",True,,,,,,,,,,,,,0.13337505515664816,1.247874926775694,0.6822090363129973,2.068375004455447
691,Weiqian,unknown,happy,141,intent_directory,/Users/zilongzeng/Research/DroneControl/user_study_v3/Weiqian/unknown/happy/141.wav,Weiqian/unknown/happy/141.wav,unknown,0.99609375,0.0,0.0,0.99609375,"[-128, -128, 127]",True,,,,,,,,,,,,,0.06487499922513962,1.0936659527942538,0.6772920023649931,1.8404580187052488
692,Weiqian,unknown,happy,142,intent_directory,/Users/zilongzeng/Research/DroneControl/user_study_v3/Weiqian/unknown/happy/142.wav,Weiqian/unknown/happy/142.wav,unknown,0.99609375,0.0,0.0,0.99609375,"[-128, -128, 127]",True,,,,,,,,,,,,,0.059249927289783955,1.2670420110225677,0.6765830330550671,2.007500035688281
693,Weiqian,unknown,happy,143,intent_directory,/Users/zilongzeng/Research/DroneControl/user_study_v3/Weiqian/unknown/happy/143.wav,Weiqian/unknown/happy/143.wav,unknown,0.99609375,0.0,0.00390625,0.99609375,"[-128, -127, 127]",True,,,,,,,,,,,,,0.06474996916949749,1.3562910025939345,0.7307920604944229,2.1595420548692346
694,Weiqian,unknown,happy,144,intent_directory,/Users/zilongzeng/Research/DroneControl/user_study_v3/Weiqian/unknown/happy/144.wav,Weiqian/unknown/happy/144.wav,movement,0.99609375,0.0,0.99609375,0.0,"[-128, 127, -128]",False,,,,,,,,,,,,,0.10966695845127106,1.2495829723775387,0.6709159351885319,2.035417011938989
695,Weiqian,unknown,happy,145,intent_directory,/Users/zilongzeng/Research/DroneControl/user_study_v3/Weiqian/unknown/happy/145.wav,Weiqian/unknown/happy/145.wav,unknown,0.99609375,0.0,0.0,0.99609375,"[-128, -128, 127]",True,,,,,,,,,,,,,0.06304203998297453,1.1052909540012479,0.6749159656465054,1.8477910198271275
696,Weiqian,unknown,happy,146,intent_directory,/Users/zilongzeng/Research/DroneControl/user_study_v3/Weiqian/unknown/happy/146.wav,Weiqian/unknown/happy/146.wav,unknown,0.99609375,0.0,0.0,0.99609375,"[-128, -128, 127]",True,,,,,,,,,,,,,0.19120797514915466,1.134374993853271,0.6637499900534749,1.9940419588238
697,Weiqian,unknown,happy,147,intent_directory,/Users/zilongzeng/Research/DroneControl/user_study_v3/Weiqian/unknown/happy/147.wav,Weiqian/unknown/happy/147.wav,unknown,0.99609375,0.0,0.0,0.99609375,"[-128, -128, 127]",True,,,,,,,,,,,,,0.2154590329155326,1.308416947722435,0.7305829785764217,2.261499990709126
698,Weiqian,unknown,happy,148,intent_directory,/Users/zilongzeng/Research/DroneControl/user_study_v3/Weiqian/unknown/happy/148.wav,Weiqian/unknown/happy/148.wav,unknown,0.99609375,0.0,0.0,0.99609375,"[-128, -128, 127]",True,,,,,,,,,,,,,0.0974580179899931,1.197707955725491,0.6726250285282731,1.9725840538740158
699,Weiqian,unknown,happy,149,intent_directory,/Users/zilongzeng/Research/DroneControl/user_study_v3/Weiqian/unknown/happy/149.wav,Weiqian/unknown/happy/149.wav,unknown,0.99609375,0.0,0.0,0.99609375,"[-128, -128, 127]",True,,,,,,,,,,,,,0.06174994632601738,1.1454999912530184,0.6631670985370874,1.8751670140773058
700,Weiqian,unknown,happy,150,intent_directory,/Users/zilongzeng/Research/DroneControl/user_study_v3/Weiqian/unknown/happy/150.wav,Weiqian/unknown/happy/150.wav,unknown,0.99609375,0.0,0.0,0.99609375,"[-128, -128, 127]",True,,,,,,,,,,,,,0.061208964325487614,1.2121250620111823,0.671125017106533,1.949499943293631
701,Weisi,emergency,unavailable_in_sd_path,0,intent_directory,/Users/zilongzeng/Research/DroneControl/user_study_v3/Weisi/Emergency/0.wav,Weisi/Emergency/0.wav,emergency,0.9921875,0.9921875,0.0078125,0.0,"[126, -126, -128]",True,,,,,,,,,,,,,0.2060839906334877,1.310582971200347,0.7485829992219806,2.2756659891456366
702,Weisi,emergency,unavailable_in_sd_path,1,intent_directory,/Users/zilongzeng/Research/DroneControl/user_study_v3/Weisi/Emergency/1.wav,Weisi/Emergency/1.wav,emergency,0.99609375,0.99609375,0.0,0.0,"[127, -128, -128]",True,,,,,,,,,,,,,0.29554194770753384,1.4487500302493572,0.7282079895958304,2.478540991432965
703,Weisi,emergency,unavailable_in_sd_path,2,intent_directory,/Users/zilongzeng/Research/DroneControl/user_study_v3/Weisi/Emergency/2.wav,Weisi/Emergency/2.wav,movement,0.59765625,0.40234375,0.59765625,0.0,"[-25, 25, -128]",False,,,,,,,,,,,,,0.20825001411139965,1.1340000201016665,0.6663749227300286,2.0134170772507787
704,Weisi,emergency,unavailable_in_sd_path,3,intent_directory,/Users/zilongzeng/Research/DroneControl/user_study_v3/Weisi/Emergency/3.wav,Weisi/Emergency/3.wav,emergency,0.99609375,0.99609375,0.0,0.0,"[127, -128, -128]",True,,,,,,,,,,,,,0.203415984287858,1.140250009484589,0.6654580356553197,2.013875055126846
705,Weisi,emergency,unavailable_in_sd_path,4,intent_directory,/Users/zilongzeng/Research/DroneControl/user_study_v3/Weisi/Emergency/4.wav,Weisi/Emergency/4.wav,emergency,0.99609375,0.99609375,0.0,0.0,"[127, -128, -128]",True,,,,,,,,,,,,,0.06437499541789293,1.333541003987193,0.7373330881819129,2.143208053894341
706,Weisi,emergency,unavailable_in_sd_path,5,intent_directory,/Users/zilongzeng/Research/DroneControl/user_study_v3/Weisi/Emergency/5.wav,Weisi/Emergency/5.wav,emergency,0.99609375,0.99609375,0.0,0.0,"[127, -128, -128]",True,,,,,,,,,,,,,0.10304094757884741,1.2533749686554074,0.6685829721391201,2.0305829821154475
707,Weisi,emergency,unavailable_in_sd_path,6,intent_directory,/Users/zilongzeng/Research/DroneControl/user_study_v3/Weisi/Emergency/6.wav,Weisi/Emergency/6.wav,emergency,0.99609375,0.99609375,0.0,0.0,"[127, -128, -128]",True,,,,,,,,,,,,,0.07187493611127138,1.160791958682239,0.6706250132992864,1.9079579506069422
708,Weisi,emergency,unavailable_in_sd_path,7,intent_directory,/Users/zilongzeng/Research/DroneControl/user_study_v3/Weisi/Emergency/7.wav,Weisi/Emergency/7.wav,emergency,0.99609375,0.99609375,0.0,0.0,"[127, -128, -128]",True,,,,,,,,,,,,,0.05779205821454525,1.0655419901013374,0.6656249752268195,1.7935000360012054
709,Weisi,emergency,unavailable_in_sd_path,8,intent_directory,/Users/zilongzeng/Research/DroneControl/user_study_v3/Weisi/Emergency/8.wav,Weisi/Emergency/8.wav,emergency,0.99609375,0.99609375,0.0,0.0,"[127, -128, -128]",True,,,,,,,,,,,,,0.0601249048486352,1.25512492377311,0.6223330274224281,1.94995803758502
710,Weisi,emergency,unavailable_in_sd_path,9,intent_directory,/Users/zilongzeng/Research/DroneControl/user_study_v3/Weisi/Emergency/9.wav,Weisi/Emergency/9.wav,emergency,0.99609375,0.99609375,0.0,0.0,"[127, -128, -128]",True,,,,,,,,,,,,,0.26929203886538744,1.1756669264286757,0.6745000137016177,2.1247080294415355
711,Weisi,emergency,unavailable_in_sd_path,10,intent_directory,/Users/zilongzeng/Research/DroneControl/user_study_v3/Weisi/Emergency/10.wav,Weisi/Emergency/10.wav,emergency,0.99609375,0.99609375,0.0,0.0,"[127, -128, -128]",True,,,,,,,,,,,,,0.21225004456937313,1.07366603333503,0.7068329723551869,1.998333027586341
712,Weisi,emergency,unavailable_in_sd_path,11,intent_directory,/Users/zilongzeng/Research/DroneControl/user_study_v3/Weisi/Emergency/11.wav,Weisi/Emergency/11.wav,emergency,0.99609375,0.99609375,0.0,0.0,"[127, -128, -128]",True,,,,,,,,,,,,,0.05866598803550005,1.1240829480811954,0.6694169715046883,1.8570420797914267
713,Weisi,emergency,unavailable_in_sd_path,12,intent_directory,/Users/zilongzeng/Research/DroneControl/user_study_v3/Weisi/Emergency/12.wav,Weisi/Emergency/12.wav,emergency,0.91796875,0.91796875,0.0,0.08203125,"[107, -128, -107]",True,,,,,,,,,,,,,0.060999998822808266,1.12595793325454,0.7377499714493752,1.9657500088214874
714,Weisi,emergency,unavailable_in_sd_path,13,intent_directory,/Users/zilongzeng/Research/DroneControl/user_study_v3/Weisi/Emergency/13.wav,Weisi/Emergency/13.wav,emergency,0.921875,0.921875,0.06640625,0.0078125,"[108, -111, -126]",True,,,,,,,,,,,,,0.1709590433165431,1.2477500131353736,0.7032080320641398,2.1292499732226133
715,Weisi,emergency,unavailable_in_sd_path,14,intent_directory,/Users/zilongzeng/Research/DroneControl/user_study_v3/Weisi/Emergency/14.wav,Weisi/Emergency/14.wav,movement,0.99609375,0.0,0.99609375,0.0,"[-128, 127, -128]",False,,,,,,,,,,,,,0.10383292101323605,1.1424580588936806,0.674750073812902,1.9257499370723963
716,Weisi,emergency,unavailable_in_sd_path,15,intent_directory,/Users/zilongzeng/Research/DroneControl/user_study_v3/Weisi/Emergency/15.wav,Weisi/Emergency/15.wav,emergency,0.99609375,0.99609375,0.0,0.0,"[127, -128, -128]",True,,,,,,,,,,,,,0.05925004370510578,1.0834999848157167,0.6678339559584856,1.8153339624404907
717,Weisi,emergency,unavailable_in_sd_path,16,intent_directory,/Users/zilongzeng/Research/DroneControl/user_study_v3/Weisi/Emergency/16.wav,Weisi/Emergency/16.wav,emergency,0.99609375,0.99609375,0.0,0.0,"[127, -128, -128]",True,,,,,,,,,,,,,0.06700004450976849,1.1264169588685036,0.743833021260798,1.9783329917117953
718,Weisi,emergency,unavailable_in_sd_path,17,intent_directory,/Users/zilongzeng/Research/DroneControl/user_study_v3/Weisi/Emergency/17.wav,Weisi/Emergency/17.wav,emergency,0.99609375,0.99609375,0.0,0.0,"[127, -128, -128]",True,,,,,,,,,,,,,0.15187496319413185,1.4389579882845283,0.6785419536754489,2.27462500333786
719,Weisi,emergency,unavailable_in_sd_path,18,intent_directory,/Users/zilongzeng/Research/DroneControl/user_study_v3/Weisi/Emergency/18.wav,Weisi/Emergency/18.wav,emergency,0.99609375,0.99609375,0.0,0.0,"[127, -128, -128]",True,,,,,,,,,,,,,0.06624998059123755,1.2453329982236028,0.7019169861450791,2.0190830109640956
720,Weisi,emergency,unavailable_in_sd_path,19,intent_directory,/Users/zilongzeng/Research/DroneControl/user_study_v3/Weisi/Emergency/19.wav,Weisi/Emergency/19.wav,emergency,0.99609375,0.99609375,0.0,0.0,"[127, -128, -128]",True,,,,,,,,,,,,,0.059125013649463654,1.2468340573832393,0.630917027592659,1.9463329808786511
721,Weisi,emergency,unavailable_in_sd_path,20,intent_directory,/Users/zilongzeng/Research/DroneControl/user_study_v3/Weisi/Emergency/20.wav,Weisi/Emergency/20.wav,emergency,0.99609375,0.99609375,0.0,0.0,"[127, -128, -128]",True,,,,,,,,,,,,,0.1758750295266509,1.1248330119997263,0.78504194971174,2.100875019095838
722,Weisi,emergency,unavailable_in_sd_path,21,intent_directory,/Users/zilongzeng/Research/DroneControl/user_study_v3/Weisi/Emergency/21.wav,Weisi/Emergency/21.wav,movement,0.99609375,0.0,0.99609375,0.0,"[-128, 127, -128]",False,,,,,,,,,,,,,0.08337502367794514,1.3279170962050557,0.6886249175295234,2.1068749483674765
723,Weisi,emergency,unavailable_in_sd_path,22,intent_directory,/Users/zilongzeng/Research/DroneControl/user_study_v3/Weisi/Emergency/22.wav,Weisi/Emergency/22.wav,unknown,0.9609375,0.0390625,0.0,0.9609375,"[-118, -128, 118]",False,,,,,,,,,,,,,0.24691608268767595,1.2287079589441419,0.6652920274063945,2.146042068488896
724,Weisi,emergency,unavailable_in_sd_path,23,intent_directory,/Users/zilongzeng/Research/DroneControl/user_study_v3/Weisi/Emergency/23.wav,Weisi/Emergency/23.wav,emergency,0.99609375,0.99609375,0.0,0.0,"[127, -128, -128]",True,,,,,,,,,,,,,0.21779199596494436,1.274166046641767,0.6396669195964932,2.141416072845459
725,Weisi,emergency,unavailable_in_sd_path,24,intent_directory,/Users/zilongzeng/Research/DroneControl/user_study_v3/Weisi/Emergency/24.wav,Weisi/Emergency/24.wav,emergency,0.734375,0.734375,0.26953125,0.0,"[60, -59, -128]",True,,,,,,,,,,,,,0.3526670625433326,1.1912089539691806,0.7406249642372131,2.2964159725233912
726,Weisi,emergency,unavailable_in_sd_path,25,intent_directory,/Users/zilongzeng/Research/DroneControl/user_study_v3/Weisi/Emergency/25.wav,Weisi/Emergency/25.wav,emergency,0.99609375,0.99609375,0.0,0.0,"[127, -128, -128]",True,,,,,,,,,,,,,0.27583399787545204,1.3825419591739774,0.680374912917614,2.3442080710083246
727,Weisi,emergency,unavailable_in_sd_path,26,intent_directory,/Users/zilongzeng/Research/DroneControl/user_study_v3/Weisi/Emergency/26.wav,Weisi/Emergency/26.wav,emergency,0.99609375,0.99609375,0.0,0.0,"[127, -128, -128]",True,,,,,,,,,,,,,0.07841701153665781,1.200541970320046,0.6664159009233117,1.9502920331433415
728,Weisi,emergency,unavailable_in_sd_path,27,intent_directory,/Users/zilongzeng/Research/DroneControl/user_study_v3/Weisi/Emergency/27.wav,Weisi/Emergency/27.wav,emergency,0.99609375,0.99609375,0.0,0.0,"[127, -128, -128]",True,,,,,,,,,,,,,0.05320797208696604,1.101708970963955,0.6702920654788613,1.8302500247955322
729,Weisi,emergency,unavailable_in_sd_path,28,intent_directory,/Users/zilongzeng/Research/DroneControl/user_study_v3/Weisi/Emergency/28.wav,Weisi/Emergency/28.wav,emergency,0.99609375,0.99609375,0.0,0.0,"[127, -128, -128]",True,,,,,,,,,,,,,0.0665000407025218,1.18862499948591,0.7947089616209269,2.061625011265278
730,Weisi,emergency,unavailable_in_sd_path,29,intent_directory,/Users/zilongzeng/Research/DroneControl/user_study_v3/Weisi/Emergency/29.wav,Weisi/Emergency/29.wav,emergency,0.99609375,0.99609375,0.0,0.0,"[127, -128, -128]",True,,,,,,,,,,,,,0.09983300697058439,1.33200001437217,0.6734170019626617,2.110417000949383
731,Weisi,emergency,unavailable_in_sd_path,30,intent_directory,/Users/zilongzeng/Research/DroneControl/user_study_v3/Weisi/Emergency/30.wav,Weisi/Emergency/30.wav,movement,0.99609375,0.0,0.99609375,0.0,"[-128, 127, -128]",False,,,,,,,,,,,,,0.06954197306185961,1.240542042069137,0.6262089591473341,1.9452919950708747
732,Weisi,emergency,unavailable_in_sd_path,31,intent_directory,/Users/zilongzeng/Research/DroneControl/user_study_v3/Weisi/Emergency/31.wav,Weisi/Emergency/31.wav,emergency,0.99609375,0.99609375,0.0,0.0,"[127, -128, -128]",True,,,,,,,,,,,,,0.16154092736542225,1.181500032544136,0.6684580584987998,2.0175829995423555
733,Weisi,emergency,unavailable_in_sd_path,32,intent_directory,/Users/zilongzeng/Research/DroneControl/user_study_v3/Weisi/Emergency/32.wav,Weisi/Emergency/32.wav,emergency,0.99609375,0.99609375,0.0,0.0,"[127, -128, -128]",True,,,,,,,,,,,,,0.07937499321997166,1.2600829359143972,0.7274160161614418,2.075208001770079
734,Weisi,emergency,unavailable_in_sd_path,33,intent_directory,/Users/zilongzeng/Research/DroneControl/user_study_v3/Weisi/Emergency/33.wav,Weisi/Emergency/33.wav,emergency,0.99609375,0.99609375,0.0,0.0,"[127, -128, -128]",True,,,,,,,,,,,,,0.1004580408334732,1.2637079926207662,0.6715829949826002,2.040875027887523
735,Weisi,emergency,unavailable_in_sd_path,34,intent_directory,/Users/zilongzeng/Research/DroneControl/user_study_v3/Weisi/Emergency/34.wav,Weisi/Emergency/34.wav,movement,0.6484375,0.3515625,0.6484375,0.0,"[-38, 38, -128]",False,,,,,,,,,,,,,0.08141598664224148,1.130040967836976,0.6702080136165023,1.8864170415326953
736,Weisi,emergency,unavailable_in_sd_path,35,intent_directory,/Users/zilongzeng/Research/DroneControl/user_study_v3/Weisi/Emergency/35.wav,Weisi/Emergency/35.wav,emergency,0.99609375,0.99609375,0.0,0.0,"[127, -128, -128]",True,,,,,,,,,,,,,0.05933293141424656,1.0902079520747066,0.6671659648418427,1.8215000163763762
737,Weisi,emergency,unavailable_in_sd_path,36,intent_directory,/Users/zilongzeng/Research/DroneControl/user_study_v3/Weisi/Emergency/36.wav,Weisi/Emergency/36.wav,emergency,0.99609375,0.99609375,0.0,0.0,"[127, -128, -128]",True,,,,,,,,,,,,,0.06341689731925726,1.093166065402329,0.6640420760959387,1.8251660512760282
738,Weisi,emergency,unavailable_in_sd_path,37,intent_directory,/Users/zilongzeng/Research/DroneControl/user_study_v3/Weisi/Emergency/37.wav,Weisi/Emergency/37.wav,emergency,0.99609375,0.99609375,0.0,0.0,"[127, -128, -128]",True,,,,,,,,,,,,,0.06083399057388306,1.412334037013352,0.7171669276431203,2.1968329092487693
739,Weisi,emergency,unavailable_in_sd_path,38,intent_directory,/Users/zilongzeng/Research/DroneControl/user_study_v3/Weisi/Emergency/38.wav,Weisi/Emergency/38.wav,emergency,0.99609375,0.99609375,0.0,0.0,"[127, -128, -128]",True,,,,,,,,,,,,,0.09462505113333464,1.1600839206948876,0.6681669037789106,1.9276250386610627
740,Weisi,emergency,unavailable_in_sd_path,39,intent_directory,/Users/zilongzeng/Research/DroneControl/user_study_v3/Weisi/Emergency/39.wav,Weisi/Emergency/39.wav,emergency,0.99609375,0.99609375,0.0,0.0,"[127, -128, -128]",True,,,,,,,,,,,,,0.06274995394051075,1.1246660724282265,0.6730000022798777,1.8650840502232313
741,Weisi,emergency,unavailable_in_sd_path,40,intent_directory,/Users/zilongzeng/Research/DroneControl/user_study_v3/Weisi/Emergency/40.wav,Weisi/Emergency/40.wav,emergency,0.99609375,0.99609375,0.0,0.0,"[127, -128, -128]",True,,,,,,,,,,,,,0.061666942201554775,1.1490419274196029,0.663166050799191,1.8785420106723905
742,Weisi,emergency,unavailable_in_sd_path,41,intent_directory,/Users/zilongzeng/Research/DroneControl/user_study_v3/Weisi/Emergency/41.wav,Weisi/Emergency/41.wav,movement,0.99609375,0.0,0.99609375,0.0,"[-128, 127, -128]",False,,,,,,,,,,,,,0.059333979152143,1.6752500087022781,0.6636249599978328,2.408415894024074
743,Weisi,movement,unavailable_in_sd_path,0,intent_directory,/Users/zilongzeng/Research/DroneControl/user_study_v3/Weisi/Movement/0.wav,Weisi/Movement/0.wav,movement,0.99609375,0.0,0.99609375,0.0,"[-128, 127, -128]",True,,,,,,,,,,,,,0.30262500513345003,1.2260000221431255,0.6962909828871489,2.2317080292850733
744,Weisi,movement,unavailable_in_sd_path,1,intent_directory,/Users/zilongzeng/Research/DroneControl/user_study_v3/Weisi/Movement/1.wav,Weisi/Movement/1.wav,movement,0.99609375,0.0,0.99609375,0.0,"[-128, 127, -128]",True,,,,,,,,,,,,,0.24154200218617916,1.153457909822464,0.6655839970335364,2.0656249253079295
745,Weisi,movement,unavailable_in_sd_path,2,intent_directory,/Users/zilongzeng/Research/DroneControl/user_study_v3/Weisi/Movement/2.wav,Weisi/Movement/2.wav,unknown,0.99609375,0.0,0.0,0.99609375,"[-128, -128, 127]",False,,,,,,,,,,,,,0.0649159774184227,1.160666928626597,0.6705840351060033,1.9010419491678476
746,Weisi,movement,unavailable_in_sd_path,3,intent_directory,/Users/zilongzeng/Research/DroneControl/user_study_v3/Weisi/Movement/3.wav,Weisi/Movement/3.wav,movement,0.99609375,0.0,0.99609375,0.0,"[-128, 127, -128]",True,,,,,,,,,,,,,0.06445799954235554,1.4584580203518271,0.6879159482195973,2.2172920871526003
747,Weisi,movement,unavailable_in_sd_path,4,intent_directory,/Users/zilongzeng/Research/DroneControl/user_study_v3/Weisi/Movement/4.wav,Weisi/Movement/4.wav,emergency,0.46875,0.46875,0.46875,0.0625,"[-8, -8, -112]",False,,,,,,,,,,,,,0.1052499283105135,1.1734169675037265,0.6679999642074108,1.9514589803293347
748,Weisi,movement,unavailable_in_sd_path,5,intent_directory,/Users/zilongzeng/Research/DroneControl/user_study_v3/Weisi/Movement/5.wav,Weisi/Movement/5.wav,unknown,0.93359375,0.0,0.06640625,0.93359375,"[-128, -111, 111]",False,,,,,,,,,,,,,0.057958997786045074,1.1300829937681556,0.670792069286108,1.8635831074789166
749,Weisi,movement,unavailable_in_sd_path,6,intent_directory,/Users/zilongzeng/Research/DroneControl/user_study_v3/Weisi/Movement/6.wav,Weisi/Movement/6.wav,movement,0.99609375,0.0,0.99609375,0.0,"[-128, 127, -128]",True,,,,,,,,,,,,,0.05975004751235247,1.0829169768840075,0.674000009894371,1.8214579904451966
750,Weisi,movement,unavailable_in_sd_path,7,intent_directory,/Users/zilongzeng/Research/DroneControl/user_study_v3/Weisi/Movement/7.wav,Weisi/Movement/7.wav,movement,0.99609375,0.0,0.99609375,0.0,"[-128, 127, -128]",True,,,,,,,,,,,,,0.06025005131959915,1.457249978557229,0.687332940287888,2.2117499029263854
751,Weisi,movement,unavailable_in_sd_path,8,intent_directory,/Users/zilongzeng/Research/DroneControl/user_study_v3/Weisi/Movement/8.wav,Weisi/Movement/8.wav,movement,0.99609375,0.0,0.99609375,0.0,"[-128, 127, -128]",True,,,,,,,,,,,,,0.09183294605463743,1.1938329553231597,0.668457942083478,1.9586249254643917
752,Weisi,movement,unavailable_in_sd_path,9,intent_directory,/Users/zilongzeng/Research/DroneControl/user_study_v3/Weisi/Movement/9.wav,Weisi/Movement/9.wav,movement,0.99609375,0.0,0.99609375,0.0,"[-128, 127, -128]",True,,,,,,,,,,,,,0.06645801477134228,1.134582911618054,0.6683750543743372,1.8740830710157752
753,Weisi,movement,unavailable_in_sd_path,10,intent_directory,/Users/zilongzeng/Research/DroneControl/user_study_v3/Weisi/Movement/10.wav,Weisi/Movement/10.wav,movement,0.99609375,0.0,0.99609375,0.0,"[-128, 127, -128]",True,,,,,,,,,,,,,0.05633407272398472,1.1071249609813094,0.6697500357404351,1.837708055973053
754,Weisi,movement,unavailable_in_sd_path,11,intent_directory,/Users/zilongzeng/Research/DroneControl/user_study_v3/Weisi/Movement/11.wav,Weisi/Movement/11.wav,movement,0.99609375,0.0,0.99609375,0.0,"[-128, 127, -128]",True,,,,,,,,,,,,,0.05437503568828106,1.1795409955084324,0.7255830569192767,1.9673750502988696
755,Weisi,movement,unavailable_in_sd_path,12,intent_directory,/Users/zilongzeng/Research/DroneControl/user_study_v3/Weisi/Movement/12.wav,Weisi/Movement/12.wav,movement,0.99609375,0.0,0.99609375,0.0,"[-128, 127, -128]",True,,,,,,,,,,,,,0.09716697968542576,1.2527499347925186,0.6742500700056553,2.029084018431604
756,Weisi,movement,unavailable_in_sd_path,13,intent_directory,/Users/zilongzeng/Research/DroneControl/user_study_v3/Weisi/Movement/13.wav,Weisi/Movement/13.wav,movement,0.99609375,0.0,0.99609375,0.0,"[-128, 127, -128]",True,,,,,,,,,,,,,0.08050003089010715,1.0929169366136193,0.6677079945802689,1.8459169659763575
757,Weisi,movement,unavailable_in_sd_path,14,intent_directory,/Users/zilongzeng/Research/DroneControl/user_study_v3/Weisi/Movement/14.wav,Weisi/Movement/14.wav,movement,0.99609375,0.0,0.99609375,0.0,"[-128, 127, -128]",True,,,,,,,,,,,,,0.06225006654858589,1.114416983909905,0.6644169334322214,1.8457500264048576
758,Weisi,movement,unavailable_in_sd_path,15,intent_directory,/Users/zilongzeng/Research/DroneControl/user_study_v3/Weisi/Movement/15.wav,Weisi/Movement/15.wav,movement,0.99609375,0.0,0.99609375,0.0,"[-128, 127, -128]",True,,,,,,,,,,,,,0.1856659073382616,1.0714579839259386,0.735832960344851,2.046374953351915
759,Weisi,movement,unavailable_in_sd_path,16,intent_directory,/Users/zilongzeng/Research/DroneControl/user_study_v3/Weisi/Movement/16.wav,Weisi/Movement/16.wav,movement,0.99609375,0.0,0.99609375,0.0,"[-128, 127, -128]",True,,,,,,,,,,,,,0.32895791810005903,1.2914580292999744,0.6765000289306045,2.30283394921571
760,Weisi,movement,unavailable_in_sd_path,17,intent_directory,/Users/zilongzeng/Research/DroneControl/user_study_v3/Weisi/Movement/17.wav,Weisi/Movement/17.wav,movement,0.99609375,0.0,0.99609375,0.0,"[-128, 127, -128]",True,,,,,,,,,,,,,0.07854192517697811,1.1373750166967511,0.6681249942630529,1.8888749182224274
761,Weisi,movement,unavailable_in_sd_path,18,intent_directory,/Users/zilongzeng/Research/DroneControl/user_study_v3/Weisi/Movement/18.wav,Weisi/Movement/18.wav,movement,0.99609375,0.0,0.99609375,0.0,"[-128, 127, -128]",True,,,,,,,,,,,,,0.05720800254493952,1.0791670065373182,0.6671249866485596,1.8082919996231794
762,Weisi,movement,unavailable_in_sd_path,19,intent_directory,/Users/zilongzeng/Research/DroneControl/user_study_v3/Weisi/Movement/19.wav,Weisi/Movement/19.wav,unknown,0.99609375,0.0,0.0,0.99609375,"[-128, -128, 127]",False,,,,,,,,,,,,,0.056416960433125496,1.0902909561991692,0.7193330675363541,1.8723749089986086
763,Yueyuan,emergency,unavailable_in_sd_path,0,intent_directory,/Users/zilongzeng/Research/DroneControl/user_study_v3/Yueyuan/Emergency/0.wav,Yueyuan/Emergency/0.wav,unknown,0.99609375,0.0,0.0,0.99609375,"[-128, -128, 127]",False,,,,,,,,,,,,,0.16166700515896082,1.3259999686852098,0.7104170508682728,2.204208984039724
764,Yueyuan,emergency,unavailable_in_sd_path,1,intent_directory,/Users/zilongzeng/Research/DroneControl/user_study_v3/Yueyuan/Emergency/1.wav,Yueyuan/Emergency/1.wav,unknown,0.55078125,0.44921875,0.0,0.55078125,"[-13, -128, 13]",False,,,,,,,,,,,,,0.08208304643630981,1.134333899244666,0.672041904181242,1.8931670347228646
765,Yueyuan,emergency,unavailable_in_sd_path,2,intent_directory,/Users/zilongzeng/Research/DroneControl/user_study_v3/Yueyuan/Emergency/2.wav,Yueyuan/Emergency/2.wav,unknown,0.99609375,0.0,0.0,0.99609375,"[-128, -128, 127]",False,,,,,,,,,,,,,0.05995796527713537,1.0749590583145618,0.6682500243186951,1.8077499698847532
766,Yueyuan,emergency,unavailable_in_sd_path,3,intent_directory,/Users/zilongzeng/Research/DroneControl/user_study_v3/Yueyuan/Emergency/3.wav,Yueyuan/Emergency/3.wav,unknown,0.99609375,0.0,0.0,0.99609375,"[-128, -128, 127]",False,,,,,,,,,,,,,0.05604198668152094,1.123917056247592,0.673124915920198,1.857625087723136
767,Yueyuan,emergency,unavailable_in_sd_path,4,intent_directory,/Users/zilongzeng/Research/DroneControl/user_study_v3/Yueyuan/Emergency/4.wav,Yueyuan/Emergency/4.wav,emergency,0.99609375,0.99609375,0.0,0.0,"[127, -128, -128]",True,,,,,,,,,,,,,0.060249934904277325,1.3360419543460011,0.722832977771759,2.127041923813522
768,Yueyuan,emergency,unavailable_in_sd_path,5,intent_directory,/Users/zilongzeng/Research/DroneControl/user_study_v3/Yueyuan/Emergency/5.wav,Yueyuan/Emergency/5.wav,emergency,0.99609375,0.99609375,0.0,0.0,"[127, -128, -128]",True,,,,,,,,,,,,,0.110417022369802,1.2261669617146254,0.6650000577792525,2.0063749980181456
769,Yueyuan,emergency,unavailable_in_sd_path,6,intent_directory,/Users/zilongzeng/Research/DroneControl/user_study_v3/Yueyuan/Emergency/6.wav,Yueyuan/Emergency/6.wav,emergency,0.99609375,0.99609375,0.0,0.0,"[127, -128, -128]",True,,,,,,,,,,,,,0.20962499547749758,1.1839999351650476,0.6756250513717532,2.073874929919839
770,Yueyuan,emergency,unavailable_in_sd_path,7,intent_directory,/Users/zilongzeng/Research/DroneControl/user_study_v3/Yueyuan/Emergency/7.wav,Yueyuan/Emergency/7.wav,emergency,0.99609375,0.99609375,0.0,0.0,"[127, -128, -128]",True,,,,,,,,,,,,,0.20462507382035255,1.1462089605629444,0.6724169943481684,2.027750015258789
771,Yueyuan,emergency,unavailable_in_sd_path,8,intent_directory,/Users/zilongzeng/Research/DroneControl/user_study_v3/Yueyuan/Emergency/8.wav,Yueyuan/Emergency/8.wav,emergency,0.99609375,0.99609375,0.0,0.0,"[127, -128, -128]",True,,,,,,,,,,,,,0.057333032600581646,1.2934579281136394,0.6915000267326832,2.04804097302258
772,Yueyuan,emergency,unavailable_in_sd_path,9,intent_directory,/Users/zilongzeng/Research/DroneControl/user_study_v3/Yueyuan/Emergency/9.wav,Yueyuan/Emergency/9.wav,emergency,0.99609375,0.99609375,0.0,0.0,"[127, -128, -128]",True,,,,,,,,,,,,,0.09141606278717518,1.2160000624135137,0.6771249463781714,1.9895840669050813
773,Yueyuan,emergency,unavailable_in_sd_path,10,intent_directory,/Users/zilongzeng/Research/DroneControl/user_study_v3/Yueyuan/Emergency/10.wav,Yueyuan/Emergency/10.wav,emergency,0.99609375,0.99609375,0.0,0.0,"[127, -128, -128]",True,,,,,,,,,,,,,0.06225006654858589,1.209750073030591,0.654666917398572,1.931666978634894
774,Yueyuan,emergency,unavailable_in_sd_path,11,intent_directory,/Users/zilongzeng/Research/DroneControl/user_study_v3/Yueyuan/Emergency/11.wav,Yueyuan/Emergency/11.wav,emergency,0.99609375,0.99609375,0.0,0.0,"[127, -128, -128]",True,,,,,,,,,,,,,0.06587500683963299,1.1522079585120082,0.6687080021947622,1.891499967314303
775,Yueyuan,emergency,unavailable_in_sd_path,12,intent_directory,/Users/zilongzeng/Research/DroneControl/user_study_v3/Yueyuan/Emergency/12.wav,Yueyuan/Emergency/12.wav,emergency,0.99609375,0.99609375,0.0,0.0,"[127, -128, -128]",True,,,,,,,,,,,,,0.0541249755769968,1.376542029902339,0.708624953404069,2.145000034943223
776,Yueyuan,emergency,unavailable_in_sd_path,13,intent_directory,/Users/zilongzeng/Research/DroneControl/user_study_v3/Yueyuan/Emergency/13.wav,Yueyuan/Emergency/13.wav,emergency,0.99609375,0.99609375,0.0,0.0,"[127, -128, -128]",True,,,,,,,,,,,,,0.08349993731826544,1.2469160137698054,0.6798339309170842,2.0148749463260174
777,Yueyuan,emergency,unavailable_in_sd_path,14,intent_directory,/Users/zilongzeng/Research/DroneControl/user_study_v3/Yueyuan/Emergency/14.wav,Yueyuan/Emergency/14.wav,emergency,0.99609375,0.99609375,0.0,0.0,"[127, -128, -128]",True,,,,,,,,,,,,,0.06183399818837643,1.3278750702738762,0.6312080658972263,2.0303339697420597
778,Yueyuan,emergency,unavailable_in_sd_path,15,intent_directory,/Users/zilongzeng/Research/DroneControl/user_study_v3/Yueyuan/Emergency/15.wav,Yueyuan/Emergency/15.wav,emergency,0.99609375,0.99609375,0.0,0.0,"[127, -128, -128]",True,,,,,,,,,,,,,0.33904192969202995,1.171582960523665,0.6864999886602163,2.2035830188542604
779,Yueyuan,emergency,unavailable_in_sd_path,16,intent_directory,/Users/zilongzeng/Research/DroneControl/user_study_v3/Yueyuan/Emergency/16.wav,Yueyuan/Emergency/16.wav,movement,0.99609375,0.00390625,0.99609375,0.0,"[-127, 127, -128]",False,,,,,,,,,,,,,0.07716601248830557,1.3137079076841474,0.6908329669386148,2.0875000627711415
780,Yueyuan,emergency,unavailable_in_sd_path,17,intent_directory,/Users/zilongzeng/Research/DroneControl/user_study_v3/Yueyuan/Emergency/17.wav,Yueyuan/Emergency/17.wav,movement,0.99609375,0.00390625,0.99609375,0.0,"[-127, 127, -128]",False,,,,,,,,,,,,,0.07212499622255564,1.270707929506898,0.674000009894371,2.0217919955030084
781,Yueyuan,emergency,unavailable_in_sd_path,18,intent_directory,/Users/zilongzeng/Research/DroneControl/user_study_v3/Yueyuan/Emergency/18.wav,Yueyuan/Emergency/18.wav,unknown,0.99609375,0.0,0.0,0.99609375,"[-128, -128, 127]",False,,,,,,,,,,,,,0.05712499842047691,1.1227090144529939,0.6673750467598438,1.8521250458434224
782,Yueyuan,emergency,unavailable_in_sd_path,19,intent_directory,/Users/zilongzeng/Research/DroneControl/user_study_v3/Yueyuan/Emergency/19.wav,Yueyuan/Emergency/19.wav,emergency,0.55078125,0.55078125,0.44921875,0.0,"[13, -13, -128]",True,,,,,,,,,,,,,0.07475004531443119,1.139041967689991,0.6729579763486981,1.8912500236183405
783,Yueyuan,emergency,unavailable_in_sd_path,20,intent_directory,/Users/zilongzeng/Research/DroneControl/user_study_v3/Yueyuan/Emergency/20.wav,Yueyuan/Emergency/20.wav,emergency,0.7109375,0.7109375,0.02734375,0.26171875,"[54, -121, -61]",True,,,,,,,,,,,,,0.17737504094839096,1.1946670711040497,0.7273749215528369,2.1053750533610582
784,Yueyuan,emergency,unavailable_in_sd_path,21,intent_directory,/Users/zilongzeng/Research/DroneControl/user_study_v3/Yueyuan/Emergency/21.wav,Yueyuan/Emergency/21.wav,emergency,0.99609375,0.99609375,0.0,0.0,"[127, -128, -128]",True,,,,,,,,,,,,,0.07595797069370747,1.1924580903723836,0.6804160075262189,1.9547499250620604
785,Yueyuan,emergency,unavailable_in_sd_path,22,intent_directory,/Users/zilongzeng/Research/DroneControl/user_study_v3/Yueyuan/Emergency/22.wav,Yueyuan/Emergency/22.wav,emergency,0.99609375,0.99609375,0.0,0.0,"[127, -128, -128]",True,,,,,,,,,,,,,0.07387506775557995,1.2296249624341726,0.666750012896955,1.9750839564949274
786,Yueyuan,emergency,unavailable_in_sd_path,23,intent_directory,/Users/zilongzeng/Research/DroneControl/user_study_v3/Yueyuan/Emergency/23.wav,Yueyuan/Emergency/23.wav,emergency,0.99609375,0.99609375,0.0,0.0,"[127, -128, -128]",True,,,,,,,,,,,,,0.06400002166628838,1.1227079667150974,0.6722910329699516,1.8634590087458491
787,Yueyuan,emergency,unavailable_in_sd_path,24,intent_directory,/Users/zilongzeng/Research/DroneControl/user_study_v3/Yueyuan/Emergency/24.wav,Yueyuan/Emergency/24.wav,emergency,0.99609375,0.99609375,0.0,0.0,"[127, -128, -128]",True,,,,,,,,,,,,,0.06312504410743713,1.3847500085830688,0.7272089133039117,2.181875053793192
788,Yueyuan,emergency,unavailable_in_sd_path,25,intent_directory,/Users/zilongzeng/Research/DroneControl/user_study_v3/Yueyuan/Emergency/25.wav,Yueyuan/Emergency/25.wav,emergency,0.99609375,0.99609375,0.0,0.0,"[127, -128, -128]",True,,,,,,,,,,,,,0.09016692638397217,1.2198749464005232,0.6832500221207738,1.998041057959199
789,Yueyuan,emergency,unavailable_in_sd_path,26,intent_directory,/Users/zilongzeng/Research/DroneControl/user_study_v3/Yueyuan/Emergency/26.wav,Yueyuan/Emergency/26.wav,emergency,0.99609375,0.99609375,0.0,0.0,"[127, -128, -128]",True,,,,,,,,,,,,,0.19308400806039572,1.1661669705063105,0.6636249599978328,2.027666079811752
790,Yueyuan,emergency,unavailable_in_sd_path,27,intent_directory,/Users/zilongzeng/Research/DroneControl/user_study_v3/Yueyuan/Emergency/27.wav,Yueyuan/Emergency/27.wav,emergency,0.99609375,0.99609375,0.0,0.0,"[127, -128, -128]",True,,,,,,,,,,,,,0.22316700778901577,1.1269999668002129,0.6594579899683595,2.014167024753988
791,Yueyuan,emergency,unavailable_in_sd_path,28,intent_directory,/Users/zilongzeng/Research/DroneControl/user_study_v3/Yueyuan/Emergency/28.wav,Yueyuan/Emergency/28.wav,emergency,0.99609375,0.99609375,0.0,0.0,"[127, -128, -128]",True,,,,,,,,,,,,,0.058959005400538445,1.1143750743940473,1.3495830353349447,2.5495410664007068
792,Yueyuan,emergency,unavailable_in_sd_path,29,intent_directory,/Users/zilongzeng/Research/DroneControl/user_study_v3/Yueyuan/Emergency/29.wav,Yueyuan/Emergency/29.wav,emergency,0.99609375,0.99609375,0.0,0.0,"[127, -128, -128]",True,,,,,,,,,,,,,0.10920793283730745,1.740792067721486,0.633500050753355,2.4926670594140887
793,Yueyuan,emergency,unavailable_in_sd_path,30,intent_directory,/Users/zilongzeng/Research/DroneControl/user_study_v3/Yueyuan/Emergency/30.wav,Yueyuan/Emergency/30.wav,emergency,0.99609375,0.99609375,0.0,0.0,"[127, -128, -128]",True,,,,,,,,,,,,,0.17729192040860653,1.4257499715313315,0.6207500118762255,2.2319579729810357
794,Yueyuan,emergency,unavailable_in_sd_path,31,intent_directory,/Users/zilongzeng/Research/DroneControl/user_study_v3/Yueyuan/Emergency/31.wav,Yueyuan/Emergency/31.wav,emergency,0.99609375,0.99609375,0.0,0.0,"[127, -128, -128]",True,,,,,,,,,,,,,0.2579580759629607,1.810832996852696,0.9249580325558782,3.009874955751002
795,Yueyuan,emergency,unavailable_in_sd_path,32,intent_directory,/Users/zilongzeng/Research/DroneControl/user_study_v3/Yueyuan/Emergency/32.wav,Yueyuan/Emergency/32.wav,emergency,0.99609375,0.99609375,0.0,0.0,"[127, -128, -128]",True,,,,,,,,,,,,,0.2505420707166195,1.5852089272812009,0.7447910029441118,2.5930419797077775
796,Yueyuan,emergency,unavailable_in_sd_path,33,intent_directory,/Users/zilongzeng/Research/DroneControl/user_study_v3/Yueyuan/Emergency/33.wav,Yueyuan/Emergency/33.wav,emergency,0.99609375,0.99609375,0.0,0.0,"[127, -128, -128]",True,,,,,,,,,,,,,0.13866694644093513,1.3510000426322222,0.6110409740358591,2.1092499373480678
797,Yueyuan,emergency,unavailable_in_sd_path,34,intent_directory,/Users/zilongzeng/Research/DroneControl/user_study_v3/Yueyuan/Emergency/34.wav,Yueyuan/Emergency/34.wav,emergency,0.99609375,0.99609375,0.0,0.0,"[127, -128, -128]",True,,,,,,,,,,,,,0.12599991168826818,1.4201669255271554,0.7314160466194153,2.28899996727705
798,Yueyuan,emergency,unavailable_in_sd_path,35,intent_directory,/Users/zilongzeng/Research/DroneControl/user_study_v3/Yueyuan/Emergency/35.wav,Yueyuan/Emergency/35.wav,emergency,0.99609375,0.99609375,0.0,0.0,"[127, -128, -128]",True,,,,,,,,,,,,,0.1546249259263277,1.5299170045182109,0.6493330001831055,2.3430839646607637
799,Yueyuan,emergency,unavailable_in_sd_path,36,intent_directory,/Users/zilongzeng/Research/DroneControl/user_study_v3/Yueyuan/Emergency/36.wav,Yueyuan/Emergency/36.wav,emergency,0.99609375,0.99609375,0.0,0.0,"[127, -128, -128]",True,,,,,,,,,,,,,0.1485419925302267,1.3871249975636601,0.7370419334620237,2.2837499855086207
800,Yueyuan,emergency,unavailable_in_sd_path,37,intent_directory,/Users/zilongzeng/Research/DroneControl/user_study_v3/Yueyuan/Emergency/37.wav,Yueyuan/Emergency/37.wav,emergency,0.765625,0.765625,0.23046875,0.00390625,"[68, -69, -127]",True,,,,,,,,,,,,,0.2014579949900508,1.4868340222164989,0.6737910443916917,2.369832945987582
801,Yueyuan,emergency,unavailable_in_sd_path,38,intent_directory,/Users/zilongzeng/Research/DroneControl/user_study_v3/Yueyuan/Emergency/38.wav,Yueyuan/Emergency/38.wav,emergency,0.91796875,0.91796875,0.08203125,0.0,"[107, -107, -128]",True,,,,,,,,,,,,,0.11320796329528093,1.2745419517159462,0.7928329287096858,2.1921659354120493
802,Yueyuan,emergency,unavailable_in_sd_path,39,intent_directory,/Users/zilongzeng/Research/DroneControl/user_study_v3/Yueyuan/Emergency/39.wav,Yueyuan/Emergency/39.wav,emergency,0.99609375,0.99609375,0.00390625,0.0,"[127, -127, -128]",True,,,,,,,,,,,,,0.08941697888076305,1.3806249480694532,0.6859590066596866,2.164416015148163
803,Yueyuan,emergency,unavailable_in_sd_path,40,intent_directory,/Users/zilongzeng/Research/DroneControl/user_study_v3/Yueyuan/Emergency/40.wav,Yueyuan/Emergency/40.wav,emergency,0.99609375,0.99609375,0.0,0.0,"[127, -128, -128]",True,,,,,,,,,,,,,0.11366710532456636,1.10775011125952,0.6897500716149807,1.9180410308763385
804,Yueyuan,emergency,unavailable_in_sd_path,41,intent_directory,/Users/zilongzeng/Research/DroneControl/user_study_v3/Yueyuan/Emergency/41.wav,Yueyuan/Emergency/41.wav,emergency,0.59765625,0.59765625,0.40234375,0.0,"[25, -25, -128]",True,,,,,,,,,,,,,0.0712500186637044,1.170167000964284,0.674291979521513,1.9212920451536775
805,Yueyuan,emergency,unavailable_in_sd_path,42,intent_directory,/Users/zilongzeng/Research/DroneControl/user_study_v3/Yueyuan/Emergency/42.wav,Yueyuan/Emergency/42.wav,emergency,0.99609375,0.99609375,0.0,0.0,"[127, -128, -128]",True,,,,,,,,,,,,,0.2917500678449869,1.0971250012516975,0.7236669771373272,2.1218330366536975
806,Yueyuan,emergency,unavailable_in_sd_path,43,intent_directory,/Users/zilongzeng/Research/DroneControl/user_study_v3/Yueyuan/Emergency/43.wav,Yueyuan/Emergency/43.wav,emergency,0.99609375,0.99609375,0.0,0.0,"[127, -128, -128]",True,,,,,,,,,,,,,0.23737503215670586,1.3232080964371562,0.7002499187365174,2.269499935209751
807,Yueyuan,emergency,unavailable_in_sd_path,44,intent_directory,/Users/zilongzeng/Research/DroneControl/user_study_v3/Yueyuan/Emergency/44.wav,Yueyuan/Emergency/44.wav,emergency,0.99609375,0.99609375,0.0,0.0,"[127, -128, -128]",True,,,,,,,,,,,,,0.1372089609503746,1.217333017848432,0.6640830542892218,2.0259579177945852
808,Yueyuan,emergency,unavailable_in_sd_path,45,intent_directory,/Users/zilongzeng/Research/DroneControl/user_study_v3/Yueyuan/Emergency/45.wav,Yueyuan/Emergency/45.wav,emergency,0.99609375,0.99609375,0.0,0.0,"[127, -128, -128]",True,,,,,,,,,,,,,0.0883340835571289,1.271375105716288,0.6799169350415468,2.0453750621527433
809,Yueyuan,emergency,unavailable_in_sd_path,46,intent_directory,/Users/zilongzeng/Research/DroneControl/user_study_v3/Yueyuan/Emergency/46.wav,Yueyuan/Emergency/46.wav,emergency,0.99609375,0.99609375,0.0,0.0,"[127, -128, -128]",True,,,,,,,,,,,,,0.06716593634337187,1.1506250593811274,0.788999954238534,2.015082980506122
810,Yueyuan,emergency,unavailable_in_sd_path,47,intent_directory,/Users/zilongzeng/Research/DroneControl/user_study_v3/Yueyuan/Emergency/47.wav,Yueyuan/Emergency/47.wav,emergency,0.99609375,0.99609375,0.0,0.0,"[127, -128, -128]",True,,,,,,,,,,,,,0.07329089567065239,1.328042009845376,0.6910839583724737,2.099541947245598
811,Yueyuan,emergency,unavailable_in_sd_path,48,intent_directory,/Users/zilongzeng/Research/DroneControl/user_study_v3/Yueyuan/Emergency/48.wav,Yueyuan/Emergency/48.wav,emergency,0.99609375,0.99609375,0.0,0.0,"[127, -128, -128]",True,,,,,,,,,,,,,0.10291603393852711,1.1351669672876596,0.6698339711874723,1.913541927933693
812,Yueyuan,emergency,unavailable_in_sd_path,49,intent_directory,/Users/zilongzeng/Research/DroneControl/user_study_v3/Yueyuan/Emergency/49.wav,Yueyuan/Emergency/49.wav,emergency,0.99609375,0.99609375,0.0,0.0,"[127, -128, -128]",True,,,,,,,,,,,,,0.06449990905821323,1.0816670255735517,0.6762079428881407,1.8283749232068658
813,Yueyuan,movement,unavailable_in_sd_path,0,intent_directory,/Users/zilongzeng/Research/DroneControl/user_study_v3/Yueyuan/Movement/0.wav,Yueyuan/Movement/0.wav,movement,0.99609375,0.0,0.99609375,0.0,"[-128, 127, -128]",True,,,,,,,,,,,,,0.0752920750528574,1.1899169767275453,0.6781659321859479,1.9509580451995134
814,Yueyuan,movement,unavailable_in_sd_path,1,intent_directory,/Users/zilongzeng/Research/DroneControl/user_study_v3/Yueyuan/Movement/1.wav,Yueyuan/Movement/1.wav,movement,0.99609375,0.0,0.99609375,0.0,"[-128, 127, -128]",True,,,,,,,,,,,,,0.06745790597051382,1.3155420310795307,0.7033329457044601,2.094249939545989
815,Yueyuan,movement,unavailable_in_sd_path,2,intent_directory,/Users/zilongzeng/Research/DroneControl/user_study_v3/Yueyuan/Movement/2.wav,Yueyuan/Movement/2.wav,movement,0.99609375,0.0,0.99609375,0.0,"[-128, 127, -128]",True,,,,,,,,,,,,,0.10495900642126799,1.2409590417519212,0.6652079755440354,2.0167080219835043
816,Yueyuan,movement,unavailable_in_sd_path,3,intent_directory,/Users/zilongzeng/Research/DroneControl/user_study_v3/Yueyuan/Movement/3.wav,Yueyuan/Movement/3.wav,movement,0.99609375,0.0,0.99609375,0.0,"[-128, 127, -128]",True,,,,,,,,,,,,,0.07454201113432646,1.2181670172140002,0.6132910493761301,1.914125052280724
817,Yueyuan,movement,unavailable_in_sd_path,4,intent_directory,/Users/zilongzeng/Research/DroneControl/user_study_v3/Yueyuan/Movement/4.wav,Yueyuan/Movement/4.wav,movement,0.99609375,0.0,0.99609375,0.0,"[-128, 127, -128]",True,,,,,,,,,,,,,0.0914999982342124,1.2301249662414193,0.6754589267075062,2.004791982471943
818,Yueyuan,movement,unavailable_in_sd_path,5,intent_directory,/Users/zilongzeng/Research/DroneControl/user_study_v3/Yueyuan/Movement/5.wav,Yueyuan/Movement/5.wav,movement,0.99609375,0.0,0.99609375,0.0,"[-128, 127, -128]",True,,,,,,,,,,,,,0.08654105477035046,1.3114589964970946,0.704042031429708,2.10920802783221
819,Yueyuan,movement,unavailable_in_sd_path,6,intent_directory,/Users/zilongzeng/Research/DroneControl/user_study_v3/Yueyuan/Movement/6.wav,Yueyuan/Movement/6.wav,movement,0.99609375,0.0,0.99609375,0.0,"[-128, 127, -128]",True,,,,,,,,,,,,,0.0963329803198576,1.211749971844256,0.6755419308319688,1.9888749811798334
820,Yueyuan,movement,unavailable_in_sd_path,7,intent_directory,/Users/zilongzeng/Research/DroneControl/user_study_v3/Yueyuan/Movement/7.wav,Yueyuan/Movement/7.wav,movement,0.99609375,0.0,0.99609375,0.0,"[-128, 127, -128]",True,,,,,,,,,,,,,0.06145797669887543,1.0919999331235886,0.6889159558340907,1.8475839169695973
821,Yueyuan,movement,unavailable_in_sd_path,8,intent_directory,/Users/zilongzeng/Research/DroneControl/user_study_v3/Yueyuan/Movement/8.wav,Yueyuan/Movement/8.wav,movement,0.99609375,0.0,0.99609375,0.0,"[-128, 127, -128]",True,,,,,,,,,,,,,0.06483390461653471,1.149917021393776,0.6904170149937272,1.9104580860584974
822,Yueyuan,movement,unavailable_in_sd_path,9,intent_directory,/Users/zilongzeng/Research/DroneControl/user_study_v3/Yueyuan/Movement/9.wav,Yueyuan/Movement/9.wav,movement,0.99609375,0.0,0.99609375,0.0,"[-128, 127, -128]",True,,,,,,,,,,,,,0.06687501445412636,1.3797500869259238,0.7310409564524889,2.1859999978914857
823,Yueyuan,movement,unavailable_in_sd_path,10,intent_directory,/Users/zilongzeng/Research/DroneControl/user_study_v3/Yueyuan/Movement/10.wav,Yueyuan/Movement/10.wav,movement,0.99609375,0.00390625,0.99609375,0.0,"[-127, 127, -128]",True,,,,,,,,,,,,,0.1954169711098075,1.227458007633686,0.6718330550938845,2.0997090032324195
824,Yueyuan,movement,unavailable_in_sd_path,11,intent_directory,/Users/zilongzeng/Research/DroneControl/user_study_v3/Yueyuan/Movement/11.wav,Yueyuan/Movement/11.wav,movement,0.99609375,0.0,0.99609375,0.0,"[-128, 127, -128]",True,,,,,,,,,,,,,0.23316696751862764,1.109665958210826,0.675083021633327,2.022583968937397
825,Yueyuan,movement,unavailable_in_sd_path,12,intent_directory,/Users/zilongzeng/Research/DroneControl/user_study_v3/Yueyuan/Movement/12.wav,Yueyuan/Movement/12.wav,movement,0.59375,0.3984375,0.59375,0.0078125,"[-26, 24, -126]",True,,,,,,,,,,,,,0.05704199429601431,1.12529203761369,0.6692090537399054,1.8565841019153595
826,Yueyuan,movement,unavailable_in_sd_path,13,intent_directory,/Users/zilongzeng/Research/DroneControl/user_study_v3/Yueyuan/Movement/13.wav,Yueyuan/Movement/13.wav,movement,0.91796875,0.08203125,0.91796875,0.0,"[-107, 107, -128]",True,,,,,,,,,,,,,0.061416998505592346,1.3095829635858536,0.7440829649567604,2.1263340022414923
827,Yueyuan,movement,unavailable_in_sd_path,14,intent_directory,/Users/zilongzeng/Research/DroneControl/user_study_v3/Yueyuan/Movement/14.wav,Yueyuan/Movement/14.wav,movement,0.99609375,0.0,0.99609375,0.0,"[-128, 127, -128]",True,,,,,,,,,,,,,0.11204206384718418,1.1874169576913118,0.6731670582666993,1.9781249575316906
828,Yueyuan,movement,unavailable_in_sd_path,15,intent_directory,/Users/zilongzeng/Research/DroneControl/user_study_v3/Yueyuan/Movement/15.wav,Yueyuan/Movement/15.wav,movement,0.99609375,0.0,0.99609375,0.0,"[-128, 127, -128]",True,,,,,,,,,,,,,0.20979205146431923,1.0872910497710109,0.6631249561905861,1.9651249749585986
829,Yueyuan,movement,unavailable_in_sd_path,16,intent_directory,/Users/zilongzeng/Research/DroneControl/user_study_v3/Yueyuan/Movement/16.wav,Yueyuan/Movement/16.wav,movement,0.99609375,0.0,0.99609375,0.0,"[-128, 127, -128]",True,,,,,,,,,,,,,0.21291698794811964,1.1815420584753156,0.6728750886395574,2.0726670045405626
830,Yueyuan,movement,unavailable_in_sd_path,17,intent_directory,/Users/zilongzeng/Research/DroneControl/user_study_v3/Yueyuan/Movement/17.wav,Yueyuan/Movement/17.wav,movement,0.99609375,0.0,0.99609375,0.0,"[-128, 127, -128]",True,,,,,,,,,,,,,0.07112498860806227,1.364916912280023,0.7425000658258796,2.187417005188763
831,Yueyuan,movement,unavailable_in_sd_path,18,intent_directory,/Users/zilongzeng/Research/DroneControl/user_study_v3/Yueyuan/Movement/18.wav,Yueyuan/Movement/18.wav,movement,0.99609375,0.0,0.99609375,0.0,"[-128, 127, -128]",True,,,,,,,,,,,,,0.10883400682359934,1.3351659290492535,0.6310839671641588,2.084541949443519
832,Yueyuan,movement,unavailable_in_sd_path,19,intent_directory,/Users/zilongzeng/Research/DroneControl/user_study_v3/Yueyuan/Movement/19.wav,Yueyuan/Movement/19.wav,movement,0.99609375,0.0,0.99609375,0.0,"[-128, 127, -128]",True,,,,,,,,,,,,,0.20233308896422386,1.1625420302152634,0.6792920175939798,2.051000017672777
833,Yueyuan,movement,unavailable_in_sd_path,20,intent_directory,/Users/zilongzeng/Research/DroneControl/user_study_v3/Yueyuan/Movement/20.wav,Yueyuan/Movement/20.wav,movement,0.99609375,0.0,0.99609375,0.0,"[-128, 127, -128]",True,,,,,,,,,,,,,0.07504201494157314,1.1003329418599606,0.6800000555813313,1.8603750504553318
834,Yueyuan,movement,unavailable_in_sd_path,21,intent_directory,/Users/zilongzeng/Research/DroneControl/user_study_v3/Yueyuan/Movement/21.wav,Yueyuan/Movement/21.wav,unknown,0.859375,0.0,0.140625,0.859375,"[-128, -92, 92]",False,,,,,,,,,,,,,0.06387499161064625,1.3571250019595027,0.7327500497922301,2.163916011340916
835,Yueyuan,movement,unavailable_in_sd_path,22,intent_directory,/Users/zilongzeng/Research/DroneControl/user_study_v3/Yueyuan/Movement/22.wav,Yueyuan/Movement/22.wav,movement,0.99609375,0.0,0.99609375,0.0,"[-128, 127, -128]",True,,,,,,,,,,,,,0.13929198030382395,1.2670420110225677,0.67679095081985,2.0882090320810676
836,Yueyuan,movement,unavailable_in_sd_path,23,intent_directory,/Users/zilongzeng/Research/DroneControl/user_study_v3/Yueyuan/Movement/23.wav,Yueyuan/Movement/23.wav,movement,0.99609375,0.0,0.99609375,0.0,"[-128, 127, -128]",True,,,,,,,,,,,,,0.06620795466005802,1.131415949203074,0.6686249980702996,1.871375017799437
837,Yueyuan,movement,unavailable_in_sd_path,24,intent_directory,/Users/zilongzeng/Research/DroneControl/user_study_v3/Yueyuan/Movement/24.wav,Yueyuan/Movement/24.wav,movement,0.99609375,0.0,0.99609375,0.0,"[-128, 127, -128]",True,,,,,,,,,,,,,0.06666593253612518,1.1414579348638654,0.6720840465277433,1.8851249478757381
838,Yueyuan,movement,unavailable_in_sd_path,25,intent_directory,/Users/zilongzeng/Research/DroneControl/user_study_v3/Yueyuan/Movement/25.wav,Yueyuan/Movement/25.wav,movement,0.99609375,0.0,0.99609375,0.0,"[-128, 127, -128]",True,,,,,,,,,,,,,0.058125006034970284,1.086957985535264,0.8280830224975944,1.998750027269125
839,Yueyuan,movement,unavailable_in_sd_path,26,intent_directory,/Users/zilongzeng/Research/DroneControl/user_study_v3/Yueyuan/Movement/26.wav,Yueyuan/Movement/26.wav,movement,0.99609375,0.0,0.99609375,0.0,"[-128, 127, -128]",True,,,,,,,,,,,,,0.2642500912770629,1.5387500170618296,0.7312080124393106,2.5447079678997397
840,Yueyuan,movement,unavailable_in_sd_path,27,intent_directory,/Users/zilongzeng/Research/DroneControl/user_study_v3/Yueyuan/Movement/27.wav,Yueyuan/Movement/27.wav,movement,0.99609375,0.0,0.99609375,0.0,"[-128, 127, -128]",True,,,,,,,,,,,,,0.2585839247331023,1.2672500452026725,0.7148750592023134,2.2481249179691076
841,Yueyuan,movement,unavailable_in_sd_path,28,intent_directory,/Users/zilongzeng/Research/DroneControl/user_study_v3/Yueyuan/Movement/28.wav,Yueyuan/Movement/28.wav,movement,0.99609375,0.0,0.99609375,0.0,"[-128, 127, -128]",True,,,,,,,,,,,,,0.08725002408027649,1.5576659934595227,0.7419160101562738,2.397291944362223
842,Yueyuan,movement,unavailable_in_sd_path,29,intent_directory,/Users/zilongzeng/Research/DroneControl/user_study_v3/Yueyuan/Movement/29.wav,Yueyuan/Movement/29.wav,movement,0.99609375,0.0,0.99609375,0.0,"[-128, 127, -128]",True,,,,,,,,,,,,,0.13766600750386715,1.667457981966436,0.8299169130623341,2.6533749187365174
843,Yueyuan,movement,unavailable_in_sd_path,30,intent_directory,/Users/zilongzeng/Research/DroneControl/user_study_v3/Yueyuan/Movement/30.wav,Yueyuan/Movement/30.wav,movement,0.99609375,0.0,0.99609375,0.0,"[-128, 127, -128]",True,,,,,,,,,,,,,0.15833403449505568,1.4837089693173766,0.7387090008705854,2.3913750192150474
844,Yueyuan,movement,unavailable_in_sd_path,31,intent_directory,/Users/zilongzeng/Research/DroneControl/user_study_v3/Yueyuan/Movement/31.wav,Yueyuan/Movement/31.wav,movement,0.99609375,0.0,0.99609375,0.0,"[-128, 127, -128]",True,,,,,,,,,,,,,0.10387494694441557,1.6462919302284718,0.7206669542938471,2.479707938618958
845,Yueyuan,movement,unavailable_in_sd_path,32,intent_directory,/Users/zilongzeng/Research/DroneControl/user_study_v3/Yueyuan/Movement/32.wav,Yueyuan/Movement/32.wav,movement,0.69140625,0.0,0.69140625,0.30859375,"[-128, 49, -49]",True,,,,,,,,,,,,,0.11000002268701792,1.5740001108497381,0.7616659859195352,2.4597920710220933
846,Yueyuan,movement,unavailable_in_sd_path,33,intent_directory,/Users/zilongzeng/Research/DroneControl/user_study_v3/Yueyuan/Movement/33.wav,Yueyuan/Movement/33.wav,movement,0.99609375,0.0,0.99609375,0.0,"[-128, 127, -128]",True,,,,,,,,,,,,,0.20004203543066978,1.4155830722302198,0.7244170410558581,2.348083071410656
847,Yueyuan,movement,unavailable_in_sd_path,34,intent_directory,/Users/zilongzeng/Research/DroneControl/user_study_v3/Yueyuan/Movement/34.wav,Yueyuan/Movement/34.wav,movement,0.99609375,0.0,0.99609375,0.0,"[-128, 127, -128]",True,,,,,,,,,,,,,0.09608396794646978,1.3784170150756836,0.6937079597264528,2.174499910324812
848,Yueyuan,movement,unavailable_in_sd_path,35,intent_directory,/Users/zilongzeng/Research/DroneControl/user_study_v3/Yueyuan/Movement/35.wav,Yueyuan/Movement/35.wav,movement,0.99609375,0.0,0.99609375,0.0,"[-128, 127, -128]",True,,,,,,,,,,,,,0.08725002408027649,1.5828749164938927,0.9154160507023335,2.5994169991463423
849,Yueyuan,movement,unavailable_in_sd_path,36,intent_directory,/Users/zilongzeng/Research/DroneControl/user_study_v3/Yueyuan/Movement/36.wav,Yueyuan/Movement/36.wav,movement,0.99609375,0.0,0.99609375,0.0,"[-128, 127, -128]",True,,,,,,,,,,,,,0.1842080382630229,1.5400410629808903,0.7427498931065202,2.475875080563128
850,Yueyuan,movement,unavailable_in_sd_path,37,intent_directory,/Users/zilongzeng/Research/DroneControl/user_study_v3/Yueyuan/Movement/37.wav,Yueyuan/Movement/37.wav,movement,0.99609375,0.0,0.99609375,0.0,"[-128, 127, -128]",True,,,,,,,,,,,,,0.12024992611259222,1.2807500315830112,0.7148329168558121,2.1224169759079814
851,Yueyuan,movement,unavailable_in_sd_path,38,intent_directory,/Users/zilongzeng/Research/DroneControl/user_study_v3/Yueyuan/Movement/38.wav,Yueyuan/Movement/38.wav,movement,0.99609375,0.0,0.99609375,0.0,"[-128, 127, -128]",True,,,,,,,,,,,,,0.07875007577240467,1.2244170065969229,0.7054170127958059,2.0149999763816595
852,Yueyuan,movement,unavailable_in_sd_path,39,intent_directory,/Users/zilongzeng/Research/DroneControl/user_study_v3/Yueyuan/Movement/39.wav,Yueyuan/Movement/39.wav,movement,0.99609375,0.0,0.99609375,0.0,"[-128, 127, -128]",True,,,,,,,,,,,,,0.08525000885128975,1.6304590972140431,0.7486250251531601,2.487290999852121
853,Yueyuan,movement,unavailable_in_sd_path,40,intent_directory,/Users/zilongzeng/Research/DroneControl/user_study_v3/Yueyuan/Movement/40.wav,Yueyuan/Movement/40.wav,movement,0.99609375,0.0,0.99609375,0.0,"[-128, 127, -128]",True,,,,,,,,,,,,,0.19395805429667234,1.4687500661239028,0.7400830509141088,2.4190410040318966
854,Yueyuan,movement,unavailable_in_sd_path,41,intent_directory,/Users/zilongzeng/Research/DroneControl/user_study_v3/Yueyuan/Movement/41.wav,Yueyuan/Movement/41.wav,movement,0.99609375,0.0,0.99609375,0.0,"[-128, 127, -128]",True,,,,,,,,,,,,,0.10495795868337154,1.461625099182129,0.692125060595572,2.2670839680358768
855,Yueyuan,movement,unavailable_in_sd_path,42,intent_directory,/Users/zilongzeng/Research/DroneControl/user_study_v3/Yueyuan/Movement/42.wav,Yueyuan/Movement/42.wav,movement,0.99609375,0.0,0.99609375,0.0,"[-128, 127, -128]",True,,,,,,,,,,,,,0.11129199992865324,1.1363750090822577,0.676875002682209,1.9317499827593565
856,Yueyuan,movement,unavailable_in_sd_path,43,intent_directory,/Users/zilongzeng/Research/DroneControl/user_study_v3/Yueyuan/Movement/43.wav,Yueyuan/Movement/43.wav,movement,0.99609375,0.0,0.99609375,0.0,"[-128, 127, -128]",True,,,,,,,,,,,,,0.08383404929190874,1.4186670305207372,0.7124579278752208,2.222334034740925
857,Yueyuan,movement,unavailable_in_sd_path,44,intent_directory,/Users/zilongzeng/Research/DroneControl/user_study_v3/Yueyuan/Movement/44.wav,Yueyuan/Movement/44.wav,movement,0.99609375,0.0,0.99609375,0.0,"[-128, 127, -128]",True,,,,,,,,,,,,,0.24458393454551697,1.1796660255640745,0.6782499840483069,2.1077919518575072
858,Yueyuan,movement,unavailable_in_sd_path,45,intent_directory,/Users/zilongzeng/Research/DroneControl/user_study_v3/Yueyuan/Movement/45.wav,Yueyuan/Movement/45.wav,movement,0.99609375,0.0,0.99609375,0.0,"[-128, 127, -128]",True,,,,,,,,,,,,,0.2007089788094163,1.0797500144690275,0.6741250399500132,1.9597919890657067
859,Yueyuan,movement,unavailable_in_sd_path,46,intent_directory,/Users/zilongzeng/Research/DroneControl/user_study_v3/Yueyuan/Movement/46.wav,Yueyuan/Movement/46.wav,movement,0.99609375,0.0,0.99609375,0.0,"[-128, 127, -128]",True,,,,,,,,,,,,,0.2256670268252492,1.117708976380527,0.6705839186906815,2.019000006839633
860,Yueyuan,movement,unavailable_in_sd_path,47,intent_directory,/Users/zilongzeng/Research/DroneControl/user_study_v3/Yueyuan/Movement/47.wav,Yueyuan/Movement/47.wav,movement,0.99609375,0.0,0.99609375,0.0,"[-128, 127, -128]",True,,,,,,,,,,,,,0.06225006654858589,1.3130410807207227,0.701499986462295,2.083249972201884
861,Yueyuan,movement,unavailable_in_sd_path,48,intent_directory,/Users/zilongzeng/Research/DroneControl/user_study_v3/Yueyuan/Movement/48.wav,Yueyuan/Movement/48.wav,movement,0.984375,0.015625,0.984375,0.0,"[-124, 124, -128]",True,,,,,,,,,,,,,0.08412497118115425,1.275541028007865,0.6727080326527357,2.0382090006023645
862,Yueyuan,movement,unavailable_in_sd_path,49,intent_directory,/Users/zilongzeng/Research/DroneControl/user_study_v3/Yueyuan/Movement/49.wav,Yueyuan/Movement/49.wav,movement,0.99609375,0.0,0.99609375,0.0,"[-128, 127, -128]",True,,,,,,,,,,,,,0.06912508979439735,1.1644999030977488,0.6707919528707862,1.9112919690087438
863,Yunfei,emergency,unavailable_in_sd_path,0,intent_directory,/Users/zilongzeng/Research/DroneControl/user_study_v3/Yunfei/Emergency/0.wav,Yunfei/Emergency/0.wav,emergency,0.99609375,0.99609375,0.0,0.0,"[127, -128, -128]",True,,,,,,,,,,,,,0.22437504958361387,1.2498749420046806,0.6662500090897083,2.146541024558246
864,Yunfei,emergency,unavailable_in_sd_path,1,intent_directory,/Users/zilongzeng/Research/DroneControl/user_study_v3/Yunfei/Emergency/1.wav,Yunfei/Emergency/1.wav,emergency,0.99609375,0.99609375,0.0,0.0,"[127, -128, -128]",True,,,,,,,,,,,,,0.2132500521838665,1.5067079802975059,0.7509160786867142,2.478583948686719
865,Yunfei,emergency,unavailable_in_sd_path,2,intent_directory,/Users/zilongzeng/Research/DroneControl/user_study_v3/Yunfei/Emergency/2.wav,Yunfei/Emergency/2.wav,emergency,0.99609375,0.99609375,0.0,0.0,"[127, -128, -128]",True,,,,,,,,,,,,,0.24395890068262815,1.1730830883607268,0.6700420053675771,2.092125010676682
866,Yunfei,emergency,unavailable_in_sd_path,3,intent_directory,/Users/zilongzeng/Research/DroneControl/user_study_v3/Yunfei/Emergency/3.wav,Yunfei/Emergency/3.wav,emergency,0.99609375,0.99609375,0.0,0.0,"[127, -128, -128]",True,,,,,,,,,,,,,0.06304099224507809,1.1818750062957406,0.6717090727761388,1.923791947774589
867,Yunfei,emergency,unavailable_in_sd_path,4,intent_directory,/Users/zilongzeng/Research/DroneControl/user_study_v3/Yunfei/Emergency/4.wav,Yunfei/Emergency/4.wav,emergency,0.99609375,0.99609375,0.0,0.0,"[127, -128, -128]",True,,,,,,,,,,,,,0.09124993812292814,1.199541031382978,0.6630420684814453,1.9585000118240714
868,Yunfei,emergency,unavailable_in_sd_path,5,intent_directory,/Users/zilongzeng/Research/DroneControl/user_study_v3/Yunfei/Emergency/5.wav,Yunfei/Emergency/5.wav,emergency,0.99609375,0.99609375,0.0,0.0,"[127, -128, -128]",True,,,,,,,,,,,,,0.06945792119950056,1.4424999244511127,0.7231250638142228,2.243167022243142
869,Yunfei,emergency,unavailable_in_sd_path,6,intent_directory,/Users/zilongzeng/Research/DroneControl/user_study_v3/Yunfei/Emergency/6.wav,Yunfei/Emergency/6.wav,unknown,0.99609375,0.0,0.0,0.99609375,"[-128, -128, 127]",False,,,,,,,,,,,,,0.09591702837496996,1.2325829593464732,0.6726249121129513,2.0062499679625034
870,Yunfei,emergency,unavailable_in_sd_path,7,intent_directory,/Users/zilongzeng/Research/DroneControl/user_study_v3/Yunfei/Emergency/7.wav,Yunfei/Emergency/7.wav,unknown,0.99609375,0.0,0.0,0.99609375,"[-128, -128, 127]",False,,,,,,,,,,,,,0.057999975979328156,1.1495000217109919,0.6694160401821136,1.8822499550879002
871,Yunfei,emergency,unavailable_in_sd_path,8,intent_directory,/Users/zilongzeng/Research/DroneControl/user_study_v3/Yunfei/Emergency/8.wav,Yunfei/Emergency/8.wav,emergency,0.99609375,0.99609375,0.0,0.0,"[127, -128, -128]",True,,,,,,,,,,,,,0.06554205901920795,1.102917012758553,0.6683339597657323,1.8418339313939214
872,Yunfei,emergency,unavailable_in_sd_path,9,intent_directory,/Users/zilongzeng/Research/DroneControl/user_study_v3/Yunfei/Emergency/9.wav,Yunfei/Emergency/9.wav,emergency,0.984375,0.984375,0.015625,0.0,"[124, -124, -128]",True,,,,,,,,,,,,,0.061249942518770695,1.3342080637812614,0.7170001044869423,2.1209169644862413
873,Yunfei,emergency,unavailable_in_sd_path,10,intent_directory,/Users/zilongzeng/Research/DroneControl/user_study_v3/Yunfei/Emergency/10.wav,Yunfei/Emergency/10.wav,emergency,0.99609375,0.99609375,0.0,0.0,"[127, -128, -128]",True,,,,,,,,,,,,,0.2523750299587846,1.2379579711705446,0.6682079983875155,2.16383405495435
874,Yunfei,emergency,unavailable_in_sd_path,11,intent_directory,/Users/zilongzeng/Research/DroneControl/user_study_v3/Yunfei/Emergency/11.wav,Yunfei/Emergency/11.wav,emergency,0.99609375,0.99609375,0.0,0.0,"[127, -128, -128]",True,,,,,,,,,,,,,0.20279106684029102,1.1557500110939145,0.6719579687342048,2.036374993622303
875,Yunfei,emergency,unavailable_in_sd_path,12,intent_directory,/Users/zilongzeng/Research/DroneControl/user_study_v3/Yunfei/Emergency/12.wav,Yunfei/Emergency/12.wav,emergency,0.99609375,0.99609375,0.0,0.0,"[127, -128, -128]",True,,,,,,,,,,,,,0.07791700772941113,1.1393340537324548,0.6681670201942325,1.8905410543084145
876,Yunfei,emergency,unavailable_in_sd_path,13,intent_directory,/Users/zilongzeng/Research/DroneControl/user_study_v3/Yunfei/Emergency/13.wav,Yunfei/Emergency/13.wav,emergency,0.99609375,0.99609375,0.00390625,0.0,"[127, -127, -128]",True,,,,,,,,,,,,,0.05958403926342726,1.3193750055506825,0.697124982252717,2.083290950395167
877,Yunfei,emergency,unavailable_in_sd_path,14,intent_directory,/Users/zilongzeng/Research/DroneControl/user_study_v3/Yunfei/Emergency/14.wav,Yunfei/Emergency/14.wav,emergency,0.99609375,0.99609375,0.0,0.0,"[127, -128, -128]",True,,,,,,,,,,,,,0.10833295527845621,1.2317919172346592,0.6727080326527357,2.0178749691694975
878,Yunfei,emergency,unavailable_in_sd_path,15,intent_directory,/Users/zilongzeng/Research/DroneControl/user_study_v3/Yunfei/Emergency/15.wav,Yunfei/Emergency/15.wav,emergency,0.99609375,0.99609375,0.0,0.0,"[127, -128, -128]",True,,,,,,,,,,,,,0.05779101047664881,1.1251249816268682,0.6667089182883501,1.8545420607551932
879,Yunfei,emergency,unavailable_in_sd_path,16,intent_directory,/Users/zilongzeng/Research/DroneControl/user_study_v3/Yunfei/Emergency/16.wav,Yunfei/Emergency/16.wav,movement,0.99609375,0.0,0.99609375,0.0,"[-128, 127, -128]",False,,,,,,,,,,,,,0.060416990891098976,1.160666928626597,0.6772920023649931,1.9037500023841858
880,Yunfei,emergency,unavailable_in_sd_path,17,intent_directory,/Users/zilongzeng/Research/DroneControl/user_study_v3/Yunfei/Emergency/17.wav,Yunfei/Emergency/17.wav,movement,0.984375,0.015625,0.984375,0.0,"[-124, 124, -128]",False,,,,,,,,,,,,,0.07537496276199818,1.4105840818956494,0.7343330653384328,2.231874968856573
881,Yunfei,emergency,unavailable_in_sd_path,18,intent_directory,/Users/zilongzeng/Research/DroneControl/user_study_v3/Yunfei/Emergency/18.wav,Yunfei/Emergency/18.wav,emergency,0.99609375,0.99609375,0.0,0.0,"[127, -128, -128]",True,,,,,,,,,,,,,0.16974995378404856,1.2868749909102917,0.6902090972289443,2.1524580661207438
882,Yunfei,emergency,unavailable_in_sd_path,19,intent_directory,/Users/zilongzeng/Research/DroneControl/user_study_v3/Yunfei/Emergency/19.wav,Yunfei/Emergency/19.wav,emergency,0.9453125,0.9453125,0.0546875,0.0,"[114, -114, -128]",True,,,,,,,,,,,,,0.06645906250923872,1.1952919885516167,0.6620000349357724,1.9287499599158764
883,Yunfei,emergency,unavailable_in_sd_path,20,intent_directory,/Users/zilongzeng/Research/DroneControl/user_study_v3/Yunfei/Emergency/20.wav,Yunfei/Emergency/20.wav,emergency,0.98046875,0.98046875,0.01953125,0.0,"[123, -123, -128]",True,,,,,,,,,,,,,0.06216706242412329,1.125624985434115,0.6822079885751009,1.8755419878289104
884,Yunfei,emergency,unavailable_in_sd_path,21,intent_directory,/Users/zilongzeng/Research/DroneControl/user_study_v3/Yunfei/Emergency/21.wav,Yunfei/Emergency/21.wav,emergency,0.99609375,0.99609375,0.0,0.00390625,"[127, -128, -127]",True,,,,,,,,,,,,,0.07583398837596178,1.4037910150364041,0.7372080581262708,2.224957919679582
885,Yunfei,emergency,unavailable_in_sd_path,22,intent_directory,/Users/zilongzeng/Research/DroneControl/user_study_v3/Yunfei/Emergency/22.wav,Yunfei/Emergency/22.wav,emergency,0.6484375,0.6484375,0.0,0.3515625,"[38, -128, -38]",True,,,,,,,,,,,,,0.10262499563395977,1.2827080208808184,0.6976249860599637,2.0883330143988132
886,Yunfei,emergency,unavailable_in_sd_path,23,intent_directory,/Users/zilongzeng/Research/DroneControl/user_study_v3/Yunfei/Emergency/23.wav,Yunfei/Emergency/23.wav,emergency,0.99609375,0.99609375,0.0,0.0,"[127, -128, -128]",True,,,,,,,,,,,,,0.06970798131078482,1.1362499790266156,0.6677500205114484,1.8789590103551745
887,Yunfei,emergency,unavailable_in_sd_path,24,intent_directory,/Users/zilongzeng/Research/DroneControl/user_study_v3/Yunfei/Emergency/24.wav,Yunfei/Emergency/24.wav,unknown,0.99609375,0.0,0.0,0.99609375,"[-128, -128, 127]",False,,,,,,,,,,,,,0.2114580711349845,1.1758339824154973,0.6700829835608602,2.0627500489354134
888,Yunfei,emergency,unavailable_in_sd_path,25,intent_directory,/Users/zilongzeng/Research/DroneControl/user_study_v3/Yunfei/Emergency/25.wav,Yunfei/Emergency/25.wav,emergency,0.99609375,0.99609375,0.0,0.0,"[127, -128, -128]",True,,,,,,,,,,,,,0.31162495724856853,1.4138330006971955,0.726458034478128,2.4598329328000546
889,Yunfei,emergency,unavailable_in_sd_path,26,intent_directory,/Users/zilongzeng/Research/DroneControl/user_study_v3/Yunfei/Emergency/26.wav,Yunfei/Emergency/26.wav,movement,0.98046875,0.015625,0.98046875,0.00390625,"[-124, 123, -127]",False,,,,,,,,,,,,,0.11541694402694702,1.2001249706372619,0.6703749531880021,1.9910000264644623
890,Yunfei,emergency,unavailable_in_sd_path,27,intent_directory,/Users/zilongzeng/Research/DroneControl/user_study_v3/Yunfei/Emergency/27.wav,Yunfei/Emergency/27.wav,emergency,0.99609375,0.99609375,0.0,0.0,"[127, -128, -128]",True,,,,,,,,,,,,,0.06420805584639311,1.103291055187583,0.6586249219253659,1.8312500324100256
891,Yunfei,emergency,unavailable_in_sd_path,28,intent_directory,/Users/zilongzeng/Research/DroneControl/user_study_v3/Yunfei/Emergency/28.wav,Yunfei/Emergency/28.wav,emergency,0.99609375,0.99609375,0.0,0.0,"[127, -128, -128]",True,,,,,,,,,,,,,0.19233301281929016,1.1724160285666585,0.6707500433549285,2.040583989582956
892,Yunfei,emergency,unavailable_in_sd_path,29,intent_directory,/Users/zilongzeng/Research/DroneControl/user_study_v3/Yunfei/Emergency/29.wav,Yunfei/Emergency/29.wav,emergency,0.99609375,0.99609375,0.0,0.0,"[127, -128, -128]",True,,,,,,,,,,,,,0.20045798737555742,1.4604160096496344,0.7380420574918389,2.4068750208243728
893,Yunfei,emergency,unavailable_in_sd_path,30,intent_directory,/Users/zilongzeng/Research/DroneControl/user_study_v3/Yunfei/Emergency/30.wav,Yunfei/Emergency/30.wav,emergency,0.99609375,0.99609375,0.0,0.0,"[127, -128, -128]",True,,,,,,,,,,,,,0.25504198856651783,1.1782089713960886,0.669916975311935,2.108125016093254
894,Yunfei,emergency,unavailable_in_sd_path,31,intent_directory,/Users/zilongzeng/Research/DroneControl/user_study_v3/Yunfei/Emergency/31.wav,Yunfei/Emergency/31.wav,emergency,0.99609375,0.99609375,0.0,0.0,"[127, -128, -128]",True,,,,,,,,,,,,,0.0617919722571969,1.1238340521231294,0.6689169676974416,1.8593750428408384
895,Yunfei,emergency,unavailable_in_sd_path,32,intent_directory,/Users/zilongzeng/Research/DroneControl/user_study_v3/Yunfei/Emergency/32.wav,Yunfei/Emergency/32.wav,movement,0.76953125,0.23046875,0.76953125,0.0,"[-69, 69, -128]",False,,,,,,,,,,,,,0.06250001024454832,1.1387079721316695,0.6714590126648545,1.8776250071823597
896,Yunfei,emergency,unavailable_in_sd_path,33,intent_directory,/Users/zilongzeng/Research/DroneControl/user_study_v3/Yunfei/Emergency/33.wav,Yunfei/Emergency/33.wav,emergency,0.99609375,0.99609375,0.0,0.0,"[127, -128, -128]",True,,,,,,,,,,,,,0.056916032917797565,1.306540914811194,0.7251669885590672,2.0960839465260506
897,Yunfei,emergency,unavailable_in_sd_path,34,intent_directory,/Users/zilongzeng/Research/DroneControl/user_study_v3/Yunfei/Emergency/34.wav,Yunfei/Emergency/34.wav,emergency,0.99609375,0.99609375,0.0,0.0,"[127, -128, -128]",True,,,,,,,,,,,,,0.09200000204145908,1.2731249444186687,0.6726670544594526,2.042790991254151
898,Yunfei,emergency,unavailable_in_sd_path,35,intent_directory,/Users/zilongzeng/Research/DroneControl/user_study_v3/Yunfei/Emergency/35.wav,Yunfei/Emergency/35.wav,emergency,0.99609375,0.99609375,0.0,0.0,"[127, -128, -128]",True,,,,,,,,,,,,,0.1930000726133585,1.130708958953619,0.668541993945837,1.997667015530169
899,Yunfei,emergency,unavailable_in_sd_path,36,intent_directory,/Users/zilongzeng/Research/DroneControl/user_study_v3/Yunfei/Emergency/36.wav,Yunfei/Emergency/36.wav,unknown,0.828125,0.00390625,0.1640625,0.828125,"[-127, -86, 84]",False,,,,,,,,,,,,,0.060959020629525185,1.178832957521081,0.664958031848073,1.9095829920843244
900,Yunfei,emergency,unavailable_in_sd_path,37,intent_directory,/Users/zilongzeng/Research/DroneControl/user_study_v3/Yunfei/Emergency/37.wav,Yunfei/Emergency/37.wav,emergency,0.953125,0.953125,0.046875,0.0,"[116, -116, -128]",True,,,,,,,,,,,,,0.061416998505592346,1.3254160294309258,0.7295829709619284,2.1257909247651696
901,Yunfei,emergency,unavailable_in_sd_path,38,intent_directory,/Users/zilongzeng/Research/DroneControl/user_study_v3/Yunfei/Emergency/38.wav,Yunfei/Emergency/38.wav,emergency,0.76953125,0.76953125,0.23046875,0.0,"[69, -69, -128]",True,,,,,,,,,,,,,0.10254094377160072,1.439749961718917,0.714458990842104,2.262708032503724
902,Yunfei,emergency,unavailable_in_sd_path,39,intent_directory,/Users/zilongzeng/Research/DroneControl/user_study_v3/Yunfei/Emergency/39.wav,Yunfei/Emergency/39.wav,movement,0.90234375,0.09765625,0.90234375,0.0,"[-103, 103, -128]",False,,,,,,,,,,,,,0.07220893166959286,1.2640829663723707,0.7169160526245832,2.0589999621734023
903,Yunfei,emergency,unavailable_in_sd_path,40,intent_directory,/Users/zilongzeng/Research/DroneControl/user_study_v3/Yunfei/Emergency/40.wav,Yunfei/Emergency/40.wav,emergency,0.734375,0.734375,0.26953125,0.0,"[60, -59, -128]",True,,,,,,,,,,,,,0.06920797750353813,1.3154170010238886,0.676250085234642,2.0673329709097743
904,Yunfei,emergency,unavailable_in_sd_path,41,intent_directory,/Users/zilongzeng/Research/DroneControl/user_study_v3/Yunfei/Emergency/41.wav,Yunfei/Emergency/41.wav,emergency,0.99609375,0.99609375,0.0,0.0,"[127, -128, -128]",True,,,,,,,,,,,,,0.07629196625202894,1.3923340011388063,0.7331250235438347,2.2115419851616025
905,Yunfei,emergency,unavailable_in_sd_path,42,intent_directory,/Users/zilongzeng/Research/DroneControl/user_study_v3/Yunfei/Emergency/42.wav,Yunfei/Emergency/42.wav,emergency,0.99609375,0.99609375,0.0,0.0,"[127, -128, -128]",True,,,,,,,,,,,,,0.1261249417439103,1.2888750061392784,0.6643340457230806,2.0845000399276614
906,Yunfei,emergency,unavailable_in_sd_path,43,intent_directory,/Users/zilongzeng/Research/DroneControl/user_study_v3/Yunfei/Emergency/43.wav,Yunfei/Emergency/43.wav,emergency,0.98046875,0.98046875,0.01953125,0.0,"[123, -123, -128]",True,,,,,,,,,,,,,0.0701660756021738,1.097791944630444,0.6779170362278819,1.8505000043660402
907,Yunfei,emergency,unavailable_in_sd_path,44,intent_directory,/Users/zilongzeng/Research/DroneControl/user_study_v3/Yunfei/Emergency/44.wav,Yunfei/Emergency/44.wav,emergency,0.99609375,0.99609375,0.0,0.0,"[127, -128, -128]",True,,,,,,,,,,,,,0.06104202475398779,1.1393340537324548,0.6680000806227326,1.8739590886980295
908,Yunfei,emergency,unavailable_in_sd_path,45,intent_directory,/Users/zilongzeng/Research/DroneControl/user_study_v3/Yunfei/Emergency/45.wav,Yunfei/Emergency/45.wav,emergency,0.99609375,0.99609375,0.0,0.0,"[127, -128, -128]",True,,,,,,,,,,,,,0.06454205140471458,1.21983396820724,0.7235000375658274,2.0158749539405107
909,Yunfei,emergency,unavailable_in_sd_path,46,intent_directory,/Users/zilongzeng/Research/DroneControl/user_study_v3/Yunfei/Emergency/46.wav,Yunfei/Emergency/46.wav,emergency,0.99609375,0.99609375,0.0,0.0,"[127, -128, -128]",True,,,,,,,,,,,,,0.09970797691494226,1.24074995983392,0.6787090096622705,2.024041023105383
910,Yunfei,emergency,unavailable_in_sd_path,47,intent_directory,/Users/zilongzeng/Research/DroneControl/user_study_v3/Yunfei/Emergency/47.wav,Yunfei/Emergency/47.wav,movement,0.99609375,0.0,0.99609375,0.0,"[-128, 127, -128]",False,,,,,,,,,,,,,0.06479199510067701,1.1881670216098428,0.6939590675756335,1.9515840103849769
911,Yunfei,emergency,unavailable_in_sd_path,48,intent_directory,/Users/zilongzeng/Research/DroneControl/user_study_v3/Yunfei/Emergency/48.wav,Yunfei/Emergency/48.wav,emergency,0.9921875,0.9921875,0.0,0.0078125,"[126, -128, -126]",True,,,,,,,,,,,,,0.2114999806508422,1.1436670320108533,0.6706670392304659,2.0314579596742988
912,Yunfei,emergency,unavailable_in_sd_path,49,intent_directory,/Users/zilongzeng/Research/DroneControl/user_study_v3/Yunfei/Emergency/49.wav,Yunfei/Emergency/49.wav,emergency,0.83203125,0.83203125,0.0,0.16796875,"[85, -128, -85]",True,,,,,,,,,,,,,0.2224579220637679,1.206750050187111,0.6820419803261757,2.1585000213235617
913,Yunfei,movement,unavailable_in_sd_path,0,intent_directory,/Users/zilongzeng/Research/DroneControl/user_study_v3/Yunfei/Movement/0.wav,Yunfei/Movement/0.wav,movement,0.99609375,0.0,0.99609375,0.0,"[-128, 127, -128]",True,,,,,,,,,,,,,0.1514169853180647,1.2046659830957651,0.6734579801559448,2.0366250537335873
914,Yunfei,movement,unavailable_in_sd_path,1,intent_directory,/Users/zilongzeng/Research/DroneControl/user_study_v3/Yunfei/Movement/1.wav,Yunfei/Movement/1.wav,movement,0.99609375,0.00390625,0.99609375,0.0,"[-127, 127, -128]",True,,,,,,,,,,,,,0.08983397856354713,1.19162502232939,0.6928329821676016,1.9805829506367445
915,Yunfei,movement,unavailable_in_sd_path,2,intent_directory,/Users/zilongzeng/Research/DroneControl/user_study_v3/Yunfei/Movement/2.wav,Yunfei/Movement/2.wav,movement,0.99609375,0.0,0.99609375,0.0,"[-128, 127, -128]",True,,,,,,,,,,,,,0.05949998740106821,1.113833044655621,0.6728339940309525,1.851417007856071
916,Yunfei,movement,unavailable_in_sd_path,3,intent_directory,/Users/zilongzeng/Research/DroneControl/user_study_v3/Yunfei/Movement/3.wav,Yunfei/Movement/3.wav,movement,0.99609375,0.0,0.99609375,0.0,"[-128, 127, -128]",True,,,,,,,,,,,,,0.06145797669887543,1.1563750449568033,0.7906249957159162,2.067958004772663
917,Yunfei,movement,unavailable_in_sd_path,4,intent_directory,/Users/zilongzeng/Research/DroneControl/user_study_v3/Yunfei/Movement/4.wav,Yunfei/Movement/4.wav,movement,0.99609375,0.0,0.99609375,0.0,"[-128, 127, -128]",True,,,,,,,,,,,,,0.1919580390676856,1.253416994586587,0.6883339956402779,2.1401250269263983
918,Yunfei,movement,unavailable_in_sd_path,5,intent_directory,/Users/zilongzeng/Research/DroneControl/user_study_v3/Yunfei/Movement/5.wav,Yunfei/Movement/5.wav,movement,0.99609375,0.0,0.99609375,0.0,"[-128, 127, -128]",True,,,,,,,,,,,,,0.08241704199463129,1.1033329647034407,0.668165972456336,1.859041047282517
919,Yunfei,movement,unavailable_in_sd_path,6,intent_directory,/Users/zilongzeng/Research/DroneControl/user_study_v3/Yunfei/Movement/6.wav,Yunfei/Movement/6.wav,movement,0.99609375,0.0,0.99609375,0.0,"[-128, 127, -128]",True,,,,,,,,,,,,,0.06562494672834873,1.095375046133995,0.6785839796066284,1.8445000750944018
920,Yunfei,movement,unavailable_in_sd_path,7,intent_directory,/Users/zilongzeng/Research/DroneControl/user_study_v3/Yunfei/Movement/7.wav,Yunfei/Movement/7.wav,movement,0.99609375,0.0,0.99609375,0.0,"[-128, 127, -128]",True,,,,,,,,,,,,,0.05916703958064318,1.1057090014219284,0.6915830308571458,1.8629999831318855
921,Yunfei,movement,unavailable_in_sd_path,8,intent_directory,/Users/zilongzeng/Research/DroneControl/user_study_v3/Yunfei/Movement/8.wav,Yunfei/Movement/8.wav,movement,0.99609375,0.0,0.99609375,0.0,"[-128, 127, -128]",True,,,,,,,,,,,,,0.06162491627037525,1.5075840055942535,0.683500082232058,2.25891696754843
922,Yunfei,movement,unavailable_in_sd_path,9,intent_directory,/Users/zilongzeng/Research/DroneControl/user_study_v3/Yunfei/Movement/9.wav,Yunfei/Movement/9.wav,movement,0.99609375,0.0,0.99609375,0.0,"[-128, 127, -128]",True,,,,,,,,,,,,,0.08791591972112656,1.2142079649493098,0.6720829987898469,1.9789999350905418
923,Yunfei,movement,unavailable_in_sd_path,10,intent_directory,/Users/zilongzeng/Research/DroneControl/user_study_v3/Yunfei/Movement/10.wav,Yunfei/Movement/10.wav,movement,0.99609375,0.0,0.99609375,0.0,"[-128, 127, -128]",True,,,,,,,,,,,,,0.05716702435165644,1.1615839321166277,0.660667079500854,1.884249970316887
924,Yunfei,movement,unavailable_in_sd_path,11,intent_directory,/Users/zilongzeng/Research/DroneControl/user_study_v3/Yunfei/Movement/11.wav,Yunfei/Movement/11.wav,movement,0.99609375,0.0,0.99609375,0.0,"[-128, 127, -128]",True,,,,,,,,,,,,,0.06258406210690737,1.1415419867262244,0.6730839377269149,1.8820409895852208
925,Yunfei,movement,unavailable_in_sd_path,12,intent_directory,/Users/zilongzeng/Research/DroneControl/user_study_v3/Yunfei/Movement/12.wav,Yunfei/Movement/12.wav,movement,0.99609375,0.0,0.99609375,0.0,"[-128, 127, -128]",True,,,,,,,,,,,,,0.07637497037649155,1.4517500530928373,0.7245830493047833,2.2617500508204103
926,Yunfei,movement,unavailable_in_sd_path,13,intent_directory,/Users/zilongzeng/Research/DroneControl/user_study_v3/Yunfei/Movement/13.wav,Yunfei/Movement/13.wav,movement,0.99609375,0.0,0.99609375,0.0,"[-128, 127, -128]",True,,,,,,,,,,,,,0.24937500711530447,1.2502080062404275,0.7089999271556735,2.214167034253478
927,Yunfei,movement,unavailable_in_sd_path,14,intent_directory,/Users/zilongzeng/Research/DroneControl/user_study_v3/Yunfei/Movement/14.wav,Yunfei/Movement/14.wav,unknown,0.99609375,0.0,0.0,0.99609375,"[-128, -128, 127]",False,,,,,,,,,,,,,0.2049580216407776,1.1535829398781061,0.6662079831585288,2.029750030487776
928,Yunfei,movement,unavailable_in_sd_path,15,intent_directory,/Users/zilongzeng/Research/DroneControl/user_study_v3/Yunfei/Movement/15.wav,Yunfei/Movement/15.wav,emergency,0.99609375,0.99609375,0.00390625,0.0,"[127, -127, -128]",False,,,,,,,,,,,,,0.0688750296831131,1.1692920234054327,0.6745000137016177,1.9182499963790178
929,Yunfei,movement,unavailable_in_sd_path,16,intent_directory,/Users/zilongzeng/Research/DroneControl/user_study_v3/Yunfei/Movement/16.wav,Yunfei/Movement/16.wav,movement,0.99609375,0.00390625,0.99609375,0.0,"[-127, 127, -128]",True,,,,,,,,,,,,,0.07412501145154238,1.4571670908480883,0.687291962094605,2.224540919996798
930,Yunfei,movement,unavailable_in_sd_path,17,intent_directory,/Users/zilongzeng/Research/DroneControl/user_study_v3/Yunfei/Movement/17.wav,Yunfei/Movement/17.wav,movement,0.99609375,0.0,0.99609375,0.0,"[-128, 127, -128]",True,,,,,,,,,,,,,0.0877920538187027,1.2399590341374278,0.6735839415341616,2.006125054322183
931,Yunfei,movement,unavailable_in_sd_path,18,intent_directory,/Users/zilongzeng/Research/DroneControl/user_study_v3/Yunfei/Movement/18.wav,Yunfei/Movement/18.wav,movement,0.99609375,0.0,0.99609375,0.0,"[-128, 127, -128]",True,,,,,,,,,,,,,0.055458047427237034,1.1244999477639794,0.669957953505218,1.8551249522715807
932,Yunfei,movement,unavailable_in_sd_path,19,intent_directory,/Users/zilongzeng/Research/DroneControl/user_study_v3/Yunfei/Movement/19.wav,Yunfei/Movement/19.wav,emergency,0.9609375,0.9609375,0.0390625,0.0,"[118, -118, -128]",False,,,,,,,,,,,,,0.06274995394051075,1.269291969947517,0.626583001576364,1.9679160322993994
933,Yunfei,movement,unavailable_in_sd_path,20,intent_directory,/Users/zilongzeng/Research/DroneControl/user_study_v3/Yunfei/Movement/20.wav,Yunfei/Movement/20.wav,movement,0.99609375,0.0,0.99609375,0.0,"[-128, 127, -128]",True,,,,,,,,,,,,,0.20520796533674002,1.3314170064404607,0.7362080505117774,2.282375004142523
934,Yunfei,movement,unavailable_in_sd_path,21,intent_directory,/Users/zilongzeng/Research/DroneControl/user_study_v3/Yunfei/Movement/21.wav,Yunfei/Movement/21.wav,movement,0.99609375,0.0,0.99609375,0.0,"[-128, 127, -128]",True,,,,,,,,,,,,,0.1040829811245203,1.2472079833969474,0.6663750391453505,2.022832981310785
935,Yunfei,movement,unavailable_in_sd_path,22,intent_directory,/Users/zilongzeng/Research/DroneControl/user_study_v3/Yunfei/Movement/22.wav,Yunfei/Movement/22.wav,movement,0.99609375,0.0,0.99609375,0.0,"[-128, 127, -128]",True,,,,,,,,,,,,,0.059542013332247734,1.1193329701200128,0.6646249676123261,1.848749932833016
936,Yunfei,movement,unavailable_in_sd_path,23,intent_directory,/Users/zilongzeng/Research/DroneControl/user_study_v3/Yunfei/Movement/23.wav,Yunfei/Movement/23.wav,movement,0.99609375,0.0,0.99609375,0.0,"[-128, 127, -128]",True,,,,,,,,,,,,,0.06691599264740944,1.139792031608522,0.6630829302594066,1.8747079884633422
937,Yunfei,movement,unavailable_in_sd_path,24,intent_directory,/Users/zilongzeng/Research/DroneControl/user_study_v3/Yunfei/Movement/24.wav,Yunfei/Movement/24.wav,movement,0.9921875,0.0,0.9921875,0.0078125,"[-128, 126, -126]",True,,,,,,,,,,,,,0.20687503274530172,1.3559579383581877,0.6927079521119595,2.2626660065725446
938,Yunfei,movement,unavailable_in_sd_path,25,intent_directory,/Users/zilongzeng/Research/DroneControl/user_study_v3/Yunfei/Movement/25.wav,Yunfei/Movement/25.wav,movement,0.99609375,0.0,0.99609375,0.0,"[-128, 127, -128]",True,,,,,,,,,,,,,0.26816700119525194,1.2196250027045608,0.6712910253554583,2.1639589685946703
939,Yunfei,movement,unavailable_in_sd_path,26,intent_directory,/Users/zilongzeng/Research/DroneControl/user_study_v3/Yunfei/Movement/26.wav,Yunfei/Movement/26.wav,movement,0.99609375,0.0,0.99609375,0.0,"[-128, 127, -128]",True,,,,,,,,,,,,,0.061583006754517555,1.135166035965085,0.6731660105288029,1.8749170703813434
940,Yunfei,movement,unavailable_in_sd_path,27,intent_directory,/Users/zilongzeng/Research/DroneControl/user_study_v3/Yunfei/Movement/27.wav,Yunfei/Movement/27.wav,movement,0.99609375,0.0,0.99609375,0.0,"[-128, 127, -128]",True,,,,,,,,,,,,,0.06329198367893696,1.1276670265942812,0.6751669570803642,1.8707920098677278
941,Yunfei,movement,unavailable_in_sd_path,28,intent_directory,/Users/zilongzeng/Research/DroneControl/user_study_v3/Yunfei/Movement/28.wav,Yunfei/Movement/28.wav,unknown,0.99609375,0.0,0.0,0.99609375,"[-128, -128, 127]",False,,,,,,,,,,,,,0.06070802919566631,1.3415829744189978,0.7271660724654794,2.1355419885367155
942,Yunfei,movement,unavailable_in_sd_path,29,intent_directory,/Users/zilongzeng/Research/DroneControl/user_study_v3/Yunfei/Movement/29.wav,Yunfei/Movement/29.wav,movement,0.99609375,0.00390625,0.99609375,0.0,"[-127, 127, -128]",True,,,,,,,,,,,,,0.08820800576359034,1.2189170811325312,0.6660419749096036,1.9779589492827654
943,Yunfei,movement,unavailable_in_sd_path,30,intent_directory,/Users/zilongzeng/Research/DroneControl/user_study_v3/Yunfei/Movement/30.wav,Yunfei/Movement/30.wav,movement,0.9765625,0.01953125,0.9765625,0.0,"[-123, 122, -128]",True,,,,,,,,,,,,,0.06458302959799767,1.1538329999893904,0.6733749760314822,1.897042035125196
944,Yunfei,movement,unavailable_in_sd_path,31,intent_directory,/Users/zilongzeng/Research/DroneControl/user_study_v3/Yunfei/Movement/31.wav,Yunfei/Movement/31.wav,unknown,0.99609375,0.0,0.0,0.99609375,"[-128, -128, 127]",False,,,,,,,,,,,,,0.06620795466005802,1.118791988119483,0.6670840084552765,1.856834045611322
945,Yunfei,movement,unavailable_in_sd_path,32,intent_directory,/Users/zilongzeng/Research/DroneControl/user_study_v3/Yunfei/Movement/32.wav,Yunfei/Movement/32.wav,movement,0.99609375,0.0,0.99609375,0.0,"[-128, 127, -128]",True,,,,,,,,,,,,,0.054625095799565315,1.2498750584200025,0.746333971619606,2.06641701515764
946,Yunfei,movement,unavailable_in_sd_path,33,intent_directory,/Users/zilongzeng/Research/DroneControl/user_study_v3/Yunfei/Movement/33.wav,Yunfei/Movement/33.wav,movement,0.99609375,0.0,0.99609375,0.0,"[-128, 127, -128]",True,,,,,,,,,,,,,0.09816698729991913,1.2882089940831065,0.6788329919800162,2.070083050057292
947,Yunfei,movement,unavailable_in_sd_path,34,intent_directory,/Users/zilongzeng/Research/DroneControl/user_study_v3/Yunfei/Movement/34.wav,Yunfei/Movement/34.wav,movement,0.99609375,0.0,0.99609375,0.0,"[-128, 127, -128]",True,,,,,,,,,,,,,0.06658292841166258,1.0623750276863575,0.6685829721391201,1.8023749580606818
948,Yunfei,movement,unavailable_in_sd_path,35,intent_directory,/Users/zilongzeng/Research/DroneControl/user_study_v3/Yunfei/Movement/35.wav,Yunfei/Movement/35.wav,movement,0.99609375,0.0,0.99609375,0.0,"[-128, 127, -128]",True,,,,,,,,,,,,,0.06029102951288223,1.1439999798312783,0.6686249980702996,1.8775000935420394
949,Yunfei,movement,unavailable_in_sd_path,36,intent_directory,/Users/zilongzeng/Research/DroneControl/user_study_v3/Yunfei/Movement/36.wav,Yunfei/Movement/36.wav,unknown,0.99609375,0.0,0.0,0.99609375,"[-128, -128, 127]",False,,,,,,,,,,,,,0.059666926972568035,1.0893750004470348,0.7701250724494457,1.927457982674241
950,Yunfei,movement,unavailable_in_sd_path,37,intent_directory,/Users/zilongzeng/Research/DroneControl/user_study_v3/Yunfei/Movement/37.wav,Yunfei/Movement/37.wav,movement,0.99609375,0.0,0.99609375,0.0,"[-128, 127, -128]",True,,,,,,,,,,,,,0.06579200271517038,1.3410000829026103,0.6809169426560402,2.0933341002091765
951,Yunfei,movement,unavailable_in_sd_path,38,intent_directory,/Users/zilongzeng/Research/DroneControl/user_study_v3/Yunfei/Movement/38.wav,Yunfei/Movement/38.wav,movement,0.99609375,0.0,0.99609375,0.0,"[-128, 127, -128]",True,,,,,,,,,,,,,0.09508396033197641,1.2107089860364795,0.6670420989394188,1.9776660483330488
952,Yunfei,movement,unavailable_in_sd_path,39,intent_directory,/Users/zilongzeng/Research/DroneControl/user_study_v3/Yunfei/Movement/39.wav,Yunfei/Movement/39.wav,movement,0.99609375,0.0,0.99609375,0.0,"[-128, 127, -128]",True,,,,,,,,,,,,,0.06125005893409252,1.1578750563785434,0.6580420304089785,1.8816669471561909
953,Yunfei,movement,unavailable_in_sd_path,40,intent_directory,/Users/zilongzeng/Research/DroneControl/user_study_v3/Yunfei/Movement/40.wav,Yunfei/Movement/40.wav,movement,0.99609375,0.0,0.99609375,0.0,"[-128, 127, -128]",True,,,,,,,,,,,,,0.059709069319069386,1.1166250333189964,0.67829096224159,1.8594999564811587
954,Yunfei,movement,unavailable_in_sd_path,41,intent_directory,/Users/zilongzeng/Research/DroneControl/user_study_v3/Yunfei/Movement/41.wav,Yunfei/Movement/41.wav,movement,0.99609375,0.0,0.99609375,0.0,"[-128, 127, -128]",True,,,,,,,,,,,,,0.07266702596098185,1.5119588933885098,0.6822500145062804,2.2733749356120825
955,Yunfei,movement,unavailable_in_sd_path,42,intent_directory,/Users/zilongzeng/Research/DroneControl/user_study_v3/Yunfei/Movement/42.wav,Yunfei/Movement/42.wav,unknown,0.99609375,0.0,0.0,0.99609375,"[-128, -128, 127]",False,,,,,,,,,,,,,0.2268750686198473,1.1188749922439456,0.6688340799883008,2.0192910451442003
956,Yunfei,movement,unavailable_in_sd_path,43,intent_directory,/Users/zilongzeng/Research/DroneControl/user_study_v3/Yunfei/Movement/43.wav,Yunfei/Movement/43.wav,unknown,0.99609375,0.0,0.0,0.99609375,"[-128, -128, 127]",False,,,,,,,,,,,,,0.22466701921075583,1.1357079492881894,0.6655000615864992,2.0307910162955523
957,Yunfei,movement,unavailable_in_sd_path,44,intent_directory,/Users/zilongzeng/Research/DroneControl/user_study_v3/Yunfei/Movement/44.wav,Yunfei/Movement/44.wav,unknown,0.99609375,0.0,0.0,0.99609375,"[-128, -128, 127]",False,,,,,,,,,,,,,0.06608397234231234,1.132542034611106,0.6761249387636781,1.8793749623000622
958,Yunfei,movement,unavailable_in_sd_path,45,intent_directory,/Users/zilongzeng/Research/DroneControl/user_study_v3/Yunfei/Movement/45.wav,Yunfei/Movement/45.wav,movement,0.984375,0.0,0.984375,0.015625,"[-128, 124, -124]",True,,,,,,,,,,,,,0.05566596519201994,1.6401250613853335,0.6609999109059572,2.3664169711992145
959,Yunfei,movement,unavailable_in_sd_path,46,intent_directory,/Users/zilongzeng/Research/DroneControl/user_study_v3/Yunfei/Movement/46.wav,Yunfei/Movement/46.wav,movement,0.99609375,0.0,0.99609375,0.0,"[-128, 127, -128]",True,,,,,,,,,,,,,0.15804206486791372,1.2162498896941543,0.673583010211587,2.054625074379146
960,Yunfei,movement,unavailable_in_sd_path,47,intent_directory,/Users/zilongzeng/Research/DroneControl/user_study_v3/Yunfei/Movement/47.wav,Yunfei/Movement/47.wav,movement,0.99609375,0.0,0.99609375,0.0,"[-128, 127, -128]",True,,,,,,,,,,,,,0.237041967920959,1.1837080819532275,0.6806669989600778,2.1064169704914093
961,Yunfei,movement,unavailable_in_sd_path,48,intent_directory,/Users/zilongzeng/Research/DroneControl/user_study_v3/Yunfei/Movement/48.wav,Yunfei/Movement/48.wav,unknown,0.99609375,0.0,0.0,0.99609375,"[-128, -128, 127]",False,,,,,,,,,,,,,0.229167053475976,1.1456250213086605,0.8757080649957061,2.264334005303681
962,Yunfei,movement,unavailable_in_sd_path,49,intent_directory,/Users/zilongzeng/Research/DroneControl/user_study_v3/Yunfei/Movement/49.wav,Yunfei/Movement/49.wav,movement,0.99609375,0.0,0.99609375,0.0,"[-128, 127, -128]",True,,,,,,,,,,,,,0.12041698209941387,1.3731250073760748,0.6704999832436442,2.1695829927921295
963,Yunfei,unknown,unavailable_in_sd_path,0,intent_directory,/Users/zilongzeng/Research/DroneControl/user_study_v3/Yunfei/Unknown/0.wav,Yunfei/Unknown/0.wav,unknown,0.99609375,0.0,0.0,0.99609375,"[-128, -128, 127]",True,,,,,,,,,,,,,0.07883296348154545,1.1072501074522734,0.6651249714195728,1.8559169257059693
964,Yunfei,unknown,unavailable_in_sd_path,1,intent_directory,/Users/zilongzeng/Research/DroneControl/user_study_v3/Yunfei/Unknown/1.wav,Yunfei/Unknown/1.wav,unknown,0.99609375,0.0,0.0,0.99609375,"[-128, -128, 127]",True,,,,,,,,,,,,,0.05729100666940212,1.1006249114871025,0.6569580873474479,1.819542027078569
965,Yunfei,unknown,unavailable_in_sd_path,2,intent_directory,/Users/zilongzeng/Research/DroneControl/user_study_v3/Yunfei/Unknown/2.wav,Yunfei/Unknown/2.wav,unknown,0.99609375,0.0,0.0,0.99609375,"[-128, -128, 127]",True,,,,,,,,,,,,,0.05533290095627308,1.1548330076038837,0.6708749569952488,1.8859589472413063
966,Yunfei,unknown,unavailable_in_sd_path,3,intent_directory,/Users/zilongzeng/Research/DroneControl/user_study_v3/Yunfei/Unknown/3.wav,Yunfei/Unknown/3.wav,unknown,0.99609375,0.0,0.0,0.99609375,"[-128, -128, 127]",True,,,,,,,,,,,,,0.058999983593821526,1.4603330055251718,0.7077920017763972,2.234625048004091
967,Yunfei,unknown,unavailable_in_sd_path,4,intent_directory,/Users/zilongzeng/Research/DroneControl/user_study_v3/Yunfei/Unknown/4.wav,Yunfei/Unknown/4.wav,unknown,0.99609375,0.0,0.0,0.99609375,"[-128, -128, 127]",True,,,,,,,,,,,,,0.10016700252890587,1.3479170156642795,0.6357500096783042,2.0939999958500266
968,Yunfei,unknown,unavailable_in_sd_path,5,intent_directory,/Users/zilongzeng/Research/DroneControl/user_study_v3/Yunfei/Unknown/5.wav,Yunfei/Unknown/5.wav,unknown,0.99609375,0.0,0.0,0.99609375,"[-128, -128, 127]",True,,,,,,,,,,,,,0.20158302504569292,1.1580410646274686,0.6685410626232624,2.033333061262965
969,Yunfei,unknown,unavailable_in_sd_path,6,intent_directory,/Users/zilongzeng/Research/DroneControl/user_study_v3/Yunfei/Unknown/6.wav,Yunfei/Unknown/6.wav,unknown,0.99609375,0.0,0.0,0.99609375,"[-128, -128, 127]",True,,,,,,,,,,,,,0.06150000263005495,1.0642081033438444,0.6789170438423753,1.8096249550580978
970,Yunfei,unknown,unavailable_in_sd_path,7,intent_directory,/Users/zilongzeng/Research/DroneControl/user_study_v3/Yunfei/Unknown/7.wav,Yunfei/Unknown/7.wav,unknown,0.99609375,0.0,0.0,0.99609375,"[-128, -128, 127]",True,,,,,,,,,,,,,0.061583006754517555,1.4563329750671983,0.7009160472080112,2.2256660740822554
971,Yunfei,unknown,unavailable_in_sd_path,8,intent_directory,/Users/zilongzeng/Research/DroneControl/user_study_v3/Yunfei/Unknown/8.wav,Yunfei/Unknown/8.wav,unknown,0.99609375,0.0,0.0,0.99609375,"[-128, -128, 127]",True,,,,,,,,,,,,,0.23437500931322575,1.1426249984651804,0.6720409728586674,2.0537079544737935
972,Yunfei,unknown,unavailable_in_sd_path,9,intent_directory,/Users/zilongzeng/Research/DroneControl/user_study_v3/Yunfei/Unknown/9.wav,Yunfei/Unknown/9.wav,unknown,0.99609375,0.0,0.0,0.99609375,"[-128, -128, 127]",True,,,,,,,,,,,,,0.30691700521856546,1.0873330757021904,0.6696670316159725,2.0684590563178062
973,Yunfei,unknown,unavailable_in_sd_path,10,intent_directory,/Users/zilongzeng/Research/DroneControl/user_study_v3/Yunfei/Unknown/10.wav,Yunfei/Unknown/10.wav,unknown,0.99609375,0.0,0.0,0.99609375,"[-128, -128, 127]",True,,,,,,,,,,,,,0.05491706542670727,1.094292034395039,0.67258405033499,1.8264580285176635
974,Yunfei,unknown,unavailable_in_sd_path,11,intent_directory,/Users/zilongzeng/Research/DroneControl/user_study_v3/Yunfei/Unknown/11.wav,Yunfei/Unknown/11.wav,unknown,0.99609375,0.0,0.0,0.99609375,"[-128, -128, 127]",True,,,,,,,,,,,,,0.054582953453063965,1.419916981831193,0.6600830238312483,2.1442919969558716
975,Yunfei,unknown,unavailable_in_sd_path,12,intent_directory,/Users/zilongzeng/Research/DroneControl/user_study_v3/Yunfei/Unknown/12.wav,Yunfei/Unknown/12.wav,unknown,0.99609375,0.0,0.0,0.99609375,"[-128, -128, 127]",True,,,,,,,,,,,,,0.16387493815273046,1.2002079747617245,0.6836249958723783,2.0544580183923244
976,Yunfei,unknown,unavailable_in_sd_path,13,intent_directory,/Users/zilongzeng/Research/DroneControl/user_study_v3/Yunfei/Unknown/13.wav,Yunfei/Unknown/13.wav,unknown,0.99609375,0.0,0.0,0.99609375,"[-128, -128, 127]",True,,,,,,,,,,,,,0.08725002408027649,1.1684169294312596,0.674291979521513,1.9348340574651957
977,Yunfei,unknown,unavailable_in_sd_path,14,intent_directory,/Users/zilongzeng/Research/DroneControl/user_study_v3/Yunfei/Unknown/14.wav,Yunfei/Unknown/14.wav,unknown,0.99609375,0.0,0.0,0.99609375,"[-128, -128, 127]",True,,,,,,,,,,,,,0.18808396998792887,1.239042030647397,0.6742499535903335,2.106167026795447
978,Yunfei,unknown,unavailable_in_sd_path,15,intent_directory,/Users/zilongzeng/Research/DroneControl/user_study_v3/Yunfei/Unknown/15.wav,Yunfei/Unknown/15.wav,unknown,0.99609375,0.0,0.0,0.99609375,"[-128, -128, 127]",True,,,,,,,,,,,,,0.17850007861852646,1.4574999222531915,0.7242499850690365,2.3670420050621033
979,Yunfei,unknown,unavailable_in_sd_path,16,intent_directory,/Users/zilongzeng/Research/DroneControl/user_study_v3/Yunfei/Unknown/16.wav,Yunfei/Unknown/16.wav,unknown,0.99609375,0.0,0.0,0.99609375,"[-128, -128, 127]",True,,,,,,,,,,,,,0.2062499988824129,1.1898339726030827,0.6637079641222954,2.064584055915475
980,Yunfei,unknown,unavailable_in_sd_path,17,intent_directory,/Users/zilongzeng/Research/DroneControl/user_study_v3/Yunfei/Unknown/17.wav,Yunfei/Unknown/17.wav,unknown,0.99609375,0.0,0.0,0.99609375,"[-128, -128, 127]",True,,,,,,,,,,,,,0.15041697770357132,1.1324159568175673,0.6680840160697699,1.9557500490918756
981,Yunfei,unknown,unavailable_in_sd_path,18,intent_directory,/Users/zilongzeng/Research/DroneControl/user_study_v3/Yunfei/Unknown/18.wav,Yunfei/Unknown/18.wav,unknown,0.99609375,0.0,0.0,0.99609375,"[-128, -128, 127]",True,,,,,,,,,,,,,0.04941702354699373,1.1728749377653003,0.6630420684814453,1.8904590979218483
982,Yunfei,unknown,unavailable_in_sd_path,19,intent_directory,/Users/zilongzeng/Research/DroneControl/user_study_v3/Yunfei/Unknown/19.wav,Yunfei/Unknown/19.wav,unknown,0.99609375,0.0,0.0,0.99609375,"[-128, -128, 127]",True,,,,,,,,,,,,,0.06487499922513962,1.434457954019308,0.703207915648818,2.2089160047471523
983,Yunfei,unknown,unavailable_in_sd_path,20,intent_directory,/Users/zilongzeng/Research/DroneControl/user_study_v3/Yunfei/Unknown/20.wav,Yunfei/Unknown/20.wav,unknown,0.99609375,0.0,0.0,0.99609375,"[-128, -128, 127]",True,,,,,,,,,,,,,0.08591706864535809,1.2062500463798642,0.667458982206881,1.964292023330927
984,Yunfei,unknown,unavailable_in_sd_path,21,intent_directory,/Users/zilongzeng/Research/DroneControl/user_study_v3/Yunfei/Unknown/21.wav,Yunfei/Unknown/21.wav,unknown,0.99609375,0.0,0.0,0.99609375,"[-128, -128, 127]",True,,,,,,,,,,,,,0.05833292379975319,1.1379170464351773,0.6671670125797391,1.8683340167626739
985,Yunfei,unknown,unavailable_in_sd_path,22,intent_directory,/Users/zilongzeng/Research/DroneControl/user_study_v3/Yunfei/Unknown/22.wav,Yunfei/Unknown/22.wav,unknown,0.99609375,0.0,0.0,0.99609375,"[-128, -128, 127]",True,,,,,,,,,,,,,0.05841604433953762,1.1415000772103667,0.6685829721391201,1.8732920289039612
986,Yunfei,unknown,unavailable_in_sd_path,23,intent_directory,/Users/zilongzeng/Research/DroneControl/user_study_v3/Yunfei/Unknown/23.wav,Yunfei/Unknown/23.wav,unknown,0.99609375,0.0,0.0,0.99609375,"[-128, -128, 127]",True,,,,,,,,,,,,,0.05845795385539532,1.185166067443788,0.7334169931709766,1.984542002901435
987,Yunfei,unknown,unavailable_in_sd_path,24,intent_directory,/Users/zilongzeng/Research/DroneControl/user_study_v3/Yunfei/Unknown/24.wav,Yunfei/Unknown/24.wav,unknown,0.99609375,0.0,0.0,0.99609375,"[-128, -128, 127]",True,,,,,,,,,,,,,0.10462501086294651,1.2957080034539104,0.6799169350415468,2.085500047542155
988,Yunfei,unknown,unavailable_in_sd_path,25,intent_directory,/Users/zilongzeng/Research/DroneControl/user_study_v3/Yunfei/Unknown/25.wav,Yunfei/Unknown/25.wav,unknown,0.99609375,0.0,0.0,0.99609375,"[-128, -128, 127]",True,,,,,,,,,,,,,0.07270800415426493,1.2582920026034117,0.6696670316159725,2.0055000204592943
989,Yunfei,unknown,unavailable_in_sd_path,26,intent_directory,/Users/zilongzeng/Research/DroneControl/user_study_v3/Yunfei/Unknown/26.wav,Yunfei/Unknown/26.wav,unknown,0.99609375,0.0,0.0,0.99609375,"[-128, -128, 127]",True,,,,,,,,,,,,,0.05491706542670727,1.0945419780910015,0.6763749988749623,1.830749912187457
990,Yunfei,unknown,unavailable_in_sd_path,27,intent_directory,/Users/zilongzeng/Research/DroneControl/user_study_v3/Yunfei/Unknown/27.wav,Yunfei/Unknown/27.wav,unknown,0.99609375,0.0,0.0,0.99609375,"[-128, -128, 127]",True,,,,,,,,,,,,,0.0552500132471323,1.2088340008631349,0.6422499427571893,1.9167499849572778
991,Yunfei,unknown,unavailable_in_sd_path,28,intent_directory,/Users/zilongzeng/Research/DroneControl/user_study_v3/Yunfei/Unknown/28.wav,Yunfei/Unknown/28.wav,unknown,0.99609375,0.0,0.0,0.99609375,"[-128, -128, 127]",True,,,,,,,,,,,,,0.15470909420400858,1.2005839962512255,0.6716250209137797,2.0329999970272183
992,Yunfei,unknown,unavailable_in_sd_path,29,intent_directory,/Users/zilongzeng/Research/DroneControl/user_study_v3/Yunfei/Unknown/29.wav,Yunfei/Unknown/29.wav,unknown,0.99609375,0.0,0.0,0.99609375,"[-128, -128, 127]",True,,,,,,,,,,,,,0.07604202255606651,1.1928749736398458,0.668874941766262,1.9425420323386788
993,Yunfei,unknown,unavailable_in_sd_path,30,intent_directory,/Users/zilongzeng/Research/DroneControl/user_study_v3/Yunfei/Unknown/30.wav,Yunfei/Unknown/30.wav,unknown,0.99609375,0.0,0.0,0.99609375,"[-128, -128, 127]",True,,,,,,,,,,,,,0.18262502271682024,1.0908329859375954,0.6648750277236104,1.9431250402703881
994,Yunfei,unknown,unavailable_in_sd_path,31,intent_directory,/Users/zilongzeng/Research/DroneControl/user_study_v3/Yunfei/Unknown/31.wav,Yunfei/Unknown/31.wav,unknown,0.99609375,0.0,0.0,0.99609375,"[-128, -128, 127]",True,,,,,,,,,,,,,0.2044580178335309,1.2530829990282655,0.6438749842345715,2.111540990881622
995,Yunfei,unknown,unavailable_in_sd_path,32,intent_directory,/Users/zilongzeng/Research/DroneControl/user_study_v3/Yunfei/Unknown/32.wav,Yunfei/Unknown/32.wav,movement,0.99609375,0.0,0.99609375,0.0,"[-128, 127, -128]",False,,,,,,,,,,,,,0.18174992874264717,1.2881660368293524,0.6865840405225754,2.162707969546318
996,Yunfei,unknown,unavailable_in_sd_path,33,intent_directory,/Users/zilongzeng/Research/DroneControl/user_study_v3/Yunfei/Unknown/33.wav,Yunfei/Unknown/33.wav,movement,0.99609375,0.0,0.99609375,0.0,"[-128, 127, -128]",False,,,,,,,,,,,,,0.2310420386493206,1.1575419921427965,0.6727919680997729,2.066166023723781
997,Yunfei,unknown,unavailable_in_sd_path,34,intent_directory,/Users/zilongzeng/Research/DroneControl/user_study_v3/Yunfei/Unknown/34.wav,Yunfei/Unknown/34.wav,unknown,0.99609375,0.0,0.0,0.99609375,"[-128, -128, 127]",True,,,,,,,,,,,,,0.0588749535381794,1.1282500345259905,0.6587919779121876,1.8509170040488243
998,Yunfei,unknown,unavailable_in_sd_path,35,intent_directory,/Users/zilongzeng/Research/DroneControl/user_study_v3/Yunfei/Unknown/35.wav,Yunfei/Unknown/35.wav,unknown,0.99609375,0.0,0.0,0.99609375,"[-128, -128, 127]",True,,,,,,,,,,,,,0.06500002928078175,1.117332954891026,0.7400419563055038,1.9612499745562673
999,Yunfei,unknown,unavailable_in_sd_path,36,intent_directory,/Users/zilongzeng/Research/DroneControl/user_study_v3/Yunfei/Unknown/36.wav,Yunfei/Unknown/36.wav,unknown,0.99609375,0.0,0.0,0.99609375,"[-128, -128, 127]",True,,,,,,,,,,,,,0.2994580427184701,1.4020409435033798,0.7118749199435115,2.4191669654101133
1000,Yunfei,unknown,unavailable_in_sd_path,37,intent_directory,/Users/zilongzeng/Research/DroneControl/user_study_v3/Yunfei/Unknown/37.wav,Yunfei/Unknown/37.wav,unknown,0.99609375,0.0,0.0,0.99609375,"[-128, -128, 127]",True,,,,,,,,,,,,,0.24204200599342585,1.2205420061945915,0.6742499535903335,2.1419170079752803
1001,Yunfei,unknown,unavailable_in_sd_path,38,intent_directory,/Users/zilongzeng/Research/DroneControl/user_study_v3/Yunfei/Unknown/38.wav,Yunfei/Unknown/38.wav,unknown,0.734375,0.26953125,0.0,0.734375,"[-59, -128, 60]",True,,,,,,,,,,,,,0.06183306686580181,1.1507079470902681,0.6750000175088644,1.892375061288476
1002,Yunfei,unknown,unavailable_in_sd_path,39,intent_directory,/Users/zilongzeng/Research/DroneControl/user_study_v3/Yunfei/Unknown/39.wav,Yunfei/Unknown/39.wav,unknown,0.99609375,0.0,0.0,0.99609375,"[-128, -128, 127]",True,,,,,,,,,,,,,0.06179092451930046,1.108707976527512,0.7101669907569885,1.9225419964641333
1003,Yunfei,unknown,unavailable_in_sd_path,40,intent_directory,/Users/zilongzeng/Research/DroneControl/user_study_v3/Yunfei/Unknown/40.wav,Yunfei/Unknown/40.wav,emergency,0.859375,0.859375,0.0,0.140625,"[92, -128, -92]",False,,,,,,,,,,,,,0.15320908278226852,1.1860410450026393,0.6862080190330744,2.0323339849710464
1004,Yunfei,unknown,unavailable_in_sd_path,41,intent_directory,/Users/zilongzeng/Research/DroneControl/user_study_v3/Yunfei/Unknown/41.wav,Yunfei/Unknown/41.wav,unknown,0.69140625,0.00390625,0.30859375,0.69140625,"[-127, -49, 49]",True,,,,,,,,,,,,,0.09091699030250311,1.2197920586913824,0.6601669592782855,1.9757089903578162
1005,Yunfei,unknown,unavailable_in_sd_path,42,intent_directory,/Users/zilongzeng/Research/DroneControl/user_study_v3/Yunfei/Unknown/42.wav,Yunfei/Unknown/42.wav,unknown,0.99609375,0.0,0.0,0.99609375,"[-128, -128, 127]",True,,,,,,,,,,,,,0.0660410150885582,1.1487919837236404,0.6707919528707862,1.8907079938799143
1006,Yunfei,unknown,unavailable_in_sd_path,43,intent_directory,/Users/zilongzeng/Research/DroneControl/user_study_v3/Yunfei/Unknown/43.wav,Yunfei/Unknown/43.wav,unknown,0.99609375,0.0,0.0,0.99609375,"[-128, -128, 127]",True,,,,,,,,,,,,,0.06266694981604815,1.1817089980468154,0.8084999863058329,2.09500000346452
1007,Yunfei,unknown,unavailable_in_sd_path,44,intent_directory,/Users/zilongzeng/Research/DroneControl/user_study_v3/Yunfei/Unknown/44.wav,Yunfei/Unknown/44.wav,unknown,0.99609375,0.0,0.0,0.99609375,"[-128, -128, 127]",True,,,,,,,,,,,,,0.16845797654241323,1.2095829006284475,0.6747919833287597,2.0584589801728725
1008,Yunfei,unknown,unavailable_in_sd_path,45,intent_directory,/Users/zilongzeng/Research/DroneControl/user_study_v3/Yunfei/Unknown/45.wav,Yunfei/Unknown/45.wav,unknown,0.99609375,0.0,0.0,0.99609375,"[-128, -128, 127]",True,,,,,,,,,,,,,0.06429210770875216,1.1359169147908688,0.668541993945837,1.8740830710157752
1009,Yunfei,unknown,unavailable_in_sd_path,46,intent_directory,/Users/zilongzeng/Research/DroneControl/user_study_v3/Yunfei/Unknown/46.wav,Yunfei/Unknown/46.wav,unknown,0.99609375,0.0,0.0,0.99609375,"[-128, -128, 127]",True,,,,,,,,,,,,,0.07341697346419096,1.3336249394342303,0.631249975413084,2.048583934083581
1010,Yunfei,unknown,unavailable_in_sd_path,47,intent_directory,/Users/zilongzeng/Research/DroneControl/user_study_v3/Yunfei/Unknown/47.wav,Yunfei/Unknown/47.wav,unknown,0.98046875,0.0,0.01953125,0.98046875,"[-128, -123, 123]",True,,,,,,,,,,,,,0.3139579202979803,1.2144159991294146,0.6807079771533608,2.218083944171667
1011,Yunfei,unknown,unavailable_in_sd_path,48,intent_directory,/Users/zilongzeng/Research/DroneControl/user_study_v3/Yunfei/Unknown/48.wav,Yunfei/Unknown/48.wav,unknown,0.99609375,0.0,0.0,0.99609375,"[-128, -128, 127]",True,,,,,,,,,,,,,0.21245796233415604,1.283499994315207,0.6874171085655689,2.1899999119341373
1012,Yunfei,unknown,unavailable_in_sd_path,49,intent_directory,/Users/zilongzeng/Research/DroneControl/user_study_v3/Yunfei/Unknown/49.wav,Yunfei/Unknown/49.wav,unknown,0.99609375,0.0,0.0,0.99609375,"[-128, -128, 127]",True,,,,,,,,,,,,,0.08266698569059372,1.1417499044910073,0.6661670049652457,1.8952920800074935
1013,Zhejia,emergency,unavailable_in_sd_path,0,intent_directory,/Users/zilongzeng/Research/DroneControl/user_study_v3/Zhejia/Emergency/0.wav,Zhejia/Emergency/0.wav,movement,0.6484375,0.3515625,0.6484375,0.0,"[-38, 38, -128]",False,,,,,,,,,,,,,0.06574997678399086,1.1252500116825104,0.6722089601680636,1.86841597314924
1014,Zhejia,emergency,unavailable_in_sd_path,1,intent_directory,/Users/zilongzeng/Research/DroneControl/user_study_v3/Zhejia/Emergency/1.wav,Zhejia/Emergency/1.wav,emergency,0.99609375,0.99609375,0.0,0.0,"[127, -128, -128]",True,,,,,,,,,,,,,0.06554205901920795,1.137958955951035,0.6632090080529451,1.8717499915510416
1015,Zhejia,emergency,unavailable_in_sd_path,2,intent_directory,/Users/zilongzeng/Research/DroneControl/user_study_v3/Zhejia/Emergency/2.wav,Zhejia/Emergency/2.wav,emergency,0.99609375,0.99609375,0.0,0.0,"[127, -128, -128]",True,,,,,,,,,,,,,0.06054190453141928,1.3751669321209192,0.7237920071929693,2.16599996201694
1016,Zhejia,emergency,unavailable_in_sd_path,3,intent_directory,/Users/zilongzeng/Research/DroneControl/user_study_v3/Zhejia/Emergency/3.wav,Zhejia/Emergency/3.wav,emergency,0.99609375,0.99609375,0.0,0.0,"[127, -128, -128]",True,,,,,,,,,,,,,0.08012494072318077,1.1422500247135758,0.6733339978381991,1.9004170317202806
1017,Zhejia,emergency,unavailable_in_sd_path,4,intent_directory,/Users/zilongzeng/Research/DroneControl/user_study_v3/Zhejia/Emergency/4.wav,Zhejia/Emergency/4.wav,emergency,0.99609375,0.99609375,0.0,0.0,"[127, -128, -128]",True,,,,,,,,,,,,,0.0604590168222785,1.1405840050429106,0.6670000730082393,1.8728330032899976
1018,Zhejia,emergency,unavailable_in_sd_path,5,intent_directory,/Users/zilongzeng/Research/DroneControl/user_study_v3/Zhejia/Emergency/5.wav,Zhejia/Emergency/5.wav,emergency,0.99609375,0.99609375,0.0,0.0,"[127, -128, -128]",True,,,,,,,,,,,,,0.1948339631780982,1.15537503734231,0.6692919414490461,2.0241669844835997
1019,Zhejia,emergency,unavailable_in_sd_path,6,intent_directory,/Users/zilongzeng/Research/DroneControl/user_study_v3/Zhejia/Emergency/6.wav,Zhejia/Emergency/6.wav,emergency,0.99609375,0.99609375,0.0,0.0,"[127, -128, -128]",True,,,,,,,,,,,,,0.23200002033263445,1.3816669816151261,0.6876250263303518,2.307124901562929
1020,Zhejia,emergency,unavailable_in_sd_path,7,intent_directory,/Users/zilongzeng/Research/DroneControl/user_study_v3/Zhejia/Emergency/7.wav,Zhejia/Emergency/7.wav,emergency,0.99609375,0.99609375,0.0,0.0,"[127, -128, -128]",True,,,,,,,,,,,,,0.20350003615021706,1.2293750187382102,0.6727919680997729,2.110417000949383
1021,Zhejia,emergency,unavailable_in_sd_path,8,intent_directory,/Users/zilongzeng/Research/DroneControl/user_study_v3/Zhejia/Emergency/8.wav,Zhejia/Emergency/8.wav,emergency,0.99609375,0.99609375,0.0,0.0,"[127, -128, -128]",True,,,,,,,,,,,,,0.05704199429601431,1.2554998975247145,0.6337499944493175,1.9563339883461595
1022,Zhejia,emergency,unavailable_in_sd_path,9,intent_directory,/Users/zilongzeng/Research/DroneControl/user_study_v3/Zhejia/Emergency/9.wav,Zhejia/Emergency/9.wav,emergency,0.99609375,0.99609375,0.0,0.0,"[127, -128, -128]",True,,,,,,,,,,,,,0.20150002092123032,1.1887920554727316,0.7789169903844595,2.1794160129502416
1023,Zhejia,emergency,unavailable_in_sd_path,10,intent_directory,/Users/zilongzeng/Research/DroneControl/user_study_v3/Zhejia/Emergency/10.wav,Zhejia/Emergency/10.wav,emergency,0.99609375,0.99609375,0.0,0.0,"[127, -128, -128]",True,,,,,,,,,,,,,0.07933308370411396,1.319624949246645,0.6867919582873583,2.0912919426336884
1024,Zhejia,emergency,unavailable_in_sd_path,11,intent_directory,/Users/zilongzeng/Research/DroneControl/user_study_v3/Zhejia/Emergency/11.wav,Zhejia/Emergency/11.wav,emergency,0.99609375,0.99609375,0.0,0.00390625,"[127, -128, -127]",True,,,,,,,,,,,,,0.062125036492943764,1.183333108201623,0.6716659991070628,1.9220419926568866
1025,Zhejia,emergency,unavailable_in_sd_path,12,intent_directory,/Users/zilongzeng/Research/DroneControl/user_study_v3/Zhejia/Emergency/12.wav,Zhejia/Emergency/12.wav,emergency,0.99609375,0.99609375,0.0,0.0,"[127, -128, -128]",True,,,,,,,,,,,,,0.06050011143088341,1.1339581105858088,0.6676659686490893,1.8669170094653964
1026,Zhejia,emergency,unavailable_in_sd_path,13,intent_directory,/Users/zilongzeng/Research/DroneControl/user_study_v3/Zhejia/Emergency/13.wav,Zhejia/Emergency/13.wav,movement,0.99609375,0.0,0.99609375,0.0,"[-128, 127, -128]",False,,,,,,,,,,,,,0.05658401641994715,1.08766695484519,0.6794999353587627,1.828540931455791
1027,Zhejia,emergency,unavailable_in_sd_path,14,intent_directory,/Users/zilongzeng/Research/DroneControl/user_study_v3/Zhejia/Emergency/14.wav,Zhejia/Emergency/14.wav,emergency,0.99609375,0.99609375,0.0,0.0,"[127, -128, -128]",True,,,,,,,,,,,,,0.05416700150817633,1.2767920270562172,0.6967090303078294,2.0337499445304275
1028,Zhejia,emergency,unavailable_in_sd_path,15,intent_directory,/Users/zilongzeng/Research/DroneControl/user_study_v3/Zhejia/Emergency/15.wav,Zhejia/Emergency/15.wav,emergency,0.9453125,0.9453125,0.0546875,0.0,"[114, -114, -128]",True,,,,,,,,,,,,,0.08266698569059372,1.200250000692904,0.6791249616071582,1.9669999601319432
1029,Zhejia,emergency,unavailable_in_sd_path,16,intent_directory,/Users/zilongzeng/Research/DroneControl/user_study_v3/Zhejia/Emergency/16.wav,Zhejia/Emergency/16.wav,emergency,0.99609375,0.99609375,0.0,0.0,"[127, -128, -128]",True,,,,,,,,,,,,,0.03220804501324892,1.153416931629181,0.6603749934583902,1.8505830084905028
1030,Zhejia,emergency,unavailable_in_sd_path,17,intent_directory,/Users/zilongzeng/Research/DroneControl/user_study_v3/Zhejia/Emergency/17.wav,Zhejia/Emergency/17.wav,unknown,0.96875,0.03125,0.0,0.96875,"[-120, -128, 120]",False,,,,,,,,,,,,,0.06429199129343033,1.1127910111099482,0.6747089792042971,1.8568329978734255
1031,Zhejia,emergency,unavailable_in_sd_path,18,intent_directory,/Users/zilongzeng/Research/DroneControl/user_study_v3/Zhejia/Emergency/18.wav,Zhejia/Emergency/18.wav,movement,0.89453125,0.09765625,0.89453125,0.00390625,"[-103, 101, -127]",False,,,,,,,,,,,,,0.0563750509172678,1.1203329777345061,0.7805000059306622,1.966124982573092
1032,Zhejia,emergency,unavailable_in_sd_path,19,intent_directory,/Users/zilongzeng/Research/DroneControl/user_study_v3/Zhejia/Emergency/19.wav,Zhejia/Emergency/19.wav,movement,0.984375,0.015625,0.984375,0.0,"[-124, 124, -128]",False,,,,,,,,,,,,,0.19112497102469206,1.23308296315372,0.7138330256566405,2.1434579975903034
1033,Zhejia,emergency,unavailable_in_sd_path,20,intent_directory,/Users/zilongzeng/Research/DroneControl/user_study_v3/Zhejia/Emergency/20.wav,Zhejia/Emergency/20.wav,movement,0.99609375,0.0,0.99609375,0.0,"[-128, 127, -128]",False,,,,,,,,,,,,,0.2520419657230377,1.1333749862387776,0.673291040584445,2.0634159445762634
1034,Zhejia,emergency,unavailable_in_sd_path,21,intent_directory,/Users/zilongzeng/Research/DroneControl/user_study_v3/Zhejia/Emergency/21.wav,Zhejia/Emergency/21.wav,emergency,0.99609375,0.99609375,0.0,0.0,"[127, -128, -128]",True,,,,,,,,,,,,,0.05645793862640858,1.107292016968131,0.6764170248061419,1.844916958361864
1035,Zhejia,emergency,unavailable_in_sd_path,22,intent_directory,/Users/zilongzeng/Research/DroneControl/user_study_v3/Zhejia/Emergency/22.wav,Zhejia/Emergency/22.wav,emergency,0.99609375,0.99609375,0.0,0.0,"[127, -128, -128]",True,,,,,,,,,,,,,0.05579192657023668,1.1457920772954822,0.7719580316916108,1.981083070859313
1036,Zhejia,emergency,unavailable_in_sd_path,23,intent_directory,/Users/zilongzeng/Research/DroneControl/user_study_v3/Zhejia/Emergency/23.wav,Zhejia/Emergency/23.wav,emergency,0.99609375,0.99609375,0.0,0.0,"[127, -128, -128]",True,,,,,,,,,,,,,0.06808305624872446,1.352582941763103,0.7253340445458889,2.151708002202213
1037,Zhejia,emergency,unavailable_in_sd_path,24,intent_directory,/Users/zilongzeng/Research/DroneControl/user_study_v3/Zhejia/Emergency/24.wav,Zhejia/Emergency/24.wav,emergency,0.99609375,0.99609375,0.0,0.0,"[127, -128, -128]",True,,,,,,,,,,,,,0.21049997303634882,1.2757090153172612,0.61962497420609,2.115249983035028
1038,Zhejia,emergency,unavailable_in_sd_path,25,intent_directory,/Users/zilongzeng/Research/DroneControl/user_study_v3/Zhejia/Emergency/25.wav,Zhejia/Emergency/25.wav,emergency,0.99609375,0.99609375,0.0,0.0,"[127, -128, -128]",True,,,,,,,,,,,,,0.3524170024320483,1.1459579691290855,0.6735409842804074,2.177082933485508
1039,Zhejia,emergency,unavailable_in_sd_path,26,intent_directory,/Users/zilongzeng/Research/DroneControl/user_study_v3/Zhejia/Emergency/26.wav,Zhejia/Emergency/26.wav,emergency,0.99609375,0.99609375,0.0,0.0,"[127, -128, -128]",True,,,,,,,,,,,,,0.05237502045929432,1.208874979056418,0.7076669717207551,2.012167009525001
1040,Zhejia,emergency,unavailable_in_sd_path,27,intent_directory,/Users/zilongzeng/Research/DroneControl/user_study_v3/Zhejia/Emergency/27.wav,Zhejia/Emergency/27.wav,emergency,0.99609375,0.99609375,0.0,0.0,"[127, -128, -128]",True,,,,,,,,,,,,,0.17141702119261026,1.201750012114644,0.6878749700263143,2.067499910481274
1041,Zhejia,emergency,unavailable_in_sd_path,28,intent_directory,/Users/zilongzeng/Research/DroneControl/user_study_v3/Zhejia/Emergency/28.wav,Zhejia/Emergency/28.wav,emergency,0.99609375,0.99609375,0.0,0.0,"[127, -128, -128]",True,,,,,,,,,,,,,0.09191699791699648,1.0752090020105243,0.6684999680146575,1.8404589500278234
1042,Zhejia,emergency,unavailable_in_sd_path,29,intent_directory,/Users/zilongzeng/Research/DroneControl/user_study_v3/Zhejia/Emergency/29.wav,Zhejia/Emergency/29.wav,emergency,0.99609375,0.99609375,0.0,0.0,"[127, -128, -128]",True,,,,,,,,,,,,,0.054458039812743664,1.1200408916920424,0.6574169965460896,1.8375839572399855
1043,Zhejia,emergency,unavailable_in_sd_path,30,intent_directory,/Users/zilongzeng/Research/DroneControl/user_study_v3/Zhejia/Emergency/30.wav,Zhejia/Emergency/30.wav,emergency,0.99609375,0.99609375,0.0,0.0,"[127, -128, -128]",True,,,,,,,,,,,,,0.06504205521196127,1.2251249281689525,0.6765000289306045,1.9738340051844716
1044,Zhejia,emergency,unavailable_in_sd_path,31,intent_directory,/Users/zilongzeng/Research/DroneControl/user_study_v3/Zhejia/Emergency/31.wav,Zhejia/Emergency/31.wav,emergency,0.99609375,0.99609375,0.0,0.0,"[127, -128, -128]",True,,,,,,,,,,,,,0.06733392365276814,1.4570420607924461,0.6910419324412942,2.22250004298985
1045,Zhejia,emergency,unavailable_in_sd_path,32,intent_directory,/Users/zilongzeng/Research/DroneControl/user_study_v3/Zhejia/Emergency/32.wav,Zhejia/Emergency/32.wav,emergency,0.99609375,0.99609375,0.0,0.0,"[127, -128, -128]",True,,,,,,,,,,,,,0.08975004311650991,1.18058396037668,0.6668750429525971,1.9420000026002526
1046,Zhejia,emergency,unavailable_in_sd_path,33,intent_directory,/Users/zilongzeng/Research/DroneControl/user_study_v3/Zhejia/Emergency/33.wav,Zhejia/Emergency/33.wav,emergency,0.9921875,0.9921875,0.0078125,0.0,"[126, -126, -128]",True,,,,,,,,,,,,,0.05925004370510578,1.1123749427497387,0.6708749569952488,1.8472089432179928
1047,Zhejia,emergency,unavailable_in_sd_path,34,intent_directory,/Users/zilongzeng/Research/DroneControl/user_study_v3/Zhejia/Emergency/34.wav,Zhejia/Emergency/34.wav,emergency,0.99609375,0.99609375,0.0,0.0,"[127, -128, -128]",True,,,,,,,,,,,,,0.053875031881034374,1.1732920538634062,0.6721669342368841,1.9040829502046108
1048,Zhejia,emergency,unavailable_in_sd_path,35,intent_directory,/Users/zilongzeng/Research/DroneControl/user_study_v3/Zhejia/Emergency/35.wav,Zhejia/Emergency/35.wav,emergency,0.99609375,0.99609375,0.0,0.0,"[127, -128, -128]",True,,,,,,,,,,,,,0.20354206208139658,1.3295839307829738,0.7019169861450791,2.2428330266848207
1049,Zhejia,emergency,unavailable_in_sd_path,36,intent_directory,/Users/zilongzeng/Research/DroneControl/user_study_v3/Zhejia/Emergency/36.wav,Zhejia/Emergency/36.wav,emergency,0.76953125,0.76953125,0.0,0.23046875,"[69, -128, -69]",True,,,,,,,,,,,,,0.2542090369388461,1.2675829930230975,0.6716250209137797,2.1981250029057264
1050,Zhejia,emergency,unavailable_in_sd_path,37,intent_directory,/Users/zilongzeng/Research/DroneControl/user_study_v3/Zhejia/Emergency/37.wav,Zhejia/Emergency/37.wav,emergency,0.99609375,0.99609375,0.0,0.0,"[127, -128, -128]",True,,,,,,,,,,,,,0.058959005400538445,1.133000012487173,0.6729579763486981,1.8696249462664127
1051,Zhejia,emergency,unavailable_in_sd_path,38,intent_directory,/Users/zilongzeng/Research/DroneControl/user_study_v3/Zhejia/Emergency/38.wav,Zhejia/Emergency/38.wav,emergency,0.99609375,0.99609375,0.0,0.0,"[127, -128, -128]",True,,,,,,,,,,,,,0.05633395630866289,1.1421670205891132,0.6743340054526925,1.8777090590447187
1052,Zhejia,emergency,unavailable_in_sd_path,39,intent_directory,/Users/zilongzeng/Research/DroneControl/user_study_v3/Zhejia/Emergency/39.wav,Zhejia/Emergency/39.wav,emergency,0.99609375,0.99609375,0.0,0.0,"[127, -128, -128]",True,,,,,,,,,,,,,0.059999991208314896,1.3946660328656435,0.7321250159293413,2.194875036366284
1053,Zhejia,emergency,unavailable_in_sd_path,40,intent_directory,/Users/zilongzeng/Research/DroneControl/user_study_v3/Zhejia/Emergency/40.wav,Zhejia/Emergency/40.wav,emergency,0.99609375,0.99609375,0.0,0.0,"[127, -128, -128]",True,,,,,,,,,,,,,0.11320901103317738,1.2870420468971133,0.6705410778522491,2.0760420011356473
1054,Zhejia,emergency,unavailable_in_sd_path,41,intent_directory,/Users/zilongzeng/Research/DroneControl/user_study_v3/Zhejia/Emergency/41.wav,Zhejia/Emergency/41.wav,movement,0.99609375,0.0,0.99609375,0.0,"[-128, 127, -128]",False,,,,,,,,,,,,,0.06691704038530588,1.1729999678209424,0.6659169448539615,1.9106660038232803
1055,Zhejia,emergency,unavailable_in_sd_path,42,intent_directory,/Users/zilongzeng/Research/DroneControl/user_study_v3/Zhejia/Emergency/42.wav,Zhejia/Emergency/42.wav,emergency,0.99609375,0.99609375,0.0,0.0,"[127, -128, -128]",True,,,,,,,,,,,,,0.056458055041730404,1.1184160830453038,0.6802499992772937,1.8599580507725477
1056,Zhejia,emergency,unavailable_in_sd_path,43,intent_directory,/Users/zilongzeng/Research/DroneControl/user_study_v3/Zhejia/Emergency/43.wav,Zhejia/Emergency/43.wav,emergency,0.99609375,0.99609375,0.0,0.0,"[127, -128, -128]",True,,,,,,,,,,,,,0.06333296187222004,1.3777910498902202,0.7036250317469239,2.151207998394966
1057,Zhejia,emergency,unavailable_in_sd_path,44,intent_directory,/Users/zilongzeng/Research/DroneControl/user_study_v3/Zhejia/Emergency/44.wav,Zhejia/Emergency/44.wav,emergency,0.99609375,0.99609375,0.0,0.0,"[127, -128, -128]",True,,,,,,,,,,,,,0.09295903146266937,1.249499968253076,0.6857499247416854,2.0333329448476434
1058,Zhejia,emergency,unavailable_in_sd_path,45,intent_directory,/Users/zilongzeng/Research/DroneControl/user_study_v3/Zhejia/Emergency/45.wav,Zhejia/Emergency/45.wav,unknown,0.96875,0.0,0.03125,0.96875,"[-128, -120, 120]",False,,,,,,,,,,,,,0.06808293983340263,1.1768339900299907,0.6677079945802689,1.9185839919373393
1059,Zhejia,emergency,unavailable_in_sd_path,46,intent_directory,/Users/zilongzeng/Research/DroneControl/user_study_v3/Zhejia/Emergency/46.wav,Zhejia/Emergency/46.wav,emergency,0.99609375,0.99609375,0.0,0.0,"[127, -128, -128]",True,,,,,,,,,,,,,0.0667079584673047,1.1893330374732614,0.6723750848323107,1.9336669938638806
1060,Zhejia,emergency,unavailable_in_sd_path,47,intent_directory,/Users/zilongzeng/Research/DroneControl/user_study_v3/Zhejia/Emergency/47.wav,Zhejia/Emergency/47.wav,unknown,0.99609375,0.0,0.0,0.99609375,"[-128, -128, 127]",False,,,,,,,,,,,,,0.06350001785904169,1.3101249933242798,0.7205830188468099,2.1008329931646585
1061,Zhejia,emergency,unavailable_in_sd_path,48,intent_directory,/Users/zilongzeng/Research/DroneControl/user_study_v3/Zhejia/Emergency/48.wav,Zhejia/Emergency/48.wav,movement,0.99609375,0.0,0.99609375,0.0,"[-128, 127, -128]",False,,,,,,,,,,,,,0.07954193279147148,1.2226670514792204,0.6797079695388675,1.9872499397024512
1062,Zhejia,emergency,unavailable_in_sd_path,49,intent_directory,/Users/zilongzeng/Research/DroneControl/user_study_v3/Zhejia/Emergency/49.wav,Zhejia/Emergency/49.wav,movement,0.99609375,0.0,0.99609375,0.0,"[-128, 127, -128]",False,,,,,,,,,,,,,0.06108300294727087,1.0910419514402747,0.669957953505218,1.8270000582560897
1063,Zhejia,movement,unavailable_in_sd_path,0,intent_directory,/Users/zilongzeng/Research/DroneControl/user_study_v3/Zhejia/Movement/0.wav,Zhejia/Movement/0.wav,unknown,0.9609375,0.0,0.0390625,0.9609375,"[-128, -118, 118]",False,,,,,,,,,,,,,0.055416952818632126,1.0632920311763883,0.6694169715046883,1.792832976207137
1064,Zhejia,movement,unavailable_in_sd_path,1,intent_directory,/Users/zilongzeng/Research/DroneControl/user_study_v3/Zhejia/Movement/1.wav,Zhejia/Movement/1.wav,movement,0.99609375,0.0,0.99609375,0.0,"[-128, 127, -128]",True,,,,,,,,,,,,,0.05483301356434822,1.1490839533507824,0.7097499910742044,1.9537500338628888
1065,Zhejia,movement,unavailable_in_sd_path,2,intent_directory,/Users/zilongzeng/Research/DroneControl/user_study_v3/Zhejia/Movement/2.wav,Zhejia/Movement/2.wav,movement,0.99609375,0.0,0.99609375,0.0,"[-128, 127, -128]",True,,,,,,,,,,,,,0.14041701797395945,1.1897089425474405,0.7772920653223991,2.1238329354673624
1066,Zhejia,movement,unavailable_in_sd_path,3,intent_directory,/Users/zilongzeng/Research/DroneControl/user_study_v3/Zhejia/Movement/3.wav,Zhejia/Movement/3.wav,movement,0.99609375,0.0,0.99609375,0.0,"[-128, 127, -128]",True,,,,,,,,,,,,,0.18524995539337397,1.3574580661952496,0.6126660155132413,2.162666991353035
1067,Zhejia,movement,unavailable_in_sd_path,4,intent_directory,/Users/zilongzeng/Research/DroneControl/user_study_v3/Zhejia/Movement/4.wav,Zhejia/Movement/4.wav,movement,0.99609375,0.0,0.99609375,0.00390625,"[-128, 127, -127]",True,,,,,,,,,,,,,0.3248749999329448,1.2127920053899288,0.6005000323057175,2.1457079565152526
1068,Zhejia,movement,unavailable_in_sd_path,5,intent_directory,/Users/zilongzeng/Research/DroneControl/user_study_v3/Zhejia/Movement/5.wav,Zhejia/Movement/5.wav,movement,0.99609375,0.0,0.99609375,0.0,"[-128, 127, -128]",True,,,,,,,,,,,,,0.08691707625985146,1.3037919998168945,0.6709999870508909,2.0730000687763095
1069,Zhejia,movement,unavailable_in_sd_path,6,intent_directory,/Users/zilongzeng/Research/DroneControl/user_study_v3/Zhejia/Movement/6.wav,Zhejia/Movement/6.wav,movement,0.99609375,0.0,0.99609375,0.0,"[-128, 127, -128]",True,,,,,,,,,,,,,0.1378749730065465,1.2047500349581242,0.6115419091656804,1.9617920042946935
1070,Zhejia,movement,unavailable_in_sd_path,7,intent_directory,/Users/zilongzeng/Research/DroneControl/user_study_v3/Zhejia/Movement/7.wav,Zhejia/Movement/7.wav,unknown,0.99609375,0.0,0.0,0.99609375,"[-128, -128, 127]",False,,,,,,,,,,,,,0.07887498941272497,1.079500070773065,0.6007499760016799,1.7646669875830412
1071,Zhejia,movement,unavailable_in_sd_path,8,intent_directory,/Users/zilongzeng/Research/DroneControl/user_study_v3/Zhejia/Movement/8.wav,Zhejia/Movement/8.wav,movement,0.99609375,0.0,0.99609375,0.0,"[-128, 127, -128]",True,,,,,,,,,,,,,0.19395793788135052,1.0657089296728373,0.6111660040915012,1.8772500334307551
1072,Zhejia,movement,unavailable_in_sd_path,9,intent_directory,/Users/zilongzeng/Research/DroneControl/user_study_v3/Zhejia/Movement/9.wav,Zhejia/Movement/9.wav,movement,0.99609375,0.0,0.99609375,0.0,"[-128, 127, -128]",True,,,,,,,,,,,,,0.2120420103892684,1.1124999728053808,0.6412090733647346,2.0439999643713236
1073,Zhejia,movement,unavailable_in_sd_path,10,intent_directory,/Users/zilongzeng/Research/DroneControl/user_study_v3/Zhejia/Movement/10.wav,Zhejia/Movement/10.wav,movement,0.99609375,0.0,0.99609375,0.0,"[-128, 127, -128]",True,,,,,,,,,,,,,0.16270799096673727,1.2394170043990016,0.6256669294089079,2.033625030890107
1074,Zhejia,movement,unavailable_in_sd_path,11,intent_directory,/Users/zilongzeng/Research/DroneControl/user_study_v3/Zhejia/Movement/11.wav,Zhejia/Movement/11.wav,movement,0.99609375,0.0,0.99609375,0.0,"[-128, 127, -128]",True,,,,,,,,,,,,,0.07458298932760954,1.131832948885858,0.6076659774407744,1.820333069190383
1075,Zhejia,movement,unavailable_in_sd_path,12,intent_directory,/Users/zilongzeng/Research/DroneControl/user_study_v3/Zhejia/Movement/12.wav,Zhejia/Movement/12.wav,movement,0.99609375,0.0,0.99609375,0.0,"[-128, 127, -128]",True,,,,,,,,,,,,,0.07058307528495789,1.07616710010916,0.6082089385017753,1.7603751039132476
1076,Zhejia,movement,unavailable_in_sd_path,13,intent_directory,/Users/zilongzeng/Research/DroneControl/user_study_v3/Zhejia/Movement/13.wav,Zhejia/Movement/13.wav,movement,0.9921875,0.0,0.9921875,0.0078125,"[-128, 126, -126]",True,,,,,,,,,,,,,0.05874992348253727,1.0764999315142632,0.6147080566734076,1.7566659953445196
1077,Zhejia,movement,unavailable_in_sd_path,14,intent_directory,/Users/zilongzeng/Research/DroneControl/user_study_v3/Zhejia/Movement/14.wav,Zhejia/Movement/14.wav,movement,0.99609375,0.0,0.99609375,0.0,"[-128, 127, -128]",True,,,,,,,,,,,,,0.06862496957182884,1.4068749733269215,0.6357090314850211,2.1180000621825457
1078,Zhejia,movement,unavailable_in_sd_path,15,intent_directory,/Users/zilongzeng/Research/DroneControl/user_study_v3/Zhejia/Movement/15.wav,Zhejia/Movement/15.wav,unknown,0.734375,0.1484375,0.12109375,0.734375,"[-90, -97, 60]",False,,,,,,,,,,,,,0.24637498427182436,1.1248328955844045,0.6086250068619847,1.9861250184476376
1079,Zhejia,movement,unavailable_in_sd_path,16,intent_directory,/Users/zilongzeng/Research/DroneControl/user_study_v3/Zhejia/Movement/16.wav,Zhejia/Movement/16.wav,unknown,0.765625,0.08203125,0.15234375,0.765625,"[-107, -89, 68]",False,,,,,,,,,,,,,0.19608298316597939,1.0595830390229821,0.6052909884601831,1.8664170056581497
1080,Zhejia,movement,unavailable_in_sd_path,17,intent_directory,/Users/zilongzeng/Research/DroneControl/user_study_v3/Zhejia/Movement/17.wav,Zhejia/Movement/17.wav,unknown,0.50390625,0.08203125,0.4140625,0.50390625,"[-107, -22, 1]",False,,,,,,,,,,,,,0.20783394575119019,1.0911670979112387,0.624708947725594,1.9292909419164062
1081,Zhejia,movement,unavailable_in_sd_path,18,intent_directory,/Users/zilongzeng/Research/DroneControl/user_study_v3/Zhejia/Movement/18.wav,Zhejia/Movement/18.wav,movement,0.55078125,0.0,0.55078125,0.44921875,"[-128, 13, -13]",True,,,,,,,,,,,,,0.05962501745671034,1.3187089934945107,0.6951669929549098,2.082417020574212
1082,Zhejia,movement,unavailable_in_sd_path,19,intent_directory,/Users/zilongzeng/Research/DroneControl/user_study_v3/Zhejia/Movement/19.wav,Zhejia/Movement/19.wav,movement,0.99609375,0.0,0.99609375,0.0,"[-128, 127, -128]",True,,,,,,,,,,,,,0.06274995394051075,1.0947079863399267,0.6505410419777036,1.813707989640534
1083,Zhejia,movement,unavailable_in_sd_path,20,intent_directory,/Users/zilongzeng/Research/DroneControl/user_study_v3/Zhejia/Movement/20.wav,Zhejia/Movement/20.wav,movement,0.99609375,0.0,0.99609375,0.0,"[-128, 127, -128]",True,,,,,,,,,,,,,0.19649998284876347,1.0994999902322888,0.6312910700216889,1.932416926138103
1084,Zhejia,movement,unavailable_in_sd_path,21,intent_directory,/Users/zilongzeng/Research/DroneControl/user_study_v3/Zhejia/Movement/21.wav,Zhejia/Movement/21.wav,movement,0.99609375,0.0,0.99609375,0.0,"[-128, 127, -128]",True,,,,,,,,,,,,,0.20270806271582842,1.0737500851973891,0.6274590268731117,1.9095420138910413
1085,Zhejia,movement,unavailable_in_sd_path,22,intent_directory,/Users/zilongzeng/Research/DroneControl/user_study_v3/Zhejia/Movement/22.wav,Zhejia/Movement/22.wav,unknown,0.8828125,0.0,0.1171875,0.8828125,"[-128, -98, 98]",False,,,,,,,,,,,,,0.06091594696044922,1.269040978513658,0.8916669758036733,2.240917063318193
1086,Zhejia,movement,unavailable_in_sd_path,23,intent_directory,/Users/zilongzeng/Research/DroneControl/user_study_v3/Zhejia/Movement/23.wav,Zhejia/Movement/23.wav,movement,0.99609375,0.0,0.99609375,0.0,"[-128, 127, -128]",True,,,,,,,,,,,,,0.10266597382724285,1.2780000688508153,0.6094169802963734,1.9955419702455401
1087,Zhejia,movement,unavailable_in_sd_path,24,intent_directory,/Users/zilongzeng/Research/DroneControl/user_study_v3/Zhejia/Movement/24.wav,Zhejia/Movement/24.wav,movement,0.8046875,0.0,0.8046875,0.1953125,"[-128, 78, -78]",True,,,,,,,,,,,,,0.06145902443677187,1.1004999978467822,0.6130409892648458,1.780458027496934
1088,Zhejia,movement,unavailable_in_sd_path,25,intent_directory,/Users/zilongzeng/Research/DroneControl/user_study_v3/Zhejia/Movement/25.wav,Zhejia/Movement/25.wav,movement,0.99609375,0.0,0.99609375,0.0,"[-128, 127, -128]",True,,,,,,,,,,,,,0.05900010000914335,1.0717080440372229,0.6017079576849937,1.737541053444147
1089,Zhejia,movement,unavailable_in_sd_path,26,intent_directory,/Users/zilongzeng/Research/DroneControl/user_study_v3/Zhejia/Movement/26.wav,Zhejia/Movement/26.wav,movement,0.99609375,0.0,0.99609375,0.0,"[-128, 127, -128]",True,,,,,,,,,,,,,0.06079103332012892,1.1008329456672072,0.6305420538410544,1.7972920322790742
1090,Zhejia,movement,unavailable_in_sd_path,27,intent_directory,/Users/zilongzeng/Research/DroneControl/user_study_v3/Zhejia/Movement/27.wav,Zhejia/Movement/27.wav,movement,0.99609375,0.0,0.99609375,0.0,"[-128, 127, -128]",True,,,,,,,,,,,,,0.056292046792805195,1.5315409982576966,0.6249999860301614,2.2190409945324063
1091,Zhejia,movement,unavailable_in_sd_path,28,intent_directory,/Users/zilongzeng/Research/DroneControl/user_study_v3/Zhejia/Movement/28.wav,Zhejia/Movement/28.wav,emergency,0.76953125,0.76953125,0.23046875,0.0,"[69, -69, -128]",False,,,,,,,,,,,,,0.07516704499721527,1.278082956559956,0.6742089753970504,2.0372921135276556
1092,Zhejia,movement,unavailable_in_sd_path,29,intent_directory,/Users/zilongzeng/Research/DroneControl/user_study_v3/Zhejia/Movement/29.wav,Zhejia/Movement/29.wav,movement,0.99609375,0.0,0.99609375,0.0,"[-128, 127, -128]",True,,,,,,,,,,,,,0.1997080398723483,1.155792037025094,0.6127089727669954,1.9742080476135015
1093,Zhejia,movement,unavailable_in_sd_path,30,intent_directory,/Users/zilongzeng/Research/DroneControl/user_study_v3/Zhejia/Movement/30.wav,Zhejia/Movement/30.wav,movement,0.9453125,0.0,0.9453125,0.0546875,"[-128, 114, -114]",True,,,,,,,,,,,,,0.07629196625202894,1.1551249772310257,0.6203330121934414,1.857082941569388
1094,Zhejia,movement,unavailable_in_sd_path,31,intent_directory,/Users/zilongzeng/Research/DroneControl/user_study_v3/Zhejia/Movement/31.wav,Zhejia/Movement/31.wav,unknown,0.99609375,0.0,0.0,0.99609375,"[-128, -128, 127]",False,,,,,,,,,,,,,0.07208401802927256,1.4020419912412763,0.6297919899225235,2.1127499639987946
1095,Zhejia,movement,unavailable_in_sd_path,32,intent_directory,/Users/zilongzeng/Research/DroneControl/user_study_v3/Zhejia/Movement/32.wav,Zhejia/Movement/32.wav,unknown,0.99609375,0.0,0.0,0.99609375,"[-128, -128, 127]",False,,,,,,,,,,,,,0.1152919139713049,1.3661670964211226,0.6370410555973649,2.1286249393597245
1096,Zhejia,movement,unavailable_in_sd_path,33,intent_directory,/Users/zilongzeng/Research/DroneControl/user_study_v3/Zhejia/Movement/33.wav,Zhejia/Movement/33.wav,unknown,0.99609375,0.0,0.0,0.99609375,"[-128, -128, 127]",False,,,,,,,,,,,,,0.20558293908834457,1.1855829507112503,0.6249999860301614,2.0239170407876372
1097,Zhejia,movement,unavailable_in_sd_path,34,intent_directory,/Users/zilongzeng/Research/DroneControl/user_study_v3/Zhejia/Movement/34.wav,Zhejia/Movement/34.wav,movement,0.99609375,0.0,0.99609375,0.0,"[-128, 127, -128]",True,,,,,,,,,,,,,0.08729100227355957,1.173666911199689,0.6226249970495701,1.8903750460594893
1098,Zhejia,movement,unavailable_in_sd_path,35,intent_directory,/Users/zilongzeng/Research/DroneControl/user_study_v3/Zhejia/Movement/35.wav,Zhejia/Movement/35.wav,movement,0.99609375,0.0,0.99609375,0.0,"[-128, 127, -128]",True,,,,,,,,,,,,,0.08370797149837017,1.4184999745339155,0.6386250024661422,2.147708088159561
1099,Zhejia,movement,unavailable_in_sd_path,36,intent_directory,/Users/zilongzeng/Research/DroneControl/user_study_v3/Zhejia/Movement/36.wav,Zhejia/Movement/36.wav,emergency,0.99609375,0.99609375,0.0,0.0,"[127, -128, -128]",False,,,,,,,,,,,,,0.11333299335092306,1.163541921414435,0.610959017649293,1.894791959784925
1100,Zhejia,movement,unavailable_in_sd_path,37,intent_directory,/Users/zilongzeng/Research/DroneControl/user_study_v3/Zhejia/Movement/37.wav,Zhejia/Movement/37.wav,movement,0.99609375,0.0,0.99609375,0.0,"[-128, 127, -128]",True,,,,,,,,,,,,,0.08583394810557365,1.1802500812336802,0.6055410485714674,1.8772910116240382
1101,Zhejia,movement,unavailable_in_sd_path,38,intent_directory,/Users/zilongzeng/Research/DroneControl/user_study_v3/Zhejia/Movement/38.wav,Zhejia/Movement/38.wav,movement,0.99609375,0.0,0.99609375,0.0,"[-128, 127, -128]",True,,,,,,,,,,,,,0.2091249916702509,1.142291002906859,0.5992919905111194,1.9567919662222266
1102,Zhejia,movement,unavailable_in_sd_path,39,intent_directory,/Users/zilongzeng/Research/DroneControl/user_study_v3/Zhejia/Movement/39.wav,Zhejia/Movement/39.wav,movement,0.99609375,0.0,0.99609375,0.0,"[-128, 127, -128]",True,,,,,,,,,,,,,0.19287504255771637,1.4369160635396838,0.6508330116048455,2.2875829599797726
1103,Zhejia,movement,unavailable_in_sd_path,40,intent_directory,/Users/zilongzeng/Research/DroneControl/user_study_v3/Zhejia/Movement/40.wav,Zhejia/Movement/40.wav,movement,0.99609375,0.0,0.99609375,0.0,"[-128, 127, -128]",True,,,,,,,,,,,,,0.08774991147220135,1.1829170398414135,0.6111250258982182,1.8871249631047249
1104,Zhejia,movement,unavailable_in_sd_path,41,intent_directory,/Users/zilongzeng/Research/DroneControl/user_study_v3/Zhejia/Movement/41.wav,Zhejia/Movement/41.wav,movement,0.99609375,0.0,0.99609375,0.0,"[-128, 127, -128]",True,,,,,,,,,,,,,0.06391596980392933,1.1106660822406411,0.6027499912306666,1.782582956366241
1105,Zhejia,movement,unavailable_in_sd_path,42,intent_directory,/Users/zilongzeng/Research/DroneControl/user_study_v3/Zhejia/Movement/42.wav,Zhejia/Movement/42.wav,movement,0.99609375,0.0,0.99609375,0.0,"[-128, 127, -128]",True,,,,,,,,,,,,,0.060666934587061405,1.0998750803992152,0.6121250335127115,1.7778329784050584
1106,Zhejia,movement,unavailable_in_sd_path,43,intent_directory,/Users/zilongzeng/Research/DroneControl/user_study_v3/Zhejia/Movement/43.wav,Zhejia/Movement/43.wav,movement,0.99609375,0.0,0.99609375,0.0,"[-128, 127, -128]",True,,,,,,,,,,,,,0.19108294509351254,1.375374966301024,0.6414999952539802,2.217374974861741
1107,Zhejia,movement,unavailable_in_sd_path,44,intent_directory,/Users/zilongzeng/Research/DroneControl/user_study_v3/Zhejia/Movement/44.wav,Zhejia/Movement/44.wav,movement,0.99609375,0.0,0.99609375,0.00390625,"[-128, 127, -127]",True,,,,,,,,,,,,,0.3287500003352761,1.1735840234905481,0.6179169286042452,2.127625048160553
1108,Zhejia,movement,unavailable_in_sd_path,45,intent_directory,/Users/zilongzeng/Research/DroneControl/user_study_v3/Zhejia/Movement/45.wav,Zhejia/Movement/45.wav,unknown,0.96875,0.0,0.03125,0.96875,"[-128, -120, 120]",False,,,,,,,,,,,,,0.07629196625202894,1.1682079639285803,0.6104579661041498,1.8607090460136533
1109,Zhejia,movement,unavailable_in_sd_path,46,intent_directory,/Users/zilongzeng/Research/DroneControl/user_study_v3/Zhejia/Movement/46.wav,Zhejia/Movement/46.wav,movement,0.99609375,0.0,0.99609375,0.0,"[-128, 127, -128]",True,,,,,,,,,,,,,0.060875085182487965,1.0714998934417963,0.6055830745026469,1.7433330649510026
1110,Zhejia,movement,unavailable_in_sd_path,47,intent_directory,/Users/zilongzeng/Research/DroneControl/user_study_v3/Zhejia/Movement/47.wav,Zhejia/Movement/47.wav,movement,0.99609375,0.0,0.99609375,0.0,"[-128, 127, -128]",True,,,,,,,,,,,,,0.056709046475589275,1.1801249347627163,0.7399159949272871,2.018459024839103
1111,Zhejia,movement,unavailable_in_sd_path,48,intent_directory,/Users/zilongzeng/Research/DroneControl/user_study_v3/Zhejia/Movement/48.wav,Zhejia/Movement/48.wav,movement,0.99609375,0.0,0.99609375,0.0,"[-128, 127, -128]",True,,,,,,,,,,,,,0.25283300783485174,1.307707978412509,0.6286659045144916,2.1972089307382703
1112,Zhejia,movement,unavailable_in_sd_path,49,intent_directory,/Users/zilongzeng/Research/DroneControl/user_study_v3/Zhejia/Movement/49.wav,Zhejia/Movement/49.wav,movement,0.99609375,0.0,0.99609375,0.0,"[-128, 127, -128]",True,,,,,,,,,,,,,0.2591250231489539,1.14733399823308,0.6194580346345901,2.03316705301404
1113,Zhejia,unknown,unavailable_in_sd_path,0,intent_directory,/Users/zilongzeng/Research/DroneControl/user_study_v3/Zhejia/Unknown/0.wav,Zhejia/Unknown/0.wav,unknown,0.734375,0.0,0.26953125,0.734375,"[-128, -59, 60]",True,,,,,,,,,,,,,0.09112502448260784,1.1286659864708781,0.6041249725967646,1.8293749308213592
1114,Zhejia,unknown,unavailable_in_sd_path,1,intent_directory,/Users/zilongzeng/Research/DroneControl/user_study_v3/Zhejia/Unknown/1.wav,Zhejia/Unknown/1.wav,unknown,0.99609375,0.0,0.0,0.99609375,"[-128, -128, 127]",True,,,,,,,,,,,,,0.06366707384586334,1.159624895080924,0.6157909519970417,1.8450829666107893
1115,Zhejia,unknown,unavailable_in_sd_path,2,intent_directory,/Users/zilongzeng/Research/DroneControl/user_study_v3/Zhejia/Unknown/2.wav,Zhejia/Unknown/2.wav,unknown,0.99609375,0.0,0.0,0.99609375,"[-128, -128, 127]",True,,,,,,,,,,,,,0.06708304863423109,1.4625410549342632,0.6234160391613841,2.158957999199629
1116,Zhejia,unknown,unavailable_in_sd_path,3,intent_directory,/Users/zilongzeng/Research/DroneControl/user_study_v3/Zhejia/Unknown/3.wav,Zhejia/Unknown/3.wav,unknown,0.99609375,0.0,0.0,0.99609375,"[-128, -128, 127]",True,,,,,,,,,,,,,0.07033406291157007,1.2246249243617058,0.6284170085564256,1.9330000504851341
1117,Zhejia,unknown,unavailable_in_sd_path,4,intent_directory,/Users/zilongzeng/Research/DroneControl/user_study_v3/Zhejia/Unknown/4.wav,Zhejia/Unknown/4.wav,unknown,0.99609375,0.0,0.0,0.99609375,"[-128, -128, 127]",True,,,,,,,,,,,,,0.19308296032249928,1.1543750297278166,0.5996250547468662,1.953125
1118,Zhejia,unknown,unavailable_in_sd_path,5,intent_directory,/Users/zilongzeng/Research/DroneControl/user_study_v3/Zhejia/Unknown/5.wav,Zhejia/Unknown/5.wav,unknown,0.99609375,0.0,0.0,0.99609375,"[-128, -128, 127]",True,,,,,,,,,,,,,0.057709054090082645,1.134791993536055,0.6148749962449074,1.8124999478459358
1119,Zhejia,unknown,unavailable_in_sd_path,6,intent_directory,/Users/zilongzeng/Research/DroneControl/user_study_v3/Zhejia/Unknown/6.wav,Zhejia/Unknown/6.wav,unknown,0.99609375,0.0,0.0,0.99609375,"[-128, -128, 127]",True,,,,,,,,,,,,,0.057875062339007854,1.319624949246645,0.6338749080896378,2.017916995100677
1120,Zhejia,unknown,unavailable_in_sd_path,7,intent_directory,/Users/zilongzeng/Research/DroneControl/user_study_v3/Zhejia/Unknown/7.wav,Zhejia/Unknown/7.wav,unknown,0.99609375,0.0,0.0,0.99609375,"[-128, -128, 127]",True,,,,,,,,,,,,,0.08450006134808064,1.1663329787552357,0.6052919197827578,1.8622089410200715
1121,Zhejia,unknown,unavailable_in_sd_path,8,intent_directory,/Users/zilongzeng/Research/DroneControl/user_study_v3/Zhejia/Unknown/8.wav,Zhejia/Unknown/8.wav,movement,0.99609375,0.0,0.99609375,0.00390625,"[-128, 127, -127]",False,,,,,,,,,,,,,0.06933300755918026,1.126707997173071,0.6082920590415597,1.809790963307023
1122,Zhejia,unknown,unavailable_in_sd_path,9,intent_directory,/Users/zilongzeng/Research/DroneControl/user_study_v3/Zhejia/Unknown/9.wav,Zhejia/Unknown/9.wav,unknown,0.99609375,0.0,0.0,0.99609375,"[-128, -128, 127]",True,,,,,,,,,,,,,0.0524159986525774,1.1673748958855867,0.6087920628488064,1.833625021390617
1123,Zhejia,unknown,unavailable_in_sd_path,10,intent_directory,/Users/zilongzeng/Research/DroneControl/user_study_v3/Zhejia/Unknown/10.wav,Zhejia/Unknown/10.wav,unknown,0.99609375,0.0,0.0,0.99609375,"[-128, -128, 127]",True,,,,,,,,,,,,,0.05537504330277443,1.1419589864090085,0.687750056385994,1.9252500496804714
1124,Zhejia,unknown,unavailable_in_sd_path,11,intent_directory,/Users/zilongzeng/Research/DroneControl/user_study_v3/Zhejia/Unknown/11.wav,Zhejia/Unknown/11.wav,unknown,0.99609375,0.0,0.0,0.99609375,"[-128, -128, 127]",True,,,,,,,,,,,,,0.16383302863687277,1.1080419644713402,0.6378749385476112,1.9160420633852482
1125,Zhejia,unknown,unavailable_in_sd_path,12,intent_directory,/Users/zilongzeng/Research/DroneControl/user_study_v3/Zhejia/Unknown/12.wav,Zhejia/Unknown/12.wav,unknown,0.99609375,0.0,0.0,0.99609375,"[-128, -128, 127]",True,,,,,,,,,,,,,0.0801669666543603,1.1349170235916972,0.6078749429434538,1.8279170617461205
1126,Zhejia,unknown,unavailable_in_sd_path,13,intent_directory,/Users/zilongzeng/Research/DroneControl/user_study_v3/Zhejia/Unknown/13.wav,Zhejia/Unknown/13.wav,unknown,0.99609375,0.0,0.0,0.99609375,"[-128, -128, 127]",True,,,,,,,,,,,,,0.058957957662642,1.130291959270835,0.6266660057008266,1.8222499638795853
1127,Zhejia,unknown,unavailable_in_sd_path,14,intent_directory,/Users/zilongzeng/Research/DroneControl/user_study_v3/Zhejia/Unknown/14.wav,Zhejia/Unknown/14.wav,unknown,0.99609375,0.0,0.0,0.99609375,"[-128, -128, 127]",True,,,,,,,,,,,,,0.20474998746067286,1.09420798253268,0.6162920035421848,1.921582967042923
1128,Zhejia,unknown,unavailable_in_sd_path,15,intent_directory,/Users/zilongzeng/Research/DroneControl/user_study_v3/Zhejia/Unknown/15.wav,Zhejia/Unknown/15.wav,unknown,0.99609375,0.0,0.0,0.99609375,"[-128, -128, 127]",True,,,,,,,,,,,,,0.06679096259176731,1.2715840712189674,0.6300000241026282,1.974874990992248
1129,Zhejia,unknown,unavailable_in_sd_path,16,intent_directory,/Users/zilongzeng/Research/DroneControl/user_study_v3/Zhejia/Unknown/16.wav,Zhejia/Unknown/16.wav,movement,0.99609375,0.0,0.99609375,0.0,"[-128, 127, -128]",False,,,,,,,,,,,,,0.09733298793435097,1.112000085413456,0.6150830304250121,1.829666900448501
1130,Zhejia,unknown,unavailable_in_sd_path,17,intent_directory,/Users/zilongzeng/Research/DroneControl/user_study_v3/Zhejia/Unknown/17.wav,Zhejia/Unknown/17.wav,unknown,0.99609375,0.0,0.0,0.99609375,"[-128, -128, 127]",True,,,,,,,,,,,,,0.061208033002913,1.1361249489709735,0.6055000703781843,1.807958004064858
1131,Zhejia,unknown,unavailable_in_sd_path,18,intent_directory,/Users/zilongzeng/Research/DroneControl/user_study_v3/Zhejia/Unknown/18.wav,Zhejia/Unknown/18.wav,unknown,0.76953125,0.0,0.23046875,0.76953125,"[-128, -69, 69]",True,,,,,,,,,,,,,0.2065839944407344,1.055374974384904,0.6102499319240451,1.8777078948915005
1132,Zhejia,unknown,unavailable_in_sd_path,19,intent_directory,/Users/zilongzeng/Research/DroneControl/user_study_v3/Zhejia/Unknown/19.wav,Zhejia/Unknown/19.wav,movement,0.99609375,0.0,0.99609375,0.0,"[-128, 127, -128]",False,,,,,,,,,,,,,0.24337496142834425,1.3075830647721887,0.6940419552847743,2.2527920082211494
1133,Zhejia,unknown,unavailable_in_sd_path,20,intent_directory,/Users/zilongzeng/Research/DroneControl/user_study_v3/Zhejia/Unknown/20.wav,Zhejia/Unknown/20.wav,unknown,0.99609375,0.0,0.0,0.99609375,"[-128, -128, 127]",True,,,,,,,,,,,,,0.09404204320162535,1.2336659710854292,0.6171250715851784,1.9516670145094395
1134,Zhejia,unknown,unavailable_in_sd_path,21,intent_directory,/Users/zilongzeng/Research/DroneControl/user_study_v3/Zhejia/Unknown/21.wav,Zhejia/Unknown/21.wav,unknown,0.99609375,0.0,0.0,0.99609375,"[-128, -128, 127]",True,,,,,,,,,,,,,0.06620900239795446,1.2455419637262821,0.6091670366004109,1.9259999971836805
1135,Zhejia,unknown,unavailable_in_sd_path,22,intent_directory,/Users/zilongzeng/Research/DroneControl/user_study_v3/Zhejia/Unknown/22.wav,Zhejia/Unknown/22.wav,unknown,0.99609375,0.0,0.0,0.99609375,"[-128, -128, 127]",True,,,,,,,,,,,,,0.20620808936655521,1.1459169909358025,0.6087080109864473,1.968375057913363
1136,Zhejia,unknown,unavailable_in_sd_path,23,intent_directory,/Users/zilongzeng/Research/DroneControl/user_study_v3/Zhejia/Unknown/23.wav,Zhejia/Unknown/23.wav,unknown,0.99609375,0.0,0.0,0.99609375,"[-128, -128, 127]",True,,,,,,,,,,,,,0.257750041782856,1.2585410149767995,0.6760830292478204,2.197583904489875
1137,Zhejia,unknown,unavailable_in_sd_path,24,intent_directory,/Users/zilongzeng/Research/DroneControl/user_study_v3/Zhejia/Unknown/24.wav,Zhejia/Unknown/24.wav,unknown,0.99609375,0.0,0.0,0.99609375,"[-128, -128, 127]",True,,,,,,,,,,,,,0.06341701373457909,1.1441250098869205,0.6301669636741281,1.844082958996296
1138,Zhejia,unknown,unavailable_in_sd_path,25,intent_directory,/Users/zilongzeng/Research/DroneControl/user_study_v3/Zhejia/Unknown/25.wav,Zhejia/Unknown/25.wav,movement,0.99609375,0.0,0.99609375,0.0,"[-128, 127, -128]",False,,,,,,,,,,,,,0.20062504336237907,1.0558749781921506,0.6166249513626099,1.8781250109896064
1139,Zhejia,unknown,unavailable_in_sd_path,26,intent_directory,/Users/zilongzeng/Research/DroneControl/user_study_v3/Zhejia/Unknown/26.wav,Zhejia/Unknown/26.wav,unknown,0.99609375,0.0,0.0,0.99609375,"[-128, -128, 127]",True,,,,,,,,,,,,,0.05320901982486248,1.1208750074729323,0.6042500026524067,1.784082967787981
1140,Zhejia,unknown,unavailable_in_sd_path,27,intent_directory,/Users/zilongzeng/Research/DroneControl/user_study_v3/Zhejia/Unknown/27.wav,Zhejia/Unknown/27.wav,unknown,0.99609375,0.0,0.0,0.99609375,"[-128, -128, 127]",True,,,,,,,,,,,,,0.06920797750353813,1.1526660528033972,0.7582079851999879,2.0239170407876372
1141,Zhejia,unknown,unavailable_in_sd_path,28,intent_directory,/Users/zilongzeng/Research/DroneControl/user_study_v3/Zhejia/Unknown/28.wav,Zhejia/Unknown/28.wav,movement,0.99609375,0.0,0.99609375,0.0,"[-128, 127, -128]",False,,,,,,,,,,,,,0.18191710114479065,1.1692920234054327,0.613250071182847,1.9699590047821403
1142,Zhejia,unknown,unavailable_in_sd_path,29,intent_directory,/Users/zilongzeng/Research/DroneControl/user_study_v3/Zhejia/Unknown/29.wav,Zhejia/Unknown/29.wav,unknown,0.99609375,0.0,0.0,0.99609375,"[-128, -128, 127]",True,,,,,,,,,,,,,0.07037492468953133,1.1212090030312538,0.602666987106204,1.7991249915212393
1143,Zhejia,unknown,unavailable_in_sd_path,30,intent_directory,/Users/zilongzeng/Research/DroneControl/user_study_v3/Zhejia/Unknown/30.wav,Zhejia/Unknown/30.wav,unknown,0.99609375,0.0,0.0,0.99609375,"[-128, -128, 127]",True,,,,,,,,,,,,,0.050875009037554264,1.100708032026887,0.620707985945046,1.7780419439077377
1144,Zhejia,unknown,unavailable_in_sd_path,31,intent_directory,/Users/zilongzeng/Research/DroneControl/user_study_v3/Zhejia/Unknown/31.wav,Zhejia/Unknown/31.wav,unknown,0.99609375,0.0,0.0,0.99609375,"[-128, -128, 127]",True,,,,,,,,,,,,,0.059999991208314896,1.1360410135239363,0.6083750631660223,1.8092080717906356
1145,Zhejia,unknown,unavailable_in_sd_path,32,intent_directory,/Users/zilongzeng/Research/DroneControl/user_study_v3/Zhejia/Unknown/32.wav,Zhejia/Unknown/32.wav,unknown,0.99609375,0.0,0.0,0.99609375,"[-128, -128, 127]",True,,,,,,,,,,,,,0.05479191895574331,1.3261249987408519,0.627957982942462,2.015791949816048
1146,Zhejia,unknown,unavailable_in_sd_path,33,intent_directory,/Users/zilongzeng/Research/DroneControl/user_study_v3/Zhejia/Unknown/33.wav,Zhejia/Unknown/33.wav,unknown,0.99609375,0.0,0.0,0.99609375,"[-128, -128, 127]",True,,,,,,,,,,,,,0.08395907934755087,1.0735829127952456,0.6399169797077775,1.8032500520348549
1147,Zhejia,unknown,unavailable_in_sd_path,34,intent_directory,/Users/zilongzeng/Research/DroneControl/user_study_v3/Zhejia/Unknown/34.wav,Zhejia/Unknown/34.wav,unknown,0.99609375,0.0,0.0,0.99609375,"[-128, -128, 127]",True,,,,,,,,,,,,,0.19279203843325377,1.090583042241633,0.6101670442149043,1.8990000244230032
1148,Zhejia,unknown,unavailable_in_sd_path,35,intent_directory,/Users/zilongzeng/Research/DroneControl/user_study_v3/Zhejia/Unknown/35.wav,Zhejia/Unknown/35.wav,unknown,0.99609375,0.0,0.0,0.99609375,"[-128, -128, 127]",True,,,,,,,,,,,,,0.23483403492718935,1.079792040400207,0.6010000361129642,1.9204580457881093
1149,Zhejia,unknown,unavailable_in_sd_path,36,intent_directory,/Users/zilongzeng/Research/DroneControl/user_study_v3/Zhejia/Unknown/36.wav,Zhejia/Unknown/36.wav,unknown,0.99609375,0.0,0.0,0.99609375,"[-128, -128, 127]",True,,,,,,,,,,,,,0.059416983276605606,1.121792010962963,0.7079590577632189,1.8961670575663447
1150,Zhejia,unknown,unavailable_in_sd_path,37,intent_directory,/Users/zilongzeng/Research/DroneControl/user_study_v3/Zhejia/Unknown/37.wav,Zhejia/Unknown/37.wav,unknown,0.99609375,0.0,0.0,0.99609375,"[-128, -128, 127]",True,,,,,,,,,,,,,0.06041605956852436,1.1170420330017805,0.6109169917181134,1.793250092305243
1151,Zhejia,unknown,unavailable_in_sd_path,38,intent_directory,/Users/zilongzeng/Research/DroneControl/user_study_v3/Zhejia/Unknown/38.wav,Zhejia/Unknown/38.wav,movement,0.8828125,0.0,0.8828125,0.1171875,"[-128, 98, -98]",False,,,,,,,,,,,,,0.05458400119096041,1.0870830155909061,0.612083007581532,1.7599590355530381
1152,Zhejia,unknown,unavailable_in_sd_path,39,intent_directory,/Users/zilongzeng/Research/DroneControl/user_study_v3/Zhejia/Unknown/39.wav,Zhejia/Unknown/39.wav,unknown,0.99609375,0.0,0.0,0.99609375,"[-128, -128, 127]",True,,,,,,,,,,,,,0.06437499541789293,1.1856249766424298,0.6173750152811408,1.87241705134511
1153,Zhejia,unknown,unavailable_in_sd_path,40,intent_directory,/Users/zilongzeng/Research/DroneControl/user_study_v3/Zhejia/Unknown/40.wav,Zhejia/Unknown/40.wav,unknown,0.99609375,0.0,0.0,0.99609375,"[-128, -128, 127]",True,,,,,,,,,,,,,0.06429199129343033,1.0811249958351254,0.6177499890327454,1.7682500183582306
1154,Zhejia,unknown,unavailable_in_sd_path,41,intent_directory,/Users/zilongzeng/Research/DroneControl/user_study_v3/Zhejia/Unknown/41.wav,Zhejia/Unknown/41.wav,unknown,0.99609375,0.0,0.0,0.99609375,"[-128, -128, 127]",True,,,,,,,,,,,,,0.06458291318267584,1.3915830058977008,0.628374982625246,2.0901249954476953
1155,Zhejia,unknown,unavailable_in_sd_path,42,intent_directory,/Users/zilongzeng/Research/DroneControl/user_study_v3/Zhejia/Unknown/42.wav,Zhejia/Unknown/42.wav,unknown,0.99609375,0.0,0.0,0.99609375,"[-128, -128, 127]",True,,,,,,,,,,,,,0.0807089963927865,1.124541973695159,0.6079169688746333,1.8179580802097917
1156,Zhejia,unknown,unavailable_in_sd_path,43,intent_directory,/Users/zilongzeng/Research/DroneControl/user_study_v3/Zhejia/Unknown/43.wav,Zhejia/Unknown/43.wav,unknown,0.99609375,0.0,0.0,0.99609375,"[-128, -128, 127]",True,,,,,,,,,,,,,0.05783303640782833,1.1407909914851189,0.6180829368531704,1.821791986003518
1157,Zhejia,unknown,unavailable_in_sd_path,44,intent_directory,/Users/zilongzeng/Research/DroneControl/user_study_v3/Zhejia/Unknown/44.wav,Zhejia/Unknown/44.wav,movement,0.99609375,0.0,0.99609375,0.0,"[-128, 127, -128]",False,,,,,,,,,,,,,0.062417006120085716,1.1222090106457472,0.6114579737186432,1.8014159286394715
1158,Zhejia,unknown,unavailable_in_sd_path,45,intent_directory,/Users/zilongzeng/Research/DroneControl/user_study_v3/Zhejia/Unknown/45.wav,Zhejia/Unknown/45.wav,unknown,0.99609375,0.0,0.0,0.99609375,"[-128, -128, 127]",True,,,,,,,,,,,,,0.06270804442465305,1.3885829830542207,0.6896250415593386,2.1461249561980367
1159,Zhejia,unknown,unavailable_in_sd_path,46,intent_directory,/Users/zilongzeng/Research/DroneControl/user_study_v3/Zhejia/Unknown/46.wav,Zhejia/Unknown/46.wav,unknown,0.99609375,0.0,0.0,0.99609375,"[-128, -128, 127]",True,,,,,,,,,,,,,0.07041601929813623,1.2046248884871602,0.6079170852899551,1.8886670004576445
1160,Zhejia,unknown,unavailable_in_sd_path,47,intent_directory,/Users/zilongzeng/Research/DroneControl/user_study_v3/Zhejia/Unknown/47.wav,Zhejia/Unknown/47.wav,movement,0.99609375,0.0,0.99609375,0.0,"[-128, 127, -128]",False,,,,,,,,,,,,,0.2036670921370387,1.117000007070601,0.6079169688746333,1.9337090197950602
1161,Zhejia,unknown,unavailable_in_sd_path,48,intent_directory,/Users/zilongzeng/Research/DroneControl/user_study_v3/Zhejia/Unknown/48.wav,Zhejia/Unknown/48.wav,unknown,0.99609375,0.0,0.0,0.99609375,"[-128, -128, 127]",True,,,,,,,,,,,,,0.06291607860475779,1.0704169981181622,0.6190419662743807,1.7575829988345504
1162,Zhejia,unknown,unavailable_in_sd_path,49,intent_directory,/Users/zilongzeng/Research/DroneControl/user_study_v3/Zhejia/Unknown/49.wav,Zhejia/Unknown/49.wav,unknown,0.99609375,0.0,0.0,0.99609375,"[-128, -128, 127]",True,,,,,,,,,,,,,0.06412493530660868,1.1011249152943492,0.714167021214962,1.8871660577133298
1163,Zhuoran,emergency,unavailable_in_sd_path,0,intent_directory,/Users/zilongzeng/Research/DroneControl/user_study_v3/Zhuoran/Emergency/0.wav,Zhuoran/Emergency/0.wav,emergency,0.99609375,0.99609375,0.0,0.0,"[127, -128, -128]",True,,,,,,,,,,,,,0.0742089468985796,1.3830420793965459,0.642125029116869,2.1087919594720006
1164,Zhuoran,emergency,unavailable_in_sd_path,1,intent_directory,/Users/zilongzeng/Research/DroneControl/user_study_v3/Zhuoran/Emergency/1.wav,Zhuoran/Emergency/1.wav,unknown,0.99609375,0.00390625,0.0,0.99609375,"[-127, -128, 127]",False,,,,,,,,,,,,,0.2888329327106476,1.1770420242100954,0.6143329665064812,2.085958025418222
1165,Zhuoran,emergency,unavailable_in_sd_path,2,intent_directory,/Users/zilongzeng/Research/DroneControl/user_study_v3/Zhuoran/Emergency/2.wav,Zhuoran/Emergency/2.wav,movement,0.99609375,0.0,0.99609375,0.0,"[-128, 127, -128]",False,,,,,,,,,,,,,0.2009168965741992,1.077916007488966,0.6169159896671772,1.900708070024848
1166,Zhuoran,emergency,unavailable_in_sd_path,3,intent_directory,/Users/zilongzeng/Research/DroneControl/user_study_v3/Zhuoran/Emergency/3.wav,Zhuoran/Emergency/3.wav,emergency,0.99609375,0.99609375,0.0,0.0,"[127, -128, -128]",True,,,,,,,,,,,,,0.22466597147285938,1.1139169801026583,0.6531249964609742,2.0117079839110374
1167,Zhuoran,emergency,unavailable_in_sd_path,4,intent_directory,/Users/zilongzeng/Research/DroneControl/user_study_v3/Zhuoran/Emergency/4.wav,Zhuoran/Emergency/4.wav,emergency,0.99609375,0.99609375,0.0,0.0,"[127, -128, -128]",True,,,,,,,,,,,,,0.1432080753147602,1.2514160480350256,0.6252499297261238,2.0262919133529067
1168,Zhuoran,emergency,unavailable_in_sd_path,5,intent_directory,/Users/zilongzeng/Research/DroneControl/user_study_v3/Zhuoran/Emergency/5.wav,Zhuoran/Emergency/5.wav,emergency,0.99609375,0.99609375,0.0,0.0,"[127, -128, -128]",True,,,,,,,,,,,,,0.08616701234132051,1.1722500203177333,0.6399580743163824,1.9037090241909027
1169,Zhuoran,emergency,unavailable_in_sd_path,6,intent_directory,/Users/zilongzeng/Research/DroneControl/user_study_v3/Zhuoran/Emergency/6.wav,Zhuoran/Emergency/6.wav,emergency,0.99609375,0.99609375,0.0,0.00390625,"[127, -128, -127]",True,,,,,,,,,,,,,0.06354192737489939,1.1166250333189964,0.6020419532433152,1.7872080206871033
1170,Zhuoran,emergency,unavailable_in_sd_path,7,intent_directory,/Users/zilongzeng/Research/DroneControl/user_study_v3/Zhuoran/Emergency/7.wav,Zhuoran/Emergency/7.wav,emergency,0.99609375,0.99609375,0.0,0.0,"[127, -128, -128]",True,,,,,,,,,,,,,0.05733396392315626,1.145250047557056,0.6155830342322588,1.823208061978221
1171,Zhuoran,emergency,unavailable_in_sd_path,8,intent_directory,/Users/zilongzeng/Research/DroneControl/user_study_v3/Zhuoran/Emergency/8.wav,Zhuoran/Emergency/8.wav,movement,0.96484375,0.03125,0.96484375,0.00390625,"[-120, 119, -127]",False,,,,,,,,,,,,,0.05737494211643934,1.467374968342483,0.6351670017465949,2.167208935134113
1172,Zhuoran,emergency,unavailable_in_sd_path,9,intent_directory,/Users/zilongzeng/Research/DroneControl/user_study_v3/Zhuoran/Emergency/9.wav,Zhuoran/Emergency/9.wav,emergency,0.99609375,0.99609375,0.0,0.0,"[127, -128, -128]",True,,,,,,,,,,,,,0.1016249880194664,1.3130001025274396,0.6287079304456711,2.0530419424176216
1173,Zhuoran,emergency,unavailable_in_sd_path,10,intent_directory,/Users/zilongzeng/Research/DroneControl/user_study_v3/Zhuoran/Emergency/10.wav,Zhuoran/Emergency/10.wav,emergency,0.55078125,0.55078125,0.0,0.44921875,"[13, -128, -13]",True,,,,,,,,,,,,,0.20408397540450096,1.1907919542863965,0.6186249665915966,2.0197080448269844
1174,Zhuoran,emergency,unavailable_in_sd_path,11,intent_directory,/Users/zilongzeng/Research/DroneControl/user_study_v3/Zhuoran/Emergency/11.wav,Zhuoran/Emergency/11.wav,emergency,0.98046875,0.98046875,0.01953125,0.0,"[123, -123, -128]",True,,,,,,,,,,,,,0.07387495134025812,1.1350420536473393,0.6095831049606204,1.8233329756185412
1175,Zhuoran,emergency,unavailable_in_sd_path,12,intent_directory,/Users/zilongzeng/Research/DroneControl/user_study_v3/Zhuoran/Emergency/12.wav,Zhuoran/Emergency/12.wav,emergency,0.99609375,0.99609375,0.0,0.0,"[127, -128, -128]",True,,,,,,,,,,,,,0.06004096940159798,1.2937919236719608,0.6625420646741986,2.023375011049211
1176,Zhuoran,emergency,unavailable_in_sd_path,13,intent_directory,/Users/zilongzeng/Research/DroneControl/user_study_v3/Zhuoran/Emergency/13.wav,Zhuoran/Emergency/13.wav,emergency,0.99609375,0.99609375,0.0,0.0,"[127, -128, -128]",True,,,,,,,,,,,,,0.24045805912464857,1.303125056438148,0.6304170237854123,2.1837500389665365
1177,Zhuoran,emergency,unavailable_in_sd_path,14,intent_directory,/Users/zilongzeng/Research/DroneControl/user_study_v3/Zhuoran/Emergency/14.wav,Zhuoran/Emergency/14.wav,emergency,0.99609375,0.99609375,0.0,0.0,"[127, -128, -128]",True,,,,,,,,,,,,,0.34549995325505733,1.1163749732077122,0.6096670404076576,2.0775420125573874
1178,Zhuoran,emergency,unavailable_in_sd_path,15,intent_directory,/Users/zilongzeng/Research/DroneControl/user_study_v3/Zhuoran/Emergency/15.wav,Zhuoran/Emergency/15.wav,emergency,0.99609375,0.99609375,0.0,0.0,"[127, -128, -128]",True,,,,,,,,,,,,,0.07824995554983616,1.1238750303164124,0.6177499890327454,1.825292012654245
1179,Zhuoran,emergency,unavailable_in_sd_path,16,intent_directory,/Users/zilongzeng/Research/DroneControl/user_study_v3/Zhuoran/Emergency/16.wav,Zhuoran/Emergency/16.wav,emergency,0.99609375,0.99609375,0.0,0.0,"[127, -128, -128]",True,,,,,,,,,,,,,0.059333979152143,1.3225829461589456,0.6407919572666287,2.0322500495240092
1180,Zhuoran,emergency,unavailable_in_sd_path,17,intent_directory,/Users/zilongzeng/Research/DroneControl/user_study_v3/Zhuoran/Emergency/17.wav,Zhuoran/Emergency/17.wav,emergency,0.99609375,0.99609375,0.0,0.00390625,"[127, -128, -127]",True,,,,,,,,,,,,,0.22383290342986584,1.2145419605076313,0.6333329947665334,2.078667050227523
1181,Zhuoran,emergency,unavailable_in_sd_path,18,intent_directory,/Users/zilongzeng/Research/DroneControl/user_study_v3/Zhuoran/Emergency/18.wav,Zhuoran/Emergency/18.wav,emergency,0.99609375,0.99609375,0.0,0.0,"[127, -128, -128]",True,,,,,,,,,,,,,0.09891705121845007,1.1621249141171575,0.6187920225784183,1.885041012428701
1182,Zhuoran,emergency,unavailable_in_sd_path,19,intent_directory,/Users/zilongzeng/Research/DroneControl/user_study_v3/Zhuoran/Emergency/19.wav,Zhuoran/Emergency/19.wav,emergency,0.99609375,0.99609375,0.0,0.0,"[127, -128, -128]",True,,,,,,,,,,,,,0.06437499541789293,1.1269999668002129,0.6157909519970417,1.8120830645784736
1183,Zhuoran,emergency,unavailable_in_sd_path,20,intent_directory,/Users/zilongzeng/Research/DroneControl/user_study_v3/Zhuoran/Emergency/20.wav,Zhuoran/Emergency/20.wav,emergency,0.99609375,0.99609375,0.0,0.0,"[127, -128, -128]",True,,,,,,,,,,,,,0.06687501445412636,1.2629579287022352,0.6414579693228006,1.9802909810096025
1184,Zhuoran,emergency,unavailable_in_sd_path,21,intent_directory,/Users/zilongzeng/Research/DroneControl/user_study_v3/Zhuoran/Emergency/21.wav,Zhuoran/Emergency/21.wav,emergency,0.99609375,0.99609375,0.0,0.0,"[127, -128, -128]",True,,,,,,,,,,,,,0.15429197810590267,1.3315000105649233,0.6067500216886401,2.100083976984024
1185,Zhuoran,emergency,unavailable_in_sd_path,22,intent_directory,/Users/zilongzeng/Research/DroneControl/user_study_v3/Zhuoran/Emergency/22.wav,Zhuoran/Emergency/22.wav,emergency,0.99609375,0.99609375,0.0,0.0,"[127, -128, -128]",True,,,,,,,,,,,,,0.11112494394183159,1.2313330080360174,0.6027079652994871,1.952792052179575
1186,Zhuoran,emergency,unavailable_in_sd_path,23,intent_directory,/Users/zilongzeng/Research/DroneControl/user_study_v3/Zhuoran/Emergency/23.wav,Zhuoran/Emergency/23.wav,emergency,0.99609375,0.99609375,0.0,0.0,"[127, -128, -128]",True,,,,,,,,,,,,,0.17091701738536358,1.0801668977364898,0.6125830113887787,1.8696249462664127
1187,Zhuoran,emergency,unavailable_in_sd_path,24,intent_directory,/Users/zilongzeng/Research/DroneControl/user_study_v3/Zhuoran/Emergency/24.wav,Zhuoran/Emergency/24.wav,emergency,0.99609375,0.99609375,0.0,0.0,"[127, -128, -128]",True,,,,,,,,,,,,,0.06729201413691044,1.0949999559670687,0.758624984882772,1.9600419327616692
1188,Zhuoran,emergency,unavailable_in_sd_path,25,intent_directory,/Users/zilongzeng/Research/DroneControl/user_study_v3/Zhuoran/Emergency/25.wav,Zhuoran/Emergency/25.wav,emergency,0.99609375,0.99609375,0.0,0.0,"[127, -128, -128]",True,,,,,,,,,,,,,0.16000005416572094,1.2797500239685178,0.6230829749256372,2.070500049740076
1189,Zhuoran,emergency,unavailable_in_sd_path,26,intent_directory,/Users/zilongzeng/Research/DroneControl/user_study_v3/Zhuoran/Emergency/26.wav,Zhuoran/Emergency/26.wav,emergency,0.99609375,0.99609375,0.0,0.0,"[127, -128, -128]",True,,,,,,,,,,,,,0.10199996177107096,1.2013339437544346,0.6103339837864041,1.9214999629184604
1190,Zhuoran,emergency,unavailable_in_sd_path,27,intent_directory,/Users/zilongzeng/Research/DroneControl/user_study_v3/Zhuoran/Emergency/27.wav,Zhuoran/Emergency/27.wav,emergency,0.69140625,0.69140625,0.30859375,0.0,"[49, -49, -128]",True,,,,,,,,,,,,,0.08937495294958353,1.077165943570435,0.6184160010889173,1.7907919827848673
1191,Zhuoran,emergency,unavailable_in_sd_path,28,intent_directory,/Users/zilongzeng/Research/DroneControl/user_study_v3/Zhuoran/Emergency/28.wav,Zhuoran/Emergency/28.wav,emergency,0.99609375,0.99609375,0.0,0.0,"[127, -128, -128]",True,,,,,,,,,,,,,0.05816703196614981,1.1707079829648137,0.6489579100161791,1.884042052552104
1192,Zhuoran,emergency,unavailable_in_sd_path,29,intent_directory,/Users/zilongzeng/Research/DroneControl/user_study_v3/Zhuoran/Emergency/29.wav,Zhuoran/Emergency/29.wav,emergency,0.99609375,0.99609375,0.0,0.0,"[127, -128, -128]",True,,,,,,,,,,,,,0.06858306005597115,1.3640000252053142,0.6900000153109431,2.130917040631175
1193,Zhuoran,emergency,unavailable_in_sd_path,30,intent_directory,/Users/zilongzeng/Research/DroneControl/user_study_v3/Zhuoran/Emergency/30.wav,Zhuoran/Emergency/30.wav,emergency,0.99609375,0.99609375,0.0,0.0,"[127, -128, -128]",True,,,,,,,,,,,,,0.11541694402694702,1.2117919977754354,0.6086250068619847,1.9408749649301171
1194,Zhuoran,emergency,unavailable_in_sd_path,31,intent_directory,/Users/zilongzeng/Research/DroneControl/user_study_v3/Zhuoran/Emergency/31.wav,Zhuoran/Emergency/31.wav,emergency,0.99609375,0.99609375,0.0,0.0,"[127, -128, -128]",True,,,,,,,,,,,,,0.05674990825355053,1.085083931684494,0.6232920568436384,1.7697500297799706
1195,Zhuoran,emergency,unavailable_in_sd_path,32,intent_directory,/Users/zilongzeng/Research/DroneControl/user_study_v3/Zhuoran/Emergency/32.wav,Zhuoran/Emergency/32.wav,emergency,0.99609375,0.99609375,0.0,0.0,"[127, -128, -128]",True,,,,,,,,,,,,,0.05124998278915882,1.1557090329006314,0.6168329855427146,1.8290840089321136
1196,Zhuoran,emergency,unavailable_in_sd_path,33,intent_directory,/Users/zilongzeng/Research/DroneControl/user_study_v3/Zhuoran/Emergency/33.wav,Zhuoran/Emergency/33.wav,movement,0.99609375,0.0,0.99609375,0.0,"[-128, 127, -128]",False,,,,,,,,,,,,,0.060832942835986614,1.180084072984755,0.68845902569592,1.9361249869689345
1197,Zhuoran,emergency,unavailable_in_sd_path,34,intent_directory,/Users/zilongzeng/Research/DroneControl/user_study_v3/Zhuoran/Emergency/34.wav,Zhuoran/Emergency/34.wav,movement,0.99609375,0.0,0.99609375,0.0,"[-128, 127, -128]",False,,,,,,,,,,,,,0.09183306246995926,1.1716660810634494,0.6171660497784615,1.8856670940294862
1198,Zhuoran,emergency,unavailable_in_sd_path,35,intent_directory,/Users/zilongzeng/Research/DroneControl/user_study_v3/Zhuoran/Emergency/35.wav,Zhuoran/Emergency/35.wav,unknown,0.98828125,0.01171875,0.0,0.98828125,"[-125, -128, 125]",False,,,,,,,,,,,,,0.06466603372246027,1.1134999804198742,0.62616600189358,1.810832996852696
1199,Zhuoran,emergency,unavailable_in_sd_path,36,intent_directory,/Users/zilongzeng/Research/DroneControl/user_study_v3/Zhuoran/Emergency/36.wav,Zhuoran/Emergency/36.wav,unknown,0.99609375,0.0,0.00390625,0.99609375,"[-128, -127, 127]",False,,,,,,,,,,,,,0.19937509205192327,1.168041955679655,0.6175839807838202,1.9905000226572156
1200,Zhuoran,emergency,unavailable_in_sd_path,37,intent_directory,/Users/zilongzeng/Research/DroneControl/user_study_v3/Zhuoran/Emergency/37.wav,Zhuoran/Emergency/37.wav,movement,0.99609375,0.0,0.99609375,0.0,"[-128, 127, -128]",False,,,,,,,,,,,,,0.22595806512981653,1.1143330484628677,0.67829096224159,2.053125062957406
1201,Zhuoran,emergency,unavailable_in_sd_path,38,intent_directory,/Users/zilongzeng/Research/DroneControl/user_study_v3/Zhuoran/Emergency/38.wav,Zhuoran/Emergency/38.wav,emergency,0.96875,0.96875,0.03125,0.0,"[120, -120, -128]",True,,,,,,,,,,,,,0.15066703781485558,1.1306669330224395,0.6144579965621233,1.901709008961916
1202,Zhuoran,emergency,unavailable_in_sd_path,39,intent_directory,/Users/zilongzeng/Research/DroneControl/user_study_v3/Zhuoran/Emergency/39.wav,Zhuoran/Emergency/39.wav,emergency,0.99609375,0.99609375,0.0,0.0,"[127, -128, -128]",True,,,,,,,,,,,,,0.069082947447896,1.1251659598201513,0.6114169955253601,1.8110839882865548
1203,Zhuoran,emergency,unavailable_in_sd_path,40,intent_directory,/Users/zilongzeng/Research/DroneControl/user_study_v3/Zhuoran/Emergency/40.wav,Zhuoran/Emergency/40.wav,movement,0.99609375,0.00390625,0.99609375,0.0,"[-127, 127, -128]",False,,,,,,,,,,,,,0.059582991525530815,1.2029160279780626,0.6083330372348428,1.8770410679280758
1204,Zhuoran,emergency,unavailable_in_sd_path,41,intent_directory,/Users/zilongzeng/Research/DroneControl/user_study_v3/Zhuoran/Emergency/41.wav,Zhuoran/Emergency/41.wav,unknown,0.99609375,0.0,0.0,0.99609375,"[-128, -128, 127]",False,,,,,,,,,,,,,0.07033406291157007,1.1439580703154206,0.6103329360485077,1.829416025429964
1205,Zhuoran,emergency,unavailable_in_sd_path,42,intent_directory,/Users/zilongzeng/Research/DroneControl/user_study_v3/Zhuoran/Emergency/42.wav,Zhuoran/Emergency/42.wav,unknown,0.98828125,0.0,0.01171875,0.98828125,"[-128, -125, 125]",False,,,,,,,,,,,,,0.060416990891098976,1.377666019834578,0.6527910009026527,2.0970830228179693
1206,Zhuoran,emergency,unavailable_in_sd_path,43,intent_directory,/Users/zilongzeng/Research/DroneControl/user_study_v3/Zhuoran/Emergency/43.wav,Zhuoran/Emergency/43.wav,movement,0.98828125,0.0078125,0.98828125,0.00390625,"[-126, 125, -127]",False,,,,,,,,,,,,,0.077791977673769,1.1585000902414322,0.618249992839992,1.8593340646475554
1207,Zhuoran,emergency,unavailable_in_sd_path,44,intent_directory,/Users/zilongzeng/Research/DroneControl/user_study_v3/Zhuoran/Emergency/44.wav,Zhuoran/Emergency/44.wav,emergency,0.99609375,0.99609375,0.0,0.0,"[127, -128, -128]",True,,,,,,,,,,,,,0.05829194560647011,1.1421249946579337,0.610999995842576,1.816208939999342
1208,Zhuoran,emergency,unavailable_in_sd_path,45,intent_directory,/Users/zilongzeng/Research/DroneControl/user_study_v3/Zhuoran/Emergency/45.wav,Zhuoran/Emergency/45.wav,emergency,0.99609375,0.99609375,0.0,0.0,"[127, -128, -128]",True,,,,,,,,,,,,,0.0636660261079669,1.1025829007849097,0.6087080109864473,1.7800000496208668
1209,Zhuoran,emergency,unavailable_in_sd_path,46,intent_directory,/Users/zilongzeng/Research/DroneControl/user_study_v3/Zhuoran/Emergency/46.wav,Zhuoran/Emergency/46.wav,emergency,0.9921875,0.9921875,0.0078125,0.0,"[126, -126, -128]",True,,,,,,,,,,,,,0.06062502507120371,1.2702500680461526,0.6332920165732503,1.9737499533221126
1210,Zhuoran,emergency,unavailable_in_sd_path,47,intent_directory,/Users/zilongzeng/Research/DroneControl/user_study_v3/Zhuoran/Emergency/47.wav,Zhuoran/Emergency/47.wav,emergency,0.99609375,0.99609375,0.0,0.0,"[127, -128, -128]",True,,,,,,,,,,,,,0.3054169937968254,1.1769999982789159,0.6113329436630011,2.0992920035496354
1211,Zhuoran,emergency,unavailable_in_sd_path,48,intent_directory,/Users/zilongzeng/Research/DroneControl/user_study_v3/Zhuoran/Emergency/48.wav,Zhuoran/Emergency/48.wav,unknown,0.9453125,0.0546875,0.0,0.9453125,"[-114, -128, 114]",False,,,,,,,,,,,,,0.22470892872661352,1.0857500601559877,0.612374977208674,1.928958110511303
1212,Zhuoran,emergency,unavailable_in_sd_path,49,intent_directory,/Users/zilongzeng/Research/DroneControl/user_study_v3/Zhuoran/Emergency/49.wav,Zhuoran/Emergency/49.wav,emergency,0.99609375,0.99609375,0.0,0.0,"[127, -128, -128]",True,,,,,,,,,,,,,0.06070802919566631,1.0928750270977616,0.6301249377429485,1.788125024177134
1213,Zhuoran,movement,unavailable_in_sd_path,0,intent_directory,/Users/zilongzeng/Research/DroneControl/user_study_v3/Zhuoran/Movement/0.wav,Zhuoran/Movement/0.wav,movement,0.99609375,0.0,0.99609375,0.0,"[-128, 127, -128]",True,,,,,,,,,,,,,0.06375007797032595,1.1425830889493227,0.6887080380693078,1.9337909761816263
1214,Zhuoran,movement,unavailable_in_sd_path,1,intent_directory,/Users/zilongzeng/Research/DroneControl/user_study_v3/Zhuoran/Movement/1.wav,Zhuoran/Movement/1.wav,movement,0.99609375,0.0,0.99609375,0.0,"[-128, 127, -128]",True,,,,,,,,,,,,,0.1675420207902789,1.135458005592227,0.6223750533536077,1.9312090007588267
1215,Zhuoran,movement,unavailable_in_sd_path,2,intent_directory,/Users/zilongzeng/Research/DroneControl/user_study_v3/Zhuoran/Movement/2.wav,Zhuoran/Movement/2.wav,movement,0.99609375,0.0,0.99609375,0.0,"[-128, 127, -128]",True,,,,,,,,,,,,,0.071709044277668,1.1636249255388975,0.6111660040915012,1.851749955676496
1216,Zhuoran,movement,unavailable_in_sd_path,3,intent_directory,/Users/zilongzeng/Research/DroneControl/user_study_v3/Zhuoran/Movement/3.wav,Zhuoran/Movement/3.wav,movement,0.99609375,0.0,0.99609375,0.0,"[-128, 127, -128]",True,,,,,,,,,,,,,0.21391594782471657,1.0994999902322888,0.6042500026524067,1.9225829746574163
1217,Zhuoran,movement,unavailable_in_sd_path,4,intent_directory,/Users/zilongzeng/Research/DroneControl/user_study_v3/Zhuoran/Movement/4.wav,Zhuoran/Movement/4.wav,movement,0.99609375,0.0,0.99609375,0.0,"[-128, 127, -128]",True,,,,,,,,,,,,,0.05512498319149017,1.1264580534771085,0.638167024590075,1.825125073082745
1218,Zhuoran,movement,unavailable_in_sd_path,5,intent_directory,/Users/zilongzeng/Research/DroneControl/user_study_v3/Zhuoran/Movement/5.wav,Zhuoran/Movement/5.wav,movement,0.99609375,0.0,0.99609375,0.0,"[-128, 127, -128]",True,,,,,,,,,,,,,0.05504197906702757,1.217916957102716,0.6287500727921724,1.9074169686064124
1219,Zhuoran,movement,unavailable_in_sd_path,6,intent_directory,/Users/zilongzeng/Research/DroneControl/user_study_v3/Zhuoran/Movement/6.wav,Zhuoran/Movement/6.wav,movement,0.99609375,0.0,0.99609375,0.0,"[-128, 127, -128]",True,,,,,,,,,,,,,0.07375003769993782,1.2235409813001752,0.6132079288363457,1.9159999210387468
1220,Zhuoran,movement,unavailable_in_sd_path,7,intent_directory,/Users/zilongzeng/Research/DroneControl/user_study_v3/Zhuoran/Movement/7.wav,Zhuoran/Movement/7.wav,movement,0.99609375,0.0,0.99609375,0.0,"[-128, 127, -128]",True,,,,,,,,,,,,,0.06487499922513962,1.1519159888848662,0.6036250852048397,1.8258329946547747
1221,Zhuoran,movement,unavailable_in_sd_path,8,intent_directory,/Users/zilongzeng/Research/DroneControl/user_study_v3/Zhuoran/Movement/8.wav,Zhuoran/Movement/8.wav,movement,0.99609375,0.0,0.99609375,0.0,"[-128, 127, -128]",True,,,,,,,,,,,,,0.06058404687792063,1.098959008231759,0.6342920241877437,1.7993750516325235
1222,Zhuoran,movement,unavailable_in_sd_path,9,intent_directory,/Users/zilongzeng/Research/DroneControl/user_study_v3/Zhuoran/Movement/9.wav,Zhuoran/Movement/9.wav,movement,0.99609375,0.0,0.99609375,0.0,"[-128, 127, -128]",True,,,,,,,,,,,,,0.06187497638165951,1.2957919389009476,0.6878750864416361,2.054290962405503
1223,Zhuoran,movement,unavailable_in_sd_path,10,intent_directory,/Users/zilongzeng/Research/DroneControl/user_study_v3/Zhuoran/Movement/10.wav,Zhuoran/Movement/10.wav,movement,0.99609375,0.0,0.99609375,0.0,"[-128, 127, -128]",True,,,,,,,,,,,,,0.07604190614074469,1.2674171011894941,0.6078750593587756,1.9565410912036896
1224,Zhuoran,movement,unavailable_in_sd_path,11,intent_directory,/Users/zilongzeng/Research/DroneControl/user_study_v3/Zhuoran/Movement/11.wav,Zhuoran/Movement/11.wav,movement,0.99609375,0.0,0.99609375,0.0,"[-128, 127, -128]",True,,,,,,,,,,,,,0.06345903966575861,1.1367499828338623,0.6144579965621233,1.8198329489678144
1225,Zhuoran,movement,unavailable_in_sd_path,12,intent_directory,/Users/zilongzeng/Research/DroneControl/user_study_v3/Zhuoran/Movement/12.wav,Zhuoran/Movement/12.wav,movement,0.99609375,0.0,0.99609375,0.0,"[-128, 127, -128]",True,,,,,,,,,,,,,0.06387499161064625,1.1280840262770653,0.6020000437274575,1.7990840133279562
1226,Zhuoran,movement,unavailable_in_sd_path,13,intent_directory,/Users/zilongzeng/Research/DroneControl/user_study_v3/Zhuoran/Movement/13.wav,Zhuoran/Movement/13.wav,movement,0.6484375,0.0,0.6484375,0.3515625,"[-128, 38, -38]",True,,,,,,,,,,,,,0.05791697185486555,1.247667009010911,0.8026669966056943,2.119000069797039
1227,Zhuoran,movement,unavailable_in_sd_path,14,intent_directory,/Users/zilongzeng/Research/DroneControl/user_study_v3/Zhuoran/Movement/14.wav,Zhuoran/Movement/14.wav,movement,0.99609375,0.0,0.99609375,0.0,"[-128, 127, -128]",True,,,,,,,,,,,,,0.08108303882181644,1.213708077557385,0.6301660323515534,1.930000027641654
1228,Zhuoran,movement,unavailable_in_sd_path,15,intent_directory,/Users/zilongzeng/Research/DroneControl/user_study_v3/Zhuoran/Movement/15.wav,Zhuoran/Movement/15.wav,movement,0.99609375,0.0,0.99609375,0.0,"[-128, 127, -128]",True,,,,,,,,,,,,,0.0766669400036335,1.2963750632479787,0.6319170352071524,2.0149999763816595
1229,Zhuoran,movement,unavailable_in_sd_path,16,intent_directory,/Users/zilongzeng/Research/DroneControl/user_study_v3/Zhuoran/Movement/16.wav,Zhuoran/Movement/16.wav,unknown,0.99609375,0.0,0.0,0.99609375,"[-128, -128, 127]",False,,,,,,,,,,,,,0.18520804587751627,1.0782500030472875,0.623999978415668,1.893875072710216
1230,Zhuoran,movement,unavailable_in_sd_path,17,intent_directory,/Users/zilongzeng/Research/DroneControl/user_study_v3/Zhuoran/Movement/17.wav,Zhuoran/Movement/17.wav,unknown,0.734375,0.0,0.26953125,0.734375,"[-128, -59, 60]",False,,,,,,,,,,,,,0.0730419997125864,1.152167096734047,0.6029579089954495,1.832959009334445
1231,Zhuoran,movement,unavailable_in_sd_path,18,intent_directory,/Users/zilongzeng/Research/DroneControl/user_study_v3/Zhuoran/Movement/18.wav,Zhuoran/Movement/18.wav,movement,0.98046875,0.0,0.98046875,0.01953125,"[-128, 123, -123]",True,,,,,,,,,,,,,0.061542028561234474,1.4120839769020677,0.6430000066757202,2.123457961715758
1232,Zhuoran,movement,unavailable_in_sd_path,19,intent_directory,/Users/zilongzeng/Research/DroneControl/user_study_v3/Zhuoran/Movement/19.wav,Zhuoran/Movement/19.wav,unknown,0.99609375,0.0,0.0,0.99609375,"[-128, -128, 127]",False,,,,,,,,,,,,,0.10412500705569983,1.1367920087650418,0.6117499433457851,1.8576669972389936
1233,Zhuoran,movement,unavailable_in_sd_path,20,intent_directory,/Users/zilongzeng/Research/DroneControl/user_study_v3/Zhuoran/Movement/20.wav,Zhuoran/Movement/20.wav,unknown,0.99609375,0.0,0.0,0.99609375,"[-128, -128, 127]",False,,,,,,,,,,,,,0.07308402564376593,1.1457499349489808,0.6120420293882489,1.8356660148128867
1234,Zhuoran,movement,unavailable_in_sd_path,21,intent_directory,/Users/zilongzeng/Research/DroneControl/user_study_v3/Zhuoran/Movement/21.wav,Zhuoran/Movement/21.wav,unknown,0.9921875,0.0,0.0078125,0.9921875,"[-128, -126, 126]",False,,,,,,,,,,,,,0.21070905495435,1.1063750134781003,0.60374999884516,1.9257080275565386
1235,Zhuoran,movement,unavailable_in_sd_path,22,intent_directory,/Users/zilongzeng/Research/DroneControl/user_study_v3/Zhuoran/Movement/22.wav,Zhuoran/Movement/22.wav,movement,0.99609375,0.0,0.99609375,0.0,"[-128, 127, -128]",True,,,,,,,,,,,,,0.26766699738800526,1.1820419458672404,0.6170839769765735,2.0721249748021364
1236,Zhuoran,movement,unavailable_in_sd_path,23,intent_directory,/Users/zilongzeng/Research/DroneControl/user_study_v3/Zhuoran/Movement/23.wav,Zhuoran/Movement/23.wav,movement,0.99609375,0.0,0.99609375,0.00390625,"[-128, 127, -127]",True,,,,,,,,,,,,,0.06579200271517038,1.0387500515207648,0.6096248980611563,1.7189590726047754
1237,Zhuoran,movement,unavailable_in_sd_path,24,intent_directory,/Users/zilongzeng/Research/DroneControl/user_study_v3/Zhuoran/Movement/24.wav,Zhuoran/Movement/24.wav,movement,0.64453125,0.00390625,0.64453125,0.3515625,"[-127, 37, -38]",True,,,,,,,,,,,,,0.05974993109703064,1.1139999842271209,0.6327499868348241,1.8113750265911222
1238,Zhuoran,movement,unavailable_in_sd_path,25,intent_directory,/Users/zilongzeng/Research/DroneControl/user_study_v3/Zhuoran/Movement/25.wav,Zhuoran/Movement/25.wav,movement,0.99609375,0.0,0.99609375,0.0,"[-128, 127, -128]",True,,,,,,,,,,,,,0.06183306686580181,1.1640830198302865,0.6096659926697612,1.8414170481264591
1239,Zhuoran,movement,unavailable_in_sd_path,26,intent_directory,/Users/zilongzeng/Research/DroneControl/user_study_v3/Zhuoran/Movement/26.wav,Zhuoran/Movement/26.wav,movement,0.99609375,0.0,0.99609375,0.0,"[-128, 127, -128]",True,,,,,,,,,,,,,0.06329198367893696,1.124250004068017,0.7286249892786145,1.9251670455560088
1240,Zhuoran,movement,unavailable_in_sd_path,27,intent_directory,/Users/zilongzeng/Research/DroneControl/user_study_v3/Zhuoran/Movement/27.wav,Zhuoran/Movement/27.wav,movement,0.99609375,0.0,0.99609375,0.0,"[-128, 127, -128]",True,,,,,,,,,,,,,0.06933300755918026,1.2281249510124326,0.6165420636534691,1.918792026117444
1241,Zhuoran,movement,unavailable_in_sd_path,28,intent_directory,/Users/zilongzeng/Research/DroneControl/user_study_v3/Zhuoran/Movement/28.wav,Zhuoran/Movement/28.wav,movement,0.99609375,0.0,0.99609375,0.0,"[-128, 127, -128]",True,,,,,,,,,,,,,0.0665419502183795,1.1078750248998404,0.6195000605657697,1.7988750478252769
1242,Zhuoran,movement,unavailable_in_sd_path,29,intent_directory,/Users/zilongzeng/Research/DroneControl/user_study_v3/Zhuoran/Movement/29.wav,Zhuoran/Movement/29.wav,movement,0.99609375,0.0,0.99609375,0.0,"[-128, 127, -128]",True,,,,,,,,,,,,,0.06254203617572784,1.1294590076431632,0.6099579622969031,1.8067089840769768
1243,Zhuoran,movement,unavailable_in_sd_path,30,intent_directory,/Users/zilongzeng/Research/DroneControl/user_study_v3/Zhuoran/Movement/30.wav,Zhuoran/Movement/30.wav,movement,0.99609375,0.0,0.99609375,0.0,"[-128, 127, -128]",True,,,,,,,,,,,,,0.059416983276605606,1.1022500693798065,0.6169578991830349,1.7832909943535924
1244,Zhuoran,movement,unavailable_in_sd_path,31,intent_directory,/Users/zilongzeng/Research/DroneControl/user_study_v3/Zhuoran/Movement/31.wav,Zhuoran/Movement/31.wav,movement,0.57421875,0.171875,0.57421875,0.2578125,"[-84, 19, -62]",True,,,,,,,,,,,,,0.053333002142608166,1.4147920301184058,0.6307079456746578,2.1045419853180647
1245,Zhuoran,movement,unavailable_in_sd_path,32,intent_directory,/Users/zilongzeng/Research/DroneControl/user_study_v3/Zhuoran/Movement/32.wav,Zhuoran/Movement/32.wav,movement,0.99609375,0.0,0.99609375,0.0,"[-128, 127, -128]",True,,,,,,,,,,,,,0.2098330296576023,1.1523340363055468,0.6093339761719108,1.9766250625252724
1246,Zhuoran,movement,unavailable_in_sd_path,33,intent_directory,/Users/zilongzeng/Research/DroneControl/user_study_v3/Zhuoran/Movement/33.wav,Zhuoran/Movement/33.wav,movement,0.99609375,0.0,0.99609375,0.0,"[-128, 127, -128]",True,,,,,,,,,,,,,0.3006670158356428,1.0834169806912541,0.6117079174146056,2.000542008318007
1247,Zhuoran,movement,unavailable_in_sd_path,34,intent_directory,/Users/zilongzeng/Research/DroneControl/user_study_v3/Zhuoran/Movement/34.wav,Zhuoran/Movement/34.wav,movement,0.99609375,0.0,0.99609375,0.0,"[-128, 127, -128]",True,,,,,,,,,,,,,0.06079196464270353,1.1081249685958028,0.605209032073617,1.7789589473977685
1248,Zhuoran,movement,unavailable_in_sd_path,35,intent_directory,/Users/zilongzeng/Research/DroneControl/user_study_v3/Zhuoran/Movement/35.wav,Zhuoran/Movement/35.wav,unknown,0.99609375,0.0,0.0,0.99609375,"[-128, -128, 127]",False,,,,,,,,,,,,,0.05570799112319946,1.200165948830545,0.7035409798845649,1.9649589667096734
1249,Zhuoran,movement,unavailable_in_sd_path,36,intent_directory,/Users/zilongzeng/Research/DroneControl/user_study_v3/Zhuoran/Movement/36.wav,Zhuoran/Movement/36.wav,unknown,0.99609375,0.0,0.0,0.99609375,"[-128, -128, 127]",False,,,,,,,,,,,,,0.06995792500674725,1.1345830280333757,0.6139170145615935,1.8238340271636844
1250,Zhuoran,movement,unavailable_in_sd_path,37,intent_directory,/Users/zilongzeng/Research/DroneControl/user_study_v3/Zhuoran/Movement/37.wav,Zhuoran/Movement/37.wav,unknown,0.99609375,0.0,0.0,0.99609375,"[-128, -128, 127]",False,,,,,,,,,,,,,0.05995796527713537,1.240457990206778,0.6314580095931888,1.9409579690545797
1251,Zhuoran,movement,unavailable_in_sd_path,38,intent_directory,/Users/zilongzeng/Research/DroneControl/user_study_v3/Zhuoran/Movement/38.wav,Zhuoran/Movement/38.wav,unknown,0.99609375,0.0,0.0,0.99609375,"[-128, -128, 127]",False,,,,,,,,,,,,,0.1419170293956995,1.081292051821947,0.6125000072643161,1.8407909665256739
1252,Zhuoran,movement,unavailable_in_sd_path,39,intent_directory,/Users/zilongzeng/Research/DroneControl/user_study_v3/Zhuoran/Movement/39.wav,Zhuoran/Movement/39.wav,unknown,0.99609375,0.0,0.0,0.99609375,"[-128, -128, 127]",False,,,,,,,,,,,,,0.05779194179922342,1.0959169594570994,0.6255409680306911,1.7849579453468323
1253,Zhuoran,movement,unavailable_in_sd_path,40,intent_directory,/Users/zilongzeng/Research/DroneControl/user_study_v3/Zhuoran/Movement/40.wav,Zhuoran/Movement/40.wav,movement,0.99609375,0.0,0.99609375,0.0,"[-128, 127, -128]",True,,,,,,,,,,,,,0.21483399905264378,1.1413329048082232,0.6219580536708236,1.9840830937027931
1254,Zhuoran,movement,unavailable_in_sd_path,41,intent_directory,/Users/zilongzeng/Research/DroneControl/user_study_v3/Zhuoran/Movement/41.wav,Zhuoran/Movement/41.wav,movement,0.99609375,0.0,0.99609375,0.0,"[-128, 127, -128]",True,,,,,,,,,,,,,0.07095898035913706,1.1192919919267297,0.6207500118762255,1.816582982428372
1255,Zhuoran,movement,unavailable_in_sd_path,42,intent_directory,/Users/zilongzeng/Research/DroneControl/user_study_v3/Zhuoran/Movement/42.wav,Zhuoran/Movement/42.wav,movement,0.99609375,0.0,0.99609375,0.0,"[-128, 127, -128]",True,,,,,,,,,,,,,0.06712507456541061,1.1294169817119837,0.6226670229807496,1.8245420651510358
1256,Zhuoran,movement,unavailable_in_sd_path,43,intent_directory,/Users/zilongzeng/Research/DroneControl/user_study_v3/Zhuoran/Movement/43.wav,Zhuoran/Movement/43.wav,unknown,0.50390625,0.4140625,0.08203125,0.50390625,"[-22, -107, 1]",False,,,,,,,,,,,,,0.16449997201561928,1.1307080276310444,0.6112079136073589,1.911250059492886
1257,Zhuoran,movement,unavailable_in_sd_path,44,intent_directory,/Users/zilongzeng/Research/DroneControl/user_study_v3/Zhuoran/Movement/44.wav,Zhuoran/Movement/44.wav,movement,0.99609375,0.0,0.99609375,0.0,"[-128, 127, -128]",True,,,,,,,,,,,,,0.0602079089730978,1.3695000670850277,0.620041973888874,2.0548339234665036
1258,Zhuoran,movement,unavailable_in_sd_path,45,intent_directory,/Users/zilongzeng/Research/DroneControl/user_study_v3/Zhuoran/Movement/45.wav,Zhuoran/Movement/45.wav,movement,0.6484375,0.0,0.6484375,0.3515625,"[-128, 38, -38]",True,,,,,,,,,,,,,0.06616697646677494,1.1285829823464155,0.6318750092759728,1.8317080102860928
1259,Zhuoran,movement,unavailable_in_sd_path,46,intent_directory,/Users/zilongzeng/Research/DroneControl/user_study_v3/Zhuoran/Movement/46.wav,Zhuoran/Movement/46.wav,movement,0.99609375,0.0,0.99609375,0.0,"[-128, 127, -128]",True,,,,,,,,,,,,,0.06066600326448679,1.110625104047358,0.6120409816503525,1.7880420200526714
1260,Zhuoran,movement,unavailable_in_sd_path,47,intent_directory,/Users/zilongzeng/Research/DroneControl/user_study_v3/Zhuoran/Movement/47.wav,Zhuoran/Movement/47.wav,movement,0.99609375,0.0,0.99609375,0.0,"[-128, 127, -128]",True,,,,,,,,,,,,,0.05737505853176117,1.0797498980537057,0.6155000301077962,1.7572089564055204
1261,Zhuoran,movement,unavailable_in_sd_path,48,intent_directory,/Users/zilongzeng/Research/DroneControl/user_study_v3/Zhuoran/Movement/48.wav,Zhuoran/Movement/48.wav,movement,0.55078125,0.0,0.55078125,0.44921875,"[-128, 13, -13]",True,,,,,,,,,,,,,0.050083035603165627,1.080416957847774,0.7644998840987682,1.9358339486643672
1262,Zhuoran,movement,unavailable_in_sd_path,49,intent_directory,/Users/zilongzeng/Research/DroneControl/user_study_v3/Zhuoran/Movement/49.wav,Zhuoran/Movement/49.wav,movement,0.99609375,0.0,0.99609375,0.00390625,"[-128, 127, -127]",True,,,,,,,,,,,,,0.16525003593415022,1.1420409427955747,0.633792020380497,1.948542078025639
1263,Zhuoran,unknown,unavailable_in_sd_path,0,intent_directory,/Users/zilongzeng/Research/DroneControl/user_study_v3/Zhuoran/Unknown/0.wav,Zhuoran/Unknown/0.wav,unknown,0.99609375,0.0,0.0,0.99609375,"[-128, -128, 127]",True,,,,,,,,,,,,,0.09220803622156382,1.1142080184072256,0.6132919806987047,1.8244590610265732
1264,Zhuoran,unknown,unavailable_in_sd_path,1,intent_directory,/Users/zilongzeng/Research/DroneControl/user_study_v3/Zhuoran/Unknown/1.wav,Zhuoran/Unknown/1.wav,unknown,0.99609375,0.0,0.0,0.99609375,"[-128, -128, 127]",True,,,,,,,,,,,,,0.06204098463058472,1.1103330180048943,0.6127499509602785,1.7900830134749413
1265,Zhuoran,unknown,unavailable_in_sd_path,2,intent_directory,/Users/zilongzeng/Research/DroneControl/user_study_v3/Zhuoran/Unknown/2.wav,Zhuoran/Unknown/2.wav,unknown,0.99609375,0.0,0.0,0.99609375,"[-128, -128, 127]",True,,,,,,,,,,,,,0.05445897113531828,1.1108750477433205,0.6282089743763208,1.7980409320443869
1266,Zhuoran,unknown,unavailable_in_sd_path,3,intent_directory,/Users/zilongzeng/Research/DroneControl/user_study_v3/Zhuoran/Unknown/3.wav,Zhuoran/Unknown/3.wav,emergency,0.9921875,0.9921875,0.0,0.0078125,"[126, -128, -126]",False,,,,,,,,,,,,,0.058542005717754364,1.3357499847188592,0.634124968200922,2.033500000834465
1267,Zhuoran,unknown,unavailable_in_sd_path,4,intent_directory,/Users/zilongzeng/Research/DroneControl/user_study_v3/Zhuoran/Unknown/4.wav,Zhuoran/Unknown/4.wav,unknown,0.99609375,0.0,0.0,0.99609375,"[-128, -128, 127]",True,,,,,,,,,,,,,0.22258399985730648,1.1077090166509151,0.6060838932171464,1.9414160633459687
1268,Zhuoran,unknown,unavailable_in_sd_path,5,intent_directory,/Users/zilongzeng/Research/DroneControl/user_study_v3/Zhuoran/Unknown/5.wav,Zhuoran/Unknown/5.wav,unknown,0.99609375,0.0,0.0,0.99609375,"[-128, -128, 127]",True,,,,,,,,,,,,,0.22016605362296104,1.0382910259068012,0.604833010584116,1.8682500813156366
1269,Zhuoran,unknown,unavailable_in_sd_path,6,intent_directory,/Users/zilongzeng/Research/DroneControl/user_study_v3/Zhuoran/Unknown/6.wav,Zhuoran/Unknown/6.wav,unknown,0.99609375,0.0,0.0,0.99609375,"[-128, -128, 127]",True,,,,,,,,,,,,,0.05708402022719383,1.1308749672025442,0.6030829390510917,1.7958329990506172
1270,Zhuoran,unknown,unavailable_in_sd_path,7,intent_directory,/Users/zilongzeng/Research/DroneControl/user_study_v3/Zhuoran/Unknown/7.wav,Zhuoran/Unknown/7.wav,unknown,0.99609375,0.0,0.0,0.99609375,"[-128, -128, 127]",True,,,,,,,,,,,,,0.05825003609061241,1.1433330364525318,0.6858749547973275,1.9280420383438468
1271,Zhuoran,unknown,unavailable_in_sd_path,8,intent_directory,/Users/zilongzeng/Research/DroneControl/user_study_v3/Zhuoran/Unknown/8.wav,Zhuoran/Unknown/8.wav,unknown,0.99609375,0.0,0.0,0.99609375,"[-128, -128, 127]",True,,,,,,,,,,,,,0.16412499826401472,1.2177909957244992,0.6285840645432472,2.0169169874861836
1272,Zhuoran,unknown,unavailable_in_sd_path,9,intent_directory,/Users/zilongzeng/Research/DroneControl/user_study_v3/Zhuoran/Unknown/9.wav,Zhuoran/Unknown/9.wav,unknown,0.99609375,0.0,0.0,0.99609375,"[-128, -128, 127]",True,,,,,,,,,,,,,0.05983398295938969,1.1393750319257379,0.6084999768063426,1.812665956094861
1273,Zhuoran,unknown,unavailable_in_sd_path,10,intent_directory,/Users/zilongzeng/Research/DroneControl/user_study_v3/Zhuoran/Unknown/10.wav,Zhuoran/Unknown/10.wav,unknown,0.99609375,0.0,0.0,0.99609375,"[-128, -128, 127]",True,,,,,,,,,,,,,0.05312496796250343,1.0889170225709677,0.6111669354140759,1.7577910330146551
1274,Zhuoran,unknown,unavailable_in_sd_path,11,intent_directory,/Users/zilongzeng/Research/DroneControl/user_study_v3/Zhuoran/Unknown/11.wav,Zhuoran/Unknown/11.wav,unknown,0.99609375,0.0,0.0,0.99609375,"[-128, -128, 127]",True,,,,,,,,,,,,,0.1912080915644765,1.0755000403150916,0.6296669598668814,1.9018749007955194
1275,Zhuoran,unknown,unavailable_in_sd_path,12,intent_directory,/Users/zilongzeng/Research/DroneControl/user_study_v3/Zhuoran/Unknown/12.wav,Zhuoran/Unknown/12.wav,unknown,0.99609375,0.0,0.0,0.99609375,"[-128, -128, 127]",True,,,,,,,,,,,,,0.21579198073595762,1.2104170164093375,0.6272080354392529,2.0588330226019025
1276,Zhuoran,unknown,unavailable_in_sd_path,13,intent_directory,/Users/zilongzeng/Research/DroneControl/user_study_v3/Zhuoran/Unknown/13.wav,Zhuoran/Unknown/13.wav,unknown,0.984375,0.0,0.015625,0.984375,"[-128, -124, 124]",True,,,,,,,,,,,,,0.25445909705013037,1.0611669858917594,0.6089999806135893,1.92958302795887
1277,Zhuoran,unknown,unavailable_in_sd_path,14,intent_directory,/Users/zilongzeng/Research/DroneControl/user_study_v3/Zhuoran/Unknown/14.wav,Zhuoran/Unknown/14.wav,unknown,0.99609375,0.0,0.0,0.99609375,"[-128, -128, 127]",True,,,,,,,,,,,,,0.05666702054440975,1.175291952677071,0.6139170145615935,1.8509170040488243
1278,Zhuoran,unknown,unavailable_in_sd_path,15,intent_directory,/Users/zilongzeng/Research/DroneControl/user_study_v3/Zhuoran/Unknown/15.wav,Zhuoran/Unknown/15.wav,movement,0.59765625,0.0,0.59765625,0.3984375,"[-128, 25, -26]",False,,,,,,,,,,,,,0.06216694600880146,1.1436250060796738,0.6137919845059514,1.8244589446112514
1279,Zhuoran,unknown,unavailable_in_sd_path,16,intent_directory,/Users/zilongzeng/Research/DroneControl/user_study_v3/Zhuoran/Unknown/16.wav,Zhuoran/Unknown/16.wav,emergency,0.98828125,0.98828125,0.0,0.0078125,"[125, -128, -126]",False,,,,,,,,,,,,,0.05854095797985792,1.3480409979820251,0.6358750397339463,2.0482500549405813
1280,Zhuoran,unknown,unavailable_in_sd_path,17,intent_directory,/Users/zilongzeng/Research/DroneControl/user_study_v3/Zhuoran/Unknown/17.wav,Zhuoran/Unknown/17.wav,movement,0.99609375,0.0,0.99609375,0.0,"[-128, 127, -128]",False,,,,,,,,,,,,,0.08370901923626661,1.1576249962672591,0.6125409854575992,1.8588328966870904
1281,Zhuoran,unknown,unavailable_in_sd_path,18,intent_directory,/Users/zilongzeng/Research/DroneControl/user_study_v3/Zhuoran/Unknown/18.wav,Zhuoran/Unknown/18.wav,emergency,0.99609375,0.99609375,0.0,0.0,"[127, -128, -128]",False,,,,,,,,,,,,,0.056999968364834785,1.2651659781113267,0.663040904328227,1.9900830229744315
1282,Zhuoran,unknown,unavailable_in_sd_path,19,intent_directory,/Users/zilongzeng/Research/DroneControl/user_study_v3/Zhuoran/Unknown/19.wav,Zhuoran/Unknown/19.wav,unknown,0.99609375,0.0,0.0,0.99609375,"[-128, -128, 127]",True,,,,,,,,,,,,,0.06429199129343033,1.206416985951364,0.6347920279949903,1.9153750035911798
1283,Zhuoran,unknown,unavailable_in_sd_path,20,intent_directory,/Users/zilongzeng/Research/DroneControl/user_study_v3/Zhuoran/Unknown/20.wav,Zhuoran/Unknown/20.wav,movement,0.99609375,0.0,0.99609375,0.0,"[-128, 127, -128]",False,,,,,,,,,,,,,0.1985830022022128,1.3853330165147781,0.6452909437939525,2.2357499692589045
1284,Zhuoran,unknown,unavailable_in_sd_path,21,intent_directory,/Users/zilongzeng/Research/DroneControl/user_study_v3/Zhuoran/Unknown/21.wav,Zhuoran/Unknown/21.wav,movement,0.99609375,0.0,0.99609375,0.0,"[-128, 127, -128]",False,,,,,,,,,,,,,0.20999996922910213,1.1282910127192736,0.6109579699113965,1.9539999775588512
1285,Zhuoran,unknown,unavailable_in_sd_path,22,intent_directory,/Users/zilongzeng/Research/DroneControl/user_study_v3/Zhuoran/Unknown/22.wav,Zhuoran/Unknown/22.wav,emergency,0.99609375,0.99609375,0.0,0.0,"[127, -128, -128]",False,,,,,,,,,,,,,0.061333063058555126,1.280832919292152,0.6267079152166843,1.9784169271588326
1286,Zhuoran,unknown,unavailable_in_sd_path,23,intent_directory,/Users/zilongzeng/Research/DroneControl/user_study_v3/Zhuoran/Unknown/23.wav,Zhuoran/Unknown/23.wav,movement,0.99609375,0.0,0.99609375,0.0,"[-128, 127, -128]",False,,,,,,,,,,,,,0.18508301582187414,1.1410829611122608,0.6173329893499613,1.9497500034049153
1287,Zhuoran,unknown,unavailable_in_sd_path,24,intent_directory,/Users/zilongzeng/Research/DroneControl/user_study_v3/Zhuoran/Unknown/24.wav,Zhuoran/Unknown/24.wav,emergency,0.87890625,0.87890625,0.04296875,0.078125,"[97, -117, -108]",False,,,,,,,,,,,,,0.06966700311750174,1.1127080069854856,0.689166015945375,1.8818749813362956
1288,Zhuoran,unknown,unavailable_in_sd_path,25,intent_directory,/Users/zilongzeng/Research/DroneControl/user_study_v3/Zhuoran/Unknown/25.wav,Zhuoran/Unknown/25.wav,unknown,0.99609375,0.0,0.0,0.99609375,"[-128, -128, 127]",True,,,,,,,,,,,,,0.06491702515631914,1.130040967836976,0.627207919023931,1.8269580323249102
1289,Zhuoran,unknown,unavailable_in_sd_path,26,intent_directory,/Users/zilongzeng/Research/DroneControl/user_study_v3/Zhuoran/Unknown/26.wav,Zhuoran/Unknown/26.wav,unknown,0.984375,0.0,0.015625,0.984375,"[-128, -124, 124]",True,,,,,,,,,,,,,0.05583302117884159,1.0727079352363944,0.634124968200922,1.7674999544396996
1290,Zhuoran,unknown,unavailable_in_sd_path,27,intent_directory,/Users/zilongzeng/Research/DroneControl/user_study_v3/Zhuoran/Unknown/27.wav,Zhuoran/Unknown/27.wav,unknown,0.99609375,0.0,0.0,0.99609375,"[-128, -128, 127]",True,,,,,,,,,,,,,0.06004201713949442,1.2757080839946866,0.6264999974519014,1.9727499457076192
1291,Zhuoran,unknown,unavailable_in_sd_path,28,intent_directory,/Users/zilongzeng/Research/DroneControl/user_study_v3/Zhuoran/Unknown/28.wav,Zhuoran/Unknown/28.wav,unknown,0.99609375,0.0,0.0,0.99609375,"[-128, -128, 127]",True,,,,,,,,,,,,,0.20404194947332144,1.1626669438555837,0.6349170580506325,2.0087090088054538
1292,Zhuoran,unknown,unavailable_in_sd_path,29,intent_directory,/Users/zilongzeng/Research/DroneControl/user_study_v3/Zhuoran/Unknown/29.wav,Zhuoran/Unknown/29.wav,unknown,0.99609375,0.0,0.0,0.99609375,"[-128, -128, 127]",True,,,,,,,,,,,,,0.14962500426918268,1.2346250005066395,0.6448749918490648,2.0352499559521675
1293,Zhuoran,unknown,unavailable_in_sd_path,30,intent_directory,/Users/zilongzeng/Research/DroneControl/user_study_v3/Zhuoran/Unknown/30.wav,Zhuoran/Unknown/30.wav,unknown,0.99609375,0.0,0.0,0.99609375,"[-128, -128, 127]",True,,,,,,,,,,,,,0.0778749817982316,1.0982089443132281,0.608125003054738,1.7890830058604479
1294,Zhuoran,unknown,unavailable_in_sd_path,31,intent_directory,/Users/zilongzeng/Research/DroneControl/user_study_v3/Zhuoran/Unknown/31.wav,Zhuoran/Unknown/31.wav,unknown,0.984375,0.015625,0.0,0.984375,"[-124, -128, 124]",True,,,,,,,,,,,,,0.06350001785904169,1.1098330141976476,0.6058750441297889,1.7838330240920186
1295,Zhuoran,unknown,unavailable_in_sd_path,32,intent_directory,/Users/zilongzeng/Research/DroneControl/user_study_v3/Zhuoran/Unknown/32.wav,Zhuoran/Unknown/32.wav,unknown,0.99609375,0.0,0.0,0.99609375,"[-128, -128, 127]",True,,,,,,,,,,,,,0.20162505097687244,1.09570799395442,0.6172499852254987,1.9191669998690486
1296,Zhuoran,unknown,unavailable_in_sd_path,33,intent_directory,/Users/zilongzeng/Research/DroneControl/user_study_v3/Zhuoran/Unknown/33.wav,Zhuoran/Unknown/33.wav,emergency,0.9609375,0.9609375,0.0,0.0390625,"[118, -128, -118]",False,,,,,,,,,,,,,0.19608298316597939,1.2843749718740582,0.6214170716702938,2.1074580727145076
1297,Zhuoran,unknown,unavailable_in_sd_path,34,intent_directory,/Users/zilongzeng/Research/DroneControl/user_study_v3/Zhuoran/Unknown/34.wav,Zhuoran/Unknown/34.wav,emergency,0.5,0.5,0.5,0.0,"[0, 0, -128]",False,,,,,,,,,,,,,0.06983301136642694,1.173499971628189,0.6082500331103802,1.8565419595688581
1298,Zhuoran,unknown,unavailable_in_sd_path,35,intent_directory,/Users/zilongzeng/Research/DroneControl/user_study_v3/Zhuoran/Unknown/35.wav,Zhuoran/Unknown/35.wav,movement,0.99609375,0.0,0.99609375,0.0,"[-128, 127, -128]",False,,,,,,,,,,,,,0.06441690493375063,1.0909999255090952,0.6139579927548766,1.7744590295478702
1299,Zhuoran,unknown,unavailable_in_sd_path,36,intent_directory,/Users/zilongzeng/Research/DroneControl/user_study_v3/Zhuoran/Unknown/36.wav,Zhuoran/Unknown/36.wav,unknown,0.99609375,0.0,0.0,0.99609375,"[-128, -128, 127]",True,,,,,,,,,,,,,0.1860830234363675,1.1036249343305826,0.5984170129522681,1.8930420046672225
1300,Zhuoran,unknown,unavailable_in_sd_path,37,intent_directory,/Users/zilongzeng/Research/DroneControl/user_study_v3/Zhuoran/Unknown/37.wav,Zhuoran/Unknown/37.wav,emergency,0.99609375,0.99609375,0.0,0.0,"[127, -128, -128]",False,,,,,,,,,,,,,0.2086659660562873,1.089792000129819,0.7932919543236494,2.098291995935142
1301,Zhuoran,unknown,unavailable_in_sd_path,38,intent_directory,/Users/zilongzeng/Research/DroneControl/user_study_v3/Zhuoran/Unknown/38.wav,Zhuoran/Unknown/38.wav,emergency,0.69140625,0.69140625,0.16796875,0.13671875,"[49, -85, -93]",False,,,,,,,,,,,,,0.19033299759030342,1.1840000515803695,0.6137919845059514,1.9929580157622695
1302,Zhuoran,unknown,unavailable_in_sd_path,39,intent_directory,/Users/zilongzeng/Research/DroneControl/user_study_v3/Zhuoran/Unknown/39.wav,Zhuoran/Unknown/39.wav,emergency,0.953125,0.953125,0.0,0.046875,"[116, -128, -116]",False,,,,,,,,,,,,,0.20245800260454416,1.2617079773917794,0.6342499982565641,2.10787495598197
1303,Zhuoran,unknown,unavailable_in_sd_path,40,intent_directory,/Users/zilongzeng/Research/DroneControl/user_study_v3/Zhuoran/Unknown/40.wav,Zhuoran/Unknown/40.wav,unknown,0.99609375,0.0,0.0,0.99609375,"[-128, -128, 127]",True,,,,,,,,,,,,,0.3617920447140932,1.1462080292403698,0.6163750076666474,2.129458007402718
1304,Zhuoran,unknown,unavailable_in_sd_path,41,intent_directory,/Users/zilongzeng/Research/DroneControl/user_study_v3/Zhuoran/Unknown/41.wav,Zhuoran/Unknown/41.wav,unknown,0.99609375,0.0,0.0,0.99609375,"[-128, -128, 127]",True,,,,,,,,,,,,,0.05908403545618057,1.1133329244330525,0.77104102820158,1.9522910006344318
1305,Zhuoran,unknown,unavailable_in_sd_path,42,intent_directory,/Users/zilongzeng/Research/DroneControl/user_study_v3/Zhuoran/Unknown/42.wav,Zhuoran/Unknown/42.wav,unknown,0.99609375,0.0,0.0,0.99609375,"[-128, -128, 127]",True,,,,,,,,,,,,,0.06716698408126831,1.1735419975593686,0.6232920568436384,1.8687909469008446
1306,Zhuoran,unknown,unavailable_in_sd_path,43,intent_directory,/Users/zilongzeng/Research/DroneControl/user_study_v3/Zhuoran/Unknown/43.wav,Zhuoran/Unknown/43.wav,movement,0.99609375,0.0,0.99609375,0.0,"[-128, 127, -128]",False,,,,,,,,,,,,,0.07162499241530895,1.1302090715616941,0.6083749467507005,1.814875053241849
1307,Zhuoran,unknown,unavailable_in_sd_path,44,intent_directory,/Users/zilongzeng/Research/DroneControl/user_study_v3/Zhuoran/Unknown/44.wav,Zhuoran/Unknown/44.wav,movement,0.99609375,0.0,0.99609375,0.0,"[-128, 127, -128]",False,,,,,,,,,,,,,0.057958997786045074,1.1192919919267297,0.637084012851119,1.8189999973401427
1308,Zhuoran,unknown,unavailable_in_sd_path,45,intent_directory,/Users/zilongzeng/Research/DroneControl/user_study_v3/Zhuoran/Unknown/45.wav,Zhuoran/Unknown/45.wav,unknown,0.99609375,0.0,0.0,0.99609375,"[-128, -128, 127]",True,,,,,,,,,,,,,0.05358306225389242,1.0782919125631452,0.6130420370027423,1.749749993905425
1309,Zhuoran,unknown,unavailable_in_sd_path,46,intent_directory,/Users/zilongzeng/Research/DroneControl/user_study_v3/Zhuoran/Unknown/46.wav,Zhuoran/Unknown/46.wav,unknown,0.99609375,0.0,0.0,0.99609375,"[-128, -128, 127]",True,,,,,,,,,,,,,0.0576250022277236,1.348499907180667,0.644249957986176,2.0560409175232053
1310,Zhuoran,unknown,unavailable_in_sd_path,47,intent_directory,/Users/zilongzeng/Research/DroneControl/user_study_v3/Zhuoran/Unknown/47.wav,Zhuoran/Unknown/47.wav,emergency,0.99609375,0.99609375,0.0,0.0,"[127, -128, -128]",False,,,,,,,,,,,,,0.09566592052578926,1.1633329559117556,0.6075419951230288,1.8714169273152947
1311,Zhuoran,unknown,unavailable_in_sd_path,48,intent_directory,/Users/zilongzeng/Research/DroneControl/user_study_v3/Zhuoran/Unknown/48.wav,Zhuoran/Unknown/48.wav,unknown,0.99609375,0.0,0.0,0.99609375,"[-128, -128, 127]",True,,,,,,,,,,,,,0.07075001485645771,1.1055420618504286,0.6051249802112579,1.78604107350111
1312,Zhuoran,unknown,unavailable_in_sd_path,49,intent_directory,/Users/zilongzeng/Research/DroneControl/user_study_v3/Zhuoran/Unknown/49.wav,Zhuoran/Unknown/49.wav,unknown,0.59765625,0.40234375,0.0,0.59765625,"[-25, -128, 25]",True,,,,,,,,,,,,,0.19341707229614258,1.1183330789208412,0.6040409207344055,1.9208749290555716
1313,Zilong,emergency,stop,1,intent_directory,/Users/zilongzeng/Research/DroneControl/user_study_v3/Zilong/emergency/stop/1.wav,Zilong/emergency/stop/1.wav,emergency,0.70703125,0.70703125,0.2578125,0.03515625,"[53, -62, -119]",True,,,,,,,,,,,,,0.22387492936104536,1.2967920629307628,0.655125011689961,2.1812079939991236
1314,Zilong,emergency,stop,2,intent_directory,/Users/zilongzeng/Research/DroneControl/user_study_v3/Zilong/emergency/stop/2.wav,Zilong/emergency/stop/2.wav,emergency,0.73046875,0.73046875,0.21875,0.0546875,"[59, -72, -114]",True,,,,,,,,,,,,,0.20929204765707254,1.2242079246789217,0.6379999686032534,2.080957987345755
1315,Zilong,emergency,stop,3,intent_directory,/Users/zilongzeng/Research/DroneControl/user_study_v3/Zilong/emergency/stop/3.wav,Zilong/emergency/stop/3.wav,emergency,0.99609375,0.99609375,0.0,0.0,"[127, -128, -128]",True,,,,,,,,,,,,,0.31937507446855307,1.1312919668853283,0.6297089857980609,2.0852499874308705
1316,Zilong,emergency,stop,4,intent_directory,/Users/zilongzeng/Research/DroneControl/user_study_v3/Zilong/emergency/stop/4.wav,Zilong/emergency/stop/4.wav,movement,0.98046875,0.015625,0.98046875,0.0,"[-124, 123, -128]",False,,,,,,,,,,,,,0.06074993871152401,1.1081249685958028,0.5964169977232814,1.7702499171718955
1317,Zilong,emergency,stop,5,intent_directory,/Users/zilongzeng/Research/DroneControl/user_study_v3/Zilong/emergency/stop/5.wav,Zilong/emergency/stop/5.wav,emergency,0.96484375,0.96484375,0.01171875,0.02734375,"[119, -125, -121]",True,,,,,,,,,,,,,0.1938749337568879,1.221999991685152,0.6383749423548579,2.0641250303015113
1318,Zilong,emergency,stop,6,intent_directory,/Users/zilongzeng/Research/DroneControl/user_study_v3/Zilong/emergency/stop/6.wav,Zilong/emergency/stop/6.wav,emergency,0.63671875,0.63671875,0.34765625,0.015625,"[35, -39, -124]",True,,,,,,,,,,,,,0.3536669537425041,1.1197500862181187,0.6282080430537462,2.1074579562991858
1319,Zilong,emergency,stop,7,intent_directory,/Users/zilongzeng/Research/DroneControl/user_study_v3/Zilong/emergency/stop/7.wav,Zilong/emergency/stop/7.wav,unknown,0.953125,0.046875,0.0,0.953125,"[-116, -128, 116]",False,,,,,,,,,,,,,0.22845901548862457,1.0687920730561018,0.6224579410627484,1.9243750721216202
1320,Zilong,emergency,stop,8,intent_directory,/Users/zilongzeng/Research/DroneControl/user_study_v3/Zilong/emergency/stop/8.wav,Zilong/emergency/stop/8.wav,movement,0.8125,0.02734375,0.8125,0.16015625,"[-121, 80, -87]",False,,,,,,,,,,,,,0.2232920378446579,1.0630410397425294,0.634040916338563,1.9253329373896122
1321,Zilong,emergency,stop,9,intent_directory,/Users/zilongzeng/Research/DroneControl/user_study_v3/Zilong/emergency/stop/9.wav,Zilong/emergency/stop/9.wav,movement,0.44140625,0.19921875,0.44140625,0.359375,"[-77, -15, -36]",False,,,,,,,,,,,,,0.05962501745671034,1.0907910764217377,0.7000830955803394,1.8904999596998096
1322,Zilong,emergency,stop,10,intent_directory,/Users/zilongzeng/Research/DroneControl/user_study_v3/Zilong/emergency/stop/10.wav,Zilong/emergency/stop/10.wav,emergency,0.5234375,0.5234375,0.12890625,0.34765625,"[6, -95, -39]",True,,,,,,,,,,,,,0.18033396918326616,1.1119169648736715,0.6401250138878822,1.9384169718250632
1323,Zilong,emergency,hold,11,intent_directory,/Users/zilongzeng/Research/DroneControl/user_study_v3/Zilong/emergency/hold/11.wav,Zilong/emergency/hold/11.wav,movement,0.7109375,0.171875,0.7109375,0.1171875,"[-84, 54, -98]",False,,,,,,,,,,,,,0.08729205001145601,1.1052089976146817,0.6052500102669001,1.8024590099230409
1324,Zilong,emergency,hold,12,intent_directory,/Users/zilongzeng/Research/DroneControl/user_study_v3/Zilong/emergency/hold/12.wav,Zilong/emergency/hold/12.wav,unknown,0.99609375,0.0,0.0,0.99609375,"[-128, -128, 127]",False,,,,,,,,,,,,,0.06104202475398779,1.0691670468077064,0.6233329186215997,1.7582920845597982
1325,Zilong,emergency,hold,13,intent_directory,/Users/zilongzeng/Research/DroneControl/user_study_v3/Zilong/emergency/hold/13.wav,Zilong/emergency/hold/13.wav,movement,0.9609375,0.0,0.9609375,0.0390625,"[-128, 118, -118]",False,,,,,,,,,,,,,0.059707905165851116,1.0942500084638596,0.6179580232128501,1.7766669625416398
1326,Zilong,emergency,hold,14,intent_directory,/Users/zilongzeng/Research/DroneControl/user_study_v3/Zilong/emergency/hold/14.wav,Zilong/emergency/hold/14.wav,movement,0.83203125,0.13671875,0.83203125,0.03125,"[-93, 85, -120]",False,,,,,,,,,,,,,0.15004107262939215,1.343333045952022,0.6147080566734076,2.113458001986146
1327,Zilong,emergency,hold,15,intent_directory,/Users/zilongzeng/Research/DroneControl/user_study_v3/Zilong/emergency/hold/15.wav,Zilong/emergency/hold/15.wav,emergency,0.57421875,0.57421875,0.3125,0.11328125,"[19, -48, -99]",True,,,,,,,,,,,,,0.21408393513411283,1.1575000826269388,0.6138751050457358,1.990125048905611
1328,Zilong,emergency,hold,16,intent_directory,/Users/zilongzeng/Research/DroneControl/user_study_v3/Zilong/emergency/hold/16.wav,Zilong/emergency/hold/16.wav,movement,0.62109375,0.2265625,0.62109375,0.15234375,"[-70, 31, -89]",False,,,,,,,,,,,,,0.06658292841166258,1.1107920436188579,0.6055829580873251,1.7877919599413872
1329,Zilong,emergency,hold,17,intent_directory,/Users/zilongzeng/Research/DroneControl/user_study_v3/Zilong/emergency/hold/17.wav,Zilong/emergency/hold/17.wav,emergency,0.4453125,0.4453125,0.109375,0.4453125,"[-14, -100, -14]",True,,,,,,,,,,,,,0.055459095165133476,1.1231671087443829,0.6039169384166598,1.7872500466182828
1330,Zilong,emergency,hold,18,intent_directory,/Users/zilongzeng/Research/DroneControl/user_study_v3/Zilong/emergency/hold/18.wav,Zilong/emergency/hold/18.wav,unknown,0.86328125,0.04296875,0.09375,0.86328125,"[-117, -104, 93]",False,,,,,,,,,,,,,0.05529099144041538,1.2367080198600888,0.633041956461966,1.9347920315340161
1331,Zilong,emergency,hold,19,intent_directory,/Users/zilongzeng/Research/DroneControl/user_study_v3/Zilong/emergency/hold/19.wav,Zilong/emergency/hold/19.wav,emergency,0.7109375,0.7109375,0.2109375,0.078125,"[54, -74, -108]",True,,,,,,,,,,,,,0.19116606563329697,1.1784590315073729,0.6234170868992805,1.9992919405922294
1332,Zilong,emergency,hold,20,intent_directory,/Users/zilongzeng/Research/DroneControl/user_study_v3/Zilong/emergency/hold/20.wav,Zilong/emergency/hold/20.wav,unknown,0.703125,0.2578125,0.04296875,0.703125,"[-62, -117, 52]",False,,,,,,,,,,,,,0.07741700392216444,1.1117500253021717,0.6132499547675252,1.8074590479955077
1333,Zilong,emergency,freeze,21,intent_directory,/Users/zilongzeng/Research/DroneControl/user_study_v3/Zilong/emergency/freeze/21.wav,Zilong/emergency/freeze/21.wav,unknown,0.99609375,0.0,0.0,0.99609375,"[-128, -128, 127]",False,,,,,,,,,,,,,0.06400002166628838,1.1192919919267297,0.6342909764498472,1.822874997742474
1334,Zilong,emergency,freeze,22,intent_directory,/Users/zilongzeng/Research/DroneControl/user_study_v3/Zilong/emergency/freeze/22.wav,Zilong/emergency/freeze/22.wav,unknown,0.9375,0.00390625,0.0546875,0.9375,"[-127, -114, 112]",False,,,,,,,,,,,,,0.058416975662112236,1.1163329472765326,0.7645830046385527,1.9799999427050352
1335,Zilong,emergency,freeze,23,intent_directory,/Users/zilongzeng/Research/DroneControl/user_study_v3/Zilong/emergency/freeze/23.wav,Zilong/emergency/freeze/23.wav,unknown,0.453125,0.30078125,0.24609375,0.453125,"[-51, -65, -12]",False,,,,,,,,,,,,,0.17962499987334013,1.3632079353556037,0.641374965198338,2.191249979659915
1336,Zilong,emergency,freeze,24,intent_directory,/Users/zilongzeng/Research/DroneControl/user_study_v3/Zilong/emergency/freeze/24.wav,Zilong/emergency/freeze/24.wav,unknown,0.8828125,0.1171875,0.0,0.8828125,"[-98, -128, 98]",False,,,,,,,,,,,,,0.10858289897441864,1.138749998062849,0.6209999555721879,1.8740419764071703
1337,Zilong,emergency,freeze,25,intent_directory,/Users/zilongzeng/Research/DroneControl/user_study_v3/Zilong/emergency/freeze/25.wav,Zilong/emergency/freeze/25.wav,unknown,0.7578125,0.2265625,0.01171875,0.7578125,"[-70, -125, 66]",False,,,,,,,,,,,,,0.06816699169576168,1.1571249924600124,0.6166249513626099,1.8472090596333146
1338,Zilong,emergency,freeze,26,intent_directory,/Users/zilongzeng/Research/DroneControl/user_study_v3/Zilong/emergency/freeze/26.wav,Zilong/emergency/freeze/26.wav,emergency,0.83203125,0.83203125,0.0,0.16796875,"[85, -128, -85]",True,,,,,,,,,,,,,0.07245899178087711,1.133207930251956,0.6095829885452986,1.8202910432592034
1339,Zilong,emergency,freeze,27,intent_directory,/Users/zilongzeng/Research/DroneControl/user_study_v3/Zilong/emergency/freeze/27.wav,Zilong/emergency/freeze/27.wav,unknown,0.64453125,0.3515625,0.0,0.64453125,"[-38, -128, 37]",False,,,,,,,,,,,,,0.06304099224507809,1.3757500564679503,0.6980419857427478,2.145000034943223
1340,Zilong,emergency,freeze,28,intent_directory,/Users/zilongzeng/Research/DroneControl/user_study_v3/Zilong/emergency/freeze/28.wav,Zilong/emergency/freeze/28.wav,emergency,0.37890625,0.37890625,0.30859375,0.30859375,"[-31, -49, -49]",True,,,,,,,,,,,,,0.10920793283730745,1.179249957203865,0.6139170145615935,1.9076670287176967
1341,Zilong,emergency,freeze,29,intent_directory,/Users/zilongzeng/Research/DroneControl/user_study_v3/Zilong/emergency/freeze/29.wav,Zilong/emergency/freeze/29.wav,movement,0.49609375,0.40625,0.49609375,0.09765625,"[-24, -1, -103]",False,,,,,,,,,,,,,0.21241698414087296,1.1737089371308684,0.6048750365152955,1.9957080949097872
1342,Zilong,emergency,freeze,30,intent_directory,/Users/zilongzeng/Research/DroneControl/user_study_v3/Zilong/emergency/freeze/30.wav,Zilong/emergency/freeze/30.wav,emergency,0.51171875,0.51171875,0.0703125,0.41796875,"[3, -110, -21]",True,,,,,,,,,,,,,0.23462506942451,1.0884999064728618,0.6137910531833768,1.9418749725446105
1343,Zilong,emergency,abort,31,intent_directory,/Users/zilongzeng/Research/DroneControl/user_study_v3/Zilong/emergency/abort/31.wav,Zilong/emergency/abort/31.wav,unknown,0.99609375,0.0,0.0,0.99609375,"[-128, -128, 127]",False,,,,,,,,,,,,,0.061125028878450394,1.3574169715866446,0.6560420151799917,2.080750069580972
1344,Zilong,emergency,abort,32,intent_directory,/Users/zilongzeng/Research/DroneControl/user_study_v3/Zilong/emergency/abort/32.wav,Zilong/emergency/abort/32.wav,movement,0.99609375,0.0,0.99609375,0.0,"[-128, 127, -128]",False,,,,,,,,,,,,,0.09300000965595245,1.1924580903723836,0.6252080202102661,1.916541950777173
1345,Zilong,emergency,abort,33,intent_directory,/Users/zilongzeng/Research/DroneControl/user_study_v3/Zilong/emergency/abort/33.wav,Zilong/emergency/abort/33.wav,emergency,0.69140625,0.69140625,0.16796875,0.13671875,"[49, -85, -93]",True,,,,,,,,,,,,,0.07199996616691351,1.1760829947888851,0.6111250258982182,1.863999990746379
1346,Zilong,emergency,abort,34,intent_directory,/Users/zilongzeng/Research/DroneControl/user_study_v3/Zilong/emergency/abort/34.wav,Zilong/emergency/abort/34.wav,emergency,0.859375,0.859375,0.02734375,0.11328125,"[92, -121, -99]",True,,,,,,,,,,,,,0.061832950450479984,1.1338749900460243,0.6068749353289604,1.8076669657602906
1347,Zilong,emergency,abort,35,intent_directory,/Users/zilongzeng/Research/DroneControl/user_study_v3/Zilong/emergency/abort/35.wav,Zilong/emergency/abort/35.wav,movement,0.47265625,0.31640625,0.47265625,0.2109375,"[-47, -7, -74]",False,,,,,,,,,,,,,0.22912491112947464,1.3108750572428107,0.6905419286340475,2.2360000293701887
1348,Zilong,emergency,abort,36,intent_directory,/Users/zilongzeng/Research/DroneControl/user_study_v3/Zilong/emergency/abort/36.wav,Zilong/emergency/abort/36.wav,movement,0.99609375,0.0,0.99609375,0.0,"[-128, 127, -128]",False,,,,,,,,,,,,,0.24283397942781448,1.1122089345008135,0.633333926089108,1.9932918949052691
1349,Zilong,emergency,abort,37,intent_directory,/Users/zilongzeng/Research/DroneControl/user_study_v3/Zilong/emergency/abort/37.wav,Zilong/emergency/abort/37.wav,movement,0.94140625,0.0546875,0.94140625,0.00390625,"[-114, 113, -127]",False,,,,,,,,,,,,,0.19449996761977673,1.122749992646277,0.6285419221967459,1.9507079850882292
1350,Zilong,emergency,abort,38,intent_directory,/Users/zilongzeng/Research/DroneControl/user_study_v3/Zilong/emergency/abort/38.wav,Zilong/emergency/abort/38.wav,movement,0.58984375,0.265625,0.58984375,0.14453125,"[-60, 23, -91]",False,,,,,,,,,,,,,0.2186250640079379,1.0707079200074077,0.629749963991344,1.9239579560235143
1351,Zilong,emergency,abort,39,intent_directory,/Users/zilongzeng/Research/DroneControl/user_study_v3/Zilong/emergency/abort/39.wav,Zilong/emergency/abort/39.wav,emergency,0.4453125,0.4453125,0.4453125,0.109375,"[-14, -14, -100]",True,,,,,,,,,,,,,0.0624579843133688,1.1272910051047802,0.6771659245714545,1.874833949841559
1352,Zilong,emergency,abort,40,intent_directory,/Users/zilongzeng/Research/DroneControl/user_study_v3/Zilong/emergency/abort/40.wav,Zilong/emergency/abort/40.wav,emergency,0.7109375,0.7109375,0.171875,0.1171875,"[54, -84, -98]",True,,,,,,,,,,,,,0.06733299233019352,1.149166957475245,0.6219579372555017,1.843291916884482
1353,Zilong,emergency,help,41,intent_directory,/Users/zilongzeng/Research/DroneControl/user_study_v3/Zilong/emergency/help/41.wav,Zilong/emergency/help/41.wav,movement,0.734375,0.04296875,0.734375,0.21875,"[-117, 60, -72]",False,,,,,,,,,,,,,0.06587500683963299,1.2497080024331808,0.6356670055538416,1.960415975190699
1354,Zilong,emergency,help,42,intent_directory,/Users/zilongzeng/Research/DroneControl/user_study_v3/Zilong/emergency/help/42.wav,Zilong/emergency/help/42.wav,emergency,0.7265625,0.7265625,0.17578125,0.09765625,"[58, -83, -103]",True,,,,,,,,,,,,,0.16612489707767963,1.2574170250445604,0.597541918978095,2.0288749365136027
1355,Zilong,emergency,help,43,intent_directory,/Users/zilongzeng/Research/DroneControl/user_study_v3/Zilong/emergency/help/43.wav,Zilong/emergency/help/43.wav,emergency,0.90625,0.90625,0.03125,0.06640625,"[104, -120, -111]",True,,,,,,,,,,,,,0.12608303222805262,1.1667090002447367,0.7400830509141088,2.04083404969424
1356,Zilong,emergency,help,44,intent_directory,/Users/zilongzeng/Research/DroneControl/user_study_v3/Zilong/emergency/help/44.wav,Zilong/emergency/help/44.wav,unknown,0.671875,0.1640625,0.1640625,0.671875,"[-86, -86, 44]",False,,,,,,,,,,,,,0.06391701754182577,1.1302910279482603,0.6180000491440296,1.8179999897256494
1357,Zilong,emergency,help,45,intent_directory,/Users/zilongzeng/Research/DroneControl/user_study_v3/Zilong/emergency/help/45.wav,Zilong/emergency/help/45.wav,emergency,0.640625,0.640625,0.234375,0.12890625,"[36, -68, -95]",True,,,,,,,,,,,,,0.06479199510067701,1.0810419917106628,0.626874971203506,1.7775410087779164
1358,Zilong,emergency,help,46,intent_directory,/Users/zilongzeng/Research/DroneControl/user_study_v3/Zilong/emergency/help/46.wav,Zilong/emergency/help/46.wav,emergency,0.64453125,0.64453125,0.2890625,0.0703125,"[37, -54, -110]",True,,,,,,,,,,,,,0.06266601849347353,1.272000023163855,0.6325410213321447,1.976833096705377
1359,Zilong,emergency,help,47,intent_directory,/Users/zilongzeng/Research/DroneControl/user_study_v3/Zilong/emergency/help/47.wav,Zilong/emergency/help/47.wav,movement,0.65625,0.29296875,0.65625,0.046875,"[-53, 40, -116]",False,,,,,,,,,,,,,0.20512507762759924,1.2183330254629254,0.7031250279396772,2.133999951183796
1360,Zilong,emergency,help,48,intent_directory,/Users/zilongzeng/Research/DroneControl/user_study_v3/Zilong/emergency/help/48.wav,Zilong/emergency/help/48.wav,emergency,0.61328125,0.61328125,0.0546875,0.3359375,"[29, -114, -42]",True,,,,,,,,,,,,,0.06508303340524435,1.4491250040009618,0.6442089797928929,2.1661670180037618
1361,Zilong,emergency,help,49,intent_directory,/Users/zilongzeng/Research/DroneControl/user_study_v3/Zilong/emergency/help/49.wav,Zilong/emergency/help/49.wav,emergency,0.5859375,0.5859375,0.3203125,0.09375,"[22, -46, -104]",True,,,,,,,,,,,,,0.10387494694441557,1.1785830138251185,0.6047500064596534,1.8922080053016543
1362,Zilong,emergency,help,50,intent_directory,/Users/zilongzeng/Research/DroneControl/user_study_v3/Zilong/emergency/help/50.wav,Zilong/emergency/help/50.wav,movement,0.7578125,0.2265625,0.7578125,0.015625,"[-70, 66, -124]",False,,,,,,,,,,,,,0.19508402328938246,1.1269579408690333,0.6187079707160592,1.9456249428912997
1363,Zilong,movement,go,51,intent_directory,/Users/zilongzeng/Research/DroneControl/user_study_v3/Zilong/movement/go/51.wav,Zilong/movement/go/51.wav,movement,0.99609375,0.0,0.99609375,0.0,"[-128, 127, -128]",True,,,,,,,,,,,,,0.1683329464867711,1.199499936774373,0.6054589757695794,1.9782920135185122
1364,Zilong,movement,go,52,intent_directory,/Users/zilongzeng/Research/DroneControl/user_study_v3/Zilong/movement/go/52.wav,Zilong/movement/go/52.wav,movement,0.99609375,0.0,0.99609375,0.0,"[-128, 127, -128]",True,,,,,,,,,,,,,0.22962503135204315,1.3051670975983143,0.634124968200922,2.174417022615671
1365,Zilong,movement,go,53,intent_directory,/Users/zilongzeng/Research/DroneControl/user_study_v3/Zilong/movement/go/53.wav,Zilong/movement/go/53.wav,emergency,0.66796875,0.66796875,0.2421875,0.08984375,"[43, -66, -105]",False,,,,,,,,,,,,,0.23058289662003517,1.1558750411495566,0.6069589871913195,1.998332911171019
1366,Zilong,movement,go,54,intent_directory,/Users/zilongzeng/Research/DroneControl/user_study_v3/Zilong/movement/go/54.wav,Zilong/movement/go/54.wav,emergency,0.9296875,0.9296875,0.0234375,0.046875,"[110, -122, -116]",False,,,,,,,,,,,,,0.23145903833210468,1.2415419332683086,0.6404999876394868,2.1228750701993704
1367,Zilong,movement,go,55,intent_directory,/Users/zilongzeng/Research/DroneControl/user_study_v3/Zilong/movement/go/55.wav,Zilong/movement/go/55.wav,emergency,0.69921875,0.69921875,0.20703125,0.09375,"[51, -75, -104]",False,,,,,,,,,,,,,0.16475003212690353,1.2110419338569045,0.6211670115590096,2.002792083658278
1368,Zilong,movement,go,56,intent_directory,/Users/zilongzeng/Research/DroneControl/user_study_v3/Zilong/movement/go/56.wav,Zilong/movement/go/56.wav,emergency,0.57421875,0.57421875,0.3828125,0.04296875,"[19, -30, -117]",False,,,,,,,,,,,,,0.21908397320657969,1.3859999598935246,0.630541006103158,2.2414999548345804
1369,Zilong,movement,go,57,intent_directory,/Users/zilongzeng/Research/DroneControl/user_study_v3/Zilong/movement/go/57.wav,Zilong/movement/go/57.wav,movement,0.44140625,0.359375,0.44140625,0.19921875,"[-36, -15, -77]",True,,,,,,,,,,,,,0.2441250253468752,1.1308749672025442,0.6149170221760869,1.994375023059547
1370,Zilong,movement,go,58,intent_directory,/Users/zilongzeng/Research/DroneControl/user_study_v3/Zilong/movement/go/58.wav,Zilong/movement/go/58.wav,movement,0.640625,0.234375,0.640625,0.12890625,"[-68, 36, -95]",True,,,,,,,,,,,,,0.06191700231283903,1.0963340755552053,0.617458950728178,1.780458027496934
1371,Zilong,movement,go,59,intent_directory,/Users/zilongzeng/Research/DroneControl/user_study_v3/Zilong/movement/go/59.wav,Zilong/movement/go/59.wav,movement,0.59375,0.32421875,0.59375,0.078125,"[-45, 24, -108]",True,,,,,,,,,,,,,0.20466709975153208,1.0760839795693755,0.6060419837012887,1.891207997687161
1372,Zilong,movement,go,60,intent_directory,/Users/zilongzeng/Research/DroneControl/user_study_v3/Zilong/movement/go/60.wav,Zilong/movement/go/60.wav,emergency,0.83984375,0.83984375,0.13671875,0.0234375,"[87, -93, -122]",False,,,,,,,,,,,,,0.20879099611192942,1.3210829347372055,0.606624991632998,2.1415420342236757
1373,Zilong,movement,forward,61,intent_directory,/Users/zilongzeng/Research/DroneControl/user_study_v3/Zilong/movement/forward/61.wav,Zilong/movement/forward/61.wav,unknown,0.953125,0.0,0.046875,0.953125,"[-128, -116, 116]",False,,,,,,,,,,,,,0.06266706623136997,1.1281670304015279,0.6163750076666474,1.8118330044671893
1374,Zilong,movement,forward,62,intent_directory,/Users/zilongzeng/Research/DroneControl/user_study_v3/Zilong/movement/forward/62.wav,Zilong/movement/forward/62.wav,movement,0.60546875,0.33203125,0.60546875,0.06640625,"[-43, 27, -111]",True,,,,,,,,,,,,,0.06129196844995022,1.2140419567003846,0.6388750625774264,1.9238339737057686
1375,Zilong,movement,forward,63,intent_directory,/Users/zilongzeng/Research/DroneControl/user_study_v3/Zilong/movement/forward/63.wav,Zilong/movement/forward/63.wav,emergency,0.80078125,0.80078125,0.00390625,0.1953125,"[77, -127, -78]",False,,,,,,,,,,,,,0.20374997984617949,1.118374988436699,0.6119590252637863,1.9392500398680568
1376,Zilong,movement,forward,64,intent_directory,/Users/zilongzeng/Research/DroneControl/user_study_v3/Zilong/movement/forward/64.wav,Zilong/movement/forward/64.wav,emergency,0.80078125,0.80078125,0.0390625,0.16015625,"[77, -118, -87]",False,,,,,,,,,,,,,0.19191706087440252,1.0472919093444943,0.6665000692009926,1.9459170289337635
1377,Zilong,movement,forward,65,intent_directory,/Users/zilongzeng/Research/DroneControl/user_study_v3/Zilong/movement/forward/65.wav,Zilong/movement/forward/65.wav,emergency,0.859375,0.859375,0.0,0.140625,"[92, -128, -92]",False,,,,,,,,,,,,,0.31983305234462023,1.1622089659795165,0.6264590192586184,2.1143750054761767
1378,Zilong,movement,forward,66,intent_directory,/Users/zilongzeng/Research/DroneControl/user_study_v3/Zilong/movement/forward/66.wav,Zilong/movement/forward/66.wav,emergency,0.53515625,0.53515625,0.10546875,0.359375,"[9, -101, -36]",False,,,,,,,,,,,,,0.07258402183651924,1.1347499676048756,0.6049579242244363,1.8171250121667981
1379,Zilong,movement,forward,67,intent_directory,/Users/zilongzeng/Research/DroneControl/user_study_v3/Zilong/movement/forward/67.wav,Zilong/movement/forward/67.wav,emergency,0.92578125,0.92578125,0.0078125,0.06640625,"[109, -126, -111]",False,,,,,,,,,,,,,0.055999960750341415,1.1230409145355225,0.6105409702286124,1.7946249572560191
1380,Zilong,movement,forward,68,intent_directory,/Users/zilongzeng/Research/DroneControl/user_study_v3/Zilong/movement/forward/68.wav,Zilong/movement/forward/68.wav,emergency,0.8984375,0.8984375,0.00390625,0.09765625,"[102, -127, -103]",False,,,,,,,,,,,,,0.060125021263957024,1.1880830861628056,0.7538329809904099,2.0423749228939414
1381,Zilong,movement,forward,69,intent_directory,/Users/zilongzeng/Research/DroneControl/user_study_v3/Zilong/movement/forward/69.wav,Zilong/movement/forward/69.wav,emergency,0.55078125,0.55078125,0.24609375,0.203125,"[13, -65, -76]",False,,,,,,,,,,,,,0.17074996139854193,1.2507080100476742,0.6152499699965119,2.043499960564077
1382,Zilong,movement,forward,70,intent_directory,/Users/zilongzeng/Research/DroneControl/user_study_v3/Zilong/movement/forward/70.wav,Zilong/movement/forward/70.wav,emergency,0.97265625,0.97265625,0.0078125,0.015625,"[121, -126, -124]",False,,,,,,,,,,,,,0.07604202255606651,1.1442500399425626,0.617584097199142,1.8447500187903643
1383,Zilong,movement,left,71,intent_directory,/Users/zilongzeng/Research/DroneControl/user_study_v3/Zilong/movement/left/71.wav,Zilong/movement/left/71.wav,movement,0.953125,0.046875,0.953125,0.0,"[-116, 116, -128]",True,,,,,,,,,,,,,0.09170803241431713,1.106875017285347,0.6259999936446548,1.8299160292372108
1384,Zilong,movement,left,72,intent_directory,/Users/zilongzeng/Research/DroneControl/user_study_v3/Zilong/movement/left/72.wav,Zilong/movement/left/72.wav,movement,0.62890625,0.34375,0.62890625,0.0234375,"[-40, 33, -122]",True,,,,,,,,,,,,,0.05570799112319946,1.164791057817638,0.646792002953589,1.8726250855252147
1385,Zilong,movement,left,73,intent_directory,/Users/zilongzeng/Research/DroneControl/user_study_v3/Zilong/movement/left/73.wav,Zilong/movement/left/73.wav,movement,0.6171875,0.3359375,0.6171875,0.046875,"[-42, 30, -116]",True,,,,,,,,,,,,,0.062208971939980984,1.3359170407056808,0.6293749902397394,2.0340828923508525
1386,Zilong,movement,left,74,intent_directory,/Users/zilongzeng/Research/DroneControl/user_study_v3/Zilong/movement/left/74.wav,Zilong/movement/left/74.wav,emergency,0.546875,0.546875,0.36328125,0.08984375,"[12, -35, -105]",False,,,,,,,,,,,,,0.10216690134257078,1.1914160568267107,0.6110829999670386,1.9096250180155039
1387,Zilong,movement,left,75,intent_directory,/Users/zilongzeng/Research/DroneControl/user_study_v3/Zilong/movement/left/75.wav,Zilong/movement/left/75.wav,movement,0.96875,0.02734375,0.96875,0.00390625,"[-121, 120, -127]",True,,,,,,,,,,,,,0.07166597060859203,1.0983750689774752,0.6102500483393669,1.784958061762154
1388,Zilong,movement,left,76,intent_directory,/Users/zilongzeng/Research/DroneControl/user_study_v3/Zilong/movement/left/76.wav,Zilong/movement/left/76.wav,emergency,0.6484375,0.6484375,0.1953125,0.16015625,"[38, -78, -87]",False,,,,,,,,,,,,,0.05670893006026745,1.1099580442532897,0.6077500293031335,1.7792080761864781
1389,Zilong,movement,left,77,intent_directory,/Users/zilongzeng/Research/DroneControl/user_study_v3/Zilong/movement/left/77.wav,Zilong/movement/left/77.wav,emergency,0.53515625,0.53515625,0.02734375,0.4375,"[9, -121, -16]",False,,,,,,,,,,,,,0.06129196844995022,1.198041019961238,0.6224170792847872,1.8903330201283097
1390,Zilong,movement,left,78,intent_directory,/Users/zilongzeng/Research/DroneControl/user_study_v3/Zilong/movement/left/78.wav,Zilong/movement/left/78.wav,emergency,0.8984375,0.8984375,0.00390625,0.09765625,"[102, -127, -103]",False,,,,,,,,,,,,,0.2863749396055937,1.2822090648114681,0.6480420706793666,2.224624971859157
1391,Zilong,movement,left,79,intent_directory,/Users/zilongzeng/Research/DroneControl/user_study_v3/Zilong/movement/left/79.wav,Zilong/movement/left/79.wav,movement,0.64453125,0.3515625,0.64453125,0.00390625,"[-38, 37, -127]",True,,,,,,,,,,,,,0.35212491638958454,1.1900420067831874,0.6254579639062285,2.1725839469581842
1392,Zilong,movement,left,80,intent_directory,/Users/zilongzeng/Research/DroneControl/user_study_v3/Zilong/movement/left/80.wav,Zilong/movement/left/80.wav,movement,0.6875,0.30859375,0.6875,0.00390625,"[-49, 48, -127]",True,,,,,,,,,,,,,0.06004096940159798,1.2765410356223583,0.6326660513877869,1.9792080856859684
1393,Zilong,movement,right,81,intent_directory,/Users/zilongzeng/Research/DroneControl/user_study_v3/Zilong/movement/right/81.wav,Zilong/movement/right/81.wav,unknown,0.99609375,0.0,0.0,0.99609375,"[-128, -128, 127]",False,,,,,,,,,,,,,0.19933306612074375,1.3256249949336052,0.6992920534685254,2.231334103271365
1394,Zilong,movement,right,82,intent_directory,/Users/zilongzeng/Research/DroneControl/user_study_v3/Zilong/movement/right/82.wav,Zilong/movement/right/82.wav,movement,0.96875,0.0,0.96875,0.03125,"[-128, 120, -120]",True,,,,,,,,,,,,,0.09712495375424623,1.159750041551888,0.6210419815033674,1.8833329668268561
1395,Zilong,movement,right,83,intent_directory,/Users/zilongzeng/Research/DroneControl/user_study_v3/Zilong/movement/right/83.wav,Zilong/movement/right/83.wav,emergency,0.99609375,0.99609375,0.0,0.0,"[127, -128, -128]",False,,,,,,,,,,,,,0.07583294063806534,1.1436250060796738,0.6158329779282212,1.840249984525144
1396,Zilong,movement,right,84,intent_directory,/Users/zilongzeng/Research/DroneControl/user_study_v3/Zilong/movement/right/84.wav,Zilong/movement/right/84.wav,movement,0.76953125,0.23046875,0.76953125,0.0,"[-69, 69, -128]",True,,,,,,,,,,,,,0.05741603672504425,1.1663329787552357,0.6035000551491976,1.8327500438317657
1397,Zilong,movement,right,85,intent_directory,/Users/zilongzeng/Research/DroneControl/user_study_v3/Zilong/movement/right/85.wav,Zilong/movement/right/85.wav,movement,0.99609375,0.0,0.99609375,0.0,"[-128, 127, -128]",True,,,,,,,,,,,,,0.06458291318267584,1.2934580445289612,0.6399999838322401,2.0074580097571015
1398,Zilong,movement,right,86,intent_directory,/Users/zilongzeng/Research/DroneControl/user_study_v3/Zilong/movement/right/86.wav,Zilong/movement/right/86.wav,movement,0.5859375,0.01953125,0.5859375,0.39453125,"[-123, 22, -27]",True,,,,,,,,,,,,,0.30037492979317904,1.2577080633491278,0.627166940830648,2.191666979342699
1399,Zilong,movement,right,87,intent_directory,/Users/zilongzeng/Research/DroneControl/user_study_v3/Zilong/movement/right/87.wav,Zilong/movement/right/87.wav,movement,0.99609375,0.0,0.99609375,0.0,"[-128, 127, -128]",True,,,,,,,,,,,,,0.3095830325037241,1.1100830743089318,0.6266249110922217,2.051584073342383
1400,Zilong,movement,right,88,intent_directory,/Users/zilongzeng/Research/DroneControl/user_study_v3/Zilong/movement/right/88.wav,Zilong/movement/right/88.wav,movement,0.68359375,0.3046875,0.68359375,0.01171875,"[-50, 47, -125]",True,,,,,,,,,,,,,0.20520796533674002,1.2118329759687185,0.6332079647108912,2.0599999697878957
1401,Zilong,movement,right,89,intent_directory,/Users/zilongzeng/Research/DroneControl/user_study_v3/Zilong/movement/right/89.wav,Zilong/movement/right/89.wav,emergency,0.51953125,0.51953125,0.42578125,0.05859375,"[5, -19, -113]",False,,,,,,,,,,,,,0.373166985809803,1.1629590298980474,0.7057500770315528,2.248333068564534
1402,Zilong,movement,right,90,intent_directory,/Users/zilongzeng/Research/DroneControl/user_study_v3/Zilong/movement/right/90.wav,Zilong/movement/right/90.wav,movement,0.75,0.22265625,0.75,0.0234375,"[-71, 64, -122]",True,,,,,,,,,,,,,0.07337506394833326,1.1354160960763693,0.6176671013236046,1.8314580665901303
1403,Zilong,movement,up,91,intent_directory,/Users/zilongzeng/Research/DroneControl/user_study_v3/Zilong/movement/up/91.wav,Zilong/movement/up/91.wav,movement,0.99609375,0.0,0.99609375,0.0,"[-128, 127, -128]",True,,,,,,,,,,,,,0.06191595457494259,1.0523749515414238,0.6127910455688834,1.7320000333711505
1404,Zilong,movement,up,92,intent_directory,/Users/zilongzeng/Research/DroneControl/user_study_v3/Zilong/movement/up/92.wav,Zilong/movement/up/92.wav,movement,0.7109375,0.26171875,0.7109375,0.02734375,"[-61, 54, -121]",True,,,,,,,,,,,,,0.05916703958064318,1.1144999880343676,0.6065419875085354,1.785250031389296
1405,Zilong,movement,up,93,intent_directory,/Users/zilongzeng/Research/DroneControl/user_study_v3/Zilong/movement/up/93.wav,Zilong/movement/up/93.wav,emergency,0.80859375,0.80859375,0.1328125,0.05859375,"[79, -94, -113]",False,,,,,,,,,,,,,0.06895896513015032,1.1575419921427965,0.6045419722795486,1.8357910448685288
1406,Zilong,movement,up,94,intent_directory,/Users/zilongzeng/Research/DroneControl/user_study_v3/Zilong/movement/up/94.wav,Zilong/movement/up/94.wav,movement,0.984375,0.01171875,0.984375,0.00390625,"[-125, 124, -127]",True,,,,,,,,,,,,,0.058542005717754364,1.3437920715659857,0.6425419123843312,2.0507090957835317
1407,Zilong,movement,up,95,intent_directory,/Users/zilongzeng/Research/DroneControl/user_study_v3/Zilong/movement/up/95.wav,Zilong/movement/up/95.wav,movement,0.99609375,0.0,0.99609375,0.0,"[-128, 127, -128]",True,,,,,,,,,,,,,0.07450010161846876,1.0509169660508633,0.6143749924376607,1.7449170118197799
1408,Zilong,movement,up,96,intent_directory,/Users/zilongzeng/Research/DroneControl/user_study_v3/Zilong/movement/up/96.wav,Zilong/movement/up/96.wav,movement,0.92578125,0.06640625,0.92578125,0.0078125,"[-111, 109, -126]",True,,,,,,,,,,,,,0.05550007335841656,1.1567079927772284,0.6361659616231918,1.8535000272095203
1409,Zilong,movement,up,97,intent_directory,/Users/zilongzeng/Research/DroneControl/user_study_v3/Zilong/movement/up/97.wav,Zilong/movement/up/97.wav,emergency,0.984375,0.984375,0.01171875,0.00390625,"[124, -125, -127]",False,,,,,,,,,,,,,0.2134160604327917,1.0748750064522028,0.603417051024735,1.8965000053867698
1410,Zilong,movement,up,98,intent_directory,/Users/zilongzeng/Research/DroneControl/user_study_v3/Zilong/movement/up/98.wav,Zilong/movement/up/98.wav,emergency,0.55078125,0.55078125,0.0,0.44921875,"[13, -128, -13]",False,,,,,,,,,,,,,0.2549580531194806,1.312082982622087,0.6234159227460623,2.1952500101178885
1411,Zilong,movement,up,99,intent_directory,/Users/zilongzeng/Research/DroneControl/user_study_v3/Zilong/movement/up/99.wav,Zilong/movement/up/99.wav,emergency,0.78515625,0.78515625,0.19140625,0.01953125,"[73, -79, -123]",False,,,,,,,,,,,,,0.0689999433234334,1.1093330103904009,0.6091248942539096,1.7920829122886062
1412,Zilong,movement,up,100,intent_directory,/Users/zilongzeng/Research/DroneControl/user_study_v3/Zilong/movement/up/100.wav,Zilong/movement/up/100.wav,movement,0.55078125,0.44921875,0.55078125,0.0,"[-13, 13, -128]",True,,,,,,,,,,,,,0.056165968999266624,1.1084579164162278,0.6270830053836107,1.7962920246645808
1413,Zilong,unknown,bed,101,intent_directory,/Users/zilongzeng/Research/DroneControl/user_study_v3/Zilong/unknown/bed/101.wav,Zilong/unknown/bed/101.wav,unknown,0.9921875,0.00390625,0.0078125,0.9921875,"[-127, -126, 126]",True,,,,,,,,,,,,,0.0576250022277236,1.1112920474261045,0.6322090048342943,1.8060830188915133
1414,Zilong,unknown,bed,102,intent_directory,/Users/zilongzeng/Research/DroneControl/user_study_v3/Zilong/unknown/bed/102.wav,Zilong/unknown/bed/102.wav,unknown,0.6640625,0.0390625,0.296875,0.6640625,"[-118, -52, 42]",True,,,,,,,,,,,,,0.06175006274133921,1.1215000413358212,0.7526250556111336,1.97683391161263
1415,Zilong,unknown,bed,103,intent_directory,/Users/zilongzeng/Research/DroneControl/user_study_v3/Zilong/unknown/bed/103.wav,Zilong/unknown/bed/103.wav,emergency,0.93359375,0.93359375,0.03125,0.0390625,"[111, -120, -118]",False,,,,,,,,,,,,,0.16254198271781206,1.2752090115100145,0.6212919251993299,2.064540982246399
1416,Zilong,unknown,bed,104,intent_directory,/Users/zilongzeng/Research/DroneControl/user_study_v3/Zilong/unknown/bed/104.wav,Zilong/unknown/bed/104.wav,emergency,0.7578125,0.7578125,0.18359375,0.0546875,"[66, -81, -114]",False,,,,,,,,,,,,,0.07591699250042439,1.1463749688118696,0.6470830412581563,1.8742920365184546
1417,Zilong,unknown,bed,105,intent_directory,/Users/zilongzeng/Research/DroneControl/user_study_v3/Zilong/unknown/bed/105.wav,Zilong/unknown/bed/105.wav,movement,0.39453125,0.21484375,0.39453125,0.39453125,"[-73, -27, -27]",False,,,,,,,,,,,,,0.06608397234231234,1.136207953095436,0.6066659698262811,1.8137089209631085
1418,Zilong,unknown,bed,106,intent_directory,/Users/zilongzeng/Research/DroneControl/user_study_v3/Zilong/unknown/bed/106.wav,Zilong/unknown/bed/106.wav,emergency,0.765625,0.765625,0.1875,0.046875,"[68, -80, -116]",False,,,,,,,,,,,,,0.06233400199562311,1.1181249283254147,0.6037920247763395,1.789041911251843
1419,Zilong,unknown,bed,107,intent_directory,/Users/zilongzeng/Research/DroneControl/user_study_v3/Zilong/unknown/bed/107.wav,Zilong/unknown/bed/107.wav,movement,0.62109375,0.27734375,0.62109375,0.1015625,"[-57, 31, -102]",False,,,,,,,,,,,,,0.05420891102403402,1.3015000149607658,0.631208997219801,1.9932501018047333
1420,Zilong,unknown,bed,108,intent_directory,/Users/zilongzeng/Research/DroneControl/user_study_v3/Zilong/unknown/bed/108.wav,Zilong/unknown/bed/108.wav,emergency,0.5859375,0.5859375,0.390625,0.0234375,"[22, -28, -122]",False,,,,,,,,,,,,,0.08254102431237698,1.2890419457107782,0.6359170656651258,2.0177920814603567
1421,Zilong,unknown,bed,109,intent_directory,/Users/zilongzeng/Research/DroneControl/user_study_v3/Zilong/unknown/bed/109.wav,Zilong/unknown/bed/109.wav,emergency,0.859375,0.859375,0.11328125,0.02734375,"[92, -99, -121]",False,,,,,,,,,,,,,0.20533299539238214,1.1620000004768372,0.6163750076666474,1.9895000150427222
1422,Zilong,unknown,bed,110,intent_directory,/Users/zilongzeng/Research/DroneControl/user_study_v3/Zilong/unknown/bed/110.wav,Zilong/unknown/bed/110.wav,emergency,0.5234375,0.5234375,0.34765625,0.12890625,"[6, -39, -95]",False,,,,,,,,,,,,,0.07312500383704901,1.1117079993709922,0.6248749559745193,1.8143750494346023
1423,Zilong,unknown,bird,111,intent_directory,/Users/zilongzeng/Research/DroneControl/user_study_v3/Zilong/unknown/bird/111.wav,Zilong/unknown/bird/111.wav,unknown,0.99609375,0.0,0.0,0.99609375,"[-128, -128, 127]",True,,,,,,,,,,,,,0.1997080398723483,1.341792056336999,0.6447499617934227,2.191875013522804
1424,Zilong,unknown,bird,112,intent_directory,/Users/zilongzeng/Research/DroneControl/user_study_v3/Zilong/unknown/bird/112.wav,Zilong/unknown/bird/112.wav,unknown,0.99609375,0.0,0.0,0.99609375,"[-128, -128, 127]",True,,,,,,,,,,,,,0.2585420152172446,1.2758750235661864,0.6414159433916211,2.1851250203326344
1425,Zilong,unknown,bird,113,intent_directory,/Users/zilongzeng/Research/DroneControl/user_study_v3/Zilong/unknown/bird/113.wav,Zilong/unknown/bird/113.wav,movement,0.6015625,0.21875,0.6015625,0.1796875,"[-72, 26, -82]",False,,,,,,,,,,,,,0.20641705486923456,1.1309999972581863,0.6078339647501707,1.9512079888954759
1426,Zilong,unknown,bird,114,intent_directory,/Users/zilongzeng/Research/DroneControl/user_study_v3/Zilong/unknown/bird/114.wav,Zilong/unknown/bird/114.wav,unknown,0.99609375,0.0,0.0,0.99609375,"[-128, -128, 127]",True,,,,,,,,,,,,,0.07062498480081558,1.1075000511482358,0.6060829618945718,1.7888749716803432
1427,Zilong,unknown,bird,115,intent_directory,/Users/zilongzeng/Research/DroneControl/user_study_v3/Zilong/unknown/bird/115.wav,Zilong/unknown/bird/115.wav,movement,0.9453125,0.0546875,0.9453125,0.0,"[-114, 114, -128]",False,,,,,,,,,,,,,0.060999998822808266,1.2377079110592604,0.6904579931870103,1.9960419740527868
1428,Zilong,unknown,bird,116,intent_directory,/Users/zilongzeng/Research/DroneControl/user_study_v3/Zilong/unknown/bird/116.wav,Zilong/unknown/bird/116.wav,unknown,0.99609375,0.0,0.0,0.99609375,"[-128, -128, 127]",True,,,,,,,,,,,,,0.08020794484764338,1.181459054350853,0.6113339914008975,1.8777500372380018
1429,Zilong,unknown,bird,117,intent_directory,/Users/zilongzeng/Research/DroneControl/user_study_v3/Zilong/unknown/bird/117.wav,Zilong/unknown/bird/117.wav,unknown,0.99609375,0.0,0.0,0.99609375,"[-128, -128, 127]",True,,,,,,,,,,,,,0.06283295806497335,1.104291994124651,0.6192500004544854,1.791000016964972
1430,Zilong,unknown,bird,118,intent_directory,/Users/zilongzeng/Research/DroneControl/user_study_v3/Zilong/unknown/bird/118.wav,Zilong/unknown/bird/118.wav,emergency,0.74609375,0.74609375,0.22265625,0.03125,"[63, -71, -120]",False,,,,,,,,,,,,,0.08033402264118195,1.1160420253872871,0.6122079212218523,1.8131249817088246
1431,Zilong,unknown,bird,119,intent_directory,/Users/zilongzeng/Research/DroneControl/user_study_v3/Zilong/unknown/bird/119.wav,Zilong/unknown/bird/119.wav,movement,0.99609375,0.0,0.99609375,0.0,"[-128, 127, -128]",False,,,,,,,,,,,,,0.05862500984221697,1.0934999445453286,0.6737909279763699,1.8338749650865793
1432,Zilong,unknown,bird,120,intent_directory,/Users/zilongzeng/Research/DroneControl/user_study_v3/Zilong/unknown/bird/120.wav,Zilong/unknown/bird/120.wav,emergency,0.5703125,0.5703125,0.37890625,0.05078125,"[18, -31, -115]",False,,,,,,,,,,,,,0.10712502989917994,1.280957949347794,0.6232500309124589,2.0172090735286474
1433,Zilong,unknown,cat,121,intent_directory,/Users/zilongzeng/Research/DroneControl/user_study_v3/Zilong/unknown/cat/121.wav,Zilong/unknown/cat/121.wav,unknown,0.99609375,0.0,0.0,0.99609375,"[-128, -128, 127]",True,,,,,,,,,,,,,0.08454197086393833,1.1260840110480785,0.6380419945344329,1.8535410054028034
1434,Zilong,unknown,cat,122,intent_directory,/Users/zilongzeng/Research/DroneControl/user_study_v3/Zilong/unknown/cat/122.wav,Zilong/unknown/cat/122.wav,unknown,0.97265625,0.0,0.02734375,0.97265625,"[-128, -121, 121]",True,,,,,,,,,,,,,0.21004199516028166,1.1021660175174475,0.639874953776598,1.9573330646380782
1435,Zilong,unknown,cat,123,intent_directory,/Users/zilongzeng/Research/DroneControl/user_study_v3/Zilong/unknown/cat/123.wav,Zilong/unknown/cat/123.wav,unknown,0.99609375,0.0,0.0,0.99609375,"[-128, -128, 127]",True,,,,,,,,,,,,,0.22358307614922523,1.2660420034080744,0.6235000910237432,2.119000069797039
1436,Zilong,unknown,cat,124,intent_directory,/Users/zilongzeng/Research/DroneControl/user_study_v3/Zilong/unknown/cat/124.wav,Zilong/unknown/cat/124.wav,unknown,0.99609375,0.0,0.0,0.99609375,"[-128, -128, 127]",True,,,,,,,,,,,,,0.07216597441583872,1.414917060174048,0.6237919442355633,2.1167920203879476
1437,Zilong,unknown,cat,125,intent_directory,/Users/zilongzeng/Research/DroneControl/user_study_v3/Zilong/unknown/cat/125.wav,Zilong/unknown/cat/125.wav,unknown,0.99609375,0.0,0.0,0.99609375,"[-128, -128, 127]",True,,,,,,,,,,,,,0.08941697888076305,1.1664589401334524,0.6077919388189912,1.868374994955957
1438,Zilong,unknown,cat,126,intent_directory,/Users/zilongzeng/Research/DroneControl/user_study_v3/Zilong/unknown/cat/126.wav,Zilong/unknown/cat/126.wav,movement,0.6328125,0.28125,0.6328125,0.0859375,"[-56, 34, -106]",False,,,,,,,,,,,,,0.06858399137854576,1.2695419136434793,0.6365420995280147,1.9840000895783305
1439,Zilong,unknown,cat,127,intent_directory,/Users/zilongzeng/Research/DroneControl/user_study_v3/Zilong/unknown/cat/127.wav,Zilong/unknown/cat/127.wav,unknown,0.99609375,0.0,0.0,0.99609375,"[-128, -128, 127]",True,,,,,,,,,,,,,0.20599993877112865,1.1829580180346966,0.6899579893797636,2.0873340545222163
1440,Zilong,unknown,cat,128,intent_directory,/Users/zilongzeng/Research/DroneControl/user_study_v3/Zilong/unknown/cat/128.wav,Zilong/unknown/cat/128.wav,unknown,0.99609375,0.0,0.0,0.99609375,"[-128, -128, 127]",True,,,,,,,,,,,,,0.09841704741120338,1.6141659580171108,0.6552078993991017,2.376000047661364
1441,Zilong,unknown,cat,129,intent_directory,/Users/zilongzeng/Research/DroneControl/user_study_v3/Zilong/unknown/cat/129.wav,Zilong/unknown/cat/129.wav,movement,0.98046875,0.0,0.98046875,0.01953125,"[-128, 123, -123]",False,,,,,,,,,,,,,0.1265830360352993,1.2919160071760416,0.6367081077769399,2.0607919432222843
1442,Zilong,unknown,cat,130,intent_directory,/Users/zilongzeng/Research/DroneControl/user_study_v3/Zilong/unknown/cat/130.wav,Zilong/unknown/cat/130.wav,movement,0.4921875,0.328125,0.4921875,0.1796875,"[-44, -2, -82]",False,,,,,,,,,,,,,0.07779092993587255,1.1393330059945583,0.6246659904718399,1.8471250077709556
1443,Zilong,unknown,dog,131,intent_directory,/Users/zilongzeng/Research/DroneControl/user_study_v3/Zilong/unknown/dog/131.wav,Zilong/unknown/dog/131.wav,unknown,0.99609375,0.0,0.0,0.99609375,"[-128, -128, 127]",True,,,,,,,,,,,,,0.08112506475299597,1.1597499251365662,0.6453340174630284,1.8917499110102654
1444,Zilong,unknown,dog,132,intent_directory,/Users/zilongzeng/Research/DroneControl/user_study_v3/Zilong/unknown/dog/132.wav,Zilong/unknown/dog/132.wav,movement,0.80859375,0.16015625,0.80859375,0.03125,"[-87, 79, -120]",False,,,,,,,,,,,,,0.07987499702721834,1.4969169860705733,0.6594579899683595,2.243667026050389
1445,Zilong,unknown,dog,133,intent_directory,/Users/zilongzeng/Research/DroneControl/user_study_v3/Zilong/unknown/dog/133.wav,Zilong/unknown/dog/133.wav,emergency,0.51953125,0.51953125,0.05859375,0.42578125,"[5, -113, -19]",False,,,,,,,,,,,,,0.26370794512331486,1.2120419414713979,0.645708991214633,2.127291983924806
1446,Zilong,unknown,dog,134,intent_directory,/Users/zilongzeng/Research/DroneControl/user_study_v3/Zilong/unknown/dog/134.wav,Zilong/unknown/dog/134.wav,movement,0.9921875,0.0,0.9921875,0.00390625,"[-128, 126, -127]",False,,,,,,,,,,,,,0.23324997164309025,1.183750107884407,0.6533339619636536,2.0761669147759676
1447,Zilong,unknown,dog,135,intent_directory,/Users/zilongzeng/Research/DroneControl/user_study_v3/Zilong/unknown/dog/135.wav,Zilong/unknown/dog/135.wav,unknown,0.8828125,0.0,0.1171875,0.8828125,"[-128, -98, 98]",True,,,,,,,,,,,,,0.08037500083446503,1.333083026111126,0.6552080158144236,2.075708005577326
1448,Zilong,unknown,dog,136,intent_directory,/Users/zilongzeng/Research/DroneControl/user_study_v3/Zilong/unknown/dog/136.wav,Zilong/unknown/dog/136.wav,unknown,0.98828125,0.01171875,0.0,0.98828125,"[-125, -128, 125]",True,,,,,,,,,,,,,0.11454196646809578,1.485917018726468,0.6755420472472906,2.2834590636193752
1449,Zilong,unknown,dog,137,intent_directory,/Users/zilongzeng/Research/DroneControl/user_study_v3/Zilong/unknown/dog/137.wav,Zilong/unknown/dog/137.wav,unknown,0.99609375,0.0,0.0,0.99609375,"[-128, -128, 127]",True,,,,,,,,,,,,,0.11037499643862247,1.2625419767573476,0.6378330290317535,2.016750047914684
1450,Zilong,unknown,dog,138,intent_directory,/Users/zilongzeng/Research/DroneControl/user_study_v3/Zilong/unknown/dog/138.wav,Zilong/unknown/dog/138.wav,movement,0.97265625,0.02734375,0.97265625,0.0,"[-121, 121, -128]",False,,,,,,,,,,,,,0.0785409938544035,1.219749916344881,0.6677500205114484,1.972291967831552
1451,Zilong,unknown,dog,139,intent_directory,/Users/zilongzeng/Research/DroneControl/user_study_v3/Zilong/unknown/dog/139.wav,Zilong/unknown/dog/139.wav,unknown,0.99609375,0.0,0.0,0.99609375,"[-128, -128, 127]",True,,,,,,,,,,,,,0.08408399298787117,1.225625048391521,0.6634999299421906,1.981375040486455
1452,Zilong,unknown,dog,140,intent_directory,/Users/zilongzeng/Research/DroneControl/user_study_v3/Zilong/unknown/dog/140.wav,Zilong/unknown/dog/140.wav,emergency,0.71875,0.71875,0.21484375,0.0625,"[56, -73, -112]",False,,,,,,,,,,,,,0.11654198169708252,1.4083749847486615,0.653417082503438,2.1849590120837092
1453,Zilong,unknown,happy,141,intent_directory,/Users/zilongzeng/Research/DroneControl/user_study_v3/Zilong/unknown/happy/141.wav,Zilong/unknown/happy/141.wav,unknown,0.99609375,0.0,0.0,0.99609375,"[-128, -128, 127]",True,,,,,,,,,,,,,0.10733294766396284,1.2680420186370611,0.7277911063283682,2.1184999495744705
1454,Zilong,unknown,happy,142,intent_directory,/Users/zilongzeng/Research/DroneControl/user_study_v3/Zilong/unknown/happy/142.wav,Zilong/unknown/happy/142.wav,unknown,0.99609375,0.0,0.0,0.99609375,"[-128, -128, 127]",True,,,,,,,,,,,,,0.4104999825358391,1.4385409886017442,0.6366659654304385,2.4931669468060136
1455,Zilong,unknown,happy,143,intent_directory,/Users/zilongzeng/Research/DroneControl/user_study_v3/Zilong/unknown/happy/143.wav,Zilong/unknown/happy/143.wav,unknown,0.99609375,0.0,0.0,0.99609375,"[-128, -128, 127]",True,,,,,,,,,,,,,0.2567500341683626,1.2284999247640371,0.7126249838620424,2.2265840088948607
1456,Zilong,unknown,happy,144,intent_directory,/Users/zilongzeng/Research/DroneControl/user_study_v3/Zilong/unknown/happy/144.wav,Zilong/unknown/happy/144.wav,unknown,0.99609375,0.0,0.0,0.99609375,"[-128, -128, 127]",True,,,,,,,,,,,,,0.16912503633648157,1.2412909418344498,0.6403749575838447,2.0577909890562296
1457,Zilong,unknown,happy,145,intent_directory,/Users/zilongzeng/Research/DroneControl/user_study_v3/Zilong/unknown/happy/145.wav,Zilong/unknown/happy/145.wav,unknown,0.99609375,0.0,0.0,0.99609375,"[-128, -128, 127]",True,,,,,,,,,,,,,0.10354199912399054,1.1737500317394733,0.6079580634832382,1.8940409645438194
1458,Zilong,unknown,happy,146,intent_directory,/Users/zilongzeng/Research/DroneControl/user_study_v3/Zilong/unknown/happy/146.wav,Zilong/unknown/happy/146.wav,unknown,0.80078125,0.00390625,0.1953125,0.80078125,"[-127, -78, 77]",True,,,,,,,,,,,,,0.09570899419486523,1.2382089626044035,0.6034160032868385,1.9449579995125532
1459,Zilong,unknown,happy,147,intent_directory,/Users/zilongzeng/Research/DroneControl/user_study_v3/Zilong/unknown/happy/147.wav,Zilong/unknown/happy/147.wav,unknown,0.99609375,0.0,0.0,0.99609375,"[-128, -128, 127]",True,,,,,,,,,,,,,0.2221670001745224,1.118374988436699,0.6976670119911432,2.074040938168764
1460,Zilong,unknown,happy,148,intent_directory,/Users/zilongzeng/Research/DroneControl/user_study_v3/Zilong/unknown/happy/148.wav,Zilong/unknown/happy/148.wav,unknown,0.99609375,0.0,0.0,0.99609375,"[-128, -128, 127]",True,,,,,,,,,,,,,0.3094170242547989,1.1926660081371665,0.6464580073952675,2.154333982616663
1461,Zilong,unknown,happy,149,intent_directory,/Users/zilongzeng/Research/DroneControl/user_study_v3/Zilong/unknown/happy/149.wav,Zilong/unknown/happy/149.wav,unknown,0.52734375,0.234375,0.234375,0.52734375,"[-68, -68, 7]",True,,,,,,,,,,,,,0.07683399599045515,1.1191670782864094,0.6097089499235153,1.810625079087913
1462,Zilong,unknown,happy,150,intent_directory,/Users/zilongzeng/Research/DroneControl/user_study_v3/Zilong/unknown/happy/150.wav,Zilong/unknown/happy/150.wav,unknown,0.99609375,0.0,0.0,0.99609375,"[-128, -128, 127]",True,,,,,,,,,,,,,0.20641600713133812,1.1348749976605177,0.6102919578552246,1.9564999965950847
