trial_id,participant_id,intent_ground_truth,keyword,repeat_idx,label_source,audio_path,audio_relpath,predicted_intent,confidence,prob_emergency,prob_movement,prob_unknown,raw_output_int8,correct,board_prediction,board_confidence,recomputed_matches_board,board_err_code,board_capture_ms,board_frontend_ms,board_infer_ms,board_total_ms,board_raw_output_int8,board_model_sha256,board_build_tag,board_results_csv,audio_read_ms,frontend_ms,tflite_invoke_ms,host_total_ms
1,Hongjun,emergency,unavailable_in_sd_path,0,intent_directory,/Users/zilongzeng/Research/DroneControl/user_study_v4/Hongjun/Emergency/0.wav,Hongjun/Emergency/0.wav,emergency,0.99609375,0.99609375,0.0,0.0,"[127, -128, -128]",True,,,,,,,,,,,,,0.04529103171080351,531.9292499916628,1.0065839160233736,533.0009999452159
2,Hongjun,emergency,unavailable_in_sd_path,1,intent_directory,/Users/zilongzeng/Research/DroneControl/user_study_v4/Hongjun/Emergency/1.wav,Hongjun/Emergency/1.wav,movement,0.859375,0.0,0.859375,0.140625,"[-128, 92, -92]",False,,,,,,,,,,,,,0.09620795026421547,1.3362920144572854,0.6136670708656311,2.05504207406193
3,Hongjun,emergency,unavailable_in_sd_path,2,intent_directory,/Users/zilongzeng/Research/DroneControl/user_study_v4/Hongjun/Emergency/2.wav,Hongjun/Emergency/2.wav,emergency,0.765625,0.765625,0.08203125,0.15234375,"[68, -107, -89]",True,,,,,,,,,,,,,0.0491670798510313,1.3198339147493243,0.6061670137569308,1.984291011467576
4,Hongjun,emergency,unavailable_in_sd_path,3,intent_directory,/Users/zilongzeng/Research/DroneControl/user_study_v4/Hongjun/Emergency/3.wav,Hongjun/Emergency/3.wav,unknown,0.98046875,0.0,0.01953125,0.98046875,"[-128, -123, 123]",False,,,,,,,,,,,,,0.06237498018890619,1.2875000247731805,0.6153339054435492,1.9720830023288727
5,Hongjun,emergency,unavailable_in_sd_path,4,intent_directory,/Users/zilongzeng/Research/DroneControl/user_study_v4/Hongjun/Emergency/4.wav,Hongjun/Emergency/4.wav,emergency,0.99609375,0.99609375,0.0,0.0,"[127, -128, -128]",True,,,,,,,,,,,,,0.049458001740276814,1.256125047802925,0.7312500383704901,2.0448340801522136
6,Hongjun,emergency,unavailable_in_sd_path,5,intent_directory,/Users/zilongzeng/Research/DroneControl/user_study_v4/Hongjun/Emergency/5.wav,Hongjun/Emergency/5.wav,movement,0.99609375,0.0,0.99609375,0.0,"[-128, 127, -128]",False,,,,,,,,,,,,,0.061707920394837856,1.1914590140804648,0.6202500080689788,1.8811250338330865
7,Hongjun,emergency,unavailable_in_sd_path,6,intent_directory,/Users/zilongzeng/Research/DroneControl/user_study_v4/Hongjun/Emergency/6.wav,Hongjun/Emergency/6.wav,movement,0.99609375,0.00390625,0.99609375,0.0,"[-127, 127, -128]",False,,,,,,,,,,,,,0.04662491846829653,1.2001249706372619,0.6297919899225235,1.8832499627023935
8,Hongjun,emergency,unavailable_in_sd_path,7,intent_directory,/Users/zilongzeng/Research/DroneControl/user_study_v4/Hongjun/Emergency/7.wav,Hongjun/Emergency/7.wav,movement,0.93359375,0.06640625,0.93359375,0.0,"[-111, 111, -128]",False,,,,,,,,,,,,,0.04087504930794239,1.3335420517250896,0.6193749140948057,2.004167065024376
9,Hongjun,emergency,unavailable_in_sd_path,8,intent_directory,/Users/zilongzeng/Research/DroneControl/user_study_v4/Hongjun/Emergency/8.wav,Hongjun/Emergency/8.wav,emergency,0.99609375,0.99609375,0.0,0.0,"[127, -128, -128]",True,,,,,,,,,,,,,0.11012505274266005,1.40149996150285,0.6777079543098807,2.19708401709795
10,Hongjun,emergency,unavailable_in_sd_path,9,intent_directory,/Users/zilongzeng/Research/DroneControl/user_study_v4/Hongjun/Emergency/9.wav,Hongjun/Emergency/9.wav,emergency,0.99609375,0.99609375,0.0,0.0,"[127, -128, -128]",True,,,,,,,,,,,,,0.04912493750452995,1.4416250633075833,0.6600830238312483,2.1607090020552278
11,Hongjun,emergency,unavailable_in_sd_path,10,intent_directory,/Users/zilongzeng/Research/DroneControl/user_study_v4/Hongjun/Emergency/10.wav,Hongjun/Emergency/10.wav,emergency,0.99609375,0.99609375,0.0,0.0,"[127, -128, -128]",True,,,,,,,,,,,,,0.11804199311882257,1.3672090135514736,0.6377920508384705,2.132166991941631
12,Hongjun,emergency,unavailable_in_sd_path,11,intent_directory,/Users/zilongzeng/Research/DroneControl/user_study_v4/Hongjun/Emergency/11.wav,Hongjun/Emergency/11.wav,movement,0.99609375,0.0,0.99609375,0.0,"[-128, 127, -128]",False,,,,,,,,,,,,,0.058416975662112236,1.3136249035596848,0.7504579843953252,2.1302920067682862
13,Hongjun,emergency,unavailable_in_sd_path,12,intent_directory,/Users/zilongzeng/Research/DroneControl/user_study_v4/Hongjun/Emergency/12.wav,Hongjun/Emergency/12.wav,unknown,0.99609375,0.0,0.0,0.99609375,"[-128, -128, 127]",False,,,,,,,,,,,,,0.03774999640882015,1.1965410085394979,0.690666027367115,1.933207968249917
14,Hongjun,emergency,unavailable_in_sd_path,13,intent_directory,/Users/zilongzeng/Research/DroneControl/user_study_v4/Hongjun/Emergency/13.wav,Hongjun/Emergency/13.wav,movement,0.9453125,0.0546875,0.9453125,0.0,"[-114, 114, -128]",False,,,,,,,,,,,,,0.052875024266541004,1.4341670321300626,0.6315829232335091,2.125500002875924
15,Hongjun,emergency,unavailable_in_sd_path,14,intent_directory,/Users/zilongzeng/Research/DroneControl/user_study_v4/Hongjun/Emergency/14.wav,Hongjun/Emergency/14.wav,movement,0.9921875,0.0078125,0.9921875,0.0,"[-126, 126, -128]",False,,,,,,,,,,,,,0.07062498480081558,1.1554580414667726,0.626124907284975,1.8576671136543155
16,Hongjun,emergency,unavailable_in_sd_path,15,intent_directory,/Users/zilongzeng/Research/DroneControl/user_study_v4/Hongjun/Emergency/15.wav,Hongjun/Emergency/15.wav,movement,0.99609375,0.0,0.99609375,0.0,"[-128, 127, -128]",False,,,,,,,,,,,,,0.035499921068549156,1.1186670744791627,0.6545420037582517,1.8164579523727298
17,Hongjun,emergency,unavailable_in_sd_path,16,intent_directory,/Users/zilongzeng/Research/DroneControl/user_study_v4/Hongjun/Emergency/16.wav,Hongjun/Emergency/16.wav,movement,0.9453125,0.0546875,0.9453125,0.0,"[-114, 114, -128]",False,,,,,,,,,,,,,0.039541046135127544,1.183916931040585,0.6394590018317103,1.8708331044763327
18,Hongjun,emergency,unavailable_in_sd_path,17,intent_directory,/Users/zilongzeng/Research/DroneControl/user_study_v4/Hongjun/Emergency/17.wav,Hongjun/Emergency/17.wav,emergency,0.99609375,0.99609375,0.0,0.0,"[127, -128, -128]",True,,,,,,,,,,,,,0.047625042498111725,1.3512501027435064,0.6239580688998103,2.029124996624887
19,Hongjun,emergency,unavailable_in_sd_path,18,intent_directory,/Users/zilongzeng/Research/DroneControl/user_study_v4/Hongjun/Emergency/18.wav,Hongjun/Emergency/18.wav,emergency,0.99609375,0.99609375,0.0,0.0,"[127, -128, -128]",True,,,,,,,,,,,,,0.04679092671722174,1.1753749568015337,0.6261670496314764,1.854292000643909
20,Hongjun,emergency,unavailable_in_sd_path,19,intent_directory,/Users/zilongzeng/Research/DroneControl/user_study_v4/Hongjun/Emergency/19.wav,Hongjun/Emergency/19.wav,emergency,0.99609375,0.99609375,0.0,0.0,"[127, -128, -128]",True,,,,,,,,,,,,,0.03650004509836435,1.1338749900460243,0.6130000110715628,1.7892499454319477
21,Hongjun,emergency,unavailable_in_sd_path,20,intent_directory,/Users/zilongzeng/Research/DroneControl/user_study_v4/Hongjun/Emergency/20.wav,Hongjun/Emergency/20.wav,emergency,0.99609375,0.99609375,0.0,0.0,"[127, -128, -128]",True,,,,,,,,,,,,,0.04070799332112074,1.191499992273748,0.6576250307261944,1.8964170012623072
22,Hongjun,emergency,unavailable_in_sd_path,21,intent_directory,/Users/zilongzeng/Research/DroneControl/user_study_v4/Hongjun/Emergency/21.wav,Hongjun/Emergency/21.wav,movement,0.8046875,0.1953125,0.8046875,0.0,"[-78, 78, -128]",False,,,,,,,,,,,,,0.04283408634364605,1.2656248873099685,0.7293750531971455,2.0438330247998238
23,Hongjun,emergency,unavailable_in_sd_path,22,intent_directory,/Users/zilongzeng/Research/DroneControl/user_study_v4/Hongjun/Emergency/22.wav,Hongjun/Emergency/22.wav,unknown,0.99609375,0.0,0.0,0.99609375,"[-128, -128, 127]",False,,,,,,,,,,,,,0.04249997437000275,1.1505000293254852,0.6436669500544667,1.8423340516164899
24,Hongjun,emergency,unavailable_in_sd_path,23,intent_directory,/Users/zilongzeng/Research/DroneControl/user_study_v4/Hongjun/Emergency/23.wav,Hongjun/Emergency/23.wav,unknown,0.99609375,0.0,0.0,0.99609375,"[-128, -128, 127]",False,,,,,,,,,,,,,0.036375015042722225,1.1362909572198987,0.6448329659178853,1.8229170236736536
25,Hongjun,emergency,unavailable_in_sd_path,24,intent_directory,/Users/zilongzeng/Research/DroneControl/user_study_v4/Hongjun/Emergency/24.wav,Hongjun/Emergency/24.wav,movement,0.99609375,0.0,0.99609375,0.0,"[-128, 127, -128]",False,,,,,,,,,,,,,0.04012498538941145,1.1829580180346966,0.7243750151246786,1.9558330532163382
26,Hongjun,emergency,unavailable_in_sd_path,25,intent_directory,/Users/zilongzeng/Research/DroneControl/user_study_v4/Hongjun/Emergency/25.wav,Hongjun/Emergency/25.wav,unknown,0.99609375,0.0,0.0,0.99609375,"[-128, -128, 127]",False,,,,,,,,,,,,,0.05441601388156414,1.2982500484213233,0.7917080074548721,2.154708025045693
27,Hongjun,emergency,unavailable_in_sd_path,26,intent_directory,/Users/zilongzeng/Research/DroneControl/user_study_v4/Hongjun/Emergency/26.wav,Hongjun/Emergency/26.wav,movement,0.98046875,0.01171875,0.98046875,0.0078125,"[-125, 123, -126]",False,,,,,,,,,,,,,0.04937499761581421,1.203250023536384,0.6194579182192683,1.8780420068651438
28,Hongjun,emergency,unavailable_in_sd_path,27,intent_directory,/Users/zilongzeng/Research/DroneControl/user_study_v4/Hongjun/Emergency/27.wav,Hongjun/Emergency/27.wav,movement,0.8046875,0.1953125,0.8046875,0.0,"[-78, 78, -128]",False,,,,,,,,,,,,,0.048083020374178886,1.1884999694302678,0.6727919680997729,1.9184170523658395
29,Hongjun,emergency,unavailable_in_sd_path,28,intent_directory,/Users/zilongzeng/Research/DroneControl/user_study_v4/Hongjun/Emergency/28.wav,Hongjun/Emergency/28.wav,emergency,0.99609375,0.99609375,0.0,0.0,"[127, -128, -128]",True,,,,,,,,,,,,,0.04641700070351362,1.524958061054349,0.6750419270247221,2.2555000614374876
30,Hongjun,emergency,unavailable_in_sd_path,29,intent_directory,/Users/zilongzeng/Research/DroneControl/user_study_v4/Hongjun/Emergency/29.wav,Hongjun/Emergency/29.wav,emergency,0.9453125,0.9453125,0.0546875,0.0,"[114, -114, -128]",True,,,,,,,,,,,,,0.07508299313485622,1.435082987882197,0.6373749347403646,2.156625036150217
31,Hongjun,emergency,unavailable_in_sd_path,30,intent_directory,/Users/zilongzeng/Research/DroneControl/user_study_v4/Hongjun/Emergency/30.wav,Hongjun/Emergency/30.wav,movement,0.953125,0.046875,0.953125,0.0,"[-116, 116, -128]",False,,,,,,,,,,,,,0.10316690895706415,1.3094170717522502,0.6347079761326313,2.0554170478135347
32,Hongjun,emergency,unavailable_in_sd_path,31,intent_directory,/Users/zilongzeng/Research/DroneControl/user_study_v4/Hongjun/Emergency/31.wav,Hongjun/Emergency/31.wav,movement,0.99609375,0.0,0.99609375,0.0,"[-128, 127, -128]",False,,,,,,,,,,,,,0.061125028878450394,1.3304159510880709,0.6682910025119781,2.0666250493377447
33,Hongjun,emergency,unavailable_in_sd_path,32,intent_directory,/Users/zilongzeng/Research/DroneControl/user_study_v4/Hongjun/Emergency/32.wav,Hongjun/Emergency/32.wav,emergency,0.55078125,0.55078125,0.44921875,0.0,"[13, -13, -128]",True,,,,,,,,,,,,,0.0524159986525774,1.3168329605832696,0.6859999848529696,2.061332925222814
34,Hongjun,emergency,unavailable_in_sd_path,33,intent_directory,/Users/zilongzeng/Research/DroneControl/user_study_v4/Hongjun/Emergency/33.wav,Hongjun/Emergency/33.wav,movement,0.8828125,0.1171875,0.8828125,0.0,"[-98, 98, -128]",False,,,,,,,,,,,,,0.04879198968410492,1.1371249565854669,0.7337500574067235,1.930332975462079
35,Hongjun,emergency,unavailable_in_sd_path,34,intent_directory,/Users/zilongzeng/Research/DroneControl/user_study_v4/Hongjun/Emergency/34.wav,Hongjun/Emergency/34.wav,movement,0.83203125,0.16796875,0.83203125,0.0,"[-85, 85, -128]",False,,,,,,,,,,,,,0.05216698627918959,1.4899169327691197,0.6408750778064132,2.1922499872744083
36,Hongjun,emergency,unavailable_in_sd_path,35,intent_directory,/Users/zilongzeng/Research/DroneControl/user_study_v4/Hongjun/Emergency/35.wav,Hongjun/Emergency/35.wav,movement,0.99609375,0.0,0.99609375,0.0,"[-128, 127, -128]",False,,,,,,,,,,,,,0.09766709990799427,1.3175830245018005,0.6537910085171461,2.0781250204890966
37,Hongjun,emergency,unavailable_in_sd_path,36,intent_directory,/Users/zilongzeng/Research/DroneControl/user_study_v4/Hongjun/Emergency/36.wav,Hongjun/Emergency/36.wav,unknown,0.96875,0.03125,0.0,0.96875,"[-120, -128, 120]",False,,,,,,,,,,,,,0.06729201413691044,1.366332988254726,0.6947079673409462,2.1382500417530537
38,Hongjun,emergency,unavailable_in_sd_path,37,intent_directory,/Users/zilongzeng/Research/DroneControl/user_study_v4/Hongjun/Emergency/37.wav,Hongjun/Emergency/37.wav,emergency,0.984375,0.984375,0.015625,0.0,"[124, -124, -128]",True,,,,,,,,,,,,,0.05441601388156414,1.1909169843420386,0.6777920061722398,1.9631249597296119
39,Hongjun,emergency,unavailable_in_sd_path,38,intent_directory,/Users/zilongzeng/Research/DroneControl/user_study_v4/Hongjun/Emergency/38.wav,Hongjun/Emergency/38.wav,emergency,0.859375,0.859375,0.140625,0.0,"[92, -92, -128]",True,,,,,,,,,,,,,0.10612502228468657,1.320832991041243,0.6344999419525266,2.0682920003309846
40,Hongjun,emergency,unavailable_in_sd_path,39,intent_directory,/Users/zilongzeng/Research/DroneControl/user_study_v4/Hongjun/Emergency/39.wav,Hongjun/Emergency/39.wav,emergency,0.5,0.5,0.5,0.0,"[0, 0, -128]",True,,,,,,,,,,,,,0.05562498699873686,1.2362919514998794,0.6235830951482058,1.920958049595356
41,Hongjun,emergency,unavailable_in_sd_path,40,intent_directory,/Users/zilongzeng/Research/DroneControl/user_study_v4/Hongjun/Emergency/40.wav,Hongjun/Emergency/40.wav,movement,0.99609375,0.0,0.99609375,0.0,"[-128, 127, -128]",False,,,,,,,,,,,,,0.03899994771927595,1.261458033695817,0.6878750864416361,2.0158329280093312
42,Hongjun,emergency,unavailable_in_sd_path,41,intent_directory,/Users/zilongzeng/Research/DroneControl/user_study_v4/Hongjun/Emergency/41.wav,Hongjun/Emergency/41.wav,emergency,0.55078125,0.55078125,0.44921875,0.0,"[13, -13, -128]",True,,,,,,,,,,,,,0.1230830093845725,1.459416002035141,0.7354170083999634,2.3303329944610596
43,Hongjun,emergency,unavailable_in_sd_path,42,intent_directory,/Users/zilongzeng/Research/DroneControl/user_study_v4/Hongjun/Emergency/42.wav,Hongjun/Emergency/42.wav,movement,0.99609375,0.0,0.99609375,0.0,"[-128, 127, -128]",False,,,,,,,,,,,,,0.07700000423938036,1.2945409398525953,0.6313750054687262,2.008458017371595
44,Hongjun,emergency,unavailable_in_sd_path,43,intent_directory,/Users/zilongzeng/Research/DroneControl/user_study_v4/Hongjun/Emergency/43.wav,Hongjun/Emergency/43.wav,emergency,0.6484375,0.6484375,0.3515625,0.0,"[38, -38, -128]",True,,,,,,,,,,,,,0.05224999040365219,1.2094579869881272,0.6561250193044543,1.923458999954164
45,Hongjun,emergency,unavailable_in_sd_path,44,intent_directory,/Users/zilongzeng/Research/DroneControl/user_study_v4/Hongjun/Emergency/44.wav,Hongjun/Emergency/44.wav,movement,0.99609375,0.0,0.99609375,0.0,"[-128, 127, -128]",False,,,,,,,,,,,,,0.04295795224606991,1.3176669599488378,0.6842089351266623,2.051583956927061
46,Hongjun,emergency,unavailable_in_sd_path,45,intent_directory,/Users/zilongzeng/Research/DroneControl/user_study_v4/Hongjun/Emergency/45.wav,Hongjun/Emergency/45.wav,movement,0.99609375,0.0,0.99609375,0.0,"[-128, 127, -128]",False,,,,,,,,,,,,,0.052582938224077225,1.2267919955775142,0.7557079661637545,2.044999971985817
47,Hongjun,emergency,unavailable_in_sd_path,46,intent_directory,/Users/zilongzeng/Research/DroneControl/user_study_v4/Hongjun/Emergency/46.wav,Hongjun/Emergency/46.wav,emergency,0.99609375,0.99609375,0.0,0.0,"[127, -128, -128]",True,,,,,,,,,,,,,0.049875001423060894,1.3097079936414957,0.6683750543743372,2.0375839667394757
48,Hongjun,emergency,unavailable_in_sd_path,47,intent_directory,/Users/zilongzeng/Research/DroneControl/user_study_v4/Hongjun/Emergency/47.wav,Hongjun/Emergency/47.wav,emergency,0.99609375,0.99609375,0.0,0.0,"[127, -128, -128]",True,,,,,,,,,,,,,0.05100003909319639,1.162957982160151,0.6183749064803123,1.8378749955445528
49,Hongjun,emergency,unavailable_in_sd_path,48,intent_directory,/Users/zilongzeng/Research/DroneControl/user_study_v4/Hongjun/Emergency/48.wav,Hongjun/Emergency/48.wav,emergency,0.99609375,0.99609375,0.0,0.0,"[127, -128, -128]",True,,,,,,,,,,,,,0.035415985621511936,1.1344170197844505,0.6250840378925204,1.8004170851781964
50,Hongjun,emergency,unavailable_in_sd_path,49,intent_directory,/Users/zilongzeng/Research/DroneControl/user_study_v4/Hongjun/Emergency/49.wav,Hongjun/Emergency/49.wav,movement,0.99609375,0.0,0.99609375,0.0,"[-128, 127, -128]",False,,,,,,,,,,,,,0.03733299672603607,1.343625015579164,0.7060420466586947,2.0942079136148095
51,Hongjun,movement,unavailable_in_sd_path,0,intent_directory,/Users/zilongzeng/Research/DroneControl/user_study_v4/Hongjun/Movement/0.wav,Hongjun/Movement/0.wav,movement,0.99609375,0.0,0.99609375,0.0,"[-128, 127, -128]",True,,,,,,,,,,,,,0.05095801316201687,1.3811249518767,0.6602919893339276,2.0989590557292104
52,Hongjun,movement,unavailable_in_sd_path,1,intent_directory,/Users/zilongzeng/Research/DroneControl/user_study_v4/Hongjun/Movement/1.wav,Hongjun/Movement/1.wav,movement,0.99609375,0.0,0.99609375,0.0,"[-128, 127, -128]",True,,,,,,,,,,,,,0.055709038861095905,1.2522920733317733,0.6174170412123203,1.9313329830765724
53,Hongjun,movement,unavailable_in_sd_path,2,intent_directory,/Users/zilongzeng/Research/DroneControl/user_study_v4/Hongjun/Movement/2.wav,Hongjun/Movement/2.wav,movement,0.99609375,0.0,0.99609375,0.0,"[-128, 127, -128]",True,,,,,,,,,,,,,0.042208004742860794,1.152541022747755,0.6222500232979655,1.8248750129714608
54,Hongjun,movement,unavailable_in_sd_path,3,intent_directory,/Users/zilongzeng/Research/DroneControl/user_study_v4/Hongjun/Movement/3.wav,Hongjun/Movement/3.wav,movement,0.99609375,0.0,0.99609375,0.0,"[-128, 127, -128]",True,,,,,,,,,,,,,0.047208042815327644,1.4472920447587967,0.6774170324206352,2.1814160281792283
55,Hongjun,movement,unavailable_in_sd_path,4,intent_directory,/Users/zilongzeng/Research/DroneControl/user_study_v4/Hongjun/Movement/4.wav,Hongjun/Movement/4.wav,movement,0.99609375,0.0,0.99609375,0.0,"[-128, 127, -128]",True,,,,,,,,,,,,,0.09229197166860104,1.307707978412509,0.6635829340666533,2.069166046567261
56,Hongjun,movement,unavailable_in_sd_path,5,intent_directory,/Users/zilongzeng/Research/DroneControl/user_study_v4/Hongjun/Movement/5.wav,Hongjun/Movement/5.wav,movement,0.99609375,0.0,0.99609375,0.0,"[-128, 127, -128]",True,,,,,,,,,,,,,0.03975001163780689,1.1475000064820051,0.6740840617567301,1.8665839452296495
57,Hongjun,movement,unavailable_in_sd_path,6,intent_directory,/Users/zilongzeng/Research/DroneControl/user_study_v4/Hongjun/Movement/6.wav,Hongjun/Movement/6.wav,movement,0.99609375,0.0,0.99609375,0.0,"[-128, 127, -128]",True,,,,,,,,,,,,,0.037541030906140804,1.1389170540496707,0.609499984420836,1.791332964785397
58,Hongjun,movement,unavailable_in_sd_path,7,intent_directory,/Users/zilongzeng/Research/DroneControl/user_study_v4/Hongjun/Movement/7.wav,Hongjun/Movement/7.wav,movement,0.99609375,0.0,0.99609375,0.0,"[-128, 127, -128]",True,,,,,,,,,,,,,0.037499936297535896,1.219834084622562,0.7089999271556735,1.97216693777591
59,Hongjun,movement,unavailable_in_sd_path,8,intent_directory,/Users/zilongzeng/Research/DroneControl/user_study_v4/Hongjun/Movement/8.wav,Hongjun/Movement/8.wav,movement,0.99609375,0.0,0.99609375,0.0,"[-128, 127, -128]",True,,,,,,,,,,,,,0.050999922677874565,1.383500057272613,0.7427081000059843,2.1843339782208204
60,Hongjun,movement,unavailable_in_sd_path,9,intent_directory,/Users/zilongzeng/Research/DroneControl/user_study_v4/Hongjun/Movement/9.wav,Hongjun/Movement/9.wav,movement,0.99609375,0.0,0.99609375,0.0,"[-128, 127, -128]",True,,,,,,,,,,,,,0.06770796608179808,1.2092089746147394,0.6528330268338323,1.9354579271748662
61,Hongjun,movement,unavailable_in_sd_path,10,intent_directory,/Users/zilongzeng/Research/DroneControl/user_study_v4/Hongjun/Movement/10.wav,Hongjun/Movement/10.wav,movement,0.99609375,0.0,0.99609375,0.0,"[-128, 127, -128]",True,,,,,,,,,,,,,0.041082967072725296,1.2029160279780626,0.694249989464879,1.952082966454327
62,Hongjun,movement,unavailable_in_sd_path,11,intent_directory,/Users/zilongzeng/Research/DroneControl/user_study_v4/Hongjun/Movement/11.wav,Hongjun/Movement/11.wav,movement,0.99609375,0.0,0.99609375,0.0,"[-128, 127, -128]",True,,,,,,,,,,,,,0.06837490946054459,1.333208056166768,0.701082986779511,2.1081248996779323
63,Hongjun,movement,unavailable_in_sd_path,12,intent_directory,/Users/zilongzeng/Research/DroneControl/user_study_v4/Hongjun/Movement/12.wav,Hongjun/Movement/12.wav,movement,0.99609375,0.0,0.99609375,0.0,"[-128, 127, -128]",True,,,,,,,,,,,,,0.04766695201396942,1.336582936346531,0.6713750772178173,2.061125007458031
64,Hongjun,movement,unavailable_in_sd_path,13,intent_directory,/Users/zilongzeng/Research/DroneControl/user_study_v4/Hongjun/Movement/13.wav,Hongjun/Movement/13.wav,movement,0.99609375,0.0,0.99609375,0.0,"[-128, 127, -128]",True,,,,,,,,,,,,,0.04691700451076031,1.1776669416576624,0.6125409854575992,1.8425839953124523
65,Hongjun,movement,unavailable_in_sd_path,14,intent_directory,/Users/zilongzeng/Research/DroneControl/user_study_v4/Hongjun/Movement/14.wav,Hongjun/Movement/14.wav,movement,0.99609375,0.0,0.99609375,0.0,"[-128, 127, -128]",True,,,,,,,,,,,,,0.03787491004914045,1.2445830507203937,0.6781249539926648,1.9668330205604434
66,Hongjun,movement,unavailable_in_sd_path,15,intent_directory,/Users/zilongzeng/Research/DroneControl/user_study_v4/Hongjun/Movement/15.wav,Hongjun/Movement/15.wav,movement,0.99609375,0.0,0.99609375,0.0,"[-128, 127, -128]",True,,,,,,,,,,,,,0.05825003609061241,1.5989579260349274,0.6647499976679683,2.3319580359384418
67,Hongjun,movement,unavailable_in_sd_path,16,intent_directory,/Users/zilongzeng/Research/DroneControl/user_study_v4/Hongjun/Movement/16.wav,Hongjun/Movement/16.wav,movement,0.99609375,0.0,0.99609375,0.0,"[-128, 127, -128]",True,,,,,,,,,,,,,0.1129999291151762,1.3405829668045044,0.7326659979298711,2.193207968957722
68,Hongjun,movement,unavailable_in_sd_path,17,intent_directory,/Users/zilongzeng/Research/DroneControl/user_study_v4/Hongjun/Movement/17.wav,Hongjun/Movement/17.wav,movement,0.99609375,0.0,0.99609375,0.0,"[-128, 127, -128]",True,,,,,,,,,,,,,0.055709038861095905,1.1822920059785247,0.616834033280611,1.8600410548970103
69,Hongjun,movement,unavailable_in_sd_path,18,intent_directory,/Users/zilongzeng/Research/DroneControl/user_study_v4/Hongjun/Movement/18.wav,Hongjun/Movement/18.wav,movement,0.99609375,0.0,0.99609375,0.0,"[-128, 127, -128]",True,,,,,,,,,,,,,0.03995897714048624,1.148124923929572,0.6118750898167491,1.805541105568409
70,Hongjun,movement,unavailable_in_sd_path,19,intent_directory,/Users/zilongzeng/Research/DroneControl/user_study_v4/Hongjun/Movement/19.wav,Hongjun/Movement/19.wav,movement,0.99609375,0.0,0.99609375,0.0,"[-128, 127, -128]",True,,,,,,,,,,,,,0.03616709727793932,1.0976250050589442,0.7943330565467477,1.9357919227331877
71,Hongjun,movement,unavailable_in_sd_path,20,intent_directory,/Users/zilongzeng/Research/DroneControl/user_study_v4/Hongjun/Movement/20.wav,Hongjun/Movement/20.wav,movement,0.99609375,0.0,0.99609375,0.0,"[-128, 127, -128]",True,,,,,,,,,,,,,0.05795795004814863,1.288166968151927,0.7791250245645642,2.137332921847701
72,Hongjun,movement,unavailable_in_sd_path,21,intent_directory,/Users/zilongzeng/Research/DroneControl/user_study_v4/Hongjun/Movement/21.wav,Hongjun/Movement/21.wav,movement,0.99609375,0.0,0.99609375,0.0,"[-128, 127, -128]",True,,,,,,,,,,,,,0.056292046792805195,1.4618749264627695,0.6425830069929361,2.1700840443372726
73,Hongjun,movement,unavailable_in_sd_path,22,intent_directory,/Users/zilongzeng/Research/DroneControl/user_study_v4/Hongjun/Movement/22.wav,Hongjun/Movement/22.wav,movement,0.99609375,0.0,0.99609375,0.0,"[-128, 127, -128]",True,,,,,,,,,,,,,0.11200003791600466,1.2686250265687704,0.6204169476404786,2.0071660401299596
74,Hongjun,movement,unavailable_in_sd_path,23,intent_directory,/Users/zilongzeng/Research/DroneControl/user_study_v4/Hongjun/Movement/23.wav,Hongjun/Movement/23.wav,movement,0.99609375,0.0,0.99609375,0.0,"[-128, 127, -128]",True,,,,,,,,,,,,,0.04212500061839819,1.148457988165319,0.7430840050801635,1.9422500627115369
75,Hongjun,movement,unavailable_in_sd_path,24,intent_directory,/Users/zilongzeng/Research/DroneControl/user_study_v4/Hongjun/Movement/24.wav,Hongjun/Movement/24.wav,movement,0.99609375,0.0,0.99609375,0.0,"[-128, 127, -128]",True,,,,,,,,,,,,,0.05083298310637474,1.4772500144317746,0.7456669118255377,2.2833329858258367
76,Hongjun,movement,unavailable_in_sd_path,25,intent_directory,/Users/zilongzeng/Research/DroneControl/user_study_v4/Hongjun/Movement/25.wav,Hongjun/Movement/25.wav,movement,0.99609375,0.0,0.99609375,0.0,"[-128, 127, -128]",True,,,,,,,,,,,,,0.14579191338270903,1.379041001200676,0.6463750032708049,2.1813750499859452
77,Hongjun,movement,unavailable_in_sd_path,26,intent_directory,/Users/zilongzeng/Research/DroneControl/user_study_v4/Hongjun/Movement/26.wav,Hongjun/Movement/26.wav,movement,0.99609375,0.0,0.99609375,0.0,"[-128, 127, -128]",True,,,,,,,,,,,,,0.11795898899435997,1.2704170076176524,0.6478340364992619,2.0429579308256507
78,Hongjun,movement,unavailable_in_sd_path,27,intent_directory,/Users/zilongzeng/Research/DroneControl/user_study_v4/Hongjun/Movement/27.wav,Hongjun/Movement/27.wav,movement,0.99609375,0.0,0.99609375,0.0,"[-128, 127, -128]",True,,,,,,,,,,,,,0.05425000563263893,1.4271249528974295,0.6770420586690307,2.1655410528182983
79,Hongjun,movement,unavailable_in_sd_path,28,intent_directory,/Users/zilongzeng/Research/DroneControl/user_study_v4/Hongjun/Movement/28.wav,Hongjun/Movement/28.wav,movement,0.99609375,0.0,0.99609375,0.0,"[-128, 127, -128]",True,,,,,,,,,,,,,0.05333404988050461,1.2790000764653087,0.709832995198667,2.0478750811889768
80,Hongjun,movement,unavailable_in_sd_path,29,intent_directory,/Users/zilongzeng/Research/DroneControl/user_study_v4/Hongjun/Movement/29.wav,Hongjun/Movement/29.wav,movement,0.99609375,0.0,0.99609375,0.0,"[-128, 127, -128]",True,,,,,,,,,,,,,0.051666051149368286,1.1801250511780381,0.6238330388441682,1.8609169637784362
81,Hongjun,movement,unavailable_in_sd_path,30,intent_directory,/Users/zilongzeng/Research/DroneControl/user_study_v4/Hongjun/Movement/30.wav,Hongjun/Movement/30.wav,movement,0.99609375,0.0,0.99609375,0.0,"[-128, 127, -128]",True,,,,,,,,,,,,,0.039915903471410275,1.1841669911518693,0.6256659980863333,1.8548329826444387
82,Hongjun,movement,unavailable_in_sd_path,31,intent_directory,/Users/zilongzeng/Research/DroneControl/user_study_v4/Hongjun/Movement/31.wav,Hongjun/Movement/31.wav,movement,0.99609375,0.0,0.99609375,0.0,"[-128, 127, -128]",True,,,,,,,,,,,,,0.04112499300390482,1.1281248880550265,0.6753340130671859,1.8523751059547067
83,Hongjun,movement,unavailable_in_sd_path,32,intent_directory,/Users/zilongzeng/Research/DroneControl/user_study_v4/Hongjun/Movement/32.wav,Hongjun/Movement/32.wav,unknown,0.8046875,0.0,0.1953125,0.8046875,"[-128, -78, 78]",False,,,,,,,,,,,,,0.05529099144041538,1.217665965668857,0.6534159183502197,1.9325419561937451
84,Hongjun,movement,unavailable_in_sd_path,33,intent_directory,/Users/zilongzeng/Research/DroneControl/user_study_v4/Hongjun/Movement/33.wav,Hongjun/Movement/33.wav,unknown,0.59765625,0.0,0.40234375,0.59765625,"[-128, -25, 25]",False,,,,,,,,,,,,,0.06270897574722767,1.3090419815853238,0.627957982942462,2.005166024900973
85,Hongjun,movement,unavailable_in_sd_path,34,intent_directory,/Users/zilongzeng/Research/DroneControl/user_study_v4/Hongjun/Movement/34.wav,Hongjun/Movement/34.wav,movement,0.99609375,0.0,0.99609375,0.0,"[-128, 127, -128]",True,,,,,,,,,,,,,0.04766695201396942,1.1248330119997263,0.6557919550687075,1.8339999951422215
86,Hongjun,movement,unavailable_in_sd_path,35,intent_directory,/Users/zilongzeng/Research/DroneControl/user_study_v4/Hongjun/Movement/35.wav,Hongjun/Movement/35.wav,emergency,0.96875,0.96875,0.03125,0.0,"[120, -120, -128]",False,,,,,,,,,,,,,0.04000007174909115,1.1684169294312596,0.6600000197067857,1.8741250969469547
87,Hongjun,movement,unavailable_in_sd_path,36,intent_directory,/Users/zilongzeng/Research/DroneControl/user_study_v4/Hongjun/Movement/36.wav,Hongjun/Movement/36.wav,unknown,0.83203125,0.1640625,0.00390625,0.83203125,"[-86, -127, 85]",False,,,,,,,,,,,,,0.05137501284480095,1.273375004529953,0.7620831020176411,2.1091250237077475
88,Hongjun,movement,unavailable_in_sd_path,37,intent_directory,/Users/zilongzeng/Research/DroneControl/user_study_v4/Hongjun/Movement/37.wav,Hongjun/Movement/37.wav,unknown,0.97265625,0.0,0.02734375,0.97265625,"[-128, -121, 121]",False,,,,,,,,,,,,,0.10295899119228125,1.4787920517846942,0.7229999173432589,2.311917021870613
89,Hongjun,movement,unavailable_in_sd_path,38,intent_directory,/Users/zilongzeng/Research/DroneControl/user_study_v4/Hongjun/Movement/38.wav,Hongjun/Movement/38.wav,movement,0.99609375,0.0,0.99609375,0.0,"[-128, 127, -128]",True,,,,,,,,,,,,,0.05112495273351669,1.370667014271021,0.705125043168664,2.1335839992389083
90,Hongjun,movement,unavailable_in_sd_path,39,intent_directory,/Users/zilongzeng/Research/DroneControl/user_study_v4/Hongjun/Movement/39.wav,Hongjun/Movement/39.wav,movement,0.99609375,0.0,0.99609375,0.0,"[-128, 127, -128]",True,,,,,,,,,,,,,0.16425002831965685,1.2681250227615237,0.6552910199388862,2.0936670480296016
91,Hongjun,movement,unavailable_in_sd_path,40,intent_directory,/Users/zilongzeng/Research/DroneControl/user_study_v4/Hongjun/Movement/40.wav,Hongjun/Movement/40.wav,movement,0.99609375,0.0,0.99609375,0.0,"[-128, 127, -128]",True,,,,,,,,,,,,,0.053292023949325085,1.3241249835118651,0.7500830106437206,2.149083069525659
92,Hongjun,movement,unavailable_in_sd_path,41,intent_directory,/Users/zilongzeng/Research/DroneControl/user_study_v4/Hongjun/Movement/41.wav,Hongjun/Movement/41.wav,movement,0.99609375,0.0,0.99609375,0.0,"[-128, 127, -128]",True,,,,,,,,,,,,,0.07616705261170864,1.5909170033410192,0.6870420183986425,2.372999908402562
93,Hongjun,movement,unavailable_in_sd_path,42,intent_directory,/Users/zilongzeng/Research/DroneControl/user_study_v4/Hongjun/Movement/42.wav,Hongjun/Movement/42.wav,movement,0.99609375,0.0,0.99609375,0.0,"[-128, 127, -128]",True,,,,,,,,,,,,,0.0992499990388751,1.2593750143423676,0.6784170400351286,2.047124900855124
94,Hongjun,movement,unavailable_in_sd_path,43,intent_directory,/Users/zilongzeng/Research/DroneControl/user_study_v4/Hongjun/Movement/43.wav,Hongjun/Movement/43.wav,movement,0.99609375,0.0,0.99609375,0.0,"[-128, 127, -128]",True,,,,,,,,,,,,,0.06545905489474535,1.2619169428944588,0.6629159906879067,1.9974999595433474
95,Hongjun,movement,unavailable_in_sd_path,44,intent_directory,/Users/zilongzeng/Research/DroneControl/user_study_v4/Hongjun/Movement/44.wav,Hongjun/Movement/44.wav,movement,0.99609375,0.0,0.99609375,0.0,"[-128, 127, -128]",True,,,,,,,,,,,,,0.06437499541789293,1.499249949119985,0.8725000079721212,2.499292022548616
96,Hongjun,movement,unavailable_in_sd_path,45,intent_directory,/Users/zilongzeng/Research/DroneControl/user_study_v4/Hongjun/Movement/45.wav,Hongjun/Movement/45.wav,movement,0.99609375,0.0,0.99609375,0.0,"[-128, 127, -128]",True,,,,,,,,,,,,,0.17024995759129524,1.8121659522876143,0.7030840497463942,2.6953340275213122
97,Hongjun,movement,unavailable_in_sd_path,46,intent_directory,/Users/zilongzeng/Research/DroneControl/user_study_v4/Hongjun/Movement/46.wav,Hongjun/Movement/46.wav,movement,0.99609375,0.0,0.99609375,0.0,"[-128, 127, -128]",True,,,,,,,,,,,,,0.09949994273483753,1.4185829786583781,0.6286249263212085,2.154999994672835
98,Hongjun,movement,unavailable_in_sd_path,47,intent_directory,/Users/zilongzeng/Research/DroneControl/user_study_v4/Hongjun/Movement/47.wav,Hongjun/Movement/47.wav,movement,0.99609375,0.0,0.99609375,0.0,"[-128, 127, -128]",True,,,,,,,,,,,,,0.08062506094574928,1.5066670021042228,0.7975000189617276,2.4024590384215117
99,Hongjun,movement,unavailable_in_sd_path,48,intent_directory,/Users/zilongzeng/Research/DroneControl/user_study_v4/Hongjun/Movement/48.wav,Hongjun/Movement/48.wav,movement,0.99609375,0.0,0.99609375,0.0,"[-128, 127, -128]",True,,,,,,,,,,,,,0.07412501145154238,1.3798330910503864,0.7098750211298466,2.175832982175052
100,Hongjun,movement,unavailable_in_sd_path,49,intent_directory,/Users/zilongzeng/Research/DroneControl/user_study_v4/Hongjun/Movement/49.wav,Hongjun/Movement/49.wav,movement,0.99609375,0.0,0.99609375,0.0,"[-128, 127, -128]",True,,,,,,,,,,,,,0.10433304123580456,1.4294169377535582,0.7257499964907765,2.267375006340444
101,Hongjun,unknown,unavailable_in_sd_path,0,intent_directory,/Users/zilongzeng/Research/DroneControl/user_study_v4/Hongjun/Unknown/0.wav,Hongjun/Unknown/0.wav,unknown,0.99609375,0.0,0.0,0.99609375,"[-128, -128, 127]",True,,,,,,,,,,,,,0.08320796769112349,1.427499926649034,0.6886250339448452,2.208332996815443
102,Hongjun,unknown,unavailable_in_sd_path,1,intent_directory,/Users/zilongzeng/Research/DroneControl/user_study_v4/Hongjun/Unknown/1.wav,Hongjun/Unknown/1.wav,unknown,0.99609375,0.0,0.0,0.99609375,"[-128, -128, 127]",True,,,,,,,,,,,,,0.09874999523162842,1.346791977994144,0.7262500002980232,2.180707990191877
103,Hongjun,unknown,unavailable_in_sd_path,2,intent_directory,/Users/zilongzeng/Research/DroneControl/user_study_v4/Hongjun/Unknown/2.wav,Hongjun/Unknown/2.wav,unknown,0.99609375,0.0,0.0,0.99609375,"[-128, -128, 127]",True,,,,,,,,,,,,,0.07337494753301144,1.5445409808307886,0.7714999374002218,2.400208031758666
104,Hongjun,unknown,unavailable_in_sd_path,3,intent_directory,/Users/zilongzeng/Research/DroneControl/user_study_v4/Hongjun/Unknown/3.wav,Hongjun/Unknown/3.wav,unknown,0.99609375,0.0,0.0,0.99609375,"[-128, -128, 127]",True,,,,,,,,,,,,,0.10320800356566906,1.3152090832591057,0.6255839252844453,2.053041011095047
105,Hongjun,unknown,unavailable_in_sd_path,4,intent_directory,/Users/zilongzeng/Research/DroneControl/user_study_v4/Hongjun/Unknown/4.wav,Hongjun/Unknown/4.wav,unknown,0.9921875,0.0,0.0078125,0.9921875,"[-128, -126, 126]",True,,,,,,,,,,,,,0.06033293902873993,1.4237919822335243,0.7501249201595783,2.2453749552369118
106,Hongjun,unknown,unavailable_in_sd_path,5,intent_directory,/Users/zilongzeng/Research/DroneControl/user_study_v4/Hongjun/Unknown/5.wav,Hongjun/Unknown/5.wav,unknown,0.99609375,0.0,0.0,0.99609375,"[-128, -128, 127]",True,,,,,,,,,,,,,0.10987499263137579,1.5041250735521317,0.6942079635336995,2.3164170561358333
107,Hongjun,unknown,unavailable_in_sd_path,6,intent_directory,/Users/zilongzeng/Research/DroneControl/user_study_v4/Hongjun/Unknown/6.wav,Hongjun/Unknown/6.wav,unknown,0.99609375,0.0,0.0,0.99609375,"[-128, -128, 127]",True,,,,,,,,,,,,,0.06991694681346416,1.2727499706670642,0.688167056068778,2.0372079452499747
108,Hongjun,unknown,unavailable_in_sd_path,7,intent_directory,/Users/zilongzeng/Research/DroneControl/user_study_v4/Hongjun/Unknown/7.wav,Hongjun/Unknown/7.wav,unknown,0.99609375,0.0,0.0,0.99609375,"[-128, -128, 127]",True,,,,,,,,,,,,,0.060292077250778675,1.4420408988371491,0.7463750662282109,2.260333043523133
109,Hongjun,unknown,unavailable_in_sd_path,8,intent_directory,/Users/zilongzeng/Research/DroneControl/user_study_v4/Hongjun/Unknown/8.wav,Hongjun/Unknown/8.wav,unknown,0.99609375,0.0,0.0,0.99609375,"[-128, -128, 127]",True,,,,,,,,,,,,,0.1011659624055028,1.4184999745339155,0.7701669819653034,2.30308307800442
110,Hongjun,unknown,unavailable_in_sd_path,9,intent_directory,/Users/zilongzeng/Research/DroneControl/user_study_v4/Hongjun/Unknown/9.wav,Hongjun/Unknown/9.wav,unknown,0.99609375,0.0,0.0,0.99609375,"[-128, -128, 127]",True,,,,,,,,,,,,,0.09929202497005463,1.646250020712614,0.7844169158488512,2.5393750984221697
111,Hongjun,unknown,unavailable_in_sd_path,10,intent_directory,/Users/zilongzeng/Research/DroneControl/user_study_v4/Hongjun/Unknown/10.wav,Hongjun/Unknown/10.wav,unknown,0.99609375,0.0,0.0,0.99609375,"[-128, -128, 127]",True,,,,,,,,,,,,,0.0862909946590662,1.4588750200346112,0.6930000381544232,2.2467089584097266
112,Hongjun,unknown,unavailable_in_sd_path,11,intent_directory,/Users/zilongzeng/Research/DroneControl/user_study_v4/Hongjun/Unknown/11.wav,Hongjun/Unknown/11.wav,unknown,0.99609375,0.0,0.0,0.99609375,"[-128, -128, 127]",True,,,,,,,,,,,,,0.07570895832031965,1.333208056166768,0.6904579931870103,2.110457979142666
113,Hongjun,unknown,unavailable_in_sd_path,12,intent_directory,/Users/zilongzeng/Research/DroneControl/user_study_v4/Hongjun/Unknown/12.wav,Hongjun/Unknown/12.wav,unknown,0.99609375,0.0,0.0,0.99609375,"[-128, -128, 127]",True,,,,,,,,,,,,,0.08516700472682714,1.427666051313281,0.7822499610483646,2.304040943272412
114,Hongjun,unknown,unavailable_in_sd_path,13,intent_directory,/Users/zilongzeng/Research/DroneControl/user_study_v4/Hongjun/Unknown/13.wav,Hongjun/Unknown/13.wav,unknown,0.99609375,0.0,0.0,0.99609375,"[-128, -128, 127]",True,,,,,,,,,,,,,0.07233396172523499,1.2706250417977571,0.6708329310640693,2.0212909439578652
115,Hongjun,unknown,unavailable_in_sd_path,14,intent_directory,/Users/zilongzeng/Research/DroneControl/user_study_v4/Hongjun/Unknown/14.wav,Hongjun/Unknown/14.wav,unknown,0.97265625,0.0,0.02734375,0.97265625,"[-128, -121, 121]",True,,,,,,,,,,,,,0.0525409122928977,1.482208026573062,0.7561669917777181,2.301958971656859
116,Hongjun,unknown,unavailable_in_sd_path,15,intent_directory,/Users/zilongzeng/Research/DroneControl/user_study_v4/Hongjun/Unknown/15.wav,Hongjun/Unknown/15.wav,unknown,0.99609375,0.0,0.0,0.99609375,"[-128, -128, 127]",True,,,,,,,,,,,,,0.10066595859825611,1.4850000152364373,0.7270830683410168,2.320250030606985
117,Hongjun,unknown,unavailable_in_sd_path,16,intent_directory,/Users/zilongzeng/Research/DroneControl/user_study_v4/Hongjun/Unknown/16.wav,Hongjun/Unknown/16.wav,movement,0.99609375,0.0,0.99609375,0.0,"[-128, 127, -128]",False,,,,,,,,,,,,,0.06287498399615288,1.3462919741868973,0.7802090840414166,2.1959999576210976
118,Hongjun,unknown,unavailable_in_sd_path,17,intent_directory,/Users/zilongzeng/Research/DroneControl/user_study_v4/Hongjun/Unknown/17.wav,Hongjun/Unknown/17.wav,emergency,0.99609375,0.99609375,0.0,0.0,"[127, -128, -128]",False,,,,,,,,,,,,,0.058416975662112236,1.1934590293094516,0.6820419803261757,1.9405829953029752
119,Hongjun,unknown,unavailable_in_sd_path,18,intent_directory,/Users/zilongzeng/Research/DroneControl/user_study_v4/Hongjun/Unknown/18.wav,Hongjun/Unknown/18.wav,unknown,0.99609375,0.0,0.0,0.99609375,"[-128, -128, 127]",True,,,,,,,,,,,,,0.047083012759685516,1.3983329990878701,0.7101669907569885,2.1626249654218554
120,Hongjun,unknown,unavailable_in_sd_path,19,intent_directory,/Users/zilongzeng/Research/DroneControl/user_study_v4/Hongjun/Unknown/19.wav,Hongjun/Unknown/19.wav,unknown,0.99609375,0.0,0.0,0.99609375,"[-128, -128, 127]",True,,,,,,,,,,,,,0.07104198448359966,1.3866659719496965,0.6790420738980174,2.1452910732477903
121,Hongjun,unknown,unavailable_in_sd_path,20,intent_directory,/Users/zilongzeng/Research/DroneControl/user_study_v4/Hongjun/Unknown/20.wav,Hongjun/Unknown/20.wav,unknown,0.99609375,0.0,0.0,0.99609375,"[-128, -128, 127]",True,,,,,,,,,,,,,0.07104198448359966,1.4122079592198133,0.6300840759649873,2.118999953381717
122,Hongjun,unknown,unavailable_in_sd_path,21,intent_directory,/Users/zilongzeng/Research/DroneControl/user_study_v4/Hongjun/Unknown/21.wav,Hongjun/Unknown/21.wav,unknown,0.99609375,0.0,0.0,0.99609375,"[-128, -128, 127]",True,,,,,,,,,,,,,0.04316610284149647,1.24074995983392,0.7045000093057752,1.9991250010207295
123,Hongjun,unknown,unavailable_in_sd_path,22,intent_directory,/Users/zilongzeng/Research/DroneControl/user_study_v4/Hongjun/Unknown/22.wav,Hongjun/Unknown/22.wav,unknown,0.99609375,0.0,0.0,0.99609375,"[-128, -128, 127]",True,,,,,,,,,,,,,0.06804196164011955,1.4324580552056432,0.7273339433595538,2.239000052213669
124,Hongjun,unknown,unavailable_in_sd_path,23,intent_directory,/Users/zilongzeng/Research/DroneControl/user_study_v4/Hongjun/Unknown/23.wav,Hongjun/Unknown/23.wav,unknown,0.69140625,0.0,0.30859375,0.69140625,"[-128, -49, 49]",True,,,,,,,,,,,,,0.12204109225422144,1.3012500712648034,0.7225410081446171,2.152749919332564
125,Hongjun,unknown,unavailable_in_sd_path,24,intent_directory,/Users/zilongzeng/Research/DroneControl/user_study_v4/Hongjun/Unknown/24.wav,Hongjun/Unknown/24.wav,unknown,0.99609375,0.0,0.0,0.99609375,"[-128, -128, 127]",True,,,,,,,,,,,,,0.05691696424037218,1.2521670432761312,0.6700829835608602,1.985291950404644
126,Hongjun,unknown,unavailable_in_sd_path,25,intent_directory,/Users/zilongzeng/Research/DroneControl/user_study_v4/Hongjun/Unknown/25.wav,Hongjun/Unknown/25.wav,unknown,0.99609375,0.0,0.0,0.99609375,"[-128, -128, 127]",True,,,,,,,,,,,,,0.05491694901138544,1.1137499241158366,0.6577499443665147,1.832375070080161
127,Hongjun,unknown,unavailable_in_sd_path,26,intent_directory,/Users/zilongzeng/Research/DroneControl/user_study_v4/Hongjun/Unknown/26.wav,Hongjun/Unknown/26.wav,movement,0.97265625,0.0,0.97265625,0.02734375,"[-128, 121, -121]",False,,,,,,,,,,,,,0.04245806485414505,1.3715410605072975,0.6949169328436255,2.127625048160553
128,Hongjun,unknown,unavailable_in_sd_path,27,intent_directory,/Users/zilongzeng/Research/DroneControl/user_study_v4/Hongjun/Unknown/27.wav,Hongjun/Unknown/27.wav,movement,0.94140625,0.0546875,0.94140625,0.0,"[-114, 113, -128]",False,,,,,,,,,,,,,0.07516692858189344,1.498083001933992,0.7144169649109244,2.2970419377088547
129,Hongjun,unknown,unavailable_in_sd_path,28,intent_directory,/Users/zilongzeng/Research/DroneControl/user_study_v4/Hongjun/Unknown/28.wav,Hongjun/Unknown/28.wav,unknown,0.99609375,0.0,0.0,0.99609375,"[-128, -128, 127]",True,,,,,,,,,,,,,0.10312499944120646,1.3929579872637987,0.6538749439641833,2.1603329805657268
130,Hongjun,unknown,unavailable_in_sd_path,29,intent_directory,/Users/zilongzeng/Research/DroneControl/user_study_v4/Hongjun/Unknown/29.wav,Hongjun/Unknown/29.wav,unknown,0.99609375,0.0,0.0,0.99609375,"[-128, -128, 127]",True,,,,,,,,,,,,,0.06137497257441282,1.1998750269412994,0.7595829665660858,2.0293750567361712
131,Hongjun,unknown,unavailable_in_sd_path,30,intent_directory,/Users/zilongzeng/Research/DroneControl/user_study_v4/Hongjun/Unknown/30.wav,Hongjun/Unknown/30.wav,unknown,0.99609375,0.0,0.0,0.99609375,"[-128, -128, 127]",True,,,,,,,,,,,,,0.052999937906861305,1.3908749679103494,0.7899999618530273,2.2436250001192093
132,Hongjun,unknown,unavailable_in_sd_path,31,intent_directory,/Users/zilongzeng/Research/DroneControl/user_study_v4/Hongjun/Unknown/31.wav,Hongjun/Unknown/31.wav,unknown,0.99609375,0.0,0.00390625,0.99609375,"[-128, -127, 127]",True,,,,,,,,,,,,,0.10462501086294651,1.418040948919952,0.6265409756451845,2.156208036467433
133,Hongjun,unknown,unavailable_in_sd_path,32,intent_directory,/Users/zilongzeng/Research/DroneControl/user_study_v4/Hongjun/Unknown/32.wav,Hongjun/Unknown/32.wav,unknown,0.99609375,0.0,0.0,0.99609375,"[-128, -128, 127]",True,,,,,,,,,,,,,0.0476249260827899,1.1927500599995255,0.656625023111701,1.9031669944524765
134,Hongjun,unknown,unavailable_in_sd_path,33,intent_directory,/Users/zilongzeng/Research/DroneControl/user_study_v4/Hongjun/Unknown/33.wav,Hongjun/Unknown/33.wav,movement,0.99609375,0.0,0.99609375,0.0,"[-128, 127, -128]",False,,,,,,,,,,,,,0.0599580816924572,1.2434159871190786,0.6559171015396714,1.9647080916911364
135,Hongjun,unknown,unavailable_in_sd_path,34,intent_directory,/Users/zilongzeng/Research/DroneControl/user_study_v4/Hongjun/Unknown/34.wav,Hongjun/Unknown/34.wav,unknown,0.99609375,0.0,0.0,0.99609375,"[-128, -128, 127]",True,,,,,,,,,,,,,0.04091695882380009,1.3144169934093952,0.6848749471828341,2.048125024884939
136,Hongjun,unknown,unavailable_in_sd_path,35,intent_directory,/Users/zilongzeng/Research/DroneControl/user_study_v4/Hongjun/Unknown/35.wav,Hongjun/Unknown/35.wav,unknown,0.99609375,0.0,0.0,0.99609375,"[-128, -128, 127]",True,,,,,,,,,,,,,0.07612502668052912,1.390041084960103,0.6920000305399299,2.1664160303771496
137,Hongjun,unknown,unavailable_in_sd_path,36,intent_directory,/Users/zilongzeng/Research/DroneControl/user_study_v4/Hongjun/Unknown/36.wav,Hongjun/Unknown/36.wav,unknown,0.99609375,0.0,0.00390625,0.99609375,"[-128, -127, 127]",True,,,,,,,,,,,,,0.07504201494157314,1.4222919708117843,0.635584001429379,2.1404579747468233
138,Hongjun,unknown,unavailable_in_sd_path,37,intent_directory,/Users/zilongzeng/Research/DroneControl/user_study_v4/Hongjun/Unknown/37.wav,Hongjun/Unknown/37.wav,movement,0.95703125,0.01171875,0.95703125,0.03125,"[-125, 117, -120]",False,,,,,,,,,,,,,0.04937499761581421,1.31929200142622,0.7144160335883498,2.094959025271237
139,Hongjun,unknown,unavailable_in_sd_path,38,intent_directory,/Users/zilongzeng/Research/DroneControl/user_study_v4/Hongjun/Unknown/38.wav,Hongjun/Unknown/38.wav,unknown,0.99609375,0.0,0.0,0.99609375,"[-128, -128, 127]",True,,,,,,,,,,,,,0.10358297731727362,1.5504170442000031,0.7398339221253991,2.403500024229288
140,Hongjun,unknown,unavailable_in_sd_path,39,intent_directory,/Users/zilongzeng/Research/DroneControl/user_study_v4/Hongjun/Unknown/39.wav,Hongjun/Unknown/39.wav,unknown,0.99609375,0.0,0.0,0.99609375,"[-128, -128, 127]",True,,,,,,,,,,,,,0.1028749393299222,1.3926250394433737,0.6383750587701797,2.1406669402495027
141,Hongjun,unknown,unavailable_in_sd_path,40,intent_directory,/Users/zilongzeng/Research/DroneControl/user_study_v4/Hongjun/Unknown/40.wav,Hongjun/Unknown/40.wav,unknown,0.99609375,0.0,0.0,0.99609375,"[-128, -128, 127]",True,,,,,,,,,,,,,0.06558292079716921,1.3810840900987387,0.6455000257119536,2.097749966196716
142,Hongjun,unknown,unavailable_in_sd_path,41,intent_directory,/Users/zilongzeng/Research/DroneControl/user_study_v4/Hongjun/Unknown/41.wav,Hongjun/Unknown/41.wav,unknown,0.99609375,0.0,0.0,0.99609375,"[-128, -128, 127]",True,,,,,,,,,,,,,0.05020899698138237,1.2474170653149486,0.7429169490933418,2.048540976829827
143,Hongjun,unknown,unavailable_in_sd_path,42,intent_directory,/Users/zilongzeng/Research/DroneControl/user_study_v4/Hongjun/Unknown/42.wav,Hongjun/Unknown/42.wav,unknown,0.99609375,0.0,0.0,0.99609375,"[-128, -128, 127]",True,,,,,,,,,,,,,0.05320901982486248,1.456917030736804,0.7151250028982759,2.233915962278843
144,Hongjun,unknown,unavailable_in_sd_path,43,intent_directory,/Users/zilongzeng/Research/DroneControl/user_study_v4/Hongjun/Unknown/43.wav,Hongjun/Unknown/43.wav,unknown,0.99609375,0.0,0.0,0.99609375,"[-128, -128, 127]",True,,,,,,,,,,,,,0.08462497498840094,1.358332927338779,0.7089159917086363,2.157959039323032
145,Hongjun,unknown,unavailable_in_sd_path,44,intent_directory,/Users/zilongzeng/Research/DroneControl/user_study_v4/Hongjun/Unknown/44.wav,Hongjun/Unknown/44.wav,unknown,0.99609375,0.0,0.0,0.99609375,"[-128, -128, 127]",True,,,,,,,,,,,,,0.049915979616343975,1.2837910326197743,0.6359580438584089,1.9766249461099505
146,Hongjun,unknown,unavailable_in_sd_path,45,intent_directory,/Users/zilongzeng/Research/DroneControl/user_study_v4/Hongjun/Unknown/45.wav,Hongjun/Unknown/45.wav,unknown,0.99609375,0.0,0.0,0.99609375,"[-128, -128, 127]",True,,,,,,,,,,,,,0.05104194860905409,1.2329580495133996,0.7235420634970069,2.0162089494988322
147,Hongjun,unknown,unavailable_in_sd_path,46,intent_directory,/Users/zilongzeng/Research/DroneControl/user_study_v4/Hongjun/Unknown/46.wav,Hongjun/Unknown/46.wav,movement,0.99609375,0.0,0.99609375,0.0,"[-128, 127, -128]",False,,,,,,,,,,,,,0.07349997758865356,1.4479169622063637,0.6944590713828802,2.2241250844672322
148,Hongjun,unknown,unavailable_in_sd_path,47,intent_directory,/Users/zilongzeng/Research/DroneControl/user_study_v4/Hongjun/Unknown/47.wav,Hongjun/Unknown/47.wav,movement,0.99609375,0.0,0.99609375,0.0,"[-128, 127, -128]",False,,,,,,,,,,,,,0.09420898277312517,1.3891670387238264,0.688083004206419,2.177500049583614
149,Hongjun,unknown,unavailable_in_sd_path,48,intent_directory,/Users/zilongzeng/Research/DroneControl/user_study_v4/Hongjun/Unknown/48.wav,Hongjun/Unknown/48.wav,unknown,0.99609375,0.0,0.0,0.99609375,"[-128, -128, 127]",True,,,,,,,,,,,,,0.053625088185071945,1.1816249461844563,0.6105409702286124,1.8525829073041677
150,Hongjun,unknown,unavailable_in_sd_path,49,intent_directory,/Users/zilongzeng/Research/DroneControl/user_study_v4/Hongjun/Unknown/49.wav,Hongjun/Unknown/49.wav,unknown,0.99609375,0.0,0.0,0.99609375,"[-128, -128, 127]",True,,,,,,,,,,,,,0.04654191434383392,1.3340420555323362,0.7255829405039549,2.1137079456821084
151,Junxi,emergency,unavailable_in_sd_path,0,intent_directory,/Users/zilongzeng/Research/DroneControl/user_study_v4/Junxi/Emergency/0.wav,Junxi/Emergency/0.wav,emergency,0.90234375,0.90234375,0.09765625,0.0,"[103, -103, -128]",True,,,,,,,,,,,,,0.062208971939980984,1.3192499754950404,0.6503749173134565,2.0384580129757524
152,Junxi,emergency,unavailable_in_sd_path,1,intent_directory,/Users/zilongzeng/Research/DroneControl/user_study_v4/Junxi/Emergency/1.wav,Junxi/Emergency/1.wav,movement,0.9921875,0.0078125,0.9921875,0.0,"[-126, 126, -128]",False,,,,,,,,,,,,,0.06704195402562618,1.3065830571576953,0.6204999517649412,2.000915934331715
153,Junxi,emergency,unavailable_in_sd_path,2,intent_directory,/Users/zilongzeng/Research/DroneControl/user_study_v4/Junxi/Emergency/2.wav,Junxi/Emergency/2.wav,movement,0.99609375,0.0,0.99609375,0.0,"[-128, 127, -128]",False,,,,,,,,,,,,,0.05104194860905409,1.239042030647397,0.6243749521672726,1.9214999629184604
154,Junxi,emergency,unavailable_in_sd_path,3,intent_directory,/Users/zilongzeng/Research/DroneControl/user_study_v4/Junxi/Emergency/3.wav,Junxi/Emergency/3.wav,emergency,0.99609375,0.99609375,0.0,0.0,"[127, -128, -128]",True,,,,,,,,,,,,,0.05458306986838579,1.330166938714683,0.7331660017371178,2.1271249279379845
155,Junxi,emergency,unavailable_in_sd_path,4,intent_directory,/Users/zilongzeng/Research/DroneControl/user_study_v4/Junxi/Emergency/4.wav,Junxi/Emergency/4.wav,movement,0.84765625,0.13671875,0.84765625,0.01171875,"[-93, 89, -125]",False,,,,,,,,,,,,,0.07050007116049528,1.4378339983522892,0.6772499764338136,2.192292013205588
156,Junxi,emergency,unavailable_in_sd_path,5,intent_directory,/Users/zilongzeng/Research/DroneControl/user_study_v4/Junxi/Emergency/5.wav,Junxi/Emergency/5.wav,movement,0.9296875,0.06640625,0.9296875,0.0,"[-111, 110, -128]",False,,,,,,,,,,,,,0.06858306005597115,1.3544999528676271,0.6997089367359877,2.1303329849615693
157,Junxi,emergency,unavailable_in_sd_path,6,intent_directory,/Users/zilongzeng/Research/DroneControl/user_study_v4/Junxi/Emergency/6.wav,Junxi/Emergency/6.wav,movement,0.59765625,0.40234375,0.59765625,0.0,"[-25, 25, -128]",False,,,,,,,,,,,,,0.047582900151610374,1.1482499539852142,0.6131249247118831,1.814040937460959
158,Junxi,emergency,unavailable_in_sd_path,7,intent_directory,/Users/zilongzeng/Research/DroneControl/user_study_v4/Junxi/Emergency/7.wav,Junxi/Emergency/7.wav,movement,0.99609375,0.0,0.99609375,0.0,"[-128, 127, -128]",False,,,,,,,,,,,,,0.033041927963495255,1.145999995060265,0.6534589920192957,1.8385408911854029
159,Junxi,emergency,unavailable_in_sd_path,8,intent_directory,/Users/zilongzeng/Research/DroneControl/user_study_v4/Junxi/Emergency/8.wav,Junxi/Emergency/8.wav,emergency,0.91796875,0.91796875,0.08203125,0.0,"[107, -107, -128]",True,,,,,,,,,,,,,0.044042011722922325,1.302374992519617,0.632624956779182,1.9851250108331442
160,Junxi,emergency,unavailable_in_sd_path,9,intent_directory,/Users/zilongzeng/Research/DroneControl/user_study_v4/Junxi/Emergency/9.wav,Junxi/Emergency/9.wav,emergency,0.6484375,0.6484375,0.3515625,0.0,"[38, -38, -128]",True,,,,,,,,,,,,,0.06720807868987322,1.1967909522354603,0.7648329483345151,2.034916076809168
161,Junxi,emergency,unavailable_in_sd_path,10,intent_directory,/Users/zilongzeng/Research/DroneControl/user_study_v4/Junxi/Emergency/10.wav,Junxi/Emergency/10.wav,unknown,0.95703125,0.015625,0.02734375,0.95703125,"[-124, -121, 117]",False,,,,,,,,,,,,,0.04624994471669197,1.2358329258859158,0.6277500651776791,1.9169169245287776
162,Junxi,emergency,unavailable_in_sd_path,11,intent_directory,/Users/zilongzeng/Research/DroneControl/user_study_v4/Junxi/Emergency/11.wav,Junxi/Emergency/11.wav,unknown,0.88671875,0.09765625,0.015625,0.88671875,"[-103, -124, 99]",False,,,,,,,,,,,,,0.05308305844664574,1.2690420262515545,0.7008339744061232,2.0294160349294543
163,Junxi,emergency,unavailable_in_sd_path,12,intent_directory,/Users/zilongzeng/Research/DroneControl/user_study_v4/Junxi/Emergency/12.wav,Junxi/Emergency/12.wav,movement,0.63671875,0.34765625,0.63671875,0.015625,"[-39, 35, -124]",False,,,,,,,,,,,,,0.04924996756017208,1.2365420116111636,0.6384580628946424,1.9308750052005053
164,Junxi,emergency,unavailable_in_sd_path,13,intent_directory,/Users/zilongzeng/Research/DroneControl/user_study_v4/Junxi/Emergency/13.wav,Junxi/Emergency/13.wav,movement,0.99609375,0.0,0.99609375,0.00390625,"[-128, 127, -127]",False,,,,,,,,,,,,,0.05441601388156414,1.2988329399377108,0.6641249638050795,2.0280000753700733
165,Junxi,emergency,unavailable_in_sd_path,14,intent_directory,/Users/zilongzeng/Research/DroneControl/user_study_v4/Junxi/Emergency/14.wav,Junxi/Emergency/14.wav,emergency,0.99609375,0.99609375,0.0,0.0,"[127, -128, -128]",True,,,,,,,,,,,,,0.06804103031754494,1.3353750109672546,0.6242910167202353,2.034417004324496
166,Junxi,emergency,unavailable_in_sd_path,15,intent_directory,/Users/zilongzeng/Research/DroneControl/user_study_v4/Junxi/Emergency/15.wav,Junxi/Emergency/15.wav,movement,0.99609375,0.0,0.99609375,0.0,"[-128, 127, -128]",False,,,,,,,,,,,,,0.051042065024375916,1.1593749513849616,0.6442910525947809,1.8604580545797944
167,Junxi,emergency,unavailable_in_sd_path,16,intent_directory,/Users/zilongzeng/Research/DroneControl/user_study_v4/Junxi/Emergency/16.wav,Junxi/Emergency/16.wav,emergency,0.99609375,0.99609375,0.0,0.0,"[127, -128, -128]",True,,,,,,,,,,,,,0.05066697485744953,1.2225829996168613,0.667500076815486,1.9481249619275331
168,Junxi,emergency,unavailable_in_sd_path,17,intent_directory,/Users/zilongzeng/Research/DroneControl/user_study_v4/Junxi/Emergency/17.wav,Junxi/Emergency/17.wav,emergency,0.99609375,0.99609375,0.0,0.0,"[127, -128, -128]",True,,,,,,,,,,,,,0.06454100366681814,1.2172909919172525,0.6546250078827143,1.9421250326558948
169,Junxi,emergency,unavailable_in_sd_path,18,intent_directory,/Users/zilongzeng/Research/DroneControl/user_study_v4/Junxi/Emergency/18.wav,Junxi/Emergency/18.wav,emergency,0.99609375,0.99609375,0.0,0.0,"[127, -128, -128]",True,,,,,,,,,,,,,0.040917075239121914,1.1837909696623683,0.6608329713344574,1.8909580539911985
170,Junxi,emergency,unavailable_in_sd_path,19,intent_directory,/Users/zilongzeng/Research/DroneControl/user_study_v4/Junxi/Emergency/19.wav,Junxi/Emergency/19.wav,emergency,0.76953125,0.76953125,0.23046875,0.0,"[69, -69, -128]",True,,,,,,,,,,,,,0.04091695882380009,1.129667041823268,0.6409999914467335,1.816999982111156
171,Junxi,emergency,unavailable_in_sd_path,20,intent_directory,/Users/zilongzeng/Research/DroneControl/user_study_v4/Junxi/Emergency/20.wav,Junxi/Emergency/20.wav,movement,0.99609375,0.0,0.99609375,0.0,"[-128, 127, -128]",False,,,,,,,,,,,,,0.04583399277180433,1.3046669773757458,0.8036249782890081,2.1638330072164536
172,Junxi,emergency,unavailable_in_sd_path,21,intent_directory,/Users/zilongzeng/Research/DroneControl/user_study_v4/Junxi/Emergency/21.wav,Junxi/Emergency/21.wav,emergency,0.99609375,0.99609375,0.0,0.0,"[127, -128, -128]",True,,,,,,,,,,,,,0.0992499990388751,1.2672919547185302,0.669000088237226,2.0410839933902025
173,Junxi,emergency,unavailable_in_sd_path,22,intent_directory,/Users/zilongzeng/Research/DroneControl/user_study_v4/Junxi/Emergency/22.wav,Junxi/Emergency/22.wav,emergency,0.99609375,0.99609375,0.0,0.0,"[127, -128, -128]",True,,,,,,,,,,,,,0.06275007035583258,1.4237910509109497,0.6069169612601399,2.102749887853861
174,Junxi,emergency,unavailable_in_sd_path,23,intent_directory,/Users/zilongzeng/Research/DroneControl/user_study_v4/Junxi/Emergency/23.wav,Junxi/Emergency/23.wav,unknown,0.984375,0.015625,0.0,0.984375,"[-124, -128, 124]",False,,,,,,,,,,,,,0.0648329732939601,1.282084034755826,0.6306249415501952,1.9832500256597996
175,Junxi,emergency,unavailable_in_sd_path,24,intent_directory,/Users/zilongzeng/Research/DroneControl/user_study_v4/Junxi/Emergency/24.wav,Junxi/Emergency/24.wav,emergency,0.99609375,0.99609375,0.0,0.0,"[127, -128, -128]",True,,,,,,,,,,,,,0.03645801916718483,1.2061659945175052,0.6733749760314822,1.9231250043958426
176,Junxi,emergency,unavailable_in_sd_path,25,intent_directory,/Users/zilongzeng/Research/DroneControl/user_study_v4/Junxi/Emergency/25.wav,Junxi/Emergency/25.wav,unknown,0.8828125,0.1171875,0.0,0.8828125,"[-98, -128, 98]",False,,,,,,,,,,,,,0.06454100366681814,1.239999895915389,0.6626250687986612,1.9731250358745456
177,Junxi,emergency,unavailable_in_sd_path,26,intent_directory,/Users/zilongzeng/Research/DroneControl/user_study_v4/Junxi/Emergency/26.wav,Junxi/Emergency/26.wav,emergency,0.9921875,0.9921875,0.0078125,0.0,"[126, -126, -128]",True,,,,,,,,,,,,,0.051459064707159996,1.2530420208349824,0.6794169312343001,1.9905420485883951
178,Junxi,emergency,unavailable_in_sd_path,27,intent_directory,/Users/zilongzeng/Research/DroneControl/user_study_v4/Junxi/Emergency/27.wav,Junxi/Emergency/27.wav,movement,0.99609375,0.0,0.99609375,0.0,"[-128, 127, -128]",False,,,,,,,,,,,,,0.049749971367418766,1.1636249255388975,0.6147499661892653,1.8342499388381839
179,Junxi,emergency,unavailable_in_sd_path,28,intent_directory,/Users/zilongzeng/Research/DroneControl/user_study_v4/Junxi/Emergency/28.wav,Junxi/Emergency/28.wav,movement,0.99609375,0.0,0.99609375,0.0,"[-128, 127, -128]",False,,,,,,,,,,,,,0.0462500611320138,1.2068330543115735,0.6491660606116056,1.9094999879598618
180,Junxi,emergency,unavailable_in_sd_path,29,intent_directory,/Users/zilongzeng/Research/DroneControl/user_study_v4/Junxi/Emergency/29.wav,Junxi/Emergency/29.wav,unknown,0.83203125,0.0,0.16796875,0.83203125,"[-128, -85, 85]",False,,,,,,,,,,,,,0.05554093513637781,1.3969170395284891,0.6900839507579803,2.1490829531103373
181,Junxi,emergency,unavailable_in_sd_path,30,intent_directory,/Users/zilongzeng/Research/DroneControl/user_study_v4/Junxi/Emergency/30.wav,Junxi/Emergency/30.wav,movement,0.8828125,0.1171875,0.8828125,0.0,"[-98, 98, -128]",False,,,,,,,,,,,,,0.07895904127508402,1.3318751007318497,0.7201250409707427,2.136915922164917
182,Junxi,emergency,unavailable_in_sd_path,31,intent_directory,/Users/zilongzeng/Research/DroneControl/user_study_v4/Junxi/Emergency/31.wav,Junxi/Emergency/31.wav,movement,0.99609375,0.0,0.99609375,0.0,"[-128, 127, -128]",False,,,,,,,,,,,,,0.047874986194074154,1.187833957374096,0.6387500325217843,1.879582996480167
183,Junxi,emergency,unavailable_in_sd_path,32,intent_directory,/Users/zilongzeng/Research/DroneControl/user_study_v4/Junxi/Emergency/32.wav,Junxi/Emergency/32.wav,movement,0.99609375,0.0,0.99609375,0.0,"[-128, 127, -128]",False,,,,,,,,,,,,,0.033250078558921814,1.1657080613076687,0.6599999032914639,1.8657920882105827
184,Junxi,emergency,unavailable_in_sd_path,33,intent_directory,/Users/zilongzeng/Research/DroneControl/user_study_v4/Junxi/Emergency/33.wav,Junxi/Emergency/33.wav,emergency,0.99609375,0.99609375,0.0,0.0,"[127, -128, -128]",True,,,,,,,,,,,,,0.05258305463939905,1.3379579177126288,0.6201660726219416,2.017291961237788
185,Junxi,emergency,unavailable_in_sd_path,34,intent_directory,/Users/zilongzeng/Research/DroneControl/user_study_v4/Junxi/Emergency/34.wav,Junxi/Emergency/34.wav,movement,0.99609375,0.00390625,0.99609375,0.0,"[-127, 127, -128]",False,,,,,,,,,,,,,0.044874963350594044,1.1975410161539912,0.733249937184155,1.9834169652312994
186,Junxi,emergency,unavailable_in_sd_path,35,intent_directory,/Users/zilongzeng/Research/DroneControl/user_study_v4/Junxi/Emergency/35.wav,Junxi/Emergency/35.wav,emergency,0.99609375,0.99609375,0.0,0.0,"[127, -128, -128]",True,,,,,,,,,,,,,0.07912504952400923,1.3071249704807997,0.6442089797928929,2.0361249335110188
187,Junxi,emergency,unavailable_in_sd_path,36,intent_directory,/Users/zilongzeng/Research/DroneControl/user_study_v4/Junxi/Emergency/36.wav,Junxi/Emergency/36.wav,movement,0.99609375,0.00390625,0.99609375,0.0,"[-127, 127, -128]",False,,,,,,,,,,,,,0.04054198507219553,1.235750038176775,0.6139579927548766,1.8954999977722764
188,Junxi,emergency,unavailable_in_sd_path,37,intent_directory,/Users/zilongzeng/Research/DroneControl/user_study_v4/Junxi/Emergency/37.wav,Junxi/Emergency/37.wav,movement,0.99609375,0.0,0.99609375,0.0,"[-128, 127, -128]",False,,,,,,,,,,,,,0.0363748986274004,1.1804579989984632,0.7571249734610319,1.9968330161646008
189,Junxi,emergency,unavailable_in_sd_path,38,intent_directory,/Users/zilongzeng/Research/DroneControl/user_study_v4/Junxi/Emergency/38.wav,Junxi/Emergency/38.wav,movement,0.953125,0.046875,0.953125,0.0,"[-116, 116, -128]",False,,,,,,,,,,,,,0.12437510304152966,1.4064579736441374,0.6797920214012265,2.218417008407414
190,Junxi,emergency,unavailable_in_sd_path,39,intent_directory,/Users/zilongzeng/Research/DroneControl/user_study_v4/Junxi/Emergency/39.wav,Junxi/Emergency/39.wav,movement,0.76953125,0.23046875,0.76953125,0.0,"[-69, 69, -128]",False,,,,,,,,,,,,,0.07495807949453592,1.4595000538975,0.6659169448539615,2.207915997132659
191,Junxi,emergency,unavailable_in_sd_path,40,intent_directory,/Users/zilongzeng/Research/DroneControl/user_study_v4/Junxi/Emergency/40.wav,Junxi/Emergency/40.wav,movement,0.99609375,0.0,0.99609375,0.0,"[-128, 127, -128]",False,,,,,,,,,,,,,0.08216698188334703,1.3107920531183481,0.6114590214565396,2.0103330025449395
192,Junxi,emergency,unavailable_in_sd_path,41,intent_directory,/Users/zilongzeng/Research/DroneControl/user_study_v4/Junxi/Emergency/41.wav,Junxi/Emergency/41.wav,emergency,0.99609375,0.99609375,0.0,0.0,"[127, -128, -128]",True,,,,,,,,,,,,,0.04125002305954695,1.2032920494675636,0.6980840116739273,1.9515000749379396
193,Junxi,emergency,unavailable_in_sd_path,42,intent_directory,/Users/zilongzeng/Research/DroneControl/user_study_v4/Junxi/Emergency/42.wav,Junxi/Emergency/42.wav,emergency,0.99609375,0.99609375,0.0,0.0,"[127, -128, -128]",True,,,,,,,,,,,,,0.09741703979671001,1.4118750113993883,0.7797919679433107,2.3041670210659504
194,Junxi,emergency,unavailable_in_sd_path,43,intent_directory,/Users/zilongzeng/Research/DroneControl/user_study_v4/Junxi/Emergency/43.wav,Junxi/Emergency/43.wav,emergency,0.59765625,0.59765625,0.40234375,0.0,"[25, -25, -128]",True,,,,,,,,,,,,,0.12666592374444008,1.2905000476166606,0.7192499469965696,2.147541963495314
195,Junxi,emergency,unavailable_in_sd_path,44,intent_directory,/Users/zilongzeng/Research/DroneControl/user_study_v4/Junxi/Emergency/44.wav,Junxi/Emergency/44.wav,movement,0.99609375,0.0,0.99609375,0.0,"[-128, 127, -128]",False,,,,,,,,,,,,,0.07245794404298067,1.3855000725015998,0.6815420929342508,2.1493330132216215
196,Junxi,emergency,unavailable_in_sd_path,45,intent_directory,/Users/zilongzeng/Research/DroneControl/user_study_v4/Junxi/Emergency/45.wav,Junxi/Emergency/45.wav,movement,0.9921875,0.0,0.9921875,0.0078125,"[-128, 126, -126]",False,,,,,,,,,,,,,0.08433405309915543,1.4189579524099827,0.6880420260131359,2.1997910225763917
197,Junxi,emergency,unavailable_in_sd_path,46,intent_directory,/Users/zilongzeng/Research/DroneControl/user_study_v4/Junxi/Emergency/46.wav,Junxi/Emergency/46.wav,movement,0.6484375,0.3515625,0.6484375,0.0,"[-38, 38, -128]",False,,,,,,,,,,,,,0.09400001727044582,1.4815418981015682,0.7261250866577029,2.309874980710447
198,Junxi,emergency,unavailable_in_sd_path,47,intent_directory,/Users/zilongzeng/Research/DroneControl/user_study_v4/Junxi/Emergency/47.wav,Junxi/Emergency/47.wav,emergency,0.99609375,0.99609375,0.0,0.0,"[127, -128, -128]",True,,,,,,,,,,,,,0.09820808190852404,1.3405419886112213,0.6298751104623079,2.0745419897139072
199,Junxi,emergency,unavailable_in_sd_path,48,intent_directory,/Users/zilongzeng/Research/DroneControl/user_study_v4/Junxi/Emergency/48.wav,Junxi/Emergency/48.wav,emergency,0.99609375,0.99609375,0.0,0.0,"[127, -128, -128]",True,,,,,,,,,,,,,0.04099996294826269,1.1673340341076255,0.6538330344483256,1.8697089981287718
200,Junxi,emergency,unavailable_in_sd_path,49,intent_directory,/Users/zilongzeng/Research/DroneControl/user_study_v4/Junxi/Emergency/49.wav,Junxi/Emergency/49.wav,movement,0.99609375,0.0,0.99609375,0.0,"[-128, 127, -128]",False,,,,,,,,,,,,,0.06095797289162874,1.4774579321965575,0.6460410077124834,2.190291997976601
201,Junxi,movement,unavailable_in_sd_path,0,intent_directory,/Users/zilongzeng/Research/DroneControl/user_study_v4/Junxi/Movement/0.wav,Junxi/Movement/0.wav,movement,0.99609375,0.0,0.99609375,0.0,"[-128, 127, -128]",True,,,,,,,,,,,,,0.06195798050612211,1.3654589420184493,0.6351670017465949,2.0698750158771873
202,Junxi,movement,unavailable_in_sd_path,1,intent_directory,/Users/zilongzeng/Research/DroneControl/user_study_v4/Junxi/Movement/1.wav,Junxi/Movement/1.wav,movement,0.99609375,0.0,0.99609375,0.0,"[-128, 127, -128]",True,,,,,,,,,,,,,0.04491698928177357,1.24729098752141,0.7101669907569885,2.0127090392634273
203,Junxi,movement,unavailable_in_sd_path,2,intent_directory,/Users/zilongzeng/Research/DroneControl/user_study_v4/Junxi/Movement/2.wav,Junxi/Movement/2.wav,movement,0.99609375,0.00390625,0.99609375,0.0,"[-127, 127, -128]",True,,,,,,,,,,,,,0.06429199129343033,1.3815410202369094,0.6535829743370414,2.1059579448774457
204,Junxi,movement,unavailable_in_sd_path,3,intent_directory,/Users/zilongzeng/Research/DroneControl/user_study_v4/Junxi/Movement/3.wav,Junxi/Movement/3.wav,emergency,0.953125,0.953125,0.046875,0.0,"[116, -116, -128]",False,,,,,,,,,,,,,0.06462493911385536,1.474583987146616,0.6480839801952243,2.193833002820611
205,Junxi,movement,unavailable_in_sd_path,4,intent_directory,/Users/zilongzeng/Research/DroneControl/user_study_v4/Junxi/Movement/4.wav,Junxi/Movement/4.wav,movement,0.99609375,0.0,0.99609375,0.0,"[-128, 127, -128]",True,,,,,,,,,,,,,0.04924996756017208,1.2529999949038029,0.7155420025810599,2.0250839879736304
206,Junxi,movement,unavailable_in_sd_path,5,intent_directory,/Users/zilongzeng/Research/DroneControl/user_study_v4/Junxi/Movement/5.wav,Junxi/Movement/5.wav,movement,0.99609375,0.0,0.99609375,0.0,"[-128, 127, -128]",True,,,,,,,,,,,,,0.042458996176719666,1.1301669292151928,0.612791976891458,1.7921249382197857
207,Junxi,movement,unavailable_in_sd_path,6,intent_directory,/Users/zilongzeng/Research/DroneControl/user_study_v4/Junxi/Movement/6.wav,Junxi/Movement/6.wav,movement,0.99609375,0.0,0.99609375,0.0,"[-128, 127, -128]",True,,,,,,,,,,,,,0.04754203837364912,1.2530420208349824,0.6447910564020276,1.9519999623298645
208,Junxi,movement,unavailable_in_sd_path,7,intent_directory,/Users/zilongzeng/Research/DroneControl/user_study_v4/Junxi/Movement/7.wav,Junxi/Movement/7.wav,movement,0.99609375,0.0,0.99609375,0.0,"[-128, 127, -128]",True,,,,,,,,,,,,,0.05137501284480095,1.1801670771092176,0.6443749880418181,1.8815828952938318
209,Junxi,movement,unavailable_in_sd_path,8,intent_directory,/Users/zilongzeng/Research/DroneControl/user_study_v4/Junxi/Movement/8.wav,Junxi/Movement/8.wav,movement,0.99609375,0.0,0.99609375,0.0,"[-128, 127, -128]",True,,,,,,,,,,,,,0.04270905628800392,1.0976250050589442,0.7269999478012323,1.8754999618977308
210,Junxi,movement,unavailable_in_sd_path,9,intent_directory,/Users/zilongzeng/Research/DroneControl/user_study_v4/Junxi/Movement/9.wav,Junxi/Movement/9.wav,movement,0.99609375,0.0,0.99609375,0.0,"[-128, 127, -128]",True,,,,,,,,,,,,,0.04650000482797623,1.2699170038104057,0.6163339130580425,1.9380829762667418
211,Junxi,movement,unavailable_in_sd_path,10,intent_directory,/Users/zilongzeng/Research/DroneControl/user_study_v4/Junxi/Movement/10.wav,Junxi/Movement/10.wav,movement,0.99609375,0.0,0.99609375,0.0,"[-128, 127, -128]",True,,,,,,,,,,,,,0.03770797047764063,1.131917000748217,0.6411669310182333,1.8162500346079469
212,Junxi,movement,unavailable_in_sd_path,11,intent_directory,/Users/zilongzeng/Research/DroneControl/user_study_v4/Junxi/Movement/11.wav,Junxi/Movement/11.wav,movement,0.99609375,0.0,0.99609375,0.0,"[-128, 127, -128]",True,,,,,,,,,,,,,0.0391670037060976,1.259292010217905,0.715582980774343,2.0217919955030084
213,Junxi,movement,unavailable_in_sd_path,12,intent_directory,/Users/zilongzeng/Research/DroneControl/user_study_v4/Junxi/Movement/12.wav,Junxi/Movement/12.wav,movement,0.99609375,0.0,0.99609375,0.0,"[-128, 127, -128]",True,,,,,,,,,,,,,0.0791249331086874,1.3336670817807317,0.7519999053329229,2.1704159444198012
214,Junxi,movement,unavailable_in_sd_path,13,intent_directory,/Users/zilongzeng/Research/DroneControl/user_study_v4/Junxi/Movement/13.wav,Junxi/Movement/13.wav,movement,0.99609375,0.0,0.99609375,0.0,"[-128, 127, -128]",True,,,,,,,,,,,,,0.04495901521295309,1.158667029812932,0.6343340501189232,1.8435410456731915
215,Junxi,movement,unavailable_in_sd_path,14,intent_directory,/Users/zilongzeng/Research/DroneControl/user_study_v4/Junxi/Movement/14.wav,Junxi/Movement/14.wav,movement,0.99609375,0.0,0.99609375,0.0,"[-128, 127, -128]",True,,,,,,,,,,,,,0.043958076275885105,1.1234580306336284,0.6594579899683595,1.8322090618312359
216,Junxi,movement,unavailable_in_sd_path,15,intent_directory,/Users/zilongzeng/Research/DroneControl/user_study_v4/Junxi/Movement/15.wav,Junxi/Movement/15.wav,movement,0.99609375,0.0,0.99609375,0.0,"[-128, 127, -128]",True,,,,,,,,,,,,,0.03683299291878939,1.1981249554082751,0.7143750553950667,1.9579170038923621
217,Junxi,movement,unavailable_in_sd_path,16,intent_directory,/Users/zilongzeng/Research/DroneControl/user_study_v4/Junxi/Movement/16.wav,Junxi/Movement/16.wav,movement,0.99609375,0.0,0.99609375,0.0,"[-128, 127, -128]",True,,,,,,,,,,,,,0.09774998761713505,1.2537500588223338,0.6220840150490403,1.9801250891759992
218,Junxi,movement,unavailable_in_sd_path,17,intent_directory,/Users/zilongzeng/Research/DroneControl/user_study_v4/Junxi/Movement/17.wav,Junxi/Movement/17.wav,movement,0.99609375,0.0,0.99609375,0.0,"[-128, 127, -128]",True,,,,,,,,,,,,,0.048832967877388,1.3380409218370914,0.6700420053675771,2.0626250188797712
219,Junxi,movement,unavailable_in_sd_path,18,intent_directory,/Users/zilongzeng/Research/DroneControl/user_study_v4/Junxi/Movement/18.wav,Junxi/Movement/18.wav,movement,0.99609375,0.0,0.99609375,0.0,"[-128, 127, -128]",True,,,,,,,,,,,,,0.04429102409631014,1.1432910105213523,0.6398750701919198,1.832291018217802
220,Junxi,movement,unavailable_in_sd_path,19,intent_directory,/Users/zilongzeng/Research/DroneControl/user_study_v4/Junxi/Movement/19.wav,Junxi/Movement/19.wav,movement,0.99609375,0.0,0.99609375,0.0,"[-128, 127, -128]",True,,,,,,,,,,,,,0.04037492908537388,1.1992499930784106,0.6319159874692559,1.8784579588100314
221,Junxi,movement,unavailable_in_sd_path,20,intent_directory,/Users/zilongzeng/Research/DroneControl/user_study_v4/Junxi/Movement/20.wav,Junxi/Movement/20.wav,movement,0.99609375,0.0,0.99609375,0.0,"[-128, 127, -128]",True,,,,,,,,,,,,,0.04850002005696297,1.3620409881696105,0.6921670865267515,2.111749956384301
222,Junxi,movement,unavailable_in_sd_path,21,intent_directory,/Users/zilongzeng/Research/DroneControl/user_study_v4/Junxi/Movement/21.wav,Junxi/Movement/21.wav,emergency,0.99609375,0.99609375,0.0,0.0,"[127, -128, -128]",False,,,,,,,,,,,,,0.048832967877388,1.2774999486282468,0.6181669887155294,1.9498750334605575
223,Junxi,movement,unavailable_in_sd_path,22,intent_directory,/Users/zilongzeng/Research/DroneControl/user_study_v4/Junxi/Movement/22.wav,Junxi/Movement/22.wav,movement,0.99609375,0.0,0.99609375,0.0,"[-128, 127, -128]",True,,,,,,,,,,,,,0.042708939872682095,1.3097500195726752,0.6362079875543714,1.9983749371021986
224,Junxi,movement,unavailable_in_sd_path,23,intent_directory,/Users/zilongzeng/Research/DroneControl/user_study_v4/Junxi/Movement/23.wav,Junxi/Movement/23.wav,movement,0.99609375,0.0,0.99609375,0.0,"[-128, 127, -128]",True,,,,,,,,,,,,,0.09220791980624199,1.2699170038104057,0.6823340663686395,2.0514170173555613
225,Junxi,movement,unavailable_in_sd_path,24,intent_directory,/Users/zilongzeng/Research/DroneControl/user_study_v4/Junxi/Movement/24.wav,Junxi/Movement/24.wav,movement,0.99609375,0.0,0.99609375,0.0,"[-128, 127, -128]",True,,,,,,,,,,,,,0.04975008778274059,1.303708995692432,0.6690419977530837,2.028499962761998
226,Junxi,movement,unavailable_in_sd_path,25,intent_directory,/Users/zilongzeng/Research/DroneControl/user_study_v4/Junxi/Movement/25.wav,Junxi/Movement/25.wav,movement,0.99609375,0.0,0.99609375,0.0,"[-128, 127, -128]",True,,,,,,,,,,,,,0.04316703416407108,1.1497499654069543,0.7539170328527689,1.9527910044416785
227,Junxi,movement,unavailable_in_sd_path,26,intent_directory,/Users/zilongzeng/Research/DroneControl/user_study_v4/Junxi/Movement/26.wav,Junxi/Movement/26.wav,movement,0.99609375,0.0,0.99609375,0.0,"[-128, 127, -128]",True,,,,,,,,,,,,,0.051625072956085205,1.1442078975960612,0.6202079821377993,1.8210839480161667
228,Junxi,movement,unavailable_in_sd_path,27,intent_directory,/Users/zilongzeng/Research/DroneControl/user_study_v4/Junxi/Movement/27.wav,Junxi/Movement/27.wav,movement,0.99609375,0.0,0.99609375,0.0,"[-128, 127, -128]",True,,,,,,,,,,,,,0.04054093733429909,1.1415829649195075,0.6636249599978328,1.8509170040488243
229,Junxi,movement,unavailable_in_sd_path,28,intent_directory,/Users/zilongzeng/Research/DroneControl/user_study_v4/Junxi/Movement/28.wav,Junxi/Movement/28.wav,movement,0.99609375,0.0,0.99609375,0.0,"[-128, 127, -128]",True,,,,,,,,,,,,,0.04962494131177664,1.2158340541645885,0.7012499263510108,1.973334001377225
230,Junxi,movement,unavailable_in_sd_path,29,intent_directory,/Users/zilongzeng/Research/DroneControl/user_study_v4/Junxi/Movement/29.wav,Junxi/Movement/29.wav,emergency,0.984375,0.984375,0.015625,0.0,"[124, -124, -128]",False,,,,,,,,,,,,,0.05587493069469929,1.2167079839855433,0.6383339641615748,1.9158339127898216
231,Junxi,movement,unavailable_in_sd_path,30,intent_directory,/Users/zilongzeng/Research/DroneControl/user_study_v4/Junxi/Movement/30.wav,Junxi/Movement/30.wav,movement,0.99609375,0.0,0.99609375,0.0,"[-128, 127, -128]",True,,,,,,,,,,,,,0.04466704558581114,1.3810839736834168,0.6480000447481871,2.083459054119885
232,Junxi,movement,unavailable_in_sd_path,31,intent_directory,/Users/zilongzeng/Research/DroneControl/user_study_v4/Junxi/Movement/31.wav,Junxi/Movement/31.wav,movement,0.99609375,0.0,0.99609375,0.0,"[-128, 127, -128]",True,,,,,,,,,,,,,0.11012505274266005,1.3541660737246275,0.6939580198377371,2.167041995562613
233,Junxi,movement,unavailable_in_sd_path,32,intent_directory,/Users/zilongzeng/Research/DroneControl/user_study_v4/Junxi/Movement/32.wav,Junxi/Movement/32.wav,movement,0.99609375,0.0,0.99609375,0.0,"[-128, 127, -128]",True,,,,,,,,,,,,,0.06716698408126831,1.4057919615879655,0.7672919891774654,2.250417019240558
234,Junxi,movement,unavailable_in_sd_path,33,intent_directory,/Users/zilongzeng/Research/DroneControl/user_study_v4/Junxi/Movement/33.wav,Junxi/Movement/33.wav,movement,0.99609375,0.0,0.99609375,0.0,"[-128, 127, -128]",True,,,,,,,,,,,,,0.08337502367794514,1.253749942407012,0.7331250235438347,2.078208955936134
235,Junxi,movement,unavailable_in_sd_path,34,intent_directory,/Users/zilongzeng/Research/DroneControl/user_study_v4/Junxi/Movement/34.wav,Junxi/Movement/34.wav,movement,0.99609375,0.0,0.99609375,0.0,"[-128, 127, -128]",True,,,,,,,,,,,,,0.05254102870821953,1.2102919863536954,0.6242080125957727,1.8922080053016543
236,Junxi,movement,unavailable_in_sd_path,35,intent_directory,/Users/zilongzeng/Research/DroneControl/user_study_v4/Junxi/Movement/35.wav,Junxi/Movement/35.wav,movement,0.99609375,0.0,0.99609375,0.0,"[-128, 127, -128]",True,,,,,,,,,,,,,0.0400409335270524,1.1052920017391443,0.6427919724956155,1.7933750059455633
237,Junxi,movement,unavailable_in_sd_path,36,intent_directory,/Users/zilongzeng/Research/DroneControl/user_study_v4/Junxi/Movement/36.wav,Junxi/Movement/36.wav,movement,0.99609375,0.0,0.99609375,0.0,"[-128, 127, -128]",True,,,,,,,,,,,,,0.04454201553016901,1.1911250185221434,0.6936249556019902,1.9376659765839577
238,Junxi,movement,unavailable_in_sd_path,37,intent_directory,/Users/zilongzeng/Research/DroneControl/user_study_v4/Junxi/Movement/37.wav,Junxi/Movement/37.wav,movement,0.99609375,0.0,0.99609375,0.0,"[-128, 127, -128]",True,,,,,,,,,,,,,0.05783303640782833,1.1570419883355498,0.655833980999887,1.8762079998850822
239,Junxi,movement,unavailable_in_sd_path,38,intent_directory,/Users/zilongzeng/Research/DroneControl/user_study_v4/Junxi/Movement/38.wav,Junxi/Movement/38.wav,unknown,0.99609375,0.0,0.0,0.99609375,"[-128, -128, 127]",False,,,,,,,,,,,,,0.04058307968080044,1.220958074554801,0.6609169067814946,1.9301670836284757
240,Junxi,movement,unavailable_in_sd_path,39,intent_directory,/Users/zilongzeng/Research/DroneControl/user_study_v4/Junxi/Movement/39.wav,Junxi/Movement/39.wav,movement,0.99609375,0.00390625,0.99609375,0.0,"[-127, 127, -128]",True,,,,,,,,,,,,,0.05108409095555544,1.1395419714972377,0.6546250078827143,1.8500840524211526
241,Junxi,movement,unavailable_in_sd_path,40,intent_directory,/Users/zilongzeng/Research/DroneControl/user_study_v4/Junxi/Movement/40.wav,Junxi/Movement/40.wav,movement,0.99609375,0.0,0.99609375,0.0,"[-128, 127, -128]",True,,,,,,,,,,,,,0.033667078241705894,1.1490000179037452,0.6394580705091357,1.8417919054627419
242,Junxi,movement,unavailable_in_sd_path,41,intent_directory,/Users/zilongzeng/Research/DroneControl/user_study_v4/Junxi/Movement/41.wav,Junxi/Movement/41.wav,emergency,0.99609375,0.99609375,0.0,0.0,"[127, -128, -128]",False,,,,,,,,,,,,,0.08295895531773567,1.3252919306978583,0.6534160347655416,2.068583038635552
243,Junxi,movement,unavailable_in_sd_path,42,intent_directory,/Users/zilongzeng/Research/DroneControl/user_study_v4/Junxi/Movement/42.wav,Junxi/Movement/42.wav,movement,0.99609375,0.0,0.99609375,0.0,"[-128, 127, -128]",True,,,,,,,,,,,,,0.06649992428719997,1.296458998695016,0.6639999337494373,2.0329590188339353
244,Junxi,movement,unavailable_in_sd_path,43,intent_directory,/Users/zilongzeng/Research/DroneControl/user_study_v4/Junxi/Movement/43.wav,Junxi/Movement/43.wav,unknown,0.85546875,0.140625,0.0078125,0.85546875,"[-92, -126, 91]",False,,,,,,,,,,,,,0.04700000863522291,1.2517910217866302,0.6300830282270908,1.9381250021979213
245,Junxi,movement,unavailable_in_sd_path,44,intent_directory,/Users/zilongzeng/Research/DroneControl/user_study_v4/Junxi/Movement/44.wav,Junxi/Movement/44.wav,movement,0.99609375,0.0,0.99609375,0.0,"[-128, 127, -128]",True,,,,,,,,,,,,,0.09970797691494226,1.2912920210510492,0.6596250459551811,2.0578340627253056
246,Junxi,movement,unavailable_in_sd_path,45,intent_directory,/Users/zilongzeng/Research/DroneControl/user_study_v4/Junxi/Movement/45.wav,Junxi/Movement/45.wav,movement,0.99609375,0.0,0.99609375,0.0,"[-128, 127, -128]",True,,,,,,,,,,,,,0.0500410096719861,1.3266659807413816,0.6323750130832195,2.014750032685697
247,Junxi,movement,unavailable_in_sd_path,46,intent_directory,/Users/zilongzeng/Research/DroneControl/user_study_v4/Junxi/Movement/46.wav,Junxi/Movement/46.wav,movement,0.99609375,0.0,0.99609375,0.0,"[-128, 127, -128]",True,,,,,,,,,,,,,0.06304099224507809,1.4884580159559846,0.6365829613059759,2.197333029471338
248,Junxi,movement,unavailable_in_sd_path,47,intent_directory,/Users/zilongzeng/Research/DroneControl/user_study_v4/Junxi/Movement/47.wav,Junxi/Movement/47.wav,movement,0.99609375,0.0,0.99609375,0.0,"[-128, 127, -128]",True,,,,,,,,,,,,,0.10449998080730438,1.3057920150458813,0.6288340082392097,2.0473330514505506
249,Junxi,movement,unavailable_in_sd_path,48,intent_directory,/Users/zilongzeng/Research/DroneControl/user_study_v4/Junxi/Movement/48.wav,Junxi/Movement/48.wav,movement,0.99609375,0.0,0.99609375,0.0,"[-128, 127, -128]",True,,,,,,,,,,,,,0.06250001024454832,1.2014169478788972,0.6794159999117255,1.950165955349803
250,Junxi,movement,unavailable_in_sd_path,49,intent_directory,/Users/zilongzeng/Research/DroneControl/user_study_v4/Junxi/Movement/49.wav,Junxi/Movement/49.wav,movement,0.99609375,0.0,0.99609375,0.0,"[-128, 127, -128]",True,,,,,,,,,,,,,0.05249993409961462,1.3870829716324806,0.7378340233117342,2.1871249191462994
251,Muyuan,emergency,unavailable_in_sd_path,0,intent_directory,/Users/zilongzeng/Research/DroneControl/user_study_v4/Muyuan/Emergency/0.wav,Muyuan/Emergency/0.wav,emergency,0.99609375,0.99609375,0.0,0.0,"[127, -128, -128]",True,,,,,,,,,,,,,0.08187501225620508,1.462249900214374,0.7410000544041395,2.2935420274734497
252,Muyuan,emergency,unavailable_in_sd_path,1,intent_directory,/Users/zilongzeng/Research/DroneControl/user_study_v4/Muyuan/Emergency/1.wav,Muyuan/Emergency/1.wav,emergency,0.99609375,0.99609375,0.0,0.0,"[127, -128, -128]",True,,,,,,,,,,,,,0.09162502828985453,1.342457951977849,0.7087079575285316,2.148041967302561
253,Muyuan,emergency,unavailable_in_sd_path,2,intent_directory,/Users/zilongzeng/Research/DroneControl/user_study_v4/Muyuan/Emergency/2.wav,Muyuan/Emergency/2.wav,movement,0.8828125,0.1171875,0.8828125,0.0,"[-98, 98, -128]",False,,,,,,,,,,,,,0.04633399657905102,1.1673750123009086,0.6325000431388617,1.851749955676496
254,Muyuan,emergency,unavailable_in_sd_path,3,intent_directory,/Users/zilongzeng/Research/DroneControl/user_study_v4/Muyuan/Emergency/3.wav,Muyuan/Emergency/3.wav,emergency,0.99609375,0.99609375,0.0,0.0,"[127, -128, -128]",True,,,,,,,,,,,,,0.04429090768098831,1.4307079836726189,0.7195830112323165,2.2006669314578176
255,Muyuan,emergency,unavailable_in_sd_path,4,intent_directory,/Users/zilongzeng/Research/DroneControl/user_study_v4/Muyuan/Emergency/4.wav,Muyuan/Emergency/4.wav,emergency,0.99609375,0.99609375,0.0,0.0,"[127, -128, -128]",True,,,,,,,,,,,,,0.046874978579580784,1.3033750001341105,0.6155420560389757,1.9711670465767384
256,Muyuan,emergency,unavailable_in_sd_path,5,intent_directory,/Users/zilongzeng/Research/DroneControl/user_study_v4/Muyuan/Emergency/5.wav,Muyuan/Emergency/5.wav,emergency,0.99609375,0.99609375,0.0,0.0,"[127, -128, -128]",True,,,,,,,,,,,,,0.04083407111465931,1.1620420264080167,0.6295409984886646,1.8376660300418735
257,Muyuan,emergency,unavailable_in_sd_path,6,intent_directory,/Users/zilongzeng/Research/DroneControl/user_study_v4/Muyuan/Emergency/6.wav,Muyuan/Emergency/6.wav,emergency,0.99609375,0.99609375,0.0,0.0,"[127, -128, -128]",True,,,,,,,,,,,,,0.034958007745444775,1.1680829338729382,0.6690829759463668,1.8779590027406812
258,Muyuan,emergency,unavailable_in_sd_path,7,intent_directory,/Users/zilongzeng/Research/DroneControl/user_study_v4/Muyuan/Emergency/7.wav,Muyuan/Emergency/7.wav,emergency,0.99609375,0.99609375,0.0,0.0,"[127, -128, -128]",True,,,,,,,,,,,,,0.04345807246863842,1.382957911118865,0.6681249942630529,2.10416701156646
259,Muyuan,emergency,unavailable_in_sd_path,8,intent_directory,/Users/zilongzeng/Research/DroneControl/user_study_v4/Muyuan/Emergency/8.wav,Muyuan/Emergency/8.wav,emergency,0.99609375,0.99609375,0.0,0.0,"[127, -128, -128]",True,,,,,,,,,,,,,0.10979094076901674,1.3482909416779876,0.7674159714952111,2.2315409732982516
260,Muyuan,emergency,unavailable_in_sd_path,9,intent_directory,/Users/zilongzeng/Research/DroneControl/user_study_v4/Muyuan/Emergency/9.wav,Muyuan/Emergency/9.wav,unknown,0.984375,0.0,0.015625,0.984375,"[-128, -124, 124]",False,,,,,,,,,,,,,0.05266699008643627,1.1912499321624637,0.64970797393471,1.9022920168936253
261,Muyuan,emergency,unavailable_in_sd_path,10,intent_directory,/Users/zilongzeng/Research/DroneControl/user_study_v4/Muyuan/Emergency/10.wav,Muyuan/Emergency/10.wav,emergency,0.99609375,0.99609375,0.0,0.0,"[127, -128, -128]",True,,,,,,,,,,,,,0.04570907913148403,1.2300419621169567,0.6663330132141709,1.9487080862745643
262,Muyuan,emergency,unavailable_in_sd_path,11,intent_directory,/Users/zilongzeng/Research/DroneControl/user_study_v4/Muyuan/Emergency/11.wav,Muyuan/Emergency/11.wav,emergency,0.99609375,0.99609375,0.0,0.0,"[127, -128, -128]",True,,,,,,,,,,,,,0.05208398215472698,1.4222499448806047,0.6773329805582762,2.161665936000645
263,Muyuan,emergency,unavailable_in_sd_path,12,intent_directory,/Users/zilongzeng/Research/DroneControl/user_study_v4/Muyuan/Emergency/12.wav,Muyuan/Emergency/12.wav,emergency,0.99609375,0.99609375,0.0,0.0,"[127, -128, -128]",True,,,,,,,,,,,,,0.12012501247227192,1.3715829700231552,0.6975419819355011,2.196290995925665
264,Muyuan,emergency,unavailable_in_sd_path,13,intent_directory,/Users/zilongzeng/Research/DroneControl/user_study_v4/Muyuan/Emergency/13.wav,Muyuan/Emergency/13.wav,movement,0.99609375,0.0,0.99609375,0.0,"[-128, 127, -128]",False,,,,,,,,,,,,,0.05237502045929432,1.2338749365881085,0.6243749521672726,1.916124951094389
265,Muyuan,emergency,unavailable_in_sd_path,14,intent_directory,/Users/zilongzeng/Research/DroneControl/user_study_v4/Muyuan/Emergency/14.wav,Muyuan/Emergency/14.wav,movement,0.99609375,0.0,0.99609375,0.0,"[-128, 127, -128]",False,,,,,,,,,,,,,0.04891701973974705,1.1638329597190022,0.7506669498980045,1.973459031432867
266,Muyuan,emergency,unavailable_in_sd_path,15,intent_directory,/Users/zilongzeng/Research/DroneControl/user_study_v4/Muyuan/Emergency/15.wav,Muyuan/Emergency/15.wav,movement,0.99609375,0.0,0.99609375,0.0,"[-128, 127, -128]",False,,,,,,,,,,,,,0.07237493991851807,1.3822499895468354,0.6783331045880914,2.140208031050861
267,Muyuan,emergency,unavailable_in_sd_path,16,intent_directory,/Users/zilongzeng/Research/DroneControl/user_study_v4/Muyuan/Emergency/16.wav,Muyuan/Emergency/16.wav,movement,0.99609375,0.00390625,0.99609375,0.0,"[-127, 127, -128]",False,,,,,,,,,,,,,0.07966696284711361,1.6035409644246101,0.6401659920811653,2.332958043552935
268,Muyuan,emergency,unavailable_in_sd_path,17,intent_directory,/Users/zilongzeng/Research/DroneControl/user_study_v4/Muyuan/Emergency/17.wav,Muyuan/Emergency/17.wav,movement,0.59765625,0.40234375,0.59765625,0.0,"[-25, 25, -128]",False,,,,,,,,,,,,,0.09937502909451723,1.347250072285533,0.6492079701274633,2.105457941070199
269,Muyuan,emergency,unavailable_in_sd_path,18,intent_directory,/Users/zilongzeng/Research/DroneControl/user_study_v4/Muyuan/Emergency/18.wav,Muyuan/Emergency/18.wav,movement,0.83203125,0.16796875,0.83203125,0.0,"[-85, 85, -128]",False,,,,,,,,,,,,,0.05520798731595278,1.2927079806104302,0.6449999054893851,1.9998749485239387
270,Muyuan,emergency,unavailable_in_sd_path,19,intent_directory,/Users/zilongzeng/Research/DroneControl/user_study_v4/Muyuan/Emergency/19.wav,Muyuan/Emergency/19.wav,movement,0.99609375,0.0,0.99609375,0.0,"[-128, 127, -128]",False,,,,,,,,,,,,,0.06545800715684891,1.519958022981882,0.686999992467463,2.280083019286394
271,Muyuan,emergency,unavailable_in_sd_path,20,intent_directory,/Users/zilongzeng/Research/DroneControl/user_study_v4/Muyuan/Emergency/20.wav,Muyuan/Emergency/20.wav,emergency,0.734375,0.734375,0.26953125,0.0,"[60, -59, -128]",True,,,,,,,,,,,,,0.0730000901967287,1.4975419035181403,0.7139589870348573,2.2930409759283066
272,Muyuan,emergency,unavailable_in_sd_path,21,intent_directory,/Users/zilongzeng/Research/DroneControl/user_study_v4/Muyuan/Emergency/21.wav,Muyuan/Emergency/21.wav,movement,0.99609375,0.0,0.99609375,0.0,"[-128, 127, -128]",False,,,,,,,,,,,,,0.045291963033378124,1.1199580039829016,0.6774580106139183,1.8509170040488243
273,Muyuan,emergency,unavailable_in_sd_path,22,intent_directory,/Users/zilongzeng/Research/DroneControl/user_study_v4/Muyuan/Emergency/22.wav,Muyuan/Emergency/22.wav,movement,0.99609375,0.0,0.99609375,0.0,"[-128, 127, -128]",False,,,,,,,,,,,,,0.048958929255604744,1.4144160086289048,0.6411669310182333,2.1113749826326966
274,Muyuan,emergency,unavailable_in_sd_path,23,intent_directory,/Users/zilongzeng/Research/DroneControl/user_study_v4/Muyuan/Emergency/23.wav,Muyuan/Emergency/23.wav,emergency,0.9921875,0.9921875,0.0078125,0.0,"[126, -126, -128]",True,,,,,,,,,,,,,0.07979106158018112,1.3564580585807562,0.6549579557031393,2.096957992762327
275,Muyuan,emergency,unavailable_in_sd_path,24,intent_directory,/Users/zilongzeng/Research/DroneControl/user_study_v4/Muyuan/Emergency/24.wav,Muyuan/Emergency/24.wav,emergency,0.99609375,0.99609375,0.0,0.0,"[127, -128, -128]",True,,,,,,,,,,,,,0.050749978981912136,1.2492919340729713,0.6569590186700225,1.962166978046298
276,Muyuan,emergency,unavailable_in_sd_path,25,intent_directory,/Users/zilongzeng/Research/DroneControl/user_study_v4/Muyuan/Emergency/25.wav,Muyuan/Emergency/25.wav,movement,0.99609375,0.0,0.99609375,0.0,"[-128, 127, -128]",False,,,,,,,,,,,,,0.037541030906140804,1.1261249892413616,0.6278749788179994,1.7969169421121478
277,Muyuan,emergency,unavailable_in_sd_path,26,intent_directory,/Users/zilongzeng/Research/DroneControl/user_study_v4/Muyuan/Emergency/26.wav,Muyuan/Emergency/26.wav,movement,0.99609375,0.0,0.99609375,0.0,"[-128, 127, -128]",False,,,,,,,,,,,,,0.04554202314466238,1.2626249808818102,0.6594998994842172,1.9739579875022173
278,Muyuan,emergency,unavailable_in_sd_path,27,intent_directory,/Users/zilongzeng/Research/DroneControl/user_study_v4/Muyuan/Emergency/27.wav,Muyuan/Emergency/27.wav,movement,0.99609375,0.0,0.99609375,0.0,"[-128, 127, -128]",False,,,,,,,,,,,,,0.05595793481916189,1.2849579798057675,0.6473329849541187,1.9959999481216073
279,Muyuan,emergency,unavailable_in_sd_path,28,intent_directory,/Users/zilongzeng/Research/DroneControl/user_study_v4/Muyuan/Emergency/28.wav,Muyuan/Emergency/28.wav,movement,0.99609375,0.0,0.99609375,0.0,"[-128, 127, -128]",False,,,,,,,,,,,,,0.047874986194074154,1.2134159915149212,0.7498329505324364,2.016959013417363
280,Muyuan,emergency,unavailable_in_sd_path,29,intent_directory,/Users/zilongzeng/Research/DroneControl/user_study_v4/Muyuan/Emergency/29.wav,Muyuan/Emergency/29.wav,emergency,0.83203125,0.83203125,0.16796875,0.0,"[85, -85, -128]",True,,,,,,,,,,,,,0.043584033846855164,1.1913339840248227,0.6157919997349381,1.8557499861344695
281,Muyuan,emergency,unavailable_in_sd_path,30,intent_directory,/Users/zilongzeng/Research/DroneControl/user_study_v4/Muyuan/Emergency/30.wav,Muyuan/Emergency/30.wav,movement,0.99609375,0.0,0.99609375,0.0,"[-128, 127, -128]",False,,,,,,,,,,,,,0.03529095556586981,1.3402500189840794,0.6105420179665089,1.9945419626310468
282,Muyuan,emergency,unavailable_in_sd_path,31,intent_directory,/Users/zilongzeng/Research/DroneControl/user_study_v4/Muyuan/Emergency/31.wav,Muyuan/Emergency/31.wav,movement,0.99609375,0.0,0.99609375,0.0,"[-128, 127, -128]",False,,,,,,,,,,,,,0.08333299774676561,1.2929999502375722,0.6390409544110298,2.0235420670360327
283,Muyuan,emergency,unavailable_in_sd_path,32,intent_directory,/Users/zilongzeng/Research/DroneControl/user_study_v4/Muyuan/Emergency/32.wav,Muyuan/Emergency/32.wav,unknown,0.99609375,0.0,0.0,0.99609375,"[-128, -128, 127]",False,,,,,,,,,,,,,0.07058307528495789,1.332750078290701,0.7452080026268959,2.155250054784119
284,Muyuan,emergency,unavailable_in_sd_path,33,intent_directory,/Users/zilongzeng/Research/DroneControl/user_study_v4/Muyuan/Emergency/33.wav,Muyuan/Emergency/33.wav,emergency,0.96875,0.96875,0.03125,0.0,"[120, -120, -128]",True,,,,,,,,,,,,,0.04291697405278683,1.1765829985961318,0.6153329741209745,1.8406249582767487
285,Muyuan,emergency,unavailable_in_sd_path,34,intent_directory,/Users/zilongzeng/Research/DroneControl/user_study_v4/Muyuan/Emergency/34.wav,Muyuan/Emergency/34.wav,movement,0.859375,0.140625,0.859375,0.0,"[-92, 92, -128]",False,,,,,,,,,,,,,0.041874940507113934,1.2914590770378709,0.6232500309124589,1.965333940461278
286,Muyuan,emergency,unavailable_in_sd_path,35,intent_directory,/Users/zilongzeng/Research/DroneControl/user_study_v4/Muyuan/Emergency/35.wav,Muyuan/Emergency/35.wav,movement,0.98046875,0.0078125,0.98046875,0.015625,"[-126, 123, -124]",False,,,,,,,,,,,,,0.08458399679511786,1.2785419821739197,0.7019999902695417,2.073250012472272
287,Muyuan,emergency,unavailable_in_sd_path,36,intent_directory,/Users/zilongzeng/Research/DroneControl/user_study_v4/Muyuan/Emergency/36.wav,Muyuan/Emergency/36.wav,movement,0.99609375,0.0,0.99609375,0.0,"[-128, 127, -128]",False,,,,,,,,,,,,,0.069082947447896,1.4442920219153166,0.7776669226586819,2.297624945640564
288,Muyuan,emergency,unavailable_in_sd_path,37,intent_directory,/Users/zilongzeng/Research/DroneControl/user_study_v4/Muyuan/Emergency/37.wav,Muyuan/Emergency/37.wav,emergency,0.99609375,0.99609375,0.00390625,0.0,"[127, -127, -128]",True,,,,,,,,,,,,,0.04379195161163807,1.15387502592057,0.6167920073494315,1.819874974898994
289,Muyuan,emergency,unavailable_in_sd_path,38,intent_directory,/Users/zilongzeng/Research/DroneControl/user_study_v4/Muyuan/Emergency/38.wav,Muyuan/Emergency/38.wav,movement,0.99609375,0.0,0.99609375,0.0,"[-128, 127, -128]",False,,,,,,,,,,,,,0.03787502646446228,1.1762920767068863,0.6703750696033239,1.8909589853137732
290,Muyuan,emergency,unavailable_in_sd_path,39,intent_directory,/Users/zilongzeng/Research/DroneControl/user_study_v4/Muyuan/Emergency/39.wav,Muyuan/Emergency/39.wav,movement,0.99609375,0.0,0.99609375,0.0,"[-128, 127, -128]",False,,,,,,,,,,,,,0.04658300895243883,1.3402499025687575,0.661000027321279,2.05558305606246
291,Muyuan,emergency,unavailable_in_sd_path,40,intent_directory,/Users/zilongzeng/Research/DroneControl/user_study_v4/Muyuan/Emergency/40.wav,Muyuan/Emergency/40.wav,movement,0.99609375,0.0,0.99609375,0.0,"[-128, 127, -128]",False,,,,,,,,,,,,,0.05416700150817633,1.1396249756217003,0.7807080401107669,1.980292028747499
292,Muyuan,emergency,unavailable_in_sd_path,41,intent_directory,/Users/zilongzeng/Research/DroneControl/user_study_v4/Muyuan/Emergency/41.wav,Muyuan/Emergency/41.wav,emergency,0.99609375,0.99609375,0.0,0.0,"[127, -128, -128]",True,,,,,,,,,,,,,0.03937492147088051,1.1023329570889473,0.6384170847013593,1.7850410658866167
293,Muyuan,emergency,unavailable_in_sd_path,42,intent_directory,/Users/zilongzeng/Research/DroneControl/user_study_v4/Muyuan/Emergency/42.wav,Muyuan/Emergency/42.wav,movement,0.99609375,0.0,0.99609375,0.0,"[-128, 127, -128]",False,,,,,,,,,,,,,0.036375015042722225,1.3177910586819053,0.6328329909592867,1.9959169439971447
294,Muyuan,emergency,unavailable_in_sd_path,43,intent_directory,/Users/zilongzeng/Research/DroneControl/user_study_v4/Muyuan/Emergency/43.wav,Muyuan/Emergency/43.wav,movement,0.99609375,0.0,0.99609375,0.0,"[-128, 127, -128]",False,,,,,,,,,,,,,0.09041698649525642,1.3139580842107534,0.6373330252245069,2.0498750964179635
295,Muyuan,emergency,unavailable_in_sd_path,44,intent_directory,/Users/zilongzeng/Research/DroneControl/user_study_v4/Muyuan/Emergency/44.wav,Muyuan/Emergency/44.wav,movement,0.99609375,0.0,0.99609375,0.0,"[-128, 127, -128]",False,,,,,,,,,,,,,0.05970802158117294,1.2552919797599316,0.7717499975115061,2.0931659964844584
296,Muyuan,emergency,unavailable_in_sd_path,45,intent_directory,/Users/zilongzeng/Research/DroneControl/user_study_v4/Muyuan/Emergency/45.wav,Muyuan/Emergency/45.wav,movement,0.99609375,0.0,0.99609375,0.0,"[-128, 127, -128]",False,,,,,,,,,,,,,0.04912493750452995,1.211875001899898,0.6536670261994004,1.920207985676825
297,Muyuan,emergency,unavailable_in_sd_path,46,intent_directory,/Users/zilongzeng/Research/DroneControl/user_study_v4/Muyuan/Emergency/46.wav,Muyuan/Emergency/46.wav,emergency,0.91796875,0.91796875,0.08203125,0.0,"[107, -107, -128]",True,,,,,,,,,,,,,0.04062510561197996,1.1887080036103725,0.6642079679295421,1.8988330848515034
298,Muyuan,emergency,unavailable_in_sd_path,47,intent_directory,/Users/zilongzeng/Research/DroneControl/user_study_v4/Muyuan/Emergency/47.wav,Muyuan/Emergency/47.wav,emergency,0.8046875,0.8046875,0.1953125,0.0,"[78, -78, -128]",True,,,,,,,,,,,,,0.041499966755509377,1.3359170407056808,0.6318329833447933,2.0182080334052444
299,Muyuan,emergency,unavailable_in_sd_path,48,intent_directory,/Users/zilongzeng/Research/DroneControl/user_study_v4/Muyuan/Emergency/48.wav,Muyuan/Emergency/48.wav,emergency,0.93359375,0.93359375,0.06640625,0.0,"[111, -111, -128]",True,,,,,,,,,,,,,0.09408395271748304,1.315374975092709,0.6845829775556922,2.102416008710861
300,Muyuan,emergency,unavailable_in_sd_path,49,intent_directory,/Users/zilongzeng/Research/DroneControl/user_study_v4/Muyuan/Emergency/49.wav,Muyuan/Emergency/49.wav,movement,0.99609375,0.00390625,0.99609375,0.0,"[-127, 127, -128]",False,,,,,,,,,,,,,0.09949994273483753,1.5826669987291098,0.7345828926190734,2.42604105733335
301,Muyuan,movement,unavailable_in_sd_path,0,intent_directory,/Users/zilongzeng/Research/DroneControl/user_study_v4/Muyuan/Movement/0.wav,Muyuan/Movement/0.wav,movement,0.99609375,0.0,0.99609375,0.0,"[-128, 127, -128]",True,,,,,,,,,,,,,0.11508294846862555,1.502416911534965,0.6350830662995577,2.2620829986408353
302,Muyuan,movement,unavailable_in_sd_path,1,intent_directory,/Users/zilongzeng/Research/DroneControl/user_study_v4/Muyuan/Movement/1.wav,Muyuan/Movement/1.wav,movement,0.99609375,0.0,0.99609375,0.0,"[-128, 127, -128]",True,,,,,,,,,,,,,0.09724998380988836,1.3323749881237745,0.6862919544801116,2.1271250443533063
303,Muyuan,movement,unavailable_in_sd_path,2,intent_directory,/Users/zilongzeng/Research/DroneControl/user_study_v4/Muyuan/Movement/2.wav,Muyuan/Movement/2.wav,emergency,0.99609375,0.99609375,0.0,0.0,"[127, -128, -128]",False,,,,,,,,,,,,,0.07149996235966682,1.2635830789804459,0.674291979521513,2.0150840282440186
304,Muyuan,movement,unavailable_in_sd_path,3,intent_directory,/Users/zilongzeng/Research/DroneControl/user_study_v4/Muyuan/Movement/3.wav,Muyuan/Movement/3.wav,movement,0.99609375,0.0,0.99609375,0.0,"[-128, 127, -128]",True,,,,,,,,,,,,,0.05120900459587574,1.2779589742422104,0.6573330610990524,1.993000041693449
305,Muyuan,movement,unavailable_in_sd_path,4,intent_directory,/Users/zilongzeng/Research/DroneControl/user_study_v4/Muyuan/Movement/4.wav,Muyuan/Movement/4.wav,emergency,0.99609375,0.99609375,0.0,0.0,"[127, -128, -128]",False,,,,,,,,,,,,,0.06737501826137304,1.2155830627307296,0.6656250916421413,1.9556669285520911
306,Muyuan,movement,unavailable_in_sd_path,5,intent_directory,/Users/zilongzeng/Research/DroneControl/user_study_v4/Muyuan/Movement/5.wav,Muyuan/Movement/5.wav,movement,0.99609375,0.0,0.99609375,0.0,"[-128, 127, -128]",True,,,,,,,,,,,,,0.041874940507113934,1.234249910339713,0.6395409582182765,1.9228330347687006
307,Muyuan,movement,unavailable_in_sd_path,6,intent_directory,/Users/zilongzeng/Research/DroneControl/user_study_v4/Muyuan/Movement/6.wav,Muyuan/Movement/6.wav,unknown,0.98046875,0.0,0.01953125,0.98046875,"[-128, -123, 123]",False,,,,,,,,,,,,,0.06279104854911566,1.1997920228168368,0.6269579753279686,1.8947920762002468
308,Muyuan,movement,unavailable_in_sd_path,7,intent_directory,/Users/zilongzeng/Research/DroneControl/user_study_v4/Muyuan/Movement/7.wav,Muyuan/Movement/7.wav,movement,0.99609375,0.0,0.99609375,0.0,"[-128, 127, -128]",True,,,,,,,,,,,,,0.03604101948440075,1.3877080054953694,0.6285420386120677,2.060582977719605
309,Muyuan,movement,unavailable_in_sd_path,8,intent_directory,/Users/zilongzeng/Research/DroneControl/user_study_v4/Muyuan/Movement/8.wav,Muyuan/Movement/8.wav,movement,0.99609375,0.0,0.99609375,0.0,"[-128, 127, -128]",True,,,,,,,,,,,,,0.04549999721348286,1.1761250207200646,0.6402500439435244,1.8667919794097543
310,Muyuan,movement,unavailable_in_sd_path,9,intent_directory,/Users/zilongzeng/Research/DroneControl/user_study_v4/Muyuan/Movement/9.wav,Muyuan/Movement/9.wav,movement,0.99609375,0.0,0.99609375,0.0,"[-128, 127, -128]",True,,,,,,,,,,,,,0.034374999813735485,1.1951669584959745,0.6994999712333083,1.9388749497011304
311,Muyuan,movement,unavailable_in_sd_path,10,intent_directory,/Users/zilongzeng/Research/DroneControl/user_study_v4/Muyuan/Movement/10.wav,Muyuan/Movement/10.wav,movement,0.99609375,0.0,0.99609375,0.0,"[-128, 127, -128]",True,,,,,,,,,,,,,0.06862508598715067,1.2319580418989062,0.6511249812319875,1.957167056389153
312,Muyuan,movement,unavailable_in_sd_path,11,intent_directory,/Users/zilongzeng/Research/DroneControl/user_study_v4/Muyuan/Movement/11.wav,Muyuan/Movement/11.wav,movement,0.99609375,0.0,0.99609375,0.0,"[-128, 127, -128]",True,,,,,,,,,,,,,0.03779097460210323,1.2266249395906925,0.6940420717000961,1.9637079676613212
313,Muyuan,movement,unavailable_in_sd_path,12,intent_directory,/Users/zilongzeng/Research/DroneControl/user_study_v4/Muyuan/Movement/12.wav,Muyuan/Movement/12.wav,movement,0.99609375,0.0,0.99609375,0.0,"[-128, 127, -128]",True,,,,,,,,,,,,,0.03750005271285772,1.1117500253021717,0.6043328903615475,1.7582089640200138
314,Muyuan,movement,unavailable_in_sd_path,13,intent_directory,/Users/zilongzeng/Research/DroneControl/user_study_v4/Muyuan/Movement/13.wav,Muyuan/Movement/13.wav,movement,0.99609375,0.0,0.99609375,0.0,"[-128, 127, -128]",True,,,,,,,,,,,,,0.04358298610895872,1.244374900124967,0.6169999251142144,1.9137499621137977
315,Muyuan,movement,unavailable_in_sd_path,14,intent_directory,/Users/zilongzeng/Research/DroneControl/user_study_v4/Muyuan/Movement/14.wav,Muyuan/Movement/14.wav,movement,0.99609375,0.0,0.99609375,0.0,"[-128, 127, -128]",True,,,,,,,,,,,,,0.08908298332244158,1.4242499601095915,0.6602499634027481,2.181084011681378
316,Muyuan,movement,unavailable_in_sd_path,15,intent_directory,/Users/zilongzeng/Research/DroneControl/user_study_v4/Muyuan/Movement/15.wav,Muyuan/Movement/15.wav,movement,0.99609375,0.0,0.99609375,0.0,"[-128, 127, -128]",True,,,,,,,,,,,,,0.06262504030019045,1.2542089680209756,0.7567499997094274,2.080750069580972
317,Muyuan,movement,unavailable_in_sd_path,16,intent_directory,/Users/zilongzeng/Research/DroneControl/user_study_v4/Muyuan/Movement/16.wav,Muyuan/Movement/16.wav,movement,0.99609375,0.0,0.99609375,0.0,"[-128, 127, -128]",True,,,,,,,,,,,,,0.055208103731274605,1.276249997317791,0.610999995842576,1.9483329961076379
318,Muyuan,movement,unavailable_in_sd_path,17,intent_directory,/Users/zilongzeng/Research/DroneControl/user_study_v4/Muyuan/Movement/17.wav,Muyuan/Movement/17.wav,movement,0.99609375,0.0,0.99609375,0.0,"[-128, 127, -128]",True,,,,,,,,,,,,,0.03854196984320879,1.1656249407678843,0.6842920556664467,1.8944579642266035
319,Muyuan,movement,unavailable_in_sd_path,18,intent_directory,/Users/zilongzeng/Research/DroneControl/user_study_v4/Muyuan/Movement/18.wav,Muyuan/Movement/18.wav,movement,0.99609375,0.0,0.99609375,0.0,"[-128, 127, -128]",True,,,,,,,,,,,,,0.04316598642617464,1.2958329170942307,0.6324580172076821,1.978082931600511
320,Muyuan,movement,unavailable_in_sd_path,19,intent_directory,/Users/zilongzeng/Research/DroneControl/user_study_v4/Muyuan/Movement/19.wav,Muyuan/Movement/19.wav,movement,0.99609375,0.0,0.99609375,0.0,"[-128, 127, -128]",True,,,,,,,,,,,,,0.053875031881034374,1.2240000069141388,0.6950419628992677,1.9807079806923866
321,Muyuan,movement,unavailable_in_sd_path,20,intent_directory,/Users/zilongzeng/Research/DroneControl/user_study_v4/Muyuan/Movement/20.wav,Muyuan/Movement/20.wav,movement,0.99609375,0.0,0.99609375,0.0,"[-128, 127, -128]",True,,,,,,,,,,,,,0.05037500523030758,1.2436669785529375,0.6630830466747284,1.9631249597296119
322,Muyuan,movement,unavailable_in_sd_path,21,intent_directory,/Users/zilongzeng/Research/DroneControl/user_study_v4/Muyuan/Movement/21.wav,Muyuan/Movement/21.wav,movement,0.99609375,0.0,0.99609375,0.0,"[-128, 127, -128]",True,,,,,,,,,,,,,0.04141696263104677,1.1768329422920942,0.6720420205965638,1.8954999977722764
323,Muyuan,movement,unavailable_in_sd_path,22,intent_directory,/Users/zilongzeng/Research/DroneControl/user_study_v4/Muyuan/Movement/22.wav,Muyuan/Movement/22.wav,movement,0.99609375,0.0,0.99609375,0.0,"[-128, 127, -128]",True,,,,,,,,,,,,,0.04970794543623924,1.3014170108363032,0.6349579198285937,1.9923750078305602
324,Muyuan,movement,unavailable_in_sd_path,23,intent_directory,/Users/zilongzeng/Research/DroneControl/user_study_v4/Muyuan/Movement/23.wav,Muyuan/Movement/23.wav,movement,0.99609375,0.0,0.99609375,0.0,"[-128, 127, -128]",True,,,,,,,,,,,,,0.05891593173146248,1.1309579713270068,0.6218330236151814,1.8168749520555139
325,Muyuan,movement,unavailable_in_sd_path,24,intent_directory,/Users/zilongzeng/Research/DroneControl/user_study_v4/Muyuan/Movement/24.wav,Muyuan/Movement/24.wav,movement,0.99609375,0.0,0.99609375,0.0,"[-128, 127, -128]",True,,,,,,,,,,,,,0.04016596358269453,1.3433749554678798,0.6408330518752337,2.029750030487776
326,Muyuan,movement,unavailable_in_sd_path,25,intent_directory,/Users/zilongzeng/Research/DroneControl/user_study_v4/Muyuan/Movement/25.wav,Muyuan/Movement/25.wav,movement,0.99609375,0.0,0.99609375,0.0,"[-128, 127, -128]",True,,,,,,,,,,,,,0.04345795605331659,1.3284999877214432,0.7186250295490026,2.0972919883206487
327,Muyuan,movement,unavailable_in_sd_path,26,intent_directory,/Users/zilongzeng/Research/DroneControl/user_study_v4/Muyuan/Movement/26.wav,Muyuan/Movement/26.wav,movement,0.99609375,0.0,0.99609375,0.0,"[-128, 127, -128]",True,,,,,,,,,,,,,0.03287498839199543,1.2327500153332949,0.6578339962288737,1.930583966895938
328,Muyuan,movement,unavailable_in_sd_path,27,intent_directory,/Users/zilongzeng/Research/DroneControl/user_study_v4/Muyuan/Movement/27.wav,Muyuan/Movement/27.wav,movement,0.99609375,0.0,0.99609375,0.0,"[-128, 127, -128]",True,,,,,,,,,,,,,0.06162491627037525,1.2740840902552009,0.6311249453574419,1.9718339899554849
329,Muyuan,movement,unavailable_in_sd_path,28,intent_directory,/Users/zilongzeng/Research/DroneControl/user_study_v4/Muyuan/Movement/28.wav,Muyuan/Movement/28.wav,unknown,0.99609375,0.0,0.0,0.99609375,"[-128, -128, 127]",False,,,,,,,,,,,,,0.04537496715784073,1.2410000199452043,0.6557500455528498,1.9478329923003912
330,Muyuan,movement,unavailable_in_sd_path,29,intent_directory,/Users/zilongzeng/Research/DroneControl/user_study_v4/Muyuan/Movement/29.wav,Muyuan/Movement/29.wav,movement,0.99609375,0.0,0.99609375,0.0,"[-128, 127, -128]",True,,,,,,,,,,,,,0.04900002386420965,1.1620840523391962,0.6412500515580177,1.859750016592443
331,Muyuan,movement,unavailable_in_sd_path,30,intent_directory,/Users/zilongzeng/Research/DroneControl/user_study_v4/Muyuan/Movement/30.wav,Muyuan/Movement/30.wav,movement,0.99609375,0.0,0.99609375,0.0,"[-128, 127, -128]",True,,,,,,,,,,,,,0.045625027269124985,1.2105840723961592,0.6814169464632869,1.9457499729469419
332,Muyuan,movement,unavailable_in_sd_path,31,intent_directory,/Users/zilongzeng/Research/DroneControl/user_study_v4/Muyuan/Movement/31.wav,Muyuan/Movement/31.wav,movement,0.99609375,0.0,0.99609375,0.0,"[-128, 127, -128]",True,,,,,,,,,,,,,0.06441702134907246,1.2079590233042836,0.6613329751417041,1.938957953825593
333,Muyuan,movement,unavailable_in_sd_path,32,intent_directory,/Users/zilongzeng/Research/DroneControl/user_study_v4/Muyuan/Movement/32.wav,Muyuan/Movement/32.wav,movement,0.99609375,0.0,0.99609375,0.0,"[-128, 127, -128]",True,,,,,,,,,,,,,0.039334059692919254,1.315333996899426,0.6682919338345528,2.03216599766165
334,Muyuan,movement,unavailable_in_sd_path,33,intent_directory,/Users/zilongzeng/Research/DroneControl/user_study_v4/Muyuan/Movement/33.wav,Muyuan/Movement/33.wav,movement,0.99609375,0.0,0.99609375,0.0,"[-128, 127, -128]",True,,,,,,,,,,,,,0.10099995415657759,1.2885830365121365,0.6483329925686121,2.044041990302503
335,Muyuan,movement,unavailable_in_sd_path,34,intent_directory,/Users/zilongzeng/Research/DroneControl/user_study_v4/Muyuan/Movement/34.wav,Muyuan/Movement/34.wav,unknown,0.4921875,0.328125,0.1796875,0.4921875,"[-44, -82, -2]",False,,,,,,,,,,,,,0.04299997817724943,1.1573749361559749,0.7517499616369605,1.9629999296739697
336,Muyuan,movement,unavailable_in_sd_path,35,intent_directory,/Users/zilongzeng/Research/DroneControl/user_study_v4/Muyuan/Movement/35.wav,Muyuan/Movement/35.wav,movement,0.63671875,0.34765625,0.63671875,0.015625,"[-39, 35, -124]",True,,,,,,,,,,,,,0.06308394949883223,1.2877089902758598,0.674000009894371,2.030082978308201
337,Muyuan,movement,unavailable_in_sd_path,36,intent_directory,/Users/zilongzeng/Research/DroneControl/user_study_v4/Muyuan/Movement/36.wav,Muyuan/Movement/36.wav,movement,0.98828125,0.0,0.98828125,0.0078125,"[-128, 125, -126]",True,,,,,,,,,,,,,0.04308403003960848,1.1589169735088944,0.7187080336734653,1.92604202311486
338,Muyuan,movement,unavailable_in_sd_path,37,intent_directory,/Users/zilongzeng/Research/DroneControl/user_study_v4/Muyuan/Movement/37.wav,Muyuan/Movement/37.wav,movement,0.99609375,0.0,0.99609375,0.0,"[-128, 127, -128]",True,,,,,,,,,,,,,0.03650004509836435,1.1206670897081494,0.6096669239923358,1.7726250225678086
339,Muyuan,movement,unavailable_in_sd_path,38,intent_directory,/Users/zilongzeng/Research/DroneControl/user_study_v4/Muyuan/Movement/38.wav,Muyuan/Movement/38.wav,movement,0.99609375,0.0,0.99609375,0.0,"[-128, 127, -128]",True,,,,,,,,,,,,,0.04016701132059097,1.154417055658996,0.6169580155983567,1.8160839099436998
340,Muyuan,movement,unavailable_in_sd_path,39,intent_directory,/Users/zilongzeng/Research/DroneControl/user_study_v4/Muyuan/Movement/39.wav,Muyuan/Movement/39.wav,movement,0.99609375,0.0,0.99609375,0.0,"[-128, 127, -128]",True,,,,,,,,,,,,,0.03216695040464401,1.1392079759389162,0.6090420065447688,1.7856670310720801
341,Muyuan,movement,unavailable_in_sd_path,40,intent_directory,/Users/zilongzeng/Research/DroneControl/user_study_v4/Muyuan/Movement/40.wav,Muyuan/Movement/40.wav,movement,0.99609375,0.0,0.99609375,0.0,"[-128, 127, -128]",True,,,,,,,,,,,,,0.03933394327759743,1.2001669965684414,0.6243330426514149,1.8767500296235085
342,Muyuan,movement,unavailable_in_sd_path,41,intent_directory,/Users/zilongzeng/Research/DroneControl/user_study_v4/Muyuan/Movement/41.wav,Muyuan/Movement/41.wav,movement,0.99609375,0.0,0.99609375,0.0,"[-128, 127, -128]",True,,,,,,,,,,,,,0.03929203376173973,1.3151250313967466,0.6132499547675252,1.9735409878194332
343,Muyuan,movement,unavailable_in_sd_path,42,intent_directory,/Users/zilongzeng/Research/DroneControl/user_study_v4/Muyuan/Movement/42.wav,Muyuan/Movement/42.wav,movement,0.99609375,0.0,0.99609375,0.0,"[-128, 127, -128]",True,,,,,,,,,,,,,0.039083999581635,1.1273339623585343,0.6301670800894499,1.8019579583778977
344,Muyuan,movement,unavailable_in_sd_path,43,intent_directory,/Users/zilongzeng/Research/DroneControl/user_study_v4/Muyuan/Movement/43.wav,Muyuan/Movement/43.wav,unknown,0.69140625,0.0,0.30859375,0.69140625,"[-128, -49, 49]",False,,,,,,,,,,,,,0.03466696944087744,1.1684170458465815,0.6274159532040358,1.8353749765083194
345,Muyuan,movement,unavailable_in_sd_path,44,intent_directory,/Users/zilongzeng/Research/DroneControl/user_study_v4/Muyuan/Movement/44.wav,Muyuan/Movement/44.wav,movement,0.99609375,0.0,0.99609375,0.0,"[-128, 127, -128]",True,,,,,,,,,,,,,0.03516697324812412,1.287749968469143,0.646500033326447,1.9790419610217214
346,Muyuan,movement,unavailable_in_sd_path,45,intent_directory,/Users/zilongzeng/Research/DroneControl/user_study_v4/Muyuan/Movement/45.wav,Muyuan/Movement/45.wav,movement,0.99609375,0.0,0.99609375,0.0,"[-128, 127, -128]",True,,,,,,,,,,,,,0.1265000319108367,1.3918750919401646,0.6734170019626617,2.198041998781264
347,Muyuan,movement,unavailable_in_sd_path,46,intent_directory,/Users/zilongzeng/Research/DroneControl/user_study_v4/Muyuan/Movement/46.wav,Muyuan/Movement/46.wav,movement,0.99609375,0.0,0.99609375,0.0,"[-128, 127, -128]",True,,,,,,,,,,,,,0.04658300895243883,1.182416919618845,0.6176250753924251,1.8513749819248915
348,Muyuan,movement,unavailable_in_sd_path,47,intent_directory,/Users/zilongzeng/Research/DroneControl/user_study_v4/Muyuan/Movement/47.wav,Muyuan/Movement/47.wav,movement,0.99609375,0.0,0.99609375,0.0,"[-128, 127, -128]",True,,,,,,,,,,,,,0.041458988562226295,1.259958022274077,0.620041973888874,1.9308750052005053
349,Muyuan,movement,unavailable_in_sd_path,48,intent_directory,/Users/zilongzeng/Research/DroneControl/user_study_v4/Muyuan/Movement/48.wav,Muyuan/Movement/48.wav,emergency,0.99609375,0.99609375,0.0,0.0,"[127, -128, -128]",False,,,,,,,,,,,,,0.08929194882512093,1.264624996110797,0.6231659790500998,1.9834579434245825
350,Muyuan,movement,unavailable_in_sd_path,49,intent_directory,/Users/zilongzeng/Research/DroneControl/user_study_v4/Muyuan/Movement/49.wav,Muyuan/Movement/49.wav,movement,0.99609375,0.0,0.99609375,0.0,"[-128, 127, -128]",True,,,,,,,,,,,,,0.04741700831800699,1.321875024586916,0.7766669150441885,2.152375061996281
351,Muyuan,unknown,unavailable_in_sd_path,0,intent_directory,/Users/zilongzeng/Research/DroneControl/user_study_v4/Muyuan/Unknown/0.wav,Muyuan/Unknown/0.wav,unknown,0.99609375,0.0,0.0,0.99609375,"[-128, -128, 127]",True,,,,,,,,,,,,,0.0541249755769968,1.1758749606087804,0.609499984420836,1.8441249849274755
352,Muyuan,unknown,unavailable_in_sd_path,1,intent_directory,/Users/zilongzeng/Research/DroneControl/user_study_v4/Muyuan/Unknown/1.wav,Muyuan/Unknown/1.wav,unknown,0.99609375,0.0,0.0,0.99609375,"[-128, -128, 127]",True,,,,,,,,,,,,,0.03791600465774536,1.2230840511620045,0.6206670077517629,1.8905000761151314
353,Muyuan,unknown,unavailable_in_sd_path,2,intent_directory,/Users/zilongzeng/Research/DroneControl/user_study_v4/Muyuan/Unknown/2.wav,Muyuan/Unknown/2.wav,unknown,0.99609375,0.0,0.0,0.99609375,"[-128, -128, 127]",True,,,,,,,,,,,,,0.08537503890693188,1.239999895915389,0.6112920818850398,1.942708040587604
354,Muyuan,unknown,unavailable_in_sd_path,3,intent_directory,/Users/zilongzeng/Research/DroneControl/user_study_v4/Muyuan/Unknown/3.wav,Muyuan/Unknown/3.wav,unknown,0.99609375,0.0,0.0,0.99609375,"[-128, -128, 127]",True,,,,,,,,,,,,,0.04754099063575268,1.331583014689386,0.6080419989302754,1.996167004108429
355,Muyuan,unknown,unavailable_in_sd_path,4,intent_directory,/Users/zilongzeng/Research/DroneControl/user_study_v4/Muyuan/Unknown/4.wav,Muyuan/Unknown/4.wav,unknown,0.99609375,0.0,0.0,0.99609375,"[-128, -128, 127]",True,,,,,,,,,,,,,0.05620799493044615,1.3192500919103622,0.6704580737277865,2.0516669610515237
356,Muyuan,unknown,unavailable_in_sd_path,5,intent_directory,/Users/zilongzeng/Research/DroneControl/user_study_v4/Muyuan/Unknown/5.wav,Muyuan/Unknown/5.wav,unknown,0.99609375,0.0,0.0,0.99609375,"[-128, -128, 127]",True,,,,,,,,,,,,,0.05229096859693527,1.1432080063968897,0.624332926236093,1.824666978791356
357,Muyuan,unknown,unavailable_in_sd_path,6,intent_directory,/Users/zilongzeng/Research/DroneControl/user_study_v4/Muyuan/Unknown/6.wav,Muyuan/Unknown/6.wav,unknown,0.99609375,0.0,0.0,0.99609375,"[-128, -128, 127]",True,,,,,,,,,,,,,0.039458973333239555,1.1086250888183713,0.627957982942462,1.7806659452617168
358,Muyuan,unknown,unavailable_in_sd_path,7,intent_directory,/Users/zilongzeng/Research/DroneControl/user_study_v4/Muyuan/Unknown/7.wav,Muyuan/Unknown/7.wav,unknown,0.99609375,0.0,0.0,0.99609375,"[-128, -128, 127]",True,,,,,,,,,,,,,0.034458935260772705,1.1265840148553252,0.6440830184146762,1.8095839768648148
359,Muyuan,unknown,unavailable_in_sd_path,8,intent_directory,/Users/zilongzeng/Research/DroneControl/user_study_v4/Muyuan/Unknown/8.wav,Muyuan/Unknown/8.wav,unknown,0.99609375,0.0,0.0,0.99609375,"[-128, -128, 127]",True,,,,,,,,,,,,,0.031166942790150642,1.179667073301971,0.6788339233025908,1.8967499490827322
360,Muyuan,unknown,unavailable_in_sd_path,9,intent_directory,/Users/zilongzeng/Research/DroneControl/user_study_v4/Muyuan/Unknown/9.wav,Muyuan/Unknown/9.wav,unknown,0.99609375,0.0,0.0,0.99609375,"[-128, -128, 127]",True,,,,,,,,,,,,,0.0588330440223217,1.227125059813261,0.6848749471828341,1.981792040169239
361,Muyuan,unknown,unavailable_in_sd_path,10,intent_directory,/Users/zilongzeng/Research/DroneControl/user_study_v4/Muyuan/Unknown/10.wav,Muyuan/Unknown/10.wav,unknown,0.99609375,0.0,0.0,0.99609375,"[-128, -128, 127]",True,,,,,,,,,,,,,0.06970798131078482,1.3823749031871557,0.6321250693872571,2.0904579432681203
362,Muyuan,unknown,unavailable_in_sd_path,11,intent_directory,/Users/zilongzeng/Research/DroneControl/user_study_v4/Muyuan/Unknown/11.wav,Muyuan/Unknown/11.wav,unknown,0.99609375,0.0,0.0,0.99609375,"[-128, -128, 127]",True,,,,,,,,,,,,,0.05816703196614981,1.1827499838545918,0.6623329827561975,1.9082080107182264
363,Muyuan,unknown,unavailable_in_sd_path,12,intent_directory,/Users/zilongzeng/Research/DroneControl/user_study_v4/Muyuan/Unknown/12.wav,Muyuan/Unknown/12.wav,unknown,0.99609375,0.0,0.0,0.99609375,"[-128, -128, 127]",True,,,,,,,,,,,,,0.04375004209578037,1.2544579803943634,0.7038330659270287,2.007792005315423
364,Muyuan,unknown,unavailable_in_sd_path,13,intent_directory,/Users/zilongzeng/Research/DroneControl/user_study_v4/Muyuan/Unknown/13.wav,Muyuan/Unknown/13.wav,movement,0.99609375,0.0,0.99609375,0.0,"[-128, 127, -128]",False,,,,,,,,,,,,,0.04445796366780996,1.3693750370293856,0.6487499922513962,2.0721249748021364
365,Muyuan,unknown,unavailable_in_sd_path,14,intent_directory,/Users/zilongzeng/Research/DroneControl/user_study_v4/Muyuan/Unknown/14.wav,Muyuan/Unknown/14.wav,movement,0.96875,0.0,0.96875,0.03125,"[-128, 120, -120]",False,,,,,,,,,,,,,0.10320800356566906,1.2962500331923366,0.6650829454883933,2.071542083285749
366,Muyuan,unknown,unavailable_in_sd_path,15,intent_directory,/Users/zilongzeng/Research/DroneControl/user_study_v4/Muyuan/Unknown/15.wav,Muyuan/Unknown/15.wav,movement,0.984375,0.0,0.984375,0.015625,"[-128, 124, -124]",False,,,,,,,,,,,,,0.05833292379975319,1.2491249945014715,0.6918329745531082,2.007083036005497
367,Muyuan,unknown,unavailable_in_sd_path,16,intent_directory,/Users/zilongzeng/Research/DroneControl/user_study_v4/Muyuan/Unknown/16.wav,Muyuan/Unknown/16.wav,unknown,0.8203125,0.1640625,0.01953125,0.8203125,"[-86, -123, 82]",True,,,,,,,,,,,,,0.05154102109372616,1.2279170332476497,0.7061660289764404,1.9910830305889249
368,Muyuan,unknown,unavailable_in_sd_path,17,intent_directory,/Users/zilongzeng/Research/DroneControl/user_study_v4/Muyuan/Unknown/17.wav,Muyuan/Unknown/17.wav,movement,0.9921875,0.0,0.9921875,0.0078125,"[-128, 126, -126]",False,,,,,,,,,,,,,0.038499943912029266,1.2696669436991215,0.6391659844666719,1.9566660048440099
369,Muyuan,unknown,unavailable_in_sd_path,18,intent_directory,/Users/zilongzeng/Research/DroneControl/user_study_v4/Muyuan/Unknown/18.wav,Muyuan/Unknown/18.wav,unknown,0.99609375,0.0,0.0,0.99609375,"[-128, -128, 127]",True,,,,,,,,,,,,,0.09024993050843477,1.284667057916522,0.675374991260469,2.059167018160224
370,Muyuan,unknown,unavailable_in_sd_path,19,intent_directory,/Users/zilongzeng/Research/DroneControl/user_study_v4/Muyuan/Unknown/19.wav,Muyuan/Unknown/19.wav,unknown,0.99609375,0.0,0.0,0.99609375,"[-128, -128, 127]",True,,,,,,,,,,,,,0.06087496876716614,1.2198749464005232,0.6947920192033052,1.9816659623757005
371,Muyuan,unknown,unavailable_in_sd_path,20,intent_directory,/Users/zilongzeng/Research/DroneControl/user_study_v4/Muyuan/Unknown/20.wav,Muyuan/Unknown/20.wav,unknown,0.99609375,0.0,0.0,0.99609375,"[-128, -128, 127]",True,,,,,,,,,,,,,0.04383304622024298,1.0614580241963267,0.7210420444607735,1.8324169795960188
372,Muyuan,unknown,unavailable_in_sd_path,21,intent_directory,/Users/zilongzeng/Research/DroneControl/user_study_v4/Muyuan/Unknown/21.wav,Muyuan/Unknown/21.wav,unknown,0.99609375,0.0,0.0,0.99609375,"[-128, -128, 127]",True,,,,,,,,,,,,,0.04583294503390789,1.1818750062957406,0.6450830260291696,1.8776670331135392
373,Muyuan,unknown,unavailable_in_sd_path,22,intent_directory,/Users/zilongzeng/Research/DroneControl/user_study_v4/Muyuan/Unknown/22.wav,Muyuan/Unknown/22.wav,unknown,0.99609375,0.0,0.0,0.99609375,"[-128, -128, 127]",True,,,,,,,,,,,,,0.03408303018659353,1.1476670624688268,0.6643750239163637,1.852791989222169
374,Muyuan,unknown,unavailable_in_sd_path,23,intent_directory,/Users/zilongzeng/Research/DroneControl/user_study_v4/Muyuan/Unknown/23.wav,Muyuan/Unknown/23.wav,unknown,0.99609375,0.0,0.0,0.99609375,"[-128, -128, 127]",True,,,,,,,,,,,,,0.03712496254593134,1.2177919270470738,0.647915992885828,1.910707913339138
375,Muyuan,unknown,unavailable_in_sd_path,24,intent_directory,/Users/zilongzeng/Research/DroneControl/user_study_v4/Muyuan/Unknown/24.wav,Muyuan/Unknown/24.wav,unknown,0.99609375,0.0,0.0,0.99609375,"[-128, -128, 127]",True,,,,,,,,,,,,,0.04950002767145634,1.211875001899898,0.6200839998200536,1.8860420677810907
376,Muyuan,unknown,unavailable_in_sd_path,25,intent_directory,/Users/zilongzeng/Research/DroneControl/user_study_v4/Muyuan/Unknown/25.wav,Muyuan/Unknown/25.wav,unknown,0.99609375,0.0,0.0,0.99609375,"[-128, -128, 127]",True,,,,,,,,,,,,,0.034917029552161694,1.2599159963428974,0.6318330997601151,1.9322499865666032
377,Muyuan,unknown,unavailable_in_sd_path,26,intent_directory,/Users/zilongzeng/Research/DroneControl/user_study_v4/Muyuan/Unknown/26.wav,Muyuan/Unknown/26.wav,movement,0.984375,0.0,0.984375,0.015625,"[-128, 124, -124]",False,,,,,,,,,,,,,0.046625034883618355,1.1639159638434649,0.6632920121774077,1.8790418980643153
378,Muyuan,unknown,unavailable_in_sd_path,27,intent_directory,/Users/zilongzeng/Research/DroneControl/user_study_v4/Muyuan/Unknown/27.wav,Muyuan/Unknown/27.wav,unknown,0.99609375,0.0,0.00390625,0.99609375,"[-128, -127, 127]",True,,,,,,,,,,,,,0.039334059692919254,1.2629999546334147,0.675083021633327,1.9899159669876099
379,Muyuan,unknown,unavailable_in_sd_path,28,intent_directory,/Users/zilongzeng/Research/DroneControl/user_study_v4/Muyuan/Unknown/28.wav,Muyuan/Unknown/28.wav,unknown,0.99609375,0.0,0.0,0.99609375,"[-128, -128, 127]",True,,,,,,,,,,,,,0.08487503509968519,1.256125047802925,0.6560420151799917,2.0030420273542404
380,Muyuan,unknown,unavailable_in_sd_path,29,intent_directory,/Users/zilongzeng/Research/DroneControl/user_study_v4/Muyuan/Unknown/29.wav,Muyuan/Unknown/29.wav,unknown,0.99609375,0.0,0.0,0.99609375,"[-128, -128, 127]",True,,,,,,,,,,,,,0.03950006794184446,1.196958008222282,0.6500420859083533,1.8917500274255872
381,Muyuan,unknown,unavailable_in_sd_path,30,intent_directory,/Users/zilongzeng/Research/DroneControl/user_study_v4/Muyuan/Unknown/30.wav,Muyuan/Unknown/30.wav,unknown,0.99609375,0.0,0.0,0.99609375,"[-128, -128, 127]",True,,,,,,,,,,,,,0.043208012357354164,1.199041958898306,0.6151249399408698,1.8622499192133546
382,Muyuan,unknown,unavailable_in_sd_path,31,intent_directory,/Users/zilongzeng/Research/DroneControl/user_study_v4/Muyuan/Unknown/31.wav,Muyuan/Unknown/31.wav,unknown,0.99609375,0.0,0.0,0.99609375,"[-128, -128, 127]",True,,,,,,,,,,,,,0.035125063732266426,1.1971249477937818,0.6492090178653598,1.888750004582107
383,Muyuan,unknown,unavailable_in_sd_path,32,intent_directory,/Users/zilongzeng/Research/DroneControl/user_study_v4/Muyuan/Unknown/32.wav,Muyuan/Unknown/32.wav,unknown,0.99609375,0.0,0.0,0.99609375,"[-128, -128, 127]",True,,,,,,,,,,,,,0.05208305083215237,1.3182919938117266,0.6694999756291509,2.0450829761102796
384,Muyuan,unknown,unavailable_in_sd_path,33,intent_directory,/Users/zilongzeng/Research/DroneControl/user_study_v4/Muyuan/Unknown/33.wav,Muyuan/Unknown/33.wav,unknown,0.99609375,0.0,0.0,0.99609375,"[-128, -128, 127]",True,,,,,,,,,,,,,0.04533305764198303,1.341083087027073,0.6472920067608356,2.042750013060868
385,Muyuan,unknown,unavailable_in_sd_path,34,intent_directory,/Users/zilongzeng/Research/DroneControl/user_study_v4/Muyuan/Unknown/34.wav,Muyuan/Unknown/34.wav,unknown,0.99609375,0.0,0.0,0.99609375,"[-128, -128, 127]",True,,,,,,,,,,,,,0.09708304423838854,1.293000066652894,0.6159160984680057,2.012082957662642
386,Muyuan,unknown,unavailable_in_sd_path,35,intent_directory,/Users/zilongzeng/Research/DroneControl/user_study_v4/Muyuan/Unknown/35.wav,Muyuan/Unknown/35.wav,unknown,0.99609375,0.0,0.0,0.99609375,"[-128, -128, 127]",True,,,,,,,,,,,,,0.04225003067404032,1.1222080793231726,0.6015420658513904,1.7736249137669802
387,Muyuan,unknown,unavailable_in_sd_path,36,intent_directory,/Users/zilongzeng/Research/DroneControl/user_study_v4/Muyuan/Unknown/36.wav,Muyuan/Unknown/36.wav,unknown,0.99609375,0.0,0.0,0.99609375,"[-128, -128, 127]",True,,,,,,,,,,,,,0.04983402322977781,1.4784169616177678,0.6488750223070383,2.1847080206498504
388,Muyuan,unknown,unavailable_in_sd_path,37,intent_directory,/Users/zilongzeng/Research/DroneControl/user_study_v4/Muyuan/Unknown/37.wav,Muyuan/Unknown/37.wav,unknown,0.75,0.06640625,0.18359375,0.75,"[-111, -81, 64]",True,,,,,,,,,,,,,0.07841596379876137,1.2759169330820441,0.6698749493807554,2.030499977990985
389,Muyuan,unknown,unavailable_in_sd_path,38,intent_directory,/Users/zilongzeng/Research/DroneControl/user_study_v4/Muyuan/Unknown/38.wav,Muyuan/Unknown/38.wav,unknown,0.99609375,0.0,0.0,0.99609375,"[-128, -128, 127]",True,,,,,,,,,,,,,0.048874993808567524,1.3791659148409963,0.6260829977691174,2.059916965663433
390,Muyuan,unknown,unavailable_in_sd_path,39,intent_directory,/Users/zilongzeng/Research/DroneControl/user_study_v4/Muyuan/Unknown/39.wav,Muyuan/Unknown/39.wav,movement,0.99609375,0.0,0.99609375,0.0,"[-128, 127, -128]",False,,,,,,,,,,,,,0.05341705400496721,1.2170829577371478,0.685208011418581,1.961417030543089
391,Muyuan,unknown,unavailable_in_sd_path,40,intent_directory,/Users/zilongzeng/Research/DroneControl/user_study_v4/Muyuan/Unknown/40.wav,Muyuan/Unknown/40.wav,unknown,0.9921875,0.0,0.0078125,0.9921875,"[-128, -126, 126]",True,,,,,,,,,,,,,0.04283396992832422,1.2281250674277544,0.6524160271510482,1.9290839554741979
392,Muyuan,unknown,unavailable_in_sd_path,41,intent_directory,/Users/zilongzeng/Research/DroneControl/user_study_v4/Muyuan/Unknown/41.wav,Muyuan/Unknown/41.wav,unknown,0.99609375,0.0,0.0,0.99609375,"[-128, -128, 127]",True,,,,,,,,,,,,,0.047874986194074154,1.2737499782815576,0.6651249714195728,1.994375023059547
393,Muyuan,unknown,unavailable_in_sd_path,42,intent_directory,/Users/zilongzeng/Research/DroneControl/user_study_v4/Muyuan/Unknown/42.wav,Muyuan/Unknown/42.wav,unknown,0.99609375,0.0,0.0,0.99609375,"[-128, -128, 127]",True,,,,,,,,,,,,,0.05754095036536455,1.3449169928207994,0.6389169720932841,2.0510420436039567
394,Muyuan,unknown,unavailable_in_sd_path,43,intent_directory,/Users/zilongzeng/Research/DroneControl/user_study_v4/Muyuan/Unknown/43.wav,Muyuan/Unknown/43.wav,unknown,0.99609375,0.0,0.0,0.99609375,"[-128, -128, 127]",True,,,,,,,,,,,,,0.11274998541921377,1.2965829810127616,0.7030420238152146,2.1220840280875564
395,Muyuan,unknown,unavailable_in_sd_path,44,intent_directory,/Users/zilongzeng/Research/DroneControl/user_study_v4/Muyuan/Unknown/44.wav,Muyuan/Unknown/44.wav,unknown,0.99609375,0.0,0.0,0.99609375,"[-128, -128, 127]",True,,,,,,,,,,,,,0.03925000783056021,1.2540830066427588,0.6315000355243683,1.931375009007752
396,Muyuan,unknown,unavailable_in_sd_path,45,intent_directory,/Users/zilongzeng/Research/DroneControl/user_study_v4/Muyuan/Unknown/45.wav,Muyuan/Unknown/45.wav,unknown,0.99609375,0.0,0.0,0.99609375,"[-128, -128, 127]",True,,,,,,,,,,,,,0.05800009239464998,1.1559170670807362,0.6410829955711961,1.8625410739332438
397,Muyuan,unknown,unavailable_in_sd_path,46,intent_directory,/Users/zilongzeng/Research/DroneControl/user_study_v4/Muyuan/Unknown/46.wav,Muyuan/Unknown/46.wav,unknown,0.99609375,0.0,0.0,0.99609375,"[-128, -128, 127]",True,,,,,,,,,,,,,0.04329206421971321,1.2904999312013388,0.6353749195113778,1.9745000172406435
398,Muyuan,unknown,unavailable_in_sd_path,47,intent_directory,/Users/zilongzeng/Research/DroneControl/user_study_v4/Muyuan/Unknown/47.wav,Muyuan/Unknown/47.wav,movement,0.99609375,0.0,0.99609375,0.0,"[-128, 127, -128]",False,,,,,,,,,,,,,0.0422910088673234,1.1344170197844505,0.6276670610532165,1.8095829291269183
399,Muyuan,unknown,unavailable_in_sd_path,48,intent_directory,/Users/zilongzeng/Research/DroneControl/user_study_v4/Muyuan/Unknown/48.wav,Muyuan/Unknown/48.wav,unknown,0.99609375,0.0,0.0,0.99609375,"[-128, -128, 127]",True,,,,,,,,,,,,,0.03837491385638714,1.093124970793724,0.6184580270200968,1.7546250019222498
400,Muyuan,unknown,unavailable_in_sd_path,49,intent_directory,/Users/zilongzeng/Research/DroneControl/user_study_v4/Muyuan/Unknown/49.wav,Muyuan/Unknown/49.wav,unknown,0.99609375,0.0,0.0,0.99609375,"[-128, -128, 127]",True,,,,,,,,,,,,,0.03474997356534004,1.343499985523522,0.666750012896955,2.055458026006818
401,Shujun,emergency,unavailable_in_sd_path,0,intent_directory,/Users/zilongzeng/Research/DroneControl/user_study_v4/Shujun/Emergency/0.wav,Shujun/Emergency/0.wav,movement,0.9609375,0.02734375,0.9609375,0.015625,"[-121, 118, -124]",False,,,,,,,,,,,,,0.12983405031263828,1.339541980996728,0.6133330753073096,2.0907920552417636
402,Shujun,emergency,unavailable_in_sd_path,1,intent_directory,/Users/zilongzeng/Research/DroneControl/user_study_v4/Shujun/Emergency/1.wav,Shujun/Emergency/1.wav,unknown,0.99609375,0.0,0.0,0.99609375,"[-128, -128, 127]",False,,,,,,,,,,,,,0.05224999040365219,1.2470419751480222,0.6178750190883875,1.9685419974848628
403,Shujun,emergency,unavailable_in_sd_path,2,intent_directory,/Users/zilongzeng/Research/DroneControl/user_study_v4/Shujun/Emergency/2.wav,Shujun/Emergency/2.wav,emergency,0.99609375,0.99609375,0.0,0.0,"[127, -128, -128]",True,,,,,,,,,,,,,0.041041988879442215,1.1299169855192304,0.6209169514477253,1.7973750364035368
404,Shujun,emergency,unavailable_in_sd_path,3,intent_directory,/Users/zilongzeng/Research/DroneControl/user_study_v4/Shujun/Emergency/3.wav,Shujun/Emergency/3.wav,emergency,0.99609375,0.99609375,0.0,0.0,"[127, -128, -128]",True,,,,,,,,,,,,,0.03404205199331045,1.1124589946120977,0.6235840264707804,1.7762089846655726
405,Shujun,emergency,unavailable_in_sd_path,4,intent_directory,/Users/zilongzeng/Research/DroneControl/user_study_v4/Shujun/Emergency/4.wav,Shujun/Emergency/4.wav,emergency,0.9921875,0.9921875,0.0,0.0078125,"[126, -128, -126]",True,,,,,,,,,,,,,0.04175002686679363,1.2392080388963223,0.7116250926628709,1.9981249934062362
406,Shujun,emergency,unavailable_in_sd_path,5,intent_directory,/Users/zilongzeng/Research/DroneControl/user_study_v4/Shujun/Emergency/5.wav,Shujun/Emergency/5.wav,emergency,0.99609375,0.99609375,0.0,0.0,"[127, -128, -128]",True,,,,,,,,,,,,,0.05079200491309166,1.1346249375492334,0.6123330676928163,1.8028339836746454
407,Shujun,emergency,unavailable_in_sd_path,6,intent_directory,/Users/zilongzeng/Research/DroneControl/user_study_v4/Shujun/Emergency/6.wav,Shujun/Emergency/6.wav,movement,0.99609375,0.0,0.99609375,0.0,"[-128, 127, -128]",False,,,,,,,,,,,,,0.037458958104252815,1.1616250267252326,0.6106660002842546,1.8146249931305647
408,Shujun,emergency,unavailable_in_sd_path,7,intent_directory,/Users/zilongzeng/Research/DroneControl/user_study_v4/Shujun/Emergency/7.wav,Shujun/Emergency/7.wav,emergency,0.99609375,0.99609375,0.0,0.0,"[127, -128, -128]",True,,,,,,,,,,,,,0.0350000336766243,1.160917105153203,0.623667030595243,1.8241249490529299
409,Shujun,emergency,unavailable_in_sd_path,8,intent_directory,/Users/zilongzeng/Research/DroneControl/user_study_v4/Shujun/Emergency/8.wav,Shujun/Emergency/8.wav,emergency,0.99609375,0.99609375,0.0,0.0,"[127, -128, -128]",True,,,,,,,,,,,,,0.032084062695503235,1.081916969269514,0.6097500445321202,1.7282500630244613
410,Shujun,emergency,unavailable_in_sd_path,9,intent_directory,/Users/zilongzeng/Research/DroneControl/user_study_v4/Shujun/Emergency/9.wav,Shujun/Emergency/9.wav,emergency,0.99609375,0.99609375,0.0,0.0,"[127, -128, -128]",True,,,,,,,,,,,,,0.031458097510039806,1.1989580234512687,0.642166007310152,1.8779169768095016
411,Shujun,emergency,unavailable_in_sd_path,10,intent_directory,/Users/zilongzeng/Research/DroneControl/user_study_v4/Shujun/Emergency/10.wav,Shujun/Emergency/10.wav,emergency,0.99609375,0.99609375,0.0,0.0,"[127, -128, -128]",True,,,,,,,,,,,,,0.04545797128230333,1.2864170130342245,0.6888749776408076,2.027417067438364
412,Shujun,emergency,unavailable_in_sd_path,11,intent_directory,/Users/zilongzeng/Research/DroneControl/user_study_v4/Shujun/Emergency/11.wav,Shujun/Emergency/11.wav,emergency,0.8203125,0.8203125,0.1640625,0.015625,"[82, -86, -124]",True,,,,,,,,,,,,,0.06504205521196127,1.4202919555827975,0.6561670452356339,2.147583058103919
413,Shujun,emergency,unavailable_in_sd_path,12,intent_directory,/Users/zilongzeng/Research/DroneControl/user_study_v4/Shujun/Emergency/12.wav,Shujun/Emergency/12.wav,emergency,0.99609375,0.99609375,0.0,0.0,"[127, -128, -128]",True,,,,,,,,,,,,,0.05512498319149017,1.4653749531134963,0.6921660387888551,2.222167095169425
414,Shujun,emergency,unavailable_in_sd_path,13,intent_directory,/Users/zilongzeng/Research/DroneControl/user_study_v4/Shujun/Emergency/13.wav,Shujun/Emergency/13.wav,emergency,0.99609375,0.99609375,0.0,0.0,"[127, -128, -128]",True,,,,,,,,,,,,,0.11829100549221039,1.3556659687310457,0.6469589425250888,2.127624931745231
415,Shujun,emergency,unavailable_in_sd_path,14,intent_directory,/Users/zilongzeng/Research/DroneControl/user_study_v4/Shujun/Emergency/14.wav,Shujun/Emergency/14.wav,emergency,0.99609375,0.99609375,0.0,0.0,"[127, -128, -128]",True,,,,,,,,,,,,,0.06358406972140074,1.1799999047070742,0.6846670294180512,1.9341669976711273
416,Shujun,emergency,unavailable_in_sd_path,15,intent_directory,/Users/zilongzeng/Research/DroneControl/user_study_v4/Shujun/Emergency/15.wav,Shujun/Emergency/15.wav,movement,0.99609375,0.0,0.99609375,0.0,"[-128, 127, -128]",False,,,,,,,,,,,,,0.033917021937668324,1.245916006155312,0.6856250111013651,1.9744999008253217
417,Shujun,emergency,unavailable_in_sd_path,16,intent_directory,/Users/zilongzeng/Research/DroneControl/user_study_v4/Shujun/Emergency/16.wav,Shujun/Emergency/16.wav,movement,0.99609375,0.0,0.99609375,0.0,"[-128, 127, -128]",False,,,,,,,,,,,,,0.06437499541789293,1.2234169989824295,0.6942079635336995,1.987916068173945
418,Shujun,emergency,unavailable_in_sd_path,17,intent_directory,/Users/zilongzeng/Research/DroneControl/user_study_v4/Shujun/Emergency/17.wav,Shujun/Emergency/17.wav,emergency,0.6484375,0.6484375,0.3515625,0.0,"[38, -38, -128]",True,,,,,,,,,,,,,0.041334074921905994,1.380458939820528,0.6464580073952675,2.076874952763319
419,Shujun,emergency,unavailable_in_sd_path,18,intent_directory,/Users/zilongzeng/Research/DroneControl/user_study_v4/Shujun/Emergency/18.wav,Shujun/Emergency/18.wav,movement,0.99609375,0.0,0.99609375,0.0,"[-128, 127, -128]",False,,,,,,,,,,,,,0.10195805225521326,1.234250026755035,0.6181249627843499,1.9600000232458115
420,Shujun,emergency,unavailable_in_sd_path,19,intent_directory,/Users/zilongzeng/Research/DroneControl/user_study_v4/Shujun/Emergency/19.wav,Shujun/Emergency/19.wav,emergency,0.99609375,0.99609375,0.0,0.0,"[127, -128, -128]",True,,,,,,,,,,,,,0.04166609141975641,1.2127920053899288,0.6801250856369734,1.9424170022830367
421,Shujun,emergency,unavailable_in_sd_path,20,intent_directory,/Users/zilongzeng/Research/DroneControl/user_study_v4/Shujun/Emergency/20.wav,Shujun/Emergency/20.wav,movement,0.99609375,0.0,0.99609375,0.0,"[-128, 127, -128]",False,,,,,,,,,,,,,0.06729201413691044,1.1976249516010284,0.6658750353381038,1.9359589787200093
422,Shujun,emergency,unavailable_in_sd_path,21,intent_directory,/Users/zilongzeng/Research/DroneControl/user_study_v4/Shujun/Emergency/21.wav,Shujun/Emergency/21.wav,emergency,0.984375,0.984375,0.015625,0.0,"[124, -124, -128]",True,,,,,,,,,,,,,0.04254200030118227,1.3534169411286712,0.6562080234289169,2.061583916656673
423,Shujun,emergency,unavailable_in_sd_path,22,intent_directory,/Users/zilongzeng/Research/DroneControl/user_study_v4/Shujun/Emergency/22.wav,Shujun/Emergency/22.wav,unknown,0.99609375,0.0,0.0,0.99609375,"[-128, -128, 127]",False,,,,,,,,,,,,,0.19466597586870193,1.2497080024331808,0.6216249894350767,2.071124967187643
424,Shujun,emergency,unavailable_in_sd_path,23,intent_directory,/Users/zilongzeng/Research/DroneControl/user_study_v4/Shujun/Emergency/23.wav,Shujun/Emergency/23.wav,movement,0.76953125,0.1015625,0.76953125,0.125,"[-102, 69, -96]",False,,,,,,,,,,,,,0.03275007475167513,1.1735840234905481,0.6775420624762774,1.8920419970527291
425,Shujun,emergency,unavailable_in_sd_path,24,intent_directory,/Users/zilongzeng/Research/DroneControl/user_study_v4/Shujun/Emergency/24.wav,Shujun/Emergency/24.wav,emergency,0.99609375,0.99609375,0.0,0.0,"[127, -128, -128]",True,,,,,,,,,,,,,0.06054097320884466,1.2255000183358788,0.6816250970587134,1.9732499495148659
426,Shujun,emergency,unavailable_in_sd_path,25,intent_directory,/Users/zilongzeng/Research/DroneControl/user_study_v4/Shujun/Emergency/25.wav,Shujun/Emergency/25.wav,emergency,0.99609375,0.99609375,0.0,0.0,"[127, -128, -128]",True,,,,,,,,,,,,,0.04704098682850599,1.2982499320060015,0.702542020007968,2.056958037428558
427,Shujun,emergency,unavailable_in_sd_path,26,intent_directory,/Users/zilongzeng/Research/DroneControl/user_study_v4/Shujun/Emergency/26.wav,Shujun/Emergency/26.wav,emergency,0.99609375,0.99609375,0.0,0.0,"[127, -128, -128]",True,,,,,,,,,,,,,0.03987504169344902,1.1640420416370034,0.627583940513432,1.8365000141784549
428,Shujun,emergency,unavailable_in_sd_path,27,intent_directory,/Users/zilongzeng/Research/DroneControl/user_study_v4/Shujun/Emergency/27.wav,Shujun/Emergency/27.wav,emergency,0.99609375,0.99609375,0.0,0.0,"[127, -128, -128]",True,,,,,,,,,,,,,0.041416031308472157,1.2551669497042894,0.6235420005396008,1.9289579940959811
429,Shujun,emergency,unavailable_in_sd_path,28,intent_directory,/Users/zilongzeng/Research/DroneControl/user_study_v4/Shujun/Emergency/28.wav,Shujun/Emergency/28.wav,emergency,0.734375,0.734375,0.26953125,0.0,"[60, -59, -128]",True,,,,,,,,,,,,,0.09654101449996233,1.320041948929429,0.6605000235140324,2.0843329839408398
430,Shujun,emergency,unavailable_in_sd_path,29,intent_directory,/Users/zilongzeng/Research/DroneControl/user_study_v4/Shujun/Emergency/29.wav,Shujun/Emergency/29.wav,emergency,0.99609375,0.99609375,0.0,0.0,"[127, -128, -128]",True,,,,,,,,,,,,,0.06425008177757263,1.3894580770283937,0.7615829817950726,2.2235000506043434
431,Shujun,emergency,unavailable_in_sd_path,30,intent_directory,/Users/zilongzeng/Research/DroneControl/user_study_v4/Shujun/Emergency/30.wav,Shujun/Emergency/30.wav,emergency,0.99609375,0.99609375,0.0,0.0,"[127, -128, -128]",True,,,,,,,,,,,,,0.05554105155169964,1.2333749327808619,0.6206670077517629,1.914417021907866
432,Shujun,emergency,unavailable_in_sd_path,31,intent_directory,/Users/zilongzeng/Research/DroneControl/user_study_v4/Shujun/Emergency/31.wav,Shujun/Emergency/31.wav,emergency,0.9921875,0.9921875,0.0078125,0.0,"[126, -126, -128]",True,,,,,,,,,,,,,0.03979098983108997,1.1965829180553555,0.6753329653292894,1.917207962833345
433,Shujun,emergency,unavailable_in_sd_path,32,intent_directory,/Users/zilongzeng/Research/DroneControl/user_study_v4/Shujun/Emergency/32.wav,Shujun/Emergency/32.wav,movement,0.99609375,0.0,0.99609375,0.0,"[-128, 127, -128]",False,,,,,,,,,,,,,0.042750034481287,1.316040987148881,0.6478750146925449,2.015582984313369
434,Shujun,emergency,unavailable_in_sd_path,33,intent_directory,/Users/zilongzeng/Research/DroneControl/user_study_v4/Shujun/Emergency/33.wav,Shujun/Emergency/33.wav,emergency,0.9609375,0.9609375,0.0390625,0.0,"[118, -118, -128]",True,,,,,,,,,,,,,0.05420797970145941,1.3591249007731676,0.7680410053580999,2.189083956182003
435,Shujun,emergency,unavailable_in_sd_path,34,intent_directory,/Users/zilongzeng/Research/DroneControl/user_study_v4/Shujun/Emergency/34.wav,Shujun/Emergency/34.wav,emergency,0.99609375,0.99609375,0.0,0.0,"[127, -128, -128]",True,,,,,,,,,,,,,0.044625019654631615,1.2029999634250998,0.6399999838322401,1.8934160470962524
436,Shujun,emergency,unavailable_in_sd_path,35,intent_directory,/Users/zilongzeng/Research/DroneControl/user_study_v4/Shujun/Emergency/35.wav,Shujun/Emergency/35.wav,unknown,0.6484375,0.3515625,0.0,0.6484375,"[-38, -128, 38]",False,,,,,,,,,,,,,0.047625042498111725,1.2370420154184103,0.6227910052984953,1.9164170371368527
437,Shujun,emergency,unavailable_in_sd_path,36,intent_directory,/Users/zilongzeng/Research/DroneControl/user_study_v4/Shujun/Emergency/36.wav,Shujun/Emergency/36.wav,unknown,0.99609375,0.0,0.0,0.99609375,"[-128, -128, 127]",False,,,,,,,,,,,,,0.09616604074835777,1.2925410410389304,0.6988330278545618,2.097125048749149
438,Shujun,emergency,unavailable_in_sd_path,37,intent_directory,/Users/zilongzeng/Research/DroneControl/user_study_v4/Shujun/Emergency/37.wav,Shujun/Emergency/37.wav,emergency,0.99609375,0.99609375,0.0,0.0,"[127, -128, -128]",True,,,,,,,,,,,,,0.06204203236848116,1.2163340579718351,0.6605419330298901,1.9443330820649862
439,Shujun,emergency,unavailable_in_sd_path,38,intent_directory,/Users/zilongzeng/Research/DroneControl/user_study_v4/Shujun/Emergency/38.wav,Shujun/Emergency/38.wav,emergency,0.99609375,0.99609375,0.0,0.0,"[127, -128, -128]",True,,,,,,,,,,,,,0.04549999721348286,1.3115409528836608,0.6225419929251075,1.985291950404644
440,Shujun,emergency,unavailable_in_sd_path,39,intent_directory,/Users/zilongzeng/Research/DroneControl/user_study_v4/Shujun/Emergency/39.wav,Shujun/Emergency/39.wav,emergency,0.99609375,0.99609375,0.0,0.0,"[127, -128, -128]",True,,,,,,,,,,,,,0.046791043132543564,1.0853329440578818,0.6392499199137092,1.7762500792741776
441,Shujun,emergency,unavailable_in_sd_path,40,intent_directory,/Users/zilongzeng/Research/DroneControl/user_study_v4/Shujun/Emergency/40.wav,Shujun/Emergency/40.wav,emergency,0.99609375,0.99609375,0.0,0.0,"[127, -128, -128]",True,,,,,,,,,,,,,0.03787491004914045,1.498791971243918,0.6420409772545099,2.188500016927719
442,Shujun,emergency,unavailable_in_sd_path,41,intent_directory,/Users/zilongzeng/Research/DroneControl/user_study_v4/Shujun/Emergency/41.wav,Shujun/Emergency/41.wav,emergency,0.99609375,0.99609375,0.0,0.0,"[127, -128, -128]",True,,,,,,,,,,,,,0.124208047054708,1.3803329784423113,0.6358749233186245,2.1482500014826655
443,Shujun,emergency,unavailable_in_sd_path,42,intent_directory,/Users/zilongzeng/Research/DroneControl/user_study_v4/Shujun/Emergency/42.wav,Shujun/Emergency/42.wav,emergency,0.99609375,0.99609375,0.0,0.0,"[127, -128, -128]",True,,,,,,,,,,,,,0.05704199429601431,1.3164589181542397,0.6282080430537462,2.0072079496458173
444,Shujun,emergency,unavailable_in_sd_path,43,intent_directory,/Users/zilongzeng/Research/DroneControl/user_study_v4/Shujun/Emergency/43.wav,Shujun/Emergency/43.wav,emergency,0.99609375,0.99609375,0.0,0.0,"[127, -128, -128]",True,,,,,,,,,,,,,0.061542028561234474,1.1202089954167604,0.6332499906420708,1.8202089704573154
445,Shujun,emergency,unavailable_in_sd_path,44,intent_directory,/Users/zilongzeng/Research/DroneControl/user_study_v4/Shujun/Emergency/44.wav,Shujun/Emergency/44.wav,emergency,0.9921875,0.9921875,0.0,0.0078125,"[126, -128, -126]",True,,,,,,,,,,,,,0.04233303479850292,1.1721249902620912,0.6335829384624958,1.8529169028624892
446,Shujun,emergency,unavailable_in_sd_path,45,intent_directory,/Users/zilongzeng/Research/DroneControl/user_study_v4/Shujun/Emergency/45.wav,Shujun/Emergency/45.wav,emergency,0.99609375,0.99609375,0.0,0.0,"[127, -128, -128]",True,,,,,,,,,,,,,0.03612495493143797,1.1090829502791166,0.650458037853241,1.8004169687628746
447,Shujun,emergency,unavailable_in_sd_path,46,intent_directory,/Users/zilongzeng/Research/DroneControl/user_study_v4/Shujun/Emergency/46.wav,Shujun/Emergency/46.wav,emergency,0.99609375,0.99609375,0.0,0.0,"[127, -128, -128]",True,,,,,,,,,,,,,0.031957984901964664,1.2281249510124326,0.6529999664053321,1.9182920223101974
448,Shujun,emergency,unavailable_in_sd_path,47,intent_directory,/Users/zilongzeng/Research/DroneControl/user_study_v4/Shujun/Emergency/47.wav,Shujun/Emergency/47.wav,movement,0.99609375,0.0,0.99609375,0.0,"[-128, 127, -128]",False,,,,,,,,,,,,,0.039375037886202335,1.1606250191107392,0.6075829733163118,1.812624977901578
449,Shujun,emergency,unavailable_in_sd_path,48,intent_directory,/Users/zilongzeng/Research/DroneControl/user_study_v4/Shujun/Emergency/48.wav,Shujun/Emergency/48.wav,emergency,0.97265625,0.97265625,0.02734375,0.0,"[121, -121, -128]",True,,,,,,,,,,,,,0.03724999260157347,1.3040420599281788,0.6336669903248549,1.9850420067086816
450,Shujun,emergency,unavailable_in_sd_path,49,intent_directory,/Users/zilongzeng/Research/DroneControl/user_study_v4/Shujun/Emergency/49.wav,Shujun/Emergency/49.wav,emergency,0.99609375,0.99609375,0.0,0.0,"[127, -128, -128]",True,,,,,,,,,,,,,0.11216697748750448,1.3159579830244184,0.6575000006705523,2.0964170107617974
451,Shujun,movement,unavailable_in_sd_path,0,intent_directory,/Users/zilongzeng/Research/DroneControl/user_study_v4/Shujun/Movement/0.wav,Shujun/Movement/0.wav,movement,0.98046875,0.0078125,0.98046875,0.01171875,"[-126, 123, -125]",True,,,,,,,,,,,,,0.044625019654631615,1.2024999596178532,0.7449579425156116,1.9980829674750566
452,Shujun,movement,unavailable_in_sd_path,1,intent_directory,/Users/zilongzeng/Research/DroneControl/user_study_v4/Shujun/Movement/1.wav,Shujun/Movement/1.wav,movement,0.99609375,0.0,0.99609375,0.0,"[-128, 127, -128]",True,,,,,,,,,,,,,0.04166702274233103,1.1776249157264829,0.6202500080689788,1.8441249849274755
453,Shujun,movement,unavailable_in_sd_path,2,intent_directory,/Users/zilongzeng/Research/DroneControl/user_study_v4/Shujun/Movement/2.wav,Shujun/Movement/2.wav,unknown,0.91796875,0.00390625,0.08203125,0.91796875,"[-127, -107, 107]",False,,,,,,,,,,,,,0.034833094105124474,1.1435000924393535,0.610667048022151,1.7939999233931303
454,Shujun,movement,unavailable_in_sd_path,3,intent_directory,/Users/zilongzeng/Research/DroneControl/user_study_v4/Shujun/Movement/3.wav,Shujun/Movement/3.wav,unknown,0.99609375,0.0,0.0,0.99609375,"[-128, -128, 127]",False,,,,,,,,,,,,,0.035665929317474365,1.1138750705868006,0.6163748912513256,1.7706250073388219
455,Shujun,movement,unavailable_in_sd_path,4,intent_directory,/Users/zilongzeng/Research/DroneControl/user_study_v4/Shujun/Movement/4.wav,Shujun/Movement/4.wav,unknown,0.99609375,0.0,0.0,0.99609375,"[-128, -128, 127]",False,,,,,,,,,,,,,0.03724999260157347,1.086207921616733,0.6181669887155294,1.7466249410063028
456,Shujun,movement,unavailable_in_sd_path,5,intent_directory,/Users/zilongzeng/Research/DroneControl/user_study_v4/Shujun/Movement/5.wav,Shujun/Movement/5.wav,unknown,0.99609375,0.0,0.0,0.99609375,"[-128, -128, 127]",False,,,,,,,,,,,,,0.03658398054540157,1.3081670040264726,0.6276250351220369,1.9782079616561532
457,Shujun,movement,unavailable_in_sd_path,6,intent_directory,/Users/zilongzeng/Research/DroneControl/user_study_v4/Shujun/Movement/6.wav,Shujun/Movement/6.wav,movement,0.953125,0.0,0.953125,0.046875,"[-128, 116, -116]",True,,,,,,,,,,,,,0.04129100125283003,1.1394999455660582,0.6416250253096223,1.8272920278832316
458,Shujun,movement,unavailable_in_sd_path,7,intent_directory,/Users/zilongzeng/Research/DroneControl/user_study_v4/Shujun/Movement/7.wav,Shujun/Movement/7.wav,movement,0.99609375,0.0,0.99609375,0.0,"[-128, 127, -128]",True,,,,,,,,,,,,,0.032125040888786316,1.07366603333503,0.6135000148788095,1.7244169721379876
459,Shujun,movement,unavailable_in_sd_path,8,intent_directory,/Users/zilongzeng/Research/DroneControl/user_study_v4/Shujun/Movement/8.wav,Shujun/Movement/8.wav,movement,0.99609375,0.0,0.99609375,0.0,"[-128, 127, -128]",True,,,,,,,,,,,,,0.03754091449081898,1.1347499676048756,0.6193750305101275,1.7966669984161854
460,Shujun,movement,unavailable_in_sd_path,9,intent_directory,/Users/zilongzeng/Research/DroneControl/user_study_v4/Shujun/Movement/9.wav,Shujun/Movement/9.wav,movement,0.9453125,0.0,0.9453125,0.0546875,"[-128, 114, -114]",True,,,,,,,,,,,,,0.03291608300060034,1.3986669946461916,0.6648750277236104,2.1063329186290503
461,Shujun,movement,unavailable_in_sd_path,10,intent_directory,/Users/zilongzeng/Research/DroneControl/user_study_v4/Shujun/Movement/10.wav,Shujun/Movement/10.wav,movement,0.99609375,0.0,0.99609375,0.0,"[-128, 127, -128]",True,,,,,,,,,,,,,0.116499955765903,1.32079201284796,0.6383329164236784,2.0817089825868607
462,Shujun,movement,unavailable_in_sd_path,11,intent_directory,/Users/zilongzeng/Research/DroneControl/user_study_v4/Shujun/Movement/11.wav,Shujun/Movement/11.wav,movement,0.99609375,0.0,0.99609375,0.0,"[-128, 127, -128]",True,,,,,,,,,,,,,0.048749963752925396,1.2007079785689712,0.6158329779282212,1.8701659282669425
463,Shujun,movement,unavailable_in_sd_path,12,intent_directory,/Users/zilongzeng/Research/DroneControl/user_study_v4/Shujun/Movement/12.wav,Shujun/Movement/12.wav,movement,0.99609375,0.0,0.99609375,0.0,"[-128, 127, -128]",True,,,,,,,,,,,,,0.03383401781320572,1.1446250136941671,0.6079170852899551,1.7909999005496502
464,Shujun,movement,unavailable_in_sd_path,13,intent_directory,/Users/zilongzeng/Research/DroneControl/user_study_v4/Shujun/Movement/13.wav,Shujun/Movement/13.wav,movement,0.984375,0.0,0.984375,0.015625,"[-128, 124, -124]",True,,,,,,,,,,,,,0.033208983950316906,1.2285419506952167,0.6517079891636968,1.9214580534026027
465,Shujun,movement,unavailable_in_sd_path,14,intent_directory,/Users/zilongzeng/Research/DroneControl/user_study_v4/Shujun/Movement/14.wav,Shujun/Movement/14.wav,movement,0.99609375,0.0,0.99609375,0.0,"[-128, 127, -128]",True,,,,,,,,,,,,,0.04879198968410492,1.2376669328659773,0.668833963572979,1.960707944817841
466,Shujun,movement,unavailable_in_sd_path,15,intent_directory,/Users/zilongzeng/Research/DroneControl/user_study_v4/Shujun/Movement/15.wav,Shujun/Movement/15.wav,movement,0.99609375,0.0,0.99609375,0.0,"[-128, 127, -128]",True,,,,,,,,,,,,,0.046999892219901085,1.1692499974742532,0.6239580688998103,1.8449999624863267
467,Shujun,movement,unavailable_in_sd_path,16,intent_directory,/Users/zilongzeng/Research/DroneControl/user_study_v4/Shujun/Movement/16.wav,Shujun/Movement/16.wav,movement,0.99609375,0.0,0.99609375,0.0,"[-128, 127, -128]",True,,,,,,,,,,,,,0.036792014725506306,1.1667079525068402,0.6069160299375653,1.815625000745058
468,Shujun,movement,unavailable_in_sd_path,17,intent_directory,/Users/zilongzeng/Research/DroneControl/user_study_v4/Shujun/Movement/17.wav,Shujun/Movement/17.wav,movement,0.99609375,0.0,0.99609375,0.0,"[-128, 127, -128]",True,,,,,,,,,,,,,0.038708909414708614,1.1237500002607703,0.6276250351220369,1.7948329914361238
469,Shujun,movement,unavailable_in_sd_path,18,intent_directory,/Users/zilongzeng/Research/DroneControl/user_study_v4/Shujun/Movement/18.wav,Shujun/Movement/18.wav,movement,0.99609375,0.0,0.99609375,0.0,"[-128, 127, -128]",True,,,,,,,,,,,,,0.032125040888786316,1.2832499342039227,0.6350829498842359,1.9601249368861318
470,Shujun,movement,unavailable_in_sd_path,19,intent_directory,/Users/zilongzeng/Research/DroneControl/user_study_v4/Shujun/Movement/19.wav,Shujun/Movement/19.wav,unknown,0.99609375,0.0,0.0,0.99609375,"[-128, -128, 127]",False,,,,,,,,,,,,,0.11433300096541643,1.5324170235544443,0.8399999933317304,2.5010829558596015
471,Shujun,movement,unavailable_in_sd_path,20,intent_directory,/Users/zilongzeng/Research/DroneControl/user_study_v4/Shujun/Movement/20.wav,Shujun/Movement/20.wav,movement,0.8203125,0.08984375,0.8203125,0.08984375,"[-105, 82, -105]",True,,,,,,,,,,,,,0.08549995254725218,1.8421249696984887,0.7512919837608933,2.690624911338091
472,Shujun,movement,unavailable_in_sd_path,21,intent_directory,/Users/zilongzeng/Research/DroneControl/user_study_v4/Shujun/Movement/21.wav,Shujun/Movement/21.wav,movement,0.99609375,0.0,0.99609375,0.0,"[-128, 127, -128]",True,,,,,,,,,,,,,0.1252919901162386,1.538083073683083,0.8329999400302768,2.5201250100508332
473,Shujun,movement,unavailable_in_sd_path,22,intent_directory,/Users/zilongzeng/Research/DroneControl/user_study_v4/Shujun/Movement/22.wav,Shujun/Movement/22.wav,movement,0.99609375,0.0,0.99609375,0.0,"[-128, 127, -128]",True,,,,,,,,,,,,,0.07162499241530895,1.3669580221176147,0.7369170198217034,2.1834999788552523
474,Shujun,movement,unavailable_in_sd_path,23,intent_directory,/Users/zilongzeng/Research/DroneControl/user_study_v4/Shujun/Movement/23.wav,Shujun/Movement/23.wav,movement,0.99609375,0.0,0.99609375,0.0,"[-128, 127, -128]",True,,,,,,,,,,,,,0.07291603833436966,1.529625034891069,0.6383329164236784,2.2520420607179403
475,Shujun,movement,unavailable_in_sd_path,24,intent_directory,/Users/zilongzeng/Research/DroneControl/user_study_v4/Shujun/Movement/24.wav,Shujun/Movement/24.wav,movement,0.99609375,0.0,0.99609375,0.0,"[-128, 127, -128]",True,,,,,,,,,,,,,0.09787501767277718,1.4343339717015624,0.7375830318778753,2.2778749698773026
476,Shujun,movement,unavailable_in_sd_path,25,intent_directory,/Users/zilongzeng/Research/DroneControl/user_study_v4/Shujun/Movement/25.wav,Shujun/Movement/25.wav,movement,0.99609375,0.0,0.99609375,0.0,"[-128, 127, -128]",True,,,,,,,,,,,,,0.0867500202730298,1.367625081911683,0.6334169302135706,2.09349999204278
477,Shujun,movement,unavailable_in_sd_path,26,intent_directory,/Users/zilongzeng/Research/DroneControl/user_study_v4/Shujun/Movement/26.wav,Shujun/Movement/26.wav,movement,0.99609375,0.0,0.99609375,0.0,"[-128, 127, -128]",True,,,,,,,,,,,,,0.04237494431436062,1.2578750029206276,0.630584079772234,1.9366249907761812
478,Shujun,movement,unavailable_in_sd_path,27,intent_directory,/Users/zilongzeng/Research/DroneControl/user_study_v4/Shujun/Movement/27.wav,Shujun/Movement/27.wav,movement,0.99609375,0.0,0.99609375,0.0,"[-128, 127, -128]",True,,,,,,,,,,,,,0.04141696263104677,1.4514171052724123,0.7857499876990914,2.292084041982889
479,Shujun,movement,unavailable_in_sd_path,28,intent_directory,/Users/zilongzeng/Research/DroneControl/user_study_v4/Shujun/Movement/28.wav,Shujun/Movement/28.wav,movement,0.99609375,0.0,0.99609375,0.0,"[-128, 127, -128]",True,,,,,,,,,,,,,0.0938749872148037,1.435832935385406,0.6249579600989819,2.161500044167042
480,Shujun,movement,unavailable_in_sd_path,29,intent_directory,/Users/zilongzeng/Research/DroneControl/user_study_v4/Shujun/Movement/29.wav,Shujun/Movement/29.wav,movement,0.99609375,0.0,0.99609375,0.0,"[-128, 127, -128]",True,,,,,,,,,,,,,0.05825003609061241,1.3569999719038606,0.6152089918032289,2.0368340192362666
481,Shujun,movement,unavailable_in_sd_path,30,intent_directory,/Users/zilongzeng/Research/DroneControl/user_study_v4/Shujun/Movement/30.wav,Shujun/Movement/30.wav,movement,0.99609375,0.0,0.99609375,0.0,"[-128, 127, -128]",True,,,,,,,,,,,,,0.05583302117884159,1.2811250053346157,0.6955419667065144,2.0408330019563437
482,Shujun,movement,unavailable_in_sd_path,31,intent_directory,/Users/zilongzeng/Research/DroneControl/user_study_v4/Shujun/Movement/31.wav,Shujun/Movement/31.wav,movement,0.99609375,0.0,0.99609375,0.0,"[-128, 127, -128]",True,,,,,,,,,,,,,0.05162495654076338,1.3381249736994505,0.7911670254543424,2.195082954131067
483,Shujun,movement,unavailable_in_sd_path,32,intent_directory,/Users/zilongzeng/Research/DroneControl/user_study_v4/Shujun/Movement/32.wav,Shujun/Movement/32.wav,emergency,0.99609375,0.99609375,0.0,0.0,"[127, -128, -128]",False,,,,,,,,,,,,,0.10308308992534876,1.3477500760927796,0.618249992839992,2.0749589893966913
484,Shujun,movement,unavailable_in_sd_path,33,intent_directory,/Users/zilongzeng/Research/DroneControl/user_study_v4/Shujun/Movement/33.wav,Shujun/Movement/33.wav,movement,0.99609375,0.0,0.99609375,0.0,"[-128, 127, -128]",True,,,,,,,,,,,,,0.047083012759685516,1.3849589740857482,0.6313750054687262,2.0690419478341937
485,Shujun,movement,unavailable_in_sd_path,34,intent_directory,/Users/zilongzeng/Research/DroneControl/user_study_v4/Shujun/Movement/34.wav,Shujun/Movement/34.wav,movement,0.99609375,0.0,0.99609375,0.0,"[-128, 127, -128]",True,,,,,,,,,,,,,0.04708394408226013,1.1422500247135758,0.6530409445986152,1.8477499252185225
486,Shujun,movement,unavailable_in_sd_path,35,intent_directory,/Users/zilongzeng/Research/DroneControl/user_study_v4/Shujun/Movement/35.wav,Shujun/Movement/35.wav,movement,0.99609375,0.0,0.99609375,0.0,"[-128, 127, -128]",True,,,,,,,,,,,,,0.037792022339999676,1.2880000285804272,0.7381669711321592,2.0751659758388996
487,Shujun,movement,unavailable_in_sd_path,36,intent_directory,/Users/zilongzeng/Research/DroneControl/user_study_v4/Shujun/Movement/36.wav,Shujun/Movement/36.wav,movement,0.99609375,0.0,0.99609375,0.0,"[-128, 127, -128]",True,,,,,,,,,,,,,0.10141695383936167,1.3349580112844706,0.6966249784454703,2.1387090673670173
488,Shujun,movement,unavailable_in_sd_path,37,intent_directory,/Users/zilongzeng/Research/DroneControl/user_study_v4/Shujun/Movement/37.wav,Shujun/Movement/37.wav,movement,0.99609375,0.0,0.99609375,0.0,"[-128, 127, -128]",True,,,,,,,,,,,,,0.04733400419354439,1.4073749771341681,0.6368329050019383,2.0998750114813447
489,Shujun,movement,unavailable_in_sd_path,38,intent_directory,/Users/zilongzeng/Research/DroneControl/user_study_v4/Shujun/Movement/38.wav,Shujun/Movement/38.wav,movement,0.99609375,0.0,0.99609375,0.0,"[-128, 127, -128]",True,,,,,,,,,,,,,0.06850005593150854,1.2486670166254044,0.6590420380234718,1.9827079959213734
490,Shujun,movement,unavailable_in_sd_path,39,intent_directory,/Users/zilongzeng/Research/DroneControl/user_study_v4/Shujun/Movement/39.wav,Shujun/Movement/39.wav,movement,0.99609375,0.0,0.99609375,0.0,"[-128, 127, -128]",True,,,,,,,,,,,,,0.051292008720338345,1.449582981877029,0.8551669307053089,2.365791006013751
491,Shujun,movement,unavailable_in_sd_path,40,intent_directory,/Users/zilongzeng/Research/DroneControl/user_study_v4/Shujun/Movement/40.wav,Shujun/Movement/40.wav,movement,0.99609375,0.0,0.99609375,0.0,"[-128, 127, -128]",True,,,,,,,,,,,,,0.07850001566112041,1.3109160354360938,0.633041956461966,2.028082963079214
492,Shujun,movement,unavailable_in_sd_path,41,intent_directory,/Users/zilongzeng/Research/DroneControl/user_study_v4/Shujun/Movement/41.wav,Shujun/Movement/41.wav,unknown,0.96484375,0.015625,0.01953125,0.96484375,"[-124, -123, 119]",False,,,,,,,,,,,,,0.051458016969263554,1.355457934550941,0.6880000000819564,2.101917052641511
493,Shujun,movement,unavailable_in_sd_path,42,intent_directory,/Users/zilongzeng/Research/DroneControl/user_study_v4/Shujun/Movement/42.wav,Shujun/Movement/42.wav,movement,0.76953125,0.0,0.76953125,0.23046875,"[-128, 69, -69]",True,,,,,,,,,,,,,0.05316699389368296,1.2379580875858665,0.6293330807238817,1.9287079339846969
494,Shujun,movement,unavailable_in_sd_path,43,intent_directory,/Users/zilongzeng/Research/DroneControl/user_study_v4/Shujun/Movement/43.wav,Shujun/Movement/43.wav,movement,0.99609375,0.0,0.99609375,0.0,"[-128, 127, -128]",True,,,,,,,,,,,,,0.05695805884897709,1.2888329802080989,0.7961670635268092,2.1569160744547844
495,Shujun,movement,unavailable_in_sd_path,44,intent_directory,/Users/zilongzeng/Research/DroneControl/user_study_v4/Shujun/Movement/44.wav,Shujun/Movement/44.wav,movement,0.99609375,0.0,0.99609375,0.0,"[-128, 127, -128]",True,,,,,,,,,,,,,0.10045897215604782,1.4091669581830502,0.7330420194193721,2.252416918054223
496,Shujun,movement,unavailable_in_sd_path,45,intent_directory,/Users/zilongzeng/Research/DroneControl/user_study_v4/Shujun/Movement/45.wav,Shujun/Movement/45.wav,movement,0.99609375,0.0,0.99609375,0.0,"[-128, 127, -128]",True,,,,,,,,,,,,,0.060125021263957024,1.1492500780150294,0.6189170526340604,1.8333750776946545
497,Shujun,movement,unavailable_in_sd_path,46,intent_directory,/Users/zilongzeng/Research/DroneControl/user_study_v4/Shujun/Movement/46.wav,Shujun/Movement/46.wav,movement,0.99609375,0.0,0.99609375,0.0,"[-128, 127, -128]",True,,,,,,,,,,,,,0.03683299291878939,1.0786670027300715,0.6158750038594007,1.736292033456266
498,Shujun,movement,unavailable_in_sd_path,47,intent_directory,/Users/zilongzeng/Research/DroneControl/user_study_v4/Shujun/Movement/47.wav,Shujun/Movement/47.wav,movement,0.99609375,0.0,0.99609375,0.0,"[-128, 127, -128]",True,,,,,,,,,,,,,0.03245798870921135,1.1963750002905726,0.685916980728507,1.9224999705329537
499,Shujun,movement,unavailable_in_sd_path,48,intent_directory,/Users/zilongzeng/Research/DroneControl/user_study_v4/Shujun/Movement/48.wav,Shujun/Movement/48.wav,movement,0.99609375,0.0,0.99609375,0.0,"[-128, 127, -128]",True,,,,,,,,,,,,,0.050875009037554264,1.1328330729156733,0.7206670707091689,1.9096250180155039
500,Shujun,movement,unavailable_in_sd_path,49,intent_directory,/Users/zilongzeng/Research/DroneControl/user_study_v4/Shujun/Movement/49.wav,Shujun/Movement/49.wav,unknown,0.99609375,0.0,0.0,0.99609375,"[-128, -128, 127]",False,,,,,,,,,,,,,0.04862493369728327,1.344667049124837,0.6748329615220428,2.0742079941555858
501,Shujun,unknown,unavailable_in_sd_path,0,intent_directory,/Users/zilongzeng/Research/DroneControl/user_study_v4/Shujun/Unknown/0.wav,Shujun/Unknown/0.wav,unknown,0.99609375,0.0,0.0,0.99609375,"[-128, -128, 127]",True,,,,,,,,,,,,,0.05058303941041231,1.2373339850455523,0.6187499966472387,1.9127079285681248
502,Shujun,unknown,unavailable_in_sd_path,1,intent_directory,/Users/zilongzeng/Research/DroneControl/user_study_v4/Shujun/Unknown/1.wav,Shujun/Unknown/1.wav,unknown,0.99609375,0.0,0.0,0.99609375,"[-128, -128, 127]",True,,,,,,,,,,,,,0.0462500611320138,1.2468750355765224,0.6875830003991723,1.9866670481860638
503,Shujun,unknown,unavailable_in_sd_path,2,intent_directory,/Users/zilongzeng/Research/DroneControl/user_study_v4/Shujun/Unknown/2.wav,Shujun/Unknown/2.wav,unknown,0.99609375,0.0,0.0,0.99609375,"[-128, -128, 127]",True,,,,,,,,,,,,,0.04658300895243883,1.2507910141721368,0.7425840012729168,2.05091608222574
504,Shujun,unknown,unavailable_in_sd_path,3,intent_directory,/Users/zilongzeng/Research/DroneControl/user_study_v4/Shujun/Unknown/3.wav,Shujun/Unknown/3.wav,unknown,0.99609375,0.0,0.0,0.99609375,"[-128, -128, 127]",True,,,,,,,,,,,,,0.06500002928078175,1.339874928817153,0.618249992839992,2.029583090916276
505,Shujun,unknown,unavailable_in_sd_path,4,intent_directory,/Users/zilongzeng/Research/DroneControl/user_study_v4/Shujun/Unknown/4.wav,Shujun/Unknown/4.wav,movement,0.99609375,0.0,0.99609375,0.0,"[-128, 127, -128]",False,,,,,,,,,,,,,0.04695798270404339,1.2634159065783024,0.6256250198930502,1.9431670662015676
506,Shujun,unknown,unavailable_in_sd_path,5,intent_directory,/Users/zilongzeng/Research/DroneControl/user_study_v4/Shujun/Unknown/5.wav,Shujun/Unknown/5.wav,emergency,0.94140625,0.94140625,0.0,0.0546875,"[113, -128, -114]",False,,,,,,,,,,,,,0.05712499842047691,1.2927920324727893,0.7015420123934746,2.0597499096766114
507,Shujun,unknown,unavailable_in_sd_path,6,intent_directory,/Users/zilongzeng/Research/DroneControl/user_study_v4/Shujun/Unknown/6.wav,Shujun/Unknown/6.wav,unknown,0.99609375,0.0,0.0,0.99609375,"[-128, -128, 127]",True,,,,,,,,,,,,,0.05079095717519522,1.2640829663723707,0.7742500165477395,2.0970000186935067
508,Shujun,unknown,unavailable_in_sd_path,7,intent_directory,/Users/zilongzeng/Research/DroneControl/user_study_v4/Shujun/Unknown/7.wav,Shujun/Unknown/7.wav,unknown,0.99609375,0.0,0.0,0.99609375,"[-128, -128, 127]",True,,,,,,,,,,,,,0.07058295886963606,1.239374978467822,0.8026669966056943,2.1218330366536975
509,Shujun,unknown,unavailable_in_sd_path,8,intent_directory,/Users/zilongzeng/Research/DroneControl/user_study_v4/Shujun/Unknown/8.wav,Shujun/Unknown/8.wav,unknown,0.99609375,0.0,0.0,0.99609375,"[-128, -128, 127]",True,,,,,,,,,,,,,0.051749986596405506,1.2594590662047267,0.6168750114738941,1.9333340460434556
510,Shujun,unknown,unavailable_in_sd_path,9,intent_directory,/Users/zilongzeng/Research/DroneControl/user_study_v4/Shujun/Unknown/9.wav,Shujun/Unknown/9.wav,unknown,0.99609375,0.0,0.0,0.99609375,"[-128, -128, 127]",True,,,,,,,,,,,,,0.03904104232788086,1.27670809160918,0.7312920643016696,2.0554999355226755
511,Shujun,unknown,unavailable_in_sd_path,10,intent_directory,/Users/zilongzeng/Research/DroneControl/user_study_v4/Shujun/Unknown/10.wav,Shujun/Unknown/10.wav,unknown,0.99609375,0.0,0.0,0.99609375,"[-128, -128, 127]",True,,,,,,,,,,,,,0.07375003769993782,1.4665829949080944,0.7177499355748296,2.264416078105569
512,Shujun,unknown,unavailable_in_sd_path,11,intent_directory,/Users/zilongzeng/Research/DroneControl/user_study_v4/Shujun/Unknown/11.wav,Shujun/Unknown/11.wav,unknown,0.99609375,0.0,0.0,0.99609375,"[-128, -128, 127]",True,,,,,,,,,,,,,0.04724995233118534,1.2052920646965504,0.6709999870508909,1.9317499827593565
513,Shujun,unknown,unavailable_in_sd_path,12,intent_directory,/Users/zilongzeng/Research/DroneControl/user_study_v4/Shujun/Unknown/12.wav,Shujun/Unknown/12.wav,unknown,0.9921875,0.0,0.0078125,0.9921875,"[-128, -126, 126]",True,,,,,,,,,,,,,0.045874970965087414,1.1792500736191869,0.6340419640764594,1.865625032223761
514,Shujun,unknown,unavailable_in_sd_path,13,intent_directory,/Users/zilongzeng/Research/DroneControl/user_study_v4/Shujun/Unknown/13.wav,Shujun/Unknown/13.wav,unknown,0.99609375,0.0,0.0,0.99609375,"[-128, -128, 127]",True,,,,,,,,,,,,,0.051541952416300774,1.1787499533966184,0.7343749748542905,1.9710410851985216
515,Shujun,unknown,unavailable_in_sd_path,14,intent_directory,/Users/zilongzeng/Research/DroneControl/user_study_v4/Shujun/Unknown/14.wav,Shujun/Unknown/14.wav,movement,0.9921875,0.0,0.9921875,0.0078125,"[-128, 126, -126]",False,,,,,,,,,,,,,0.04520791117101908,1.3073330046609044,0.6404169835150242,1.9994169706478715
516,Shujun,unknown,unavailable_in_sd_path,15,intent_directory,/Users/zilongzeng/Research/DroneControl/user_study_v4/Shujun/Unknown/15.wav,Shujun/Unknown/15.wav,unknown,0.76171875,0.01171875,0.2265625,0.76171875,"[-125, -70, 67]",True,,,,,,,,,,,,,0.05183299072086811,1.181208062916994,0.622207997366786,1.860917080193758
517,Shujun,unknown,unavailable_in_sd_path,16,intent_directory,/Users/zilongzeng/Research/DroneControl/user_study_v4/Shujun/Unknown/16.wav,Shujun/Unknown/16.wav,unknown,0.73046875,0.0,0.265625,0.73046875,"[-128, -60, 59]",True,,,,,,,,,,,,,0.037291087210178375,1.1788749834522605,0.636667013168335,1.8592500127851963
518,Shujun,unknown,unavailable_in_sd_path,17,intent_directory,/Users/zilongzeng/Research/DroneControl/user_study_v4/Shujun/Unknown/17.wav,Shujun/Unknown/17.wav,unknown,0.99609375,0.0,0.0,0.99609375,"[-128, -128, 127]",True,,,,,,,,,,,,,0.054040923714637756,1.211166032589972,0.6577500607818365,1.9294170197099447
519,Shujun,unknown,unavailable_in_sd_path,18,intent_directory,/Users/zilongzeng/Research/DroneControl/user_study_v4/Shujun/Unknown/18.wav,Shujun/Unknown/18.wav,movement,0.9609375,0.01953125,0.9609375,0.015625,"[-123, 118, -124]",False,,,,,,,,,,,,,0.04216597881168127,1.3490839628502727,0.687458086758852,2.086083055473864
520,Shujun,unknown,unavailable_in_sd_path,19,intent_directory,/Users/zilongzeng/Research/DroneControl/user_study_v4/Shujun/Unknown/19.wav,Shujun/Unknown/19.wav,unknown,0.859375,0.0,0.140625,0.859375,"[-128, -92, 92]",True,,,,,,,,,,,,,0.07258309051394463,1.2679999927058816,0.662083039060235,2.0088329911231995
521,Shujun,unknown,unavailable_in_sd_path,20,intent_directory,/Users/zilongzeng/Research/DroneControl/user_study_v4/Shujun/Unknown/20.wav,Shujun/Unknown/20.wav,unknown,0.99609375,0.0,0.0,0.99609375,"[-128, -128, 127]",True,,,,,,,,,,,,,0.07650000043213367,1.3511660508811474,0.6640419596806169,2.0970829064026475
522,Shujun,unknown,unavailable_in_sd_path,21,intent_directory,/Users/zilongzeng/Research/DroneControl/user_study_v4/Shujun/Unknown/21.wav,Shujun/Unknown/21.wav,unknown,0.99609375,0.0,0.0,0.99609375,"[-128, -128, 127]",True,,,,,,,,,,,,,0.04595902282744646,1.124334055930376,0.6587080424651504,1.8350420286878943
523,Shujun,unknown,unavailable_in_sd_path,22,intent_directory,/Users/zilongzeng/Research/DroneControl/user_study_v4/Shujun/Unknown/22.wav,Shujun/Unknown/22.wav,unknown,0.99609375,0.0,0.0,0.99609375,"[-128, -128, 127]",True,,,,,,,,,,,,,0.038707978092134,1.2553749838843942,0.6435000104829669,1.943332958035171
524,Shujun,unknown,unavailable_in_sd_path,23,intent_directory,/Users/zilongzeng/Research/DroneControl/user_study_v4/Shujun/Unknown/23.wav,Shujun/Unknown/23.wav,movement,0.99609375,0.0,0.99609375,0.0,"[-128, 127, -128]",False,,,,,,,,,,,,,0.04783296026289463,1.202374929562211,0.6997919408604503,1.9566670525819063
525,Shujun,unknown,unavailable_in_sd_path,24,intent_directory,/Users/zilongzeng/Research/DroneControl/user_study_v4/Shujun/Unknown/24.wav,Shujun/Unknown/24.wav,unknown,0.99609375,0.0,0.0,0.99609375,"[-128, -128, 127]",True,,,,,,,,,,,,,0.07104105316102505,1.5851249918341637,0.7710830541327596,2.435249974951148
526,Shujun,unknown,unavailable_in_sd_path,25,intent_directory,/Users/zilongzeng/Research/DroneControl/user_study_v4/Shujun/Unknown/25.wav,Shujun/Unknown/25.wav,unknown,0.99609375,0.0,0.0,0.99609375,"[-128, -128, 127]",True,,,,,,,,,,,,,0.08412508759647608,1.271208981052041,0.6891669472679496,2.051291987299919
527,Shujun,unknown,unavailable_in_sd_path,26,intent_directory,/Users/zilongzeng/Research/DroneControl/user_study_v4/Shujun/Unknown/26.wav,Shujun/Unknown/26.wav,unknown,0.99609375,0.0,0.0,0.99609375,"[-128, -128, 127]",True,,,,,,,,,,,,,0.06562494672834873,1.3898329343646765,0.628416077233851,2.0920829847455025
528,Shujun,unknown,unavailable_in_sd_path,27,intent_directory,/Users/zilongzeng/Research/DroneControl/user_study_v4/Shujun/Unknown/27.wav,Shujun/Unknown/27.wav,unknown,0.59765625,0.40234375,0.0,0.59765625,"[-25, -128, 25]",True,,,,,,,,,,,,,0.05200004670768976,1.2901669833809137,0.6797090172767639,2.0296250004321337
529,Shujun,unknown,unavailable_in_sd_path,28,intent_directory,/Users/zilongzeng/Research/DroneControl/user_study_v4/Shujun/Unknown/28.wav,Shujun/Unknown/28.wav,emergency,0.484375,0.484375,0.1171875,0.3984375,"[-4, -98, -26]",False,,,,,,,,,,,,,0.07099995855242014,1.3579169753938913,0.6226249970495701,2.058250014670193
530,Shujun,unknown,unavailable_in_sd_path,29,intent_directory,/Users/zilongzeng/Research/DroneControl/user_study_v4/Shujun/Unknown/29.wav,Shujun/Unknown/29.wav,unknown,0.99609375,0.0,0.0,0.99609375,"[-128, -128, 127]",True,,,,,,,,,,,,,0.04708394408226013,1.1483329581096768,0.6287499563768506,1.8299580551683903
531,Shujun,unknown,unavailable_in_sd_path,30,intent_directory,/Users/zilongzeng/Research/DroneControl/user_study_v4/Shujun/Unknown/30.wav,Shujun/Unknown/30.wav,unknown,0.99609375,0.0,0.0,0.99609375,"[-128, -128, 127]",True,,,,,,,,,,,,,0.03516697324812412,1.1317910393700004,0.6811668863520026,1.8574580317363143
532,Shujun,unknown,unavailable_in_sd_path,31,intent_directory,/Users/zilongzeng/Research/DroneControl/user_study_v4/Shujun/Unknown/31.wav,Shujun/Unknown/31.wav,unknown,0.99609375,0.0,0.0,0.99609375,"[-128, -128, 127]",True,,,,,,,,,,,,,0.08945795707404613,1.2466659536585212,0.6862920708954334,2.0279999589547515
533,Shujun,unknown,unavailable_in_sd_path,32,intent_directory,/Users/zilongzeng/Research/DroneControl/user_study_v4/Shujun/Unknown/32.wav,Shujun/Unknown/32.wav,unknown,0.99609375,0.0,0.0,0.99609375,"[-128, -128, 127]",True,,,,,,,,,,,,,0.0499580055475235,1.3404999626800418,0.6778329843655229,2.073375042527914
534,Shujun,unknown,unavailable_in_sd_path,33,intent_directory,/Users/zilongzeng/Research/DroneControl/user_study_v4/Shujun/Unknown/33.wav,Shujun/Unknown/33.wav,unknown,0.99609375,0.0,0.0,0.99609375,"[-128, -128, 127]",True,,,,,,,,,,,,,0.03925000783056021,1.0654580546543002,0.6277080392464995,1.7374169547110796
535,Shujun,unknown,unavailable_in_sd_path,34,intent_directory,/Users/zilongzeng/Research/DroneControl/user_study_v4/Shujun/Unknown/34.wav,Shujun/Unknown/34.wav,unknown,0.99609375,0.0,0.0,0.99609375,"[-128, -128, 127]",True,,,,,,,,,,,,,0.03358407411724329,1.1780000058934093,0.651082955300808,1.86991598457098
536,Shujun,unknown,unavailable_in_sd_path,35,intent_directory,/Users/zilongzeng/Research/DroneControl/user_study_v4/Shujun/Unknown/35.wav,Shujun/Unknown/35.wav,unknown,0.99609375,0.0,0.0,0.99609375,"[-128, -128, 127]",True,,,,,,,,,,,,,0.05937507376074791,1.247999956831336,0.6849579513072968,1.9986249972134829
537,Shujun,unknown,unavailable_in_sd_path,36,intent_directory,/Users/zilongzeng/Research/DroneControl/user_study_v4/Shujun/Unknown/36.wav,Shujun/Unknown/36.wav,unknown,0.99609375,0.0,0.0,0.99609375,"[-128, -128, 127]",True,,,,,,,,,,,,,0.03970798570662737,1.1596250114962459,0.7809590315446258,1.999500091187656
538,Shujun,unknown,unavailable_in_sd_path,37,intent_directory,/Users/zilongzeng/Research/DroneControl/user_study_v4/Shujun/Unknown/37.wav,Shujun/Unknown/37.wav,unknown,0.99609375,0.0,0.0,0.99609375,"[-128, -128, 127]",True,,,,,,,,,,,,,0.051332986913621426,1.222957973368466,0.6085829809308052,1.8882079748436809
539,Shujun,unknown,unavailable_in_sd_path,38,intent_directory,/Users/zilongzeng/Research/DroneControl/user_study_v4/Shujun/Unknown/38.wav,Shujun/Unknown/38.wav,unknown,0.99609375,0.0,0.0,0.99609375,"[-128, -128, 127]",True,,,,,,,,,,,,,0.038416008464992046,1.1586250038817525,0.6194169400259852,1.82395800948143
540,Shujun,unknown,unavailable_in_sd_path,39,intent_directory,/Users/zilongzeng/Research/DroneControl/user_study_v4/Shujun/Unknown/39.wav,Shujun/Unknown/39.wav,emergency,0.99609375,0.99609375,0.0,0.0,"[127, -128, -128]",False,,,,,,,,,,,,,0.04808406811207533,1.2031670194119215,0.7356250425800681,1.999499974772334
541,Shujun,unknown,unavailable_in_sd_path,40,intent_directory,/Users/zilongzeng/Research/DroneControl/user_study_v4/Shujun/Unknown/40.wav,Shujun/Unknown/40.wav,unknown,0.99609375,0.0,0.0,0.99609375,"[-128, -128, 127]",True,,,,,,,,,,,,,0.0718339579179883,1.4780000783503056,0.6134159630164504,2.169208019040525
542,Shujun,unknown,unavailable_in_sd_path,41,intent_directory,/Users/zilongzeng/Research/DroneControl/user_study_v4/Shujun/Unknown/41.wav,Shujun/Unknown/41.wav,unknown,0.99609375,0.0,0.0,0.99609375,"[-128, -128, 127]",True,,,,,,,,,,,,,0.03904104232788086,1.252374961040914,0.7085829274728894,2.010916010476649
543,Shujun,unknown,unavailable_in_sd_path,42,intent_directory,/Users/zilongzeng/Research/DroneControl/user_study_v4/Shujun/Unknown/42.wav,Shujun/Unknown/42.wav,unknown,0.99609375,0.0,0.0,0.99609375,"[-128, -128, 127]",True,,,,,,,,,,,,,0.08537503890693188,1.3913750881329179,0.8393330499529839,2.325583016499877
544,Shujun,unknown,unavailable_in_sd_path,43,intent_directory,/Users/zilongzeng/Research/DroneControl/user_study_v4/Shujun/Unknown/43.wav,Shujun/Unknown/43.wav,unknown,0.99609375,0.0,0.0,0.99609375,"[-128, -128, 127]",True,,,,,,,,,,,,,0.07679103873670101,1.4046659925952554,0.7019999902695417,2.195082954131067
545,Shujun,unknown,unavailable_in_sd_path,44,intent_directory,/Users/zilongzeng/Research/DroneControl/user_study_v4/Shujun/Unknown/44.wav,Shujun/Unknown/44.wav,unknown,0.99609375,0.0,0.0,0.99609375,"[-128, -128, 127]",True,,,,,,,,,,,,,0.06266694981604815,1.5105829806998372,0.6948750233277678,2.2786660119891167
546,Shujun,unknown,unavailable_in_sd_path,45,intent_directory,/Users/zilongzeng/Research/DroneControl/user_study_v4/Shujun/Unknown/45.wav,Shujun/Unknown/45.wav,unknown,0.99609375,0.0,0.0,0.99609375,"[-128, -128, 127]",True,,,,,,,,,,,,,0.07458298932760954,1.2546669458970428,0.6559999892488122,1.994792022742331
547,Shujun,unknown,unavailable_in_sd_path,46,intent_directory,/Users/zilongzeng/Research/DroneControl/user_study_v4/Shujun/Unknown/46.wav,Shujun/Unknown/46.wav,unknown,0.9921875,0.00390625,0.00390625,0.9921875,"[-127, -127, 126]",True,,,,,,,,,,,,,0.10375003330409527,1.5487499767914414,0.7244170410558581,2.38845800049603
548,Shujun,unknown,unavailable_in_sd_path,47,intent_directory,/Users/zilongzeng/Research/DroneControl/user_study_v4/Shujun/Unknown/47.wav,Shujun/Unknown/47.wav,unknown,0.99609375,0.0,0.0,0.99609375,"[-128, -128, 127]",True,,,,,,,,,,,,,0.0903749605640769,1.6452920390293002,1.1239589657634497,2.8728749603033066
549,Shujun,unknown,unavailable_in_sd_path,48,intent_directory,/Users/zilongzeng/Research/DroneControl/user_study_v4/Shujun/Unknown/48.wav,Shujun/Unknown/48.wav,unknown,0.99609375,0.0,0.0,0.99609375,"[-128, -128, 127]",True,,,,,,,,,,,,,0.0902500469237566,1.7311660340055823,0.7879580371081829,2.6214169338345528
550,Shujun,unknown,unavailable_in_sd_path,49,intent_directory,/Users/zilongzeng/Research/DroneControl/user_study_v4/Shujun/Unknown/49.wav,Shujun/Unknown/49.wav,unknown,0.99609375,0.0,0.0,0.99609375,"[-128, -128, 127]",True,,,,,,,,,,,,,0.07312500383704901,2.591833006590605,0.7509589195251465,3.4290419425815344
551,Weiqian,emergency,unavailable_in_sd_path,0,intent_directory,/Users/zilongzeng/Research/DroneControl/user_study_v4/Weiqian/Emergency/0.wav,Weiqian/Emergency/0.wav,unknown,0.9296875,0.0,0.06640625,0.9296875,"[-128, -111, 110]",False,,,,,,,,,,,,,0.8338328916579485,2.589832991361618,0.8185000624507666,4.258165950886905
552,Weiqian,emergency,unavailable_in_sd_path,1,intent_directory,/Users/zilongzeng/Research/DroneControl/user_study_v4/Weiqian/Emergency/1.wav,Weiqian/Emergency/1.wav,emergency,0.99609375,0.99609375,0.0,0.0,"[127, -128, -128]",True,,,,,,,,,,,,,0.10108295828104019,3.675500047393143,0.7869999390095472,4.577583982609212
553,Weiqian,emergency,unavailable_in_sd_path,2,intent_directory,/Users/zilongzeng/Research/DroneControl/user_study_v4/Weiqian/Emergency/2.wav,Weiqian/Emergency/2.wav,emergency,0.99609375,0.99609375,0.0,0.0,"[127, -128, -128]",True,,,,,,,,,,,,,0.10366702917963266,2.7967089554294944,1.0389159433543682,3.957333043217659
554,Weiqian,emergency,unavailable_in_sd_path,3,intent_directory,/Users/zilongzeng/Research/DroneControl/user_study_v4/Weiqian/Emergency/3.wav,Weiqian/Emergency/3.wav,emergency,0.99609375,0.99609375,0.0,0.0,"[127, -128, -128]",True,,,,,,,,,,,,,0.11304195504635572,1.6721250722184777,0.6714590126648545,2.464166027493775
555,Weiqian,emergency,unavailable_in_sd_path,4,intent_directory,/Users/zilongzeng/Research/DroneControl/user_study_v4/Weiqian/Emergency/4.wav,Weiqian/Emergency/4.wav,emergency,0.98828125,0.98828125,0.01171875,0.0,"[125, -125, -128]",True,,,,,,,,,,,,,0.06687501445412636,1.3374579139053822,0.6981670157983899,2.1132919937372208
556,Weiqian,emergency,unavailable_in_sd_path,5,intent_directory,/Users/zilongzeng/Research/DroneControl/user_study_v4/Weiqian/Emergency/5.wav,Weiqian/Emergency/5.wav,emergency,0.99609375,0.99609375,0.0,0.0,"[127, -128, -128]",True,,,,,,,,,,,,,0.08279201574623585,1.5666249673813581,0.7842089980840683,2.448583021759987
557,Weiqian,emergency,unavailable_in_sd_path,6,intent_directory,/Users/zilongzeng/Research/DroneControl/user_study_v4/Weiqian/Emergency/6.wav,Weiqian/Emergency/6.wav,emergency,0.99609375,0.99609375,0.0,0.0,"[127, -128, -128]",True,,,,,,,,,,,,,0.10333303362131119,1.6160410596057773,0.7807080401107669,2.5140419602394104
558,Weiqian,emergency,unavailable_in_sd_path,7,intent_directory,/Users/zilongzeng/Research/DroneControl/user_study_v4/Weiqian/Emergency/7.wav,Weiqian/Emergency/7.wav,movement,0.96875,0.03125,0.96875,0.0,"[-120, 120, -128]",False,,,,,,,,,,,,,0.09887490887194872,1.5908750938251615,0.6681249942630529,2.367959008552134
559,Weiqian,emergency,unavailable_in_sd_path,8,intent_directory,/Users/zilongzeng/Research/DroneControl/user_study_v4/Weiqian/Emergency/8.wav,Weiqian/Emergency/8.wav,unknown,0.98828125,0.0,0.01171875,0.98828125,"[-128, -125, 125]",False,,,,,,,,,,,,,0.10329100769013166,1.348000019788742,0.7197080412879586,2.185707911849022
560,Weiqian,emergency,unavailable_in_sd_path,9,intent_directory,/Users/zilongzeng/Research/DroneControl/user_study_v4/Weiqian/Emergency/9.wav,Weiqian/Emergency/9.wav,unknown,0.9765625,0.01953125,0.0,0.9765625,"[-123, -128, 122]",False,,,,,,,,,,,,,0.09308289736509323,1.425374997779727,0.6600830238312483,2.1854579681530595
561,Weiqian,emergency,unavailable_in_sd_path,10,intent_directory,/Users/zilongzeng/Research/DroneControl/user_study_v4/Weiqian/Emergency/10.wav,Weiqian/Emergency/10.wav,emergency,0.73046875,0.73046875,0.265625,0.0,"[59, -60, -128]",True,,,,,,,,,,,,,0.05579204298555851,1.2200420023873448,0.6677499040961266,1.9581670640036464
562,Weiqian,emergency,unavailable_in_sd_path,11,intent_directory,/Users/zilongzeng/Research/DroneControl/user_study_v4/Weiqian/Emergency/11.wav,Weiqian/Emergency/11.wav,unknown,0.8046875,0.10546875,0.0859375,0.8046875,"[-101, -106, 78]",False,,,,,,,,,,,,,0.07208401802927256,1.3520829379558563,0.6826670141890645,2.1159170428290963
563,Weiqian,emergency,unavailable_in_sd_path,12,intent_directory,/Users/zilongzeng/Research/DroneControl/user_study_v4/Weiqian/Emergency/12.wav,Weiqian/Emergency/12.wav,movement,0.9921875,0.0078125,0.9921875,0.0,"[-126, 126, -128]",False,,,,,,,,,,,,,0.05579099524766207,1.236499985679984,0.7838750025257468,2.0879999501630664
564,Weiqian,emergency,unavailable_in_sd_path,13,intent_directory,/Users/zilongzeng/Research/DroneControl/user_study_v4/Weiqian/Emergency/13.wav,Weiqian/Emergency/13.wav,emergency,0.83984375,0.83984375,0.11328125,0.05078125,"[87, -99, -115]",True,,,,,,,,,,,,,0.09491597302258015,1.276457915082574,0.6391250062733889,2.0183330634608865
565,Weiqian,emergency,unavailable_in_sd_path,14,intent_directory,/Users/zilongzeng/Research/DroneControl/user_study_v4/Weiqian/Emergency/14.wav,Weiqian/Emergency/14.wav,emergency,0.99609375,0.99609375,0.0,0.0,"[127, -128, -128]",True,,,,,,,,,,,,,0.06558303721249104,1.5127919614315033,0.7528329733759165,2.344916108995676
566,Weiqian,emergency,unavailable_in_sd_path,15,intent_directory,/Users/zilongzeng/Research/DroneControl/user_study_v4/Weiqian/Emergency/15.wav,Weiqian/Emergency/15.wav,emergency,0.99609375,0.99609375,0.0,0.0,"[127, -128, -128]",True,,,,,,,,,,,,,0.07845903746783733,1.4672089600935578,0.7532500894740224,2.3075409699231386
567,Weiqian,emergency,unavailable_in_sd_path,16,intent_directory,/Users/zilongzeng/Research/DroneControl/user_study_v4/Weiqian/Emergency/16.wav,Weiqian/Emergency/16.wav,emergency,0.99609375,0.99609375,0.0,0.0,"[127, -128, -128]",True,,,,,,,,,,,,,0.06237498018890619,1.4622919261455536,0.665250001475215,2.1987908985465765
568,Weiqian,emergency,unavailable_in_sd_path,17,intent_directory,/Users/zilongzeng/Research/DroneControl/user_study_v4/Weiqian/Emergency/17.wav,Weiqian/Emergency/17.wav,emergency,0.99609375,0.99609375,0.0,0.0,"[127, -128, -128]",True,,,,,,,,,,,,,0.06804103031754494,1.3084999518468976,0.6462079472839832,2.0322920754551888
569,Weiqian,emergency,unavailable_in_sd_path,18,intent_directory,/Users/zilongzeng/Research/DroneControl/user_study_v4/Weiqian/Emergency/18.wav,Weiqian/Emergency/18.wav,emergency,0.99609375,0.99609375,0.0,0.0,"[127, -128, -128]",True,,,,,,,,,,,,,0.05845900159329176,1.3603749684989452,0.765874981880188,2.196915913373232
570,Weiqian,emergency,unavailable_in_sd_path,19,intent_directory,/Users/zilongzeng/Research/DroneControl/user_study_v4/Weiqian/Emergency/19.wav,Weiqian/Emergency/19.wav,emergency,0.99609375,0.99609375,0.0,0.0,"[127, -128, -128]",True,,,,,,,,,,,,,0.06966700311750174,1.2513749534264207,0.6331249605864286,1.9620000384747982
571,Weiqian,emergency,unavailable_in_sd_path,20,intent_directory,/Users/zilongzeng/Research/DroneControl/user_study_v4/Weiqian/Emergency/20.wav,Weiqian/Emergency/20.wav,emergency,0.99609375,0.99609375,0.0,0.0,"[127, -128, -128]",True,,,,,,,,,,,,,0.07424992509186268,1.2864579912275076,0.7317500421777368,2.099832985550165
572,Weiqian,emergency,unavailable_in_sd_path,21,intent_directory,/Users/zilongzeng/Research/DroneControl/user_study_v4/Weiqian/Emergency/21.wav,Weiqian/Emergency/21.wav,emergency,0.99609375,0.99609375,0.0,0.0,"[127, -128, -128]",True,,,,,,,,,,,,,0.06137497257441282,1.1592089431360364,0.6819170666858554,1.9084590021520853
573,Weiqian,emergency,unavailable_in_sd_path,22,intent_directory,/Users/zilongzeng/Research/DroneControl/user_study_v4/Weiqian/Emergency/22.wav,Weiqian/Emergency/22.wav,emergency,0.99609375,0.99609375,0.0,0.0,"[127, -128, -128]",True,,,,,,,,,,,,,0.049291993491351604,1.3163330731913447,0.7145830895751715,2.0929999882355332
574,Weiqian,emergency,unavailable_in_sd_path,23,intent_directory,/Users/zilongzeng/Research/DroneControl/user_study_v4/Weiqian/Emergency/23.wav,Weiqian/Emergency/23.wav,movement,0.97265625,0.0078125,0.97265625,0.015625,"[-126, 121, -124]",False,,,,,,,,,,,,,0.05929102189838886,1.3280418934300542,0.6712080212309957,2.066874993033707
575,Weiqian,emergency,unavailable_in_sd_path,24,intent_directory,/Users/zilongzeng/Research/DroneControl/user_study_v4/Weiqian/Emergency/24.wav,Weiqian/Emergency/24.wav,emergency,0.99609375,0.99609375,0.0,0.0,"[127, -128, -128]",True,,,,,,,,,,,,,0.08583301678299904,1.32379203569144,0.6234589964151382,2.0395000465214252
576,Weiqian,emergency,unavailable_in_sd_path,25,intent_directory,/Users/zilongzeng/Research/DroneControl/user_study_v4/Weiqian/Emergency/25.wav,Weiqian/Emergency/25.wav,emergency,0.99609375,0.99609375,0.0,0.0,"[127, -128, -128]",True,,,,,,,,,,,,,0.049208058044314384,1.1536659440025687,0.6214579334482551,1.8295421032235026
577,Weiqian,emergency,unavailable_in_sd_path,26,intent_directory,/Users/zilongzeng/Research/DroneControl/user_study_v4/Weiqian/Emergency/26.wav,Weiqian/Emergency/26.wav,emergency,0.99609375,0.99609375,0.0,0.0,"[127, -128, -128]",True,,,,,,,,,,,,,0.052749994210898876,1.2844169978052378,0.7864999352023005,2.1523330360651016
578,Weiqian,emergency,unavailable_in_sd_path,27,intent_directory,/Users/zilongzeng/Research/DroneControl/user_study_v4/Weiqian/Emergency/27.wav,Weiqian/Emergency/27.wav,emergency,0.99609375,0.99609375,0.0,0.0,"[127, -128, -128]",True,,,,,,,,,,,,,0.09137496817857027,1.4619589783251286,0.6440000142902136,2.2059580078348517
579,Weiqian,emergency,unavailable_in_sd_path,28,intent_directory,/Users/zilongzeng/Research/DroneControl/user_study_v4/Weiqian/Emergency/28.wav,Weiqian/Emergency/28.wav,emergency,0.99609375,0.99609375,0.0,0.0,"[127, -128, -128]",True,,,,,,,,,,,,,0.057541998103260994,1.4034999767318368,0.762708019465208,2.2313749650493264
580,Weiqian,emergency,unavailable_in_sd_path,29,intent_directory,/Users/zilongzeng/Research/DroneControl/user_study_v4/Weiqian/Emergency/29.wav,Weiqian/Emergency/29.wav,emergency,0.99609375,0.99609375,0.0,0.0,"[127, -128, -128]",True,,,,,,,,,,,,,0.06191700231283903,1.2373749632388353,0.6314170313999057,1.9382080063223839
581,Weiqian,emergency,unavailable_in_sd_path,30,intent_directory,/Users/zilongzeng/Research/DroneControl/user_study_v4/Weiqian/Emergency/30.wav,Weiqian/Emergency/30.wav,emergency,0.99609375,0.99609375,0.0,0.0,"[127, -128, -128]",True,,,,,,,,,,,,,0.061583006754517555,1.3932919828221202,0.813750084489584,2.2830410161986947
582,Weiqian,emergency,unavailable_in_sd_path,31,intent_directory,/Users/zilongzeng/Research/DroneControl/user_study_v4/Weiqian/Emergency/31.wav,Weiqian/Emergency/31.wav,emergency,0.99609375,0.99609375,0.0,0.0,"[127, -128, -128]",True,,,,,,,,,,,,,0.08933397475630045,1.2367500457912683,0.6716250209137797,2.004041918553412
583,Weiqian,emergency,unavailable_in_sd_path,32,intent_directory,/Users/zilongzeng/Research/DroneControl/user_study_v4/Weiqian/Emergency/32.wav,Weiqian/Emergency/32.wav,movement,0.99609375,0.0,0.99609375,0.0,"[-128, 127, -128]",False,,,,,,,,,,,,,0.042750034481287,1.1859580408781767,0.6236669141799212,1.858375035226345
584,Weiqian,emergency,unavailable_in_sd_path,33,intent_directory,/Users/zilongzeng/Research/DroneControl/user_study_v4/Weiqian/Emergency/33.wav,Weiqian/Emergency/33.wav,emergency,0.99609375,0.99609375,0.0,0.0,"[127, -128, -128]",True,,,,,,,,,,,,,0.04566693678498268,1.1961660347878933,0.6329590687528253,1.8818340031430125
585,Weiqian,emergency,unavailable_in_sd_path,34,intent_directory,/Users/zilongzeng/Research/DroneControl/user_study_v4/Weiqian/Emergency/34.wav,Weiqian/Emergency/34.wav,emergency,0.99609375,0.99609375,0.0,0.0,"[127, -128, -128]",True,,,,,,,,,,,,,0.05216698627918959,1.2964170891791582,0.6409590132534504,1.9977500196546316
586,Weiqian,emergency,unavailable_in_sd_path,35,intent_directory,/Users/zilongzeng/Research/DroneControl/user_study_v4/Weiqian/Emergency/35.wav,Weiqian/Emergency/35.wav,movement,0.96875,0.03125,0.96875,0.0,"[-120, 120, -128]",False,,,,,,,,,,,,,0.04783400800079107,1.3052920112386346,0.6415419047698379,2.002499997615814
587,Weiqian,emergency,unavailable_in_sd_path,36,intent_directory,/Users/zilongzeng/Research/DroneControl/user_study_v4/Weiqian/Emergency/36.wav,Weiqian/Emergency/36.wav,movement,0.76953125,0.23046875,0.76953125,0.0,"[-69, 69, -128]",False,,,,,,,,,,,,,0.07520790677517653,1.3502920046448708,0.6564579671248794,2.091333968564868
588,Weiqian,emergency,unavailable_in_sd_path,37,intent_directory,/Users/zilongzeng/Research/DroneControl/user_study_v4/Weiqian/Emergency/37.wav,Weiqian/Emergency/37.wav,emergency,0.99609375,0.99609375,0.0,0.0,"[127, -128, -128]",True,,,,,,,,,,,,,0.045166932977735996,1.2167090317234397,0.6744170095771551,1.9442499615252018
589,Weiqian,emergency,unavailable_in_sd_path,38,intent_directory,/Users/zilongzeng/Research/DroneControl/user_study_v4/Weiqian/Emergency/38.wav,Weiqian/Emergency/38.wav,movement,0.97265625,0.02734375,0.97265625,0.0,"[-121, 121, -128]",False,,,,,,,,,,,,,0.05974993109703064,1.341374940238893,0.7320829899981618,2.1462920121848583
590,Weiqian,emergency,unavailable_in_sd_path,39,intent_directory,/Users/zilongzeng/Research/DroneControl/user_study_v4/Weiqian/Emergency/39.wav,Weiqian/Emergency/39.wav,emergency,0.99609375,0.99609375,0.0,0.0,"[127, -128, -128]",True,,,,,,,,,,,,,0.07974996697157621,1.3510830467566848,0.6228330312296748,2.061125007458031
591,Weiqian,emergency,unavailable_in_sd_path,40,intent_directory,/Users/zilongzeng/Research/DroneControl/user_study_v4/Weiqian/Emergency/40.wav,Weiqian/Emergency/40.wav,emergency,0.99609375,0.99609375,0.0,0.0,"[127, -128, -128]",True,,,,,,,,,,,,,0.049291993491351604,1.210416085086763,0.7800830062478781,2.052250085398555
592,Weiqian,emergency,unavailable_in_sd_path,41,intent_directory,/Users/zilongzeng/Research/DroneControl/user_study_v4/Weiqian/Emergency/41.wav,Weiqian/Emergency/41.wav,emergency,0.99609375,0.99609375,0.0,0.0,"[127, -128, -128]",True,,,,,,,,,,,,,0.07216702215373516,1.2385000009089708,0.6191250868141651,1.9363339524716139
593,Weiqian,emergency,unavailable_in_sd_path,42,intent_directory,/Users/zilongzeng/Research/DroneControl/user_study_v4/Weiqian/Emergency/42.wav,Weiqian/Emergency/42.wav,emergency,0.99609375,0.99609375,0.0,0.0,"[127, -128, -128]",True,,,,,,,,,,,,,0.04958303179591894,1.37645797803998,0.7416249718517065,2.1773750195279717
594,Weiqian,emergency,unavailable_in_sd_path,43,intent_directory,/Users/zilongzeng/Research/DroneControl/user_study_v4/Weiqian/Emergency/43.wav,Weiqian/Emergency/43.wav,unknown,0.99609375,0.0,0.0,0.99609375,"[-128, -128, 127]",False,,,,,,,,,,,,,0.08849997539073229,1.3868749374523759,0.639582984149456,2.121291938237846
595,Weiqian,emergency,unavailable_in_sd_path,44,intent_directory,/Users/zilongzeng/Research/DroneControl/user_study_v4/Weiqian/Emergency/44.wav,Weiqian/Emergency/44.wav,unknown,0.83203125,0.16796875,0.0,0.83203125,"[-85, -128, 85]",False,,,,,,,,,,,,,0.052208080887794495,1.2290000449866056,0.6183750228956342,1.9056249875575304
596,Weiqian,emergency,unavailable_in_sd_path,45,intent_directory,/Users/zilongzeng/Research/DroneControl/user_study_v4/Weiqian/Emergency/45.wav,Weiqian/Emergency/45.wav,emergency,0.99609375,0.99609375,0.0,0.0,"[127, -128, -128]",True,,,,,,,,,,,,,0.047666020691394806,1.2989999959245324,0.6415829993784428,1.99758296366781
597,Weiqian,emergency,unavailable_in_sd_path,46,intent_directory,/Users/zilongzeng/Research/DroneControl/user_study_v4/Weiqian/Emergency/46.wav,Weiqian/Emergency/46.wav,unknown,0.99609375,0.0,0.0,0.99609375,"[-128, -128, 127]",False,,,,,,,,,,,,,0.06937503349035978,1.3671249616891146,0.730833038687706,2.17691611032933
598,Weiqian,emergency,unavailable_in_sd_path,47,intent_directory,/Users/zilongzeng/Research/DroneControl/user_study_v4/Weiqian/Emergency/47.wav,Weiqian/Emergency/47.wav,unknown,0.99609375,0.0,0.0,0.99609375,"[-128, -128, 127]",False,,,,,,,,,,,,,0.06341596599668264,1.2060829903930426,0.6354589713737369,1.9107500556856394
599,Weiqian,emergency,unavailable_in_sd_path,48,intent_directory,/Users/zilongzeng/Research/DroneControl/user_study_v4/Weiqian/Emergency/48.wav,Weiqian/Emergency/48.wav,unknown,0.99609375,0.0,0.0,0.99609375,"[-128, -128, 127]",False,,,,,,,,,,,,,0.04424992948770523,1.114416983909905,0.6968750385567546,1.8645829986780882
600,Weiqian,emergency,unavailable_in_sd_path,49,intent_directory,/Users/zilongzeng/Research/DroneControl/user_study_v4/Weiqian/Emergency/49.wav,Weiqian/Emergency/49.wav,emergency,0.99609375,0.99609375,0.0,0.0,"[127, -128, -128]",True,,,,,,,,,,,,,0.04308403003960848,1.2576669687405229,0.6307499716058373,1.9392080139368773
601,Weiqian,movement,unavailable_in_sd_path,0,intent_directory,/Users/zilongzeng/Research/DroneControl/user_study_v4/Weiqian/Movement/0.wav,Weiqian/Movement/0.wav,movement,0.99609375,0.0,0.99609375,0.0,"[-128, 127, -128]",True,,,,,,,,,,,,,0.06708304863423109,1.2715000193566084,0.657708034850657,2.0039579831063747
602,Weiqian,movement,unavailable_in_sd_path,1,intent_directory,/Users/zilongzeng/Research/DroneControl/user_study_v4/Weiqian/Movement/1.wav,Weiqian/Movement/1.wav,movement,0.9453125,0.0546875,0.9453125,0.0,"[-114, 114, -128]",True,,,,,,,,,,,,,0.05850009620189667,1.40954100061208,0.6984591018408537,2.1743749966844916
603,Weiqian,movement,unavailable_in_sd_path,2,intent_directory,/Users/zilongzeng/Research/DroneControl/user_study_v4/Weiqian/Movement/2.wav,Weiqian/Movement/2.wav,unknown,0.99609375,0.0,0.0,0.99609375,"[-128, -128, 127]",False,,,,,,,,,,,,,0.07083406671881676,1.1953329667448997,0.7204170105978847,1.9947499968111515
604,Weiqian,movement,unavailable_in_sd_path,3,intent_directory,/Users/zilongzeng/Research/DroneControl/user_study_v4/Weiqian/Movement/3.wav,Weiqian/Movement/3.wav,movement,0.99609375,0.0,0.99609375,0.0,"[-128, 127, -128]",True,,,,,,,,,,,,,0.040375045500695705,1.2171249836683273,0.6342090200632811,1.8987089861184359
605,Weiqian,movement,unavailable_in_sd_path,4,intent_directory,/Users/zilongzeng/Research/DroneControl/user_study_v4/Weiqian/Movement/4.wav,Weiqian/Movement/4.wav,movement,0.99609375,0.0,0.99609375,0.0,"[-128, 127, -128]",True,,,,,,,,,,,,,0.0576250022277236,1.2558330781757832,0.6334589561447501,1.9542078953236341
606,Weiqian,movement,unavailable_in_sd_path,5,intent_directory,/Users/zilongzeng/Research/DroneControl/user_study_v4/Weiqian/Movement/5.wav,Weiqian/Movement/5.wav,movement,0.99609375,0.0,0.99609375,0.0,"[-128, 127, -128]",True,,,,,,,,,,,,,0.06429199129343033,1.5026249457150698,0.6784580182284117,2.252624952234328
607,Weiqian,movement,unavailable_in_sd_path,6,intent_directory,/Users/zilongzeng/Research/DroneControl/user_study_v4/Weiqian/Movement/6.wav,Weiqian/Movement/6.wav,movement,0.99609375,0.0,0.99609375,0.0,"[-128, 127, -128]",True,,,,,,,,,,,,,0.07370789535343647,1.2108749942854047,0.6518750451505184,1.943291979841888
608,Weiqian,movement,unavailable_in_sd_path,7,intent_directory,/Users/zilongzeng/Research/DroneControl/user_study_v4/Weiqian/Movement/7.wav,Weiqian/Movement/7.wav,movement,0.99609375,0.0,0.99609375,0.0,"[-128, 127, -128]",True,,,,,,,,,,,,,0.07950002327561378,1.292416942305863,0.6291659083217382,2.0070000318810344
609,Weiqian,movement,unavailable_in_sd_path,8,intent_directory,/Users/zilongzeng/Research/DroneControl/user_study_v4/Weiqian/Movement/8.wav,Weiqian/Movement/8.wav,movement,0.99609375,0.0,0.99609375,0.0,"[-128, 127, -128]",True,,,,,,,,,,,,,0.038958038203418255,1.2711250456050038,0.6255001062527299,1.943000010214746
610,Weiqian,movement,unavailable_in_sd_path,9,intent_directory,/Users/zilongzeng/Research/DroneControl/user_study_v4/Weiqian/Movement/9.wav,Weiqian/Movement/9.wav,movement,0.99609375,0.0,0.99609375,0.0,"[-128, 127, -128]",True,,,,,,,,,,,,,0.04329206421971321,1.43624993506819,0.6874579703435302,2.1810000762343407
611,Weiqian,movement,unavailable_in_sd_path,10,intent_directory,/Users/zilongzeng/Research/DroneControl/user_study_v4/Weiqian/Movement/10.wav,Weiqian/Movement/10.wav,movement,0.99609375,0.0,0.99609375,0.0,"[-128, 127, -128]",True,,,,,,,,,,,,,0.055999960750341415,1.2496249983087182,0.6592499557882547,1.973083009943366
612,Weiqian,movement,unavailable_in_sd_path,11,intent_directory,/Users/zilongzeng/Research/DroneControl/user_study_v4/Weiqian/Movement/11.wav,Weiqian/Movement/11.wav,movement,0.90234375,0.0,0.90234375,0.09765625,"[-128, 103, -103]",True,,,,,,,,,,,,,0.10070798452943563,1.2411249335855246,0.6451669614762068,1.9930829294025898
613,Weiqian,movement,unavailable_in_sd_path,12,intent_directory,/Users/zilongzeng/Research/DroneControl/user_study_v4/Weiqian/Movement/12.wav,Weiqian/Movement/12.wav,movement,0.99609375,0.0,0.99609375,0.0,"[-128, 127, -128]",True,,,,,,,,,,,,,0.0439999857917428,1.3093330198898911,0.6358749233186245,1.9959999481216073
614,Weiqian,movement,unavailable_in_sd_path,13,intent_directory,/Users/zilongzeng/Research/DroneControl/user_study_v4/Weiqian/Movement/13.wav,Weiqian/Movement/13.wav,movement,0.99609375,0.0,0.99609375,0.0,"[-128, 127, -128]",True,,,,,,,,,,,,,0.044332933612167835,1.2828330509364605,0.7934579625725746,2.1412919741123915
615,Weiqian,movement,unavailable_in_sd_path,14,intent_directory,/Users/zilongzeng/Research/DroneControl/user_study_v4/Weiqian/Movement/14.wav,Weiqian/Movement/14.wav,movement,0.99609375,0.0,0.99609375,0.0,"[-128, 127, -128]",True,,,,,,,,,,,,,0.08083309512585402,1.2542089680209756,0.6462919991463423,1.9872079137712717
616,Weiqian,movement,unavailable_in_sd_path,15,intent_directory,/Users/zilongzeng/Research/DroneControl/user_study_v4/Weiqian/Movement/15.wav,Weiqian/Movement/15.wav,movement,0.99609375,0.0,0.99609375,0.0,"[-128, 127, -128]",True,,,,,,,,,,,,,0.047375098802149296,1.463416963815689,0.6437919801101089,2.1606669761240482
617,Weiqian,movement,unavailable_in_sd_path,16,intent_directory,/Users/zilongzeng/Research/DroneControl/user_study_v4/Weiqian/Movement/16.wav,Weiqian/Movement/16.wav,movement,0.99609375,0.0,0.99609375,0.0,"[-128, 127, -128]",True,,,,,,,,,,,,,0.05420902743935585,1.2198749464005232,0.6920830346643925,1.975208055227995
618,Weiqian,movement,unavailable_in_sd_path,17,intent_directory,/Users/zilongzeng/Research/DroneControl/user_study_v4/Weiqian/Movement/17.wav,Weiqian/Movement/17.wav,movement,0.99609375,0.0,0.99609375,0.0,"[-128, 127, -128]",True,,,,,,,,,,,,,0.06487499922513962,1.4433750184252858,0.7061249343678355,2.2233750205487013
619,Weiqian,movement,unavailable_in_sd_path,18,intent_directory,/Users/zilongzeng/Research/DroneControl/user_study_v4/Weiqian/Movement/18.wav,Weiqian/Movement/18.wav,movement,0.99609375,0.0,0.99609375,0.0,"[-128, 127, -128]",True,,,,,,,,,,,,,0.09600003249943256,1.2691669398918748,0.6310830358415842,2.0039998926222324
620,Weiqian,movement,unavailable_in_sd_path,19,intent_directory,/Users/zilongzeng/Research/DroneControl/user_study_v4/Weiqian/Movement/19.wav,Weiqian/Movement/19.wav,movement,0.99609375,0.0,0.99609375,0.0,"[-128, 127, -128]",True,,,,,,,,,,,,,0.04979199729859829,1.4581249561160803,0.716333044692874,2.230999991297722
621,Weiqian,movement,unavailable_in_sd_path,20,intent_directory,/Users/zilongzeng/Research/DroneControl/user_study_v4/Weiqian/Movement/20.wav,Weiqian/Movement/20.wav,movement,0.99609375,0.0,0.99609375,0.0,"[-128, 127, -128]",True,,,,,,,,,,,,,0.05408294964581728,1.1506250593811274,0.6588340038433671,1.871459069661796
622,Weiqian,movement,unavailable_in_sd_path,21,intent_directory,/Users/zilongzeng/Research/DroneControl/user_study_v4/Weiqian/Movement/21.wav,Weiqian/Movement/21.wav,movement,0.99609375,0.0,0.99609375,0.0,"[-128, 127, -128]",True,,,,,,,,,,,,,0.04800001624971628,1.305583049543202,0.7991250604391098,2.1637079771608114
623,Weiqian,movement,unavailable_in_sd_path,22,intent_directory,/Users/zilongzeng/Research/DroneControl/user_study_v4/Weiqian/Movement/22.wav,Weiqian/Movement/22.wav,movement,0.99609375,0.0,0.99609375,0.0,"[-128, 127, -128]",True,,,,,,,,,,,,,0.07320905569940805,1.2920829467475414,0.6280830129981041,2.0010829903185368
624,Weiqian,movement,unavailable_in_sd_path,23,intent_directory,/Users/zilongzeng/Research/DroneControl/user_study_v4/Weiqian/Movement/23.wav,Weiqian/Movement/23.wav,movement,0.99609375,0.0,0.99609375,0.0,"[-128, 127, -128]",True,,,,,,,,,,,,,0.05729100666940212,1.3977090129628778,0.6290419260039926,2.0905419951304793
625,Weiqian,movement,unavailable_in_sd_path,24,intent_directory,/Users/zilongzeng/Research/DroneControl/user_study_v4/Weiqian/Movement/24.wav,Weiqian/Movement/24.wav,movement,0.99609375,0.0,0.99609375,0.0,"[-128, 127, -128]",True,,,,,,,,,,,,,0.04499999340623617,1.2151249684393406,0.6803330034017563,1.94845802616328
626,Weiqian,movement,unavailable_in_sd_path,25,intent_directory,/Users/zilongzeng/Research/DroneControl/user_study_v4/Weiqian/Movement/25.wav,Weiqian/Movement/25.wav,movement,0.99609375,0.0,0.99609375,0.0,"[-128, 127, -128]",True,,,,,,,,,,,,,0.04733307287096977,1.383041962981224,0.6596250459551811,2.0968751050531864
627,Weiqian,movement,unavailable_in_sd_path,26,intent_directory,/Users/zilongzeng/Research/DroneControl/user_study_v4/Weiqian/Movement/26.wav,Weiqian/Movement/26.wav,movement,0.99609375,0.0,0.99609375,0.0,"[-128, 127, -128]",True,,,,,,,,,,,,,0.05766598042100668,1.2625419767573476,0.6422919686883688,1.9702920690178871
628,Weiqian,movement,unavailable_in_sd_path,27,intent_directory,/Users/zilongzeng/Research/DroneControl/user_study_v4/Weiqian/Movement/27.wav,Weiqian/Movement/27.wav,movement,0.99609375,0.0,0.99609375,0.0,"[-128, 127, -128]",True,,,,,,,,,,,,,0.07770792581140995,1.379041001200676,0.6287080468609929,2.091791946440935
629,Weiqian,movement,unavailable_in_sd_path,28,intent_directory,/Users/zilongzeng/Research/DroneControl/user_study_v4/Weiqian/Movement/28.wav,Weiqian/Movement/28.wav,movement,0.99609375,0.0,0.99609375,0.0,"[-128, 127, -128]",True,,,,,,,,,,,,,0.04849990364164114,1.1935000075027347,0.7211250485852361,1.9701669225469232
630,Weiqian,movement,unavailable_in_sd_path,29,intent_directory,/Users/zilongzeng/Research/DroneControl/user_study_v4/Weiqian/Movement/29.wav,Weiqian/Movement/29.wav,movement,0.99609375,0.0,0.99609375,0.0,"[-128, 127, -128]",True,,,,,,,,,,,,,0.07641699630767107,1.2692079180851579,0.7767919450998306,2.1300839725881815
631,Weiqian,movement,unavailable_in_sd_path,30,intent_directory,/Users/zilongzeng/Research/DroneControl/user_study_v4/Weiqian/Movement/30.wav,Weiqian/Movement/30.wav,movement,0.99609375,0.0,0.99609375,0.0,"[-128, 127, -128]",True,,,,,,,,,,,,,0.06991706322878599,1.1828748974949121,0.6234999746084213,1.8825000151991844
632,Weiqian,movement,unavailable_in_sd_path,31,intent_directory,/Users/zilongzeng/Research/DroneControl/user_study_v4/Weiqian/Movement/31.wav,Weiqian/Movement/31.wav,movement,0.99609375,0.0,0.99609375,0.0,"[-128, 127, -128]",True,,,,,,,,,,,,,0.04454201553016901,1.3317909324541688,0.6414999952539802,2.0237499848008156
633,Weiqian,movement,unavailable_in_sd_path,32,intent_directory,/Users/zilongzeng/Research/DroneControl/user_study_v4/Weiqian/Movement/32.wav,Weiqian/Movement/32.wav,movement,0.99609375,0.0,0.99609375,0.0,"[-128, 127, -128]",True,,,,,,,,,,,,,0.051958952099084854,1.1946250451728702,0.6809999467805028,1.9372910028323531
634,Weiqian,movement,unavailable_in_sd_path,33,intent_directory,/Users/zilongzeng/Research/DroneControl/user_study_v4/Weiqian/Movement/33.wav,Weiqian/Movement/33.wav,movement,0.99609375,0.0,0.99609375,0.0,"[-128, 127, -128]",True,,,,,,,,,,,,,0.05470798350870609,1.3904999941587448,0.7896660827100277,2.2533750161528587
635,Weiqian,movement,unavailable_in_sd_path,34,intent_directory,/Users/zilongzeng/Research/DroneControl/user_study_v4/Weiqian/Movement/34.wav,Weiqian/Movement/34.wav,movement,0.99609375,0.0,0.99609375,0.0,"[-128, 127, -128]",True,,,,,,,,,,,,,0.07408298552036285,1.2487499043345451,0.6199589697644114,1.9493750296533108
636,Weiqian,movement,unavailable_in_sd_path,35,intent_directory,/Users/zilongzeng/Research/DroneControl/user_study_v4/Weiqian/Movement/35.wav,Weiqian/Movement/35.wav,movement,0.99609375,0.0,0.99609375,0.0,"[-128, 127, -128]",True,,,,,,,,,,,,,0.042874948121607304,1.4741249615326524,0.629125046543777,2.151832915842533
637,Weiqian,movement,unavailable_in_sd_path,36,intent_directory,/Users/zilongzeng/Research/DroneControl/user_study_v4/Weiqian/Movement/36.wav,Weiqian/Movement/36.wav,movement,0.99609375,0.0,0.99609375,0.0,"[-128, 127, -128]",True,,,,,,,,,,,,,0.05008396692574024,1.1120419949293137,0.6685839034616947,1.8363329581916332
638,Weiqian,movement,unavailable_in_sd_path,37,intent_directory,/Users/zilongzeng/Research/DroneControl/user_study_v4/Weiqian/Movement/37.wav,Weiqian/Movement/37.wav,movement,0.99609375,0.0,0.99609375,0.0,"[-128, 127, -128]",True,,,,,,,,,,,,,0.03766606096178293,1.2232500594109297,0.7414170540869236,2.0107919117435813
639,Weiqian,movement,unavailable_in_sd_path,38,intent_directory,/Users/zilongzeng/Research/DroneControl/user_study_v4/Weiqian/Movement/38.wav,Weiqian/Movement/38.wav,movement,0.99609375,0.0,0.99609375,0.0,"[-128, 127, -128]",True,,,,,,,,,,,,,0.04304107278585434,1.192541909404099,0.6396250100806355,1.8819168908521533
640,Weiqian,movement,unavailable_in_sd_path,39,intent_directory,/Users/zilongzeng/Research/DroneControl/user_study_v4/Weiqian/Movement/39.wav,Weiqian/Movement/39.wav,movement,0.99609375,0.0,0.99609375,0.0,"[-128, 127, -128]",True,,,,,,,,,,,,,0.06883300375193357,1.2783330166712403,0.7835830328986049,2.1378330420702696
641,Weiqian,movement,unavailable_in_sd_path,40,intent_directory,/Users/zilongzeng/Research/DroneControl/user_study_v4/Weiqian/Movement/40.wav,Weiqian/Movement/40.wav,movement,0.99609375,0.0,0.99609375,0.0,"[-128, 127, -128]",True,,,,,,,,,,,,,0.05512498319149017,1.1712919222190976,0.6243750685825944,1.8575000576674938
642,Weiqian,movement,unavailable_in_sd_path,41,intent_directory,/Users/zilongzeng/Research/DroneControl/user_study_v4/Weiqian/Movement/41.wav,Weiqian/Movement/41.wav,movement,0.99609375,0.0,0.99609375,0.0,"[-128, 127, -128]",True,,,,,,,,,,,,,0.03750005271285772,1.3593750772997737,0.6750000175088644,2.0816250471398234
643,Weiqian,movement,unavailable_in_sd_path,42,intent_directory,/Users/zilongzeng/Research/DroneControl/user_study_v4/Weiqian/Movement/42.wav,Weiqian/Movement/42.wav,movement,0.99609375,0.0,0.99609375,0.0,"[-128, 127, -128]",True,,,,,,,,,,,,,0.0659161014482379,1.2148329988121986,0.6322920089587569,1.9182499963790178
644,Weiqian,movement,unavailable_in_sd_path,43,intent_directory,/Users/zilongzeng/Research/DroneControl/user_study_v4/Weiqian/Movement/43.wav,Weiqian/Movement/43.wav,movement,0.99609375,0.0,0.99609375,0.0,"[-128, 127, -128]",True,,,,,,,,,,,,,0.039458973333239555,1.2322500115260482,0.6192500004544854,1.8976660212501884
645,Weiqian,movement,unavailable_in_sd_path,44,intent_directory,/Users/zilongzeng/Research/DroneControl/user_study_v4/Weiqian/Movement/44.wav,Weiqian/Movement/44.wav,movement,0.99609375,0.0,0.99609375,0.0,"[-128, 127, -128]",True,,,,,,,,,,,,,0.03966700751334429,1.2439170386642218,0.628416077233851,1.9188340520486236
646,Weiqian,movement,unavailable_in_sd_path,45,intent_directory,/Users/zilongzeng/Research/DroneControl/user_study_v4/Weiqian/Movement/45.wav,Weiqian/Movement/45.wav,movement,0.99609375,0.0,0.99609375,0.0,"[-128, 127, -128]",True,,,,,,,,,,,,,0.0503340270370245,1.1633329559117556,0.6857499247416854,1.905375043861568
647,Weiqian,movement,unavailable_in_sd_path,46,intent_directory,/Users/zilongzeng/Research/DroneControl/user_study_v4/Weiqian/Movement/46.wav,Weiqian/Movement/46.wav,movement,0.99609375,0.0,0.99609375,0.0,"[-128, 127, -128]",True,,,,,,,,,,,,,0.045874970965087414,1.258165924809873,0.6755830254405737,1.9881249172613025
648,Weiqian,movement,unavailable_in_sd_path,47,intent_directory,/Users/zilongzeng/Research/DroneControl/user_study_v4/Weiqian/Movement/47.wav,Weiqian/Movement/47.wav,movement,0.99609375,0.0,0.99609375,0.0,"[-128, 127, -128]",True,,,,,,,,,,,,,0.06266694981604815,1.1614999966695905,0.7173330523073673,1.9491249695420265
649,Weiqian,movement,unavailable_in_sd_path,48,intent_directory,/Users/zilongzeng/Research/DroneControl/user_study_v4/Weiqian/Movement/48.wav,Weiqian/Movement/48.wav,movement,0.99609375,0.0,0.99609375,0.0,"[-128, 127, -128]",True,,,,,,,,,,,,,0.05058303941041231,1.3094579335302114,0.6376249948516488,2.004500012844801
650,Weiqian,movement,unavailable_in_sd_path,49,intent_directory,/Users/zilongzeng/Research/DroneControl/user_study_v4/Weiqian/Movement/49.wav,Weiqian/Movement/49.wav,movement,0.99609375,0.0,0.99609375,0.0,"[-128, 127, -128]",True,,,,,,,,,,,,,0.049999915063381195,1.167417038232088,0.6237500347197056,1.8470409559085965
651,Weiqian,unknown,unavailable_in_sd_path,0,intent_directory,/Users/zilongzeng/Research/DroneControl/user_study_v4/Weiqian/Unknown/0.wav,Weiqian/Unknown/0.wav,unknown,0.99609375,0.0,0.0,0.99609375,"[-128, -128, 127]",True,,,,,,,,,,,,,0.0527501106262207,1.2396660167723894,0.637291930615902,1.9353750394657254
652,Weiqian,unknown,unavailable_in_sd_path,1,intent_directory,/Users/zilongzeng/Research/DroneControl/user_study_v4/Weiqian/Unknown/1.wav,Weiqian/Unknown/1.wav,unknown,0.99609375,0.0,0.0,0.99609375,"[-128, -128, 127]",True,,,,,,,,,,,,,0.04000007174909115,1.2266250560060143,0.7564999395981431,2.031708019785583
653,Weiqian,unknown,unavailable_in_sd_path,2,intent_directory,/Users/zilongzeng/Research/DroneControl/user_study_v4/Weiqian/Unknown/2.wav,Weiqian/Unknown/2.wav,unknown,0.91796875,0.0,0.08203125,0.91796875,"[-128, -107, 107]",True,,,,,,,,,,,,,0.08412497118115425,1.3349580112844706,0.6698749493807554,2.0962499547749758
654,Weiqian,unknown,unavailable_in_sd_path,3,intent_directory,/Users/zilongzeng/Research/DroneControl/user_study_v4/Weiqian/Unknown/3.wav,Weiqian/Unknown/3.wav,unknown,0.99609375,0.0,0.0,0.99609375,"[-128, -128, 127]",True,,,,,,,,,,,,,0.05950010381639004,1.2769580353051424,0.7653749780729413,2.1115830168128014
655,Weiqian,unknown,unavailable_in_sd_path,4,intent_directory,/Users/zilongzeng/Research/DroneControl/user_study_v4/Weiqian/Unknown/4.wav,Weiqian/Unknown/4.wav,unknown,0.99609375,0.0,0.0,0.99609375,"[-128, -128, 127]",True,,,,,,,,,,,,,0.05300005432218313,1.3275418896228075,0.6915410049259663,2.078374964185059
656,Weiqian,unknown,unavailable_in_sd_path,5,intent_directory,/Users/zilongzeng/Research/DroneControl/user_study_v4/Weiqian/Unknown/5.wav,Weiqian/Unknown/5.wav,unknown,0.99609375,0.0,0.0,0.99609375,"[-128, -128, 127]",True,,,,,,,,,,,,,0.05645793862640858,1.147791976109147,0.6181671051308513,1.8280840013176203
657,Weiqian,unknown,unavailable_in_sd_path,6,intent_directory,/Users/zilongzeng/Research/DroneControl/user_study_v4/Weiqian/Unknown/6.wav,Weiqian/Unknown/6.wav,unknown,0.99609375,0.0,0.0,0.99609375,"[-128, -128, 127]",True,,,,,,,,,,,,,0.04175002686679363,1.3467920944094658,0.6297089857980609,2.0237909629940987
658,Weiqian,unknown,unavailable_in_sd_path,7,intent_directory,/Users/zilongzeng/Research/DroneControl/user_study_v4/Weiqian/Unknown/7.wav,Weiqian/Unknown/7.wav,unknown,0.99609375,0.0,0.0,0.99609375,"[-128, -128, 127]",True,,,,,,,,,,,,,0.048666028305888176,1.1725829681381583,0.6527500227093697,1.8816669471561909
659,Weiqian,unknown,unavailable_in_sd_path,8,intent_directory,/Users/zilongzeng/Research/DroneControl/user_study_v4/Weiqian/Unknown/8.wav,Weiqian/Unknown/8.wav,unknown,0.99609375,0.0,0.0,0.99609375,"[-128, -128, 127]",True,,,,,,,,,,,,,0.05037500523030758,1.2971250107511878,0.716750044375658,2.075499971397221
660,Weiqian,unknown,unavailable_in_sd_path,9,intent_directory,/Users/zilongzeng/Research/DroneControl/user_study_v4/Weiqian/Unknown/9.wav,Weiqian/Unknown/9.wav,unknown,0.99609375,0.0,0.0,0.99609375,"[-128, -128, 127]",True,,,,,,,,,,,,,0.06337498780339956,1.2337090447545052,0.6414999952539802,1.946000033058226
661,Weiqian,unknown,unavailable_in_sd_path,10,intent_directory,/Users/zilongzeng/Research/DroneControl/user_study_v4/Weiqian/Unknown/10.wav,Weiqian/Unknown/10.wav,unknown,0.99609375,0.0,0.0,0.99609375,"[-128, -128, 127]",True,,,,,,,,,,,,,0.07341697346419096,1.460875035263598,0.6378749385476112,2.1792500047013164
662,Weiqian,unknown,unavailable_in_sd_path,11,intent_directory,/Users/zilongzeng/Research/DroneControl/user_study_v4/Weiqian/Unknown/11.wav,Weiqian/Unknown/11.wav,emergency,0.6796875,0.6796875,0.07421875,0.24609375,"[46, -109, -65]",False,,,,,,,,,,,,,0.05483301356434822,1.2433330994099379,0.6730000022798777,1.9772909581661224
663,Weiqian,unknown,unavailable_in_sd_path,12,intent_directory,/Users/zilongzeng/Research/DroneControl/user_study_v4/Weiqian/Unknown/12.wav,Weiqian/Unknown/12.wav,unknown,0.99609375,0.0,0.0,0.99609375,"[-128, -128, 127]",True,,,,,,,,,,,,,0.04266691394150257,1.2858749832957983,0.7834170246496797,2.1234169835224748
664,Weiqian,unknown,unavailable_in_sd_path,13,intent_directory,/Users/zilongzeng/Research/DroneControl/user_study_v4/Weiqian/Unknown/13.wav,Weiqian/Unknown/13.wav,unknown,0.99609375,0.0,0.0,0.99609375,"[-128, -128, 127]",True,,,,,,,,,,,,,0.10166608262807131,1.3523339293897152,0.7602500263601542,2.2204999113455415
665,Weiqian,unknown,unavailable_in_sd_path,14,intent_directory,/Users/zilongzeng/Research/DroneControl/user_study_v4/Weiqian/Unknown/14.wav,Weiqian/Unknown/14.wav,unknown,0.99609375,0.0,0.0,0.99609375,"[-128, -128, 127]",True,,,,,,,,,,,,,0.052541960030794144,1.3360839802771807,0.6157919997349381,2.0102079724892974
666,Weiqian,unknown,unavailable_in_sd_path,15,intent_directory,/Users/zilongzeng/Research/DroneControl/user_study_v4/Weiqian/Unknown/15.wav,Weiqian/Unknown/15.wav,movement,0.99609375,0.0,0.99609375,0.0,"[-128, 127, -128]",False,,,,,,,,,,,,,0.04958396311849356,1.1953340144827962,0.6483329925686121,1.898749964311719
667,Weiqian,unknown,unavailable_in_sd_path,16,intent_directory,/Users/zilongzeng/Research/DroneControl/user_study_v4/Weiqian/Unknown/16.wav,Weiqian/Unknown/16.wav,movement,0.96875,0.03125,0.96875,0.0,"[-120, 120, -128]",False,,,,,,,,,,,,,0.046332948841154575,1.3119999784976244,0.6687500281259418,2.0349170081317425
668,Weiqian,unknown,unavailable_in_sd_path,17,intent_directory,/Users/zilongzeng/Research/DroneControl/user_study_v4/Weiqian/Unknown/17.wav,Weiqian/Unknown/17.wav,unknown,0.99609375,0.0,0.00390625,0.99609375,"[-128, -127, 127]",True,,,,,,,,,,,,,0.05916703958064318,1.3859999598935246,0.6648749113082886,2.1157499868422747
669,Weiqian,unknown,unavailable_in_sd_path,18,intent_directory,/Users/zilongzeng/Research/DroneControl/user_study_v4/Weiqian/Unknown/18.wav,Weiqian/Unknown/18.wav,movement,0.99609375,0.0,0.99609375,0.0,"[-128, 127, -128]",False,,,,,,,,,,,,,0.05300005432218313,1.276249997317791,0.6710410816594958,2.0059579983353615
670,Weiqian,unknown,unavailable_in_sd_path,19,intent_directory,/Users/zilongzeng/Research/DroneControl/user_study_v4/Weiqian/Unknown/19.wav,Weiqian/Unknown/19.wav,unknown,0.99609375,0.0,0.0,0.99609375,"[-128, -128, 127]",True,,,,,,,,,,,,,0.04316703416407108,1.152415992692113,0.703957979567349,1.9076670287176967
671,Weiqian,unknown,unavailable_in_sd_path,20,intent_directory,/Users/zilongzeng/Research/DroneControl/user_study_v4/Weiqian/Unknown/20.wav,Weiqian/Unknown/20.wav,unknown,0.99609375,0.0,0.0,0.99609375,"[-128, -128, 127]",True,,,,,,,,,,,,,0.05483301356434822,1.3651250628754497,0.7187079172581434,2.154415939003229
672,Weiqian,unknown,unavailable_in_sd_path,21,intent_directory,/Users/zilongzeng/Research/DroneControl/user_study_v4/Weiqian/Unknown/21.wav,Weiqian/Unknown/21.wav,unknown,0.99609375,0.0,0.0,0.99609375,"[-128, -128, 127]",True,,,,,,,,,,,,,0.07825007196515799,1.2282920069992542,0.6161669734865427,1.928625046275556
673,Weiqian,unknown,unavailable_in_sd_path,22,intent_directory,/Users/zilongzeng/Research/DroneControl/user_study_v4/Weiqian/Unknown/22.wav,Weiqian/Unknown/22.wav,unknown,0.99609375,0.0,0.0,0.99609375,"[-128, -128, 127]",True,,,,,,,,,,,,,0.04879198968410492,1.2426669709384441,0.7624999852851033,2.0626670448109508
674,Weiqian,unknown,unavailable_in_sd_path,23,intent_directory,/Users/zilongzeng/Research/DroneControl/user_study_v4/Weiqian/Unknown/23.wav,Weiqian/Unknown/23.wav,movement,0.99609375,0.0,0.99609375,0.0,"[-128, 127, -128]",False,,,,,,,,,,,,,0.05850009620189667,1.2151660630479455,0.633083051070571,1.9125000108033419
675,Weiqian,unknown,unavailable_in_sd_path,24,intent_directory,/Users/zilongzeng/Research/DroneControl/user_study_v4/Weiqian/Unknown/24.wav,Weiqian/Unknown/24.wav,movement,0.98828125,0.0,0.98828125,0.01171875,"[-128, 125, -125]",False,,,,,,,,,,,,,0.05133403465151787,1.2066669296473265,0.6755420472472906,1.9413749687373638
676,Weiqian,unknown,unavailable_in_sd_path,25,intent_directory,/Users/zilongzeng/Research/DroneControl/user_study_v4/Weiqian/Unknown/25.wav,Weiqian/Unknown/25.wav,unknown,0.99609375,0.0,0.0,0.99609375,"[-128, -128, 127]",True,,,,,,,,,,,,,0.05208305083215237,1.1565419845283031,0.6236250046640635,1.8378749955445528
677,Weiqian,unknown,unavailable_in_sd_path,26,intent_directory,/Users/zilongzeng/Research/DroneControl/user_study_v4/Weiqian/Unknown/26.wav,Weiqian/Unknown/26.wav,unknown,0.99609375,0.0,0.0,0.99609375,"[-128, -128, 127]",True,,,,,,,,,,,,,0.04179193638265133,1.2247500708326697,0.7476250175386667,2.0256669959053397
678,Weiqian,unknown,unavailable_in_sd_path,27,intent_directory,/Users/zilongzeng/Research/DroneControl/user_study_v4/Weiqian/Unknown/27.wav,Weiqian/Unknown/27.wav,movement,0.99609375,0.0,0.99609375,0.0,"[-128, 127, -128]",False,,,,,,,,,,,,,0.060458085499703884,1.1194580001756549,0.7076669717207551,1.8964170012623072
679,Weiqian,unknown,unavailable_in_sd_path,28,intent_directory,/Users/zilongzeng/Research/DroneControl/user_study_v4/Weiqian/Unknown/28.wav,Weiqian/Unknown/28.wav,unknown,0.90234375,0.0,0.09765625,0.90234375,"[-128, -103, 103]",True,,,,,,,,,,,,,0.050875009037554264,1.2642500223591924,0.6333750206977129,1.956749940291047
680,Weiqian,unknown,unavailable_in_sd_path,29,intent_directory,/Users/zilongzeng/Research/DroneControl/user_study_v4/Weiqian/Unknown/29.wav,Weiqian/Unknown/29.wav,unknown,0.99609375,0.0,0.0,0.99609375,"[-128, -128, 127]",True,,,,,,,,,,,,,0.10379101149737835,1.2934999540448189,0.6227910052984953,2.0254579139873385
681,Weiqian,unknown,unavailable_in_sd_path,30,intent_directory,/Users/zilongzeng/Research/DroneControl/user_study_v4/Weiqian/Unknown/30.wav,Weiqian/Unknown/30.wav,unknown,0.90234375,0.0,0.09765625,0.90234375,"[-128, -103, 103]",True,,,,,,,,,,,,,0.042458996176719666,1.144958077929914,0.6807920290157199,1.8773750634863973
682,Weiqian,unknown,unavailable_in_sd_path,31,intent_directory,/Users/zilongzeng/Research/DroneControl/user_study_v4/Weiqian/Unknown/31.wav,Weiqian/Unknown/31.wav,unknown,0.99609375,0.0,0.00390625,0.99609375,"[-128, -127, 127]",True,,,,,,,,,,,,,0.042791012674570084,1.2617920292541385,0.6645839894190431,1.9778750138357282
683,Weiqian,unknown,unavailable_in_sd_path,32,intent_directory,/Users/zilongzeng/Research/DroneControl/user_study_v4/Weiqian/Unknown/32.wav,Weiqian/Unknown/32.wav,movement,0.99609375,0.0,0.99609375,0.0,"[-128, 127, -128]",False,,,,,,,,,,,,,0.09450002107769251,1.3073330046609044,0.7490420248359442,2.159791998565197
684,Weiqian,unknown,unavailable_in_sd_path,33,intent_directory,/Users/zilongzeng/Research/DroneControl/user_study_v4/Weiqian/Unknown/33.wav,Weiqian/Unknown/33.wav,movement,0.90234375,0.015625,0.90234375,0.08203125,"[-124, 103, -107]",False,,,,,,,,,,,,,0.06699992809444666,1.4073329512029886,0.6496250862255692,2.1306249545887113
685,Weiqian,unknown,unavailable_in_sd_path,34,intent_directory,/Users/zilongzeng/Research/DroneControl/user_study_v4/Weiqian/Unknown/34.wav,Weiqian/Unknown/34.wav,unknown,0.99609375,0.0,0.0,0.99609375,"[-128, -128, 127]",True,,,,,,,,,,,,,0.0658340286463499,1.1475830106064677,0.6930410163477063,1.914000022225082
686,Weiqian,unknown,unavailable_in_sd_path,35,intent_directory,/Users/zilongzeng/Research/DroneControl/user_study_v4/Weiqian/Unknown/35.wav,Weiqian/Unknown/35.wav,movement,0.984375,0.0,0.984375,0.015625,"[-128, 124, -124]",False,,,,,,,,,,,,,0.04650000482797623,1.3260840205475688,0.6589170079678297,2.038832986727357
687,Weiqian,unknown,unavailable_in_sd_path,36,intent_directory,/Users/zilongzeng/Research/DroneControl/user_study_v4/Weiqian/Unknown/36.wav,Weiqian/Unknown/36.wav,emergency,0.859375,0.859375,0.140625,0.0,"[92, -92, -128]",False,,,,,,,,,,,,,0.06029196083545685,1.2237500632181764,0.658749951981008,1.9494579173624516
688,Weiqian,unknown,unavailable_in_sd_path,37,intent_directory,/Users/zilongzeng/Research/DroneControl/user_study_v4/Weiqian/Unknown/37.wav,Weiqian/Unknown/37.wav,unknown,0.99609375,0.0,0.0,0.99609375,"[-128, -128, 127]",True,,,,,,,,,,,,,0.048332964070141315,1.3481250498443842,0.7266249740496278,2.1311250748112798
689,Weiqian,unknown,unavailable_in_sd_path,38,intent_directory,/Users/zilongzeng/Research/DroneControl/user_study_v4/Weiqian/Unknown/38.wav,Weiqian/Unknown/38.wav,movement,0.9921875,0.0,0.9921875,0.0078125,"[-128, 126, -126]",False,,,,,,,,,,,,,0.062125036492943764,1.2145419605076313,0.7537500932812691,2.0379999186843634
690,Weiqian,unknown,unavailable_in_sd_path,39,intent_directory,/Users/zilongzeng/Research/DroneControl/user_study_v4/Weiqian/Unknown/39.wav,Weiqian/Unknown/39.wav,unknown,0.9453125,0.0546875,0.0,0.9453125,"[-114, -128, 114]",True,,,,,,,,,,,,,0.038958038203418255,1.1982079595327377,0.6651669973507524,1.9108749693259597
691,Weiqian,unknown,unavailable_in_sd_path,40,intent_directory,/Users/zilongzeng/Research/DroneControl/user_study_v4/Weiqian/Unknown/40.wav,Weiqian/Unknown/40.wav,unknown,0.99609375,0.0,0.0,0.99609375,"[-128, -128, 127]",True,,,,,,,,,,,,,0.08887494914233685,1.3808750081807375,0.6224160315468907,2.0986669696867466
692,Weiqian,unknown,unavailable_in_sd_path,41,intent_directory,/Users/zilongzeng/Research/DroneControl/user_study_v4/Weiqian/Unknown/41.wav,Weiqian/Unknown/41.wav,unknown,0.9921875,0.0,0.0078125,0.9921875,"[-128, -126, 126]",True,,,,,,,,,,,,,0.047625042498111725,1.234375056810677,0.6775000365450978,1.973083009943366
693,Weiqian,unknown,unavailable_in_sd_path,42,intent_directory,/Users/zilongzeng/Research/DroneControl/user_study_v4/Weiqian/Unknown/42.wav,Weiqian/Unknown/42.wav,unknown,0.99609375,0.0,0.0,0.99609375,"[-128, -128, 127]",True,,,,,,,,,,,,,0.08150003850460052,1.313582994043827,0.7997089996933937,2.2020420292392373
694,Weiqian,unknown,unavailable_in_sd_path,43,intent_directory,/Users/zilongzeng/Research/DroneControl/user_study_v4/Weiqian/Unknown/43.wav,Weiqian/Unknown/43.wav,unknown,0.99609375,0.0,0.0,0.99609375,"[-128, -128, 127]",True,,,,,,,,,,,,,0.05116697866469622,1.3309160713106394,0.6412500515580177,2.030333038419485
695,Weiqian,unknown,unavailable_in_sd_path,44,intent_directory,/Users/zilongzeng/Research/DroneControl/user_study_v4/Weiqian/Unknown/44.wav,Weiqian/Unknown/44.wav,unknown,0.99609375,0.0,0.0,0.99609375,"[-128, -128, 127]",True,,,,,,,,,,,,,0.054625095799565315,1.2497080024331808,0.6120840553194284,1.9221249967813492
696,Weiqian,unknown,unavailable_in_sd_path,45,intent_directory,/Users/zilongzeng/Research/DroneControl/user_study_v4/Weiqian/Unknown/45.wav,Weiqian/Unknown/45.wav,unknown,0.99609375,0.0,0.0,0.99609375,"[-128, -128, 127]",True,,,,,,,,,,,,,0.040458980947732925,1.1190420482307673,0.6097500445321202,1.7745420336723328
697,Weiqian,unknown,unavailable_in_sd_path,46,intent_directory,/Users/zilongzeng/Research/DroneControl/user_study_v4/Weiqian/Unknown/46.wav,Weiqian/Unknown/46.wav,unknown,0.99609375,0.0,0.0,0.99609375,"[-128, -128, 127]",True,,,,,,,,,,,,,0.03899994771927595,1.1208329815417528,0.7220830302685499,1.8880419665947556
698,Weiqian,unknown,unavailable_in_sd_path,47,intent_directory,/Users/zilongzeng/Research/DroneControl/user_study_v4/Weiqian/Unknown/47.wav,Weiqian/Unknown/47.wav,unknown,0.859375,0.0,0.140625,0.859375,"[-128, -92, 92]",True,,,,,,,,,,,,,0.05083298310637474,1.4518329408019781,0.6868749624118209,2.1973339607939124
699,Weiqian,unknown,unavailable_in_sd_path,48,intent_directory,/Users/zilongzeng/Research/DroneControl/user_study_v4/Weiqian/Unknown/48.wav,Weiqian/Unknown/48.wav,unknown,0.99609375,0.0,0.0,0.99609375,"[-128, -128, 127]",True,,,,,,,,,,,,,0.0862909946590662,1.2830409687012434,0.6682081148028374,2.043624990619719
700,Weiqian,unknown,unavailable_in_sd_path,49,intent_directory,/Users/zilongzeng/Research/DroneControl/user_study_v4/Weiqian/Unknown/49.wav,Weiqian/Unknown/49.wav,movement,0.99609375,0.0,0.99609375,0.0,"[-128, 127, -128]",False,,,,,,,,,,,,,0.04695798270404339,1.1508750030770898,0.6155830342322588,1.8184579676017165
701,Weisi,emergency,unavailable_in_sd_path,0,intent_directory,/Users/zilongzeng/Research/DroneControl/user_study_v4/Weisi/Emergency/0.wav,Weisi/Emergency/0.wav,movement,0.99609375,0.00390625,0.99609375,0.0,"[-127, 127, -128]",False,,,,,,,,,,,,,0.03845803439617157,1.10037496779114,0.7022080244496465,1.8525420455262065
702,Weisi,emergency,unavailable_in_sd_path,1,intent_directory,/Users/zilongzeng/Research/DroneControl/user_study_v4/Weisi/Emergency/1.wav,Weisi/Emergency/1.wav,emergency,0.99609375,0.99609375,0.0,0.0,"[127, -128, -128]",True,,,,,,,,,,,,,0.0990839907899499,1.4127090107649565,0.6488340441137552,2.1689999848604202
703,Weisi,emergency,unavailable_in_sd_path,2,intent_directory,/Users/zilongzeng/Research/DroneControl/user_study_v4/Weisi/Emergency/2.wav,Weisi/Emergency/2.wav,movement,0.99609375,0.0,0.99609375,0.0,"[-128, 127, -128]",False,,,,,,,,,,,,,0.04254095256328583,1.4384579844772816,0.6539999740198255,2.1422920981422067
704,Weisi,emergency,unavailable_in_sd_path,3,intent_directory,/Users/zilongzeng/Research/DroneControl/user_study_v4/Weisi/Emergency/3.wav,Weisi/Emergency/3.wav,emergency,0.99609375,0.99609375,0.00390625,0.0,"[127, -127, -128]",True,,,,,,,,,,,,,0.06999995093792677,1.200290978886187,0.735958106815815,2.015707897953689
705,Weisi,emergency,unavailable_in_sd_path,4,intent_directory,/Users/zilongzeng/Research/DroneControl/user_study_v4/Weisi/Emergency/4.wav,Weisi/Emergency/4.wav,emergency,0.99609375,0.99609375,0.0,0.0,"[127, -128, -128]",True,,,,,,,,,,,,,0.07408298552036285,1.1703750351443887,0.64316694624722,1.892999978736043
706,Weisi,emergency,unavailable_in_sd_path,5,intent_directory,/Users/zilongzeng/Research/DroneControl/user_study_v4/Weisi/Emergency/5.wav,Weisi/Emergency/5.wav,emergency,0.99609375,0.99609375,0.0,0.0,"[127, -128, -128]",True,,,,,,,,,,,,,0.04549999721348286,1.2349579483270645,0.7918330375105143,2.0807080436497927
707,Weisi,emergency,unavailable_in_sd_path,6,intent_directory,/Users/zilongzeng/Research/DroneControl/user_study_v4/Weisi/Emergency/6.wav,Weisi/Emergency/6.wav,emergency,0.99609375,0.99609375,0.0,0.0,"[127, -128, -128]",True,,,,,,,,,,,,,0.07470906712114811,1.2467500055208802,0.7334171095862985,2.0617920672520995
708,Weisi,emergency,unavailable_in_sd_path,7,intent_directory,/Users/zilongzeng/Research/DroneControl/user_study_v4/Weisi/Emergency/7.wav,Weisi/Emergency/7.wav,emergency,0.99609375,0.99609375,0.0,0.0,"[127, -128, -128]",True,,,,,,,,,,,,,0.055625103414058685,1.4653329271823168,0.629749963991344,2.1603329805657268
709,Weisi,emergency,unavailable_in_sd_path,8,intent_directory,/Users/zilongzeng/Research/DroneControl/user_study_v4/Weisi/Emergency/8.wav,Weisi/Emergency/8.wav,emergency,0.99609375,0.99609375,0.0,0.0,"[127, -128, -128]",True,,,,,,,,,,,,,0.10487495455890894,1.3036249438300729,0.8092080242931843,2.233083941973746
710,Weisi,emergency,unavailable_in_sd_path,9,intent_directory,/Users/zilongzeng/Research/DroneControl/user_study_v4/Weisi/Emergency/9.wav,Weisi/Emergency/9.wav,emergency,0.99609375,0.99609375,0.0,0.0,"[127, -128, -128]",True,,,,,,,,,,,,,0.06854103412479162,1.43912504427135,0.660124933347106,2.175917034037411
711,Weisi,emergency,unavailable_in_sd_path,10,intent_directory,/Users/zilongzeng/Research/DroneControl/user_study_v4/Weisi/Emergency/10.wav,Weisi/Emergency/10.wav,emergency,0.99609375,0.99609375,0.0,0.0,"[127, -128, -128]",True,,,,,,,,,,,,,0.09570899419486523,1.2720830272883177,0.6620419444516301,2.035749959759414
712,Weisi,emergency,unavailable_in_sd_path,11,intent_directory,/Users/zilongzeng/Research/DroneControl/user_study_v4/Weisi/Emergency/11.wav,Weisi/Emergency/11.wav,emergency,0.99609375,0.99609375,0.0,0.0,"[127, -128, -128]",True,,,,,,,,,,,,,0.04900002386420965,1.315333996899426,0.6790829356759787,2.049666945822537
713,Weisi,emergency,unavailable_in_sd_path,12,intent_directory,/Users/zilongzeng/Research/DroneControl/user_study_v4/Weisi/Emergency/12.wav,Weisi/Emergency/12.wav,emergency,0.69140625,0.69140625,0.0,0.30859375,"[49, -128, -49]",True,,,,,,,,,,,,,0.05054101347923279,1.2425000313669443,0.6400420097634196,1.9391250098124146
714,Weisi,emergency,unavailable_in_sd_path,13,intent_directory,/Users/zilongzeng/Research/DroneControl/user_study_v4/Weisi/Emergency/13.wav,Weisi/Emergency/13.wav,movement,0.8828125,0.1171875,0.8828125,0.0,"[-98, 98, -128]",False,,,,,,,,,,,,,0.046208035200834274,1.5342079568654299,0.6744579877704382,2.2624999983236194
715,Weisi,emergency,unavailable_in_sd_path,14,intent_directory,/Users/zilongzeng/Research/DroneControl/user_study_v4/Weisi/Emergency/14.wav,Weisi/Emergency/14.wav,emergency,0.99609375,0.99609375,0.0,0.0,"[127, -128, -128]",True,,,,,,,,,,,,,0.0718339579179883,1.2872919905930758,0.6329159950837493,1.9985830876976252
716,Weisi,emergency,unavailable_in_sd_path,15,intent_directory,/Users/zilongzeng/Research/DroneControl/user_study_v4/Weisi/Emergency/15.wav,Weisi/Emergency/15.wav,emergency,0.99609375,0.99609375,0.0,0.0,"[127, -128, -128]",True,,,,,,,,,,,,,0.051625072956085205,1.1581670260056853,0.6350410403683782,1.8497920827940106
717,Weisi,emergency,unavailable_in_sd_path,16,intent_directory,/Users/zilongzeng/Research/DroneControl/user_study_v4/Weisi/Emergency/16.wav,Weisi/Emergency/16.wav,emergency,0.99609375,0.99609375,0.0,0.0,"[127, -128, -128]",True,,,,,,,,,,,,,0.042332918383181095,1.1656660353764892,0.6373750511556864,1.8505420302972198
718,Weisi,emergency,unavailable_in_sd_path,17,intent_directory,/Users/zilongzeng/Research/DroneControl/user_study_v4/Weisi/Emergency/17.wav,Weisi/Emergency/17.wav,emergency,0.99609375,0.99609375,0.0,0.0,"[127, -128, -128]",True,,,,,,,,,,,,,0.037917052395641804,1.598999951966107,0.6711670430377126,2.315790974535048
719,Weisi,emergency,unavailable_in_sd_path,18,intent_directory,/Users/zilongzeng/Research/DroneControl/user_study_v4/Weisi/Emergency/18.wav,Weisi/Emergency/18.wav,emergency,0.99609375,0.99609375,0.0,0.0,"[127, -128, -128]",True,,,,,,,,,,,,,0.09437499102205038,1.2450420763343573,0.7133339531719685,2.05858307890594
720,Weisi,emergency,unavailable_in_sd_path,19,intent_directory,/Users/zilongzeng/Research/DroneControl/user_study_v4/Weisi/Emergency/19.wav,Weisi/Emergency/19.wav,emergency,0.99609375,0.99609375,0.0,0.0,"[127, -128, -128]",True,,,,,,,,,,,,,0.049749971367418766,1.2298750225454569,0.796334003098309,2.085500047542155
721,Weisi,emergency,unavailable_in_sd_path,20,intent_directory,/Users/zilongzeng/Research/DroneControl/user_study_v4/Weisi/Emergency/20.wav,Weisi/Emergency/20.wav,emergency,0.99609375,0.99609375,0.0,0.0,"[127, -128, -128]",True,,,,,,,,,,,,,0.07087504491209984,1.3672909699380398,0.6645419634878635,2.1151250693947077
722,Weisi,emergency,unavailable_in_sd_path,21,intent_directory,/Users/zilongzeng/Research/DroneControl/user_study_v4/Weisi/Emergency/21.wav,Weisi/Emergency/21.wav,movement,0.99609375,0.00390625,0.99609375,0.0,"[-127, 127, -128]",False,,,,,,,,,,,,,0.052749994210898876,1.565166050568223,0.6932920077815652,2.3195419926196337
723,Weisi,emergency,unavailable_in_sd_path,22,intent_directory,/Users/zilongzeng/Research/DroneControl/user_study_v4/Weisi/Emergency/22.wav,Weisi/Emergency/22.wav,unknown,0.99609375,0.0,0.0,0.99609375,"[-128, -128, 127]",False,,,,,,,,,,,,,0.09708409197628498,1.2862089788541198,0.680833007209003,2.0721249748021364
724,Weisi,emergency,unavailable_in_sd_path,23,intent_directory,/Users/zilongzeng/Research/DroneControl/user_study_v4/Weisi/Emergency/23.wav,Weisi/Emergency/23.wav,emergency,0.99609375,0.99609375,0.0,0.0,"[127, -128, -128]",True,,,,,,,,,,,,,0.05950010381639004,1.4444170519709587,0.787207973189652,2.300833002664149
725,Weisi,emergency,unavailable_in_sd_path,24,intent_directory,/Users/zilongzeng/Research/DroneControl/user_study_v4/Weisi/Emergency/24.wav,Weisi/Emergency/24.wav,emergency,0.99609375,0.99609375,0.0,0.0,"[127, -128, -128]",True,,,,,,,,,,,,,0.06579200271517038,1.278041978366673,0.6251250160858035,1.976249972358346
726,Weisi,emergency,unavailable_in_sd_path,25,intent_directory,/Users/zilongzeng/Research/DroneControl/user_study_v4/Weisi/Emergency/25.wav,Weisi/Emergency/25.wav,emergency,0.99609375,0.99609375,0.0,0.0,"[127, -128, -128]",True,,,,,,,,,,,,,0.05216605495661497,1.567250001244247,0.669292057864368,2.298625069670379
727,Weisi,emergency,unavailable_in_sd_path,26,intent_directory,/Users/zilongzeng/Research/DroneControl/user_study_v4/Weisi/Emergency/26.wav,Weisi/Emergency/26.wav,emergency,0.99609375,0.99609375,0.0,0.0,"[127, -128, -128]",True,,,,,,,,,,,,,0.11820800136774778,1.3329999055713415,0.6015830440446734,2.0607090555131435
728,Weisi,emergency,unavailable_in_sd_path,27,intent_directory,/Users/zilongzeng/Research/DroneControl/user_study_v4/Weisi/Emergency/27.wav,Weisi/Emergency/27.wav,emergency,0.9921875,0.9921875,0.0078125,0.0,"[126, -126, -128]",True,,,,,,,,,,,,,0.05295802839100361,1.241791993379593,0.6340829422697425,1.9352500094100833
729,Weisi,emergency,unavailable_in_sd_path,28,intent_directory,/Users/zilongzeng/Research/DroneControl/user_study_v4/Weisi/Emergency/28.wav,Weisi/Emergency/28.wav,emergency,0.99609375,0.99609375,0.0,0.0,"[127, -128, -128]",True,,,,,,,,,,,,,0.061125028878450394,1.4317920431494713,0.8850001031532884,2.391834044829011
730,Weisi,emergency,unavailable_in_sd_path,29,intent_directory,/Users/zilongzeng/Research/DroneControl/user_study_v4/Weisi/Emergency/29.wav,Weisi/Emergency/29.wav,emergency,0.99609375,0.99609375,0.0,0.0,"[127, -128, -128]",True,,,,,,,,,,,,,0.08554209489375353,1.5170000260695815,0.6592500722035766,2.2714169463142753
731,Weisi,emergency,unavailable_in_sd_path,30,intent_directory,/Users/zilongzeng/Research/DroneControl/user_study_v4/Weisi/Emergency/30.wav,Weisi/Emergency/30.wav,unknown,0.98046875,0.0,0.015625,0.98046875,"[-128, -124, 123]",False,,,,,,,,,,,,,0.1254579983651638,1.3635839568451047,0.6382089341059327,2.134916023351252
732,Weisi,emergency,unavailable_in_sd_path,31,intent_directory,/Users/zilongzeng/Research/DroneControl/user_study_v4/Weisi/Emergency/31.wav,Weisi/Emergency/31.wav,movement,0.984375,0.015625,0.984375,0.0,"[-124, 124, -128]",False,,,,,,,,,,,,,0.06620900239795446,1.2579169124364853,0.6470410153269768,1.9771660445258021
733,Weisi,emergency,unavailable_in_sd_path,32,intent_directory,/Users/zilongzeng/Research/DroneControl/user_study_v4/Weisi/Emergency/32.wav,Weisi/Emergency/32.wav,movement,0.734375,0.26953125,0.734375,0.0,"[-59, 60, -128]",False,,,,,,,,,,,,,0.04758394788950682,1.3197080697864294,0.6835419917479157,2.0889159059152007
734,Weisi,emergency,unavailable_in_sd_path,33,intent_directory,/Users/zilongzeng/Research/DroneControl/user_study_v4/Weisi/Emergency/33.wav,Weisi/Emergency/33.wav,emergency,0.99609375,0.99609375,0.0,0.0,"[127, -128, -128]",True,,,,,,,,,,,,,0.1029579434543848,1.3845829525962472,0.6437919801101089,2.1387089509516954
735,Weisi,emergency,unavailable_in_sd_path,34,intent_directory,/Users/zilongzeng/Research/DroneControl/user_study_v4/Weisi/Emergency/34.wav,Weisi/Emergency/34.wav,emergency,0.8046875,0.8046875,0.1953125,0.0,"[78, -78, -128]",True,,,,,,,,,,,,,0.08558400440961123,1.3503750087693334,0.7189169991761446,2.163624973036349
736,Weisi,emergency,unavailable_in_sd_path,35,intent_directory,/Users/zilongzeng/Research/DroneControl/user_study_v4/Weisi/Emergency/35.wav,Weisi/Emergency/35.wav,unknown,0.99609375,0.00390625,0.0,0.99609375,"[-127, -128, 127]",False,,,,,,,,,,,,,0.08883292321115732,1.3668750179931521,0.6417499389499426,2.1024170564487576
737,Weisi,emergency,unavailable_in_sd_path,36,intent_directory,/Users/zilongzeng/Research/DroneControl/user_study_v4/Weisi/Emergency/36.wav,Weisi/Emergency/36.wav,emergency,0.99609375,0.99609375,0.0,0.0,"[127, -128, -128]",True,,,,,,,,,,,,,0.05100003909319639,1.2508330401033163,0.7892079884186387,2.0993329817429185
738,Weisi,emergency,unavailable_in_sd_path,37,intent_directory,/Users/zilongzeng/Research/DroneControl/user_study_v4/Weisi/Emergency/37.wav,Weisi/Emergency/37.wav,emergency,0.99609375,0.99609375,0.0,0.0,"[127, -128, -128]",True,,,,,,,,,,,,,0.07445807568728924,1.455791061744094,0.6667079869657755,2.206166973337531
739,Weisi,emergency,unavailable_in_sd_path,38,intent_directory,/Users/zilongzeng/Research/DroneControl/user_study_v4/Weisi/Emergency/38.wav,Weisi/Emergency/38.wav,unknown,0.9921875,0.0078125,0.0,0.9921875,"[-126, -128, 126]",False,,,,,,,,,,,,,0.0974580179899931,1.3946249382570386,0.7722500013187528,2.2939170012250543
740,Weisi,emergency,unavailable_in_sd_path,39,intent_directory,/Users/zilongzeng/Research/DroneControl/user_study_v4/Weisi/Emergency/39.wav,Weisi/Emergency/39.wav,emergency,0.99609375,0.99609375,0.0,0.0,"[127, -128, -128]",True,,,,,,,,,,,,,0.07275003008544445,1.4522920828312635,0.6617499748244882,2.193583990447223
741,Weisi,emergency,unavailable_in_sd_path,40,intent_directory,/Users/zilongzeng/Research/DroneControl/user_study_v4/Weisi/Emergency/40.wav,Weisi/Emergency/40.wav,emergency,0.99609375,0.99609375,0.0,0.0,"[127, -128, -128]",True,,,,,,,,,,,,,0.05679100286215544,1.4845420373603702,0.6501249736174941,2.200416987761855
742,Weisi,emergency,unavailable_in_sd_path,41,intent_directory,/Users/zilongzeng/Research/DroneControl/user_study_v4/Weisi/Emergency/41.wav,Weisi/Emergency/41.wav,movement,0.9609375,0.0390625,0.9609375,0.0,"[-118, 118, -128]",False,,,,,,,,,,,,,0.1180840190500021,1.3651249464601278,0.7506660185754299,2.2473749704658985
743,Weisi,movement,unavailable_in_sd_path,0,intent_directory,/Users/zilongzeng/Research/DroneControl/user_study_v4/Weisi/Movement/0.wav,Weisi/Movement/0.wav,movement,0.99609375,0.0,0.99609375,0.0,"[-128, 127, -128]",True,,,,,,,,,,,,,0.0730419997125864,1.4964999863877892,0.663875020109117,2.2409999510273337
744,Weisi,movement,unavailable_in_sd_path,1,intent_directory,/Users/zilongzeng/Research/DroneControl/user_study_v4/Weisi/Movement/1.wav,Weisi/Movement/1.wav,movement,0.99609375,0.0,0.99609375,0.0,"[-128, 127, -128]",True,,,,,,,,,,,,,0.07187505252659321,1.2847499456256628,0.6670840084552765,2.0319169852882624
745,Weisi,movement,unavailable_in_sd_path,2,intent_directory,/Users/zilongzeng/Research/DroneControl/user_study_v4/Weisi/Movement/2.wav,Weisi/Movement/2.wav,unknown,0.99609375,0.0,0.00390625,0.99609375,"[-128, -127, 127]",False,,,,,,,,,,,,,0.060916063375771046,1.523124985396862,0.6713339826092124,2.263457980006933
746,Weisi,movement,unavailable_in_sd_path,3,intent_directory,/Users/zilongzeng/Research/DroneControl/user_study_v4/Weisi/Movement/3.wav,Weisi/Movement/3.wav,movement,0.99609375,0.0,0.99609375,0.0,"[-128, 127, -128]",True,,,,,,,,,,,,,0.10254199150949717,1.4154579257592559,0.7016670424491167,2.23070802167058
747,Weisi,movement,unavailable_in_sd_path,4,intent_directory,/Users/zilongzeng/Research/DroneControl/user_study_v4/Weisi/Movement/4.wav,Weisi/Movement/4.wav,emergency,0.99609375,0.99609375,0.0,0.00390625,"[127, -128, -127]",False,,,,,,,,,,,,,0.05345896352082491,1.206875080242753,0.6310839671641588,1.897374982945621
748,Weisi,movement,unavailable_in_sd_path,5,intent_directory,/Users/zilongzeng/Research/DroneControl/user_study_v4/Weisi/Movement/5.wav,Weisi/Movement/5.wav,unknown,0.99609375,0.0,0.00390625,0.99609375,"[-128, -127, 127]",False,,,,,,,,,,,,,0.044874963350594044,1.3071249704807997,0.6877499399706721,2.0474999910220504
749,Weisi,movement,unavailable_in_sd_path,6,intent_directory,/Users/zilongzeng/Research/DroneControl/user_study_v4/Weisi/Movement/6.wav,Weisi/Movement/6.wav,movement,0.99609375,0.0,0.99609375,0.0,"[-128, 127, -128]",True,,,,,,,,,,,,,0.06125005893409252,1.5773340128362179,0.7727500051259995,2.4228330003097653
750,Weisi,movement,unavailable_in_sd_path,7,intent_directory,/Users/zilongzeng/Research/DroneControl/user_study_v4/Weisi/Movement/7.wav,Weisi/Movement/7.wav,movement,0.99609375,0.0,0.99609375,0.0,"[-128, 127, -128]",True,,,,,,,,,,,,,0.10075001046061516,1.3024170184507966,0.7382079493254423,2.1512910025194287
751,Weisi,movement,unavailable_in_sd_path,8,intent_directory,/Users/zilongzeng/Research/DroneControl/user_study_v4/Weisi/Movement/8.wav,Weisi/Movement/8.wav,movement,0.99609375,0.0,0.99609375,0.0,"[-128, 127, -128]",True,,,,,,,,,,,,,0.05712499842047691,1.5132500557228923,0.6252920720726252,2.2042919881641865
752,Weisi,movement,unavailable_in_sd_path,9,intent_directory,/Users/zilongzeng/Research/DroneControl/user_study_v4/Weisi/Movement/9.wav,Weisi/Movement/9.wav,movement,0.99609375,0.0,0.99609375,0.0,"[-128, 127, -128]",True,,,,,,,,,,,,,0.0944170169532299,1.3916250318288803,0.5955829983577132,2.0909160375595093
753,Weisi,movement,unavailable_in_sd_path,10,intent_directory,/Users/zilongzeng/Research/DroneControl/user_study_v4/Weisi/Movement/10.wav,Weisi/Movement/10.wav,movement,0.76953125,0.0,0.76953125,0.23046875,"[-128, 69, -69]",True,,,,,,,,,,,,,0.052459072321653366,1.410915981978178,0.8062500273808837,2.2852079709991813
754,Weisi,movement,unavailable_in_sd_path,11,intent_directory,/Users/zilongzeng/Research/DroneControl/user_study_v4/Weisi/Movement/11.wav,Weisi/Movement/11.wav,movement,0.99609375,0.0,0.99609375,0.0,"[-128, 127, -128]",True,,,,,,,,,,,,,0.05441601388156414,1.3636250514537096,0.676875002682209,2.106957952491939
755,Weisi,movement,unavailable_in_sd_path,12,intent_directory,/Users/zilongzeng/Research/DroneControl/user_study_v4/Weisi/Movement/12.wav,Weisi/Movement/12.wav,movement,0.99609375,0.0,0.99609375,0.0,"[-128, 127, -128]",True,,,,,,,,,,,,,0.08170807268470526,1.249958062544465,0.6962089100852609,2.0341669442132115
756,Weisi,movement,unavailable_in_sd_path,13,intent_directory,/Users/zilongzeng/Research/DroneControl/user_study_v4/Weisi/Movement/13.wav,Weisi/Movement/13.wav,movement,0.99609375,0.0,0.99609375,0.0,"[-128, 127, -128]",True,,,,,,,,,,,,,0.06258394569158554,1.2310000602155924,0.7670419290661812,2.0704999333247542
757,Weisi,movement,unavailable_in_sd_path,14,intent_directory,/Users/zilongzeng/Research/DroneControl/user_study_v4/Weisi/Movement/14.wav,Weisi/Movement/14.wav,movement,0.99609375,0.0,0.99609375,0.0,"[-128, 127, -128]",True,,,,,,,,,,,,,0.07275003008544445,1.2899170396849513,0.6354999495670199,2.0055409986525774
758,Weisi,movement,unavailable_in_sd_path,15,intent_directory,/Users/zilongzeng/Research/DroneControl/user_study_v4/Weisi/Movement/15.wav,Weisi/Movement/15.wav,movement,0.99609375,0.0,0.99609375,0.0,"[-128, 127, -128]",True,,,,,,,,,,,,,0.05737505853176117,1.1937080416828394,0.6141249323263764,1.8708750139921904
759,Weisi,movement,unavailable_in_sd_path,16,intent_directory,/Users/zilongzeng/Research/DroneControl/user_study_v4/Weisi/Movement/16.wav,Weisi/Movement/16.wav,movement,0.99609375,0.0,0.99609375,0.0,"[-128, 127, -128]",True,,,,,,,,,,,,,0.04116701893508434,1.279124990105629,0.6221249932423234,1.9523750524967909
760,Weisi,movement,unavailable_in_sd_path,17,intent_directory,/Users/zilongzeng/Research/DroneControl/user_study_v4/Weisi/Movement/17.wav,Weisi/Movement/17.wav,movement,0.99609375,0.0,0.99609375,0.0,"[-128, 127, -128]",True,,,,,,,,,,,,,0.1277499832212925,1.3364580227062106,0.6949580274522305,2.173792105168104
761,Weisi,movement,unavailable_in_sd_path,18,intent_directory,/Users/zilongzeng/Research/DroneControl/user_study_v4/Weisi/Movement/18.wav,Weisi/Movement/18.wav,movement,0.99609375,0.0,0.99609375,0.0,"[-128, 127, -128]",True,,,,,,,,,,,,,0.05495804361999035,1.3340000296011567,0.673375092446804,2.070541027933359
762,Weisi,movement,unavailable_in_sd_path,19,intent_directory,/Users/zilongzeng/Research/DroneControl/user_study_v4/Weisi/Movement/19.wav,Weisi/Movement/19.wav,movement,0.91796875,0.0,0.91796875,0.08203125,"[-128, 107, -107]",True,,,,,,,,,,,,,0.08200004231184721,1.4766249805688858,0.6305830320343375,2.1952498937025666
763,Yueyuan,emergency,unavailable_in_sd_path,0,intent_directory,/Users/zilongzeng/Research/DroneControl/user_study_v4/Yueyuan/Emergency/0.wav,Yueyuan/Emergency/0.wav,emergency,0.99609375,0.99609375,0.0,0.0,"[127, -128, -128]",True,,,,,,,,,,,,,0.05383300594985485,1.1935839429497719,0.7327080238610506,1.989833079278469
764,Yueyuan,emergency,unavailable_in_sd_path,1,intent_directory,/Users/zilongzeng/Research/DroneControl/user_study_v4/Yueyuan/Emergency/1.wav,Yueyuan/Emergency/1.wav,unknown,0.99609375,0.0,0.0,0.99609375,"[-128, -128, 127]",False,,,,,,,,,,,,,0.06812508217990398,1.3759590219706297,0.6718329386785626,2.1255420288071036
765,Yueyuan,emergency,unavailable_in_sd_path,2,intent_directory,/Users/zilongzeng/Research/DroneControl/user_study_v4/Yueyuan/Emergency/2.wav,Yueyuan/Emergency/2.wav,unknown,0.99609375,0.0,0.0,0.99609375,"[-128, -128, 127]",False,,,,,,,,,,,,,0.08070794865489006,1.493041985668242,0.6843750597909093,2.2680419497191906
766,Yueyuan,emergency,unavailable_in_sd_path,3,intent_directory,/Users/zilongzeng/Research/DroneControl/user_study_v4/Yueyuan/Emergency/3.wav,Yueyuan/Emergency/3.wav,unknown,0.99609375,0.0,0.0,0.99609375,"[-128, -128, 127]",False,,,,,,,,,,,,,0.1212910283356905,1.537625095807016,0.7375000277534127,2.4192080600187182
767,Yueyuan,emergency,unavailable_in_sd_path,4,intent_directory,/Users/zilongzeng/Research/DroneControl/user_study_v4/Yueyuan/Emergency/4.wav,Yueyuan/Emergency/4.wav,emergency,0.99609375,0.99609375,0.0,0.0,"[127, -128, -128]",True,,,,,,,,,,,,,0.09204098023474216,1.3748749624937773,0.7885419763624668,2.2876670118421316
768,Yueyuan,emergency,unavailable_in_sd_path,5,intent_directory,/Users/zilongzeng/Research/DroneControl/user_study_v4/Yueyuan/Emergency/5.wav,Yueyuan/Emergency/5.wav,emergency,0.99609375,0.99609375,0.0,0.0,"[127, -128, -128]",True,,,,,,,,,,,,,0.1026670215651393,1.4240409946069121,0.683083082549274,2.217791974544525
769,Yueyuan,emergency,unavailable_in_sd_path,6,intent_directory,/Users/zilongzeng/Research/DroneControl/user_study_v4/Yueyuan/Emergency/6.wav,Yueyuan/Emergency/6.wav,emergency,0.99609375,0.99609375,0.0,0.0,"[127, -128, -128]",True,,,,,,,,,,,,,0.07458403706550598,1.4128329930827022,0.7645420264452696,2.2627089638262987
770,Yueyuan,emergency,unavailable_in_sd_path,7,intent_directory,/Users/zilongzeng/Research/DroneControl/user_study_v4/Yueyuan/Emergency/7.wav,Yueyuan/Emergency/7.wav,emergency,0.99609375,0.99609375,0.0,0.0,"[127, -128, -128]",True,,,,,,,,,,,,,0.07158296648412943,1.3325000181794167,0.7527921115979552,2.168250037357211
771,Yueyuan,emergency,unavailable_in_sd_path,8,intent_directory,/Users/zilongzeng/Research/DroneControl/user_study_v4/Yueyuan/Emergency/8.wav,Yueyuan/Emergency/8.wav,emergency,0.99609375,0.99609375,0.0,0.0,"[127, -128, -128]",True,,,,,,,,,,,,,0.11700007598847151,1.4057080261409283,0.731165986508131,2.2837920114398003
772,Yueyuan,emergency,unavailable_in_sd_path,9,intent_directory,/Users/zilongzeng/Research/DroneControl/user_study_v4/Yueyuan/Emergency/9.wav,Yueyuan/Emergency/9.wav,emergency,0.99609375,0.99609375,0.0,0.0,"[127, -128, -128]",True,,,,,,,,,,,,,0.08662499021738768,1.3536670012399554,0.6227910052984953,2.069749985821545
773,Yueyuan,emergency,unavailable_in_sd_path,10,intent_directory,/Users/zilongzeng/Research/DroneControl/user_study_v4/Yueyuan/Emergency/10.wav,Yueyuan/Emergency/10.wav,emergency,0.99609375,0.99609375,0.0,0.0,"[127, -128, -128]",True,,,,,,,,,,,,,0.05837506614625454,1.2180000776425004,0.7879999466240406,2.0820830250158906
774,Yueyuan,emergency,unavailable_in_sd_path,11,intent_directory,/Users/zilongzeng/Research/DroneControl/user_study_v4/Yueyuan/Emergency/11.wav,Yueyuan/Emergency/11.wav,emergency,0.99609375,0.99609375,0.0,0.0,"[127, -128, -128]",True,,,,,,,,,,,,,0.07441698107868433,1.606958918273449,0.6970420945435762,2.384541090577841
775,Yueyuan,emergency,unavailable_in_sd_path,12,intent_directory,/Users/zilongzeng/Research/DroneControl/user_study_v4/Yueyuan/Emergency/12.wav,Yueyuan/Emergency/12.wav,emergency,0.99609375,0.99609375,0.0,0.0,"[127, -128, -128]",True,,,,,,,,,,,,,0.06845907773822546,1.3527090195566416,0.6786250742152333,2.1117080468684435
776,Yueyuan,emergency,unavailable_in_sd_path,13,intent_directory,/Users/zilongzeng/Research/DroneControl/user_study_v4/Yueyuan/Emergency/13.wav,Yueyuan/Emergency/13.wav,emergency,0.99609375,0.99609375,0.0,0.0,"[127, -128, -128]",True,,,,,,,,,,,,,0.055709038861095905,1.1867090361192822,0.6157079478725791,1.8632910214364529
777,Yueyuan,emergency,unavailable_in_sd_path,14,intent_directory,/Users/zilongzeng/Research/DroneControl/user_study_v4/Yueyuan/Emergency/14.wav,Yueyuan/Emergency/14.wav,emergency,0.99609375,0.99609375,0.0,0.0,"[127, -128, -128]",True,,,,,,,,,,,,,0.03975001163780689,1.2082919711247087,0.8019580272957683,2.0647500641644
778,Yueyuan,emergency,unavailable_in_sd_path,15,intent_directory,/Users/zilongzeng/Research/DroneControl/user_study_v4/Yueyuan/Emergency/15.wav,Yueyuan/Emergency/15.wav,emergency,0.99609375,0.99609375,0.0,0.0,"[127, -128, -128]",True,,,,,,,,,,,,,0.05416700150817633,1.4218749711290002,0.7844159845262766,2.2817919962108135
779,Yueyuan,emergency,unavailable_in_sd_path,16,intent_directory,/Users/zilongzeng/Research/DroneControl/user_study_v4/Yueyuan/Emergency/16.wav,Yueyuan/Emergency/16.wav,movement,0.96875,0.03125,0.96875,0.0,"[-120, 120, -128]",False,,,,,,,,,,,,,0.11354195885360241,1.5783329727128148,0.6272500613704324,2.3279590532183647
780,Yueyuan,emergency,unavailable_in_sd_path,17,intent_directory,/Users/zilongzeng/Research/DroneControl/user_study_v4/Yueyuan/Emergency/17.wav,Yueyuan/Emergency/17.wav,movement,0.99609375,0.00390625,0.99609375,0.0,"[-127, 127, -128]",False,,,,,,,,,,,,,0.07199996616691351,1.354167005047202,0.6545409560203552,2.086375025101006
781,Yueyuan,emergency,unavailable_in_sd_path,18,intent_directory,/Users/zilongzeng/Research/DroneControl/user_study_v4/Yueyuan/Emergency/18.wav,Yueyuan/Emergency/18.wav,emergency,0.9921875,0.9921875,0.0,0.0078125,"[126, -128, -126]",True,,,,,,,,,,,,,0.049749971367418766,1.4353330479934812,0.7440409390255809,2.239041030406952
782,Yueyuan,emergency,unavailable_in_sd_path,19,intent_directory,/Users/zilongzeng/Research/DroneControl/user_study_v4/Yueyuan/Emergency/19.wav,Yueyuan/Emergency/19.wav,emergency,0.99609375,0.99609375,0.0,0.0,"[127, -128, -128]",True,,,,,,,,,,,,,0.06841705180704594,1.5027080662548542,0.6981670157983899,2.2909579565748572
783,Yueyuan,emergency,unavailable_in_sd_path,20,intent_directory,/Users/zilongzeng/Research/DroneControl/user_study_v4/Yueyuan/Emergency/20.wav,Yueyuan/Emergency/20.wav,emergency,0.80078125,0.80078125,0.00390625,0.1953125,"[77, -127, -78]",True,,,,,,,,,,,,,0.09587500244379044,1.740124891512096,0.6462089950218797,2.4903330486267805
784,Yueyuan,emergency,unavailable_in_sd_path,21,intent_directory,/Users/zilongzeng/Research/DroneControl/user_study_v4/Yueyuan/Emergency/21.wav,Yueyuan/Emergency/21.wav,emergency,0.99609375,0.99609375,0.0,0.0,"[127, -128, -128]",True,,,,,,,,,,,,,0.0778749817982316,1.1822080705314875,0.6480829324573278,1.9143749959766865
785,Yueyuan,emergency,unavailable_in_sd_path,22,intent_directory,/Users/zilongzeng/Research/DroneControl/user_study_v4/Yueyuan/Emergency/22.wav,Yueyuan/Emergency/22.wav,emergency,0.99609375,0.99609375,0.0,0.0,"[127, -128, -128]",True,,,,,,,,,,,,,0.04416704177856445,1.6227499581873417,0.8492500055581331,2.528417040593922
786,Yueyuan,emergency,unavailable_in_sd_path,23,intent_directory,/Users/zilongzeng/Research/DroneControl/user_study_v4/Yueyuan/Emergency/23.wav,Yueyuan/Emergency/23.wav,emergency,0.99609375,0.99609375,0.0,0.0,"[127, -128, -128]",True,,,,,,,,,,,,,0.10679103434085846,1.4715830329805613,0.9462919551879168,2.5403749896213412
787,Yueyuan,emergency,unavailable_in_sd_path,24,intent_directory,/Users/zilongzeng/Research/DroneControl/user_study_v4/Yueyuan/Emergency/24.wav,Yueyuan/Emergency/24.wav,emergency,0.99609375,0.99609375,0.0,0.0,"[127, -128, -128]",True,,,,,,,,,,,,,0.0688750296831131,1.3406670186668634,0.63699996098876,2.0535410149022937
788,Yueyuan,emergency,unavailable_in_sd_path,25,intent_directory,/Users/zilongzeng/Research/DroneControl/user_study_v4/Yueyuan/Emergency/25.wav,Yueyuan/Emergency/25.wav,emergency,0.99609375,0.99609375,0.0,0.0,"[127, -128, -128]",True,,,,,,,,,,,,,0.05270796827971935,1.3935829047113657,0.7278330158442259,2.1832080092281103
789,Yueyuan,emergency,unavailable_in_sd_path,26,intent_directory,/Users/zilongzeng/Research/DroneControl/user_study_v4/Yueyuan/Emergency/26.wav,Yueyuan/Emergency/26.wav,emergency,0.99609375,0.99609375,0.0,0.0,"[127, -128, -128]",True,,,,,,,,,,,,,0.08458306547254324,1.631000079214573,0.7510000141337514,2.478040987625718
790,Yueyuan,emergency,unavailable_in_sd_path,27,intent_directory,/Users/zilongzeng/Research/DroneControl/user_study_v4/Yueyuan/Emergency/27.wav,Yueyuan/Emergency/27.wav,emergency,0.99609375,0.99609375,0.0,0.0,"[127, -128, -128]",True,,,,,,,,,,,,,0.10395899880677462,1.628790982067585,0.721417018212378,2.4612080305814743
791,Yueyuan,emergency,unavailable_in_sd_path,28,intent_directory,/Users/zilongzeng/Research/DroneControl/user_study_v4/Yueyuan/Emergency/28.wav,Yueyuan/Emergency/28.wav,emergency,0.99609375,0.99609375,0.0,0.0,"[127, -128, -128]",True,,,,,,,,,,,,,0.05754106678068638,1.3244579313322902,0.6304999114945531,2.020083018578589
792,Yueyuan,emergency,unavailable_in_sd_path,29,intent_directory,/Users/zilongzeng/Research/DroneControl/user_study_v4/Yueyuan/Emergency/29.wav,Yueyuan/Emergency/29.wav,movement,0.99609375,0.0,0.99609375,0.0,"[-128, 127, -128]",False,,,,,,,,,,,,,0.05500006955116987,1.5454170061275363,0.7739169523119926,2.3916669888421893
793,Yueyuan,emergency,unavailable_in_sd_path,30,intent_directory,/Users/zilongzeng/Research/DroneControl/user_study_v4/Yueyuan/Emergency/30.wav,Yueyuan/Emergency/30.wav,emergency,0.99609375,0.99609375,0.0,0.0,"[127, -128, -128]",True,,,,,,,,,,,,,0.11991697829216719,1.437666011042893,0.7111659506335855,2.275334089063108
794,Yueyuan,emergency,unavailable_in_sd_path,31,intent_directory,/Users/zilongzeng/Research/DroneControl/user_study_v4/Yueyuan/Emergency/31.wav,Yueyuan/Emergency/31.wav,movement,0.9609375,0.0390625,0.9609375,0.0,"[-118, 118, -128]",False,,,,,,,,,,,,,0.06116705480962992,1.4418329810723662,0.642125029116869,2.154541900381446
795,Yueyuan,emergency,unavailable_in_sd_path,32,intent_directory,/Users/zilongzeng/Research/DroneControl/user_study_v4/Yueyuan/Emergency/32.wav,Yueyuan/Emergency/32.wav,emergency,0.99609375,0.99609375,0.0,0.0,"[127, -128, -128]",True,,,,,,,,,,,,,0.1193339703604579,1.393500017002225,0.7349579827859998,2.2556670010089874
796,Yueyuan,emergency,unavailable_in_sd_path,33,intent_directory,/Users/zilongzeng/Research/DroneControl/user_study_v4/Yueyuan/Emergency/33.wav,Yueyuan/Emergency/33.wav,emergency,0.99609375,0.99609375,0.0,0.0,"[127, -128, -128]",True,,,,,,,,,,,,,0.056249904446303844,1.4849170111119747,0.6735000060871243,2.221207949332893
797,Yueyuan,emergency,unavailable_in_sd_path,34,intent_directory,/Users/zilongzeng/Research/DroneControl/user_study_v4/Yueyuan/Emergency/34.wav,Yueyuan/Emergency/34.wav,emergency,0.99609375,0.99609375,0.0,0.0,"[127, -128, -128]",True,,,,,,,,,,,,,0.06695894990116358,1.1964580044150352,0.7664590375497937,2.037208992987871
798,Yueyuan,emergency,unavailable_in_sd_path,35,intent_directory,/Users/zilongzeng/Research/DroneControl/user_study_v4/Yueyuan/Emergency/35.wav,Yueyuan/Emergency/35.wav,emergency,0.99609375,0.99609375,0.0,0.0,"[127, -128, -128]",True,,,,,,,,,,,,,0.05937495734542608,1.2233329471200705,0.6213750457391143,1.910374965518713
799,Yueyuan,emergency,unavailable_in_sd_path,36,intent_directory,/Users/zilongzeng/Research/DroneControl/user_study_v4/Yueyuan/Emergency/36.wav,Yueyuan/Emergency/36.wav,emergency,0.99609375,0.99609375,0.0,0.0,"[127, -128, -128]",True,,,,,,,,,,,,,0.05095906089991331,1.4287499943748116,0.6311669712886214,2.1204999648034573
800,Yueyuan,emergency,unavailable_in_sd_path,37,intent_directory,/Users/zilongzeng/Research/DroneControl/user_study_v4/Yueyuan/Emergency/37.wav,Yueyuan/Emergency/37.wav,emergency,0.8203125,0.8203125,0.015625,0.1640625,"[82, -124, -86]",True,,,,,,,,,,,,,0.08891697507351637,1.7320419428870082,0.7816660217940807,2.6139579713344574
801,Yueyuan,emergency,unavailable_in_sd_path,38,intent_directory,/Users/zilongzeng/Research/DroneControl/user_study_v4/Yueyuan/Emergency/38.wav,Yueyuan/Emergency/38.wav,movement,0.55078125,0.44921875,0.55078125,0.0,"[-13, 13, -128]",False,,,,,,,,,,,,,0.09941600728780031,1.4335419982671738,0.6561250193044543,2.197417081333697
802,Yueyuan,emergency,unavailable_in_sd_path,39,intent_directory,/Users/zilongzeng/Research/DroneControl/user_study_v4/Yueyuan/Emergency/39.wav,Yueyuan/Emergency/39.wav,emergency,0.99609375,0.99609375,0.0,0.0,"[127, -128, -128]",True,,,,,,,,,,,,,0.06879190914332867,1.199041958898306,0.6481250748038292,1.9218750530853868
803,Yueyuan,emergency,unavailable_in_sd_path,40,intent_directory,/Users/zilongzeng/Research/DroneControl/user_study_v4/Yueyuan/Emergency/40.wav,Yueyuan/Emergency/40.wav,emergency,0.99609375,0.99609375,0.0,0.0,"[127, -128, -128]",True,,,,,,,,,,,,,0.04320894367992878,1.3224580325186253,0.7345000049099326,2.10937496740371
804,Yueyuan,emergency,unavailable_in_sd_path,41,intent_directory,/Users/zilongzeng/Research/DroneControl/user_study_v4/Yueyuan/Emergency/41.wav,Yueyuan/Emergency/41.wav,movement,0.9921875,0.0078125,0.9921875,0.0,"[-126, 126, -128]",False,,,,,,,,,,,,,0.07466599345207214,1.378707936964929,0.685499981045723,2.1455000387504697
805,Yueyuan,emergency,unavailable_in_sd_path,42,intent_directory,/Users/zilongzeng/Research/DroneControl/user_study_v4/Yueyuan/Emergency/42.wav,Yueyuan/Emergency/42.wav,emergency,0.99609375,0.99609375,0.0,0.0,"[127, -128, -128]",True,,,,,,,,,,,,,0.062249950133264065,1.465582987293601,0.6404169835150242,2.1746669663116336
806,Yueyuan,emergency,unavailable_in_sd_path,43,intent_directory,/Users/zilongzeng/Research/DroneControl/user_study_v4/Yueyuan/Emergency/43.wav,Yueyuan/Emergency/43.wav,emergency,0.99609375,0.99609375,0.0,0.0,"[127, -128, -128]",True,,,,,,,,,,,,,0.05504197906702757,1.2058749562129378,0.6491669919341803,1.915625063702464
807,Yueyuan,emergency,unavailable_in_sd_path,44,intent_directory,/Users/zilongzeng/Research/DroneControl/user_study_v4/Yueyuan/Emergency/44.wav,Yueyuan/Emergency/44.wav,emergency,0.99609375,0.99609375,0.0,0.0,"[127, -128, -128]",True,,,,,,,,,,,,,0.04079192876815796,1.398625085130334,0.6151670822873712,2.061957959085703
808,Yueyuan,emergency,unavailable_in_sd_path,45,intent_directory,/Users/zilongzeng/Research/DroneControl/user_study_v4/Yueyuan/Emergency/45.wav,Yueyuan/Emergency/45.wav,emergency,0.99609375,0.99609375,0.0,0.0,"[127, -128, -128]",True,,,,,,,,,,,,,0.06687501445412636,1.2367080198600888,0.8611660450696945,2.222832990810275
809,Yueyuan,emergency,unavailable_in_sd_path,46,intent_directory,/Users/zilongzeng/Research/DroneControl/user_study_v4/Yueyuan/Emergency/46.wav,Yueyuan/Emergency/46.wav,emergency,0.99609375,0.99609375,0.0,0.0,"[127, -128, -128]",True,,,,,,,,,,,,,0.0730000901967287,1.7325419466942549,0.8122499566525221,2.62637494597584
810,Yueyuan,emergency,unavailable_in_sd_path,47,intent_directory,/Users/zilongzeng/Research/DroneControl/user_study_v4/Yueyuan/Emergency/47.wav,Yueyuan/Emergency/47.wav,emergency,0.99609375,0.99609375,0.0,0.0,"[127, -128, -128]",True,,,,,,,,,,,,,0.07887498941272497,1.529957982711494,0.7837089942768216,2.401542034931481
811,Yueyuan,emergency,unavailable_in_sd_path,48,intent_directory,/Users/zilongzeng/Research/DroneControl/user_study_v4/Yueyuan/Emergency/48.wav,Yueyuan/Emergency/48.wav,emergency,0.99609375,0.99609375,0.0,0.0,"[127, -128, -128]",True,,,,,,,,,,,,,0.06975000724196434,1.320832991041243,0.7479160558432341,2.148000057786703
812,Yueyuan,emergency,unavailable_in_sd_path,49,intent_directory,/Users/zilongzeng/Research/DroneControl/user_study_v4/Yueyuan/Emergency/49.wav,Yueyuan/Emergency/49.wav,emergency,0.99609375,0.99609375,0.0,0.0,"[127, -128, -128]",True,,,,,,,,,,,,,0.07441698107868433,1.3115829788148403,0.8137079421430826,2.2342089796438813
813,Yueyuan,movement,unavailable_in_sd_path,0,intent_directory,/Users/zilongzeng/Research/DroneControl/user_study_v4/Yueyuan/Movement/0.wav,Yueyuan/Movement/0.wav,movement,0.99609375,0.0,0.99609375,0.0,"[-128, 127, -128]",True,,,,,,,,,,,,,0.08808297570794821,1.3809999218210578,0.6353750359266996,2.113542053848505
814,Yueyuan,movement,unavailable_in_sd_path,1,intent_directory,/Users/zilongzeng/Research/DroneControl/user_study_v4/Yueyuan/Movement/1.wav,Yueyuan/Movement/1.wav,movement,0.99609375,0.0,0.99609375,0.0,"[-128, 127, -128]",True,,,,,,,,,,,,,0.08654105477035046,1.3822499895468354,0.7172920741140842,2.1943330066278577
815,Yueyuan,movement,unavailable_in_sd_path,2,intent_directory,/Users/zilongzeng/Research/DroneControl/user_study_v4/Yueyuan/Movement/2.wav,Yueyuan/Movement/2.wav,movement,0.99609375,0.0,0.99609375,0.0,"[-128, 127, -128]",True,,,,,,,,,,,,,0.09116705041378736,1.4842499513179064,0.6330410251393914,2.217291039414704
816,Yueyuan,movement,unavailable_in_sd_path,3,intent_directory,/Users/zilongzeng/Research/DroneControl/user_study_v4/Yueyuan/Movement/3.wav,Yueyuan/Movement/3.wav,movement,0.99609375,0.0,0.99609375,0.0,"[-128, 127, -128]",True,,,,,,,,,,,,,0.06079103332012892,1.3144999975338578,0.7674169028177857,2.1517499117180705
817,Yueyuan,movement,unavailable_in_sd_path,4,intent_directory,/Users/zilongzeng/Research/DroneControl/user_study_v4/Yueyuan/Movement/4.wav,Yueyuan/Movement/4.wav,movement,0.99609375,0.0,0.99609375,0.0,"[-128, 127, -128]",True,,,,,,,,,,,,,0.09420898277312517,1.3406670186668634,0.6701248930767179,2.1111660171300173
818,Yueyuan,movement,unavailable_in_sd_path,5,intent_directory,/Users/zilongzeng/Research/DroneControl/user_study_v4/Yueyuan/Movement/5.wav,Yueyuan/Movement/5.wav,movement,0.99609375,0.0,0.99609375,0.0,"[-128, 127, -128]",True,,,,,,,,,,,,,0.05095801316201687,1.4272500993683934,0.7332500535994768,2.2237090161070228
819,Yueyuan,movement,unavailable_in_sd_path,6,intent_directory,/Users/zilongzeng/Research/DroneControl/user_study_v4/Yueyuan/Movement/6.wav,Yueyuan/Movement/6.wav,movement,0.99609375,0.0,0.99609375,0.0,"[-128, 127, -128]",True,,,,,,,,,,,,,0.10220799595117569,1.572208944708109,0.6849589990451932,2.3672080133110285
820,Yueyuan,movement,unavailable_in_sd_path,7,intent_directory,/Users/zilongzeng/Research/DroneControl/user_study_v4/Yueyuan/Movement/7.wav,Yueyuan/Movement/7.wav,movement,0.99609375,0.0,0.99609375,0.0,"[-128, 127, -128]",True,,,,,,,,,,,,,0.0854589743539691,1.4437909703701735,0.6362079875543714,2.1745830308645964
821,Yueyuan,movement,unavailable_in_sd_path,8,intent_directory,/Users/zilongzeng/Research/DroneControl/user_study_v4/Yueyuan/Movement/8.wav,Yueyuan/Movement/8.wav,movement,0.99609375,0.0,0.99609375,0.0,"[-128, 127, -128]",True,,,,,,,,,,,,,0.057750032283365726,1.204000087454915,0.6321669789031148,1.8995420541614294
822,Yueyuan,movement,unavailable_in_sd_path,9,intent_directory,/Users/zilongzeng/Research/DroneControl/user_study_v4/Yueyuan/Movement/9.wav,Yueyuan/Movement/9.wav,movement,0.99609375,0.0,0.99609375,0.0,"[-128, 127, -128]",True,,,,,,,,,,,,,0.04783296026289463,1.3431250117719173,0.7091669831424952,2.1065420005470514
823,Yueyuan,movement,unavailable_in_sd_path,10,intent_directory,/Users/zilongzeng/Research/DroneControl/user_study_v4/Yueyuan/Movement/10.wav,Yueyuan/Movement/10.wav,movement,0.99609375,0.0,0.99609375,0.0,"[-128, 127, -128]",True,,,,,,,,,,,,,0.05650008097290993,1.2752499897032976,0.7638749666512012,2.104082959704101
824,Yueyuan,movement,unavailable_in_sd_path,11,intent_directory,/Users/zilongzeng/Research/DroneControl/user_study_v4/Yueyuan/Movement/11.wav,Yueyuan/Movement/11.wav,movement,0.9765625,0.01953125,0.9765625,0.0,"[-123, 122, -128]",True,,,,,,,,,,,,,0.058582983911037445,1.5413339715451002,0.6792499916628003,2.2872500121593475
825,Yueyuan,movement,unavailable_in_sd_path,12,intent_directory,/Users/zilongzeng/Research/DroneControl/user_study_v4/Yueyuan/Movement/12.wav,Yueyuan/Movement/12.wav,unknown,0.671875,0.1640625,0.1640625,0.671875,"[-86, -86, 44]",False,,,,,,,,,,,,,0.06820796988904476,1.2474999530240893,0.7360830204561353,2.0598749397322536
826,Yueyuan,movement,unavailable_in_sd_path,13,intent_directory,/Users/zilongzeng/Research/DroneControl/user_study_v4/Yueyuan/Movement/13.wav,Yueyuan/Movement/13.wav,unknown,0.796875,0.0703125,0.12890625,0.796875,"[-110, -95, 76]",False,,,,,,,,,,,,,0.05291705019772053,1.3443749630823731,0.7380839670076966,2.150875050574541
827,Yueyuan,movement,unavailable_in_sd_path,14,intent_directory,/Users/zilongzeng/Research/DroneControl/user_study_v4/Yueyuan/Movement/14.wav,Yueyuan/Movement/14.wav,movement,0.99609375,0.0,0.99609375,0.0,"[-128, 127, -128]",True,,,,,,,,,,,,,0.07920898497104645,1.287125051021576,0.7208340102806687,2.0985000301152468
828,Yueyuan,movement,unavailable_in_sd_path,15,intent_directory,/Users/zilongzeng/Research/DroneControl/user_study_v4/Yueyuan/Movement/15.wav,Yueyuan/Movement/15.wav,movement,0.99609375,0.0,0.99609375,0.0,"[-128, 127, -128]",True,,,,,,,,,,,,,0.0926250359043479,1.159332925453782,0.6662500090897083,1.924582989886403
829,Yueyuan,movement,unavailable_in_sd_path,16,intent_directory,/Users/zilongzeng/Research/DroneControl/user_study_v4/Yueyuan/Movement/16.wav,Yueyuan/Movement/16.wav,movement,0.99609375,0.0,0.99609375,0.0,"[-128, 127, -128]",True,,,,,,,,,,,,,0.08054194040596485,1.2557499576359987,0.7152919424697757,2.0585829624906182
830,Yueyuan,movement,unavailable_in_sd_path,17,intent_directory,/Users/zilongzeng/Research/DroneControl/user_study_v4/Yueyuan/Movement/17.wav,Yueyuan/Movement/17.wav,movement,0.99609375,0.0,0.99609375,0.0,"[-128, 127, -128]",True,,,,,,,,,,,,,0.050166971050202847,1.3213329948484898,0.7497079204767942,2.1372500341385603
831,Yueyuan,movement,unavailable_in_sd_path,18,intent_directory,/Users/zilongzeng/Research/DroneControl/user_study_v4/Yueyuan/Movement/18.wav,Yueyuan/Movement/18.wav,movement,0.99609375,0.0,0.99609375,0.0,"[-128, 127, -128]",True,,,,,,,,,,,,,0.05520903505384922,1.31929200142622,0.7791660027578473,2.1667080000042915
832,Yueyuan,movement,unavailable_in_sd_path,19,intent_directory,/Users/zilongzeng/Research/DroneControl/user_study_v4/Yueyuan/Movement/19.wav,Yueyuan/Movement/19.wav,movement,0.99609375,0.0,0.99609375,0.0,"[-128, 127, -128]",True,,,,,,,,,,,,,0.061416998505592346,1.3466249220073223,0.7203329587355256,2.1373749477788806
833,Yueyuan,movement,unavailable_in_sd_path,20,intent_directory,/Users/zilongzeng/Research/DroneControl/user_study_v4/Yueyuan/Movement/20.wav,Yueyuan/Movement/20.wav,movement,0.99609375,0.0,0.99609375,0.0,"[-128, 127, -128]",True,,,,,,,,,,,,,0.10191602632403374,1.3230839977040887,0.7435000734403729,2.1778750233352184
834,Yueyuan,movement,unavailable_in_sd_path,21,intent_directory,/Users/zilongzeng/Research/DroneControl/user_study_v4/Yueyuan/Movement/21.wav,Yueyuan/Movement/21.wav,movement,0.99609375,0.0,0.99609375,0.0,"[-128, 127, -128]",True,,,,,,,,,,,,,0.06550003308802843,1.3966669794172049,0.7476250175386667,2.218250068835914
835,Yueyuan,movement,unavailable_in_sd_path,22,intent_directory,/Users/zilongzeng/Research/DroneControl/user_study_v4/Yueyuan/Movement/22.wav,Yueyuan/Movement/22.wav,movement,0.99609375,0.0,0.99609375,0.0,"[-128, 127, -128]",True,,,,,,,,,,,,,0.07700000423938036,1.1855419725179672,0.7069589337334037,1.980583998374641
836,Yueyuan,movement,unavailable_in_sd_path,23,intent_directory,/Users/zilongzeng/Research/DroneControl/user_study_v4/Yueyuan/Movement/23.wav,Yueyuan/Movement/23.wav,movement,0.99609375,0.0,0.99609375,0.0,"[-128, 127, -128]",True,,,,,,,,,,,,,0.05270808469504118,1.2387920869514346,0.6243750685825944,1.922708936035633
837,Yueyuan,movement,unavailable_in_sd_path,24,intent_directory,/Users/zilongzeng/Research/DroneControl/user_study_v4/Yueyuan/Movement/24.wav,Yueyuan/Movement/24.wav,movement,0.99609375,0.0,0.99609375,0.0,"[-128, 127, -128]",True,,,,,,,,,,,,,0.05991698708385229,1.1357079492881894,0.6940839812159538,1.8971669487655163
838,Yueyuan,movement,unavailable_in_sd_path,25,intent_directory,/Users/zilongzeng/Research/DroneControl/user_study_v4/Yueyuan/Movement/25.wav,Yueyuan/Movement/25.wav,movement,0.99609375,0.0,0.99609375,0.0,"[-128, 127, -128]",True,,,,,,,,,,,,,0.05670799873769283,1.403291942551732,0.6390420021489263,2.1089999936521053
839,Yueyuan,movement,unavailable_in_sd_path,26,intent_directory,/Users/zilongzeng/Research/DroneControl/user_study_v4/Yueyuan/Movement/26.wav,Yueyuan/Movement/26.wav,movement,0.99609375,0.0,0.99609375,0.0,"[-128, 127, -128]",True,,,,,,,,,,,,,0.07187505252659321,1.3946249382570386,0.772041967138648,2.246667048893869
840,Yueyuan,movement,unavailable_in_sd_path,27,intent_directory,/Users/zilongzeng/Research/DroneControl/user_study_v4/Yueyuan/Movement/27.wav,Yueyuan/Movement/27.wav,movement,0.99609375,0.0,0.99609375,0.0,"[-128, 127, -128]",True,,,,,,,,,,,,,0.07650000043213367,1.2726250570267439,0.6386659806594253,1.99441600125283
841,Yueyuan,movement,unavailable_in_sd_path,28,intent_directory,/Users/zilongzeng/Research/DroneControl/user_study_v4/Yueyuan/Movement/28.wav,Yueyuan/Movement/28.wav,movement,0.99609375,0.0,0.99609375,0.0,"[-128, 127, -128]",True,,,,,,,,,,,,,0.04983297549188137,1.3535830657929182,0.7248750189319253,2.136249910108745
842,Yueyuan,movement,unavailable_in_sd_path,29,intent_directory,/Users/zilongzeng/Research/DroneControl/user_study_v4/Yueyuan/Movement/29.wav,Yueyuan/Movement/29.wav,movement,0.99609375,0.0,0.99609375,0.0,"[-128, 127, -128]",True,,,,,,,,,,,,,0.06545905489474535,1.3332499656826258,0.7150840247049928,2.121791010722518
843,Yueyuan,movement,unavailable_in_sd_path,30,intent_directory,/Users/zilongzeng/Research/DroneControl/user_study_v4/Yueyuan/Movement/30.wav,Yueyuan/Movement/30.wav,movement,0.99609375,0.0,0.99609375,0.0,"[-128, 127, -128]",True,,,,,,,,,,,,,0.05804200191050768,1.3930000131949782,0.7336669368669391,2.193791908212006
844,Yueyuan,movement,unavailable_in_sd_path,31,intent_directory,/Users/zilongzeng/Research/DroneControl/user_study_v4/Yueyuan/Movement/31.wav,Yueyuan/Movement/31.wav,movement,0.99609375,0.0,0.99609375,0.0,"[-128, 127, -128]",True,,,,,,,,,,,,,0.0742500415071845,1.4292499981820583,0.647250097244978,2.1626250818371773
845,Yueyuan,movement,unavailable_in_sd_path,32,intent_directory,/Users/zilongzeng/Research/DroneControl/user_study_v4/Yueyuan/Movement/32.wav,Yueyuan/Movement/32.wav,movement,0.99609375,0.0,0.99609375,0.0,"[-128, 127, -128]",True,,,,,,,,,,,,,0.0891669187694788,1.339290989562869,0.6929589435458183,2.1288329735398293
846,Yueyuan,movement,unavailable_in_sd_path,33,intent_directory,/Users/zilongzeng/Research/DroneControl/user_study_v4/Yueyuan/Movement/33.wav,Yueyuan/Movement/33.wav,movement,0.99609375,0.0,0.99609375,0.0,"[-128, 127, -128]",True,,,,,,,,,,,,,0.07270800415426493,1.3846659567207098,0.681250006891787,2.1461250726133585
847,Yueyuan,movement,unavailable_in_sd_path,34,intent_directory,/Users/zilongzeng/Research/DroneControl/user_study_v4/Yueyuan/Movement/34.wav,Yueyuan/Movement/34.wav,movement,0.99609375,0.0,0.99609375,0.0,"[-128, 127, -128]",True,,,,,,,,,,,,,0.0667079584673047,1.3774170074611902,0.7165409624576569,2.169499988667667
848,Yueyuan,movement,unavailable_in_sd_path,35,intent_directory,/Users/zilongzeng/Research/DroneControl/user_study_v4/Yueyuan/Movement/35.wav,Yueyuan/Movement/35.wav,movement,0.99609375,0.0,0.99609375,0.0,"[-128, 127, -128]",True,,,,,,,,,,,,,0.08008396252989769,1.4203749597072601,0.7767908973619342,2.290208009071648
849,Yueyuan,movement,unavailable_in_sd_path,36,intent_directory,/Users/zilongzeng/Research/DroneControl/user_study_v4/Yueyuan/Movement/36.wav,Yueyuan/Movement/36.wav,movement,0.99609375,0.0,0.99609375,0.0,"[-128, 127, -128]",True,,,,,,,,,,,,,0.09045808110386133,1.4443330001085997,0.7461250061169267,2.295167068950832
850,Yueyuan,movement,unavailable_in_sd_path,37,intent_directory,/Users/zilongzeng/Research/DroneControl/user_study_v4/Yueyuan/Movement/37.wav,Yueyuan/Movement/37.wav,movement,0.99609375,0.0,0.99609375,0.0,"[-128, 127, -128]",True,,,,,,,,,,,,,0.0950000248849392,1.5224158996716142,0.788375036790967,2.423624973744154
851,Yueyuan,movement,unavailable_in_sd_path,38,intent_directory,/Users/zilongzeng/Research/DroneControl/user_study_v4/Yueyuan/Movement/38.wav,Yueyuan/Movement/38.wav,movement,0.99609375,0.0,0.99609375,0.0,"[-128, 127, -128]",True,,,,,,,,,,,,,0.10195805225521326,1.3697500107809901,0.6213750457391143,2.100749989040196
852,Yueyuan,movement,unavailable_in_sd_path,39,intent_directory,/Users/zilongzeng/Research/DroneControl/user_study_v4/Yueyuan/Movement/39.wav,Yueyuan/Movement/39.wav,movement,0.99609375,0.0,0.99609375,0.0,"[-128, 127, -128]",True,,,,,,,,,,,,,0.05791697185486555,1.2130840914323926,0.7121249800547957,1.992875011637807
853,Yueyuan,movement,unavailable_in_sd_path,40,intent_directory,/Users/zilongzeng/Research/DroneControl/user_study_v4/Yueyuan/Movement/40.wav,Yueyuan/Movement/40.wav,movement,0.99609375,0.0,0.99609375,0.0,"[-128, 127, -128]",True,,,,,,,,,,,,,0.12508395593613386,1.5163749922066927,0.786209013313055,2.4399999529123306
854,Yueyuan,movement,unavailable_in_sd_path,41,intent_directory,/Users/zilongzeng/Research/DroneControl/user_study_v4/Yueyuan/Movement/41.wav,Yueyuan/Movement/41.wav,movement,0.99609375,0.0,0.99609375,0.0,"[-128, 127, -128]",True,,,,,,,,,,,,,0.11462508700788021,1.5614170115441084,0.8079590043053031,2.500999951735139
855,Yueyuan,movement,unavailable_in_sd_path,42,intent_directory,/Users/zilongzeng/Research/DroneControl/user_study_v4/Yueyuan/Movement/42.wav,Yueyuan/Movement/42.wav,movement,0.99609375,0.0,0.99609375,0.0,"[-128, 127, -128]",True,,,,,,,,,,,,,0.07337494753301144,1.2767920270562172,0.6270420271903276,1.9837080035358667
856,Yueyuan,movement,unavailable_in_sd_path,43,intent_directory,/Users/zilongzeng/Research/DroneControl/user_study_v4/Yueyuan/Movement/43.wav,Yueyuan/Movement/43.wav,movement,0.99609375,0.0,0.99609375,0.0,"[-128, 127, -128]",True,,,,,,,,,,,,,0.0516669824719429,1.325499964877963,0.7275840034708381,2.1141250617802143
857,Yueyuan,movement,unavailable_in_sd_path,44,intent_directory,/Users/zilongzeng/Research/DroneControl/user_study_v4/Yueyuan/Movement/44.wav,Yueyuan/Movement/44.wav,movement,0.99609375,0.0,0.99609375,0.0,"[-128, 127, -128]",True,,,,,,,,,,,,,0.05745899397879839,1.3865840155631304,0.7351669482886791,2.187749953009188
858,Yueyuan,movement,unavailable_in_sd_path,45,intent_directory,/Users/zilongzeng/Research/DroneControl/user_study_v4/Yueyuan/Movement/45.wav,Yueyuan/Movement/45.wav,movement,0.99609375,0.0,0.99609375,0.0,"[-128, 127, -128]",True,,,,,,,,,,,,,0.08124997839331627,1.2832919601351023,0.7655000081285834,2.1379999816417694
859,Yueyuan,movement,unavailable_in_sd_path,46,intent_directory,/Users/zilongzeng/Research/DroneControl/user_study_v4/Yueyuan/Movement/46.wav,Yueyuan/Movement/46.wav,movement,0.99609375,0.0,0.99609375,0.0,"[-128, 127, -128]",True,,,,,,,,,,,,,0.05825003609061241,1.2748329900205135,0.6164169171825051,1.9568330608308315
860,Yueyuan,movement,unavailable_in_sd_path,47,intent_directory,/Users/zilongzeng/Research/DroneControl/user_study_v4/Yueyuan/Movement/47.wav,Yueyuan/Movement/47.wav,movement,0.99609375,0.0,0.99609375,0.0,"[-128, 127, -128]",True,,,,,,,,,,,,,0.05283299833536148,1.3828750234097242,0.7204590365290642,2.164624980650842
861,Yueyuan,movement,unavailable_in_sd_path,48,intent_directory,/Users/zilongzeng/Research/DroneControl/user_study_v4/Yueyuan/Movement/48.wav,Yueyuan/Movement/48.wav,emergency,0.93359375,0.93359375,0.06640625,0.0,"[111, -111, -128]",False,,,,,,,,,,,,,0.06745802238583565,1.6170410672202706,0.6430000066757202,2.3345000809058547
862,Yueyuan,movement,unavailable_in_sd_path,49,intent_directory,/Users/zilongzeng/Research/DroneControl/user_study_v4/Yueyuan/Movement/49.wav,Yueyuan/Movement/49.wav,movement,0.99609375,0.0,0.99609375,0.0,"[-128, 127, -128]",True,,,,,,,,,,,,,0.06016704719513655,1.3781670713797212,0.6312500918284059,2.0779999904334545
863,Yunfei,emergency,unavailable_in_sd_path,0,intent_directory,/Users/zilongzeng/Research/DroneControl/user_study_v4/Yunfei/Emergency/0.wav,Yunfei/Emergency/0.wav,emergency,0.99609375,0.99609375,0.0,0.0,"[127, -128, -128]",True,,,,,,,,,,,,,0.0854170648381114,1.300124917179346,0.6413330556824803,2.042750013060868
864,Yunfei,emergency,unavailable_in_sd_path,1,intent_directory,/Users/zilongzeng/Research/DroneControl/user_study_v4/Yunfei/Emergency/1.wav,Yunfei/Emergency/1.wav,emergency,0.99609375,0.99609375,0.0,0.0,"[127, -128, -128]",True,,,,,,,,,,,,,0.09429198689758778,1.361957984045148,0.7350000087171793,2.2032500710338354
865,Yunfei,emergency,unavailable_in_sd_path,2,intent_directory,/Users/zilongzeng/Research/DroneControl/user_study_v4/Yunfei/Emergency/2.wav,Yunfei/Emergency/2.wav,emergency,0.99609375,0.99609375,0.0,0.0,"[127, -128, -128]",True,,,,,,,,,,,,,0.0931670656427741,1.5296670608222485,0.6746250437572598,2.3048340808600187
866,Yunfei,emergency,unavailable_in_sd_path,3,intent_directory,/Users/zilongzeng/Research/DroneControl/user_study_v4/Yunfei/Emergency/3.wav,Yunfei/Emergency/3.wav,emergency,0.99609375,0.99609375,0.0,0.0,"[127, -128, -128]",True,,,,,,,,,,,,,0.06433296948671341,1.401082961820066,0.6270420271903276,2.0990000339224935
867,Yunfei,emergency,unavailable_in_sd_path,4,intent_directory,/Users/zilongzeng/Research/DroneControl/user_study_v4/Yunfei/Emergency/4.wav,Yunfei/Emergency/4.wav,emergency,0.99609375,0.99609375,0.0,0.0,"[127, -128, -128]",True,,,,,,,,,,,,,0.049291993491351604,1.0865420335903764,0.669540953822434,1.8110000528395176
868,Yunfei,emergency,unavailable_in_sd_path,5,intent_directory,/Users/zilongzeng/Research/DroneControl/user_study_v4/Yunfei/Emergency/5.wav,Yunfei/Emergency/5.wav,emergency,0.99609375,0.99609375,0.0,0.0,"[127, -128, -128]",True,,,,,,,,,,,,,0.03991695120930672,1.318583032116294,0.758957932703197,2.133459085598588
869,Yunfei,emergency,unavailable_in_sd_path,6,intent_directory,/Users/zilongzeng/Research/DroneControl/user_study_v4/Yunfei/Emergency/6.wav,Yunfei/Emergency/6.wav,emergency,0.99609375,0.99609375,0.0,0.0,"[127, -128, -128]",True,,,,,,,,,,,,,0.09541702456772327,1.464082975871861,0.7512499578297138,2.318291924893856
870,Yunfei,emergency,unavailable_in_sd_path,7,intent_directory,/Users/zilongzeng/Research/DroneControl/user_study_v4/Yunfei/Emergency/7.wav,Yunfei/Emergency/7.wav,unknown,0.99609375,0.0,0.0,0.99609375,"[-128, -128, 127]",False,,,,,,,,,,,,,0.06866699550300837,1.2149160029366612,0.6308329757303,1.9203340634703636
871,Yunfei,emergency,unavailable_in_sd_path,8,intent_directory,/Users/zilongzeng/Research/DroneControl/user_study_v4/Yunfei/Emergency/8.wav,Yunfei/Emergency/8.wav,emergency,0.99609375,0.99609375,0.0,0.0,"[127, -128, -128]",True,,,,,,,,,,,,,0.050458009354770184,1.1713330168277025,0.7172089535742998,1.9445420475676656
872,Yunfei,emergency,unavailable_in_sd_path,9,intent_directory,/Users/zilongzeng/Research/DroneControl/user_study_v4/Yunfei/Emergency/9.wav,Yunfei/Emergency/9.wav,emergency,0.99609375,0.99609375,0.00390625,0.0,"[127, -127, -128]",True,,,,,,,,,,,,,0.0422910088673234,1.3416250003501773,0.7218749960884452,2.1152080735191703
873,Yunfei,emergency,unavailable_in_sd_path,10,intent_directory,/Users/zilongzeng/Research/DroneControl/user_study_v4/Yunfei/Emergency/10.wav,Yunfei/Emergency/10.wav,emergency,0.99609375,0.99609375,0.0,0.0,"[127, -128, -128]",True,,,,,,,,,,,,,0.09137496817857027,1.4466659631580114,0.7107909768819809,2.255124971270561
874,Yunfei,emergency,unavailable_in_sd_path,11,intent_directory,/Users/zilongzeng/Research/DroneControl/user_study_v4/Yunfei/Emergency/11.wav,Yunfei/Emergency/11.wav,emergency,0.99609375,0.99609375,0.0,0.0,"[127, -128, -128]",True,,,,,,,,,,,,,0.059290905483067036,1.3437910238280892,0.6241250084713101,2.034249948337674
875,Yunfei,emergency,unavailable_in_sd_path,12,intent_directory,/Users/zilongzeng/Research/DroneControl/user_study_v4/Yunfei/Emergency/12.wav,Yunfei/Emergency/12.wav,emergency,0.59765625,0.59765625,0.40234375,0.0,"[25, -25, -128]",True,,,,,,,,,,,,,0.044082989916205406,1.1809590505436063,0.6703749531880021,1.9025830551981926
876,Yunfei,emergency,unavailable_in_sd_path,13,intent_directory,/Users/zilongzeng/Research/DroneControl/user_study_v4/Yunfei/Emergency/13.wav,Yunfei/Emergency/13.wav,emergency,0.99609375,0.99609375,0.0,0.0,"[127, -128, -128]",True,,,,,,,,,,,,,0.047749956138432026,1.3667920138686895,0.7364170160144567,2.1598750026896596
877,Yunfei,emergency,unavailable_in_sd_path,14,intent_directory,/Users/zilongzeng/Research/DroneControl/user_study_v4/Yunfei/Emergency/14.wav,Yunfei/Emergency/14.wav,emergency,0.99609375,0.99609375,0.0,0.0,"[127, -128, -128]",True,,,,,,,,,,,,,0.061125028878450394,1.3680419651791453,0.6320829270407557,2.0672919927164912
878,Yunfei,emergency,unavailable_in_sd_path,15,intent_directory,/Users/zilongzeng/Research/DroneControl/user_study_v4/Yunfei/Emergency/15.wav,Yunfei/Emergency/15.wav,unknown,0.99609375,0.0,0.0,0.99609375,"[-128, -128, 127]",False,,,,,,,,,,,,,0.05079200491309166,1.3731250073760748,0.6171669811010361,2.0464579574763775
879,Yunfei,emergency,unavailable_in_sd_path,16,intent_directory,/Users/zilongzeng/Research/DroneControl/user_study_v4/Yunfei/Emergency/16.wav,Yunfei/Emergency/16.wav,movement,0.99609375,0.0,0.99609375,0.0,"[-128, 127, -128]",False,,,,,,,,,,,,,0.046083005145192146,1.2349580647423863,0.6633748998865485,1.9502919167280197
880,Yunfei,emergency,unavailable_in_sd_path,17,intent_directory,/Users/zilongzeng/Research/DroneControl/user_study_v4/Yunfei/Emergency/17.wav,Yunfei/Emergency/17.wav,movement,0.83203125,0.16796875,0.83203125,0.0,"[-85, 85, -128]",False,,,,,,,,,,,,,0.047874986194074154,1.4023750554770231,0.829333090223372,2.2914999863132834
881,Yunfei,emergency,unavailable_in_sd_path,18,intent_directory,/Users/zilongzeng/Research/DroneControl/user_study_v4/Yunfei/Emergency/18.wav,Yunfei/Emergency/18.wav,emergency,0.99609375,0.99609375,0.0,0.0,"[127, -128, -128]",True,,,,,,,,,,,,,0.08708296809345484,1.3119159266352654,0.7602910045534372,2.1683749509975314
882,Yunfei,emergency,unavailable_in_sd_path,19,intent_directory,/Users/zilongzeng/Research/DroneControl/user_study_v4/Yunfei/Emergency/19.wav,Yunfei/Emergency/19.wav,movement,0.99609375,0.0,0.99609375,0.0,"[-128, 127, -128]",False,,,,,,,,,,,,,0.08470797911286354,1.2588340323418379,0.618541962467134,1.967292046174407
883,Yunfei,emergency,unavailable_in_sd_path,20,intent_directory,/Users/zilongzeng/Research/DroneControl/user_study_v4/Yunfei/Emergency/20.wav,Yunfei/Emergency/20.wav,movement,0.9921875,0.0078125,0.9921875,0.0,"[-126, 126, -128]",False,,,,,,,,,,,,,0.040207989513874054,1.252833055332303,0.7426249794661999,2.042582957074046
884,Yunfei,emergency,unavailable_in_sd_path,21,intent_directory,/Users/zilongzeng/Research/DroneControl/user_study_v4/Yunfei/Emergency/21.wav,Yunfei/Emergency/21.wav,unknown,0.55078125,0.44921875,0.0,0.55078125,"[-13, -128, 13]",False,,,,,,,,,,,,,0.05224999040365219,1.3954590540379286,0.7652079220861197,2.2352919913828373
885,Yunfei,emergency,unavailable_in_sd_path,22,intent_directory,/Users/zilongzeng/Research/DroneControl/user_study_v4/Yunfei/Emergency/22.wav,Yunfei/Emergency/22.wav,emergency,0.8828125,0.8828125,0.0,0.1171875,"[98, -128, -98]",True,,,,,,,,,,,,,0.09945791680365801,1.3200420653447509,0.622207997366786,2.0511249313130975
886,Yunfei,emergency,unavailable_in_sd_path,23,intent_directory,/Users/zilongzeng/Research/DroneControl/user_study_v4/Yunfei/Emergency/23.wav,Yunfei/Emergency/23.wav,emergency,0.99609375,0.99609375,0.0,0.0,"[127, -128, -128]",True,,,,,,,,,,,,,0.06833299994468689,1.2629160191863775,0.6382920546457171,1.9767089979723096
887,Yunfei,emergency,unavailable_in_sd_path,24,intent_directory,/Users/zilongzeng/Research/DroneControl/user_study_v4/Yunfei/Emergency/24.wav,Yunfei/Emergency/24.wav,unknown,0.99609375,0.0,0.0,0.99609375,"[-128, -128, 127]",False,,,,,,,,,,,,,0.06337498780339956,1.3141670497134328,0.6457919953390956,2.030292060226202
888,Yunfei,emergency,unavailable_in_sd_path,25,intent_directory,/Users/zilongzeng/Research/DroneControl/user_study_v4/Yunfei/Emergency/25.wav,Yunfei/Emergency/25.wav,emergency,0.99609375,0.99609375,0.0,0.0,"[127, -128, -128]",True,,,,,,,,,,,,,0.04395900759845972,1.2260000221431255,0.7237909594550729,2.0026660058647394
889,Yunfei,emergency,unavailable_in_sd_path,26,intent_directory,/Users/zilongzeng/Research/DroneControl/user_study_v4/Yunfei/Emergency/26.wav,Yunfei/Emergency/26.wav,movement,0.99609375,0.00390625,0.99609375,0.0,"[-127, 127, -128]",False,,,,,,,,,,,,,0.09308301378041506,1.2924580369144678,0.6568749668076634,2.048916998319328
890,Yunfei,emergency,unavailable_in_sd_path,27,intent_directory,/Users/zilongzeng/Research/DroneControl/user_study_v4/Yunfei/Emergency/27.wav,Yunfei/Emergency/27.wav,emergency,0.99609375,0.99609375,0.0,0.0,"[127, -128, -128]",True,,,,,,,,,,,,,0.046459026634693146,1.343957963399589,0.6150830304250121,2.011166070587933
891,Yunfei,emergency,unavailable_in_sd_path,28,intent_directory,/Users/zilongzeng/Research/DroneControl/user_study_v4/Yunfei/Emergency/28.wav,Yunfei/Emergency/28.wav,emergency,0.99609375,0.99609375,0.0,0.0,"[127, -128, -128]",True,,,,,,,,,,,,,0.04241697024554014,1.236833049915731,0.650875037536025,1.9362090388312936
892,Yunfei,emergency,unavailable_in_sd_path,29,intent_directory,/Users/zilongzeng/Research/DroneControl/user_study_v4/Yunfei/Emergency/29.wav,Yunfei/Emergency/29.wav,emergency,0.93359375,0.93359375,0.0,0.06640625,"[111, -128, -111]",True,,,,,,,,,,,,,0.04137493669986725,1.2465420877560973,0.6191669963300228,1.9134579924866557
893,Yunfei,emergency,unavailable_in_sd_path,30,intent_directory,/Users/zilongzeng/Research/DroneControl/user_study_v4/Yunfei/Emergency/30.wav,Yunfei/Emergency/30.wav,emergency,0.99609375,0.99609375,0.0,0.0,"[127, -128, -128]",True,,,,,,,,,,,,,0.04912493750452995,1.264957943931222,0.6505000637844205,1.9719169940799475
894,Yunfei,emergency,unavailable_in_sd_path,31,intent_directory,/Users/zilongzeng/Research/DroneControl/user_study_v4/Yunfei/Emergency/31.wav,Yunfei/Emergency/31.wav,emergency,0.99609375,0.99609375,0.0,0.0,"[127, -128, -128]",True,,,,,,,,,,,,,0.08029199671000242,1.3518749037757516,0.6739170057699084,2.112334012053907
895,Yunfei,emergency,unavailable_in_sd_path,32,intent_directory,/Users/zilongzeng/Research/DroneControl/user_study_v4/Yunfei/Emergency/32.wav,Yunfei/Emergency/32.wav,emergency,0.99609375,0.99609375,0.0,0.0,"[127, -128, -128]",True,,,,,,,,,,,,,0.04666706081479788,1.3069999404251575,0.6268330616876483,1.9872080301865935
896,Yunfei,emergency,unavailable_in_sd_path,33,intent_directory,/Users/zilongzeng/Research/DroneControl/user_study_v4/Yunfei/Emergency/33.wav,Yunfei/Emergency/33.wav,emergency,0.99609375,0.99609375,0.00390625,0.0,"[127, -127, -128]",True,,,,,,,,,,,,,0.04537496715784073,1.2054159305989742,0.7126249838620424,1.9717499380931258
897,Yunfei,emergency,unavailable_in_sd_path,34,intent_directory,/Users/zilongzeng/Research/DroneControl/user_study_v4/Yunfei/Emergency/34.wav,Yunfei/Emergency/34.wav,emergency,0.99609375,0.99609375,0.0,0.0,"[127, -128, -128]",True,,,,,,,,,,,,,0.07370789535343647,1.2260840740054846,0.6213339511305094,1.9265000009909272
898,Yunfei,emergency,unavailable_in_sd_path,35,intent_directory,/Users/zilongzeng/Research/DroneControl/user_study_v4/Yunfei/Emergency/35.wav,Yunfei/Emergency/35.wav,emergency,0.99609375,0.99609375,0.0,0.0,"[127, -128, -128]",True,,,,,,,,,,,,,0.0515420688316226,1.4565839665010571,0.7003330392763019,2.2149999858811498
899,Yunfei,emergency,unavailable_in_sd_path,36,intent_directory,/Users/zilongzeng/Research/DroneControl/user_study_v4/Yunfei/Emergency/36.wav,Yunfei/Emergency/36.wav,unknown,0.98828125,0.0078125,0.0,0.98828125,"[-126, -128, 125]",False,,,,,,,,,,,,,0.05183299072086811,1.1760409688577056,0.6207498954609036,1.8540420569479465
900,Yunfei,emergency,unavailable_in_sd_path,37,intent_directory,/Users/zilongzeng/Research/DroneControl/user_study_v4/Yunfei/Emergency/37.wav,Yunfei/Emergency/37.wav,emergency,0.8046875,0.8046875,0.1953125,0.0,"[78, -78, -128]",True,,,,,,,,,,,,,0.0363329891115427,1.099750050343573,0.741249998100102,1.8844999140128493
901,Yunfei,emergency,unavailable_in_sd_path,38,intent_directory,/Users/zilongzeng/Research/DroneControl/user_study_v4/Yunfei/Emergency/38.wav,Yunfei/Emergency/38.wav,emergency,0.5,0.5,0.5,0.0,"[0, 0, -128]",True,,,,,,,,,,,,,0.04691700451076031,1.2719579972326756,0.720249954611063,2.0452910102903843
902,Yunfei,emergency,unavailable_in_sd_path,39,intent_directory,/Users/zilongzeng/Research/DroneControl/user_study_v4/Yunfei/Emergency/39.wav,Yunfei/Emergency/39.wav,emergency,0.98828125,0.98828125,0.01171875,0.0,"[125, -125, -128]",True,,,,,,,,,,,,,0.049749971367418766,1.148125040344894,0.7309169741347432,1.9362079910933971
903,Yunfei,emergency,unavailable_in_sd_path,40,intent_directory,/Users/zilongzeng/Research/DroneControl/user_study_v4/Yunfei/Emergency/40.wav,Yunfei/Emergency/40.wav,emergency,0.99609375,0.99609375,0.0,0.0,"[127, -128, -128]",True,,,,,,,,,,,,,0.06495800334960222,1.2666669208556414,0.6312500918284059,1.9688340835273266
904,Yunfei,emergency,unavailable_in_sd_path,41,intent_directory,/Users/zilongzeng/Research/DroneControl/user_study_v4/Yunfei/Emergency/41.wav,Yunfei/Emergency/41.wav,emergency,0.99609375,0.99609375,0.0,0.0,"[127, -128, -128]",True,,,,,,,,,,,,,0.04612503107637167,1.2292080791667104,0.7007080130279064,1.9855840364471078
905,Yunfei,emergency,unavailable_in_sd_path,42,intent_directory,/Users/zilongzeng/Research/DroneControl/user_study_v4/Yunfei/Emergency/42.wav,Yunfei/Emergency/42.wav,emergency,0.85546875,0.85546875,0.00390625,0.140625,"[91, -127, -92]",True,,,,,,,,,,,,,0.05425000563263893,1.3198748929426074,0.6448329659178853,2.025333931669593
906,Yunfei,emergency,unavailable_in_sd_path,43,intent_directory,/Users/zilongzeng/Research/DroneControl/user_study_v4/Yunfei/Emergency/43.wav,Yunfei/Emergency/43.wav,emergency,0.99609375,0.99609375,0.00390625,0.0,"[127, -127, -128]",True,,,,,,,,,,,,,0.05416700150817633,1.299374969676137,0.7125419797375798,2.0716669969260693
907,Yunfei,emergency,unavailable_in_sd_path,44,intent_directory,/Users/zilongzeng/Research/DroneControl/user_study_v4/Yunfei/Emergency/44.wav,Yunfei/Emergency/44.wav,emergency,0.99609375,0.99609375,0.0,0.0,"[127, -128, -128]",True,,,,,,,,,,,,,0.051083043217659,1.330584054812789,0.6553749553859234,2.0428329007700086
908,Yunfei,emergency,unavailable_in_sd_path,45,intent_directory,/Users/zilongzeng/Research/DroneControl/user_study_v4/Yunfei/Emergency/45.wav,Yunfei/Emergency/45.wav,emergency,0.99609375,0.99609375,0.0,0.0,"[127, -128, -128]",True,,,,,,,,,,,,,0.045000109821558,1.186832902021706,0.6933329859748483,1.9329169299453497
909,Yunfei,emergency,unavailable_in_sd_path,46,intent_directory,/Users/zilongzeng/Research/DroneControl/user_study_v4/Yunfei/Emergency/46.wav,Yunfei/Emergency/46.wav,emergency,0.99609375,0.99609375,0.0,0.0,"[127, -128, -128]",True,,,,,,,,,,,,,0.05329190753400326,1.53104099445045,0.6671670125797391,2.258207998238504
910,Yunfei,emergency,unavailable_in_sd_path,47,intent_directory,/Users/zilongzeng/Research/DroneControl/user_study_v4/Yunfei/Emergency/47.wav,Yunfei/Emergency/47.wav,movement,0.99609375,0.0,0.99609375,0.0,"[-128, 127, -128]",False,,,,,,,,,,,,,0.07816706784069538,1.2821669224649668,0.730082974769175,2.101624966599047
911,Yunfei,emergency,unavailable_in_sd_path,48,intent_directory,/Users/zilongzeng/Research/DroneControl/user_study_v4/Yunfei/Emergency/48.wav,Yunfei/Emergency/48.wav,emergency,0.73046875,0.73046875,0.0,0.265625,"[59, -128, -60]",True,,,,,,,,,,,,,0.05083298310637474,1.2864579912275076,0.6242910167202353,1.9669170724228024
912,Yunfei,emergency,unavailable_in_sd_path,49,intent_directory,/Users/zilongzeng/Research/DroneControl/user_study_v4/Yunfei/Emergency/49.wav,Yunfei/Emergency/49.wav,unknown,0.8828125,0.1171875,0.0,0.8828125,"[-98, -128, 98]",False,,,,,,,,,,,,,0.040874932892620564,1.2303750263527036,0.6525419885292649,1.929541933350265
913,Yunfei,movement,unavailable_in_sd_path,0,intent_directory,/Users/zilongzeng/Research/DroneControl/user_study_v4/Yunfei/Movement/0.wav,Yunfei/Movement/0.wav,movement,0.99609375,0.0,0.99609375,0.0,"[-128, 127, -128]",True,,,,,,,,,,,,,0.04245794843882322,1.1865419801324606,0.6641659419983625,1.900208997540176
914,Yunfei,movement,unavailable_in_sd_path,1,intent_directory,/Users/zilongzeng/Research/DroneControl/user_study_v4/Yunfei/Movement/1.wav,Yunfei/Movement/1.wav,movement,0.99609375,0.0,0.99609375,0.0,"[-128, 127, -128]",True,,,,,,,,,,,,,0.05770893767476082,1.2721250532194972,0.6649999413639307,2.0006250124424696
915,Yunfei,movement,unavailable_in_sd_path,2,intent_directory,/Users/zilongzeng/Research/DroneControl/user_study_v4/Yunfei/Movement/2.wav,Yunfei/Movement/2.wav,movement,0.99609375,0.0,0.99609375,0.0,"[-128, 127, -128]",True,,,,,,,,,,,,,0.046708970330655575,1.3238330138847232,0.6170419510453939,1.9944589585065842
916,Yunfei,movement,unavailable_in_sd_path,3,intent_directory,/Users/zilongzeng/Research/DroneControl/user_study_v4/Yunfei/Movement/3.wav,Yunfei/Movement/3.wav,movement,0.99609375,0.0,0.99609375,0.0,"[-128, 127, -128]",True,,,,,,,,,,,,,0.05337502807378769,1.2427500914782286,0.6711669266223907,1.9747919868677855
917,Yunfei,movement,unavailable_in_sd_path,4,intent_directory,/Users/zilongzeng/Research/DroneControl/user_study_v4/Yunfei/Movement/4.wav,Yunfei/Movement/4.wav,movement,0.99609375,0.0,0.99609375,0.0,"[-128, 127, -128]",True,,,,,,,,,,,,,0.06612495053559542,1.5467500779777765,0.6827500183135271,2.3047500289976597
918,Yunfei,movement,unavailable_in_sd_path,5,intent_directory,/Users/zilongzeng/Research/DroneControl/user_study_v4/Yunfei/Movement/5.wav,Yunfei/Movement/5.wav,movement,0.99609375,0.0,0.99609375,0.0,"[-128, 127, -128]",True,,,,,,,,,,,,,0.08300004992634058,1.258166041225195,0.684124999679625,2.0334579749032855
919,Yunfei,movement,unavailable_in_sd_path,6,intent_directory,/Users/zilongzeng/Research/DroneControl/user_study_v4/Yunfei/Movement/6.wav,Yunfei/Movement/6.wav,movement,0.99609375,0.0,0.99609375,0.0,"[-128, 127, -128]",True,,,,,,,,,,,,,0.04937499761581421,1.283208024688065,0.620083068497479,1.9579579820856452
920,Yunfei,movement,unavailable_in_sd_path,7,intent_directory,/Users/zilongzeng/Research/DroneControl/user_study_v4/Yunfei/Movement/7.wav,Yunfei/Movement/7.wav,movement,0.99609375,0.0,0.99609375,0.0,"[-128, 127, -128]",True,,,,,,,,,,,,,0.0421660952270031,1.1259580496698618,0.663416925817728,1.838916097767651
921,Yunfei,movement,unavailable_in_sd_path,8,intent_directory,/Users/zilongzeng/Research/DroneControl/user_study_v4/Yunfei/Movement/8.wav,Yunfei/Movement/8.wav,movement,0.99609375,0.0,0.99609375,0.0,"[-128, 127, -128]",True,,,,,,,,,,,,,0.042708939872682095,1.227125059813261,0.6602079374715686,1.9353749230504036
922,Yunfei,movement,unavailable_in_sd_path,9,intent_directory,/Users/zilongzeng/Research/DroneControl/user_study_v4/Yunfei/Movement/9.wav,Yunfei/Movement/9.wav,movement,0.99609375,0.0,0.99609375,0.0,"[-128, 127, -128]",True,,,,,,,,,,,,,0.046792090870440006,1.312041888013482,0.6592500722035766,2.0304160425439477
923,Yunfei,movement,unavailable_in_sd_path,10,intent_directory,/Users/zilongzeng/Research/DroneControl/user_study_v4/Yunfei/Movement/10.wav,Yunfei/Movement/10.wav,movement,0.99609375,0.0,0.99609375,0.0,"[-128, 127, -128]",True,,,,,,,,,,,,,0.08341693319380283,1.3828750234097242,0.6275409832596779,2.1011249627918005
924,Yunfei,movement,unavailable_in_sd_path,11,intent_directory,/Users/zilongzeng/Research/DroneControl/user_study_v4/Yunfei/Movement/11.wav,Yunfei/Movement/11.wav,movement,0.99609375,0.0,0.99609375,0.0,"[-128, 127, -128]",True,,,,,,,,,,,,,0.06629189010709524,1.244500046595931,0.6944579072296619,2.012500073760748
925,Yunfei,movement,unavailable_in_sd_path,12,intent_directory,/Users/zilongzeng/Research/DroneControl/user_study_v4/Yunfei/Movement/12.wav,Yunfei/Movement/12.wav,movement,0.99609375,0.0,0.99609375,0.0,"[-128, 127, -128]",True,,,,,,,,,,,,,0.04966696724295616,1.5944589395076036,0.6875420222058892,2.3387500550597906
926,Yunfei,movement,unavailable_in_sd_path,13,intent_directory,/Users/zilongzeng/Research/DroneControl/user_study_v4/Yunfei/Movement/13.wav,Yunfei/Movement/13.wav,unknown,0.99609375,0.0,0.0,0.99609375,"[-128, -128, 127]",False,,,,,,,,,,,,,0.08445803541690111,1.229583052918315,0.6647079717367887,1.9859160529449582
927,Yunfei,movement,unavailable_in_sd_path,14,intent_directory,/Users/zilongzeng/Research/DroneControl/user_study_v4/Yunfei/Movement/14.wav,Yunfei/Movement/14.wav,unknown,0.984375,0.00390625,0.01171875,0.984375,"[-127, -125, 124]",False,,,,,,,,,,,,,0.04370801616460085,1.4687080401927233,0.6333749042823911,2.1546250209212303
928,Yunfei,movement,unavailable_in_sd_path,15,intent_directory,/Users/zilongzeng/Research/DroneControl/user_study_v4/Yunfei/Movement/15.wav,Yunfei/Movement/15.wav,unknown,0.875,0.09375,0.02734375,0.875,"[-104, -121, 96]",False,,,,,,,,,,,,,0.09645894169807434,1.4292909763753414,0.7384580094367266,2.275374950841069
929,Yunfei,movement,unavailable_in_sd_path,16,intent_directory,/Users/zilongzeng/Research/DroneControl/user_study_v4/Yunfei/Movement/16.wav,Yunfei/Movement/16.wav,unknown,0.99609375,0.0,0.0,0.99609375,"[-128, -128, 127]",False,,,,,,,,,,,,,0.07600011304020882,1.4609580393880606,0.7531659211963415,2.2990419529378414
930,Yunfei,movement,unavailable_in_sd_path,17,intent_directory,/Users/zilongzeng/Research/DroneControl/user_study_v4/Yunfei/Movement/17.wav,Yunfei/Movement/17.wav,movement,0.99609375,0.0,0.99609375,0.0,"[-128, 127, -128]",True,,,,,,,,,,,,,0.07991702295839787,1.216250006109476,0.6169589469209313,1.9217920489609241
931,Yunfei,movement,unavailable_in_sd_path,18,intent_directory,/Users/zilongzeng/Research/DroneControl/user_study_v4/Yunfei/Movement/18.wav,Yunfei/Movement/18.wav,movement,0.99609375,0.0,0.99609375,0.0,"[-128, 127, -128]",True,,,,,,,,,,,,,0.08162506856024265,1.3745410833507776,0.6351250922307372,2.098041004501283
932,Yunfei,movement,unavailable_in_sd_path,19,intent_directory,/Users/zilongzeng/Research/DroneControl/user_study_v4/Yunfei/Movement/19.wav,Yunfei/Movement/19.wav,movement,0.984375,0.015625,0.984375,0.0,"[-124, 124, -128]",True,,,,,,,,,,,,,0.055625103414058685,1.28370791207999,0.7024999940767884,2.0508329616859555
933,Yunfei,movement,unavailable_in_sd_path,20,intent_directory,/Users/zilongzeng/Research/DroneControl/user_study_v4/Yunfei/Movement/20.wav,Yunfei/Movement/20.wav,movement,0.99609375,0.0,0.99609375,0.0,"[-128, 127, -128]",True,,,,,,,,,,,,,0.0741670373827219,1.4302500057965517,0.6294170161709189,2.141083008609712
934,Yunfei,movement,unavailable_in_sd_path,21,intent_directory,/Users/zilongzeng/Research/DroneControl/user_study_v4/Yunfei/Movement/21.wav,Yunfei/Movement/21.wav,movement,0.99609375,0.0,0.99609375,0.0,"[-128, 127, -128]",True,,,,,,,,,,,,,0.058582983911037445,1.307375030592084,0.7135840132832527,2.0858750212937593
935,Yunfei,movement,unavailable_in_sd_path,22,intent_directory,/Users/zilongzeng/Research/DroneControl/user_study_v4/Yunfei/Movement/22.wav,Yunfei/Movement/22.wav,unknown,0.99609375,0.0,0.0,0.99609375,"[-128, -128, 127]",False,,,,,,,,,,,,,0.06125005893409252,1.2453750241547823,0.650458037853241,1.9634580239653587
936,Yunfei,movement,unavailable_in_sd_path,23,intent_directory,/Users/zilongzeng/Research/DroneControl/user_study_v4/Yunfei/Movement/23.wav,Yunfei/Movement/23.wav,movement,0.99609375,0.0,0.99609375,0.0,"[-128, 127, -128]",True,,,,,,,,,,,,,0.04125002305954695,1.152167096734047,0.7009169785305858,1.9019999308511615
937,Yunfei,movement,unavailable_in_sd_path,24,intent_directory,/Users/zilongzeng/Research/DroneControl/user_study_v4/Yunfei/Movement/24.wav,Yunfei/Movement/24.wav,movement,0.99609375,0.0,0.99609375,0.0,"[-128, 127, -128]",True,,,,,,,,,,,,,0.047584064304828644,1.4092499623075128,0.6277079228311777,2.0937499357387424
938,Yunfei,movement,unavailable_in_sd_path,25,intent_directory,/Users/zilongzeng/Research/DroneControl/user_study_v4/Yunfei/Movement/25.wav,Yunfei/Movement/25.wav,movement,0.99609375,0.0,0.99609375,0.0,"[-128, 127, -128]",True,,,,,,,,,,,,,0.1039999770000577,1.3671659398823977,0.7633749628439546,2.2432500263676047
939,Yunfei,movement,unavailable_in_sd_path,26,intent_directory,/Users/zilongzeng/Research/DroneControl/user_study_v4/Yunfei/Movement/26.wav,Yunfei/Movement/26.wav,unknown,0.99609375,0.0,0.0,0.99609375,"[-128, -128, 127]",False,,,,,,,,,,,,,0.07537507917732,1.2921660672873259,0.6282910471782088,2.0013750763610005
940,Yunfei,movement,unavailable_in_sd_path,27,intent_directory,/Users/zilongzeng/Research/DroneControl/user_study_v4/Yunfei/Movement/27.wav,Yunfei/Movement/27.wav,movement,0.99609375,0.0,0.99609375,0.0,"[-128, 127, -128]",True,,,,,,,,,,,,,0.038624973967671394,1.2619589688256383,0.7258750265464187,2.03987502027303
941,Yunfei,movement,unavailable_in_sd_path,28,intent_directory,/Users/zilongzeng/Research/DroneControl/user_study_v4/Yunfei/Movement/28.wav,Yunfei/Movement/28.wav,unknown,0.99609375,0.0,0.0,0.99609375,"[-128, -128, 127]",False,,,,,,,,,,,,,0.07099995855242014,1.4947090530768037,0.6659999489784241,2.2399170557036996
942,Yunfei,movement,unavailable_in_sd_path,29,intent_directory,/Users/zilongzeng/Research/DroneControl/user_study_v4/Yunfei/Movement/29.wav,Yunfei/Movement/29.wav,unknown,0.93359375,0.0,0.06640625,0.93359375,"[-128, -111, 111]",False,,,,,,,,,,,,,0.08541590068489313,1.2989160604774952,0.7156250067055225,2.1061250008642673
943,Yunfei,movement,unavailable_in_sd_path,30,intent_directory,/Users/zilongzeng/Research/DroneControl/user_study_v4/Yunfei/Movement/30.wav,Yunfei/Movement/30.wav,unknown,0.99609375,0.0,0.0,0.99609375,"[-128, -128, 127]",False,,,,,,,,,,,,,0.05350005812942982,1.2662910157814622,0.6241659866645932,1.949500059708953
944,Yunfei,movement,unavailable_in_sd_path,31,intent_directory,/Users/zilongzeng/Research/DroneControl/user_study_v4/Yunfei/Movement/31.wav,Yunfei/Movement/31.wav,movement,0.99609375,0.0,0.99609375,0.0,"[-128, 127, -128]",True,,,,,,,,,,,,,0.04187505692243576,1.4123748987913132,0.6165420636534691,2.079334110021591
945,Yunfei,movement,unavailable_in_sd_path,32,intent_directory,/Users/zilongzeng/Research/DroneControl/user_study_v4/Yunfei/Movement/32.wav,Yunfei/Movement/32.wav,movement,0.99609375,0.0,0.99609375,0.0,"[-128, 127, -128]",True,,,,,,,,,,,,,0.08841603994369507,1.3946669641882181,0.7533750031143427,2.246291027404368
946,Yunfei,movement,unavailable_in_sd_path,33,intent_directory,/Users/zilongzeng/Research/DroneControl/user_study_v4/Yunfei/Movement/33.wav,Yunfei/Movement/33.wav,movement,0.99609375,0.0,0.99609375,0.0,"[-128, 127, -128]",True,,,,,,,,,,,,,0.08758401963859797,1.3067920226603746,0.7750840159133077,2.1823340794071555
947,Yunfei,movement,unavailable_in_sd_path,34,intent_directory,/Users/zilongzeng/Research/DroneControl/user_study_v4/Yunfei/Movement/34.wav,Yunfei/Movement/34.wav,movement,0.99609375,0.0,0.99609375,0.0,"[-128, 127, -128]",True,,,,,,,,,,,,,0.05037500523030758,1.2174999574199319,0.6489160005003214,1.921958988532424
948,Yunfei,movement,unavailable_in_sd_path,35,intent_directory,/Users/zilongzeng/Research/DroneControl/user_study_v4/Yunfei/Movement/35.wav,Yunfei/Movement/35.wav,movement,0.99609375,0.0,0.99609375,0.0,"[-128, 127, -128]",True,,,,,,,,,,,,,0.035665929317474365,1.2639579363167286,0.6717080250382423,1.9791669910773635
949,Yunfei,movement,unavailable_in_sd_path,36,intent_directory,/Users/zilongzeng/Research/DroneControl/user_study_v4/Yunfei/Movement/36.wav,Yunfei/Movement/36.wav,unknown,0.99609375,0.0,0.0,0.99609375,"[-128, -128, 127]",False,,,,,,,,,,,,,0.0700000673532486,1.2688750866800547,0.6242089439183474,1.9690420012921095
950,Yunfei,movement,unavailable_in_sd_path,37,intent_directory,/Users/zilongzeng/Research/DroneControl/user_study_v4/Yunfei/Movement/37.wav,Yunfei/Movement/37.wav,movement,0.99609375,0.0,0.99609375,0.0,"[-128, 127, -128]",True,,,,,,,,,,,,,0.04908395931124687,1.366458018310368,0.6419589044526219,2.0732079865410924
951,Yunfei,movement,unavailable_in_sd_path,38,intent_directory,/Users/zilongzeng/Research/DroneControl/user_study_v4/Yunfei/Movement/38.wav,Yunfei/Movement/38.wav,movement,0.99609375,0.0,0.99609375,0.0,"[-128, 127, -128]",True,,,,,,,,,,,,,0.11687504593282938,1.1385839898139238,0.6593340076506138,1.9202081020921469
952,Yunfei,movement,unavailable_in_sd_path,39,intent_directory,/Users/zilongzeng/Research/DroneControl/user_study_v4/Yunfei/Movement/39.wav,Yunfei/Movement/39.wav,movement,0.99609375,0.0,0.99609375,0.0,"[-128, 127, -128]",True,,,,,,,,,,,,,0.041082967072725296,1.1745840311050415,0.6392919458448887,1.8624999793246388
953,Yunfei,movement,unavailable_in_sd_path,40,intent_directory,/Users/zilongzeng/Research/DroneControl/user_study_v4/Yunfei/Movement/40.wav,Yunfei/Movement/40.wav,movement,0.99609375,0.0,0.99609375,0.0,"[-128, 127, -128]",True,,,,,,,,,,,,,0.06204203236848116,1.272583962418139,0.7084999233484268,2.0509170135483146
954,Yunfei,movement,unavailable_in_sd_path,41,intent_directory,/Users/zilongzeng/Research/DroneControl/user_study_v4/Yunfei/Movement/41.wav,Yunfei/Movement/41.wav,movement,0.99609375,0.0,0.99609375,0.0,"[-128, 127, -128]",True,,,,,,,,,,,,,0.0701249809935689,1.4274580171331763,0.777791952714324,2.282500034198165
955,Yunfei,movement,unavailable_in_sd_path,42,intent_directory,/Users/zilongzeng/Research/DroneControl/user_study_v4/Yunfei/Movement/42.wav,Yunfei/Movement/42.wav,unknown,0.99609375,0.0,0.0,0.99609375,"[-128, -128, 127]",False,,,,,,,,,,,,,0.06324995774775743,1.2963750632479787,0.6338340463116765,1.9999590003862977
956,Yunfei,movement,unavailable_in_sd_path,43,intent_directory,/Users/zilongzeng/Research/DroneControl/user_study_v4/Yunfei/Movement/43.wav,Yunfei/Movement/43.wav,unknown,0.99609375,0.0,0.0,0.99609375,"[-128, -128, 127]",False,,,,,,,,,,,,,0.04449998959898949,1.2714579934254289,0.6730409804731607,1.9972090376541018
957,Yunfei,movement,unavailable_in_sd_path,44,intent_directory,/Users/zilongzeng/Research/DroneControl/user_study_v4/Yunfei/Movement/44.wav,Yunfei/Movement/44.wav,unknown,0.99609375,0.0,0.0,0.99609375,"[-128, -128, 127]",False,,,,,,,,,,,,,0.04741596058011055,1.2457910925149918,0.6648750277236104,1.9634589552879333
958,Yunfei,movement,unavailable_in_sd_path,45,intent_directory,/Users/zilongzeng/Research/DroneControl/user_study_v4/Yunfei/Movement/45.wav,Yunfei/Movement/45.wav,movement,0.859375,0.0,0.859375,0.140625,"[-128, 92, -92]",True,,,,,,,,,,,,,0.05066697485744953,1.2688329443335533,0.6960000609979033,2.021417021751404
959,Yunfei,movement,unavailable_in_sd_path,46,intent_directory,/Users/zilongzeng/Research/DroneControl/user_study_v4/Yunfei/Movement/46.wav,Yunfei/Movement/46.wav,movement,0.984375,0.015625,0.984375,0.0,"[-124, 124, -128]",True,,,,,,,,,,,,,0.05133403465151787,1.4271249528974295,0.621875049546361,2.105750027112663
960,Yunfei,movement,unavailable_in_sd_path,47,intent_directory,/Users/zilongzeng/Research/DroneControl/user_study_v4/Yunfei/Movement/47.wav,Yunfei/Movement/47.wav,movement,0.99609375,0.0,0.99609375,0.0,"[-128, 127, -128]",True,,,,,,,,,,,,,0.04595797508955002,1.1718329042196274,0.6330829346552491,1.856124959886074
961,Yunfei,movement,unavailable_in_sd_path,48,intent_directory,/Users/zilongzeng/Research/DroneControl/user_study_v4/Yunfei/Movement/48.wav,Yunfei/Movement/48.wav,unknown,0.99609375,0.0,0.0,0.99609375,"[-128, -128, 127]",False,,,,,,,,,,,,,0.03754207864403725,1.415375038050115,0.7942499360069633,2.2563330130651593
962,Yunfei,movement,unavailable_in_sd_path,49,intent_directory,/Users/zilongzeng/Research/DroneControl/user_study_v4/Yunfei/Movement/49.wav,Yunfei/Movement/49.wav,unknown,0.99609375,0.0,0.0,0.99609375,"[-128, -128, 127]",False,,,,,,,,,,,,,0.08695805445313454,1.3700410490855575,0.6642910884693265,2.1310840966179967
963,Yunfei,unknown,unavailable_in_sd_path,0,intent_directory,/Users/zilongzeng/Research/DroneControl/user_study_v4/Yunfei/Unknown/0.wav,Yunfei/Unknown/0.wav,unknown,0.99609375,0.0,0.0,0.99609375,"[-128, -128, 127]",True,,,,,,,,,,,,,0.06275007035583258,1.3183749979361892,0.6337499944493175,2.0202500745654106
964,Yunfei,unknown,unavailable_in_sd_path,1,intent_directory,/Users/zilongzeng/Research/DroneControl/user_study_v4/Yunfei/Unknown/1.wav,Yunfei/Unknown/1.wav,unknown,0.99609375,0.0,0.0,0.99609375,"[-128, -128, 127]",True,,,,,,,,,,,,,0.040041981264948845,1.1871670139953494,0.6385000888258219,1.8734579207375646
965,Yunfei,unknown,unavailable_in_sd_path,2,intent_directory,/Users/zilongzeng/Research/DroneControl/user_study_v4/Yunfei/Unknown/2.wav,Yunfei/Unknown/2.wav,unknown,0.99609375,0.0,0.0,0.99609375,"[-128, -128, 127]",True,,,,,,,,,,,,,0.045874970965087414,1.3882919447496533,0.816166982986033,2.2601669188588858
966,Yunfei,unknown,unavailable_in_sd_path,3,intent_directory,/Users/zilongzeng/Research/DroneControl/user_study_v4/Yunfei/Unknown/3.wav,Yunfei/Unknown/3.wav,unknown,0.99609375,0.0,0.0,0.99609375,"[-128, -128, 127]",True,,,,,,,,,,,,,0.10333303362131119,1.2838749680668116,0.6647079717367887,2.0572919165715575
967,Yunfei,unknown,unavailable_in_sd_path,4,intent_directory,/Users/zilongzeng/Research/DroneControl/user_study_v4/Yunfei/Unknown/4.wav,Yunfei/Unknown/4.wav,unknown,0.99609375,0.0,0.0,0.99609375,"[-128, -128, 127]",True,,,,,,,,,,,,,0.05037500523030758,1.3707909965887666,0.6295839557424188,2.0597080001607537
968,Yunfei,unknown,unavailable_in_sd_path,5,intent_directory,/Users/zilongzeng/Research/DroneControl/user_study_v4/Yunfei/Unknown/5.wav,Yunfei/Unknown/5.wav,unknown,0.99609375,0.0,0.0,0.99609375,"[-128, -128, 127]",True,,,,,,,,,,,,,0.1045420067384839,1.3627089792862535,0.711207976564765,2.1872500656172633
969,Yunfei,unknown,unavailable_in_sd_path,6,intent_directory,/Users/zilongzeng/Research/DroneControl/user_study_v4/Yunfei/Unknown/6.wav,Yunfei/Unknown/6.wav,unknown,0.99609375,0.0,0.0,0.99609375,"[-128, -128, 127]",True,,,,,,,,,,,,,0.05945796146988869,1.3915000017732382,0.6247499259188771,2.0823749946430326
970,Yunfei,unknown,unavailable_in_sd_path,7,intent_directory,/Users/zilongzeng/Research/DroneControl/user_study_v4/Yunfei/Unknown/7.wav,Yunfei/Unknown/7.wav,unknown,0.99609375,0.0,0.0,0.99609375,"[-128, -128, 127]",True,,,,,,,,,,,,,0.04441698547452688,1.5383330173790455,0.7381669711321592,2.329500042833388
971,Yunfei,unknown,unavailable_in_sd_path,8,intent_directory,/Users/zilongzeng/Research/DroneControl/user_study_v4/Yunfei/Unknown/8.wav,Yunfei/Unknown/8.wav,unknown,0.99609375,0.0,0.0,0.99609375,"[-128, -128, 127]",True,,,,,,,,,,,,,0.09883299935609102,1.2942079920321703,0.7443749345839024,2.148417057469487
972,Yunfei,unknown,unavailable_in_sd_path,9,intent_directory,/Users/zilongzeng/Research/DroneControl/user_study_v4/Yunfei/Unknown/9.wav,Yunfei/Unknown/9.wav,unknown,0.99609375,0.0,0.0,0.99609375,"[-128, -128, 127]",True,,,,,,,,,,,,,0.0564999645575881,1.4191250083968043,0.7245830493047833,2.2085419623181224
973,Yunfei,unknown,unavailable_in_sd_path,10,intent_directory,/Users/zilongzeng/Research/DroneControl/user_study_v4/Yunfei/Unknown/10.wav,Yunfei/Unknown/10.wav,unknown,0.99609375,0.0,0.0,0.99609375,"[-128, -128, 127]",True,,,,,,,,,,,,,0.05970802158117294,1.2804160360246897,0.7659170078113675,2.115875016897917
974,Yunfei,unknown,unavailable_in_sd_path,11,intent_directory,/Users/zilongzeng/Research/DroneControl/user_study_v4/Yunfei/Unknown/11.wav,Yunfei/Unknown/11.wav,unknown,0.99609375,0.0,0.0,0.99609375,"[-128, -128, 127]",True,,,,,,,,,,,,,0.06066705100238323,1.543082995340228,0.7307910127565265,2.3415000177919865
975,Yunfei,unknown,unavailable_in_sd_path,12,intent_directory,/Users/zilongzeng/Research/DroneControl/user_study_v4/Yunfei/Unknown/12.wav,Yunfei/Unknown/12.wav,unknown,0.99609375,0.0,0.0,0.99609375,"[-128, -128, 127]",True,,,,,,,,,,,,,0.06754195783287287,1.2397500686347485,0.6886660121381283,2.0012089516967535
976,Yunfei,unknown,unavailable_in_sd_path,13,intent_directory,/Users/zilongzeng/Research/DroneControl/user_study_v4/Yunfei/Unknown/13.wav,Yunfei/Unknown/13.wav,unknown,0.99609375,0.0,0.0,0.99609375,"[-128, -128, 127]",True,,,,,,,,,,,,,0.044500106014311314,1.2435830431059003,0.6814169464632869,1.9745000172406435
977,Yunfei,unknown,unavailable_in_sd_path,14,intent_directory,/Users/zilongzeng/Research/DroneControl/user_study_v4/Yunfei/Unknown/14.wav,Yunfei/Unknown/14.wav,unknown,0.99609375,0.0,0.0,0.99609375,"[-128, -128, 127]",True,,,,,,,,,,,,,0.03787502646446228,1.2008750345557928,0.7474159356206656,2.0035000052303076
978,Yunfei,unknown,unavailable_in_sd_path,15,intent_directory,/Users/zilongzeng/Research/DroneControl/user_study_v4/Yunfei/Unknown/15.wav,Yunfei/Unknown/15.wav,unknown,0.99609375,0.0,0.0,0.99609375,"[-128, -128, 127]",True,,,,,,,,,,,,,0.07604190614074469,1.5111659886315465,0.7551669841632247,2.358041936531663
979,Yunfei,unknown,unavailable_in_sd_path,16,intent_directory,/Users/zilongzeng/Research/DroneControl/user_study_v4/Yunfei/Unknown/16.wav,Yunfei/Unknown/16.wav,unknown,0.99609375,0.0,0.0,0.99609375,"[-128, -128, 127]",True,,,,,,,,,,,,,0.07275003008544445,1.3317499542608857,0.7171250181272626,2.130207954905927
980,Yunfei,unknown,unavailable_in_sd_path,17,intent_directory,/Users/zilongzeng/Research/DroneControl/user_study_v4/Yunfei/Unknown/17.wav,Yunfei/Unknown/17.wav,unknown,0.99609375,0.00390625,0.0,0.99609375,"[-127, -128, 127]",True,,,,,,,,,,,,,0.061208033002913,1.3630829052999616,0.7437909953296185,2.1843750728294253
981,Yunfei,unknown,unavailable_in_sd_path,18,intent_directory,/Users/zilongzeng/Research/DroneControl/user_study_v4/Yunfei/Unknown/18.wav,Yunfei/Unknown/18.wav,unknown,0.99609375,0.0,0.0,0.99609375,"[-128, -128, 127]",True,,,,,,,,,,,,,0.08587504271417856,1.4642089372500777,0.70116703864187,2.258041058667004
982,Yunfei,unknown,unavailable_in_sd_path,19,intent_directory,/Users/zilongzeng/Research/DroneControl/user_study_v4/Yunfei/Unknown/19.wav,Yunfei/Unknown/19.wav,unknown,0.99609375,0.0,0.0,0.99609375,"[-128, -128, 127]",True,,,,,,,,,,,,,0.046042026951909065,1.2364169815555215,0.6473750108852983,1.9354579271748662
983,Yunfei,unknown,unavailable_in_sd_path,20,intent_directory,/Users/zilongzeng/Research/DroneControl/user_study_v4/Yunfei/Unknown/20.wav,Yunfei/Unknown/20.wav,unknown,0.99609375,0.0,0.0,0.99609375,"[-128, -128, 127]",True,,,,,,,,,,,,,0.04312500823289156,1.170624978840351,0.6549590034410357,1.8761659739539027
984,Yunfei,unknown,unavailable_in_sd_path,21,intent_directory,/Users/zilongzeng/Research/DroneControl/user_study_v4/Yunfei/Unknown/21.wav,Yunfei/Unknown/21.wav,unknown,0.99609375,0.0,0.0,0.99609375,"[-128, -128, 127]",True,,,,,,,,,,,,,0.06187497638165951,1.4226250350475311,0.6736249197274446,2.1659580525010824
985,Yunfei,unknown,unavailable_in_sd_path,22,intent_directory,/Users/zilongzeng/Research/DroneControl/user_study_v4/Yunfei/Unknown/22.wav,Yunfei/Unknown/22.wav,unknown,0.99609375,0.0,0.0,0.99609375,"[-128, -128, 127]",True,,,,,,,,,,,,,0.05066709127277136,1.1484170099720359,0.7257090182974935,1.9303750013932586
986,Yunfei,unknown,unavailable_in_sd_path,23,intent_directory,/Users/zilongzeng/Research/DroneControl/user_study_v4/Yunfei/Unknown/23.wav,Yunfei/Unknown/23.wav,unknown,0.99609375,0.0,0.0,0.99609375,"[-128, -128, 127]",True,,,,,,,,,,,,,0.04175002686679363,1.2324170675128698,0.7195000071078539,2.0010420121252537
987,Yunfei,unknown,unavailable_in_sd_path,24,intent_directory,/Users/zilongzeng/Research/DroneControl/user_study_v4/Yunfei/Unknown/24.wav,Yunfei/Unknown/24.wav,unknown,0.99609375,0.0,0.0,0.99609375,"[-128, -128, 127]",True,,,,,,,,,,,,,0.05879101809114218,1.1654999107122421,0.6135839503258467,1.8427090253680944
988,Yunfei,unknown,unavailable_in_sd_path,25,intent_directory,/Users/zilongzeng/Research/DroneControl/user_study_v4/Yunfei/Unknown/25.wav,Yunfei/Unknown/25.wav,unknown,0.99609375,0.0,0.0,0.99609375,"[-128, -128, 127]",True,,,,,,,,,,,,,0.03279105294495821,1.2434169184416533,0.7156670326367021,2.002374967560172
989,Yunfei,unknown,unavailable_in_sd_path,26,intent_directory,/Users/zilongzeng/Research/DroneControl/user_study_v4/Yunfei/Unknown/26.wav,Yunfei/Unknown/26.wav,unknown,0.99609375,0.0,0.0,0.99609375,"[-128, -128, 127]",True,,,,,,,,,,,,,0.06587500683963299,1.4251250540837646,0.6257500499486923,2.1222500363364816
990,Yunfei,unknown,unavailable_in_sd_path,27,intent_directory,/Users/zilongzeng/Research/DroneControl/user_study_v4/Yunfei/Unknown/27.wav,Yunfei/Unknown/27.wav,unknown,0.99609375,0.0,0.0,0.99609375,"[-128, -128, 127]",True,,,,,,,,,,,,,0.04858302418142557,1.1527080787345767,0.769625068642199,1.9847920630127192
991,Yunfei,unknown,unavailable_in_sd_path,28,intent_directory,/Users/zilongzeng/Research/DroneControl/user_study_v4/Yunfei/Unknown/28.wav,Yunfei/Unknown/28.wav,unknown,0.99609375,0.0,0.0,0.99609375,"[-128, -128, 127]",True,,,,,,,,,,,,,0.06349990144371986,1.2192500289529562,0.6262499373406172,1.91520806401968
992,Yunfei,unknown,unavailable_in_sd_path,29,intent_directory,/Users/zilongzeng/Research/DroneControl/user_study_v4/Yunfei/Unknown/29.wav,Yunfei/Unknown/29.wav,unknown,0.99609375,0.0,0.0,0.99609375,"[-128, -128, 127]",True,,,,,,,,,,,,,0.04962494131177664,1.3075839960947633,0.7007920648902655,2.0643339958041906
993,Yunfei,unknown,unavailable_in_sd_path,30,intent_directory,/Users/zilongzeng/Research/DroneControl/user_study_v4/Yunfei/Unknown/30.wav,Yunfei/Unknown/30.wav,unknown,0.99609375,0.0,0.0,0.99609375,"[-128, -128, 127]",True,,,,,,,,,,,,,0.05120900459587574,1.157207996584475,0.6190830608829856,1.8331659957766533
994,Yunfei,unknown,unavailable_in_sd_path,31,intent_directory,/Users/zilongzeng/Research/DroneControl/user_study_v4/Yunfei/Unknown/31.wav,Yunfei/Unknown/31.wav,unknown,0.99609375,0.0,0.0,0.99609375,"[-128, -128, 127]",True,,,,,,,,,,,,,0.03883300814777613,1.27233297098428,0.731542007997632,2.054208074696362
995,Yunfei,unknown,unavailable_in_sd_path,32,intent_directory,/Users/zilongzeng/Research/DroneControl/user_study_v4/Yunfei/Unknown/32.wav,Yunfei/Unknown/32.wav,movement,0.99609375,0.0,0.99609375,0.0,"[-128, 127, -128]",False,,,,,,,,,,,,,0.06366695743054152,1.32733304053545,0.6430830108001828,2.0402499940246344
996,Yunfei,unknown,unavailable_in_sd_path,33,intent_directory,/Users/zilongzeng/Research/DroneControl/user_study_v4/Yunfei/Unknown/33.wav,Yunfei/Unknown/33.wav,movement,0.99609375,0.0,0.99609375,0.0,"[-128, 127, -128]",False,,,,,,,,,,,,,0.04600000102072954,1.218500081449747,0.7036250317469239,1.9749999046325684
997,Yunfei,unknown,unavailable_in_sd_path,34,intent_directory,/Users/zilongzeng/Research/DroneControl/user_study_v4/Yunfei/Unknown/34.wav,Yunfei/Unknown/34.wav,unknown,0.99609375,0.0,0.0,0.99609375,"[-128, -128, 127]",True,,,,,,,,,,,,,0.045166932977735996,1.3655420625582337,0.7404589559882879,2.1582089830189943
998,Yunfei,unknown,unavailable_in_sd_path,35,intent_directory,/Users/zilongzeng/Research/DroneControl/user_study_v4/Yunfei/Unknown/35.wav,Yunfei/Unknown/35.wav,unknown,0.99609375,0.0,0.0,0.99609375,"[-128, -128, 127]",True,,,,,,,,,,,,,0.0648329732939601,1.281042001210153,0.7240830454975367,2.076708013191819
999,Yunfei,unknown,unavailable_in_sd_path,36,intent_directory,/Users/zilongzeng/Research/DroneControl/user_study_v4/Yunfei/Unknown/36.wav,Yunfei/Unknown/36.wav,unknown,0.99609375,0.0,0.0,0.99609375,"[-128, -128, 127]",True,,,,,,,,,,,,,0.05962501745671034,1.228832988999784,0.655457959510386,1.9492499995976686
1000,Yunfei,unknown,unavailable_in_sd_path,37,intent_directory,/Users/zilongzeng/Research/DroneControl/user_study_v4/Yunfei/Unknown/37.wav,Yunfei/Unknown/37.wav,unknown,0.99609375,0.0,0.0,0.99609375,"[-128, -128, 127]",True,,,,,,,,,,,,,0.03991695120930672,1.1660830350592732,0.6857500411570072,1.897666952572763
1001,Yunfei,unknown,unavailable_in_sd_path,38,intent_directory,/Users/zilongzeng/Research/DroneControl/user_study_v4/Yunfei/Unknown/38.wav,Yunfei/Unknown/38.wav,unknown,0.99609375,0.00390625,0.0,0.99609375,"[-127, -128, 127]",True,,,,,,,,,,,,,0.03966700751334429,1.4334589941427112,0.6264579715207219,2.1085829939693213
1002,Yunfei,unknown,unavailable_in_sd_path,39,intent_directory,/Users/zilongzeng/Research/DroneControl/user_study_v4/Yunfei/Unknown/39.wav,Yunfei/Unknown/39.wav,emergency,0.9921875,0.9921875,0.0078125,0.0,"[126, -126, -128]",False,,,,,,,,,,,,,0.08750008419156075,1.341041992418468,0.70433400105685,2.1431249333545566
1003,Yunfei,unknown,unavailable_in_sd_path,40,intent_directory,/Users/zilongzeng/Research/DroneControl/user_study_v4/Yunfei/Unknown/40.wav,Yunfei/Unknown/40.wav,unknown,0.99609375,0.0,0.0,0.99609375,"[-128, -128, 127]",True,,,,,,,,,,,,,0.07979199290275574,1.2910839868709445,0.6262079114094377,2.0026250276714563
1004,Yunfei,unknown,unavailable_in_sd_path,41,intent_directory,/Users/zilongzeng/Research/DroneControl/user_study_v4/Yunfei/Unknown/41.wav,Yunfei/Unknown/41.wav,unknown,0.99609375,0.0,0.0,0.99609375,"[-128, -128, 127]",True,,,,,,,,,,,,,0.041416031308472157,1.212666044011712,0.68295793607831,1.9433330744504929
1005,Yunfei,unknown,unavailable_in_sd_path,42,intent_directory,/Users/zilongzeng/Research/DroneControl/user_study_v4/Yunfei/Unknown/42.wav,Yunfei/Unknown/42.wav,unknown,0.99609375,0.0,0.0,0.99609375,"[-128, -128, 127]",True,,,,,,,,,,,,,0.04608393646776676,1.179667073301971,0.633415998890996,1.8650409765541553
1006,Yunfei,unknown,unavailable_in_sd_path,43,intent_directory,/Users/zilongzeng/Research/DroneControl/user_study_v4/Yunfei/Unknown/43.wav,Yunfei/Unknown/43.wav,unknown,0.99609375,0.0,0.0,0.99609375,"[-128, -128, 127]",True,,,,,,,,,,,,,0.05150004290044308,1.270374981686473,0.6175000453367829,1.9447499653324485
1007,Yunfei,unknown,unavailable_in_sd_path,44,intent_directory,/Users/zilongzeng/Research/DroneControl/user_study_v4/Yunfei/Unknown/44.wav,Yunfei/Unknown/44.wav,unknown,0.99609375,0.0,0.0,0.99609375,"[-128, -128, 127]",True,,,,,,,,,,,,,0.03766606096178293,1.3244999572634697,0.6381249986588955,2.0063749980181456
1008,Yunfei,unknown,unavailable_in_sd_path,45,intent_directory,/Users/zilongzeng/Research/DroneControl/user_study_v4/Yunfei/Unknown/45.wav,Yunfei/Unknown/45.wav,unknown,0.99609375,0.0,0.0,0.99609375,"[-128, -128, 127]",True,,,,,,,,,,,,,0.05408399738371372,1.3694589724764228,0.6668340647593141,2.0966249285265803
1009,Yunfei,unknown,unavailable_in_sd_path,46,intent_directory,/Users/zilongzeng/Research/DroneControl/user_study_v4/Yunfei/Unknown/46.wav,Yunfei/Unknown/46.wav,unknown,0.99609375,0.0,0.0,0.99609375,"[-128, -128, 127]",True,,,,,,,,,,,,,0.04437495954334736,1.333459047600627,0.6197500042617321,2.0028339931741357
1010,Yunfei,unknown,unavailable_in_sd_path,47,intent_directory,/Users/zilongzeng/Research/DroneControl/user_study_v4/Yunfei/Unknown/47.wav,Yunfei/Unknown/47.wav,unknown,0.83203125,0.0,0.16796875,0.83203125,"[-128, -85, 85]",True,,,,,,,,,,,,,0.050208065658807755,1.1991249630227685,0.6682910025119781,1.9237499218434095
1011,Yunfei,unknown,unavailable_in_sd_path,48,intent_directory,/Users/zilongzeng/Research/DroneControl/user_study_v4/Yunfei/Unknown/48.wav,Yunfei/Unknown/48.wav,unknown,0.99609375,0.0,0.0,0.99609375,"[-128, -128, 127]",True,,,,,,,,,,,,,0.047625042498111725,1.3477919856086373,0.6271660095080733,2.027708920650184
1012,Yunfei,unknown,unavailable_in_sd_path,49,intent_directory,/Users/zilongzeng/Research/DroneControl/user_study_v4/Yunfei/Unknown/49.wav,Yunfei/Unknown/49.wav,unknown,0.99609375,0.0,0.0,0.99609375,"[-128, -128, 127]",True,,,,,,,,,,,,,0.04575005732476711,1.17575004696846,0.6355419754981995,1.861958997324109
1013,Zhejia,emergency,unavailable_in_sd_path,0,intent_directory,/Users/zilongzeng/Research/DroneControl/user_study_v4/Zhejia/Emergency/0.wav,Zhejia/Emergency/0.wav,movement,0.92578125,0.06640625,0.92578125,0.0078125,"[-111, 109, -126]",False,,,,,,,,,,,,,0.03908306825906038,1.281708013266325,0.6755840731784701,2.00208299793303
1014,Zhejia,emergency,unavailable_in_sd_path,1,intent_directory,/Users/zilongzeng/Research/DroneControl/user_study_v4/Zhejia/Emergency/1.wav,Zhejia/Emergency/1.wav,emergency,0.99609375,0.99609375,0.0,0.0,"[127, -128, -128]",True,,,,,,,,,,,,,0.05033391062170267,1.200667000375688,0.6869171047583222,1.9450830295681953
1015,Zhejia,emergency,unavailable_in_sd_path,2,intent_directory,/Users/zilongzeng/Research/DroneControl/user_study_v4/Zhejia/Emergency/2.wav,Zhejia/Emergency/2.wav,unknown,0.99609375,0.0,0.0,0.99609375,"[-128, -128, 127]",False,,,,,,,,,,,,,0.04191696643829346,1.2034999672323465,0.7219590479508042,1.9731660140678287
1016,Zhejia,emergency,unavailable_in_sd_path,3,intent_directory,/Users/zilongzeng/Research/DroneControl/user_study_v4/Zhejia/Emergency/3.wav,Zhejia/Emergency/3.wav,emergency,0.99609375,0.99609375,0.0,0.0,"[127, -128, -128]",True,,,,,,,,,,,,,0.045082997530698776,1.1639579897746444,0.61962497420609,1.8342919647693634
1017,Zhejia,emergency,unavailable_in_sd_path,4,intent_directory,/Users/zilongzeng/Research/DroneControl/user_study_v4/Zhejia/Emergency/4.wav,Zhejia/Emergency/4.wav,emergency,0.99609375,0.99609375,0.0,0.0,"[127, -128, -128]",True,,,,,,,,,,,,,0.03883393947035074,1.4003749238327146,0.6173750152811408,2.065500011667609
1018,Zhejia,emergency,unavailable_in_sd_path,5,intent_directory,/Users/zilongzeng/Research/DroneControl/user_study_v4/Zhejia/Emergency/5.wav,Zhejia/Emergency/5.wav,emergency,0.99609375,0.99609375,0.0,0.0,"[127, -128, -128]",True,,,,,,,,,,,,,0.08908403106033802,1.3206250732764602,0.7198749808594584,2.1374160423874855
1019,Zhejia,emergency,unavailable_in_sd_path,6,intent_directory,/Users/zilongzeng/Research/DroneControl/user_study_v4/Zhejia/Emergency/6.wav,Zhejia/Emergency/6.wav,emergency,0.99609375,0.99609375,0.0,0.0,"[127, -128, -128]",True,,,,,,,,,,,,,0.07745809853076935,1.3030830305069685,0.7453339640051126,2.132291905581951
1020,Zhejia,emergency,unavailable_in_sd_path,7,intent_directory,/Users/zilongzeng/Research/DroneControl/user_study_v4/Zhejia/Emergency/7.wav,Zhejia/Emergency/7.wav,unknown,0.8828125,0.1171875,0.0,0.8828125,"[-98, -128, 98]",False,,,,,,,,,,,,,0.053333002142608166,1.1562081053853035,0.614625052548945,1.8290419830009341
1021,Zhejia,emergency,unavailable_in_sd_path,8,intent_directory,/Users/zilongzeng/Research/DroneControl/user_study_v4/Zhejia/Emergency/8.wav,Zhejia/Emergency/8.wav,emergency,0.99609375,0.99609375,0.0,0.0,"[127, -128, -128]",True,,,,,,,,,,,,,0.03400002606213093,1.1876669013872743,0.7280829595401883,1.9607919966802
1022,Zhejia,emergency,unavailable_in_sd_path,9,intent_directory,/Users/zilongzeng/Research/DroneControl/user_study_v4/Zhejia/Emergency/9.wav,Zhejia/Emergency/9.wav,emergency,0.99609375,0.99609375,0.0,0.0,"[127, -128, -128]",True,,,,,,,,,,,,,0.06387499161064625,1.4319169567897916,0.6715829949826002,2.1733749890699983
1023,Zhejia,emergency,unavailable_in_sd_path,10,intent_directory,/Users/zilongzeng/Research/DroneControl/user_study_v4/Zhejia/Emergency/10.wav,Zhejia/Emergency/10.wav,emergency,0.99609375,0.99609375,0.0,0.0,"[127, -128, -128]",True,,,,,,,,,,,,,0.057458062656223774,1.169083989225328,0.7596249924972653,1.9940839847549796
1024,Zhejia,emergency,unavailable_in_sd_path,11,intent_directory,/Users/zilongzeng/Research/DroneControl/user_study_v4/Zhejia/Emergency/11.wav,Zhejia/Emergency/11.wav,emergency,0.99609375,0.99609375,0.0,0.0,"[127, -128, -128]",True,,,,,,,,,,,,,0.05449994932860136,1.151749980635941,0.6157919997349381,1.82712497189641
1025,Zhejia,emergency,unavailable_in_sd_path,12,intent_directory,/Users/zilongzeng/Research/DroneControl/user_study_v4/Zhejia/Emergency/12.wav,Zhejia/Emergency/12.wav,movement,0.99609375,0.0,0.99609375,0.0,"[-128, 127, -128]",False,,,,,,,,,,,,,0.03916595596820116,1.1719579342752695,0.6566670490428805,1.8734580371528864
1026,Zhejia,emergency,unavailable_in_sd_path,13,intent_directory,/Users/zilongzeng/Research/DroneControl/user_study_v4/Zhejia/Emergency/13.wav,Zhejia/Emergency/13.wav,movement,0.99609375,0.0,0.99609375,0.0,"[-128, 127, -128]",False,,,,,,,,,,,,,0.04233396612107754,1.1866249842569232,0.6757500814273953,1.9110830035060644
1027,Zhejia,emergency,unavailable_in_sd_path,14,intent_directory,/Users/zilongzeng/Research/DroneControl/user_study_v4/Zhejia/Emergency/14.wav,Zhejia/Emergency/14.wav,emergency,0.99609375,0.99609375,0.0,0.0,"[127, -128, -128]",True,,,,,,,,,,,,,0.053750001825392246,1.321833929978311,0.6379580590873957,2.020041923969984
1028,Zhejia,emergency,unavailable_in_sd_path,15,intent_directory,/Users/zilongzeng/Research/DroneControl/user_study_v4/Zhejia/Emergency/15.wav,Zhejia/Emergency/15.wav,emergency,0.9453125,0.9453125,0.0546875,0.0,"[114, -114, -128]",True,,,,,,,,,,,,,0.05308305844664574,1.3693339424207807,0.6181669887155294,2.0461250096559525
1029,Zhejia,emergency,unavailable_in_sd_path,16,intent_directory,/Users/zilongzeng/Research/DroneControl/user_study_v4/Zhejia/Emergency/16.wav,Zhejia/Emergency/16.wav,emergency,0.99609375,0.99609375,0.0,0.0,"[127, -128, -128]",True,,,,,,,,,,,,,0.04208402242511511,1.1892920592799783,0.6157919997349381,1.8523330800235271
1030,Zhejia,emergency,unavailable_in_sd_path,17,intent_directory,/Users/zilongzeng/Research/DroneControl/user_study_v4/Zhejia/Emergency/17.wav,Zhejia/Emergency/17.wav,unknown,0.99609375,0.00390625,0.0,0.99609375,"[-127, -128, 127]",False,,,,,,,,,,,,,0.034917029552161694,1.3414579443633556,0.6168750114738941,2.0024171099066734
1031,Zhejia,emergency,unavailable_in_sd_path,18,intent_directory,/Users/zilongzeng/Research/DroneControl/user_study_v4/Zhejia/Emergency/18.wav,Zhejia/Emergency/18.wav,unknown,0.99609375,0.0,0.0,0.99609375,"[-128, -128, 127]",False,,,,,,,,,,,,,0.0874160323292017,1.3585829874500632,0.6505829514935613,2.1042500156909227
1032,Zhejia,emergency,unavailable_in_sd_path,19,intent_directory,/Users/zilongzeng/Research/DroneControl/user_study_v4/Zhejia/Emergency/19.wav,Zhejia/Emergency/19.wav,emergency,0.99609375,0.99609375,0.0,0.0,"[127, -128, -128]",True,,,,,,,,,,,,,0.06566604133695364,1.3849999522790313,0.6285420386120677,2.0847920095548034
1033,Zhejia,emergency,unavailable_in_sd_path,20,intent_directory,/Users/zilongzeng/Research/DroneControl/user_study_v4/Zhejia/Emergency/20.wav,Zhejia/Emergency/20.wav,movement,0.99609375,0.0,0.99609375,0.0,"[-128, 127, -128]",False,,,,,,,,,,,,,0.0490840757265687,1.1790419230237603,0.6619999185204506,1.8962080357596278
1034,Zhejia,emergency,unavailable_in_sd_path,21,intent_directory,/Users/zilongzeng/Research/DroneControl/user_study_v4/Zhejia/Emergency/21.wav,Zhejia/Emergency/21.wav,emergency,0.99609375,0.99609375,0.0,0.0,"[127, -128, -128]",True,,,,,,,,,,,,,0.040792045183479786,1.325791934505105,0.6652079755440354,2.0380839705467224
1035,Zhejia,emergency,unavailable_in_sd_path,22,intent_directory,/Users/zilongzeng/Research/DroneControl/user_study_v4/Zhejia/Emergency/22.wav,Zhejia/Emergency/22.wav,emergency,0.99609375,0.99609375,0.0,0.0,"[127, -128, -128]",True,,,,,,,,,,,,,0.05420797970145941,1.203916035592556,0.675707939080894,1.9395829876884818
1036,Zhejia,emergency,unavailable_in_sd_path,23,intent_directory,/Users/zilongzeng/Research/DroneControl/user_study_v4/Zhejia/Emergency/23.wav,Zhejia/Emergency/23.wav,emergency,0.99609375,0.99609375,0.0,0.0,"[127, -128, -128]",True,,,,,,,,,,,,,0.03700004890561104,1.273582922294736,0.6567500531673431,1.9730000058189034
1037,Zhejia,emergency,unavailable_in_sd_path,24,intent_directory,/Users/zilongzeng/Research/DroneControl/user_study_v4/Zhejia/Emergency/24.wav,Zhejia/Emergency/24.wav,emergency,0.99609375,0.99609375,0.0,0.0,"[127, -128, -128]",True,,,,,,,,,,,,,0.04241708666086197,1.1827920097857714,0.6432500667870045,1.8741668900474906
1038,Zhejia,emergency,unavailable_in_sd_path,25,intent_directory,/Users/zilongzeng/Research/DroneControl/user_study_v4/Zhejia/Emergency/25.wav,Zhejia/Emergency/25.wav,emergency,0.99609375,0.99609375,0.0,0.0,"[127, -128, -128]",True,,,,,,,,,,,,,0.04199997056275606,1.2603339273482561,0.6944580236449838,2.0035000052303076
1039,Zhejia,emergency,unavailable_in_sd_path,26,intent_directory,/Users/zilongzeng/Research/DroneControl/user_study_v4/Zhejia/Emergency/26.wav,Zhejia/Emergency/26.wav,movement,0.9921875,0.0078125,0.9921875,0.0,"[-126, 126, -128]",False,,,,,,,,,,,,,0.06866699550300837,1.17125001270324,0.675374991260469,1.921250019222498
1040,Zhejia,emergency,unavailable_in_sd_path,27,intent_directory,/Users/zilongzeng/Research/DroneControl/user_study_v4/Zhejia/Emergency/27.wav,Zhejia/Emergency/27.wav,emergency,0.99609375,0.99609375,0.0,0.0,"[127, -128, -128]",True,,,,,,,,,,,,,0.03699993249028921,1.194500015117228,0.7773749530315399,2.014916972257197
1041,Zhejia,emergency,unavailable_in_sd_path,28,intent_directory,/Users/zilongzeng/Research/DroneControl/user_study_v4/Zhejia/Emergency/28.wav,Zhejia/Emergency/28.wav,emergency,0.99609375,0.99609375,0.0,0.0,"[127, -128, -128]",True,,,,,,,,,,,,,0.045915949158370495,1.1342080542817712,0.6235410692170262,1.808375003747642
1042,Zhejia,emergency,unavailable_in_sd_path,29,intent_directory,/Users/zilongzeng/Research/DroneControl/user_study_v4/Zhejia/Emergency/29.wav,Zhejia/Emergency/29.wav,emergency,0.99609375,0.99609375,0.0,0.0,"[127, -128, -128]",True,,,,,,,,,,,,,0.039209029637277126,1.1301669292151928,0.6815000670030713,1.8566249636933208
1043,Zhejia,emergency,unavailable_in_sd_path,30,intent_directory,/Users/zilongzeng/Research/DroneControl/user_study_v4/Zhejia/Emergency/30.wav,Zhejia/Emergency/30.wav,emergency,0.99609375,0.99609375,0.0,0.0,"[127, -128, -128]",True,,,,,,,,,,,,,0.040708924643695354,1.1667920043691993,0.6340000545606017,1.8466250039637089
1044,Zhejia,emergency,unavailable_in_sd_path,31,intent_directory,/Users/zilongzeng/Research/DroneControl/user_study_v4/Zhejia/Emergency/31.wav,Zhejia/Emergency/31.wav,emergency,0.99609375,0.99609375,0.0,0.0,"[127, -128, -128]",True,,,,,,,,,,,,,0.041624996811151505,1.1366249527782202,0.6520419847220182,1.8355000065639615
1045,Zhejia,emergency,unavailable_in_sd_path,32,intent_directory,/Users/zilongzeng/Research/DroneControl/user_study_v4/Zhejia/Emergency/32.wav,Zhejia/Emergency/32.wav,emergency,0.99609375,0.99609375,0.0,0.0,"[127, -128, -128]",True,,,,,,,,,,,,,0.045166932977735996,1.2557090958580375,0.620041973888874,1.9260830013081431
1046,Zhejia,emergency,unavailable_in_sd_path,33,intent_directory,/Users/zilongzeng/Research/DroneControl/user_study_v4/Zhejia/Emergency/33.wav,Zhejia/Emergency/33.wav,movement,0.99609375,0.0,0.99609375,0.0,"[-128, 127, -128]",False,,,,,,,,,,,,,0.047749956138432026,1.1392090236768126,0.6756250513717532,1.8684170208871365
1047,Zhejia,emergency,unavailable_in_sd_path,34,intent_directory,/Users/zilongzeng/Research/DroneControl/user_study_v4/Zhejia/Emergency/34.wav,Zhejia/Emergency/34.wav,movement,0.99609375,0.0,0.99609375,0.0,"[-128, 127, -128]",False,,,,,,,,,,,,,0.03716698847711086,1.1693330015987158,0.6349999457597733,1.8465409521013498
1048,Zhejia,emergency,unavailable_in_sd_path,35,intent_directory,/Users/zilongzeng/Research/DroneControl/user_study_v4/Zhejia/Emergency/35.wav,Zhejia/Emergency/35.wav,movement,0.94140625,0.015625,0.94140625,0.046875,"[-124, 113, -116]",False,,,,,,,,,,,,,0.04104210529476404,1.296791946515441,0.6522920448333025,1.995083992369473
1049,Zhejia,emergency,unavailable_in_sd_path,36,intent_directory,/Users/zilongzeng/Research/DroneControl/user_study_v4/Zhejia/Emergency/36.wav,Zhejia/Emergency/36.wav,emergency,0.99609375,0.99609375,0.0,0.0,"[127, -128, -128]",True,,,,,,,,,,,,,0.04295795224606991,1.2644160306081176,0.642542028799653,1.9572499440982938
1050,Zhejia,emergency,unavailable_in_sd_path,37,intent_directory,/Users/zilongzeng/Research/DroneControl/user_study_v4/Zhejia/Emergency/37.wav,Zhejia/Emergency/37.wav,emergency,0.99609375,0.99609375,0.0,0.0,"[127, -128, -128]",True,,,,,,,,,,,,,0.05433405749499798,1.1557500110939145,0.6342919077724218,1.8498749705031514
1051,Zhejia,emergency,unavailable_in_sd_path,38,intent_directory,/Users/zilongzeng/Research/DroneControl/user_study_v4/Zhejia/Emergency/38.wav,Zhejia/Emergency/38.wav,emergency,0.99609375,0.99609375,0.0,0.0,"[127, -128, -128]",True,,,,,,,,,,,,,0.03616593312472105,1.2437499826774001,0.6846659816801548,1.9709579646587372
1052,Zhejia,emergency,unavailable_in_sd_path,39,intent_directory,/Users/zilongzeng/Research/DroneControl/user_study_v4/Zhejia/Emergency/39.wav,Zhejia/Emergency/39.wav,movement,0.8046875,0.1953125,0.8046875,0.0,"[-78, 78, -128]",False,,,,,,,,,,,,,0.06345799192786217,1.2785830767825246,0.6480410229414701,2.0014169858768582
1053,Zhejia,emergency,unavailable_in_sd_path,40,intent_directory,/Users/zilongzeng/Research/DroneControl/user_study_v4/Zhejia/Emergency/40.wav,Zhejia/Emergency/40.wav,emergency,0.99609375,0.99609375,0.0,0.0,"[127, -128, -128]",True,,,,,,,,,,,,,0.040917075239121914,1.198416925035417,0.7556249620392919,2.0011250162497163
1054,Zhejia,emergency,unavailable_in_sd_path,41,intent_directory,/Users/zilongzeng/Research/DroneControl/user_study_v4/Zhejia/Emergency/41.wav,Zhejia/Emergency/41.wav,movement,0.99609375,0.0,0.99609375,0.0,"[-128, 127, -128]",False,,,,,,,,,,,,,0.039458973333239555,1.1383340461179614,0.645332969725132,1.8280410440638661
1055,Zhejia,emergency,unavailable_in_sd_path,42,intent_directory,/Users/zilongzeng/Research/DroneControl/user_study_v4/Zhejia/Emergency/42.wav,Zhejia/Emergency/42.wav,emergency,0.99609375,0.99609375,0.0,0.00390625,"[127, -128, -127]",True,,,,,,,,,,,,,0.03574998117983341,1.24008406419307,0.7272080983966589,2.0137090468779206
1056,Zhejia,emergency,unavailable_in_sd_path,43,intent_directory,/Users/zilongzeng/Research/DroneControl/user_study_v4/Zhejia/Emergency/43.wav,Zhejia/Emergency/43.wav,emergency,0.99609375,0.99609375,0.0,0.0,"[127, -128, -128]",True,,,,,,,,,,,,,0.063000014051795,1.3064999366179109,0.6416660035029054,2.0167919574305415
1057,Zhejia,emergency,unavailable_in_sd_path,44,intent_directory,/Users/zilongzeng/Research/DroneControl/user_study_v4/Zhejia/Emergency/44.wav,Zhejia/Emergency/44.wav,emergency,0.99609375,0.99609375,0.0,0.0,"[127, -128, -128]",True,,,,,,,,,,,,,0.04866707604378462,1.1777919717133045,0.7267920300364494,1.9607089925557375
1058,Zhejia,emergency,unavailable_in_sd_path,45,intent_directory,/Users/zilongzeng/Research/DroneControl/user_study_v4/Zhejia/Emergency/45.wav,Zhejia/Emergency/45.wav,unknown,0.9921875,0.0,0.0078125,0.9921875,"[-128, -126, 126]",False,,,,,,,,,,,,,0.03783300053328276,1.2150410329923034,0.626542023383081,1.8844170263037086
1059,Zhejia,emergency,unavailable_in_sd_path,46,intent_directory,/Users/zilongzeng/Research/DroneControl/user_study_v4/Zhejia/Emergency/46.wav,Zhejia/Emergency/46.wav,emergency,0.99609375,0.99609375,0.0,0.0,"[127, -128, -128]",True,,,,,,,,,,,,,0.043915933929383755,1.2446669861674309,0.6189580308273435,1.9164170371368527
1060,Zhejia,emergency,unavailable_in_sd_path,47,intent_directory,/Users/zilongzeng/Research/DroneControl/user_study_v4/Zhejia/Emergency/47.wav,Zhejia/Emergency/47.wav,unknown,0.99609375,0.0,0.0,0.99609375,"[-128, -128, 127]",False,,,,,,,,,,,,,0.10945799294859171,1.3320419238880277,0.6172499852254987,2.0646669436246157
1061,Zhejia,emergency,unavailable_in_sd_path,48,intent_directory,/Users/zilongzeng/Research/DroneControl/user_study_v4/Zhejia/Emergency/48.wav,Zhejia/Emergency/48.wav,movement,0.99609375,0.0,0.99609375,0.0,"[-128, 127, -128]",False,,,,,,,,,,,,,0.042041996493935585,1.2601249618455768,0.6807090248912573,1.9988750573247671
1062,Zhejia,emergency,unavailable_in_sd_path,49,intent_directory,/Users/zilongzeng/Research/DroneControl/user_study_v4/Zhejia/Emergency/49.wav,Zhejia/Emergency/49.wav,movement,0.99609375,0.0,0.99609375,0.0,"[-128, 127, -128]",False,,,,,,,,,,,,,0.0903330510482192,1.4085000148043036,0.6392089417204261,2.14358395896852
1063,Zhejia,movement,unavailable_in_sd_path,0,intent_directory,/Users/zilongzeng/Research/DroneControl/user_study_v4/Zhejia/Movement/0.wav,Zhejia/Movement/0.wav,movement,0.55078125,0.0,0.55078125,0.44921875,"[-128, 13, -13]",True,,,,,,,,,,,,,0.047874986194074154,1.1258750455453992,0.7219999097287655,1.9036669982597232
1064,Zhejia,movement,unavailable_in_sd_path,1,intent_directory,/Users/zilongzeng/Research/DroneControl/user_study_v4/Zhejia/Movement/1.wav,Zhejia/Movement/1.wav,movement,0.99609375,0.0,0.99609375,0.0,"[-128, 127, -128]",True,,,,,,,,,,,,,0.05079200491309166,1.2222090736031532,0.6195830646902323,1.898166025057435
1065,Zhejia,movement,unavailable_in_sd_path,2,intent_directory,/Users/zilongzeng/Research/DroneControl/user_study_v4/Zhejia/Movement/2.wav,Zhejia/Movement/2.wav,movement,0.99609375,0.0,0.99609375,0.0,"[-128, 127, -128]",True,,,,,,,,,,,,,0.04566705320030451,1.1614999966695905,0.7637919625267386,1.977458014152944
1066,Zhejia,movement,unavailable_in_sd_path,3,intent_directory,/Users/zilongzeng/Research/DroneControl/user_study_v4/Zhejia/Movement/3.wav,Zhejia/Movement/3.wav,movement,0.99609375,0.0,0.99609375,0.0,"[-128, 127, -128]",True,,,,,,,,,,,,,0.06145797669887543,1.4228749787434936,0.618249992839992,2.1080420119687915
1067,Zhejia,movement,unavailable_in_sd_path,4,intent_directory,/Users/zilongzeng/Research/DroneControl/user_study_v4/Zhejia/Movement/4.wav,Zhejia/Movement/4.wav,movement,0.99609375,0.0,0.99609375,0.0,"[-128, 127, -128]",True,,,,,,,,,,,,,0.046042026951909065,1.124250004068017,0.655125011689961,1.8304589902982116
1068,Zhejia,movement,unavailable_in_sd_path,5,intent_directory,/Users/zilongzeng/Research/DroneControl/user_study_v4/Zhejia/Movement/5.wav,Zhejia/Movement/5.wav,movement,0.99609375,0.0,0.99609375,0.0,"[-128, 127, -128]",True,,,,,,,,,,,,,0.033084070309996605,1.1453749611973763,0.6558329332619905,1.839415985159576
1069,Zhejia,movement,unavailable_in_sd_path,6,intent_directory,/Users/zilongzeng/Research/DroneControl/user_study_v4/Zhejia/Movement/6.wav,Zhejia/Movement/6.wav,unknown,0.99609375,0.0,0.00390625,0.99609375,"[-128, -127, 127]",False,,,,,,,,,,,,,0.03458303399384022,1.3730839127674699,0.6763749988749623,2.0940419053658843
1070,Zhejia,movement,unavailable_in_sd_path,7,intent_directory,/Users/zilongzeng/Research/DroneControl/user_study_v4/Zhejia/Movement/7.wav,Zhejia/Movement/7.wav,movement,0.99609375,0.0,0.99609375,0.0,"[-128, 127, -128]",True,,,,,,,,,,,,,0.09579199831932783,1.3746250187978148,0.6393339717760682,2.1165410289540887
1071,Zhejia,movement,unavailable_in_sd_path,8,intent_directory,/Users/zilongzeng/Research/DroneControl/user_study_v4/Zhejia/Movement/8.wav,Zhejia/Movement/8.wav,movement,0.99609375,0.0,0.99609375,0.0,"[-128, 127, -128]",True,,,,,,,,,,,,,0.05200004670768976,1.203040941618383,0.6467499770224094,1.9070000853389502
1072,Zhejia,movement,unavailable_in_sd_path,9,intent_directory,/Users/zilongzeng/Research/DroneControl/user_study_v4/Zhejia/Movement/9.wav,Zhejia/Movement/9.wav,movement,0.6484375,0.0,0.6484375,0.3515625,"[-128, 38, -38]",True,,,,,,,,,,,,,0.04012498538941145,1.2359169777482748,0.6704169791191816,1.9530829740688205
1073,Zhejia,movement,unavailable_in_sd_path,10,intent_directory,/Users/zilongzeng/Research/DroneControl/user_study_v4/Zhejia/Movement/10.wav,Zhejia/Movement/10.wav,movement,0.99609375,0.0,0.99609375,0.0,"[-128, 127, -128]",True,,,,,,,,,,,,,0.06049999501556158,1.295834081247449,0.6388750625774264,2.004208043217659
1074,Zhejia,movement,unavailable_in_sd_path,11,intent_directory,/Users/zilongzeng/Research/DroneControl/user_study_v4/Zhejia/Movement/11.wav,Zhejia/Movement/11.wav,movement,0.99609375,0.0,0.99609375,0.0,"[-128, 127, -128]",True,,,,,,,,,,,,,0.10562501847743988,1.2978329323232174,0.73291698936373,2.143083023838699
1075,Zhejia,movement,unavailable_in_sd_path,12,intent_directory,/Users/zilongzeng/Research/DroneControl/user_study_v4/Zhejia/Movement/12.wav,Zhejia/Movement/12.wav,movement,0.99609375,0.0,0.99609375,0.0,"[-128, 127, -128]",True,,,,,,,,,,,,,0.0665419502183795,1.2628340627998114,0.7106669945642352,2.0473749609664083
1076,Zhejia,movement,unavailable_in_sd_path,13,intent_directory,/Users/zilongzeng/Research/DroneControl/user_study_v4/Zhejia/Movement/13.wav,Zhejia/Movement/13.wav,movement,0.99609375,0.0,0.99609375,0.0,"[-128, 127, -128]",True,,,,,,,,,,,,,0.034374999813735485,1.0992080206051469,0.62112498562783,1.759875100106001
1077,Zhejia,movement,unavailable_in_sd_path,14,intent_directory,/Users/zilongzeng/Research/DroneControl/user_study_v4/Zhejia/Movement/14.wav,Zhejia/Movement/14.wav,movement,0.99609375,0.0,0.99609375,0.0,"[-128, 127, -128]",True,,,,,,,,,,,,,0.03783300053328276,1.1488329619169235,0.6445420440286398,1.8378749955445528
1078,Zhejia,movement,unavailable_in_sd_path,15,intent_directory,/Users/zilongzeng/Research/DroneControl/user_study_v4/Zhejia/Movement/15.wav,Zhejia/Movement/15.wav,movement,0.8828125,0.0,0.8828125,0.1171875,"[-128, 98, -98]",True,,,,,,,,,,,,,0.045874970965087414,1.3205420691519976,0.78820891212672,2.1612080745399
1079,Zhejia,movement,unavailable_in_sd_path,16,intent_directory,/Users/zilongzeng/Research/DroneControl/user_study_v4/Zhejia/Movement/16.wav,Zhejia/Movement/16.wav,movement,0.4296875,0.28515625,0.4296875,0.28515625,"[-55, -18, -55]",True,,,,,,,,,,,,,0.052416929975152016,1.1377499904483557,0.646167085506022,1.8413329962641
1080,Zhejia,movement,unavailable_in_sd_path,17,intent_directory,/Users/zilongzeng/Research/DroneControl/user_study_v4/Zhejia/Movement/17.wav,Zhejia/Movement/17.wav,movement,0.5234375,0.046875,0.5234375,0.4296875,"[-116, 6, -18]",True,,,,,,,,,,,,,0.03420806024223566,1.1630000080913305,0.6307499716058373,1.832667039707303
1081,Zhejia,movement,unavailable_in_sd_path,18,intent_directory,/Users/zilongzeng/Research/DroneControl/user_study_v4/Zhejia/Movement/18.wav,Zhejia/Movement/18.wav,movement,0.99609375,0.0,0.99609375,0.0,"[-128, 127, -128]",True,,,,,,,,,,,,,0.03283307887613773,1.1609169887378812,0.6144589278846979,1.8131249817088246
1082,Zhejia,movement,unavailable_in_sd_path,19,intent_directory,/Users/zilongzeng/Research/DroneControl/user_study_v4/Zhejia/Movement/19.wav,Zhejia/Movement/19.wav,movement,0.97265625,0.0,0.97265625,0.02734375,"[-128, 121, -121]",True,,,,,,,,,,,,,0.032250070944428444,1.2991250259801745,0.6213750457391143,1.9582080421969295
1083,Zhejia,movement,unavailable_in_sd_path,20,intent_directory,/Users/zilongzeng/Research/DroneControl/user_study_v4/Zhejia/Movement/20.wav,Zhejia/Movement/20.wav,movement,0.99609375,0.0,0.99609375,0.0,"[-128, 127, -128]",True,,,,,,,,,,,,,0.04924996756017208,1.458417042158544,0.6334579084068537,2.1500419825315475
1084,Zhejia,movement,unavailable_in_sd_path,21,intent_directory,/Users/zilongzeng/Research/DroneControl/user_study_v4/Zhejia/Movement/21.wav,Zhejia/Movement/21.wav,movement,0.99609375,0.0,0.99609375,0.0,"[-128, 127, -128]",True,,,,,,,,,,,,,0.14283391647040844,1.1261670151725411,0.6129170069471002,1.8877499969676137
1085,Zhejia,movement,unavailable_in_sd_path,22,intent_directory,/Users/zilongzeng/Research/DroneControl/user_study_v4/Zhejia/Movement/22.wav,Zhejia/Movement/22.wav,unknown,0.99609375,0.0,0.0,0.99609375,"[-128, -128, 127]",False,,,,,,,,,,,,,0.037207966670393944,1.1286659864708781,0.6186669925227761,1.789917005226016
1086,Zhejia,movement,unavailable_in_sd_path,23,intent_directory,/Users/zilongzeng/Research/DroneControl/user_study_v4/Zhejia/Movement/23.wav,Zhejia/Movement/23.wav,movement,0.99609375,0.0,0.99609375,0.0,"[-128, 127, -128]",True,,,,,,,,,,,,,0.03566697705537081,1.3478749897331,0.6690409500151873,2.0585829624906182
1087,Zhejia,movement,unavailable_in_sd_path,24,intent_directory,/Users/zilongzeng/Research/DroneControl/user_study_v4/Zhejia/Movement/24.wav,Zhejia/Movement/24.wav,movement,0.99609375,0.0,0.99609375,0.0,"[-128, 127, -128]",True,,,,,,,,,,,,,0.07087492849677801,1.3501670910045505,0.6294999038800597,2.0560830598697066
1088,Zhejia,movement,unavailable_in_sd_path,25,intent_directory,/Users/zilongzeng/Research/DroneControl/user_study_v4/Zhejia/Movement/25.wav,Zhejia/Movement/25.wav,movement,0.99609375,0.0,0.99609375,0.0,"[-128, 127, -128]",True,,,,,,,,,,,,,0.044208019971847534,1.1954160872846842,0.639582984149456,1.8844999140128493
1089,Zhejia,movement,unavailable_in_sd_path,26,intent_directory,/Users/zilongzeng/Research/DroneControl/user_study_v4/Zhejia/Movement/26.wav,Zhejia/Movement/26.wav,emergency,0.99609375,0.99609375,0.0,0.0,"[127, -128, -128]",False,,,,,,,,,,,,,0.037792022339999676,1.3080410426482558,0.7045839447528124,2.0570409251376987
1090,Zhejia,movement,unavailable_in_sd_path,27,intent_directory,/Users/zilongzeng/Research/DroneControl/user_study_v4/Zhejia/Movement/27.wav,Zhejia/Movement/27.wav,movement,0.99609375,0.0,0.99609375,0.0,"[-128, 127, -128]",True,,,,,,,,,,,,,0.05708297248929739,1.3300830032676458,0.6686249980702996,2.065374981611967
1091,Zhejia,movement,unavailable_in_sd_path,28,intent_directory,/Users/zilongzeng/Research/DroneControl/user_study_v4/Zhejia/Movement/28.wav,Zhejia/Movement/28.wav,emergency,0.91796875,0.91796875,0.08203125,0.0,"[107, -107, -128]",False,,,,,,,,,,,,,0.11016603093594313,1.3942919904366136,0.6637499900534749,2.1744580008089542
1092,Zhejia,movement,unavailable_in_sd_path,29,intent_directory,/Users/zilongzeng/Research/DroneControl/user_study_v4/Zhejia/Movement/29.wav,Zhejia/Movement/29.wav,movement,0.99609375,0.0,0.99609375,0.0,"[-128, 127, -128]",True,,,,,,,,,,,,,0.04133302718400955,1.134042046032846,0.6326669827103615,1.8132919212803245
1093,Zhejia,movement,unavailable_in_sd_path,30,intent_directory,/Users/zilongzeng/Research/DroneControl/user_study_v4/Zhejia/Movement/30.wav,Zhejia/Movement/30.wav,movement,0.859375,0.0,0.859375,0.140625,"[-128, 92, -92]",True,,,,,,,,,,,,,0.03854196984320879,1.1790000135079026,0.6139170145615935,1.8362499540671706
1094,Zhejia,movement,unavailable_in_sd_path,31,intent_directory,/Users/zilongzeng/Research/DroneControl/user_study_v4/Zhejia/Movement/31.wav,Zhejia/Movement/31.wav,unknown,0.99609375,0.0,0.0,0.99609375,"[-128, -128, 127]",False,,,,,,,,,,,,,0.03429199568927288,1.0708750924095511,0.6183339282870293,1.728791045024991
1095,Zhejia,movement,unavailable_in_sd_path,32,intent_directory,/Users/zilongzeng/Research/DroneControl/user_study_v4/Zhejia/Movement/32.wav,Zhejia/Movement/32.wav,unknown,0.99609375,0.0,0.0,0.99609375,"[-128, -128, 127]",False,,,,,,,,,,,,,0.036209006793797016,1.2615839950740337,0.7668329635635018,2.0707499934360385
1096,Zhejia,movement,unavailable_in_sd_path,33,intent_directory,/Users/zilongzeng/Research/DroneControl/user_study_v4/Zhejia/Movement/33.wav,Zhejia/Movement/33.wav,unknown,0.99609375,0.0,0.0,0.99609375,"[-128, -128, 127]",False,,,,,,,,,,,,,0.052709016017615795,1.1467919684946537,0.6248330464586616,1.8294999608770013
1097,Zhejia,movement,unavailable_in_sd_path,34,intent_directory,/Users/zilongzeng/Research/DroneControl/user_study_v4/Zhejia/Movement/34.wav,Zhejia/Movement/34.wav,movement,0.99609375,0.0,0.99609375,0.0,"[-128, 127, -128]",True,,,,,,,,,,,,,0.03370794001966715,1.154041034169495,0.6772500928491354,1.8707499839365482
1098,Zhejia,movement,unavailable_in_sd_path,35,intent_directory,/Users/zilongzeng/Research/DroneControl/user_study_v4/Zhejia/Movement/35.wav,Zhejia/Movement/35.wav,movement,0.99609375,0.0,0.99609375,0.0,"[-128, 127, -128]",True,,,,,,,,,,,,,0.04116701893508434,1.175540965050459,0.6186249665915966,1.8405000446364284
1099,Zhejia,movement,unavailable_in_sd_path,36,intent_directory,/Users/zilongzeng/Research/DroneControl/user_study_v4/Zhejia/Movement/36.wav,Zhejia/Movement/36.wav,movement,0.99609375,0.0,0.99609375,0.0,"[-128, 127, -128]",True,,,,,,,,,,,,,0.03795791417360306,1.2327079894021153,0.6117909215390682,1.8873750232160091
1100,Zhejia,movement,unavailable_in_sd_path,37,intent_directory,/Users/zilongzeng/Research/DroneControl/user_study_v4/Zhejia/Movement/37.wav,Zhejia/Movement/37.wav,movement,0.99609375,0.0,0.99609375,0.0,"[-128, 127, -128]",True,,,,,,,,,,,,,0.03587501123547554,1.310250023379922,0.6362079875543714,1.9879159517586231
1101,Zhejia,movement,unavailable_in_sd_path,38,intent_directory,/Users/zilongzeng/Research/DroneControl/user_study_v4/Zhejia/Movement/38.wav,Zhejia/Movement/38.wav,movement,0.99609375,0.0,0.99609375,0.0,"[-128, 127, -128]",True,,,,,,,,,,,,,0.04629208706319332,1.2000000569969416,0.651499954983592,1.9036249723285437
1102,Zhejia,movement,unavailable_in_sd_path,39,intent_directory,/Users/zilongzeng/Research/DroneControl/user_study_v4/Zhejia/Movement/39.wav,Zhejia/Movement/39.wav,movement,0.99609375,0.0,0.99609375,0.0,"[-128, 127, -128]",True,,,,,,,,,,,,,0.044792075641453266,1.1742499191313982,0.6268339930102229,1.8508749781176448
1103,Zhejia,movement,unavailable_in_sd_path,40,intent_directory,/Users/zilongzeng/Research/DroneControl/user_study_v4/Zhejia/Movement/40.wav,Zhejia/Movement/40.wav,unknown,0.6796875,0.015625,0.3046875,0.6796875,"[-124, -50, 46]",False,,,,,,,,,,,,,0.04108308348804712,1.192582887597382,0.6750409957021475,1.9140829099342227
1104,Zhejia,movement,unavailable_in_sd_path,41,intent_directory,/Users/zilongzeng/Research/DroneControl/user_study_v4/Zhejia/Movement/41.wav,Zhejia/Movement/41.wav,movement,0.99609375,0.0,0.99609375,0.0,"[-128, 127, -128]",True,,,,,,,,,,,,,0.03783300053328276,1.2314580380916595,0.7095839828252792,1.9843339687213302
1105,Zhejia,movement,unavailable_in_sd_path,42,intent_directory,/Users/zilongzeng/Research/DroneControl/user_study_v4/Zhejia/Movement/42.wav,Zhejia/Movement/42.wav,movement,0.99609375,0.0,0.99609375,0.0,"[-128, 127, -128]",True,,,,,,,,,,,,,0.037209014408290386,1.2260839575901628,0.6581670604646206,1.9269170006737113
1106,Zhejia,movement,unavailable_in_sd_path,43,intent_directory,/Users/zilongzeng/Research/DroneControl/user_study_v4/Zhejia/Movement/43.wav,Zhejia/Movement/43.wav,movement,0.99609375,0.0,0.99609375,0.0,"[-128, 127, -128]",True,,,,,,,,,,,,,0.04258297849446535,1.2620000634342432,0.6846670294180512,1.9952920265495777
1107,Zhejia,movement,unavailable_in_sd_path,44,intent_directory,/Users/zilongzeng/Research/DroneControl/user_study_v4/Zhejia/Movement/44.wav,Zhejia/Movement/44.wav,movement,0.99609375,0.0,0.99609375,0.0,"[-128, 127, -128]",True,,,,,,,,,,,,,0.056541990488767624,1.1961670825257897,0.6521670147776604,1.9099999917671084
1108,Zhejia,movement,unavailable_in_sd_path,45,intent_directory,/Users/zilongzeng/Research/DroneControl/user_study_v4/Zhejia/Movement/45.wav,Zhejia/Movement/45.wav,unknown,0.99609375,0.0,0.0,0.99609375,"[-128, -128, 127]",False,,,,,,,,,,,,,0.040375045500695705,1.1501669650897384,0.7646660087630153,1.960374996997416
1109,Zhejia,movement,unavailable_in_sd_path,46,intent_directory,/Users/zilongzeng/Research/DroneControl/user_study_v4/Zhejia/Movement/46.wav,Zhejia/Movement/46.wav,unknown,0.99609375,0.0,0.0,0.99609375,"[-128, -128, 127]",False,,,,,,,,,,,,,0.049666035920381546,1.2586250668391585,0.6226249970495701,1.9360000733286142
1110,Zhejia,movement,unavailable_in_sd_path,47,intent_directory,/Users/zilongzeng/Research/DroneControl/user_study_v4/Zhejia/Movement/47.wav,Zhejia/Movement/47.wav,movement,0.99609375,0.0,0.99609375,0.0,"[-128, 127, -128]",True,,,,,,,,,,,,,0.04716706462204456,1.1434160405769944,0.6084159249439836,1.8037910340353847
1111,Zhejia,movement,unavailable_in_sd_path,48,intent_directory,/Users/zilongzeng/Research/DroneControl/user_study_v4/Zhejia/Movement/48.wav,Zhejia/Movement/48.wav,movement,0.99609375,0.0,0.99609375,0.0,"[-128, 127, -128]",True,,,,,,,,,,,,,0.038541038520634174,1.1222499888390303,0.6687089335173368,1.8345830030739307
1112,Zhejia,movement,unavailable_in_sd_path,49,intent_directory,/Users/zilongzeng/Research/DroneControl/user_study_v4/Zhejia/Movement/49.wav,Zhejia/Movement/49.wav,movement,0.99609375,0.0,0.99609375,0.0,"[-128, 127, -128]",True,,,,,,,,,,,,,0.04037492908537388,1.2677910272032022,0.6383750587701797,1.9514169543981552
1113,Zhejia,unknown,unavailable_in_sd_path,0,intent_directory,/Users/zilongzeng/Research/DroneControl/user_study_v4/Zhejia/Unknown/0.wav,Zhejia/Unknown/0.wav,unknown,0.99609375,0.0,0.00390625,0.99609375,"[-128, -127, 127]",True,,,,,,,,,,,,,0.04741700831800699,1.2897499836981297,0.6231669103726745,1.965333940461278
1114,Zhejia,unknown,unavailable_in_sd_path,1,intent_directory,/Users/zilongzeng/Research/DroneControl/user_study_v4/Zhejia/Unknown/1.wav,Zhejia/Unknown/1.wav,unknown,0.76953125,0.0,0.23046875,0.76953125,"[-128, -69, 69]",True,,,,,,,,,,,,,0.038707978092134,1.1891250032931566,0.6280000088736415,1.8625829834491014
1115,Zhejia,unknown,unavailable_in_sd_path,2,intent_directory,/Users/zilongzeng/Research/DroneControl/user_study_v4/Zhejia/Unknown/2.wav,Zhejia/Unknown/2.wav,unknown,0.55078125,0.0,0.44921875,0.55078125,"[-128, -13, 13]",True,,,,,,,,,,,,,0.059125013649463654,1.2935829581692815,0.6513749249279499,2.0094580249860883
1116,Zhejia,unknown,unavailable_in_sd_path,3,intent_directory,/Users/zilongzeng/Research/DroneControl/user_study_v4/Zhejia/Unknown/3.wav,Zhejia/Unknown/3.wav,unknown,0.99609375,0.0,0.0,0.99609375,"[-128, -128, 127]",True,,,,,,,,,,,,,0.048874993808567524,1.1615409748628736,0.6384579464793205,1.854624948464334
1117,Zhejia,unknown,unavailable_in_sd_path,4,intent_directory,/Users/zilongzeng/Research/DroneControl/user_study_v4/Zhejia/Unknown/4.wav,Zhejia/Unknown/4.wav,unknown,0.99609375,0.0,0.0,0.99609375,"[-128, -128, 127]",True,,,,,,,,,,,,,0.04050007555633783,1.2133329873904586,0.6340839900076389,1.8939999863505363
1118,Zhejia,unknown,unavailable_in_sd_path,5,intent_directory,/Users/zilongzeng/Research/DroneControl/user_study_v4/Zhejia/Unknown/5.wav,Zhejia/Unknown/5.wav,unknown,0.99609375,0.0,0.0,0.99609375,"[-128, -128, 127]",True,,,,,,,,,,,,,0.045042019337415695,1.274875015951693,0.6507500074803829,1.9807919161394238
1119,Zhejia,unknown,unavailable_in_sd_path,6,intent_directory,/Users/zilongzeng/Research/DroneControl/user_study_v4/Zhejia/Unknown/6.wav,Zhejia/Unknown/6.wav,unknown,0.99609375,0.0,0.0,0.99609375,"[-128, -128, 127]",True,,,,,,,,,,,,,0.10837509762495756,1.3048748951405287,0.6793750217184424,2.101499936543405
1120,Zhejia,unknown,unavailable_in_sd_path,7,intent_directory,/Users/zilongzeng/Research/DroneControl/user_study_v4/Zhejia/Unknown/7.wav,Zhejia/Unknown/7.wav,unknown,0.99609375,0.0,0.0,0.99609375,"[-128, -128, 127]",True,,,,,,,,,,,,,0.07108401041477919,1.2314170598983765,0.6357500096783042,1.9437919836491346
1121,Zhejia,unknown,unavailable_in_sd_path,8,intent_directory,/Users/zilongzeng/Research/DroneControl/user_study_v4/Zhejia/Unknown/8.wav,Zhejia/Unknown/8.wav,unknown,0.99609375,0.0,0.0,0.99609375,"[-128, -128, 127]",True,,,,,,,,,,,,,0.04308403003960848,1.219834084622562,0.6990419933572412,1.9687500316649675
1122,Zhejia,unknown,unavailable_in_sd_path,9,intent_directory,/Users/zilongzeng/Research/DroneControl/user_study_v4/Zhejia/Unknown/9.wav,Zhejia/Unknown/9.wav,unknown,0.99609375,0.0,0.0,0.99609375,"[-128, -128, 127]",True,,,,,,,,,,,,,0.04716706462204456,1.2388339964672923,0.6488329963758588,1.9440000178292394
1123,Zhejia,unknown,unavailable_in_sd_path,10,intent_directory,/Users/zilongzeng/Research/DroneControl/user_study_v4/Zhejia/Unknown/10.wav,Zhejia/Unknown/10.wav,unknown,0.99609375,0.0,0.0,0.99609375,"[-128, -128, 127]",True,,,,,,,,,,,,,0.10054197628051043,1.2737499782815576,0.6178750190883875,1.9982910016551614
1124,Zhejia,unknown,unavailable_in_sd_path,11,intent_directory,/Users/zilongzeng/Research/DroneControl/user_study_v4/Zhejia/Unknown/11.wav,Zhejia/Unknown/11.wav,unknown,0.99609375,0.0,0.0,0.99609375,"[-128, -128, 127]",True,,,,,,,,,,,,,0.04316703416407108,1.1262920452281833,0.7051249267533422,1.8815419171005487
1125,Zhejia,unknown,unavailable_in_sd_path,12,intent_directory,/Users/zilongzeng/Research/DroneControl/user_study_v4/Zhejia/Unknown/12.wav,Zhejia/Unknown/12.wav,unknown,0.99609375,0.0,0.0,0.99609375,"[-128, -128, 127]",True,,,,,,,,,,,,,0.048625050112605095,1.4865000266581774,0.7392918923869729,2.282208064571023
1126,Zhejia,unknown,unavailable_in_sd_path,13,intent_directory,/Users/zilongzeng/Research/DroneControl/user_study_v4/Zhejia/Unknown/13.wav,Zhejia/Unknown/13.wav,unknown,0.99609375,0.0,0.0,0.99609375,"[-128, -128, 127]",True,,,,,,,,,,,,,0.08508306927978992,1.2952500255778432,0.7247079629451036,2.1132499678060412
1127,Zhejia,unknown,unavailable_in_sd_path,14,intent_directory,/Users/zilongzeng/Research/DroneControl/user_study_v4/Zhejia/Unknown/14.wav,Zhejia/Unknown/14.wav,unknown,0.99609375,0.0,0.0,0.99609375,"[-128, -128, 127]",True,,,,,,,,,,,,,0.062249950133264065,1.3351250672712922,0.7172499317675829,2.120374934747815
1128,Zhejia,unknown,unavailable_in_sd_path,15,intent_directory,/Users/zilongzeng/Research/DroneControl/user_study_v4/Zhejia/Unknown/15.wav,Zhejia/Unknown/15.wav,unknown,0.99609375,0.0,0.0,0.99609375,"[-128, -128, 127]",True,,,,,,,,,,,,,0.05716690793633461,1.5829589683562517,0.7525000255554914,2.402834012173116
1129,Zhejia,unknown,unavailable_in_sd_path,16,intent_directory,/Users/zilongzeng/Research/DroneControl/user_study_v4/Zhejia/Unknown/16.wav,Zhejia/Unknown/16.wav,movement,0.99609375,0.0,0.99609375,0.0,"[-128, 127, -128]",False,,,,,,,,,,,,,0.06604194641113281,1.3615409843623638,0.6565420189872384,2.089916029945016
1130,Zhejia,unknown,unavailable_in_sd_path,17,intent_directory,/Users/zilongzeng/Research/DroneControl/user_study_v4/Zhejia/Unknown/17.wav,Zhejia/Unknown/17.wav,movement,0.99609375,0.0,0.99609375,0.0,"[-128, 127, -128]",False,,,,,,,,,,,,,0.058666104450821877,1.2199589982628822,0.6218339549377561,1.9077499164268374
1131,Zhejia,unknown,unavailable_in_sd_path,18,intent_directory,/Users/zilongzeng/Research/DroneControl/user_study_v4/Zhejia/Unknown/18.wav,Zhejia/Unknown/18.wav,unknown,0.55078125,0.0,0.44921875,0.55078125,"[-128, -13, 13]",True,,,,,,,,,,,,,0.05058303941041231,1.336415996775031,0.7378750015050173,2.1334170596674085
1132,Zhejia,unknown,unavailable_in_sd_path,19,intent_directory,/Users/zilongzeng/Research/DroneControl/user_study_v4/Zhejia/Unknown/19.wav,Zhejia/Unknown/19.wav,movement,0.99609375,0.0,0.99609375,0.0,"[-128, 127, -128]",False,,,,,,,,,,,,,0.08954200893640518,1.292875036597252,0.6716250209137797,2.0604170858860016
1133,Zhejia,unknown,unavailable_in_sd_path,20,intent_directory,/Users/zilongzeng/Research/DroneControl/user_study_v4/Zhejia/Unknown/20.wav,Zhejia/Unknown/20.wav,unknown,0.99609375,0.0,0.0,0.99609375,"[-128, -128, 127]",True,,,,,,,,,,,,,0.058165984228253365,1.3579170918092132,0.7168750744313002,2.141374978236854
1134,Zhejia,unknown,unavailable_in_sd_path,21,intent_directory,/Users/zilongzeng/Research/DroneControl/user_study_v4/Zhejia/Unknown/21.wav,Zhejia/Unknown/21.wav,unknown,0.99609375,0.0,0.0,0.99609375,"[-128, -128, 127]",True,,,,,,,,,,,,,0.05679205060005188,1.283499994315207,0.6681670201942325,2.0165840396657586
1135,Zhejia,unknown,unavailable_in_sd_path,22,intent_directory,/Users/zilongzeng/Research/DroneControl/user_study_v4/Zhejia/Unknown/22.wav,Zhejia/Unknown/22.wav,unknown,0.99609375,0.0,0.0,0.99609375,"[-128, -128, 127]",True,,,,,,,,,,,,,0.0464579788967967,1.3459170004352927,0.7233329815790057,2.1232080180197954
1136,Zhejia,unknown,unavailable_in_sd_path,23,intent_directory,/Users/zilongzeng/Research/DroneControl/user_study_v4/Zhejia/Unknown/23.wav,Zhejia/Unknown/23.wav,unknown,0.99609375,0.0,0.0,0.99609375,"[-128, -128, 127]",True,,,,,,,,,,,,,0.06004201713949442,1.8087499774992466,0.7244999287649989,2.6051669847220182
1137,Zhejia,unknown,unavailable_in_sd_path,24,intent_directory,/Users/zilongzeng/Research/DroneControl/user_study_v4/Zhejia/Unknown/24.wav,Zhejia/Unknown/24.wav,unknown,0.99609375,0.0,0.0,0.99609375,"[-128, -128, 127]",True,,,,,,,,,,,,,0.11108303442597389,1.691750017926097,0.734332948923111,2.5474170688539743
1138,Zhejia,unknown,unavailable_in_sd_path,25,intent_directory,/Users/zilongzeng/Research/DroneControl/user_study_v4/Zhejia/Unknown/25.wav,Zhejia/Unknown/25.wav,movement,0.99609375,0.0,0.99609375,0.0,"[-128, 127, -128]",False,,,,,,,,,,,,,0.1016249880194664,1.4530409825965762,0.6547920638695359,2.2177499486133456
1139,Zhejia,unknown,unavailable_in_sd_path,26,intent_directory,/Users/zilongzeng/Research/DroneControl/user_study_v4/Zhejia/Unknown/26.wav,Zhejia/Unknown/26.wav,unknown,0.99609375,0.0,0.0,0.99609375,"[-128, -128, 127]",True,,,,,,,,,,,,,0.06791600026190281,1.3101669028401375,0.8003340335562825,2.1877080434933305
1140,Zhejia,unknown,unavailable_in_sd_path,27,intent_directory,/Users/zilongzeng/Research/DroneControl/user_study_v4/Zhejia/Unknown/27.wav,Zhejia/Unknown/27.wav,unknown,0.99609375,0.0,0.0,0.99609375,"[-128, -128, 127]",True,,,,,,,,,,,,,0.08825003169476986,1.4318330213427544,0.7837089942768216,2.3310419637709856
1141,Zhejia,unknown,unavailable_in_sd_path,28,intent_directory,/Users/zilongzeng/Research/DroneControl/user_study_v4/Zhejia/Unknown/28.wav,Zhejia/Unknown/28.wav,unknown,0.99609375,0.0,0.0,0.99609375,"[-128, -128, 127]",True,,,,,,,,,,,,,0.104334088973701,1.6542919911444187,0.8214169647544622,2.5969580747187138
1142,Zhejia,unknown,unavailable_in_sd_path,29,intent_directory,/Users/zilongzeng/Research/DroneControl/user_study_v4/Zhejia/Unknown/29.wav,Zhejia/Unknown/29.wav,unknown,0.99609375,0.0,0.0,0.99609375,"[-128, -128, 127]",True,,,,,,,,,,,,,0.08475000504404306,1.4815418981015682,0.6838750559836626,2.257958985865116
1143,Zhejia,unknown,unavailable_in_sd_path,30,intent_directory,/Users/zilongzeng/Research/DroneControl/user_study_v4/Zhejia/Unknown/30.wav,Zhejia/Unknown/30.wav,unknown,0.99609375,0.0,0.0,0.99609375,"[-128, -128, 127]",True,,,,,,,,,,,,,0.07595797069370747,1.2780000688508153,0.7334999972954392,2.105583087541163
1144,Zhejia,unknown,unavailable_in_sd_path,31,intent_directory,/Users/zilongzeng/Research/DroneControl/user_study_v4/Zhejia/Unknown/31.wav,Zhejia/Unknown/31.wav,unknown,0.99609375,0.0,0.0,0.99609375,"[-128, -128, 127]",True,,,,,,,,,,,,,0.10704097803682089,1.422917004674673,0.7363749900832772,2.2752919467166066
1145,Zhejia,unknown,unavailable_in_sd_path,32,intent_directory,/Users/zilongzeng/Research/DroneControl/user_study_v4/Zhejia/Unknown/32.wav,Zhejia/Unknown/32.wav,unknown,0.99609375,0.0,0.0,0.99609375,"[-128, -128, 127]",True,,,,,,,,,,,,,0.07479207124561071,1.2713749893009663,0.7144170813262463,2.0713749108836055
1146,Zhejia,unknown,unavailable_in_sd_path,33,intent_directory,/Users/zilongzeng/Research/DroneControl/user_study_v4/Zhejia/Unknown/33.wav,Zhejia/Unknown/33.wav,unknown,0.99609375,0.0,0.0,0.99609375,"[-128, -128, 127]",True,,,,,,,,,,,,,0.087540945969522,1.4987499453127384,0.7550829323008657,2.357207937166095
1147,Zhejia,unknown,unavailable_in_sd_path,34,intent_directory,/Users/zilongzeng/Research/DroneControl/user_study_v4/Zhejia/Unknown/34.wav,Zhejia/Unknown/34.wav,unknown,0.99609375,0.0,0.0,0.99609375,"[-128, -128, 127]",True,,,,,,,,,,,,,0.08758297190070152,1.2960419990122318,0.7177089573815465,2.1202920470386744
1148,Zhejia,unknown,unavailable_in_sd_path,35,intent_directory,/Users/zilongzeng/Research/DroneControl/user_study_v4/Zhejia/Unknown/35.wav,Zhejia/Unknown/35.wav,unknown,0.99609375,0.0,0.0,0.99609375,"[-128, -128, 127]",True,,,,,,,,,,,,,0.12941600289195776,1.3605409767478704,0.7325829938054085,2.2324169985949993
1149,Zhejia,unknown,unavailable_in_sd_path,36,intent_directory,/Users/zilongzeng/Research/DroneControl/user_study_v4/Zhejia/Unknown/36.wav,Zhejia/Unknown/36.wav,unknown,0.99609375,0.0,0.0,0.99609375,"[-128, -128, 127]",True,,,,,,,,,,,,,0.07462501525878906,1.4813329325988889,0.7127500139176846,2.2763339802622795
1150,Zhejia,unknown,unavailable_in_sd_path,37,intent_directory,/Users/zilongzeng/Research/DroneControl/user_study_v4/Zhejia/Unknown/37.wav,Zhejia/Unknown/37.wav,unknown,0.99609375,0.0,0.0,0.99609375,"[-128, -128, 127]",True,,,,,,,,,,,,,0.06495800334960222,1.277709030546248,0.6564590148627758,2.004750072956085
1151,Zhejia,unknown,unavailable_in_sd_path,38,intent_directory,/Users/zilongzeng/Research/DroneControl/user_study_v4/Zhejia/Unknown/38.wav,Zhejia/Unknown/38.wav,unknown,0.6484375,0.0,0.3515625,0.6484375,"[-128, -38, 38]",True,,,,,,,,,,,,,0.04495901521295309,1.2390000047162175,0.6194579182192683,1.9103329395875335
1152,Zhejia,unknown,unavailable_in_sd_path,39,intent_directory,/Users/zilongzeng/Research/DroneControl/user_study_v4/Zhejia/Unknown/39.wav,Zhejia/Unknown/39.wav,unknown,0.99609375,0.0,0.0,0.99609375,"[-128, -128, 127]",True,,,,,,,,,,,,,0.07575005292892456,1.2612909777089953,0.6384999724105,1.9847090588882565
1153,Zhejia,unknown,unavailable_in_sd_path,40,intent_directory,/Users/zilongzeng/Research/DroneControl/user_study_v4/Zhejia/Unknown/40.wav,Zhejia/Unknown/40.wav,unknown,0.99609375,0.0,0.0,0.99609375,"[-128, -128, 127]",True,,,,,,,,,,,,,0.07887498941272497,1.4133750228211284,0.757541973143816,2.26529105566442
1154,Zhejia,unknown,unavailable_in_sd_path,41,intent_directory,/Users/zilongzeng/Research/DroneControl/user_study_v4/Zhejia/Unknown/41.wav,Zhejia/Unknown/41.wav,unknown,0.99609375,0.0,0.0,0.99609375,"[-128, -128, 127]",True,,,,,,,,,,,,,0.08349993731826544,1.4082080451771617,0.6403340958058834,2.143791993148625
1155,Zhejia,unknown,unavailable_in_sd_path,42,intent_directory,/Users/zilongzeng/Research/DroneControl/user_study_v4/Zhejia/Unknown/42.wav,Zhejia/Unknown/42.wav,unknown,0.99609375,0.0,0.0,0.99609375,"[-128, -128, 127]",True,,,,,,,,,,,,,0.08462509140372276,1.3163749827072024,0.7245000451803207,2.133041969500482
1156,Zhejia,unknown,unavailable_in_sd_path,43,intent_directory,/Users/zilongzeng/Research/DroneControl/user_study_v4/Zhejia/Unknown/43.wav,Zhejia/Unknown/43.wav,unknown,0.99609375,0.0,0.0,0.99609375,"[-128, -128, 127]",True,,,,,,,,,,,,,0.05662499461323023,1.1841249652206898,0.6962079787626863,1.944042043760419
1157,Zhejia,unknown,unavailable_in_sd_path,44,intent_directory,/Users/zilongzeng/Research/DroneControl/user_study_v4/Zhejia/Unknown/44.wav,Zhejia/Unknown/44.wav,movement,0.83203125,0.0,0.83203125,0.16796875,"[-128, 85, -85]",False,,,,,,,,,,,,,0.04908395931124687,1.2402080465108156,0.7464169757440686,2.0541249541565776
1158,Zhejia,unknown,unavailable_in_sd_path,45,intent_directory,/Users/zilongzeng/Research/DroneControl/user_study_v4/Zhejia/Unknown/45.wav,Zhejia/Unknown/45.wav,unknown,0.9453125,0.0,0.0546875,0.9453125,"[-128, -114, 114]",True,,,,,,,,,,,,,0.07666705641895533,1.3826669892296195,0.6498750299215317,2.115875016897917
1159,Zhejia,unknown,unavailable_in_sd_path,46,intent_directory,/Users/zilongzeng/Research/DroneControl/user_study_v4/Zhejia/Unknown/46.wav,Zhejia/Unknown/46.wav,unknown,0.99609375,0.0,0.0,0.99609375,"[-128, -128, 127]",True,,,,,,,,,,,,,0.07270905189216137,1.1781660141423345,0.7552090100944042,2.016040962189436
1160,Zhejia,unknown,unavailable_in_sd_path,47,intent_directory,/Users/zilongzeng/Research/DroneControl/user_study_v4/Zhejia/Unknown/47.wav,Zhejia/Unknown/47.wav,movement,0.99609375,0.0,0.99609375,0.0,"[-128, 127, -128]",False,,,,,,,,,,,,,0.05904200952500105,1.243000035174191,0.6600420456379652,1.9682080019265413
1161,Zhejia,unknown,unavailable_in_sd_path,48,intent_directory,/Users/zilongzeng/Research/DroneControl/user_study_v4/Zhejia/Unknown/48.wav,Zhejia/Unknown/48.wav,unknown,0.99609375,0.0,0.0,0.99609375,"[-128, -128, 127]",True,,,,,,,,,,,,,0.046083005145192146,1.2040419969707727,0.6483331089839339,1.9049170659855008
1162,Zhejia,unknown,unavailable_in_sd_path,49,intent_directory,/Users/zilongzeng/Research/DroneControl/user_study_v4/Zhejia/Unknown/49.wav,Zhejia/Unknown/49.wav,unknown,0.99609375,0.0,0.0,0.99609375,"[-128, -128, 127]",True,,,,,,,,,,,,,0.0439169816672802,1.223459024913609,0.6253749597817659,1.8982499605044723
1163,Zhuoran,emergency,unavailable_in_sd_path,0,intent_directory,/Users/zilongzeng/Research/DroneControl/user_study_v4/Zhuoran/Emergency/0.wav,Zhuoran/Emergency/0.wav,movement,0.69140625,0.30859375,0.69140625,0.0,"[-49, 49, -128]",False,,,,,,,,,,,,,0.04395795986056328,1.283791963942349,0.6201670039445162,1.9559579668566585
1164,Zhuoran,emergency,unavailable_in_sd_path,1,intent_directory,/Users/zilongzeng/Research/DroneControl/user_study_v4/Zhuoran/Emergency/1.wav,Zhuoran/Emergency/1.wav,unknown,0.99609375,0.0,0.0,0.99609375,"[-128, -128, 127]",False,,,,,,,,,,,,,0.07391604594886303,1.2895410181954503,0.6421249127015471,2.01291695702821
1165,Zhuoran,emergency,unavailable_in_sd_path,2,intent_directory,/Users/zilongzeng/Research/DroneControl/user_study_v4/Zhuoran/Emergency/2.wav,Zhuoran/Emergency/2.wav,movement,0.99609375,0.0,0.99609375,0.0,"[-128, 127, -128]",False,,,,,,,,,,,,,0.05341705400496721,1.168042072094977,0.7329999934881926,1.9615419441834092
1166,Zhuoran,emergency,unavailable_in_sd_path,3,intent_directory,/Users/zilongzeng/Research/DroneControl/user_study_v4/Zhuoran/Emergency/3.wav,Zhuoran/Emergency/3.wav,emergency,0.99609375,0.99609375,0.0,0.0,"[127, -128, -128]",True,,,,,,,,,,,,,0.054458039812743664,1.2429580092430115,0.6582500645890832,1.9617090001702309
1167,Zhuoran,emergency,unavailable_in_sd_path,4,intent_directory,/Users/zilongzeng/Research/DroneControl/user_study_v4/Zhuoran/Emergency/4.wav,Zhuoran/Emergency/4.wav,emergency,0.953125,0.953125,0.046875,0.0,"[116, -116, -128]",True,,,,,,,,,,,,,0.04441698547452688,1.280625001527369,0.6261670496314764,1.9598751096054912
1168,Zhuoran,emergency,unavailable_in_sd_path,5,intent_directory,/Users/zilongzeng/Research/DroneControl/user_study_v4/Zhuoran/Emergency/5.wav,Zhuoran/Emergency/5.wav,emergency,0.99609375,0.99609375,0.0,0.0,"[127, -128, -128]",True,,,,,,,,,,,,,0.051458016969263554,1.2587090022861958,0.6508330116048455,1.967624993994832
1169,Zhuoran,emergency,unavailable_in_sd_path,6,intent_directory,/Users/zilongzeng/Research/DroneControl/user_study_v4/Zhuoran/Emergency/6.wav,Zhuoran/Emergency/6.wav,unknown,0.59765625,0.0,0.40234375,0.59765625,"[-128, -25, 25]",False,,,,,,,,,,,,,0.05616701673716307,1.1970839696004987,0.6603749934583902,1.9202090334147215
1170,Zhuoran,emergency,unavailable_in_sd_path,7,intent_directory,/Users/zilongzeng/Research/DroneControl/user_study_v4/Zhuoran/Emergency/7.wav,Zhuoran/Emergency/7.wav,emergency,0.99609375,0.99609375,0.0,0.0,"[127, -128, -128]",True,,,,,,,,,,,,,0.04783296026289463,1.3543750392273068,0.8117079269140959,2.221417031250894
1171,Zhuoran,emergency,unavailable_in_sd_path,8,intent_directory,/Users/zilongzeng/Research/DroneControl/user_study_v4/Zhuoran/Emergency/8.wav,Zhuoran/Emergency/8.wav,movement,0.9765625,0.01953125,0.9765625,0.0,"[-123, 122, -128]",False,,,,,,,,,,,,,0.062125036492943764,1.183499931357801,0.6299159722402692,1.8816250376403332
1172,Zhuoran,emergency,unavailable_in_sd_path,9,intent_directory,/Users/zilongzeng/Research/DroneControl/user_study_v4/Zhuoran/Emergency/9.wav,Zhuoran/Emergency/9.wav,emergency,0.96875,0.96875,0.03125,0.0,"[120, -120, -128]",True,,,,,,,,,,,,,0.043625012040138245,1.3100410578772426,0.6366251036524773,1.9968339474871755
1173,Zhuoran,emergency,unavailable_in_sd_path,10,intent_directory,/Users/zilongzeng/Research/DroneControl/user_study_v4/Zhuoran/Emergency/10.wav,Zhuoran/Emergency/10.wav,unknown,0.8828125,0.1171875,0.0,0.8828125,"[-98, -128, 98]",False,,,,,,,,,,,,,0.05308294203132391,1.2179160257801414,0.6274170009419322,1.9041670020669699
1174,Zhuoran,emergency,unavailable_in_sd_path,11,intent_directory,/Users/zilongzeng/Research/DroneControl/user_study_v4/Zhuoran/Emergency/11.wav,Zhuoran/Emergency/11.wav,movement,0.99609375,0.0,0.99609375,0.0,"[-128, 127, -128]",False,,,,,,,,,,,,,0.03562506753951311,1.1714169522747397,0.6141660269349813,1.8280830699950457
1175,Zhuoran,emergency,unavailable_in_sd_path,12,intent_directory,/Users/zilongzeng/Research/DroneControl/user_study_v4/Zhuoran/Emergency/12.wav,Zhuoran/Emergency/12.wav,emergency,0.99609375,0.99609375,0.0,0.0,"[127, -128, -128]",True,,,,,,,,,,,,,0.04866707604378462,1.2094579869881272,0.6627920083701611,1.9285420421510935
1176,Zhuoran,emergency,unavailable_in_sd_path,13,intent_directory,/Users/zilongzeng/Research/DroneControl/user_study_v4/Zhuoran/Emergency/13.wav,Zhuoran/Emergency/13.wav,emergency,0.99609375,0.99609375,0.0,0.0,"[127, -128, -128]",True,,,,,,,,,,,,,0.06950006354600191,1.2265410041436553,0.7754579419270158,2.0773750729858875
1177,Zhuoran,emergency,unavailable_in_sd_path,14,intent_directory,/Users/zilongzeng/Research/DroneControl/user_study_v4/Zhuoran/Emergency/14.wav,Zhuoran/Emergency/14.wav,emergency,0.99609375,0.99609375,0.0,0.0,"[127, -128, -128]",True,,,,,,,,,,,,,0.04620896652340889,1.152792014181614,0.6604590453207493,1.8646249081939459
1178,Zhuoran,emergency,unavailable_in_sd_path,15,intent_directory,/Users/zilongzeng/Research/DroneControl/user_study_v4/Zhuoran/Emergency/15.wav,Zhuoran/Emergency/15.wav,emergency,0.99609375,0.99609375,0.0,0.0,"[127, -128, -128]",True,,,,,,,,,,,,,0.03408303018659353,1.082542003132403,0.7079170318320394,1.8316669156774879
1179,Zhuoran,emergency,unavailable_in_sd_path,16,intent_directory,/Users/zilongzeng/Research/DroneControl/user_study_v4/Zhuoran/Emergency/16.wav,Zhuoran/Emergency/16.wav,emergency,0.99609375,0.99609375,0.0,0.0,"[127, -128, -128]",True,,,,,,,,,,,,,0.04850002005696297,1.2542919721454382,0.6501250900328159,1.9587500719353557
1180,Zhuoran,emergency,unavailable_in_sd_path,17,intent_directory,/Users/zilongzeng/Research/DroneControl/user_study_v4/Zhuoran/Emergency/17.wav,Zhuoran/Emergency/17.wav,unknown,0.99609375,0.0,0.0,0.99609375,"[-128, -128, 127]",False,,,,,,,,,,,,,0.04812504630535841,1.3470419216901064,0.6186669925227761,2.0203329622745514
1181,Zhuoran,emergency,unavailable_in_sd_path,18,intent_directory,/Users/zilongzeng/Research/DroneControl/user_study_v4/Zhuoran/Emergency/18.wav,Zhuoran/Emergency/18.wav,emergency,0.99609375,0.99609375,0.0,0.0,"[127, -128, -128]",True,,,,,,,,,,,,,0.04595797508955002,1.2825829908251762,0.6490829400718212,1.9845409551635385
1182,Zhuoran,emergency,unavailable_in_sd_path,19,intent_directory,/Users/zilongzeng/Research/DroneControl/user_study_v4/Zhuoran/Emergency/19.wav,Zhuoran/Emergency/19.wav,emergency,0.99609375,0.99609375,0.0,0.0,"[127, -128, -128]",True,,,,,,,,,,,,,0.060416990891098976,1.1520420666784048,0.7055000169202685,1.9240829860791564
1183,Zhuoran,emergency,unavailable_in_sd_path,20,intent_directory,/Users/zilongzeng/Research/DroneControl/user_study_v4/Zhuoran/Emergency/20.wav,Zhuoran/Emergency/20.wav,emergency,0.99609375,0.99609375,0.0,0.0,"[127, -128, -128]",True,,,,,,,,,,,,,0.042749918065965176,1.2737499782815576,0.6399580743163824,1.9629579037427902
1184,Zhuoran,emergency,unavailable_in_sd_path,21,intent_directory,/Users/zilongzeng/Research/DroneControl/user_study_v4/Zhuoran/Emergency/21.wav,Zhuoran/Emergency/21.wav,emergency,0.99609375,0.99609375,0.0,0.0,"[127, -128, -128]",True,,,,,,,,,,,,,0.052875024266541004,1.3160000089555979,0.6426250329241157,2.0182919688522816
1185,Zhuoran,emergency,unavailable_in_sd_path,22,intent_directory,/Users/zilongzeng/Research/DroneControl/user_study_v4/Zhuoran/Emergency/22.wav,Zhuoran/Emergency/22.wav,emergency,0.99609375,0.99609375,0.0,0.0,"[127, -128, -128]",True,,,,,,,,,,,,,0.046459026634693146,1.3011670671403408,0.6192500004544854,1.9721250282600522
1186,Zhuoran,emergency,unavailable_in_sd_path,23,intent_directory,/Users/zilongzeng/Research/DroneControl/user_study_v4/Zhuoran/Emergency/23.wav,Zhuoran/Emergency/23.wav,emergency,0.99609375,0.99609375,0.0,0.0,"[127, -128, -128]",True,,,,,,,,,,,,,0.03941706381738186,1.1382499942556024,0.642542028799653,1.827916014008224
1187,Zhuoran,emergency,unavailable_in_sd_path,24,intent_directory,/Users/zilongzeng/Research/DroneControl/user_study_v4/Zhuoran/Emergency/24.wav,Zhuoran/Emergency/24.wav,emergency,0.99609375,0.99609375,0.0,0.0,"[127, -128, -128]",True,,,,,,,,,,,,,0.05258305463939905,1.298624905757606,0.6404999876394868,1.9971670117229223
1188,Zhuoran,emergency,unavailable_in_sd_path,25,intent_directory,/Users/zilongzeng/Research/DroneControl/user_study_v4/Zhuoran/Emergency/25.wav,Zhuoran/Emergency/25.wav,movement,0.98828125,0.01171875,0.98828125,0.0,"[-125, 125, -128]",False,,,,,,,,,,,,,0.04783296026289463,1.1098330141976476,0.662375008687377,1.82562496047467
1189,Zhuoran,emergency,unavailable_in_sd_path,26,intent_directory,/Users/zilongzeng/Research/DroneControl/user_study_v4/Zhuoran/Emergency/26.wav,Zhuoran/Emergency/26.wav,movement,0.953125,0.046875,0.953125,0.0,"[-116, 116, -128]",False,,,,,,,,,,,,,0.04433305002748966,1.2880000285804272,0.6816660752519965,2.0196669502183795
1190,Zhuoran,emergency,unavailable_in_sd_path,27,intent_directory,/Users/zilongzeng/Research/DroneControl/user_study_v4/Zhuoran/Emergency/27.wav,Zhuoran/Emergency/27.wav,emergency,0.984375,0.984375,0.015625,0.0,"[124, -124, -128]",True,,,,,,,,,,,,,0.04316598642617464,1.0881669586524367,0.6287080468609929,1.7655830597504973
1191,Zhuoran,emergency,unavailable_in_sd_path,28,intent_directory,/Users/zilongzeng/Research/DroneControl/user_study_v4/Zhuoran/Emergency/28.wav,Zhuoran/Emergency/28.wav,emergency,0.99609375,0.99609375,0.0,0.0,"[127, -128, -128]",True,,,,,,,,,,,,,0.03654090687632561,1.269291969947517,0.6762499688193202,1.9877919694408774
1192,Zhuoran,emergency,unavailable_in_sd_path,29,intent_directory,/Users/zilongzeng/Research/DroneControl/user_study_v4/Zhuoran/Emergency/29.wav,Zhuoran/Emergency/29.wav,emergency,0.99609375,0.99609375,0.0,0.0,"[127, -128, -128]",True,,,,,,,,,,,,,0.0493339030072093,1.1350000277161598,0.6679169600829482,1.8685419345274568
1193,Zhuoran,emergency,unavailable_in_sd_path,30,intent_directory,/Users/zilongzeng/Research/DroneControl/user_study_v4/Zhuoran/Emergency/30.wav,Zhuoran/Emergency/30.wav,emergency,0.99609375,0.99609375,0.0,0.0,"[127, -128, -128]",True,,,,,,,,,,,,,0.042209052480757236,1.1722079943865538,0.7864590734243393,2.0080420654267073
1194,Zhuoran,emergency,unavailable_in_sd_path,31,intent_directory,/Users/zilongzeng/Research/DroneControl/user_study_v4/Zhuoran/Emergency/31.wav,Zhuoran/Emergency/31.wav,emergency,0.9453125,0.9453125,0.03125,0.0234375,"[114, -120, -122]",True,,,,,,,,,,,,,0.059125013649463654,1.135416910983622,0.6181250791996717,1.8176250159740448
1195,Zhuoran,emergency,unavailable_in_sd_path,32,intent_directory,/Users/zilongzeng/Research/DroneControl/user_study_v4/Zhuoran/Emergency/32.wav,Zhuoran/Emergency/32.wav,emergency,0.99609375,0.99609375,0.0,0.0,"[127, -128, -128]",True,,,,,,,,,,,,,0.04112499300390482,1.125624985434115,0.612459029071033,1.7838750500231981
1196,Zhuoran,emergency,unavailable_in_sd_path,33,intent_directory,/Users/zilongzeng/Research/DroneControl/user_study_v4/Zhuoran/Emergency/33.wav,Zhuoran/Emergency/33.wav,movement,0.99609375,0.0,0.99609375,0.0,"[-128, 127, -128]",False,,,,,,,,,,,,,0.03566697705537081,1.2278750073164701,0.6709160516038537,1.9406249048188329
1197,Zhuoran,emergency,unavailable_in_sd_path,34,intent_directory,/Users/zilongzeng/Research/DroneControl/user_study_v4/Zhuoran/Emergency/34.wav,Zhuoran/Emergency/34.wav,movement,0.99609375,0.0,0.99609375,0.0,"[-128, 127, -128]",False,,,,,,,,,,,,,0.04983402322977781,1.3028749963268638,0.622499966993928,1.9831659737974405
1198,Zhuoran,emergency,unavailable_in_sd_path,35,intent_directory,/Users/zilongzeng/Research/DroneControl/user_study_v4/Zhuoran/Emergency/35.wav,Zhuoran/Emergency/35.wav,unknown,0.99609375,0.0,0.0,0.99609375,"[-128, -128, 127]",False,,,,,,,,,,,,,0.042791012674570084,1.3397079892456532,0.6302909459918737,2.0183330634608865
1199,Zhuoran,emergency,unavailable_in_sd_path,36,intent_directory,/Users/zilongzeng/Research/DroneControl/user_study_v4/Zhuoran/Emergency/36.wav,Zhuoran/Emergency/36.wav,movement,0.99609375,0.0,0.99609375,0.00390625,"[-128, 127, -127]",False,,,,,,,,,,,,,0.04112499300390482,1.1653329711407423,0.6218339549377561,1.8336670473217964
1200,Zhuoran,emergency,unavailable_in_sd_path,37,intent_directory,/Users/zilongzeng/Research/DroneControl/user_study_v4/Zhuoran/Emergency/37.wav,Zhuoran/Emergency/37.wav,movement,0.99609375,0.0,0.99609375,0.0,"[-128, 127, -128]",False,,,,,,,,,,,,,0.0404169550165534,1.306624966673553,0.7015001028776169,2.054290962405503
1201,Zhuoran,emergency,unavailable_in_sd_path,38,intent_directory,/Users/zilongzeng/Research/DroneControl/user_study_v4/Zhuoran/Emergency/38.wav,Zhuoran/Emergency/38.wav,emergency,0.83203125,0.83203125,0.16796875,0.0,"[85, -85, -128]",True,,,,,,,,,,,,,0.05425000563263893,1.1765829985961318,0.6486250786110759,1.8848750041797757
1202,Zhuoran,emergency,unavailable_in_sd_path,39,intent_directory,/Users/zilongzeng/Research/DroneControl/user_study_v4/Zhuoran/Emergency/39.wav,Zhuoran/Emergency/39.wav,emergency,0.83203125,0.83203125,0.16796875,0.0,"[85, -85, -128]",True,,,,,,,,,,,,,0.0434160465374589,1.3016669545322657,0.6347079761326313,1.985207898542285
1203,Zhuoran,emergency,unavailable_in_sd_path,40,intent_directory,/Users/zilongzeng/Research/DroneControl/user_study_v4/Zhuoran/Emergency/40.wav,Zhuoran/Emergency/40.wav,movement,0.99609375,0.0,0.99609375,0.0,"[-128, 127, -128]",False,,,,,,,,,,,,,0.04570803139358759,1.1884160339832306,0.6264999974519014,1.8672500737011433
1204,Zhuoran,emergency,unavailable_in_sd_path,41,intent_directory,/Users/zilongzeng/Research/DroneControl/user_study_v4/Zhuoran/Emergency/41.wav,Zhuoran/Emergency/41.wav,emergency,0.64453125,0.64453125,0.0,0.3515625,"[37, -128, -38]",True,,,,,,,,,,,,,0.049165915697813034,1.2479580473154783,0.6643340457230806,1.970916986465454
1205,Zhuoran,emergency,unavailable_in_sd_path,42,intent_directory,/Users/zilongzeng/Research/DroneControl/user_study_v4/Zhuoran/Emergency/42.wav,Zhuoran/Emergency/42.wav,unknown,0.99609375,0.0,0.0,0.99609375,"[-128, -128, 127]",False,,,,,,,,,,,,,0.07820897735655308,1.2547080405056477,0.7009159307926893,2.0423750393092632
1206,Zhuoran,emergency,unavailable_in_sd_path,43,intent_directory,/Users/zilongzeng/Research/DroneControl/user_study_v4/Zhuoran/Emergency/43.wav,Zhuoran/Emergency/43.wav,movement,0.53515625,0.10546875,0.53515625,0.359375,"[-101, 9, -36]",False,,,,,,,,,,,,,0.04458299372345209,1.1269580572843552,0.765583012253046,1.942708040587604
1207,Zhuoran,emergency,unavailable_in_sd_path,44,intent_directory,/Users/zilongzeng/Research/DroneControl/user_study_v4/Zhuoran/Emergency/44.wav,Zhuoran/Emergency/44.wav,emergency,0.99609375,0.99609375,0.0,0.0,"[127, -128, -128]",True,,,,,,,,,,,,,0.04270800855010748,1.2339589884504676,0.6215419853106141,1.9060829654335976
1208,Zhuoran,emergency,unavailable_in_sd_path,45,intent_directory,/Users/zilongzeng/Research/DroneControl/user_study_v4/Zhuoran/Emergency/45.wav,Zhuoran/Emergency/45.wav,emergency,0.99609375,0.99609375,0.0,0.0,"[127, -128, -128]",True,,,,,,,,,,,,,0.05549995694309473,1.3108339626342058,0.733416061848402,2.113124937750399
1209,Zhuoran,emergency,unavailable_in_sd_path,46,intent_directory,/Users/zilongzeng/Research/DroneControl/user_study_v4/Zhuoran/Emergency/46.wav,Zhuoran/Emergency/46.wav,emergency,0.55078125,0.55078125,0.44921875,0.0,"[13, -13, -128]",True,,,,,,,,,,,,,0.07083301898092031,1.4497090596705675,0.6490829400718212,2.1779589587822556
1210,Zhuoran,emergency,unavailable_in_sd_path,47,intent_directory,/Users/zilongzeng/Research/DroneControl/user_study_v4/Zhuoran/Emergency/47.wav,Zhuoran/Emergency/47.wav,emergency,0.99609375,0.99609375,0.0,0.0,"[127, -128, -128]",True,,,,,,,,,,,,,0.05408294964581728,1.1751659912988544,0.7485829992219806,1.9832500256597996
1211,Zhuoran,emergency,unavailable_in_sd_path,48,intent_directory,/Users/zilongzeng/Research/DroneControl/user_study_v4/Zhuoran/Emergency/48.wav,Zhuoran/Emergency/48.wav,unknown,0.99609375,0.0,0.0,0.99609375,"[-128, -128, 127]",False,,,,,,,,,,,,,0.04212500061839819,1.1185840703547,0.6198749179020524,1.7856250051409006
1212,Zhuoran,emergency,unavailable_in_sd_path,49,intent_directory,/Users/zilongzeng/Research/DroneControl/user_study_v4/Zhuoran/Emergency/49.wav,Zhuoran/Emergency/49.wav,emergency,0.99609375,0.99609375,0.0,0.0,"[127, -128, -128]",True,,,,,,,,,,,,,0.04033301956951618,1.1874580522999167,0.7177499355748296,1.9521670183166862
1213,Zhuoran,movement,unavailable_in_sd_path,0,intent_directory,/Users/zilongzeng/Research/DroneControl/user_study_v4/Zhuoran/Movement/0.wav,Zhuoran/Movement/0.wav,movement,0.99609375,0.0,0.99609375,0.0,"[-128, 127, -128]",True,,,,,,,,,,,,,0.050083035603165627,1.2323330156505108,0.6650830619037151,1.961458008736372
1214,Zhuoran,movement,unavailable_in_sd_path,1,intent_directory,/Users/zilongzeng/Research/DroneControl/user_study_v4/Zhuoran/Movement/1.wav,Zhuoran/Movement/1.wav,movement,0.99609375,0.0,0.99609375,0.0,"[-128, 127, -128]",True,,,,,,,,,,,,,0.042166910134255886,1.2167920358479023,0.6832079961895943,1.9475419539958239
1215,Zhuoran,movement,unavailable_in_sd_path,2,intent_directory,/Users/zilongzeng/Research/DroneControl/user_study_v4/Zhuoran/Movement/2.wav,Zhuoran/Movement/2.wav,movement,0.99609375,0.0,0.99609375,0.0,"[-128, 127, -128]",True,,,,,,,,,,,,,0.05462497938424349,1.2974169803783298,0.6293749902397394,1.9877090817317367
1216,Zhuoran,movement,unavailable_in_sd_path,3,intent_directory,/Users/zilongzeng/Research/DroneControl/user_study_v4/Zhuoran/Movement/3.wav,Zhuoran/Movement/3.wav,movement,0.99609375,0.0,0.99609375,0.0,"[-128, 127, -128]",True,,,,,,,,,,,,,0.050292001105844975,1.1684169294312596,0.7171250181272626,1.941584050655365
1217,Zhuoran,movement,unavailable_in_sd_path,4,intent_directory,/Users/zilongzeng/Research/DroneControl/user_study_v4/Zhuoran/Movement/4.wav,Zhuoran/Movement/4.wav,movement,0.99609375,0.0,0.99609375,0.0,"[-128, 127, -128]",True,,,,,,,,,,,,,0.04095910117030144,1.2152920244261622,0.6561249028891325,1.9180410308763385
1218,Zhuoran,movement,unavailable_in_sd_path,5,intent_directory,/Users/zilongzeng/Research/DroneControl/user_study_v4/Zhuoran/Movement/5.wav,Zhuoran/Movement/5.wav,movement,0.99609375,0.0,0.99609375,0.0,"[-128, 127, -128]",True,,,,,,,,,,,,,0.04254095256328583,1.2295000487938523,0.631708069704473,1.90866703633219
1219,Zhuoran,movement,unavailable_in_sd_path,6,intent_directory,/Users/zilongzeng/Research/DroneControl/user_study_v4/Zhuoran/Movement/6.wav,Zhuoran/Movement/6.wav,movement,0.99609375,0.0,0.99609375,0.0,"[-128, 127, -128]",True,,,,,,,,,,,,,0.04325003828853369,1.3541249791160226,0.6205829558894038,2.0230839727446437
1220,Zhuoran,movement,unavailable_in_sd_path,7,intent_directory,/Users/zilongzeng/Research/DroneControl/user_study_v4/Zhuoran/Movement/7.wav,Zhuoran/Movement/7.wav,movement,0.99609375,0.0,0.99609375,0.0,"[-128, 127, -128]",True,,,,,,,,,,,,,0.04475004971027374,1.217333017848432,0.6257080240175128,1.8959589069709182
1221,Zhuoran,movement,unavailable_in_sd_path,8,intent_directory,/Users/zilongzeng/Research/DroneControl/user_study_v4/Zhuoran/Movement/8.wav,Zhuoran/Movement/8.wav,movement,0.99609375,0.0,0.99609375,0.0,"[-128, 127, -128]",True,,,,,,,,,,,,,0.061249942518770695,1.2589580146595836,0.7097499910742044,2.036582911387086
1222,Zhuoran,movement,unavailable_in_sd_path,9,intent_directory,/Users/zilongzeng/Research/DroneControl/user_study_v4/Zhuoran/Movement/9.wav,Zhuoran/Movement/9.wav,movement,0.99609375,0.0,0.99609375,0.0,"[-128, 127, -128]",True,,,,,,,,,,,,,0.05949998740106821,1.2433750089257956,0.6230410654097795,1.9329169299453497
1223,Zhuoran,movement,unavailable_in_sd_path,10,intent_directory,/Users/zilongzeng/Research/DroneControl/user_study_v4/Zhuoran/Movement/10.wav,Zhuoran/Movement/10.wav,movement,0.99609375,0.0,0.99609375,0.0,"[-128, 127, -128]",True,,,,,,,,,,,,,0.049666035920381546,1.2214579619467258,0.6413329392671585,1.9199999514967203
1224,Zhuoran,movement,unavailable_in_sd_path,11,intent_directory,/Users/zilongzeng/Research/DroneControl/user_study_v4/Zhuoran/Movement/11.wav,Zhuoran/Movement/11.wav,movement,0.99609375,0.0,0.99609375,0.0,"[-128, 127, -128]",True,,,,,,,,,,,,,0.06004190072417259,1.3119170907884836,0.6529999664053321,2.0307089434936643
1225,Zhuoran,movement,unavailable_in_sd_path,12,intent_directory,/Users/zilongzeng/Research/DroneControl/user_study_v4/Zhuoran/Movement/12.wav,Zhuoran/Movement/12.wav,movement,0.90234375,0.0,0.90234375,0.09765625,"[-128, 103, -103]",True,,,,,,,,,,,,,0.04241708666086197,1.2386249145492911,0.6556670414283872,1.9422500627115369
1226,Zhuoran,movement,unavailable_in_sd_path,13,intent_directory,/Users/zilongzeng/Research/DroneControl/user_study_v4/Zhuoran/Movement/13.wav,Zhuoran/Movement/13.wav,unknown,0.99609375,0.0,0.0,0.99609375,"[-128, -128, 127]",False,,,,,,,,,,,,,0.04429102409631014,1.1035420466214418,0.6839169654995203,1.8367919838055968
1227,Zhuoran,movement,unavailable_in_sd_path,14,intent_directory,/Users/zilongzeng/Research/DroneControl/user_study_v4/Zhuoran/Movement/14.wav,Zhuoran/Movement/14.wav,movement,0.9921875,0.0,0.9921875,0.0078125,"[-128, 126, -126]",True,,,,,,,,,,,,,0.037041958421468735,1.1281250044703484,0.7645840523764491,1.9431250402703881
1228,Zhuoran,movement,unavailable_in_sd_path,15,intent_directory,/Users/zilongzeng/Research/DroneControl/user_study_v4/Zhuoran/Movement/15.wav,Zhuoran/Movement/15.wav,movement,0.99609375,0.0,0.99609375,0.0,"[-128, 127, -128]",True,,,,,,,,,,,,,0.053333002142608166,1.2138750171288848,0.6242089439183474,1.8965000053867698
1229,Zhuoran,movement,unavailable_in_sd_path,16,intent_directory,/Users/zilongzeng/Research/DroneControl/user_study_v4/Zhuoran/Movement/16.wav,Zhuoran/Movement/16.wav,unknown,0.99609375,0.0,0.0,0.99609375,"[-128, -128, 127]",False,,,,,,,,,,,,,0.03645801916718483,1.234874944202602,0.6177499890327454,1.8950829980894923
1230,Zhuoran,movement,unavailable_in_sd_path,17,intent_directory,/Users/zilongzeng/Research/DroneControl/user_study_v4/Zhuoran/Movement/17.wav,Zhuoran/Movement/17.wav,movement,0.8828125,0.0,0.8828125,0.1171875,"[-128, 98, -98]",True,,,,,,,,,,,,,0.038917060010135174,1.211749971844256,0.6684999680146575,1.928458921611309
1231,Zhuoran,movement,unavailable_in_sd_path,18,intent_directory,/Users/zilongzeng/Research/DroneControl/user_study_v4/Zhuoran/Movement/18.wav,Zhuoran/Movement/18.wav,unknown,0.99609375,0.0,0.0,0.99609375,"[-128, -128, 127]",False,,,,,,,,,,,,,0.06479199510067701,1.2158339377492666,0.7053749868646264,1.9932080758735538
1232,Zhuoran,movement,unavailable_in_sd_path,19,intent_directory,/Users/zilongzeng/Research/DroneControl/user_study_v4/Zhuoran/Movement/19.wav,Zhuoran/Movement/19.wav,unknown,0.984375,0.0,0.015625,0.984375,"[-128, -124, 124]",False,,,,,,,,,,,,,0.046666013076901436,1.2937909923493862,0.657249940559268,2.003417001105845
1233,Zhuoran,movement,unavailable_in_sd_path,20,intent_directory,/Users/zilongzeng/Research/DroneControl/user_study_v4/Zhuoran/Movement/20.wav,Zhuoran/Movement/20.wav,unknown,0.99609375,0.0,0.0,0.99609375,"[-128, -128, 127]",False,,,,,,,,,,,,,0.04754192195832729,1.2012500083073974,0.7377499714493752,1.99254194740206
1234,Zhuoran,movement,unavailable_in_sd_path,21,intent_directory,/Users/zilongzeng/Research/DroneControl/user_study_v4/Zhuoran/Movement/21.wav,Zhuoran/Movement/21.wav,unknown,0.90234375,0.0,0.09765625,0.90234375,"[-128, -103, 103]",False,,,,,,,,,,,,,0.04125002305954695,1.2086660135537386,0.6627920083701611,1.91837502643466
1235,Zhuoran,movement,unavailable_in_sd_path,22,intent_directory,/Users/zilongzeng/Research/DroneControl/user_study_v4/Zhuoran/Movement/22.wav,Zhuoran/Movement/22.wav,movement,0.99609375,0.0,0.99609375,0.0,"[-128, 127, -128]",True,,,,,,,,,,,,,0.04516704939305782,1.2514999834820628,0.6611249409615993,1.9652909832075238
1236,Zhuoran,movement,unavailable_in_sd_path,23,intent_directory,/Users/zilongzeng/Research/DroneControl/user_study_v4/Zhuoran/Movement/23.wav,Zhuoran/Movement/23.wav,unknown,0.6484375,0.0,0.3515625,0.6484375,"[-128, -38, 38]",False,,,,,,,,,,,,,0.057249912060797215,1.38562498614192,0.639250036329031,2.0875829504802823
1237,Zhuoran,movement,unavailable_in_sd_path,24,intent_directory,/Users/zilongzeng/Research/DroneControl/user_study_v4/Zhuoran/Movement/24.wav,Zhuoran/Movement/24.wav,movement,0.99609375,0.0,0.99609375,0.0,"[-128, 127, -128]",True,,,,,,,,,,,,,0.04425004590302706,1.1731249978765845,0.7427090313285589,1.9660829566419125
1238,Zhuoran,movement,unavailable_in_sd_path,25,intent_directory,/Users/zilongzeng/Research/DroneControl/user_study_v4/Zhuoran/Movement/25.wav,Zhuoran/Movement/25.wav,movement,0.99609375,0.0,0.99609375,0.0,"[-128, 127, -128]",True,,,,,,,,,,,,,0.04025001544505358,1.1168750934302807,0.6495000561699271,1.811582944355905
1239,Zhuoran,movement,unavailable_in_sd_path,26,intent_directory,/Users/zilongzeng/Research/DroneControl/user_study_v4/Zhuoran/Movement/26.wav,Zhuoran/Movement/26.wav,movement,0.99609375,0.0,0.99609375,0.0,"[-128, 127, -128]",True,,,,,,,,,,,,,0.039083999581635,1.2418330879881978,0.6355830701068044,1.9240409601479769
1240,Zhuoran,movement,unavailable_in_sd_path,27,intent_directory,/Users/zilongzeng/Research/DroneControl/user_study_v4/Zhuoran/Movement/27.wav,Zhuoran/Movement/27.wav,movement,0.99609375,0.0,0.99609375,0.0,"[-128, 127, -128]",True,,,,,,,,,,,,,0.06045796908438206,1.3392079854384065,0.6644169334322214,2.074417076073587
1241,Zhuoran,movement,unavailable_in_sd_path,28,intent_directory,/Users/zilongzeng/Research/DroneControl/user_study_v4/Zhuoran/Movement/28.wav,Zhuoran/Movement/28.wav,movement,0.99609375,0.0,0.99609375,0.0,"[-128, 127, -128]",True,,,,,,,,,,,,,0.07441698107868433,1.1951250489801168,0.6368749309331179,1.914125052280724
1242,Zhuoran,movement,unavailable_in_sd_path,29,intent_directory,/Users/zilongzeng/Research/DroneControl/user_study_v4/Zhuoran/Movement/29.wav,Zhuoran/Movement/29.wav,movement,0.99609375,0.0,0.99609375,0.0,"[-128, 127, -128]",True,,,,,,,,,,,,,0.05708402022719383,1.25279207713902,0.696041970513761,2.018374972976744
1243,Zhuoran,movement,unavailable_in_sd_path,30,intent_directory,/Users/zilongzeng/Research/DroneControl/user_study_v4/Zhuoran/Movement/30.wav,Zhuoran/Movement/30.wav,movement,0.99609375,0.0,0.99609375,0.0,"[-128, 127, -128]",True,,,,,,,,,,,,,0.07129204459488392,1.2987919617444277,0.6153750000521541,1.9914590520784259
1244,Zhuoran,movement,unavailable_in_sd_path,31,intent_directory,/Users/zilongzeng/Research/DroneControl/user_study_v4/Zhuoran/Movement/31.wav,Zhuoran/Movement/31.wav,emergency,0.8515625,0.8515625,0.03515625,0.11328125,"[90, -119, -99]",False,,,,,,,,,,,,,0.04812492989003658,1.2208340922370553,0.8106669411063194,2.100624958984554
1245,Zhuoran,movement,unavailable_in_sd_path,32,intent_directory,/Users/zilongzeng/Research/DroneControl/user_study_v4/Zhuoran/Movement/32.wav,Zhuoran/Movement/32.wav,movement,0.9453125,0.0,0.9453125,0.0546875,"[-128, 114, -114]",True,,,,,,,,,,,,,0.08512497879564762,1.366542070172727,0.7124999538064003,2.1737089846283197
1246,Zhuoran,movement,unavailable_in_sd_path,33,intent_directory,/Users/zilongzeng/Research/DroneControl/user_study_v4/Zhuoran/Movement/33.wav,Zhuoran/Movement/33.wav,movement,0.99609375,0.0,0.99609375,0.0,"[-128, 127, -128]",True,,,,,,,,,,,,,0.06720796227455139,1.3165839482098818,0.6477499846369028,2.0394589519128203
1247,Zhuoran,movement,unavailable_in_sd_path,34,intent_directory,/Users/zilongzeng/Research/DroneControl/user_study_v4/Zhuoran/Movement/34.wav,Zhuoran/Movement/34.wav,movement,0.99609375,0.0,0.99609375,0.0,"[-128, 127, -128]",True,,,,,,,,,,,,,0.05916703958064318,1.2080000014975667,0.6542499177157879,1.9275000086054206
1248,Zhuoran,movement,unavailable_in_sd_path,35,intent_directory,/Users/zilongzeng/Research/DroneControl/user_study_v4/Zhuoran/Movement/35.wav,Zhuoran/Movement/35.wav,unknown,0.99609375,0.0,0.0,0.99609375,"[-128, -128, 127]",False,,,,,,,,,,,,,0.03954092971980572,1.2053330428898335,0.6227080011740327,1.8732079770416021
1249,Zhuoran,movement,unavailable_in_sd_path,36,intent_directory,/Users/zilongzeng/Research/DroneControl/user_study_v4/Zhuoran/Movement/36.wav,Zhuoran/Movement/36.wav,unknown,0.99609375,0.0,0.0,0.99609375,"[-128, -128, 127]",False,,,,,,,,,,,,,0.04004209768027067,1.2236250331625342,0.6277500651776791,1.8984590424224734
1250,Zhuoran,movement,unavailable_in_sd_path,37,intent_directory,/Users/zilongzeng/Research/DroneControl/user_study_v4/Zhuoran/Movement/37.wav,Zhuoran/Movement/37.wav,unknown,0.99609375,0.0,0.0,0.99609375,"[-128, -128, 127]",False,,,,,,,,,,,,,0.051541952416300774,1.2552919797599316,0.724207959137857,2.0395839819684625
1251,Zhuoran,movement,unavailable_in_sd_path,38,intent_directory,/Users/zilongzeng/Research/DroneControl/user_study_v4/Zhuoran/Movement/38.wav,Zhuoran/Movement/38.wav,unknown,0.99609375,0.0,0.0,0.99609375,"[-128, -128, 127]",False,,,,,,,,,,,,,0.05020899698138237,1.2357919476926327,0.6947499932721257,1.9883329514414072
1252,Zhuoran,movement,unavailable_in_sd_path,39,intent_directory,/Users/zilongzeng/Research/DroneControl/user_study_v4/Zhuoran/Movement/39.wav,Zhuoran/Movement/39.wav,unknown,0.99609375,0.0,0.0,0.99609375,"[-128, -128, 127]",False,,,,,,,,,,,,,0.05579099524766207,1.2173749273642898,0.7577909855172038,2.0379580091685057
1253,Zhuoran,movement,unavailable_in_sd_path,40,intent_directory,/Users/zilongzeng/Research/DroneControl/user_study_v4/Zhuoran/Movement/40.wav,Zhuoran/Movement/40.wav,movement,0.99609375,0.0,0.99609375,0.0,"[-128, 127, -128]",True,,,,,,,,,,,,,0.060165999457240105,1.2320419773459435,0.6335841026157141,1.9313329830765724
1254,Zhuoran,movement,unavailable_in_sd_path,41,intent_directory,/Users/zilongzeng/Research/DroneControl/user_study_v4/Zhuoran/Movement/41.wav,Zhuoran/Movement/41.wav,movement,0.99609375,0.0,0.99609375,0.0,"[-128, 127, -128]",True,,,,,,,,,,,,,0.036708079278469086,1.165832974947989,0.7147500291466713,1.924749929457903
1255,Zhuoran,movement,unavailable_in_sd_path,42,intent_directory,/Users/zilongzeng/Research/DroneControl/user_study_v4/Zhuoran/Movement/42.wav,Zhuoran/Movement/42.wav,movement,0.99609375,0.0,0.99609375,0.0,"[-128, 127, -128]",True,,,,,,,,,,,,,0.050875009037554264,1.3844160130247474,0.6192500004544854,2.0643339958041906
1256,Zhuoran,movement,unavailable_in_sd_path,43,intent_directory,/Users/zilongzeng/Research/DroneControl/user_study_v4/Zhuoran/Movement/43.wav,Zhuoran/Movement/43.wav,unknown,0.99609375,0.0,0.0,0.99609375,"[-128, -128, 127]",False,,,,,,,,,,,,,0.11387502308934927,1.3206250732764602,0.7744580507278442,2.218583016656339
1257,Zhuoran,movement,unavailable_in_sd_path,44,intent_directory,/Users/zilongzeng/Research/DroneControl/user_study_v4/Zhuoran/Movement/44.wav,Zhuoran/Movement/44.wav,movement,0.99609375,0.0,0.99609375,0.0,"[-128, 127, -128]",True,,,,,,,,,,,,,0.06966700311750174,1.1785419192165136,0.7506250403821468,2.0071250619366765
1258,Zhuoran,movement,unavailable_in_sd_path,45,intent_directory,/Users/zilongzeng/Research/DroneControl/user_study_v4/Zhuoran/Movement/45.wav,Zhuoran/Movement/45.wav,movement,0.99609375,0.0,0.99609375,0.0,"[-128, 127, -128]",True,,,,,,,,,,,,,0.0426670303568244,1.359584042802453,0.7366250501945615,2.152999979443848
1259,Zhuoran,movement,unavailable_in_sd_path,46,intent_directory,/Users/zilongzeng/Research/DroneControl/user_study_v4/Zhuoran/Movement/46.wav,Zhuoran/Movement/46.wav,movement,0.96875,0.0,0.96875,0.03125,"[-128, 120, -120]",True,,,,,,,,,,,,,0.07391697727143764,1.4289579121395946,0.6656659534201026,2.175958943553269
1260,Zhuoran,movement,unavailable_in_sd_path,47,intent_directory,/Users/zilongzeng/Research/DroneControl/user_study_v4/Zhuoran/Movement/47.wav,Zhuoran/Movement/47.wav,movement,0.99609375,0.0,0.99609375,0.0,"[-128, 127, -128]",True,,,,,,,,,,,,,0.060999998822808266,1.2221669312566519,0.7191250333562493,2.0097079686820507
1261,Zhuoran,movement,unavailable_in_sd_path,48,intent_directory,/Users/zilongzeng/Research/DroneControl/user_study_v4/Zhuoran/Movement/48.wav,Zhuoran/Movement/48.wav,unknown,0.859375,0.0,0.140625,0.859375,"[-128, -92, 92]",False,,,,,,,,,,,,,0.04520907532423735,1.2069579679518938,0.6559999892488122,1.9145830301567912
1262,Zhuoran,movement,unavailable_in_sd_path,49,intent_directory,/Users/zilongzeng/Research/DroneControl/user_study_v4/Zhuoran/Movement/49.wav,Zhuoran/Movement/49.wav,movement,0.99609375,0.0,0.99609375,0.0,"[-128, 127, -128]",True,,,,,,,,,,,,,0.04958303179591894,1.3141250237822533,0.7225420558825135,2.095417003147304
1263,Zhuoran,unknown,unavailable_in_sd_path,0,intent_directory,/Users/zilongzeng/Research/DroneControl/user_study_v4/Zhuoran/Unknown/0.wav,Zhuoran/Unknown/0.wav,unknown,0.99609375,0.0,0.0,0.99609375,"[-128, -128, 127]",True,,,,,,,,,,,,,0.06570795085281134,1.410208991728723,0.6618750048801303,2.144582918845117
1264,Zhuoran,unknown,unavailable_in_sd_path,1,intent_directory,/Users/zilongzeng/Research/DroneControl/user_study_v4/Zhuoran/Unknown/1.wav,Zhuoran/Unknown/1.wav,unknown,0.99609375,0.0,0.0,0.99609375,"[-128, -128, 127]",True,,,,,,,,,,,,,0.06020802538841963,1.3494580052793026,0.7395830471068621,2.157334005460143
1265,Zhuoran,unknown,unavailable_in_sd_path,2,intent_directory,/Users/zilongzeng/Research/DroneControl/user_study_v4/Zhuoran/Unknown/2.wav,Zhuoran/Unknown/2.wav,unknown,0.99609375,0.0,0.0,0.99609375,"[-128, -128, 127]",True,,,,,,,,,,,,,0.05804200191050768,1.1827090056613088,0.6751660257577896,1.9216660875827074
1266,Zhuoran,unknown,unavailable_in_sd_path,3,intent_directory,/Users/zilongzeng/Research/DroneControl/user_study_v4/Zhuoran/Unknown/3.wav,Zhuoran/Unknown/3.wav,emergency,0.99609375,0.99609375,0.0,0.0,"[127, -128, -128]",False,,,,,,,,,,,,,0.03420806024223566,1.070750062353909,0.6161249475553632,1.7270420212298632
1267,Zhuoran,unknown,unavailable_in_sd_path,4,intent_directory,/Users/zilongzeng/Research/DroneControl/user_study_v4/Zhuoran/Unknown/4.wav,Zhuoran/Unknown/4.wav,movement,0.8828125,0.0,0.8828125,0.1171875,"[-128, 98, -98]",False,,,,,,,,,,,,,0.041375053115189075,1.209291978739202,0.6122079212218523,1.8687499687075615
1268,Zhuoran,unknown,unavailable_in_sd_path,5,intent_directory,/Users/zilongzeng/Research/DroneControl/user_study_v4/Zhuoran/Unknown/5.wav,Zhuoran/Unknown/5.wav,unknown,0.99609375,0.0,0.0,0.99609375,"[-128, -128, 127]",True,,,,,,,,,,,,,0.04016701132059097,1.3800000306218863,0.6686249980702996,2.0946250297129154
1269,Zhuoran,unknown,unavailable_in_sd_path,6,intent_directory,/Users/zilongzeng/Research/DroneControl/user_study_v4/Zhuoran/Unknown/6.wav,Zhuoran/Unknown/6.wav,unknown,0.99609375,0.0,0.0,0.99609375,"[-128, -128, 127]",True,,,,,,,,,,,,,0.06324995774775743,1.2899159919470549,0.6158750038594007,1.9746660254895687
1270,Zhuoran,unknown,unavailable_in_sd_path,7,intent_directory,/Users/zilongzeng/Research/DroneControl/user_study_v4/Zhuoran/Unknown/7.wav,Zhuoran/Unknown/7.wav,unknown,0.99609375,0.0,0.0,0.99609375,"[-128, -128, 127]",True,,,,,,,,,,,,,0.041624996811151505,1.1659580050036311,0.6689579458907247,1.8845830345526338
1271,Zhuoran,unknown,unavailable_in_sd_path,8,intent_directory,/Users/zilongzeng/Research/DroneControl/user_study_v4/Zhuoran/Unknown/8.wav,Zhuoran/Unknown/8.wav,unknown,0.99609375,0.0,0.0,0.99609375,"[-128, -128, 127]",True,,,,,,,,,,,,,0.045208027586340904,1.2779580429196358,0.6195000605657697,1.9481249619275331
1272,Zhuoran,unknown,unavailable_in_sd_path,9,intent_directory,/Users/zilongzeng/Research/DroneControl/user_study_v4/Zhuoran/Unknown/9.wav,Zhuoran/Unknown/9.wav,unknown,0.99609375,0.0,0.0,0.99609375,"[-128, -128, 127]",True,,,,,,,,,,,,,0.04837499000132084,1.3599159428849816,0.6397080142050982,2.0583749283105135
1273,Zhuoran,unknown,unavailable_in_sd_path,10,intent_directory,/Users/zilongzeng/Research/DroneControl/user_study_v4/Zhuoran/Unknown/10.wav,Zhuoran/Unknown/10.wav,unknown,0.99609375,0.0,0.0,0.99609375,"[-128, -128, 127]",True,,,,,,,,,,,,,0.11450005695223808,1.3189170276746154,0.6402920698747039,2.079750061966479
1274,Zhuoran,unknown,unavailable_in_sd_path,11,intent_directory,/Users/zilongzeng/Research/DroneControl/user_study_v4/Zhuoran/Unknown/11.wav,Zhuoran/Unknown/11.wav,unknown,0.9921875,0.0078125,0.0,0.9921875,"[-126, -128, 126]",True,,,,,,,,,,,,,0.04791701212525368,1.0863329516723752,0.6440000142902136,1.7839580541476607
1275,Zhuoran,unknown,unavailable_in_sd_path,12,intent_directory,/Users/zilongzeng/Research/DroneControl/user_study_v4/Zhuoran/Unknown/12.wav,Zhuoran/Unknown/12.wav,unknown,0.99609375,0.0,0.0,0.99609375,"[-128, -128, 127]",True,,,,,,,,,,,,,0.03379106055945158,1.0927919065579772,0.6169589469209313,1.7491249600425363
1276,Zhuoran,unknown,unavailable_in_sd_path,13,intent_directory,/Users/zilongzeng/Research/DroneControl/user_study_v4/Zhuoran/Unknown/13.wav,Zhuoran/Unknown/13.wav,emergency,0.35546875,0.35546875,0.2890625,0.35546875,"[-37, -54, -37]",False,,,,,,,,,,,,,0.041207997128367424,1.1031660251319408,0.6520829629153013,1.801416976377368
1277,Zhuoran,unknown,unavailable_in_sd_path,14,intent_directory,/Users/zilongzeng/Research/DroneControl/user_study_v4/Zhuoran/Unknown/14.wav,Zhuoran/Unknown/14.wav,unknown,0.99609375,0.0,0.0,0.99609375,"[-128, -128, 127]",True,,,,,,,,,,,,,0.03191700670868158,1.1547909816727042,0.7537079509347677,1.9468750106170774
1278,Zhuoran,unknown,unavailable_in_sd_path,15,intent_directory,/Users/zilongzeng/Research/DroneControl/user_study_v4/Zhuoran/Unknown/15.wav,Zhuoran/Unknown/15.wav,unknown,0.99609375,0.0,0.0,0.99609375,"[-128, -128, 127]",True,,,,,,,,,,,,,0.05537504330277443,1.228333916515112,0.6195830646902323,1.9090420100837946
1279,Zhuoran,unknown,unavailable_in_sd_path,16,intent_directory,/Users/zilongzeng/Research/DroneControl/user_study_v4/Zhuoran/Unknown/16.wav,Zhuoran/Unknown/16.wav,emergency,0.99609375,0.99609375,0.0,0.0,"[127, -128, -128]",False,,,,,,,,,,,,,0.04125002305954695,1.1969999177381396,0.6122500635683537,1.8559590680524707
1280,Zhuoran,unknown,unavailable_in_sd_path,17,intent_directory,/Users/zilongzeng/Research/DroneControl/user_study_v4/Zhuoran/Unknown/17.wav,Zhuoran/Unknown/17.wav,movement,0.99609375,0.0,0.99609375,0.0,"[-128, 127, -128]",False,,,,,,,,,,,,,0.038125086575746536,1.3441250193864107,0.6342079723253846,2.0264999475330114
1281,Zhuoran,unknown,unavailable_in_sd_path,18,intent_directory,/Users/zilongzeng/Research/DroneControl/user_study_v4/Zhuoran/Unknown/18.wav,Zhuoran/Unknown/18.wav,emergency,0.99609375,0.99609375,0.0,0.0,"[127, -128, -128]",False,,,,,,,,,,,,,0.10941701475530863,1.2823330471292138,0.6183339282870293,2.0160420099273324
1282,Zhuoran,unknown,unavailable_in_sd_path,19,intent_directory,/Users/zilongzeng/Research/DroneControl/user_study_v4/Zhuoran/Unknown/19.wav,Zhuoran/Unknown/19.wav,unknown,0.99609375,0.0,0.0,0.99609375,"[-128, -128, 127]",True,,,,,,,,,,,,,0.04175002686679363,1.2281250674277544,0.6225419929251075,1.898542046546936
1283,Zhuoran,unknown,unavailable_in_sd_path,20,intent_directory,/Users/zilongzeng/Research/DroneControl/user_study_v4/Zhuoran/Unknown/20.wav,Zhuoran/Unknown/20.wav,movement,0.99609375,0.0,0.99609375,0.0,"[-128, 127, -128]",False,,,,,,,,,,,,,0.0552500132471323,1.3016669545322657,0.6214160239323974,1.9870830001309514
1284,Zhuoran,unknown,unavailable_in_sd_path,21,intent_directory,/Users/zilongzeng/Research/DroneControl/user_study_v4/Zhuoran/Unknown/21.wav,Zhuoran/Unknown/21.wav,movement,0.99609375,0.0,0.99609375,0.0,"[-128, 127, -128]",False,,,,,,,,,,,,,0.08633302059024572,1.2846669415012002,0.6024159956723452,1.9811670063063502
1285,Zhuoran,unknown,unavailable_in_sd_path,22,intent_directory,/Users/zilongzeng/Research/DroneControl/user_study_v4/Zhuoran/Unknown/22.wav,Zhuoran/Unknown/22.wav,emergency,0.96875,0.96875,0.0,0.03125,"[120, -128, -120]",False,,,,,,,,,,,,,0.05124998278915882,1.2727499706670642,0.629749963991344,1.9622090039774776
1286,Zhuoran,unknown,unavailable_in_sd_path,23,intent_directory,/Users/zilongzeng/Research/DroneControl/user_study_v4/Zhuoran/Unknown/23.wav,Zhuoran/Unknown/23.wav,movement,0.99609375,0.0,0.99609375,0.0,"[-128, 127, -128]",False,,,,,,,,,,,,,0.055333017371594906,1.3935419265180826,0.6219170754775405,2.076667034998536
1287,Zhuoran,unknown,unavailable_in_sd_path,24,intent_directory,/Users/zilongzeng/Research/DroneControl/user_study_v4/Zhuoran/Unknown/24.wav,Zhuoran/Unknown/24.wav,emergency,0.546875,0.546875,0.36328125,0.08984375,"[12, -35, -105]",False,,,,,,,,,,,,,0.045459019020199776,1.1536249658092856,0.6476249545812607,1.852082903496921
1288,Zhuoran,unknown,unavailable_in_sd_path,25,intent_directory,/Users/zilongzeng/Research/DroneControl/user_study_v4/Zhuoran/Unknown/25.wav,Zhuoran/Unknown/25.wav,unknown,0.99609375,0.0,0.0,0.99609375,"[-128, -128, 127]",True,,,,,,,,,,,,,0.03558304160833359,1.213375013321638,0.6625829264521599,1.917957910336554
1289,Zhuoran,unknown,unavailable_in_sd_path,26,intent_directory,/Users/zilongzeng/Research/DroneControl/user_study_v4/Zhuoran/Unknown/26.wav,Zhuoran/Unknown/26.wav,unknown,0.99609375,0.0,0.0,0.99609375,"[-128, -128, 127]",True,,,,,,,,,,,,,0.0599580816924572,1.1509169125929475,0.6429579807445407,1.8591249827295542
1290,Zhuoran,unknown,unavailable_in_sd_path,27,intent_directory,/Users/zilongzeng/Research/DroneControl/user_study_v4/Zhuoran/Unknown/27.wav,Zhuoran/Unknown/27.wav,unknown,0.99609375,0.0,0.0,0.99609375,"[-128, -128, 127]",True,,,,,,,,,,,,,0.03516697324812412,1.2426249450072646,0.6317499792203307,1.914708991535008
1291,Zhuoran,unknown,unavailable_in_sd_path,28,intent_directory,/Users/zilongzeng/Research/DroneControl/user_study_v4/Zhuoran/Unknown/28.wav,Zhuoran/Unknown/28.wav,unknown,0.99609375,0.0,0.0,0.99609375,"[-128, -128, 127]",True,,,,,,,,,,,,,0.04037492908537388,1.1785420356318355,0.6326669827103615,1.8562909681349993
1292,Zhuoran,unknown,unavailable_in_sd_path,29,intent_directory,/Users/zilongzeng/Research/DroneControl/user_study_v4/Zhuoran/Unknown/29.wav,Zhuoran/Unknown/29.wav,unknown,0.99609375,0.0,0.0,0.99609375,"[-128, -128, 127]",True,,,,,,,,,,,,,0.03220804501324892,1.1735829757526517,0.6356670055538416,1.846332917921245
1293,Zhuoran,unknown,unavailable_in_sd_path,30,intent_directory,/Users/zilongzeng/Research/DroneControl/user_study_v4/Zhuoran/Unknown/30.wav,Zhuoran/Unknown/30.wav,unknown,0.99609375,0.0,0.0,0.99609375,"[-128, -128, 127]",True,,,,,,,,,,,,,0.033334014005959034,1.0977499186992645,0.7122079841792583,1.8517079297453165
1294,Zhuoran,unknown,unavailable_in_sd_path,31,intent_directory,/Users/zilongzeng/Research/DroneControl/user_study_v4/Zhuoran/Unknown/31.wav,Zhuoran/Unknown/31.wav,unknown,0.99609375,0.0,0.0,0.99609375,"[-128, -128, 127]",True,,,,,,,,,,,,,0.05658401641994715,1.484750071540475,0.6321249529719353,2.178875030949712
1295,Zhuoran,unknown,unavailable_in_sd_path,32,intent_directory,/Users/zilongzeng/Research/DroneControl/user_study_v4/Zhuoran/Unknown/32.wav,Zhuoran/Unknown/32.wav,unknown,0.99609375,0.0,0.0,0.99609375,"[-128, -128, 127]",True,,,,,,,,,,,,,0.0551670091226697,1.1817910708487034,0.615416094660759,1.8573330016806722
1296,Zhuoran,unknown,unavailable_in_sd_path,33,intent_directory,/Users/zilongzeng/Research/DroneControl/user_study_v4/Zhuoran/Unknown/33.wav,Zhuoran/Unknown/33.wav,emergency,0.99609375,0.99609375,0.0,0.0,"[127, -128, -128]",False,,,,,,,,,,,,,0.038375030271708965,1.370041980408132,0.6216670153662562,2.038832986727357
1297,Zhuoran,unknown,unavailable_in_sd_path,34,intent_directory,/Users/zilongzeng/Research/DroneControl/user_study_v4/Zhuoran/Unknown/34.wav,Zhuoran/Unknown/34.wav,emergency,0.99609375,0.99609375,0.0,0.0,"[127, -128, -128]",False,,,,,,,,,,,,,0.08629192598164082,1.2380420230329037,0.6231670267879963,1.95379089564085
1298,Zhuoran,unknown,unavailable_in_sd_path,35,intent_directory,/Users/zilongzeng/Research/DroneControl/user_study_v4/Zhuoran/Unknown/35.wav,Zhuoran/Unknown/35.wav,unknown,0.99609375,0.0,0.0,0.99609375,"[-128, -128, 127]",True,,,,,,,,,,,,,0.0427919439971447,1.2910830555483699,0.7178749656304717,2.061292063444853
1299,Zhuoran,unknown,unavailable_in_sd_path,36,intent_directory,/Users/zilongzeng/Research/DroneControl/user_study_v4/Zhuoran/Unknown/36.wav,Zhuoran/Unknown/36.wav,movement,0.99609375,0.0,0.99609375,0.0,"[-128, 127, -128]",False,,,,,,,,,,,,,0.07287506014108658,1.285750069655478,0.6389169720932841,2.0040000090375543
1300,Zhuoran,unknown,unavailable_in_sd_path,37,intent_directory,/Users/zilongzeng/Research/DroneControl/user_study_v4/Zhuoran/Unknown/37.wav,Zhuoran/Unknown/37.wav,emergency,0.99609375,0.99609375,0.0,0.0,"[127, -128, -128]",False,,,,,,,,,,,,,0.05562498699873686,1.1569159105420113,0.6665829569101334,1.8872079672291875
1301,Zhuoran,unknown,unavailable_in_sd_path,38,intent_directory,/Users/zilongzeng/Research/DroneControl/user_study_v4/Zhuoran/Unknown/38.wav,Zhuoran/Unknown/38.wav,emergency,0.484375,0.484375,0.3984375,0.1171875,"[-4, -26, -98]",False,,,,,,,,,,,,,0.04545797128230333,1.238291966728866,0.6202920340001583,1.9094999879598618
1302,Zhuoran,unknown,unavailable_in_sd_path,39,intent_directory,/Users/zilongzeng/Research/DroneControl/user_study_v4/Zhuoran/Unknown/39.wav,Zhuoran/Unknown/39.wav,emergency,0.99609375,0.99609375,0.0,0.0,"[127, -128, -128]",False,,,,,,,,,,,,,0.04549999721348286,1.369207981042564,0.6387080065906048,2.0597089314833283
1303,Zhuoran,unknown,unavailable_in_sd_path,40,intent_directory,/Users/zilongzeng/Research/DroneControl/user_study_v4/Zhuoran/Unknown/40.wav,Zhuoran/Unknown/40.wav,unknown,0.99609375,0.0,0.0,0.99609375,"[-128, -128, 127]",True,,,,,,,,,,,,,0.04962494131177664,1.303332974202931,0.6100840400904417,1.969125005416572
1304,Zhuoran,unknown,unavailable_in_sd_path,41,intent_directory,/Users/zilongzeng/Research/DroneControl/user_study_v4/Zhuoran/Unknown/41.wav,Zhuoran/Unknown/41.wav,unknown,0.99609375,0.0,0.0,0.99609375,"[-128, -128, 127]",True,,,,,,,,,,,,,0.044082989916205406,1.2547910446301103,0.6424160674214363,1.9469589460641146
1305,Zhuoran,unknown,unavailable_in_sd_path,42,intent_directory,/Users/zilongzeng/Research/DroneControl/user_study_v4/Zhuoran/Unknown/42.wav,Zhuoran/Unknown/42.wav,unknown,0.99609375,0.0,0.0,0.99609375,"[-128, -128, 127]",True,,,,,,,,,,,,,0.03945804201066494,1.168707967735827,0.6113749695941806,1.8248340347781777
1306,Zhuoran,unknown,unavailable_in_sd_path,43,intent_directory,/Users/zilongzeng/Research/DroneControl/user_study_v4/Zhuoran/Unknown/43.wav,Zhuoran/Unknown/43.wav,movement,0.99609375,0.0,0.99609375,0.0,"[-128, 127, -128]",False,,,,,,,,,,,,,0.03900006413459778,1.3426659861579537,0.652667018584907,2.040499937720597
1307,Zhuoran,unknown,unavailable_in_sd_path,44,intent_directory,/Users/zilongzeng/Research/DroneControl/user_study_v4/Zhuoran/Unknown/44.wav,Zhuoran/Unknown/44.wav,emergency,0.98046875,0.98046875,0.01953125,0.0,"[123, -123, -128]",False,,,,,,,,,,,,,0.04849990364164114,1.380041940137744,0.6204589735716581,2.0543329883366823
1308,Zhuoran,unknown,unavailable_in_sd_path,45,intent_directory,/Users/zilongzeng/Research/DroneControl/user_study_v4/Zhuoran/Unknown/45.wav,Zhuoran/Unknown/45.wav,unknown,0.99609375,0.0,0.0,0.99609375,"[-128, -128, 127]",True,,,,,,,,,,,,,0.04816602449864149,1.2772500049322844,0.6449579959735274,1.9800420850515366
1309,Zhuoran,unknown,unavailable_in_sd_path,46,intent_directory,/Users/zilongzeng/Research/DroneControl/user_study_v4/Zhuoran/Unknown/46.wav,Zhuoran/Unknown/46.wav,unknown,0.99609375,0.0,0.0,0.99609375,"[-128, -128, 127]",True,,,,,,,,,,,,,0.08766597602516413,1.339582959190011,0.731165986508131,2.1684590028598905
1310,Zhuoran,unknown,unavailable_in_sd_path,47,intent_directory,/Users/zilongzeng/Research/DroneControl/user_study_v4/Zhuoran/Unknown/47.wav,Zhuoran/Unknown/47.wav,unknown,0.99609375,0.0,0.0,0.99609375,"[-128, -128, 127]",True,,,,,,,,,,,,,0.06920797750353813,1.293916953727603,0.7612090557813644,2.1328750299289823
1311,Zhuoran,unknown,unavailable_in_sd_path,48,intent_directory,/Users/zilongzeng/Research/DroneControl/user_study_v4/Zhuoran/Unknown/48.wav,Zhuoran/Unknown/48.wav,movement,0.984375,0.0,0.984375,0.015625,"[-128, 124, -124]",False,,,,,,,,,,,,,0.05116697866469622,1.2613330036401749,0.617541023530066,1.9352079834789038
1312,Zhuoran,unknown,unavailable_in_sd_path,49,intent_directory,/Users/zilongzeng/Research/DroneControl/user_study_v4/Zhuoran/Unknown/49.wav,Zhuoran/Unknown/49.wav,unknown,0.99609375,0.0,0.0,0.99609375,"[-128, -128, 127]",True,,,,,,,,,,,,,0.03979192115366459,1.2123340275138617,0.7151670288294554,1.9742089789360762
1313,Zilong,emergency,unavailable_in_sd_path,0,intent_directory,/Users/zilongzeng/Research/DroneControl/user_study_v4/Zilong/Emergency/0.wav,Zilong/Emergency/0.wav,emergency,0.83203125,0.83203125,0.16796875,0.0,"[85, -85, -128]",True,,,,,,,,,,,,,0.04966708365827799,1.4961248962208629,0.7697090040892363,2.3245830088853836
1314,Zilong,emergency,unavailable_in_sd_path,1,intent_directory,/Users/zilongzeng/Research/DroneControl/user_study_v4/Zilong/Emergency/1.wav,Zilong/Emergency/1.wav,unknown,0.99609375,0.0,0.0,0.99609375,"[-128, -128, 127]",False,,,,,,,,,,,,,0.06374996155500412,1.2815420050173998,0.6389589980244637,1.9905420485883951
1315,Zilong,emergency,unavailable_in_sd_path,2,intent_directory,/Users/zilongzeng/Research/DroneControl/user_study_v4/Zilong/Emergency/2.wav,Zilong/Emergency/2.wav,unknown,0.99609375,0.0,0.0,0.99609375,"[-128, -128, 127]",False,,,,,,,,,,,,,0.04708394408226013,1.447875052690506,0.6261669332161546,2.126165898516774
1316,Zilong,emergency,unavailable_in_sd_path,3,intent_directory,/Users/zilongzeng/Research/DroneControl/user_study_v4/Zilong/Emergency/3.wav,Zilong/Emergency/3.wav,emergency,0.859375,0.859375,0.0,0.140625,"[92, -128, -92]",True,,,,,,,,,,,,,0.04354200791567564,1.405250048264861,0.6419169949367642,2.100000041536987
1317,Zilong,emergency,unavailable_in_sd_path,4,intent_directory,/Users/zilongzeng/Research/DroneControl/user_study_v4/Zilong/Emergency/4.wav,Zilong/Emergency/4.wav,unknown,0.9921875,0.0078125,0.0,0.9921875,"[-126, -128, 126]",False,,,,,,,,,,,,,0.09458302520215511,1.565083977766335,0.7595410570502281,2.4295829934999347
1318,Zilong,emergency,unavailable_in_sd_path,5,intent_directory,/Users/zilongzeng/Research/DroneControl/user_study_v4/Zilong/Emergency/5.wav,Zilong/Emergency/5.wav,unknown,0.984375,0.015625,0.0,0.984375,"[-124, -128, 124]",False,,,,,,,,,,,,,0.08233299013227224,1.2801249977201223,0.6348749157041311,2.0081669790670276
1319,Zilong,emergency,unavailable_in_sd_path,6,intent_directory,/Users/zilongzeng/Research/DroneControl/user_study_v4/Zilong/Emergency/6.wav,Zilong/Emergency/6.wav,unknown,0.95703125,0.0390625,0.0078125,0.95703125,"[-118, -126, 117]",False,,,,,,,,,,,,,0.058125006034970284,1.321833929978311,0.6239170907065272,2.0097499946132302
1320,Zilong,emergency,unavailable_in_sd_path,7,intent_directory,/Users/zilongzeng/Research/DroneControl/user_study_v4/Zilong/Emergency/7.wav,Zilong/Emergency/7.wav,unknown,0.99609375,0.0,0.0,0.99609375,"[-128, -128, 127]",False,,,,,,,,,,,,,0.04587508738040924,1.1407920392230153,0.6098749581724405,1.8026669276878238
1321,Zilong,emergency,unavailable_in_sd_path,8,intent_directory,/Users/zilongzeng/Research/DroneControl/user_study_v4/Zilong/Emergency/8.wav,Zilong/Emergency/8.wav,movement,0.99609375,0.0,0.99609375,0.0,"[-128, 127, -128]",False,,,,,,,,,,,,,0.04050007555633783,1.1680829338729382,0.6326660513877869,1.8467499176040292
1322,Zilong,emergency,unavailable_in_sd_path,9,intent_directory,/Users/zilongzeng/Research/DroneControl/user_study_v4/Zilong/Emergency/9.wav,Zilong/Emergency/9.wav,emergency,0.99609375,0.99609375,0.0,0.0,"[127, -128, -128]",True,,,,,,,,,,,,,0.03570900298655033,1.1782079236581922,0.6841659778729081,1.903249998576939
1323,Zilong,emergency,unavailable_in_sd_path,10,intent_directory,/Users/zilongzeng/Research/DroneControl/user_study_v4/Zilong/Emergency/10.wav,Zilong/Emergency/10.wav,emergency,0.99609375,0.99609375,0.0,0.0,"[127, -128, -128]",True,,,,,,,,,,,,,0.04366703797131777,1.2892920058220625,0.6656249752268195,2.0356670720502734
1324,Zilong,emergency,unavailable_in_sd_path,11,intent_directory,/Users/zilongzeng/Research/DroneControl/user_study_v4/Zilong/Emergency/11.wav,Zilong/Emergency/11.wav,emergency,0.99609375,0.99609375,0.0,0.0,"[127, -128, -128]",True,,,,,,,,,,,,,0.11375010944902897,1.3664159923791885,0.6035829428583384,2.091541071422398
1325,Zilong,emergency,unavailable_in_sd_path,12,intent_directory,/Users/zilongzeng/Research/DroneControl/user_study_v4/Zilong/Emergency/12.wav,Zilong/Emergency/12.wav,unknown,0.99609375,0.0,0.0,0.99609375,"[-128, -128, 127]",False,,,,,,,,,,,,,0.054458039812743664,1.290749991312623,0.629457994364202,1.9825840136036277
1326,Zilong,emergency,unavailable_in_sd_path,13,intent_directory,/Users/zilongzeng/Research/DroneControl/user_study_v4/Zilong/Emergency/13.wav,Zilong/Emergency/13.wav,emergency,0.99609375,0.99609375,0.0,0.0,"[127, -128, -128]",True,,,,,,,,,,,,,0.06125005893409252,1.139082945883274,0.7390419486910105,1.9488329999148846
1327,Zilong,emergency,unavailable_in_sd_path,14,intent_directory,/Users/zilongzeng/Research/DroneControl/user_study_v4/Zilong/Emergency/14.wav,Zilong/Emergency/14.wav,movement,0.97265625,0.0,0.97265625,0.02734375,"[-128, 121, -121]",False,,,,,,,,,,,,,0.06495800334960222,1.5407089376822114,0.6662500090897083,2.281583030708134
1328,Zilong,emergency,unavailable_in_sd_path,15,intent_directory,/Users/zilongzeng/Research/DroneControl/user_study_v4/Zilong/Emergency/15.wav,Zilong/Emergency/15.wav,emergency,0.99609375,0.99609375,0.0,0.0,"[127, -128, -128]",True,,,,,,,,,,,,,0.07379194721579552,1.2683330569416285,0.755458022467792,2.108416985720396
1329,Zilong,emergency,unavailable_in_sd_path,16,intent_directory,/Users/zilongzeng/Research/DroneControl/user_study_v4/Zilong/Emergency/16.wav,Zilong/Emergency/16.wav,emergency,0.99609375,0.99609375,0.0,0.0,"[127, -128, -128]",True,,,,,,,,,,,,,0.049208058044314384,1.5975839924067259,0.7031249115243554,2.358958008699119
1330,Zilong,emergency,unavailable_in_sd_path,17,intent_directory,/Users/zilongzeng/Research/DroneControl/user_study_v4/Zilong/Emergency/17.wav,Zilong/Emergency/17.wav,emergency,0.99609375,0.99609375,0.0,0.0,"[127, -128, -128]",True,,,,,,,,,,,,,0.07587508298456669,1.3703329022973776,0.6437500705942512,2.095583942718804
1331,Zilong,emergency,unavailable_in_sd_path,18,intent_directory,/Users/zilongzeng/Research/DroneControl/user_study_v4/Zilong/Emergency/18.wav,Zilong/Emergency/18.wav,movement,0.99609375,0.0,0.99609375,0.0,"[-128, 127, -128]",False,,,,,,,,,,,,,0.05091703496873379,1.497125020250678,0.6308750016614795,2.183999982662499
1332,Zilong,emergency,unavailable_in_sd_path,19,intent_directory,/Users/zilongzeng/Research/DroneControl/user_study_v4/Zilong/Emergency/19.wav,Zilong/Emergency/19.wav,emergency,0.99609375,0.99609375,0.0,0.0,"[127, -128, -128]",True,,,,,,,,,,,,,0.04395795986056328,1.191916991956532,0.7596251089125872,2.0062080584466457
1333,Zilong,emergency,unavailable_in_sd_path,20,intent_directory,/Users/zilongzeng/Research/DroneControl/user_study_v4/Zilong/Emergency/20.wav,Zilong/Emergency/20.wav,emergency,0.99609375,0.99609375,0.0,0.0,"[127, -128, -128]",True,,,,,,,,,,,,,0.06354192737489939,1.6271250788122416,0.6808750331401825,2.3815419990569353
1334,Zilong,emergency,unavailable_in_sd_path,21,intent_directory,/Users/zilongzeng/Research/DroneControl/user_study_v4/Zilong/Emergency/21.wav,Zilong/Emergency/21.wav,emergency,0.99609375,0.99609375,0.0,0.0,"[127, -128, -128]",True,,,,,,,,,,,,,0.10191707406193018,1.3355000410228968,0.8026249706745148,2.257124986499548
1335,Zilong,emergency,unavailable_in_sd_path,22,intent_directory,/Users/zilongzeng/Research/DroneControl/user_study_v4/Zilong/Emergency/22.wav,Zilong/Emergency/22.wav,emergency,0.99609375,0.99609375,0.0,0.0,"[127, -128, -128]",True,,,,,,,,,,,,,0.09837502148002386,1.3461250346153975,0.615582917816937,2.066124929115176
1336,Zilong,emergency,unavailable_in_sd_path,23,intent_directory,/Users/zilongzeng/Research/DroneControl/user_study_v4/Zilong/Emergency/23.wav,Zilong/Emergency/23.wav,emergency,0.99609375,0.99609375,0.0,0.0,"[127, -128, -128]",True,,,,,,,,,,,,,0.04099996294826269,1.467833062633872,0.7322080200538039,2.2517500910907984
1337,Zilong,emergency,unavailable_in_sd_path,24,intent_directory,/Users/zilongzeng/Research/DroneControl/user_study_v4/Zilong/Emergency/24.wav,Zilong/Emergency/24.wav,emergency,0.99609375,0.99609375,0.0,0.0,"[127, -128, -128]",True,,,,,,,,,,,,,0.06862496957182884,1.5174159780144691,0.6997920572757721,2.293459023348987
1338,Zilong,emergency,unavailable_in_sd_path,25,intent_directory,/Users/zilongzeng/Research/DroneControl/user_study_v4/Zilong/Emergency/25.wav,Zilong/Emergency/25.wav,emergency,0.99609375,0.99609375,0.0,0.0,"[127, -128, -128]",True,,,,,,,,,,,,,0.07433304563164711,1.2561670737341046,0.7081249495968223,2.073416020721197
1339,Zilong,emergency,unavailable_in_sd_path,26,intent_directory,/Users/zilongzeng/Research/DroneControl/user_study_v4/Zilong/Emergency/26.wav,Zilong/Emergency/26.wav,emergency,0.984375,0.984375,0.015625,0.0,"[124, -124, -128]",True,,,,,,,,,,,,,0.09654194582253695,1.506500062532723,0.6151669658720493,2.2253330098465085
1340,Zilong,emergency,unavailable_in_sd_path,27,intent_directory,/Users/zilongzeng/Research/DroneControl/user_study_v4/Zilong/Emergency/27.wav,Zilong/Emergency/27.wav,emergency,0.99609375,0.99609375,0.0,0.0,"[127, -128, -128]",True,,,,,,,,,,,,,0.06324995774775743,1.4906249707564712,0.7901249919086695,2.3570420453324914
1341,Zilong,emergency,unavailable_in_sd_path,28,intent_directory,/Users/zilongzeng/Research/DroneControl/user_study_v4/Zilong/Emergency/28.wav,Zilong/Emergency/28.wav,emergency,0.99609375,0.99609375,0.0,0.0,"[127, -128, -128]",True,,,,,,,,,,,,,0.11933303903788328,1.5002499567344785,0.6979170721024275,2.3251669481396675
1342,Zilong,emergency,unavailable_in_sd_path,29,intent_directory,/Users/zilongzeng/Research/DroneControl/user_study_v4/Zilong/Emergency/29.wav,Zilong/Emergency/29.wav,movement,0.99609375,0.0,0.99609375,0.0,"[-128, 127, -128]",False,,,,,,,,,,,,,0.06933393888175488,1.5665830578655005,0.7812909316271544,2.4246249813586473
1343,Zilong,emergency,unavailable_in_sd_path,30,intent_directory,/Users/zilongzeng/Research/DroneControl/user_study_v4/Zilong/Emergency/30.wav,Zilong/Emergency/30.wav,movement,0.99609375,0.00390625,0.99609375,0.0,"[-127, 127, -128]",False,,,,,,,,,,,,,0.063458108343184,1.4204169856384397,0.6353749195113778,2.1274579921737313
1344,Zilong,emergency,unavailable_in_sd_path,31,intent_directory,/Users/zilongzeng/Research/DroneControl/user_study_v4/Zilong/Emergency/31.wav,Zilong/Emergency/31.wav,emergency,0.99609375,0.99609375,0.0,0.0,"[127, -128, -128]",True,,,,,,,,,,,,,0.06920809391885996,1.5056249685585499,0.75216602999717,2.337374957278371
1345,Zilong,emergency,unavailable_in_sd_path,32,intent_directory,/Users/zilongzeng/Research/DroneControl/user_study_v4/Zilong/Emergency/32.wav,Zilong/Emergency/32.wav,movement,0.99609375,0.0,0.99609375,0.0,"[-128, 127, -128]",False,,,,,,,,,,,,,0.08595897816121578,1.2809170875698328,0.758957932703197,2.170250052586198
1346,Zilong,emergency,unavailable_in_sd_path,33,intent_directory,/Users/zilongzeng/Research/DroneControl/user_study_v4/Zilong/Emergency/33.wav,Zilong/Emergency/33.wav,emergency,0.99609375,0.99609375,0.0,0.0,"[127, -128, -128]",True,,,,,,,,,,,,,0.08358305785804987,1.3882089406251907,0.6240840302780271,2.102250000461936
1347,Zilong,emergency,unavailable_in_sd_path,34,intent_directory,/Users/zilongzeng/Research/DroneControl/user_study_v4/Zilong/Emergency/34.wav,Zilong/Emergency/34.wav,movement,0.984375,0.015625,0.984375,0.0,"[-124, 124, -128]",False,,,,,,,,,,,,,0.058416975662112236,1.2328330194577575,0.7958749774843454,2.1225420059636235
1348,Zilong,emergency,unavailable_in_sd_path,35,intent_directory,/Users/zilongzeng/Research/DroneControl/user_study_v4/Zilong/Emergency/35.wav,Zilong/Emergency/35.wav,emergency,0.99609375,0.99609375,0.0,0.0,"[127, -128, -128]",True,,,,,,,,,,,,,0.11004204861819744,1.3752500526607037,0.6286249263212085,2.1227499237284064
1349,Zilong,emergency,unavailable_in_sd_path,36,intent_directory,/Users/zilongzeng/Research/DroneControl/user_study_v4/Zilong/Emergency/36.wav,Zilong/Emergency/36.wav,movement,0.99609375,0.0,0.99609375,0.0,"[-128, 127, -128]",False,,,,,,,,,,,,,0.07058295886963606,1.319332979619503,0.7041249191388488,2.1118749864399433
1350,Zilong,emergency,unavailable_in_sd_path,37,intent_directory,/Users/zilongzeng/Research/DroneControl/user_study_v4/Zilong/Emergency/37.wav,Zilong/Emergency/37.wav,unknown,0.99609375,0.00390625,0.0,0.99609375,"[-127, -128, 127]",False,,,,,,,,,,,,,0.08945795707404613,1.271583023481071,0.6368330214172602,2.005959046073258
1351,Zilong,emergency,unavailable_in_sd_path,38,intent_directory,/Users/zilongzeng/Research/DroneControl/user_study_v4/Zilong/Emergency/38.wav,Zilong/Emergency/38.wav,emergency,0.98046875,0.98046875,0.0,0.01953125,"[123, -128, -123]",True,,,,,,,,,,,,,0.046874978579580784,1.144459005445242,0.6230419967323542,1.8198329489678144
1352,Zilong,emergency,unavailable_in_sd_path,39,intent_directory,/Users/zilongzeng/Research/DroneControl/user_study_v4/Zilong/Emergency/39.wav,Zilong/Emergency/39.wav,emergency,0.953125,0.953125,0.0,0.046875,"[116, -128, -116]",True,,,,,,,,,,,,,0.04054198507219553,1.1792500736191869,0.608084024861455,1.8335829954594374
1353,Zilong,emergency,unavailable_in_sd_path,40,intent_directory,/Users/zilongzeng/Research/DroneControl/user_study_v4/Zilong/Emergency/40.wav,Zilong/Emergency/40.wav,emergency,0.99609375,0.99609375,0.0,0.0,"[127, -128, -128]",True,,,,,,,,,,,,,0.040416023693978786,1.3242079876363277,0.791250029578805,2.1747079445049167
1354,Zilong,emergency,unavailable_in_sd_path,41,intent_directory,/Users/zilongzeng/Research/DroneControl/user_study_v4/Zilong/Emergency/41.wav,Zilong/Emergency/41.wav,emergency,0.99609375,0.99609375,0.0,0.0,"[127, -128, -128]",True,,,,,,,,,,,,,0.20725000649690628,1.7302499618381262,0.7279579294845462,2.6744999922811985
1355,Zilong,emergency,unavailable_in_sd_path,42,intent_directory,/Users/zilongzeng/Research/DroneControl/user_study_v4/Zilong/Emergency/42.wav,Zilong/Emergency/42.wav,emergency,0.99609375,0.99609375,0.0,0.0,"[127, -128, -128]",True,,,,,,,,,,,,,0.07695902604609728,1.562124933116138,0.7337089627981186,2.386000007390976
1356,Zilong,emergency,unavailable_in_sd_path,43,intent_directory,/Users/zilongzeng/Research/DroneControl/user_study_v4/Zilong/Emergency/43.wav,Zilong/Emergency/43.wav,emergency,0.99609375,0.99609375,0.00390625,0.0,"[127, -127, -128]",True,,,,,,,,,,,,,0.08587492629885674,1.4076250372454524,0.6576660089194775,2.158457995392382
1357,Zilong,emergency,unavailable_in_sd_path,44,intent_directory,/Users/zilongzeng/Research/DroneControl/user_study_v4/Zilong/Emergency/44.wav,Zilong/Emergency/44.wav,emergency,0.98828125,0.98828125,0.01171875,0.0,"[125, -125, -128]",True,,,,,,,,,,,,,0.07362500764429569,1.385000068694353,0.7362499600276351,2.2105840034782887
1358,Zilong,emergency,unavailable_in_sd_path,45,intent_directory,/Users/zilongzeng/Research/DroneControl/user_study_v4/Zilong/Emergency/45.wav,Zilong/Emergency/45.wav,emergency,0.99609375,0.99609375,0.0,0.0,"[127, -128, -128]",True,,,,,,,,,,,,,0.06679201032966375,1.4160409336909652,0.747749931178987,2.2402500035241246
1359,Zilong,emergency,unavailable_in_sd_path,46,intent_directory,/Users/zilongzeng/Research/DroneControl/user_study_v4/Zilong/Emergency/46.wav,Zilong/Emergency/46.wav,emergency,0.99609375,0.99609375,0.0,0.0,"[127, -128, -128]",True,,,,,,,,,,,,,0.09966595098376274,1.4154580421745777,0.7567499997094274,2.2972089936956763
1360,Zilong,emergency,unavailable_in_sd_path,47,intent_directory,/Users/zilongzeng/Research/DroneControl/user_study_v4/Zilong/Emergency/47.wav,Zilong/Emergency/47.wav,movement,0.79296875,0.015625,0.79296875,0.1953125,"[-124, 75, -78]",False,,,,,,,,,,,,,0.11712498962879181,1.3838749146088958,0.7499170023947954,2.2642919793725014
1361,Zilong,emergency,unavailable_in_sd_path,48,intent_directory,/Users/zilongzeng/Research/DroneControl/user_study_v4/Zilong/Emergency/48.wav,Zilong/Emergency/48.wav,movement,0.953125,0.046875,0.953125,0.0,"[-116, 116, -128]",False,,,,,,,,,,,,,0.1069169957190752,1.2451250804588199,0.6281250389292836,1.9873330602422357
1362,Zilong,emergency,unavailable_in_sd_path,49,intent_directory,/Users/zilongzeng/Research/DroneControl/user_study_v4/Zilong/Emergency/49.wav,Zilong/Emergency/49.wav,unknown,0.93359375,0.0,0.06640625,0.93359375,"[-128, -111, 111]",False,,,,,,,,,,,,,0.049875001423060894,1.2609160039573908,0.7524170214310288,2.0721660694107413
1363,Zilong,movement,unavailable_in_sd_path,0,intent_directory,/Users/zilongzeng/Research/DroneControl/user_study_v4/Zilong/Movement/0.wav,Zilong/Movement/0.wav,movement,0.99609375,0.0,0.99609375,0.0,"[-128, 127, -128]",True,,,,,,,,,,,,,0.08104206062853336,1.5224169474095106,0.615042052231729,2.227916964329779
1364,Zilong,movement,unavailable_in_sd_path,1,intent_directory,/Users/zilongzeng/Research/DroneControl/user_study_v4/Zilong/Movement/1.wav,Zilong/Movement/1.wav,movement,0.99609375,0.00390625,0.99609375,0.0,"[-127, 127, -128]",True,,,,,,,,,,,,,0.08466700091958046,1.2805419974029064,0.6069999653846025,1.9809580408036709
1365,Zilong,movement,unavailable_in_sd_path,2,intent_directory,/Users/zilongzeng/Research/DroneControl/user_study_v4/Zilong/Movement/2.wav,Zilong/Movement/2.wav,movement,0.99609375,0.0,0.99609375,0.0,"[-128, 127, -128]",True,,,,,,,,,,,,,0.05554209928959608,1.330292085185647,0.710124964825809,2.104290993884206
1366,Zilong,movement,unavailable_in_sd_path,3,intent_directory,/Users/zilongzeng/Research/DroneControl/user_study_v4/Zilong/Movement/3.wav,Zilong/Movement/3.wav,movement,0.99609375,0.0,0.99609375,0.0,"[-128, 127, -128]",True,,,,,,,,,,,,,0.0826249597594142,1.4639169676229358,0.6982499035075307,2.2580840159207582
1367,Zilong,movement,unavailable_in_sd_path,4,intent_directory,/Users/zilongzeng/Research/DroneControl/user_study_v4/Zilong/Movement/4.wav,Zilong/Movement/4.wav,movement,0.99609375,0.0,0.99609375,0.0,"[-128, 127, -128]",True,,,,,,,,,,,,,0.06849993951618671,1.2568339006975293,0.6513330154120922,1.9879169994965196
1368,Zilong,movement,unavailable_in_sd_path,5,intent_directory,/Users/zilongzeng/Research/DroneControl/user_study_v4/Zilong/Movement/5.wav,Zilong/Movement/5.wav,movement,0.99609375,0.0,0.99609375,0.0,"[-128, 127, -128]",True,,,,,,,,,,,,,0.06879097782075405,1.4794579474255443,0.7197910454124212,2.281291992403567
1369,Zilong,movement,unavailable_in_sd_path,6,intent_directory,/Users/zilongzeng/Research/DroneControl/user_study_v4/Zilong/Movement/6.wav,Zilong/Movement/6.wav,movement,0.99609375,0.0,0.99609375,0.0,"[-128, 127, -128]",True,,,,,,,,,,,,,0.06400002166628838,1.326541998423636,0.6589579861611128,2.056458033621311
1370,Zilong,movement,unavailable_in_sd_path,7,intent_directory,/Users/zilongzeng/Research/DroneControl/user_study_v4/Zilong/Movement/7.wav,Zilong/Movement/7.wav,movement,0.83984375,0.05078125,0.83984375,0.11328125,"[-115, 87, -99]",True,,,,,,,,,,,,,0.05620799493044615,1.4333330327644944,0.7624580757692456,2.2617089562118053
1371,Zilong,movement,unavailable_in_sd_path,8,intent_directory,/Users/zilongzeng/Research/DroneControl/user_study_v4/Zilong/Movement/8.wav,Zilong/Movement/8.wav,movement,0.99609375,0.0,0.99609375,0.0,"[-128, 127, -128]",True,,,,,,,,,,,,,0.07054198067635298,1.4235000126063824,0.7590000750496984,2.2668340243399143
1372,Zilong,movement,unavailable_in_sd_path,9,intent_directory,/Users/zilongzeng/Research/DroneControl/user_study_v4/Zilong/Movement/9.wav,Zilong/Movement/9.wav,movement,0.99609375,0.0,0.99609375,0.0,"[-128, 127, -128]",True,,,,,,,,,,,,,0.09574997238814831,1.5420839190483093,0.747708952985704,2.3952500196173787
1373,Zilong,movement,unavailable_in_sd_path,10,intent_directory,/Users/zilongzeng/Research/DroneControl/user_study_v4/Zilong/Movement/10.wav,Zilong/Movement/10.wav,movement,0.99609375,0.0,0.99609375,0.0,"[-128, 127, -128]",True,,,,,,,,,,,,,0.09495799895375967,1.4342500362545252,0.734040979295969,2.2709170589223504
1374,Zilong,movement,unavailable_in_sd_path,11,intent_directory,/Users/zilongzeng/Research/DroneControl/user_study_v4/Zilong/Movement/11.wav,Zilong/Movement/11.wav,movement,0.99609375,0.0,0.99609375,0.0,"[-128, 127, -128]",True,,,,,,,,,,,,,0.06858306005597115,1.55624991748482,0.719917006790638,2.3721669567748904
1375,Zilong,movement,unavailable_in_sd_path,12,intent_directory,/Users/zilongzeng/Research/DroneControl/user_study_v4/Zilong/Movement/12.wav,Zilong/Movement/12.wav,movement,0.99609375,0.0,0.99609375,0.0,"[-128, 127, -128]",True,,,,,,,,,,,,,0.10683306027203798,1.4415410114452243,0.7029999978840351,2.294708974659443
1376,Zilong,movement,unavailable_in_sd_path,13,intent_directory,/Users/zilongzeng/Research/DroneControl/user_study_v4/Zilong/Movement/13.wav,Zilong/Movement/13.wav,movement,0.99609375,0.0,0.99609375,0.0,"[-128, 127, -128]",True,,,,,,,,,,,,,0.05137501284480095,1.2714579934254289,0.6638329941779375,1.9959169439971447
1377,Zilong,movement,unavailable_in_sd_path,14,intent_directory,/Users/zilongzeng/Research/DroneControl/user_study_v4/Zilong/Movement/14.wav,Zilong/Movement/14.wav,movement,0.99609375,0.0,0.99609375,0.0,"[-128, 127, -128]",True,,,,,,,,,,,,,0.095625058747828,1.3009579852223396,0.7193749770522118,2.1277921041473746
1378,Zilong,movement,unavailable_in_sd_path,15,intent_directory,/Users/zilongzeng/Research/DroneControl/user_study_v4/Zilong/Movement/15.wav,Zilong/Movement/15.wav,movement,0.99609375,0.0,0.99609375,0.0,"[-128, 127, -128]",True,,,,,,,,,,,,,0.07545796688646078,1.5385419828817248,0.665250001475215,2.286750008352101
1379,Zilong,movement,unavailable_in_sd_path,16,intent_directory,/Users/zilongzeng/Research/DroneControl/user_study_v4/Zilong/Movement/16.wav,Zilong/Movement/16.wav,movement,0.99609375,0.0,0.99609375,0.0,"[-128, 127, -128]",True,,,,,,,,,,,,,0.05408399738371372,1.253875088877976,0.784417032264173,2.100166049785912
1380,Zilong,movement,unavailable_in_sd_path,17,intent_directory,/Users/zilongzeng/Research/DroneControl/user_study_v4/Zilong/Movement/17.wav,Zilong/Movement/17.wav,movement,0.99609375,0.0,0.99609375,0.0,"[-128, 127, -128]",True,,,,,,,,,,,,,0.04824995994567871,1.2069579679518938,0.6307500880211592,1.8942500464618206
1381,Zilong,movement,unavailable_in_sd_path,18,intent_directory,/Users/zilongzeng/Research/DroneControl/user_study_v4/Zilong/Movement/18.wav,Zilong/Movement/18.wav,movement,0.99609375,0.0,0.99609375,0.0,"[-128, 127, -128]",True,,,,,,,,,,,,,0.08987495675683022,1.3379160081967711,0.7375000277534127,2.1753329783678055
1382,Zilong,movement,unavailable_in_sd_path,19,intent_directory,/Users/zilongzeng/Research/DroneControl/user_study_v4/Zilong/Movement/19.wav,Zilong/Movement/19.wav,movement,0.99609375,0.0,0.99609375,0.0,"[-128, 127, -128]",True,,,,,,,,,,,,,0.0671660527586937,1.353000057861209,0.7172499317675829,2.1568750962615013
1383,Zilong,movement,unavailable_in_sd_path,20,intent_directory,/Users/zilongzeng/Research/DroneControl/user_study_v4/Zilong/Movement/20.wav,Zilong/Movement/20.wav,movement,0.99609375,0.0,0.99609375,0.0,"[-128, 127, -128]",True,,,,,,,,,,,,,0.07637497037649155,1.299666939303279,0.6719169905409217,2.0584160229191184
1384,Zilong,movement,unavailable_in_sd_path,21,intent_directory,/Users/zilongzeng/Research/DroneControl/user_study_v4/Zilong/Movement/21.wav,Zilong/Movement/21.wav,movement,0.99609375,0.0,0.99609375,0.0,"[-128, 127, -128]",True,,,,,,,,,,,,,0.04612503107637167,1.2375001097097993,0.6486250786110759,1.9404999911785126
1385,Zilong,movement,unavailable_in_sd_path,22,intent_directory,/Users/zilongzeng/Research/DroneControl/user_study_v4/Zilong/Movement/22.wav,Zilong/Movement/22.wav,movement,0.99609375,0.0,0.99609375,0.0,"[-128, 127, -128]",True,,,,,,,,,,,,,0.07149996235966682,1.380832982249558,0.7437079912051558,2.206707955338061
1386,Zilong,movement,unavailable_in_sd_path,23,intent_directory,/Users/zilongzeng/Research/DroneControl/user_study_v4/Zilong/Movement/23.wav,Zilong/Movement/23.wav,movement,0.99609375,0.0,0.99609375,0.0,"[-128, 127, -128]",True,,,,,,,,,,,,,0.08154194802045822,1.5230410499498248,0.7837919984012842,2.399791032075882
1387,Zilong,movement,unavailable_in_sd_path,24,intent_directory,/Users/zilongzeng/Research/DroneControl/user_study_v4/Zilong/Movement/24.wav,Zilong/Movement/24.wav,movement,0.99609375,0.0,0.99609375,0.0,"[-128, 127, -128]",True,,,,,,,,,,,,,0.08870800957083702,1.2552919797599316,0.6391659844666719,1.990000018849969
1388,Zilong,movement,unavailable_in_sd_path,25,intent_directory,/Users/zilongzeng/Research/DroneControl/user_study_v4/Zilong/Movement/25.wav,Zilong/Movement/25.wav,movement,0.99609375,0.0,0.99609375,0.0,"[-128, 127, -128]",True,,,,,,,,,,,,,0.043584033846855164,1.2477920390665531,0.6311249453574419,1.9309580093249679
1389,Zilong,movement,unavailable_in_sd_path,26,intent_directory,/Users/zilongzeng/Research/DroneControl/user_study_v4/Zilong/Movement/26.wav,Zilong/Movement/26.wav,movement,0.99609375,0.0,0.99609375,0.0,"[-128, 127, -128]",True,,,,,,,,,,,,,0.07049995474517345,1.3407910009846091,0.6216670153662562,2.0390419522300363
1390,Zilong,movement,unavailable_in_sd_path,27,intent_directory,/Users/zilongzeng/Research/DroneControl/user_study_v4/Zilong/Movement/27.wav,Zilong/Movement/27.wav,movement,0.99609375,0.0,0.99609375,0.0,"[-128, 127, -128]",True,,,,,,,,,,,,,0.04075001925230026,1.2992499396204948,0.8299999171867967,2.183249918743968
1391,Zilong,movement,unavailable_in_sd_path,28,intent_directory,/Users/zilongzeng/Research/DroneControl/user_study_v4/Zilong/Movement/28.wav,Zilong/Movement/28.wav,movement,0.99609375,0.0,0.99609375,0.0,"[-128, 127, -128]",True,,,,,,,,,,,,,0.10108307469636202,1.3665000442415476,0.6355419754981995,2.109833061695099
1392,Zilong,movement,unavailable_in_sd_path,29,intent_directory,/Users/zilongzeng/Research/DroneControl/user_study_v4/Zilong/Movement/29.wav,Zilong/Movement/29.wav,movement,0.99609375,0.0,0.99609375,0.0,"[-128, 127, -128]",True,,,,,,,,,,,,,0.04216702654957771,1.1972499778494239,0.637791003100574,1.8860420677810907
1393,Zilong,movement,unavailable_in_sd_path,30,intent_directory,/Users/zilongzeng/Research/DroneControl/user_study_v4/Zilong/Movement/30.wav,Zilong/Movement/30.wav,movement,0.953125,0.046875,0.953125,0.0,"[-116, 116, -128]",True,,,,,,,,,,,,,0.07179100066423416,1.4982910361140966,0.7258330006152391,2.305916976183653
1394,Zilong,movement,unavailable_in_sd_path,31,intent_directory,/Users/zilongzeng/Research/DroneControl/user_study_v4/Zilong/Movement/31.wav,Zilong/Movement/31.wav,movement,0.99609375,0.0,0.99609375,0.0,"[-128, 127, -128]",True,,,,,,,,,,,,,0.08000002708286047,1.4309169491752982,0.6603329675272107,2.177583985030651
1395,Zilong,movement,unavailable_in_sd_path,32,intent_directory,/Users/zilongzeng/Research/DroneControl/user_study_v4/Zilong/Movement/32.wav,Zilong/Movement/32.wav,movement,0.99609375,0.0,0.99609375,0.0,"[-128, 127, -128]",True,,,,,,,,,,,,,0.061458093114197254,1.3607500586658716,0.6425000028684735,2.072624978609383
1396,Zilong,movement,unavailable_in_sd_path,33,intent_directory,/Users/zilongzeng/Research/DroneControl/user_study_v4/Zilong/Movement/33.wav,Zilong/Movement/33.wav,emergency,0.76953125,0.76953125,0.23046875,0.0,"[69, -69, -128]",False,,,,,,,,,,,,,0.053750001825392246,1.297708018682897,0.7063749944791198,2.0671250531449914
1397,Zilong,movement,unavailable_in_sd_path,34,intent_directory,/Users/zilongzeng/Research/DroneControl/user_study_v4/Zilong/Movement/34.wav,Zilong/Movement/34.wav,movement,0.99609375,0.0,0.99609375,0.0,"[-128, 127, -128]",True,,,,,,,,,,,,,0.07366703357547522,1.2512500397861004,0.734749948605895,2.0706249633803964
1398,Zilong,movement,unavailable_in_sd_path,35,intent_directory,/Users/zilongzeng/Research/DroneControl/user_study_v4/Zilong/Movement/35.wav,Zilong/Movement/35.wav,movement,0.99609375,0.0,0.99609375,0.0,"[-128, 127, -128]",True,,,,,,,,,,,,,0.09400001727044582,1.4595409156754613,0.7663749856874347,2.329000039026141
1399,Zilong,movement,unavailable_in_sd_path,36,intent_directory,/Users/zilongzeng/Research/DroneControl/user_study_v4/Zilong/Movement/36.wav,Zilong/Movement/36.wav,movement,0.99609375,0.0,0.99609375,0.0,"[-128, 127, -128]",True,,,,,,,,,,,,,0.06554101128131151,1.3470830162987113,0.7217499660328031,2.142125042155385
1400,Zilong,movement,unavailable_in_sd_path,37,intent_directory,/Users/zilongzeng/Research/DroneControl/user_study_v4/Zilong/Movement/37.wav,Zilong/Movement/37.wav,movement,0.99609375,0.0,0.99609375,0.0,"[-128, 127, -128]",True,,,,,,,,,,,,,0.06674998439848423,1.1551249772310257,0.72975002694875,1.9594170153141022
1401,Zilong,movement,unavailable_in_sd_path,38,intent_directory,/Users/zilongzeng/Research/DroneControl/user_study_v4/Zilong/Movement/38.wav,Zilong/Movement/38.wav,movement,0.99609375,0.0,0.99609375,0.0,"[-128, 127, -128]",True,,,,,,,,,,,,,0.05358399357646704,1.4258750015869737,0.730458996258676,2.220166032202542
1402,Zilong,movement,unavailable_in_sd_path,39,intent_directory,/Users/zilongzeng/Research/DroneControl/user_study_v4/Zilong/Movement/39.wav,Zilong/Movement/39.wav,movement,0.99609375,0.0,0.99609375,0.0,"[-128, 127, -128]",True,,,,,,,,,,,,,0.10241707786917686,1.3441669289022684,0.6922499742358923,2.1448329789564013
1403,Zilong,movement,unavailable_in_sd_path,40,intent_directory,/Users/zilongzeng/Research/DroneControl/user_study_v4/Zilong/Movement/40.wav,Zilong/Movement/40.wav,movement,0.99609375,0.0,0.99609375,0.0,"[-128, 127, -128]",True,,,,,,,,,,,,,0.05004194099456072,1.3442919589579105,0.6783339194953442,2.079124911688268
1404,Zilong,movement,unavailable_in_sd_path,41,intent_directory,/Users/zilongzeng/Research/DroneControl/user_study_v4/Zilong/Movement/41.wav,Zilong/Movement/41.wav,movement,0.99609375,0.0,0.99609375,0.0,"[-128, 127, -128]",True,,,,,,,,,,,,,0.06812496576458216,1.1772080324590206,0.716665992513299,1.9691670313477516
1405,Zilong,movement,unavailable_in_sd_path,42,intent_directory,/Users/zilongzeng/Research/DroneControl/user_study_v4/Zilong/Movement/42.wav,Zilong/Movement/42.wav,movement,0.99609375,0.0,0.99609375,0.0,"[-128, 127, -128]",True,,,,,,,,,,,,,0.05124998278915882,1.4764589723199606,0.7395000429823995,2.2798330755904317
1406,Zilong,movement,unavailable_in_sd_path,43,intent_directory,/Users/zilongzeng/Research/DroneControl/user_study_v4/Zilong/Movement/43.wav,Zilong/Movement/43.wav,movement,0.99609375,0.0,0.99609375,0.0,"[-128, 127, -128]",True,,,,,,,,,,,,,0.11587503831833601,1.4335829764604568,0.6482499884441495,2.2064169170334935
1407,Zilong,movement,unavailable_in_sd_path,44,intent_directory,/Users/zilongzeng/Research/DroneControl/user_study_v4/Zilong/Movement/44.wav,Zilong/Movement/44.wav,movement,0.5,0.0,0.5,0.5,"[-128, 0, 0]",True,,,,,,,,,,,,,0.057750032283365726,1.6285829478874803,0.6503750337287784,2.3427921114489436
1408,Zilong,movement,unavailable_in_sd_path,45,intent_directory,/Users/zilongzeng/Research/DroneControl/user_study_v4/Zilong/Movement/45.wav,Zilong/Movement/45.wav,movement,0.734375,0.26953125,0.734375,0.0,"[-59, 60, -128]",True,,,,,,,,,,,,,0.05949998740106821,1.264750026166439,0.6767089944332838,2.009832998737693
1409,Zilong,movement,unavailable_in_sd_path,46,intent_directory,/Users/zilongzeng/Research/DroneControl/user_study_v4/Zilong/Movement/46.wav,Zilong/Movement/46.wav,unknown,0.99609375,0.0,0.0,0.99609375,"[-128, -128, 127]",False,,,,,,,,,,,,,0.04783296026289463,1.3795000268146396,0.7519170176237822,2.1895839599892497
1410,Zilong,movement,unavailable_in_sd_path,47,intent_directory,/Users/zilongzeng/Research/DroneControl/user_study_v4/Zilong/Movement/47.wav,Zilong/Movement/47.wav,movement,0.99609375,0.0,0.99609375,0.0,"[-128, 127, -128]",True,,,,,,,,,,,,,0.09495893027633429,1.3680419651791453,0.6227499106898904,2.0932910265401006
1411,Zilong,movement,unavailable_in_sd_path,48,intent_directory,/Users/zilongzeng/Research/DroneControl/user_study_v4/Zilong/Movement/48.wav,Zilong/Movement/48.wav,movement,0.99609375,0.0,0.99609375,0.0,"[-128, 127, -128]",True,,,,,,,,,,,,,0.05083309952169657,1.2692500604316592,0.6406250176951289,1.9697078969329596
1412,Zilong,movement,unavailable_in_sd_path,49,intent_directory,/Users/zilongzeng/Research/DroneControl/user_study_v4/Zilong/Movement/49.wav,Zilong/Movement/49.wav,movement,0.99609375,0.0,0.99609375,0.0,"[-128, 127, -128]",True,,,,,,,,,,,,,0.06499991286545992,1.2825409648939967,0.6798750255256891,2.03699991106987
1413,Zilong,unknown,unavailable_in_sd_path,0,intent_directory,/Users/zilongzeng/Research/DroneControl/user_study_v4/Zilong/Unknown/0.wav,Zilong/Unknown/0.wav,unknown,0.99609375,0.0,0.0,0.99609375,"[-128, -128, 127]",True,,,,,,,,,,,,,0.04766706842929125,1.2929579243063927,0.7882909849286079,2.1450419444590807
1414,Zilong,unknown,unavailable_in_sd_path,1,intent_directory,/Users/zilongzeng/Research/DroneControl/user_study_v4/Zilong/Unknown/1.wav,Zilong/Unknown/1.wav,unknown,0.99609375,0.0,0.0,0.99609375,"[-128, -128, 127]",True,,,,,,,,,,,,,0.10316702537238598,1.2156669981777668,0.6736660143360496,2.0006250124424696
1415,Zilong,unknown,unavailable_in_sd_path,2,intent_directory,/Users/zilongzeng/Research/DroneControl/user_study_v4/Zilong/Unknown/2.wav,Zilong/Unknown/2.wav,unknown,0.99609375,0.0,0.0,0.99609375,"[-128, -128, 127]",True,,,,,,,,,,,,,0.05266594234853983,1.3481249334290624,0.6394999800249934,2.047708025202155
1416,Zilong,unknown,unavailable_in_sd_path,3,intent_directory,/Users/zilongzeng/Research/DroneControl/user_study_v4/Zilong/Unknown/3.wav,Zilong/Unknown/3.wav,unknown,0.99609375,0.0,0.0,0.99609375,"[-128, -128, 127]",True,,,,,,,,,,,,,0.05508295726031065,1.3445839285850525,0.769625068642199,2.1844999864697456
1417,Zilong,unknown,unavailable_in_sd_path,4,intent_directory,/Users/zilongzeng/Research/DroneControl/user_study_v4/Zilong/Unknown/4.wav,Zilong/Unknown/4.wav,unknown,0.99609375,0.0,0.0,0.99609375,"[-128, -128, 127]",True,,,,,,,,,,,,,0.069082947447896,1.3738329289481044,0.7272079819813371,2.1792090265080333
1418,Zilong,unknown,unavailable_in_sd_path,5,intent_directory,/Users/zilongzeng/Research/DroneControl/user_study_v4/Zilong/Unknown/5.wav,Zilong/Unknown/5.wav,unknown,0.99609375,0.0,0.0,0.99609375,"[-128, -128, 127]",True,,,,,,,,,,,,,0.08891697507351637,1.294290996156633,0.7619999814778566,2.154291025362909
1419,Zilong,unknown,unavailable_in_sd_path,6,intent_directory,/Users/zilongzeng/Research/DroneControl/user_study_v4/Zilong/Unknown/6.wav,Zilong/Unknown/6.wav,unknown,0.99609375,0.0,0.0,0.99609375,"[-128, -128, 127]",True,,,,,,,,,,,,,0.053833937272429466,1.1995000531896949,0.6149589316919446,1.8752500182017684
1420,Zilong,unknown,unavailable_in_sd_path,7,intent_directory,/Users/zilongzeng/Research/DroneControl/user_study_v4/Zilong/Unknown/7.wav,Zilong/Unknown/7.wav,unknown,0.99609375,0.0,0.0,0.99609375,"[-128, -128, 127]",True,,,,,,,,,,,,,0.05237490404397249,1.202792045660317,0.6971659604460001,1.9590830197557807
1421,Zilong,unknown,unavailable_in_sd_path,8,intent_directory,/Users/zilongzeng/Research/DroneControl/user_study_v4/Zilong/Unknown/8.wav,Zilong/Unknown/8.wav,unknown,0.99609375,0.0,0.0,0.99609375,"[-128, -128, 127]",True,,,,,,,,,,,,,0.046375091187655926,1.2413329677656293,0.6293330807238817,1.9224169664084911
1422,Zilong,unknown,unavailable_in_sd_path,9,intent_directory,/Users/zilongzeng/Research/DroneControl/user_study_v4/Zilong/Unknown/9.wav,Zilong/Unknown/9.wav,unknown,0.99609375,0.0,0.0,0.99609375,"[-128, -128, 127]",True,,,,,,,,,,,,,0.04125002305954695,1.171375042758882,0.7481250213459134,1.9731250358745456
1423,Zilong,unknown,unavailable_in_sd_path,10,intent_directory,/Users/zilongzeng/Research/DroneControl/user_study_v4/Zilong/Unknown/10.wav,Zilong/Unknown/10.wav,unknown,0.99609375,0.0,0.0,0.99609375,"[-128, -128, 127]",True,,,,,,,,,,,,,0.09650003630667925,1.2966669164597988,0.6660830695182085,2.0663749892264605
1424,Zilong,unknown,unavailable_in_sd_path,11,intent_directory,/Users/zilongzeng/Research/DroneControl/user_study_v4/Zilong/Unknown/11.wav,Zilong/Unknown/11.wav,unknown,0.99609375,0.0,0.0,0.99609375,"[-128, -128, 127]",True,,,,,,,,,,,,,0.05883409176021814,1.3213749043643475,0.7593340706080198,2.151833032257855
1425,Zilong,unknown,unavailable_in_sd_path,12,intent_directory,/Users/zilongzeng/Research/DroneControl/user_study_v4/Zilong/Unknown/12.wav,Zilong/Unknown/12.wav,unknown,0.99609375,0.0,0.0,0.99609375,"[-128, -128, 127]",True,,,,,,,,,,,,,0.0617919722571969,1.3845829525962472,0.6694170879200101,2.123291022144258
1426,Zilong,unknown,unavailable_in_sd_path,13,intent_directory,/Users/zilongzeng/Research/DroneControl/user_study_v4/Zilong/Unknown/13.wav,Zilong/Unknown/13.wav,unknown,0.99609375,0.0,0.0,0.99609375,"[-128, -128, 127]",True,,,,,,,,,,,,,0.05341600626707077,1.3000830076634884,0.6864169845357537,2.0473749609664083
1427,Zilong,unknown,unavailable_in_sd_path,14,intent_directory,/Users/zilongzeng/Research/DroneControl/user_study_v4/Zilong/Unknown/14.wav,Zilong/Unknown/14.wav,unknown,0.99609375,0.0,0.0,0.99609375,"[-128, -128, 127]",True,,,,,,,,,,,,,0.09291700553148985,1.319417031481862,0.6353330099955201,2.0530830370262265
1428,Zilong,unknown,unavailable_in_sd_path,15,intent_directory,/Users/zilongzeng/Research/DroneControl/user_study_v4/Zilong/Unknown/15.wav,Zilong/Unknown/15.wav,unknown,0.99609375,0.0,0.0,0.99609375,"[-128, -128, 127]",True,,,,,,,,,,,,,0.041458988562226295,1.2242919765412807,0.7670409977436066,2.0413330057635903
1429,Zilong,unknown,unavailable_in_sd_path,16,intent_directory,/Users/zilongzeng/Research/DroneControl/user_study_v4/Zilong/Unknown/16.wav,Zilong/Unknown/16.wav,unknown,0.99609375,0.0,0.0,0.99609375,"[-128, -128, 127]",True,,,,,,,,,,,,,0.046874978579580784,1.401207991875708,0.7052499568089843,2.161709009669721
1430,Zilong,unknown,unavailable_in_sd_path,17,intent_directory,/Users/zilongzeng/Research/DroneControl/user_study_v4/Zilong/Unknown/17.wav,Zilong/Unknown/17.wav,unknown,0.99609375,0.0,0.0,0.99609375,"[-128, -128, 127]",True,,,,,,,,,,,,,0.07229193579405546,1.1985840974375606,0.6764999125152826,1.9552080193534493
1431,Zilong,unknown,unavailable_in_sd_path,18,intent_directory,/Users/zilongzeng/Research/DroneControl/user_study_v4/Zilong/Unknown/18.wav,Zilong/Unknown/18.wav,unknown,0.99609375,0.0,0.0,0.99609375,"[-128, -128, 127]",True,,,,,,,,,,,,,0.06562494672834873,1.3372090179473162,0.6415409734472632,2.0512909395620227
1432,Zilong,unknown,unavailable_in_sd_path,19,intent_directory,/Users/zilongzeng/Research/DroneControl/user_study_v4/Zilong/Unknown/19.wav,Zilong/Unknown/19.wav,unknown,0.99609375,0.0,0.0,0.99609375,"[-128, -128, 127]",True,,,,,,,,,,,,,0.05545897874981165,1.2753329938277602,0.6275830091908574,1.9636660581454635
1433,Zilong,unknown,unavailable_in_sd_path,20,intent_directory,/Users/zilongzeng/Research/DroneControl/user_study_v4/Zilong/Unknown/20.wav,Zilong/Unknown/20.wav,unknown,0.9609375,0.0390625,0.0,0.9609375,"[-118, -128, 118]",True,,,,,,,,,,,,,0.04445808008313179,1.2720839586108923,0.7631250191479921,2.093957969918847
1434,Zilong,unknown,unavailable_in_sd_path,21,intent_directory,/Users/zilongzeng/Research/DroneControl/user_study_v4/Zilong/Unknown/21.wav,Zilong/Unknown/21.wav,unknown,0.99609375,0.0,0.0,0.99609375,"[-128, -128, 127]",True,,,,,,,,,,,,,0.10866706725209951,1.2864170130342245,0.6462080636993051,2.0475409692153335
1435,Zilong,unknown,unavailable_in_sd_path,22,intent_directory,/Users/zilongzeng/Research/DroneControl/user_study_v4/Zilong/Unknown/22.wav,Zilong/Unknown/22.wav,unknown,0.99609375,0.0,0.0,0.99609375,"[-128, -128, 127]",True,,,,,,,,,,,,,0.05012494511902332,1.2724170228466392,0.6560420151799917,1.985333045013249
1436,Zilong,unknown,unavailable_in_sd_path,23,intent_directory,/Users/zilongzeng/Research/DroneControl/user_study_v4/Zilong/Unknown/23.wav,Zilong/Unknown/23.wav,unknown,0.99609375,0.0,0.0,0.99609375,"[-128, -128, 127]",True,,,,,,,,,,,,,0.05166709888726473,1.3122089440003037,0.6385829765349627,2.0089580211788416
1437,Zilong,unknown,unavailable_in_sd_path,24,intent_directory,/Users/zilongzeng/Research/DroneControl/user_study_v4/Zilong/Unknown/24.wav,Zilong/Unknown/24.wav,unknown,0.99609375,0.0,0.0,0.99609375,"[-128, -128, 127]",True,,,,,,,,,,,,,0.04508404526859522,1.4071250334382057,0.7259580306708813,2.1872500656172633
1438,Zilong,unknown,unavailable_in_sd_path,25,intent_directory,/Users/zilongzeng/Research/DroneControl/user_study_v4/Zilong/Unknown/25.wav,Zilong/Unknown/25.wav,unknown,0.99609375,0.0,0.0,0.99609375,"[-128, -128, 127]",True,,,,,,,,,,,,,0.09087508078664541,1.2685830006375909,0.6422500591725111,2.0105839939787984
1439,Zilong,unknown,unavailable_in_sd_path,26,intent_directory,/Users/zilongzeng/Research/DroneControl/user_study_v4/Zilong/Unknown/26.wav,Zilong/Unknown/26.wav,unknown,0.99609375,0.0,0.0,0.99609375,"[-128, -128, 127]",True,,,,,,,,,,,,,0.049042049795389175,1.2635840103030205,0.6247080164030194,1.9446660298854113
1440,Zilong,unknown,unavailable_in_sd_path,27,intent_directory,/Users/zilongzeng/Research/DroneControl/user_study_v4/Zilong/Unknown/27.wav,Zilong/Unknown/27.wav,unknown,0.99609375,0.0,0.0,0.99609375,"[-128, -128, 127]",True,,,,,,,,,,,,,0.059582991525530815,1.200290978886187,0.6687500281259418,1.9380419980734587
1441,Zilong,unknown,unavailable_in_sd_path,28,intent_directory,/Users/zilongzeng/Research/DroneControl/user_study_v4/Zilong/Unknown/28.wav,Zilong/Unknown/28.wav,unknown,0.99609375,0.0,0.0,0.99609375,"[-128, -128, 127]",True,,,,,,,,,,,,,0.043874955736100674,1.2265000259503722,0.6159170297905803,1.8938339781016111
1442,Zilong,unknown,unavailable_in_sd_path,29,intent_directory,/Users/zilongzeng/Research/DroneControl/user_study_v4/Zilong/Unknown/29.wav,Zilong/Unknown/29.wav,unknown,0.99609375,0.0,0.0,0.99609375,"[-128, -128, 127]",True,,,,,,,,,,,,,0.06904103793203831,1.228415989317,0.6430409848690033,1.9476250745356083
1443,Zilong,unknown,unavailable_in_sd_path,30,intent_directory,/Users/zilongzeng/Research/DroneControl/user_study_v4/Zilong/Unknown/30.wav,Zilong/Unknown/30.wav,unknown,0.99609375,0.0,0.0,0.99609375,"[-128, -128, 127]",True,,,,,,,,,,,,,0.0415419926866889,1.396500039845705,0.6389579502865672,2.083500032313168
1444,Zilong,unknown,unavailable_in_sd_path,31,intent_directory,/Users/zilongzeng/Research/DroneControl/user_study_v4/Zilong/Unknown/31.wav,Zilong/Unknown/31.wav,unknown,0.99609375,0.0,0.0,0.99609375,"[-128, -128, 127]",True,,,,,,,,,,,,,0.052749994210898876,1.2438339181244373,0.6752080516889691,1.978041953407228
1445,Zilong,unknown,unavailable_in_sd_path,32,intent_directory,/Users/zilongzeng/Research/DroneControl/user_study_v4/Zilong/Unknown/32.wav,Zilong/Unknown/32.wav,emergency,0.99609375,0.99609375,0.00390625,0.0,"[127, -127, -128]",False,,,,,,,,,,,,,0.04316610284149647,1.2964580673724413,0.7678749971091747,2.116416930221021
1446,Zilong,unknown,unavailable_in_sd_path,33,intent_directory,/Users/zilongzeng/Research/DroneControl/user_study_v4/Zilong/Unknown/33.wav,Zilong/Unknown/33.wav,unknown,0.99609375,0.0,0.0,0.99609375,"[-128, -128, 127]",True,,,,,,,,,,,,,0.07854204159229994,1.1997499968856573,0.6469999207183719,1.931832986883819
1447,Zilong,unknown,unavailable_in_sd_path,34,intent_directory,/Users/zilongzeng/Research/DroneControl/user_study_v4/Zilong/Unknown/34.wav,Zilong/Unknown/34.wav,unknown,0.99609375,0.0,0.0,0.99609375,"[-128, -128, 127]",True,,,,,,,,,,,,,0.0576250022277236,1.3158750953152776,0.6543750641867518,2.0343749783933163
1448,Zilong,unknown,unavailable_in_sd_path,35,intent_directory,/Users/zilongzeng/Research/DroneControl/user_study_v4/Zilong/Unknown/35.wav,Zilong/Unknown/35.wav,unknown,0.99609375,0.0,0.0,0.99609375,"[-128, -128, 127]",True,,,,,,,,,,,,,0.048874993808567524,1.2642499059438705,0.6412499351426959,1.9617090001702309
1449,Zilong,unknown,unavailable_in_sd_path,36,intent_directory,/Users/zilongzeng/Research/DroneControl/user_study_v4/Zilong/Unknown/36.wav,Zilong/Unknown/36.wav,unknown,0.99609375,0.0,0.0,0.99609375,"[-128, -128, 127]",True,,,,,,,,,,,,,0.05545897874981165,1.2589580146595836,0.7942500524222851,2.1207500249147415
1450,Zilong,unknown,unavailable_in_sd_path,37,intent_directory,/Users/zilongzeng/Research/DroneControl/user_study_v4/Zilong/Unknown/37.wav,Zilong/Unknown/37.wav,unknown,0.99609375,0.0,0.0,0.99609375,"[-128, -128, 127]",True,,,,,,,,,,,,,0.0849999487400055,1.336958957836032,0.6484169280156493,2.0764999790117145
1451,Zilong,unknown,unavailable_in_sd_path,38,intent_directory,/Users/zilongzeng/Research/DroneControl/user_study_v4/Zilong/Unknown/38.wav,Zilong/Unknown/38.wav,unknown,0.99609375,0.0,0.0,0.99609375,"[-128, -128, 127]",True,,,,,,,,,,,,,0.055625103414058685,1.3734999811276793,0.6782079581171274,2.1136660361662507
1452,Zilong,unknown,unavailable_in_sd_path,39,intent_directory,/Users/zilongzeng/Research/DroneControl/user_study_v4/Zilong/Unknown/39.wav,Zilong/Unknown/39.wav,unknown,0.99609375,0.0,0.0,0.99609375,"[-128, -128, 127]",True,,,,,,,,,,,,,0.055165961384773254,1.2540830066427588,0.6902500754222274,2.004917012527585
1453,Zilong,unknown,unavailable_in_sd_path,40,intent_directory,/Users/zilongzeng/Research/DroneControl/user_study_v4/Zilong/Unknown/40.wav,Zilong/Unknown/40.wav,unknown,0.99609375,0.0,0.0,0.99609375,"[-128, -128, 127]",True,,,,,,,,,,,,,0.044208019971847534,1.399582950398326,0.7177090737968683,2.1695418981835246
1454,Zilong,unknown,unavailable_in_sd_path,41,intent_directory,/Users/zilongzeng/Research/DroneControl/user_study_v4/Zilong/Unknown/41.wav,Zilong/Unknown/41.wav,unknown,0.99609375,0.0,0.0,0.99609375,"[-128, -128, 127]",True,,,,,,,,,,,,,0.06612506695091724,1.2837920803576708,0.6555829895660281,2.0124580478295684
1455,Zilong,unknown,unavailable_in_sd_path,42,intent_directory,/Users/zilongzeng/Research/DroneControl/user_study_v4/Zilong/Unknown/42.wav,Zilong/Unknown/42.wav,unknown,0.99609375,0.0,0.0,0.99609375,"[-128, -128, 127]",True,,,,,,,,,,,,,0.06816594395786524,1.1879579396918416,0.6252080202102661,1.8864580197259784
1456,Zilong,unknown,unavailable_in_sd_path,43,intent_directory,/Users/zilongzeng/Research/DroneControl/user_study_v4/Zilong/Unknown/43.wav,Zilong/Unknown/43.wav,unknown,0.99609375,0.0,0.0,0.99609375,"[-128, -128, 127]",True,,,,,,,,,,,,,0.04129100125283003,1.1566659668460488,0.6320839747786522,1.8370000179857016
1457,Zilong,unknown,unavailable_in_sd_path,44,intent_directory,/Users/zilongzeng/Research/DroneControl/user_study_v4/Zilong/Unknown/44.wav,Zilong/Unknown/44.wav,unknown,0.99609375,0.0,0.0,0.99609375,"[-128, -128, 127]",True,,,,,,,,,,,,,0.057750032283365726,1.3857500161975622,0.737000023946166,2.192207961343229
1458,Zilong,unknown,unavailable_in_sd_path,45,intent_directory,/Users/zilongzeng/Research/DroneControl/user_study_v4/Zilong/Unknown/45.wav,Zilong/Unknown/45.wav,unknown,0.99609375,0.0,0.0,0.99609375,"[-128, -128, 127]",True,,,,,,,,,,,,,0.07833295967429876,1.2875000247731805,0.6467079510912299,2.0195409888401628
1459,Zilong,unknown,unavailable_in_sd_path,46,intent_directory,/Users/zilongzeng/Research/DroneControl/user_study_v4/Zilong/Unknown/46.wav,Zilong/Unknown/46.wav,unknown,0.99609375,0.0,0.0,0.99609375,"[-128, -128, 127]",True,,,,,,,,,,,,,0.06408302579075098,1.3178749941289425,0.7003330392763019,2.089667017571628
1460,Zilong,unknown,unavailable_in_sd_path,47,intent_directory,/Users/zilongzeng/Research/DroneControl/user_study_v4/Zilong/Unknown/47.wav,Zilong/Unknown/47.wav,unknown,0.99609375,0.0,0.0,0.99609375,"[-128, -128, 127]",True,,,,,,,,,,,,,0.051625072956085205,1.4540419215336442,0.6307919975370169,2.1452080691233277
1461,Zilong,unknown,unavailable_in_sd_path,48,intent_directory,/Users/zilongzeng/Research/DroneControl/user_study_v4/Zilong/Unknown/48.wav,Zilong/Unknown/48.wav,unknown,0.99609375,0.0,0.0,0.99609375,"[-128, -128, 127]",True,,,,,,,,,,,,,0.08487491868436337,1.2636249884963036,0.714499969035387,2.0705830538645387
1462,Zilong,unknown,unavailable_in_sd_path,49,intent_directory,/Users/zilongzeng/Research/DroneControl/user_study_v4/Zilong/Unknown/49.wav,Zilong/Unknown/49.wav,unknown,0.99609375,0.0,0.0,0.99609375,"[-128, -128, 127]",True,,,,,,,,,,,,,0.06849993951618671,1.1948749888688326,0.6971670081838965,1.969291944988072
